代码,名称,最新价,涨跌额,涨跌幅,买入,卖出,昨收,今开,最高,最低,成交量,成交额,时间戳
bj920000,安徽凤凰,13.56,0.0,0.0,13.53,13.57,13.56,13.46,13.66,13.46,101745.0,1383162.0,10:54:58
bj920001,纬达光电,10.8,-0.13,-1.189,10.78,10.8,10.93,11.05,11.05,10.65,689566.0,7443551.0,10:54:58
bj920002,万达轴承,52.22,0.22,0.423,52.23,52.37,52.0,51.5,53.3,50.91,607275.0,31938074.0,10:54:58
bj920003,中诚咨询,15.13,-0.06,-0.395,15.14,15.17,15.19,15.13,15.41,15.06,107624.0,1631962.0,10:54:58
bj920005,鼎佳精密,22.36,-0.06,-0.268,22.35,22.36,22.42,22.41,22.58,22.22,80957.0,1813890.0,10:54:58
bj920006,晟楠科技,15.12,0.18,1.205,15.02,15.12,14.94,14.84,15.36,14.82,391680.0,5920317.0,10:54:58
bj920007,酉立智能,32.96,0.31,0.949,32.82,32.98,32.65,32.61,33.15,32.36,64749.0,2125578.0,10:54:58
bj920008,成电光信,18.94,0.18,0.959,18.91,18.94,18.76,18.76,19.15,18.52,87470.0,1652997.0,10:54:58
bj920009,丹娜生物,36.08,0.33,0.923,36.08,36.3,35.75,35.5,36.4,35.05,124154.0,4445145.0,10:54:58
bj920010,凯添燃气,8.51,0.15,1.794,8.51,8.53,8.36,8.39,8.73,8.31,2787039.0,23782416.0,10:54:58
bj920011,晨光电机,18.15,0.02,0.11,18.15,18.19,18.13,18.1,18.27,17.9,174203.0,3158369.0,10:54:58
bj920012,创达新材,51.59,-3.38,-6.149,51.54,51.62,54.97,53.93,54.69,50.65,823514.0,42875323.0,10:54:58
bj920014,特瑞斯,8.75,0.13,1.508,8.72,8.75,8.62,8.65,8.83,8.65,584620.0,5131443.0,10:54:58
bj920015,锦华新材,39.37,-0.12,-0.304,39.37,39.38,39.49,39.2,39.88,38.64,532291.0,20939773.0,10:54:58
bj920016,中草香料,12.79,0.12,0.947,12.79,12.82,12.67,12.62,12.83,12.62,175839.0,2246900.0,10:54:58
bj920017,星昊医药,16.26,-0.01,-0.061,16.27,16.29,16.27,16.25,16.44,16.17,778244.0,12711677.0,10:54:58
bj920018,宏远股份,14.75,-0.05,-0.338,14.72,14.74,14.8,14.81,14.89,14.62,290065.0,4279359.0,10:54:58
bj920019,铜冠矿建,14.23,-0.39,-2.668,14.23,14.25,14.62,14.62,14.81,14.23,977382.0,14196017.0,10:54:58
bj920020,泰凯英,15.22,0.04,0.264,15.2,15.22,15.18,15.18,15.26,15.13,97854.0,1486923.0,10:54:58
bj920021,流金科技,6.56,0.11,1.705,6.55,6.56,6.45,6.48,6.61,6.45,3893020.0,25524816.0,10:54:58
bj920022,世昌股份,18.23,0.1,0.552,18.16,18.23,18.13,18.1,18.39,18.04,36856.0,674205.0,10:54:58
bj920023,*ST田野,1.82,0.0,0.0,1.82,1.83,1.82,1.81,1.85,1.81,2007575.0,3687079.0,10:54:58
bj920026,卓兆点胶,20.36,-0.57,-2.723,20.37,20.44,20.93,20.79,20.79,20.19,1393186.0,28488111.0,10:54:58
bj920027,交大铁发,11.46,0.03,0.262,11.46,11.47,11.43,11.4,11.54,11.31,289640.0,3314551.0,10:54:58
bj920028,新恒泰,13.64,-0.01,-0.073,13.62,13.65,13.65,13.62,13.8,13.53,252420.0,3452101.0,10:54:58
bj920029,开发科技,35.05,0.25,0.718,34.97,35.03,34.8,34.6,35.14,34.6,320601.0,11185847.0,10:54:58
bj920030,德众汽车,4.44,0.1,2.304,4.42,4.43,4.34,4.32,4.49,4.32,867120.0,3851564.0,10:54:58
bj920033,康普化学,14.6,-0.06,-0.409,14.62,14.66,14.66,14.9,15.0,14.39,784285.0,11543021.0,10:54:58
bj920035,精创电气,23.34,0.21,0.908,23.34,23.43,23.13,22.95,23.55,22.95,170505.0,3977412.0,10:54:58
bj920036,觅睿科技,28.87,0.27,0.944,28.72,28.92,28.6,28.5,28.99,28.3,151609.0,4352118.0,10:54:58
bj920037,广信科技,40.95,-1.4,-3.306,40.92,40.95,42.35,41.72,41.99,40.82,497306.0,20627679.0,10:54:58
bj920038,森合高科,37.95,-1.35,-3.435,37.95,37.96,39.3,39.45,39.86,37.0,3037834.0,115378744.0,10:54:58
bj920039,国义招标,8.53,-0.02,-0.234,8.48,8.53,8.55,8.53,8.59,8.4,196554.0,1676545.0,10:54:58
bj920045,蘅东光,465.82,15.32,3.401,465.05,465.79,450.5,444.03,471.6,425.0,1309631.0,596240781.0,10:54:58
bj920046,亿能电力,19.72,-0.38,-1.891,19.72,19.74,20.1,19.87,19.99,19.66,882675.0,17489367.0,10:54:58
bj920047,诺思兰德,16.84,-0.04,-0.237,16.83,16.86,16.88,17.02,17.07,16.73,1212374.0,20493791.0,10:54:58
bj920050,爱伦医疗,29.1,0.35,1.217,28.88,29.1,28.75,28.86,29.26,28.52,105818.0,3069384.0,10:54:58
bj920055,隆源股份,26.31,0.2,0.766,26.33,26.39,26.11,26.31,26.45,25.9,78114.0,2052969.0,10:54:58
bj920056,能之光,15.78,0.13,0.831,15.78,15.83,15.65,15.65,15.92,15.65,67645.0,1069023.0,10:54:58
bj920057,百甲科技,4.86,-0.01,-0.205,4.85,4.86,4.87,4.84,4.89,4.77,314367.0,1526598.0,10:54:58
bj920058,华洋赛车,29.18,0.03,0.103,28.83,29.17,29.15,29.0,29.3,28.51,105637.0,3058780.0,10:54:58
bj920059,双英集团,15.18,0.22,1.471,15.18,15.2,14.96,14.76,15.55,14.72,4629903.0,70421549.0,10:54:58
bj920060,万源通,20.64,-0.02,-0.097,20.62,20.67,20.66,20.62,21.04,20.62,557265.0,11580472.0,10:54:58
bj920061,西磁科技,18.06,0.25,1.404,18.06,18.07,17.81,17.78,18.61,17.6,1407855.0,25779726.0,10:54:58
bj920062,科润智控,7.1,-0.05,-0.699,7.09,7.12,7.15,7.08,7.17,7.02,767032.0,5450418.0,10:54:58
bj920065,千岸科技,34.26,1.26,3.818,34.18,34.31,33.0,32.9,34.73,32.64,1509950.0,51216954.0,10:54:58
bj920066,科拜尔,16.93,0.2,1.195,16.92,16.93,16.73,16.72,17.1,16.48,189329.0,3194901.0,10:54:58
bj920068,天工股份,15.5,-0.02,-0.129,15.5,15.51,15.52,15.37,15.9,15.37,878608.0,13757936.0,10:54:58
bj920069,普昂医疗,33.06,-0.12,-0.362,33.04,33.09,33.18,33.14,33.21,32.8,110190.0,3640969.0,10:54:58
bj920072,科莱瑞迪,24.82,0.18,0.731,24.8,24.82,24.64,24.79,24.95,24.47,292958.0,7250992.0,10:54:58
bj920075,柏星龙,15.07,-0.01,-0.066,15.04,15.12,15.08,15.16,15.21,14.95,148445.0,2239201.0,10:54:58
bj920076,国亮新材,12.74,0.06,0.473,12.68,12.74,12.68,12.63,12.78,12.62,101232.0,1286735.0,10:54:58
bj920077,吉林碳谷,13.57,0.11,0.817,13.55,13.58,13.46,13.4,13.65,13.35,1323723.0,17955986.0,10:54:58
bj920078,族兴新材,21.3,-0.19,-0.884,21.23,21.37,21.49,21.0,21.5,20.15,2652339.0,54989892.0,10:54:58
bj920079,乔路铭,13.87,-0.14,-0.999,13.87,13.88,14.01,13.99,13.99,13.76,1402527.0,19437350.0,10:54:58
bj920080,奥美森,20.99,0.24,1.157,20.85,20.99,20.75,20.67,21.1,20.6,58008.0,1215944.0,10:54:58
bj920081,欧伦电气,42.69,1.57,3.818,42.57,42.67,41.12,40.95,43.22,40.63,1135123.0,47748549.0,10:54:58
bj920082,方正阀门,7.84,-0.01,-0.127,7.82,7.84,7.85,7.66,7.93,7.66,339501.0,2655680.0,10:54:58
bj920083,金戈新材,44.8,0.3,0.674,44.79,44.8,44.5,43.0,48.5,43.0,5159891.0,236493234.0,10:54:58
bj920086,科马材料,20.06,0.16,0.804,19.99,20.06,19.9,19.88,20.17,19.8,172109.0,3441864.0,10:54:58
bj920087,秋乐种业,16.8,1.4,9.091,16.87,16.88,15.4,14.8,17.98,14.8,21138790.0,356616782.0,10:54:58
bj920088,科力股份,44.81,0.61,1.38,44.8,44.81,44.2,43.69,46.2,43.54,2965296.0,132920350.0,10:54:58
bj920089,禾昌聚合,9.8,0.03,0.307,9.79,9.82,9.77,9.77,9.88,9.71,336367.0,3299160.0,10:54:58
bj920090,*ST同辉,3.73,-0.06,-1.583,3.72,3.73,3.79,3.79,3.79,3.69,1255506.0,4683625.0,10:54:58
bj920091,大鹏工业,27.89,0.02,0.072,27.8,28.0,27.87,27.33,28.38,27.33,154552.0,4295166.0,10:54:58
bj920092,汉鑫科技,28.0,0.74,2.715,27.87,28.05,27.26,26.6,28.39,26.38,1506996.0,41672503.0,10:54:58
bj920093,信胜科技,19.75,0.36,1.857,19.73,19.75,19.39,19.35,19.88,18.88,3884877.0,75522103.0,10:54:58
bj920096,嘉晨智能,33.02,-0.18,-0.542,33.02,33.1,33.2,33.0,33.36,32.6,330846.0,10894111.0,10:54:58
bj920098,科隆新材,16.53,0.05,0.303,16.54,16.6,16.48,16.36,16.67,16.35,160450.0,2646577.0,10:54:58
bj920099,瑞华技术,17.83,0.07,0.394,17.74,17.83,17.76,17.73,17.9,17.37,188546.0,3344417.0,10:54:58
bj920100,三协电机,31.24,-0.22,-0.699,31.16,31.24,31.46,31.0,31.8,30.7,544553.0,17011391.0,10:54:58
bj920101,志高机械,15.99,0.04,0.251,15.94,15.99,15.95,15.96,16.08,15.9,79274.0,1268369.0,10:54:58
bj920106,林泰新材,34.82,0.09,0.259,34.82,35.03,34.73,34.74,35.29,34.02,213097.0,7390355.0,10:54:58
bj920107,恒兴股份,21.22,0.52,2.512,21.22,21.23,20.7,20.6,21.39,20.6,1378211.0,29057595.0,10:54:58
bj920108,宏海科技,8.87,-0.02,-0.225,8.88,8.9,8.89,8.86,9.02,8.8,109211.0,970979.0,10:54:58
bj920110,雷特科技,25.54,0.13,0.512,25.54,25.68,25.41,25.41,25.78,25.03,19874.0,506324.0,10:54:58
bj920111,聚星科技,28.47,-0.62,-2.131,28.45,28.54,29.09,29.06,29.36,28.39,1452897.0,41750310.0,10:54:58
bj920112,巴兰仕,15.43,0.09,0.587,15.31,15.43,15.34,15.37,15.52,15.22,100308.0,1540551.0,10:54:58
bj920116,星图测控,43.78,0.86,2.004,43.78,43.79,42.92,42.92,44.2,42.67,881605.0,38394032.0,10:54:58
bj920117,龙鑫智能,29.02,-1.11,-3.684,28.91,29.02,30.13,29.8,30.19,28.02,2177977.0,62647520.0,10:54:58
bj920118,太湖远大,20.53,-0.03,-0.146,20.47,20.53,20.56,20.58,20.93,20.39,465126.0,9644814.0,10:55:01
bj920119,美德乐,50.45,-1.07,-2.077,50.32,50.43,51.52,50.83,51.52,49.61,184286.0,9275406.0,10:55:01
bj920121,江天科技,28.45,0.08,0.282,28.38,28.5,28.37,28.33,28.68,28.31,117304.0,3345058.0,10:55:01
bj920122,中纺标,22.01,-0.29,-1.3,21.94,22.02,22.3,22.0,22.35,21.58,323339.0,7100235.0,10:55:01
bj920123,芭薇股份,10.5,0.31,3.042,10.49,10.5,10.19,10.2,10.52,10.16,535991.0,5579228.0,10:55:01
bj920124,南特科技,12.29,0.02,0.163,12.27,12.29,12.27,12.21,12.41,12.17,174738.0,2144929.0,10:55:01
bj920125,鸿仕达,115.42,-4.58,-3.817,115.42,115.87,120.0,117.69,118.0,112.68,641440.0,73754082.0,10:55:01
bj920126,永大股份,9.94,0.07,0.709,9.93,9.94,9.87,9.86,10.01,9.86,479642.0,4777342.0,10:55:01
bj920128,胜业电气,16.99,-0.01,-0.059,16.99,17.03,17.0,16.98,17.22,16.87,158656.0,2707471.0,10:55:01
bj920130,立方控股,16.9,0.27,1.624,16.84,16.9,16.63,16.6,17.08,16.4,818325.0,13793943.0,10:55:01
bj920132,泰鹏智能,8.39,0.14,1.697,8.36,8.39,8.25,8.25,8.47,8.24,217439.0,1822854.0,10:55:01
bj920136,永励精密,20.33,0.1,0.494,20.34,20.38,20.23,20.22,20.42,20.06,366881.0,7424263.0,10:55:01
bj920138,杰理科技,38.1,0.35,0.927,38.08,38.1,37.75,37.15,38.35,37.13,1478173.0,56165910.0,10:55:01
bj920139,华岭股份,14.71,0.01,0.068,14.7,14.72,14.7,14.66,14.86,14.6,845084.0,12474135.0,10:55:01
bj920145,恒合股份,9.7,0.07,0.727,9.62,9.69,9.63,9.61,9.77,9.52,134510.0,1303513.0,10:55:01
bj920146,华阳变速,4.96,0.06,1.224,4.96,4.97,4.9,4.88,4.98,4.84,725596.0,3574620.0,10:55:01
bj920149,旭杰科技,7.73,-0.06,-0.77,7.71,7.72,7.79,7.73,7.94,7.59,724120.0,5628616.0,10:55:01
bj920152,昆工科技,12.62,-0.15,-1.175,12.62,12.71,12.77,12.8,12.87,12.5,243039.0,3083961.0,10:55:01
bj920156,海昌智能,36.98,-0.8,-2.118,36.93,36.98,37.78,37.77,37.77,36.83,487693.0,18086975.0,10:55:01
bj920158,长江能科,8.01,0.05,0.628,8.0,8.01,7.96,7.99,8.1,7.89,433422.0,3485242.0,10:55:01
bj920159,农大科技,29.48,1.01,3.548,29.48,29.5,28.47,28.05,30.46,27.77,1193258.0,35184836.0,10:55:01
bj920160,北矿检测,20.32,-0.05,-0.245,20.33,20.42,20.37,20.37,20.49,20.24,116519.0,2377139.0,10:55:01
bj920161,龙辰科技,26.78,-0.73,-2.654,26.76,26.78,27.51,26.97,27.49,26.69,2126615.0,57422353.0,10:55:01
bj920163,方大新材,11.15,0.3,2.765,11.13,11.16,10.85,11.06,11.24,10.9,244222.0,2713974.0,10:55:01
bj920165,珈凯生物,38.21,2.02,5.582,38.21,38.22,36.19,36.19,38.79,36.05,981210.0,37048783.0,10:55:01
bj920166,海圣医疗,20.26,-0.17,-0.832,20.26,20.33,20.43,20.01,20.55,19.8,186528.0,3752547.0,10:55:01
bj920167,同享科技,14.36,-0.04,-0.278,14.36,14.38,14.4,14.34,14.48,14.21,327983.0,4720397.0,10:55:01
bj920168,通宝光电,14.9,-0.03,-0.201,14.89,14.95,14.93,14.91,14.98,14.85,80205.0,1197362.0,10:55:01
bj920169,七丰精工,19.56,-0.34,-1.709,19.57,19.6,19.9,19.91,20.5,19.33,1716201.0,34104437.0,10:55:01
bj920171,志晟信息,16.13,0.28,1.767,16.1,16.15,15.85,15.71,16.16,15.71,531176.0,8493613.0,10:55:01
bj920174,五新智能,28.63,0.09,0.315,28.62,28.63,28.54,28.78,28.95,28.56,310300.0,8915964.0,10:55:01
bj920175,东方碳素,7.68,0.0,0.0,7.67,7.68,7.68,7.65,7.76,7.63,256544.0,1976592.0,10:55:01
bj920176,维琪科技,62.1,8.61,16.096,61.9,62.1,53.49,53.49,63.66,53.02,1960725.0,114968666.0,10:55:01
bj920177,恒道科技,24.14,0.05,0.208,24.05,24.14,24.09,24.01,24.35,23.97,91715.0,2210010.0,10:55:01
bj920178,锐翔智能,88.11,-5.27,-5.644,88.12,88.56,93.38,92.48,92.48,86.51,525592.0,46862241.0,10:55:01
bj920179,凯德石英,49.13,-2.24,-4.361,49.13,49.3,51.37,50.91,50.91,48.22,1345528.0,66163670.0,10:55:01
bj920180,爱得科技,11.81,0.05,0.425,11.78,11.82,11.76,11.81,11.87,11.73,101907.0,1204347.0,10:55:01
bj920181,赛英电子,74.18,-3.82,-4.897,74.21,74.68,78.0,76.5,77.5,73.51,448817.0,33856972.0,10:55:01
bj920183,海菲曼,27.9,0.15,0.541,27.72,27.85,27.75,27.46,27.97,27.46,28630.0,795471.0,10:55:01
bj920184,国源科技,10.77,0.12,1.127,10.75,10.79,10.65,10.57,10.85,10.57,317757.0,3422607.0,10:55:01
bj920185,贝特瑞,20.86,-0.06,-0.287,20.86,20.87,20.92,20.72,21.02,20.7,2075060.0,43289864.0,10:55:01
bj920186,中科仪,71.38,-2.74,-3.697,71.38,71.48,74.12,73.29,73.4,70.55,1594203.0,114461927.0,10:55:01
bj920187,通领科技,19.03,0.23,1.223,19.0,19.06,18.8,18.97,19.12,18.7,215268.0,4080310.0,10:55:01
bj920188,悦龙科技,21.09,-0.02,-0.095,21.09,21.12,21.11,21.12,21.28,21.0,93823.0,1978298.0,10:55:01
bj920189,康美特,20.56,-0.31,-1.485,20.55,20.56,20.87,20.49,20.76,20.08,1775120.0,36246112.0,10:55:01
bj920190,雷神科技,26.03,1.08,4.329,26.02,26.03,24.95,25.0,26.54,24.81,4368447.0,113001974.0,10:55:01
bj920191,瑞尔竞达,8.47,0.0,0.0,8.47,8.5,8.47,8.46,8.54,8.45,237729.0,2019198.0,10:55:01
bj920193,吉和昌,31.59,-0.44,-1.374,31.59,31.65,32.03,31.6,31.9,30.7,1582569.0,49492657.0,10:55:01
bj920195,三祥科技,12.1,0.1,0.833,12.09,12.11,12.0,12.01,12.12,11.88,155766.0,1879942.0,10:55:01
bj920198,微创光电,7.53,0.08,1.074,7.52,7.54,7.45,7.6,7.6,7.39,362049.0,2727525.0,10:55:01
bj920199,倍益康,25.58,0.81,3.27,25.52,25.56,24.77,25.59,26.1,25.0,972697.0,24941169.0,10:55:01
bj920200,振宏股份,26.58,-0.22,-0.821,26.58,26.68,26.8,26.55,26.8,26.16,345921.0,9154844.0,10:55:01
bj920204,沪江材料,12.53,0.06,0.481,12.51,12.53,12.47,12.4,12.64,12.4,35982.0,451967.0,10:55:01
bj920206,彩客科技,52.28,4.87,10.272,52.28,52.49,47.41,46.0,55.99,45.9,3901680.0,197133990.0,10:55:01
bj920207,众诚科技,20.7,0.05,0.242,20.66,20.7,20.65,20.44,20.81,20.29,473894.0,9786735.0,10:55:01
bj920208,青矩技术,12.13,0.15,1.252,12.13,12.14,11.98,12.03,12.14,11.87,403638.0,4872517.0,10:55:01
bj920211,新睿电子,103.41,0.11,0.106,103.45,104.15,103.3,102.84,104.2,101.3,152353.0,15665592.0,10:55:01
bj920212,智新电子,9.55,0.13,1.38,9.51,9.55,9.42,9.42,9.64,9.42,243034.0,2322632.0,10:55:01
bj920218,新天力,16.34,0.08,0.492,16.34,16.4,16.26,16.2,16.46,16.12,249842.0,4084561.0,10:55:01
bj920220,朗信电气,39.34,0.24,0.614,39.34,39.4,39.1,39.0,39.53,38.81,225838.0,8849723.0,10:55:01
bj920221,易实精密,12.53,0.05,0.401,12.5,12.55,12.48,12.39,12.64,12.29,264922.0,3313836.0,10:55:01
bj920222,益坤电气,24.91,0.23,0.932,24.91,24.98,24.68,24.79,25.18,24.43,367634.0,9115235.0,10:55:01
bj920223,荣亿精密,10.88,-0.21,-1.894,10.87,10.88,11.09,11.09,11.15,10.71,933319.0,10225995.0,10:55:01
bj920225,利通科技,14.5,0.0,0.0,14.51,14.54,14.5,14.51,14.7,14.3,518868.0,7515961.0,10:55:01
bj920227,美登科技,47.2,0.42,0.898,47.2,47.33,46.78,46.42,47.95,46.42,77024.0,3648948.0,10:55:01
bj920230,欧康医药,10.32,0.01,0.097,10.32,10.35,10.31,10.4,10.48,10.31,690526.0,7182235.0,10:55:01
bj920237,力佳科技,11.92,-0.21,-1.731,11.91,11.92,12.13,12.01,12.3,11.9,742366.0,8978495.0,10:55:01
bj920238,长鹰硬科,68.16,-0.63,-0.916,68.08,68.16,68.79,68.02,68.8,66.03,1509741.0,101580091.0,10:55:01
bj920239,长虹能源,21.67,-0.38,-1.723,21.66,21.68,22.05,22.19,22.25,21.56,1095216.0,23918662.0,10:55:01
bj920242,建邦科技,13.67,0.26,1.939,13.57,13.65,13.41,13.54,13.73,13.4,90000.0,1226071.0,10:55:01
bj920245,威博液压,12.66,-0.14,-1.094,12.66,12.73,12.8,12.76,12.85,12.36,209125.0,2661180.0,10:55:01
bj920247,华密新材,13.79,0.04,0.291,13.79,13.8,13.75,13.76,13.93,13.61,688354.0,9520276.0,10:55:01
bj920249,利尔达,9.08,0.01,0.11,9.07,9.08,9.07,9.05,9.15,8.98,1561245.0,14164800.0,10:55:01
bj920252,天宏锂电,15.78,-0.43,-2.653,15.77,15.78,16.21,16.0,16.25,15.75,2087697.0,33309149.0,10:55:01
bj920258,聚仁新材,11.53,0.01,0.087,11.53,11.55,11.52,11.41,11.57,11.36,861425.0,9878585.0,10:55:01
bj920260,中寰股份,7.82,-0.01,-0.128,7.82,7.83,7.83,7.83,7.89,7.79,167665.0,1314722.0,10:55:01
bj920261,一诺威,13.67,0.09,0.663,13.64,13.7,13.58,13.5,13.79,13.47,414356.0,5677894.0,10:55:01
bj920262,太湖雪,13.51,0.09,0.671,13.47,13.53,13.42,13.33,13.67,13.33,160387.0,2172472.0,10:55:01
bj920263,中航泰达,6.82,0.2,3.021,6.77,6.82,6.62,6.66,6.83,6.62,193427.0,1307957.0,10:55:01
bj920266,生物谷,7.34,-0.01,-0.136,7.34,7.35,7.35,7.45,7.45,7.29,1095101.0,8084478.0,10:55:01
bj920267,鑫汇科,15.44,0.05,0.325,15.43,15.44,15.39,15.34,15.56,15.28,219090.0,3382124.0,10:54:58
bj920270,天铭科技,12.56,-0.04,-0.317,12.55,12.61,12.6,12.53,12.79,12.4,356675.0,4479624.0,10:54:58
bj920271,邦德股份,8.62,-0.28,-3.146,8.61,8.65,8.9,8.77,8.77,8.61,521686.0,4539662.0,10:54:58
bj920273,一致魔芋,17.38,0.25,1.459,17.4,17.47,17.13,17.12,17.99,17.12,1121162.0,19782232.0,10:54:58
bj920274,宏裕包材,15.27,-0.34,-2.178,15.28,15.32,15.61,15.61,15.61,15.27,356968.0,5490825.0,10:54:58
bj920275,驱动力,6.3,0.01,0.159,6.29,6.32,6.29,6.26,6.49,6.2,257564.0,1634492.0,10:54:58
bj920278,鹿得医疗,6.23,0.03,0.484,6.23,6.24,6.2,6.19,6.33,6.19,483979.0,3030322.0,10:54:58
bj920284,灵鸽科技,15.82,-0.83,-4.985,15.81,15.82,16.65,16.5,16.53,15.81,2188559.0,35383640.0,10:54:58
bj920299,灿能电力,14.58,-0.16,-1.085,14.57,14.58,14.74,14.74,14.74,14.44,369892.0,5384502.0,10:54:58
bj920300,辰光医疗,9.45,-0.12,-1.254,9.42,9.45,9.57,9.63,9.63,9.31,483705.0,4588891.0,10:54:58
bj920304,迪尔化工,10.05,0.16,1.618,10.0,10.05,9.89,9.8,10.4,9.53,4193186.0,42371125.0,10:54:58
bj920339,恒太照明,10.43,-0.1,-0.95,10.35,10.43,10.53,10.45,10.56,10.31,293291.0,3074603.0,10:54:58
bj920344,三元基因,24.6,0.0,0.0,24.5,24.6,24.6,23.8,25.64,22.9,5553986.0,135331311.0,10:54:58
bj920346,威贸电子,14.34,0.06,0.42,14.34,14.36,14.28,14.18,14.4,14.17,47760.0,682291.0,10:54:58
bj920351,华光源海,12.74,-0.06,-0.469,12.74,12.79,12.8,12.91,12.93,12.5,1181646.0,15057532.0,10:54:58
bj920357,雅葆轩,15.1,0.08,0.533,15.06,15.17,15.02,14.99,15.27,14.94,329026.0,4979978.0,10:54:58
bj920363,莱赛激光,9.93,0.01,0.101,9.9,9.93,9.92,9.92,9.98,9.83,173594.0,1722718.0,10:54:58
bj920367,新赣江,26.68,0.59,2.261,26.67,26.69,26.09,25.86,27.46,24.51,3873023.0,102918691.0,10:54:58
bj920368,连城数控,22.93,-0.12,-0.521,22.9,22.94,23.05,23.09,23.32,22.57,1153817.0,26440704.0,10:54:58
bj920370,新安洁,2.77,0.05,1.838,2.76,2.77,2.72,2.71,2.78,2.7,886889.0,2448448.0,10:54:58
bj920371,欧福蛋业,7.19,0.37,5.425,7.19,7.2,6.82,6.83,7.6,6.83,4998516.0,36694992.0,10:54:58
bj920374,云里物里,14.53,0.18,1.254,14.44,14.53,14.35,14.26,14.69,14.26,157046.0,2284196.0,10:54:58
bj920375,派诺科技,6.85,0.05,0.735,6.79,6.85,6.8,6.75,6.89,6.75,341443.0,2327684.0,10:54:58
bj920378,泰德股份,6.83,0.03,0.441,6.82,6.86,6.8,6.8,6.89,6.76,119468.0,816771.0,10:54:58
bj920392,佳合科技,13.49,0.01,0.074,13.46,13.5,13.48,13.62,13.62,13.39,43342.0,586514.0,10:54:58
bj920394,民士达,42.5,0.2,0.473,42.46,42.6,42.3,42.1,43.37,42.1,421781.0,18035614.0,10:54:58
bj920395,朗鸿科技,6.78,0.09,1.345,6.78,6.8,6.69,6.86,6.88,6.66,196015.0,1334618.0,10:54:58
bj920396,常辅股份,19.14,0.11,0.578,19.1,19.14,19.03,19.0,19.25,18.9,268180.0,5125761.0,10:54:58
bj920402,硅烷科技,8.5,-0.06,-0.701,8.5,8.51,8.56,8.45,8.75,8.45,1399198.0,11966402.0,10:54:58
bj920403,康农种业,20.78,0.89,4.475,20.78,20.91,19.89,19.49,22.05,19.36,5890878.0,124868806.0,10:54:58
bj920405,海希通讯,16.66,0.21,1.277,16.66,16.75,16.45,15.83,16.95,15.78,867393.0,14274854.0,10:54:58
bj920407,驰诚股份,10.49,0.03,0.287,10.49,10.52,10.46,10.41,10.67,10.41,171466.0,1809826.0,10:54:58
bj920414,欧普泰,7.76,0.1,1.305,7.69,7.76,7.66,7.61,7.83,7.57,367816.0,2834717.0,10:54:58
bj920415,恒拓开源,8.52,0.09,1.068,8.51,8.52,8.43,8.4,8.57,8.38,548870.0,4670470.0,10:54:58
bj920418,苏轴股份,17.85,0.17,0.962,17.84,17.88,17.68,17.68,18.05,17.67,618320.0,11067987.0,10:54:58
bj920419,路斯股份,10.4,-0.03,-0.288,10.4,10.42,10.43,10.37,10.56,10.27,244572.0,2554916.0,10:54:58
bj920422,润普食品,9.27,0.08,0.871,9.26,9.29,9.19,9.19,9.39,9.14,257615.0,2400416.0,10:54:58
bj920425,乐创技术,13.9,-0.12,-0.856,13.89,13.92,14.02,13.89,14.2,13.85,748200.0,10438362.0,10:54:58
bj920427,华维设计,8.25,-0.06,-0.722,8.24,8.28,8.31,8.3,8.37,8.21,296211.0,2453346.0,10:54:58
bj920429,康比特,10.66,0.29,2.797,10.66,10.75,10.37,10.4,11.29,10.4,2197795.0,23942071.0,10:54:58
bj920433,大唐药业,4.85,0.11,2.321,4.85,4.86,4.74,4.76,4.88,4.75,1221746.0,5907620.0,10:54:58
bj920436,大地电气,10.22,0.22,2.2,10.22,10.25,10.0,10.12,10.38,9.92,265841.0,2722234.0,10:54:58
bj920438,戈碧迦,100.7,-5.3,-5.0,100.7,101.0,106.0,107.62,107.62,98.0,2629832.0,266892467.0,10:54:58
bj920445,龙竹科技,6.92,0.02,0.29,6.92,6.93,6.9,6.85,6.98,6.84,556737.0,3863425.0,10:54:58
bj920454,同心传动,10.68,0.13,1.232,10.58,10.68,10.55,10.55,10.71,10.55,78711.0,836806.0,10:54:58
bj920455,汇隆活塞,5.75,0.04,0.701,5.75,5.77,5.71,5.71,5.8,5.7,140504.0,809616.0,10:54:58
bj920469,富恒新材,5.46,0.0,0.0,5.43,5.47,5.46,5.42,5.52,5.39,176265.0,963619.0,10:54:58
bj920471,美邦科技,12.11,0.1,0.833,12.11,12.12,12.01,12.3,12.49,12.05,2965676.0,36445137.0,10:54:58
bj920475,三友科技,12.2,0.07,0.577,12.16,12.2,12.13,12.19,12.29,11.86,286965.0,3482335.0,10:54:58
bj920476,海能技术,25.23,-0.22,-0.864,25.23,25.24,25.45,25.37,25.94,25.0,943581.0,24102142.0,10:54:58
bj920478,峆一药业,10.64,-0.05,-0.468,10.65,10.68,10.69,10.65,10.81,10.55,1283745.0,13762295.0,10:54:58
bj920489,佳先股份,12.5,0.12,0.969,12.49,12.52,12.38,12.3,12.59,12.19,898006.0,11180211.0,10:54:58
bj920491,奥迪威,21.52,0.42,1.991,21.5,21.54,21.1,21.1,21.67,21.01,970382.0,20855366.0,10:54:58
bj920493,并行科技,111.77,1.2,1.085,111.66,111.77,110.57,108.86,112.88,108.5,441031.0,48891385.0,10:54:58
bj920496,许昌智能,6.09,0.0,0.0,6.1,6.12,6.09,6.04,6.15,6.04,279512.0,1707511.0,10:54:58
bj920504,博迅生物,17.08,0.08,0.471,17.06,17.13,17.0,16.88,17.37,16.87,189299.0,3248824.0,10:54:58
bj920505,九菱科技,29.1,1.04,3.706,29.1,29.14,28.06,29.38,30.45,28.98,1559503.0,46358298.0,10:54:58
bj920508,殷图网联,14.14,0.06,0.426,14.04,14.13,14.08,14.0,14.25,13.62,89448.0,1259808.0,10:54:58
bj920509,同惠电子,19.79,-0.15,-0.752,19.75,19.79,19.94,19.76,19.99,19.67,639496.0,12690481.0,10:54:58
bj920510,丰光精密,21.74,0.09,0.416,21.74,21.78,21.65,21.79,22.21,21.4,2524895.0,55099774.0,10:54:58
bj920519,万德股份,9.68,0.01,0.103,9.67,9.7,9.67,9.61,9.82,9.61,144979.0,1408920.0,10:54:58
bj920522,纳科诺尔,18.35,-0.29,-1.556,18.34,18.35,18.64,18.73,18.9,18.3,2497214.0,46196621.0,10:54:58
bj920523,德瑞锂电,15.18,-0.21,-1.365,15.18,15.19,15.39,15.19,15.41,15.11,375545.0,5739217.0,10:54:58
bj920526,凯华材料,18.88,-0.18,-0.944,18.81,18.88,19.06,19.06,19.16,18.68,435178.0,8205433.0,10:54:58
bj920527,夜光明,13.84,0.43,3.207,13.84,13.88,13.41,13.56,13.92,13.41,394501.0,5412902.0,10:54:58
bj920533,骏创科技,18.4,0.34,1.883,18.36,18.43,18.06,17.9,18.54,17.88,739039.0,13565772.0,10:54:58
bj920541,铁大科技,9.64,-0.02,-0.207,9.64,9.67,9.66,9.66,9.73,9.54,123166.0,1187133.0,10:54:58
bj920547,无锡晶海,18.65,0.26,1.414,18.67,18.74,18.39,18.4,18.94,18.2,182632.0,3422921.0,10:54:58
bj920553,凯腾精工,7.0,0.02,0.287,6.99,7.0,6.98,6.98,7.09,6.82,422702.0,2963590.0,10:54:58
bj920556,雅达股份,6.52,0.0,0.0,6.52,6.53,6.52,6.54,6.66,6.47,607679.0,3986738.0,10:54:58
bj920564,天润科技,12.65,0.01,0.079,12.64,12.65,12.64,12.73,12.84,12.53,212077.0,2690184.0,10:54:58
bj920566,梓橦宫,9.69,-0.01,-0.103,9.68,9.71,9.7,9.61,9.78,9.57,632719.0,6148455.0,10:54:58
bj920570,坤博精工,23.56,-0.14,-0.591,23.55,23.69,23.7,23.7,23.87,23.22,122317.0,2879424.0,10:54:58
bj920571,国航远洋,8.98,-0.22,-2.391,8.98,8.99,9.2,9.31,9.4,8.93,15124748.0,137874279.0,10:54:58
bj920575,*ST康乐,5.51,0.04,0.731,5.51,5.52,5.47,5.48,5.64,5.41,3229847.0,17936276.0,10:54:58
bj920576,天力复合,38.72,-0.08,-0.206,38.65,38.72,38.8,39.15,39.19,38.25,545562.0,21149197.0,10:54:58
bj920578,巨能股份,16.19,0.14,0.872,16.13,16.19,16.05,15.93,16.37,15.93,225476.0,3651661.0,10:54:58
bj920579,机科股份,14.3,0.06,0.421,14.29,14.33,14.24,14.24,14.46,14.17,193164.0,2772127.0,10:54:58
bj920580,科创新材,10.81,0.1,0.934,10.81,10.85,10.71,10.65,10.94,10.61,340204.0,3692457.0,10:54:58
bj920592,华信永道,19.56,0.56,2.947,19.56,19.63,19.0,19.06,19.75,18.86,672646.0,13029100.0,10:54:58
bj920593,鼎智科技,23.67,0.23,0.981,23.66,23.67,23.44,23.6,23.93,23.21,835585.0,19831725.0,10:54:58
bj920599,同力股份,17.37,-0.12,-0.686,17.36,17.37,17.49,17.47,17.6,17.22,1434628.0,24990814.0,10:54:58
bj920608,丰安股份,13.43,0.19,1.435,13.43,13.49,13.24,13.17,13.53,13.12,73757.0,987385.0,10:54:58
bj920627,力王股份,14.2,-0.18,-1.252,14.2,14.25,14.38,14.28,14.55,14.12,1707802.0,24412135.0,10:54:58
bj920634,新威凌,16.19,-0.57,-3.401,16.14,16.18,16.76,16.51,16.81,16.09,1093849.0,18012462.0,10:54:58
bj920639,晨光电缆,6.09,0.04,0.661,6.09,6.1,6.05,6.05,6.15,6.05,309104.0,1888712.0,10:54:58
bj920640,富士达,24.83,0.28,1.141,24.8,24.83,24.55,24.5,25.13,24.5,680773.0,16930338.0,10:54:58
bj920641,格利尔,13.79,-0.11,-0.791,13.75,13.79,13.9,13.77,14.35,13.71,806389.0,11201604.0,10:54:58
bj920642,通易航天,9.67,0.1,1.045,9.64,9.66,9.57,9.56,9.8,9.53,646621.0,6248536.0,10:54:58
bj920651,天罡股份,26.63,-0.47,-1.734,26.5,26.63,27.1,26.83,26.88,25.87,302525.0,7996003.0,10:54:58
bj920656,海昇药业,14.36,-0.11,-0.76,14.36,14.38,14.47,14.5,14.55,14.21,152587.0,2196975.0,10:54:58
bj920662,方盛股份,19.06,0.76,4.153,18.93,19.05,18.3,18.03,19.47,18.03,1393635.0,26111374.0,10:54:58
bj920663,明阳科技,12.86,0.03,0.234,12.85,12.86,12.83,12.75,12.97,12.68,137736.0,1772640.0,10:54:58
bj920665,科强股份,8.3,0.05,0.606,8.27,8.29,8.25,8.2,8.35,8.17,255956.0,2118143.0,10:54:58
bj920670,数字人,12.44,0.09,0.729,12.42,12.45,12.35,12.33,12.57,12.33,298301.0,3722705.0,10:54:58
bj920675,秉扬科技,7.15,0.08,1.132,7.15,7.16,7.07,7.03,7.19,7.03,307278.0,2187698.0,10:54:58
bj920679,前进科技,15.37,0.27,1.788,15.22,15.34,15.1,15.01,15.39,14.94,48048.0,732312.0,10:54:58
bj920682,球冠电缆,5.69,0.02,0.353,5.69,5.71,5.67,5.67,5.73,5.65,615833.0,3511766.0,10:54:58
bj920685,新芝生物,11.65,-0.02,-0.171,11.65,11.66,11.67,11.61,11.79,11.61,328643.0,3847551.0,10:54:58
bj920689,克莱特,19.66,-0.01,-0.051,19.65,19.69,19.67,19.67,19.88,19.48,133434.0,2628825.0,10:54:58
bj920690,捷众科技,16.07,-0.12,-0.741,16.04,16.11,16.19,16.19,16.3,15.95,307486.0,4957058.0,10:54:58
bj920693,阿为特,22.18,0.0,0.0,22.17,22.22,22.18,22.49,22.49,22.04,101950.0,2264707.0,10:54:58
bj920694,中裕科技,16.59,0.56,3.493,16.55,16.59,16.03,15.92,16.98,15.92,1487621.0,24634356.0,10:54:58
bj920699,海达尔,78.79,-2.81,-3.444,78.42,78.86,81.6,79.96,80.0,75.2,624893.0,48257099.0,10:54:58
bj920701,豪声电子,12.36,-0.72,-5.505,12.37,12.43,13.08,12.96,13.08,12.24,1164456.0,14593522.0,10:54:58
bj920703,广厦环能,9.9,-0.01,-0.101,9.87,9.94,9.91,9.85,10.02,9.85,80671.0,801235.0,10:54:58
bj920706,铁拓机械,13.33,-0.11,-0.818,13.33,13.36,13.44,13.31,13.49,13.04,265366.0,3539906.0,10:54:58
bj920717,瑞星股份,7.8,0.15,1.961,7.79,7.8,7.65,7.7,7.86,7.51,463700.0,3598589.0,10:54:58
bj920718,合肥高科,9.28,0.01,0.108,9.25,9.27,9.27,9.26,9.39,9.16,120615.0,1121888.0,10:54:58
bj920719,宁新新材,6.94,-0.03,-0.43,6.93,6.95,6.97,6.97,7.06,6.88,882850.0,6168330.0,10:54:58
bj920720,吉冈精密,9.3,0.12,1.307,9.28,9.3,9.18,9.15,9.43,9.15,462103.0,4317661.0,10:54:58
bj920725,惠丰钻石,69.0,0.4,0.583,68.66,69.0,68.6,67.07,70.6,64.8,2131615.0,143847019.0,10:54:58
bj920726,朱老六,16.38,0.22,1.361,16.38,16.44,16.16,16.35,16.73,16.29,1827840.0,30137113.0,10:54:58
bj920729,永顺生物,6.76,0.07,1.046,6.75,6.81,6.69,6.66,6.91,6.61,542387.0,3694410.0,10:54:58
bj920735,德源药业,24.04,0.1,0.418,23.98,24.05,23.94,23.94,24.36,23.82,583292.0,14076326.0,10:54:58
bj920748,路桥信息,26.52,0.75,2.91,26.51,26.52,25.77,25.23,26.98,24.55,1526826.0,38899694.0,10:54:58
bj920751,惠同新材,15.68,0.07,0.448,15.68,15.69,15.61,15.61,15.89,15.6,179481.0,2821830.0,10:54:58
bj920753,天纺标,15.1,0.22,1.478,15.02,15.09,14.88,14.78,15.18,14.78,258900.0,3906940.0,10:54:58
bj920765,美之高,13.9,-0.04,-0.287,13.89,13.9,13.94,13.83,14.1,13.72,195165.0,2717725.0,10:54:58
bj920768,拾比佰,6.98,0.01,0.143,6.97,6.98,6.97,6.96,7.03,6.94,360996.0,2521776.0,10:54:58
bj920770,艾能聚,9.76,0.04,0.412,9.76,9.77,9.72,9.76,9.9,9.65,451889.0,4429489.0,10:54:58
bj920779,武汉蓝电,24.27,-1.2,-4.711,24.2,24.27,25.47,25.0,25.19,24.16,1972788.0,48426522.0,10:54:58
bj920781,瑞奇智造,5.5,0.03,0.548,5.48,5.5,5.47,5.49,5.55,5.4,315882.0,1739274.0,10:54:58
bj920786,骑士乳业,7.24,0.24,3.429,7.24,7.25,7.0,7.01,7.4,7.01,6696662.0,48651108.0,10:54:58
bj920790,联迪信息,21.44,0.72,3.475,21.38,21.44,20.72,20.63,21.9,20.53,1382660.0,29462274.0,10:54:58
bj920792,东和新材,9.78,0.04,0.411,9.76,9.79,9.74,9.68,9.87,9.68,68171.0,667734.0,10:54:58
bj920799,艾融软件,33.23,3.35,11.212,33.23,33.25,29.88,29.87,33.59,29.6,5636508.0,179608221.0,10:54:58
bj920802,保丽洁,10.34,0.04,0.388,10.28,10.34,10.3,10.38,10.39,10.23,183749.0,1895419.0,10:54:58
bj920806,云星宇,10.28,0.17,1.682,10.28,10.29,10.11,10.14,10.47,10.03,1441172.0,14900668.0,10:54:58
bj920807,奔朗新材,9.36,0.14,1.518,9.36,9.38,9.22,9.39,9.54,9.22,1493747.0,14033468.0,10:54:58
bj920808,曙光数创,64.05,1.76,2.825,63.9,64.04,62.29,60.1,64.55,60.0,1886307.0,118595278.0,10:54:58
bj920809,安达科技,7.52,-0.18,-2.338,7.51,7.52,7.7,7.66,7.74,7.51,4722698.0,35925213.0,10:54:58
bj920810,春光智能,9.48,-0.03,-0.315,9.44,9.48,9.51,9.38,9.53,9.21,391441.0,3662555.0,10:54:58
bj920819,颖泰生物,3.03,0.06,2.02,3.03,3.04,2.97,2.96,3.08,2.96,4008955.0,12220760.0,10:54:58
bj920821,则成电子,17.28,0.02,0.116,17.28,17.31,17.26,17.48,17.48,17.17,432311.0,7519579.0,10:54:58
bj920826,盖世食品,8.76,0.16,1.86,8.73,8.76,8.6,8.73,9.05,8.5,2976485.0,26336823.0,10:54:58
bj920832,齐鲁华信,6.07,0.08,1.336,6.04,6.06,5.99,6.1,6.1,5.98,102752.0,624517.0,10:54:58
bj920833,美心翼申,9.87,-0.12,-1.201,9.86,9.89,9.99,10.06,10.15,9.85,617009.0,6159387.0,10:54:58
bj920834,三维装备,9.14,-0.08,-0.868,9.14,9.2,9.22,9.18,9.39,9.12,363428.0,3352500.0,10:54:58
bj920837,华原股份,9.37,-0.01,-0.107,9.37,9.39,9.38,9.32,9.46,9.32,111856.0,1051131.0,10:54:58
bj920839,万通液压,23.79,0.1,0.422,23.79,23.87,23.69,23.64,24.38,23.52,168248.0,4050410.0,10:54:58
bj920855,浙江大农,12.24,0.06,0.493,12.2,12.28,12.18,12.11,12.35,12.01,62802.0,769126.0,10:54:58
bj920856,浩淼科技,12.69,-0.27,-2.083,12.66,12.7,12.96,12.76,12.95,12.61,1152467.0,14712908.0,10:54:58
bj920857,泓禧科技,21.33,0.09,0.424,21.25,21.33,21.24,21.2,21.68,20.73,608901.0,12985883.0,10:54:58
bj920866,绿亨科技,6.34,0.19,3.089,6.34,6.35,6.15,6.09,6.57,6.05,4912824.0,31466771.0,10:54:58
bj920870,恒进感应,11.68,-0.01,-0.086,11.68,11.71,11.69,11.6,11.84,11.52,316546.0,3708649.0,10:54:58
bj920871,派特尔,10.91,0.03,0.276,10.91,11.0,10.88,10.88,11.01,10.75,167459.0,1827435.0,10:54:58
bj920873,中设咨询,6.88,-0.05,-0.722,6.87,6.88,6.93,6.89,6.95,6.83,229796.0,1584483.0,10:54:58
bj920876,慧为智能,15.38,0.07,0.457,15.38,15.45,15.31,15.22,15.59,15.22,149364.0,2303785.0,10:54:58
bj920879,基康技术,12.58,0.15,1.207,12.56,12.58,12.43,12.57,12.66,12.42,255445.0,3209261.0,10:54:58
bj920885,星辰科技,11.65,-0.06,-0.512,11.64,11.65,11.71,11.62,11.82,11.55,568775.0,6663452.0,10:54:58
bj920892,广咨国际,9.93,-0.01,-0.101,9.91,9.93,9.94,9.87,10.04,9.87,169429.0,1687330.0,10:54:58
bj920895,花溪科技,12.56,0.26,2.114,12.56,12.64,12.3,12.64,12.9,12.27,334469.0,4235578.0,10:54:58
bj920896,旺成科技,11.77,-0.01,-0.085,11.76,11.77,11.78,11.7,11.97,11.67,64901.0,766388.0,10:54:58
bj920906,舜宇精工,15.5,0.04,0.259,15.46,15.54,15.46,15.37,15.72,15.37,166626.0,2598297.0,10:54:58
bj920914,远航精密,16.57,-0.02,-0.121,16.56,16.57,16.59,16.69,16.8,16.44,508026.0,8438220.0,10:54:58
bj920924,广脉科技,14.29,0.25,1.781,14.26,14.28,14.04,14.17,14.34,13.93,546647.0,7792749.0,10:54:58
bj920925,锦好医疗,11.69,0.06,0.516,11.65,11.69,11.63,11.68,11.76,11.57,245466.0,2867771.0,10:54:58
bj920926,鸿智科技,9.94,0.06,0.607,9.9,9.93,9.88,9.87,10.0,9.83,95388.0,948334.0,10:54:58
bj920931,无锡鼎邦,10.12,0.07,0.697,10.1,10.14,10.05,10.03,10.21,9.92,362615.0,3669904.0,10:54:58
bj920932,科达自控,11.08,0.08,0.727,11.08,11.11,11.0,11.18,11.21,10.95,408664.0,4539558.0,10:55:01
bj920942,恒立钻具,16.32,0.18,1.115,16.25,16.32,16.14,16.07,16.36,16.0,151822.0,2467813.0,10:55:01
bj920943,优机股份,15.26,0.06,0.395,15.23,15.24,15.2,15.33,15.54,15.1,736891.0,11329546.0,10:55:01
bj920946,森萱医药,10.04,0.34,3.505,10.05,10.06,9.7,9.76,10.16,9.58,6125010.0,60863836.0,10:55:01
bj920950,迅安科技,12.34,0.04,0.325,12.32,12.34,12.3,12.3,12.47,12.2,43045.0,532454.0,10:55:01
bj920953,国子软件,22.16,0.63,2.926,22.15,22.21,21.53,21.5,22.48,21.33,997077.0,22002957.0,10:55:01
bj920957,汉维科技,9.65,0.14,1.472,9.65,9.66,9.51,9.44,9.74,9.24,727529.0,6994793.0,10:55:01
bj920961,创远信科,19.0,-0.25,-1.299,19.0,19.05,19.25,19.23,19.32,18.89,622922.0,11893704.0,10:55:01
bj920964,润农节水,4.77,0.16,3.471,4.77,4.78,4.61,4.58,4.95,4.56,4373702.0,21097425.0,10:55:01
bj920970,大禹生物,6.02,0.18,3.082,6.02,6.04,5.84,5.82,6.15,5.82,2182640.0,13150450.0,10:55:01
bj920971,天马新材,24.55,-0.85,-3.346,24.55,24.6,25.4,25.09,25.18,24.47,1265425.0,31287055.0,10:55:01
bj920974,凯大催化,6.1,0.03,0.494,6.09,6.1,6.07,6.09,6.12,6.03,274999.0,1677203.0,10:55:01
bj920976,视声智能,17.77,1.54,9.489,17.77,17.78,16.23,17.81,18.78,17.6,1852923.0,33711659.0,10:55:01
bj920978,开特股份,19.92,0.36,1.84,19.89,19.92,19.56,19.52,20.1,19.52,367981.0,7321262.0,10:55:01
bj920981,晶赛科技,28.11,-0.41,-1.438,28.11,28.18,28.52,28.0,28.58,27.71,512250.0,14405134.0,10:55:01
bj920982,锦波生物,118.81,0.63,0.533,118.81,118.98,118.18,117.49,119.86,117.0,295754.0,35208008.0,10:55:01
bj920985,海泰新能,4.51,0.01,0.222,4.5,4.51,4.5,4.52,4.55,4.48,904844.0,4086507.0,10:55:01
bj920992,中科美菱,11.19,0.06,0.539,11.18,11.19,11.13,11.06,11.25,11.05,79526.0,888583.0,10:55:01
sh600000,浦发银行,9.16,-0.06,-0.651,9.15,9.16,9.22,9.24,9.28,9.07,51060464.0,466747863.0,10:55:04
sh600004,白云机场,7.57,0.12,1.611,7.57,7.58,7.45,7.45,7.59,7.44,6053200.0,45646912.0,10:55:05
sh600006,东风股份,5.35,0.05,0.943,5.35,5.36,5.3,5.3,5.38,5.28,8892300.0,47594481.0,10:55:04
sh600007,中国国贸,18.8,-0.2,-1.053,18.8,18.81,19.0,18.9,19.07,18.77,839800.0,15873308.0,10:55:02
sh600008,首创环保,2.86,0.02,0.704,2.85,2.86,2.84,2.83,2.87,2.83,26753353.0,76395449.0,10:55:05
sh600009,上海机场,23.45,0.28,1.208,23.45,23.46,23.17,23.16,23.49,23.11,4931000.0,115224588.0,10:55:04
sh600010,包钢股份,2.23,-0.03,-1.327,2.23,2.24,2.26,2.24,2.28,2.23,257852773.0,580640415.0,10:55:03
sh600011,华能国际,6.66,0.02,0.301,6.65,6.66,6.64,6.63,6.69,6.61,25501000.0,169667498.0,10:55:04
sh600012,皖通高速,16.43,0.18,1.108,16.43,16.44,16.25,16.26,16.58,16.16,3593430.0,58971117.0,10:55:04
sh600015,华夏银行,6.86,0.01,0.146,6.86,6.87,6.85,6.85,6.89,6.81,36881029.0,252802514.0,10:55:03
sh600016,民生银行,3.52,0.01,0.285,3.51,3.52,3.51,3.51,3.53,3.49,114569219.0,401775737.0,10:55:04
sh600017,日照港,2.71,0.03,1.119,2.7,2.71,2.68,2.68,2.72,2.67,19507501.0,52712471.0,10:55:00
sh600018,上港集团,5.24,0.0,0.0,5.24,5.25,5.24,5.22,5.27,5.21,17612000.0,92200671.0,10:55:05
sh600019,宝钢股份,5.85,-0.01,-0.171,5.84,5.85,5.86,5.86,5.89,5.83,41018037.0,240326265.0,10:55:06
sh600020,中原高速,3.81,0.02,0.528,3.81,3.82,3.79,3.78,3.82,3.77,7022839.0,26713573.0,10:54:59
sh600021,上海电力,13.66,0.13,0.961,13.65,13.66,13.53,13.53,13.84,13.47,14346100.0,196338265.0,10:55:06
sh600022,山东钢铁,1.33,0.01,0.758,1.33,1.34,1.32,1.32,1.34,1.31,47506530.0,63195308.0,10:55:06
sh600023,浙能电力,4.9,0.04,0.823,4.89,4.9,4.86,4.87,4.92,4.84,21030028.0,102736424.0,10:55:05
sh600025,华能水电,9.77,0.09,0.93,9.77,9.78,9.68,9.72,9.78,9.66,12806138.0,124459419.0,10:55:04
sh600026,中远海能,18.93,-0.21,-1.097,18.91,18.92,19.14,19.37,19.43,18.73,34297505.0,650644234.0,10:55:04
sh600027,华电国际,4.59,0.04,0.879,4.59,4.6,4.55,4.53,4.6,4.53,28547356.0,130557849.0,10:55:04
sh600028,中国石化,5.39,0.06,1.126,5.38,5.39,5.33,5.33,5.4,5.31,183433171.0,985244396.0,10:55:05
sh600029,南方航空,5.04,0.01,0.199,5.04,5.05,5.03,5.02,5.06,5.01,24384740.0,122903181.0,10:55:05
sh600030,中信证券,27.07,-0.2,-0.733,27.06,27.07,27.27,27.28,27.33,27.05,34051344.0,923650072.0,10:55:05
sh600031,三一重工,18.73,0.12,0.645,18.73,18.74,18.61,18.71,18.82,18.6,17359546.0,324957553.0,10:55:04
sh600032,浙江新能,6.8,0.04,0.592,6.79,6.8,6.76,6.76,6.84,6.7,6612200.0,44933996.0,10:55:04
sh600033,福建高速,3.52,-0.02,-0.565,3.52,3.53,3.54,3.52,3.55,3.48,16990600.0,59611054.0,10:55:02
sh600035,楚天高速,3.4,0.03,0.89,3.39,3.4,3.37,3.36,3.4,3.36,5579517.0,18868028.0,10:55:02
sh600036,招商银行,39.8,0.22,0.556,39.79,39.8,39.58,39.7,39.92,39.45,34619156.0,1372714250.0,10:55:04
sh600037,歌华有线,7.03,0.13,1.884,7.03,7.04,6.9,6.87,7.05,6.86,9107520.0,63569720.0,10:55:04
sh600038,中直股份,27.02,0.07,0.26,27.01,27.03,26.95,26.92,27.13,26.88,2727458.0,73648601.0,10:55:03
sh600039,四川路桥,8.61,0.06,0.702,8.61,8.62,8.55,8.57,8.69,8.54,6350100.0,54659657.0,10:55:05
sh600048,保利发展,5.09,0.03,0.593,5.09,5.1,5.06,5.05,5.15,5.04,48506850.0,247439796.0,10:55:06
sh600050,中国联通,4.33,0.08,1.882,4.32,4.33,4.25,4.25,4.33,4.24,71705007.0,307962929.0,10:55:04
sh600051,宁波联合,6.26,-0.01,-0.159,6.25,6.26,6.27,6.23,6.29,6.16,3305400.0,20628174.0,10:54:59
sh600052,东望时代,3.85,0.04,1.05,3.85,3.86,3.81,3.81,3.89,3.8,4484600.0,17293406.0,10:54:49
sh600053,*ST九鼎,7.37,0.32,4.539,7.37,7.38,7.05,7.15,7.5,7.12,2174000.0,15975436.0,10:54:50
sh600054,黄山旅游,11.37,0.27,2.432,11.36,11.37,11.1,11.19,11.42,11.15,7699303.0,87165118.0,10:55:04
sh600055,万东医疗,11.0,0.19,1.758,10.99,11.0,10.81,10.82,11.09,10.75,2709900.0,29663190.0,10:55:04
sh600056,中国医药,9.33,0.16,1.745,9.33,9.34,9.17,9.16,9.34,9.13,9626820.0,89404640.0,10:55:05
sh600057,厦门象屿,6.19,0.01,0.162,6.18,6.19,6.18,6.12,6.24,6.12,9396455.0,58101031.0,10:55:03
sh600058,五矿发展,9.92,-0.31,-3.03,9.92,9.93,10.23,10.22,10.25,9.9,5841200.0,58656048.0,10:55:04
sh600059,古越龙山,8.14,0.1,1.244,8.13,8.14,8.04,8.07,8.15,8.04,6255200.0,50699516.0,10:55:03
sh600060,海信视像,26.25,0.95,3.755,26.22,26.25,25.3,25.34,26.44,25.34,7335450.0,191230104.0,10:55:05
sh600061,国投资本,6.3,0.04,0.639,6.29,6.3,6.26,6.26,6.31,6.25,11618349.0,73091130.0,10:55:03
sh600062,华润双鹤,15.91,0.08,0.505,15.9,15.91,15.83,15.76,15.96,15.75,3409400.0,54077817.0,10:55:04
sh600063,皖维高新,5.63,0.0,0.0,5.63,5.64,5.63,5.62,5.69,5.6,15652722.0,88367274.0,10:55:03
sh600064,南京高科,7.67,0.08,1.054,7.67,7.68,7.59,7.62,7.69,7.57,8741300.0,66813321.0,10:55:06
sh600066,宇通客车,30.37,0.01,0.033,30.35,30.36,30.36,30.49,30.8,30.12,5349800.0,162252913.0,10:55:03
sh600067,冠城新材,2.81,0.05,1.812,2.81,2.82,2.76,2.75,2.83,2.73,8353100.0,23380583.0,10:54:58
sh600071,凤凰光学,15.62,0.02,0.128,15.61,15.62,15.6,15.41,15.72,15.41,842500.0,13149478.0,10:55:04
sh600072,中船科技,8.7,0.07,0.811,8.7,8.71,8.63,8.62,8.77,8.59,5577200.0,48564749.0,10:55:04
sh600073,光明肉业,5.36,0.07,1.323,5.36,5.37,5.29,5.27,5.39,5.24,7462137.0,39852536.0,10:55:03
sh600075,新疆天业,4.67,0.05,1.082,4.67,4.68,4.62,4.63,4.73,4.6,13123500.0,61533297.0,10:55:03
sh600076,康欣新材,3.15,0.04,1.286,3.14,3.15,3.11,3.09,3.16,3.07,7483700.0,23462924.0,10:55:05
sh600078,澄星股份,10.67,-0.16,-1.477,10.67,10.68,10.83,10.65,11.05,10.49,13850600.0,150202234.0,10:55:05
sh600079,ST人福,17.89,0.04,0.224,17.88,17.89,17.85,17.85,17.94,17.81,1961000.0,35083834.0,10:55:03
sh600080,ST金花,4.74,0.05,1.066,4.74,4.75,4.69,4.66,4.76,4.66,795700.0,3760712.0,10:55:02
sh600081,东风科技,10.17,0.14,1.396,10.16,10.17,10.03,9.95,10.21,9.95,1565820.0,15816676.0,10:55:04
sh600082,ST海泰,2.95,0.13,4.61,2.95,2.96,2.82,2.81,3.03,2.8,8671600.0,25380818.0,10:54:58
sh600084,*ST尼雅,4.17,0.09,2.206,4.17,4.18,4.08,4.12,4.25,4.12,3068000.0,12792937.0,10:55:04
sh600085,同仁堂,24.1,0.32,1.346,24.09,24.1,23.78,23.84,24.16,23.79,2915700.0,70001440.0,10:55:04
sh600088,中视传媒,11.46,0.13,1.147,11.45,11.46,11.33,11.3,11.55,11.27,1776000.0,20345825.0,10:54:59
sh600089,特变电工,18.99,-0.01,-0.053,18.98,18.99,19.0,19.01,19.17,18.81,28294379.0,537657165.0,10:55:00
sh600094,大名城,3.96,0.15,3.937,3.95,3.96,3.81,3.81,3.96,3.79,9422400.0,36651513.0,10:55:02
sh600095,湘财股份,7.82,-0.01,-0.128,7.81,7.82,7.83,7.78,7.89,7.77,8425586.0,66025352.0,10:55:01
sh600096,云天化,29.69,-0.22,-0.736,29.68,29.69,29.91,30.2,30.68,29.62,29329274.0,887768674.0,10:55:00
sh600097,开创国际,8.71,0.17,1.991,8.71,8.72,8.54,8.49,8.75,8.49,1374800.0,11930315.0,10:54:56
sh600098,广州发展,6.32,0.01,0.158,6.32,6.33,6.31,6.29,6.34,6.29,6160400.0,38900365.0,10:55:01
sh600099,林海股份,9.1,0.09,0.999,9.1,9.11,9.01,9.04,9.16,8.94,1544700.0,13992751.0,10:55:02
sh600100,同方股份,6.66,0.06,0.909,6.66,6.67,6.6,6.58,6.69,6.57,7252100.0,48150745.0,10:55:01
sh600101,明星电力,7.89,0.04,0.51,7.89,7.9,7.85,7.86,7.92,7.81,3830620.0,30207815.0,10:55:01
sh600103,青山纸业,3.15,0.29,10.14,3.15,0.0,2.86,2.86,3.15,2.83,145973733.0,449962649.0,10:55:00
sh600104,上汽集团,10.25,0.06,0.589,10.25,10.26,10.19,10.23,10.29,10.19,17300328.0,177166914.0,10:55:02
sh600105,永鼎股份,38.28,0.23,0.604,38.27,38.28,38.05,36.99,38.96,36.56,60889987.0,2298775443.0,10:55:03
sh600106,重庆路桥,4.24,-0.09,-2.079,4.23,4.24,4.33,4.29,4.3,4.17,9790480.0,41337410.0,10:54:58
sh600107,*ST尔雅,5.8,0.0,0.0,5.8,5.81,5.8,5.8,5.84,5.79,142200.0,825664.0,10:54:58
sh600108,亚盛集团,3.31,0.04,1.223,3.31,3.32,3.27,3.23,3.42,3.22,101467374.0,340785415.0,10:55:01
sh600109,国金证券,8.5,-0.03,-0.352,8.5,8.51,8.53,8.54,8.64,8.49,7533100.0,64316679.0,10:55:01
sh600110,诺德股份,10.79,-0.28,-2.529,10.78,10.79,11.07,10.78,10.96,10.43,130376011.0,1391349700.0,10:55:00
sh600111,北方稀土,39.6,-0.82,-2.029,39.6,39.61,40.42,40.0,40.84,39.6,24379047.0,976558127.0,10:55:02
sh600113,浙江东日,29.53,-0.16,-0.539,29.52,29.53,29.69,29.4,29.83,29.07,2466500.0,72868363.0,10:55:02
sh600114,东睦股份,28.83,-0.64,-2.172,28.82,28.84,29.47,29.31,29.64,28.5,6492006.0,188601372.0,10:55:02
sh600115,中国东航,3.51,0.03,0.862,3.5,3.51,3.48,3.47,3.52,3.46,66065864.0,230776161.0,10:55:01
sh600116,三峡水利,6.29,-0.02,-0.317,6.28,6.29,6.31,6.26,6.37,6.26,8889993.0,56112020.0,10:54:59
sh600117,西宁特钢,2.26,0.02,0.893,2.26,2.27,2.24,2.24,2.28,2.23,5436000.0,12279632.0,10:55:01
sh600118,中国卫星,59.6,0.2,0.337,59.6,59.61,59.4,58.86,60.37,58.02,13587270.0,803529234.0,10:55:02
sh600119,*ST长投,4.7,0.04,0.858,4.7,4.71,4.66,4.67,4.77,4.61,1030800.0,4856333.0,10:54:56
sh600120,浙江东方,4.81,0.07,1.477,4.8,4.81,4.74,4.74,4.82,4.73,13484298.0,64542397.0,10:55:02
sh600121,郑州煤电,4.18,0.13,3.21,4.18,4.19,4.05,4.02,4.4,4.02,103945030.0,437583473.0,10:55:02
sh600123,兰花科创,7.33,0.03,0.411,7.32,7.33,7.3,7.3,7.44,7.28,12757860.0,93931160.0,10:55:02
sh600125,铁龙物流,5.46,0.05,0.924,5.45,5.46,5.41,5.41,5.47,5.39,7039447.0,38235517.0,10:55:01
sh600126,杭钢股份,6.67,-0.2,-2.911,6.66,6.67,6.87,6.87,6.89,6.61,37421078.0,251071086.0,10:55:00
sh600127,金健米业,9.31,0.85,10.047,9.31,0.0,8.46,8.46,9.31,8.46,208070056.0,1899154876.0,10:55:02
sh600128,苏豪弘业,8.3,0.1,1.22,8.29,8.3,8.2,8.18,8.34,8.13,1965700.0,16262994.0,10:55:01
sh600129,太极集团,14.49,0.28,1.97,14.48,14.49,14.21,14.07,14.58,14.03,8430690.0,121172198.0,10:54:58
sh600130,波导股份,4.25,-0.09,-2.074,4.24,4.25,4.34,4.27,4.31,4.18,10691700.0,45472801.0,10:55:02
sh600131,国网信通,14.87,-0.05,-0.335,14.87,14.88,14.92,14.93,15.15,14.82,3171300.0,47486540.0,10:55:02
sh600132,重庆啤酒,39.59,0.02,0.051,39.59,39.6,39.57,39.5,39.95,39.5,1746337.0,69314653.0,10:55:02
sh600133,东湖高新,8.22,-0.02,-0.243,8.22,8.23,8.24,8.22,8.26,8.12,6376948.0,52140294.0,10:55:01
sh600135,乐凯胶片,7.26,0.08,1.114,7.25,7.26,7.18,7.11,7.32,7.11,2714300.0,19641760.0,10:55:02
sh600136,ST明诚,1.45,0.02,1.399,1.44,1.45,1.43,1.42,1.45,1.42,4017000.0,5764754.0,10:54:58
sh600137,浪莎股份,18.05,0.01,0.055,18.04,18.05,18.04,17.86,18.21,17.58,719400.0,12945874.0,10:55:02
sh600138,中青旅,7.1,0.15,2.158,7.1,7.11,6.95,6.96,7.11,6.94,6336800.0,44808078.0,10:55:00
sh600141,兴发集团,29.42,-0.79,-2.615,29.4,29.41,30.21,30.0,30.47,29.31,19047327.0,569399512.0,10:55:01
sh600143,金发科技,14.16,0.19,1.36,14.16,14.17,13.97,14.39,14.39,14.15,17874503.0,255062507.0,10:55:01
sh600148,长春一东,15.35,0.13,0.854,15.32,15.34,15.22,15.17,15.45,15.1,591500.0,9044098.0,10:55:02
sh600149,廊坊发展,4.93,0.06,1.232,4.93,4.94,4.87,4.86,4.97,4.82,4790300.0,23544756.0,10:55:02
sh600150,中国船舶,33.66,-0.14,-0.414,33.66,33.67,33.8,33.73,34.08,33.58,21286003.0,718499044.0,10:55:02
sh600151,航天机电,9.86,0.08,0.818,9.85,9.86,9.78,9.74,10.09,9.67,13332562.0,131930537.0,10:55:01
sh600152,维科技术,7.98,-0.14,-1.724,7.97,7.98,8.12,8.0,8.12,7.91,15194300.0,121679942.0,10:55:00
sh600153,建发股份,8.8,0.01,0.114,8.79,8.8,8.79,8.77,8.87,8.75,6000100.0,52801078.0,10:55:01
sh600155,华创云信,5.87,0.09,1.557,5.86,5.87,5.78,5.78,5.89,5.76,12650064.0,74023687.0,10:55:02
sh600156,华升股份,8.03,0.13,1.646,8.03,8.04,7.9,7.84,8.1,7.78,4676000.0,37257201.0,10:55:03
sh600157,永泰能源,1.57,0.0,0.0,1.57,1.58,1.57,1.56,1.58,1.56,191101328.0,299989075.0,10:55:00
sh600158,中体产业,6.97,0.15,2.199,6.96,6.97,6.82,6.81,7.02,6.79,11972400.0,82929175.0,10:55:01
sh600159,大龙地产,2.57,0.08,3.213,2.56,2.57,2.49,2.49,2.58,2.47,9922300.0,25207469.0,10:55:02
sh600160,巨化股份,37.5,-0.32,-0.846,37.5,37.51,37.82,37.46,38.2,36.99,15141852.0,569895546.0,10:55:03
sh600161,天坛生物,12.17,0.23,1.926,12.16,12.17,11.94,11.93,12.21,11.92,6802796.0,82446384.0,10:55:00
sh600162,香江控股,4.2,0.14,3.448,4.19,4.2,4.06,4.02,4.3,4.02,91997096.0,382702044.0,10:55:01
sh600163,中闽能源,4.95,0.04,0.815,4.95,4.96,4.91,4.89,4.98,4.89,4861000.0,24029009.0,10:55:02
sh600165,ST宁科,3.27,0.0,0.0,0.0,0.0,3.27,0.0,0.0,0.0,0.0,0.0,10:55:02
sh600166,福田汽车,2.85,0.0,0.0,2.84,2.85,2.85,2.83,2.88,2.82,56851000.0,162087158.0,10:55:00
sh600167,联美控股,5.71,0.09,1.601,5.7,5.71,5.62,5.62,5.73,5.61,4069200.0,23110840.0,10:55:03
sh600168,武汉控股,4.43,0.02,0.454,4.42,4.43,4.41,4.37,4.43,4.37,1754300.0,7738552.0,10:55:01
sh600169,ST太重,2.05,-0.02,-0.966,2.05,2.06,2.07,2.05,2.06,2.03,5927700.0,12117484.0,10:54:49
sh600170,上海建工,2.27,0.02,0.889,2.27,2.28,2.25,2.24,2.28,2.24,61434932.0,139003881.0,10:55:03
sh600171,上海贝岭,22.2,0.03,0.135,22.2,22.21,22.17,22.02,22.32,21.78,5431882.0,119922417.0,10:55:02
sh600172,黄河旋风,12.75,0.03,0.236,12.72,12.75,12.72,12.3,12.95,12.14,65062952.0,818240067.0,10:55:03
sh600173,卧龙新能,6.09,0.08,1.331,6.08,6.09,6.01,5.98,6.12,5.95,2835700.0,17189259.0,10:55:01
sh600176,中国巨石,38.8,-1.07,-2.684,38.8,38.82,39.87,38.61,39.24,37.83,87595909.0,3362122333.0,10:55:02
sh600177,雅戈尔,7.9,-0.12,-1.496,7.89,7.9,8.02,8.0,8.05,7.84,14575536.0,115392405.0,10:55:02
sh600178,东安动力,9.48,0.25,2.709,9.48,9.49,9.23,9.3,9.55,9.2,5391801.0,51020348.0,10:55:01
sh600179,安通控股,4.39,0.03,0.688,4.39,4.4,4.36,4.43,4.43,4.37,18077596.0,79589821.0,10:55:02
sh600180,*ST瑞茂,1.53,0.0,0.0,1.53,1.54,1.53,1.52,1.56,1.51,8101700.0,12488201.0,10:55:03
sh600182,S佳通,13.59,0.27,2.027,13.57,13.59,13.32,13.26,13.66,13.22,1345500.0,18090830.0,10:55:03
sh600183,生益科技,126.58,0.28,0.222,126.57,126.58,126.3,124.0,130.0,122.05,33029919.0,4187522594.0,10:55:02
sh600184,光电股份,17.3,0.02,0.116,17.29,17.3,17.28,17.01,17.42,16.83,4283002.0,73490335.0,10:55:02
sh600185,珠免集团,4.61,0.11,2.444,4.61,4.62,4.5,4.49,4.65,4.49,12792500.0,58677817.0,10:55:02
sh600186,莲花控股,11.27,-0.06,-0.53,11.27,11.28,11.33,10.99,11.55,10.8,102737204.0,1160916478.0,10:55:03
sh600187,*ST国中,1.34,-0.01,-0.741,1.33,1.34,1.35,1.34,1.35,1.33,10659300.0,14276010.0,10:55:02
sh600188,兖矿能源,21.79,-0.04,-0.183,21.77,21.78,21.83,21.8,22.66,21.71,33670494.0,745782021.0,10:55:01
sh600189,泉阳泉,7.51,0.18,2.456,7.51,7.52,7.33,7.33,7.65,7.3,8957400.0,67536236.0,10:54:57
sh600191,华资实业,11.16,0.23,2.104,11.16,11.17,10.93,10.93,11.45,10.8,9646860.0,107960876.0,10:54:55
sh600192,长城电工,6.98,0.04,0.576,6.97,6.98,6.94,6.94,7.05,6.79,4230740.0,29447471.0,10:54:55
sh600195,中牧股份,6.78,0.05,0.743,6.77,6.78,6.73,6.67,6.8,6.67,2675820.0,18101897.0,10:54:43
sh600196,复星医药,22.76,-0.03,-0.132,22.75,22.77,22.79,22.72,22.97,22.51,13121808.0,298952682.0,10:54:56
sh600197,伊力特,10.07,0.13,1.308,10.07,10.08,9.94,9.92,10.12,9.92,2559810.0,25745098.0,10:54:57
sh600198,大唐电信,7.89,0.04,0.51,7.88,7.89,7.85,7.65,7.97,7.65,21436499.0,168436863.0,10:54:57
sh600199,金种子酒,6.97,0.05,0.723,6.96,6.97,6.92,6.9,7.07,6.9,8113046.0,56610695.0,10:54:56
sh600201,生物股份,12.34,-0.09,-0.724,12.33,12.34,12.43,12.38,12.51,12.28,7464005.0,92323317.0,10:54:56
sh600202,哈空调,5.1,0.07,1.392,5.1,5.11,5.03,4.99,5.14,4.93,4112900.0,20842489.0,10:54:55
sh600203,福日电子,10.17,0.31,3.144,10.16,10.17,9.86,9.75,10.3,9.71,15450468.0,156129178.0,10:54:54
sh600206,有研新材,50.48,-2.04,-3.884,50.47,50.5,52.52,51.21,53.95,50.32,51851859.0,2688172517.0,10:54:54
sh600207,安彩高科,4.36,0.05,1.16,4.35,4.36,4.31,4.34,4.41,4.26,7135200.0,31027642.0,10:54:56
sh600208,衢州发展,2.9,0.02,0.694,2.89,2.9,2.88,2.87,2.91,2.86,23010500.0,66502437.0,10:54:56
sh600210,紫江企业,6.06,0.02,0.331,6.06,6.07,6.04,6.05,6.09,6.02,4417800.0,26812753.0,10:54:56
sh600211,西藏药业,38.19,0.03,0.079,38.19,38.2,38.16,37.85,38.53,37.66,2665242.0,101743641.0,10:54:56
sh600212,绿能慧充,6.01,0.11,1.864,6.01,6.02,5.9,5.85,6.07,5.71,13952356.0,82546560.0,10:54:57
sh600215,派斯林,6.48,0.06,0.935,6.48,6.49,6.42,6.39,6.58,6.36,3415400.0,22117743.0,10:54:56
sh600216,浙江医药,12.71,0.16,1.275,12.7,12.72,12.55,12.49,12.96,12.32,19192201.0,244686891.0,10:54:56
sh600217,中再资环,3.16,0.05,1.608,3.16,3.17,3.11,3.12,3.18,3.1,5646648.0,17830970.0,10:54:57
sh600218,全柴动力,7.67,0.15,1.995,7.67,7.68,7.52,7.5,7.69,7.47,2141715.0,16333130.0,10:54:57
sh600219,南山铝业,4.74,-0.06,-1.25,4.74,4.75,4.8,4.81,4.84,4.74,77664200.0,371152988.0,10:54:56
sh600221,海航控股,1.3,0.0,0.0,1.3,1.31,1.3,1.3,1.31,1.29,125802411.0,163563264.0,10:54:57
sh600222,太龙药业,7.92,0.37,4.901,7.9,7.92,7.55,7.56,8.0,7.48,19021900.0,148486222.0,10:54:57
sh600223,福瑞达,5.82,0.27,4.865,5.81,5.82,5.55,5.64,5.97,5.59,16705063.0,96655044.0,10:54:55
sh600226,亨通股份,5.78,-0.28,-4.62,5.78,5.79,6.06,5.96,5.97,5.65,73804171.0,426145368.0,10:54:55
sh600227,赤天化,3.86,-0.09,-2.278,3.86,3.87,3.95,3.9,4.09,3.7,151463424.0,594032030.0,10:54:55
sh600228,返利科技,8.39,0.19,2.317,8.38,8.39,8.2,8.25,8.44,8.08,13011100.0,107836399.0,10:54:55
sh600229,城市传媒,5.16,0.08,1.575,5.16,5.17,5.08,5.05,5.19,5.05,2049800.0,10521110.0,10:54:56
sh600230,沧州大化,14.29,-0.15,-1.039,14.27,14.29,14.44,14.31,14.69,14.26,5284700.0,76629480.0,10:54:55
sh600231,凌钢股份,1.74,0.05,2.959,1.73,1.74,1.69,1.68,1.75,1.68,18033170.0,31115282.0,10:54:57
sh600232,金鹰股份,6.43,0.04,0.626,6.43,6.44,6.39,6.36,6.49,6.32,2077501.0,13297023.0,10:54:55
sh600233,圆通速递,17.08,-0.22,-1.272,17.08,17.09,17.3,17.35,17.43,17.08,7836100.0,134768539.0,10:54:55
sh600234,科新发展,20.49,-0.6,-2.845,20.48,20.51,21.09,20.98,21.0,20.19,1198200.0,24611004.0,10:54:53
sh600235,民丰特纸,5.74,0.0,0.0,5.74,5.75,5.74,5.69,5.8,5.65,3074600.0,17638679.0,10:54:53
sh600236,桂冠电力,9.84,-0.05,-0.506,9.84,9.85,9.89,9.88,9.89,9.74,3481614.0,34219909.0,10:54:55
sh600237,铜峰电子,8.11,0.02,0.247,8.11,8.12,8.09,8.0,8.19,7.87,9213600.0,74073143.0,10:54:55
sh600238,ST椰岛,4.99,-0.03,-0.598,4.99,5.0,5.02,5.15,5.15,4.9,2671000.0,13409142.0,10:54:54
sh600239,ST云城,1.43,-0.02,-1.379,1.42,1.43,1.45,1.44,1.45,1.41,8887775.0,12661699.0,10:54:55
sh600241,时代万恒,7.37,0.09,1.236,7.37,7.38,7.28,7.26,7.42,7.24,2226300.0,16347445.0,10:54:57
sh600243,*ST海华,3.68,-0.02,-0.541,3.68,3.69,3.7,3.71,3.73,3.67,1292900.0,4783279.0,10:54:32
sh600246,万通发展,11.14,-0.23,-2.023,11.13,11.14,11.37,11.06,11.29,10.85,35156300.0,389237695.0,10:54:56
sh600248,陕建股份,2.93,0.06,2.091,2.92,2.93,2.87,2.87,2.94,2.86,12139800.0,35397970.0,10:54:55
sh600249,两面针,5.3,0.09,1.727,5.3,5.31,5.21,5.18,5.31,5.18,3027550.0,15949007.0,10:54:56
sh600250,南京商旅,9.56,0.07,0.738,9.54,9.56,9.49,9.49,10.07,9.42,31646800.0,308693511.0,10:54:56
sh600251,冠农股份,10.24,0.07,0.688,10.24,10.26,10.17,10.1,10.53,10.1,13780124.0,142830969.0,10:54:54
sh600252,中恒集团,2.22,0.04,1.835,2.21,2.23,2.18,2.17,2.25,2.15,26338054.0,58188504.0,10:54:55
sh600255,鑫科材料,3.23,-0.02,-0.615,3.23,3.24,3.25,3.23,3.27,3.2,20565593.0,66685659.0,10:54:56
sh600256,广汇能源,6.2,0.04,0.649,6.19,6.2,6.16,6.14,6.3,6.14,74882783.0,467580155.0,10:54:57
sh600257,大湖股份,5.59,0.08,1.452,5.59,5.6,5.51,5.48,5.62,5.46,6457300.0,35999978.0,10:54:55
sh600258,首旅酒店,12.3,0.13,1.068,12.3,12.31,12.17,12.11,12.37,12.11,7292421.0,89677781.0,10:54:55
sh600259,中稀有色,80.68,-3.43,-4.078,80.66,80.69,84.11,84.03,85.88,80.54,6156068.0,510092731.0,10:54:56
sh600261,阳光照明,3.14,0.06,1.948,3.14,3.15,3.08,3.06,3.16,3.06,11160198.0,34778982.0,10:54:55
sh600262,北方股份,15.51,0.45,2.988,15.51,15.52,15.06,15.76,16.55,15.45,16471558.0,261862790.0,10:54:55
sh600265,*ST景谷,22.91,-0.98,-4.102,22.88,22.91,23.89,23.56,23.7,22.41,1200500.0,27401917.0,10:54:49
sh600266,城建发展,4.09,0.07,1.741,4.08,4.09,4.02,4.01,4.11,4.0,19714680.0,80173460.0,10:54:56
sh600267,海正药业,11.91,-0.15,-1.244,11.9,11.91,12.06,12.0,12.26,11.83,24165487.0,289982956.0,10:54:57
sh600268,国电南自,10.45,-0.04,-0.381,10.45,10.46,10.49,10.41,10.53,10.39,3343554.0,34966937.0,10:54:57
sh600269,赣粤高速,3.83,0.05,1.323,3.82,3.83,3.78,3.79,3.84,3.78,10923600.0,41625413.0,10:54:55
sh600271,航天信息,6.79,0.13,1.952,6.79,6.8,6.66,6.63,6.82,6.62,7910094.0,53446571.0,10:54:54
sh600272,开开实业,19.0,0.85,4.683,18.99,19.0,18.15,17.61,19.59,16.67,38110021.0,704671547.0,10:54:57
sh600273,嘉化能源,6.62,0.08,1.223,6.61,6.62,6.54,6.51,6.66,6.49,10233700.0,67569671.0,10:54:56
sh600276,恒瑞医药,46.41,-0.35,-0.749,46.41,46.42,46.76,46.53,46.88,46.22,38794902.0,1807486617.0,10:54:55
sh600278,东方创业,6.28,0.14,2.28,6.28,6.29,6.14,6.11,6.29,6.1,2825800.0,17649496.0,10:54:55
sh600279,重庆港,4.43,0.12,2.784,4.42,4.43,4.31,4.32,4.45,4.31,7504120.0,32977628.0,10:54:57
sh600280,中央商场,3.04,0.12,4.11,3.03,3.04,2.92,2.92,3.08,2.92,23297439.0,70230666.0,10:54:56
sh600281,华阳新材,5.05,0.46,10.022,5.05,0.0,4.59,4.6,5.05,4.5,30724900.0,151989178.0,10:54:52
sh600282,南钢股份,4.71,-0.07,-1.464,4.71,4.72,4.78,4.77,4.81,4.69,17602900.0,83371496.0,10:54:55
sh600283,钱江水利,7.82,0.03,0.385,7.81,7.82,7.79,7.76,7.83,7.73,882740.0,6877869.0,10:54:51
sh600284,浦东建设,5.09,0.08,1.597,5.08,5.09,5.01,5.0,5.11,4.99,6907096.0,34961731.0,10:54:56
sh600285,羚锐制药,19.69,0.11,0.562,19.68,19.69,19.58,19.58,19.75,19.54,3145599.0,61873808.0,10:54:55
sh600287,苏豪时尚,4.86,0.09,1.887,4.85,4.86,4.77,4.72,4.88,4.72,1788000.0,8644933.0,10:54:48
sh600288,大恒科技,10.96,-0.11,-0.994,10.95,10.96,11.07,10.91,11.09,10.84,9444300.0,103688495.0,10:54:55
sh600289,ST信通,4.48,0.22,5.164,4.47,4.49,4.26,4.22,4.65,4.22,2800400.0,12559076.0,10:54:39
sh600292,电投水电,12.11,-0.04,-0.329,12.1,12.11,12.15,12.15,12.2,12.0,3266400.0,39581166.0,10:54:56
sh600293,三峡新材,2.82,0.03,1.075,2.82,2.83,2.79,2.78,2.84,2.75,13102100.0,36751822.0,10:54:57
sh600295,鄂尔多斯,13.03,-0.01,-0.077,13.02,13.03,13.04,12.99,13.18,12.99,3112099.0,40684710.0,10:54:57
sh600298,安琪酵母,41.29,0.72,1.775,41.29,41.3,40.57,40.8,41.65,40.5,3848386.0,158811710.0,10:54:55
sh600299,安迪苏,8.38,0.01,0.119,8.38,8.39,8.37,8.34,8.5,8.33,15422300.0,130227937.0,10:54:57
sh600300,维维股份,3.16,-0.02,-0.629,3.15,3.16,3.18,3.15,3.2,3.11,22936484.0,72171218.0,10:54:57
sh600301,华锡有色,44.92,-2.41,-5.092,44.9,44.92,47.33,46.79,46.88,44.86,4729501.0,216558702.0,10:55:02
sh600302,ST标准,6.34,0.03,0.475,6.33,6.34,6.31,6.34,6.41,6.23,907300.0,5752889.0,10:54:54
sh600303,曙光股份,2.86,0.03,1.06,2.86,2.87,2.83,2.82,2.89,2.8,8836781.0,25247326.0,10:54:55
sh600305,恒顺醋业,6.82,0.12,1.791,6.82,6.83,6.7,6.7,6.86,6.68,6886940.0,46832947.0,10:55:01
sh600307,酒钢宏兴,1.45,0.02,1.399,1.44,1.45,1.43,1.43,1.45,1.42,12485300.0,18004886.0,10:55:03
sh600308,华泰股份,3.24,0.07,2.208,3.24,3.25,3.17,3.16,3.26,3.15,8377680.0,27015334.0,10:55:01
sh600309,万华化学,72.64,-0.55,-0.751,72.63,72.64,73.19,74.03,75.43,72.6,28794704.0,2138414469.0,10:55:04
sh600310,广西能源,4.15,0.04,0.973,4.14,4.15,4.11,4.07,4.19,4.06,20637700.0,85405045.0,10:55:02
sh600312,平高电气,19.97,-0.21,-1.041,19.96,19.97,20.18,20.08,20.26,19.94,7637200.0,153517465.0,10:55:04
sh600313,农发种业,6.91,0.26,3.91,6.91,6.92,6.65,6.62,7.3,6.62,116477998.0,813843317.0,10:55:03
sh600315,上海家化,18.36,0.13,0.713,18.35,18.36,18.23,18.29,18.63,18.22,5102084.0,94001089.0,10:55:03
sh600316,洪都航空,28.47,-0.64,-2.199,28.47,28.48,29.11,29.11,29.37,28.45,4548200.0,130617607.0,10:55:04
sh600318,新力金融,6.55,0.09,1.393,6.55,6.56,6.46,6.42,6.57,6.42,7260458.0,47383973.0,10:55:03
sh600319,亚星化学,6.28,0.02,0.319,6.28,6.29,6.26,6.15,6.4,6.15,5939500.0,37491727.0,10:55:04
sh600320,振华重工,4.1,0.06,1.485,4.1,4.11,4.04,4.05,4.12,4.04,22335689.0,91520557.0,10:55:05
sh600322,津投城开,2.63,0.04,1.544,2.63,2.64,2.59,2.58,2.65,2.57,8477001.0,22205653.0,10:55:01
sh600323,瀚蓝环境,29.88,0.28,0.946,29.88,29.89,29.6,29.79,30.1,29.57,1763064.0,52591040.0,10:55:02
sh600325,华发股份,2.34,0.09,4.0,2.33,2.34,2.25,2.24,2.36,2.23,66141000.0,152823924.0,10:55:02
sh600326,西藏天路,7.05,-0.04,-0.564,7.05,7.06,7.09,7.05,7.09,6.99,7300830.0,51413901.0,10:55:05
sh600327,大东方,4.05,0.04,0.998,4.04,4.05,4.01,4.02,4.1,3.98,12605700.0,50929200.0,10:55:04
sh600328,中盐化工,6.4,0.04,0.629,6.39,6.4,6.36,6.35,6.47,6.33,10969126.0,70557153.0,10:55:04
sh600329,达仁堂,36.04,0.32,0.896,36.03,36.06,35.72,35.6,36.23,35.6,1161212.0,41841848.0,10:54:56
sh600330,天通股份,27.51,1.44,5.524,27.49,27.5,26.07,25.48,28.68,25.42,146131567.0,4027524510.0,10:55:04
sh600331,宏达股份,12.3,-0.75,-5.747,12.3,12.31,13.05,13.05,13.05,12.28,34176295.0,430409812.0,10:55:04
sh600332,白云山,20.16,0.05,0.249,20.16,20.17,20.11,20.11,20.23,19.98,4645418.0,93557773.0,10:55:05
sh600333,长春燃气,6.28,0.02,0.319,6.27,6.28,6.26,6.25,6.34,6.24,4195134.0,26401097.0,10:55:02
sh600335,国机汽车,5.17,0.13,2.579,5.16,5.17,5.04,5.03,5.22,5.03,21205977.0,109297533.0,10:55:04
sh600336,澳柯玛,6.22,0.18,2.98,6.22,6.23,6.04,6.02,6.25,5.99,4550600.0,27908175.0,10:55:04
sh600337,ST美克,3.25,0.0,0.0,3.24,3.25,3.25,3.18,3.28,3.17,7894900.0,25436751.0,10:54:57
sh600338,西藏珠峰,13.42,-0.51,-3.661,13.41,13.42,13.93,13.91,13.98,13.4,25307840.0,346263225.0,10:55:03
sh600339,中油工程,3.42,0.03,0.885,3.41,3.42,3.39,3.37,3.44,3.37,25602683.0,87331607.0,10:55:03
sh600340,*ST华幸,1.08,-0.01,-0.917,1.08,1.09,1.09,1.08,1.09,1.07,12900390.0,13950921.0,10:54:59
sh600343,航天动力,17.88,0.08,0.449,17.87,17.88,17.8,17.6,18.11,17.44,6734288.0,119644019.0,10:55:04
sh600345,长江通信,47.41,-0.29,-0.608,47.39,47.44,47.7,46.7,48.76,45.7,7068792.0,332445053.0,10:55:05
sh600346,恒力石化,18.5,-0.26,-1.386,18.49,18.5,18.76,18.72,19.04,18.46,13518950.0,253050808.0,10:55:04
sh600348,华阳股份,8.98,-0.1,-1.101,8.97,8.98,9.08,9.04,9.19,8.97,18463750.0,167868940.0,10:55:03
sh600350,山东高速,10.97,0.24,2.237,10.97,10.98,10.73,10.75,10.99,10.69,8751487.0,94891284.0,10:55:04
sh600351,亚宝药业,6.92,0.14,2.065,6.92,6.93,6.78,6.75,6.97,6.74,12388100.0,85306128.0,10:55:03
sh600352,浙江龙盛,12.62,-0.32,-2.473,12.62,12.63,12.94,12.81,13.0,12.58,21027715.0,269574832.0,10:55:03
sh600353,旭光电子,35.53,-1.49,-4.025,35.51,35.52,37.02,35.46,36.95,34.9,43029381.0,1543332074.0,10:55:03
sh600354,敦煌种业,7.02,0.39,5.882,7.01,7.02,6.63,6.6,7.29,6.6,85127337.0,603433433.0,10:55:04
sh600356,恒丰纸业,8.98,0.17,1.93,8.98,8.99,8.81,8.76,9.06,8.76,2990616.0,26750548.0,10:55:04
sh600358,国旅联合,5.03,0.04,0.802,5.03,5.04,4.99,4.99,5.11,4.94,2527700.0,12768792.0,10:55:00
sh600359,新农开发,6.69,0.14,2.137,6.69,6.7,6.55,6.49,6.9,6.49,15731281.0,106088521.0,10:55:05
sh600360,华微电子,10.16,-0.3,-2.868,10.16,10.17,10.46,10.25,10.29,10.0,22404500.0,227978009.0,10:55:04
sh600361,创新新材,3.68,-0.03,-0.809,3.67,3.68,3.71,3.7,3.74,3.67,19982719.0,74217417.0,10:55:04
sh600362,江西铜业,43.68,-2.27,-4.94,43.66,43.68,45.95,45.77,45.77,43.6,33787482.0,1501962551.0,10:55:03
sh600363,联创光电,17.33,0.29,1.702,17.32,17.33,17.04,16.99,18.04,16.97,24850733.0,433792082.0,10:55:03
sh600365,ST通葡,2.87,0.03,1.056,2.86,2.87,2.84,2.82,2.92,2.82,2329200.0,6712408.0,10:54:53
sh600366,宁波韵升,11.39,-0.17,-1.471,11.38,11.39,11.56,11.47,11.68,11.39,16152750.0,186074476.0,10:55:04
sh600367,红星发展,37.48,-0.67,-1.756,37.48,37.49,38.15,38.15,40.38,36.36,61032983.0,2349715853.0,10:55:03
sh600368,五洲交通,4.11,0.05,1.232,4.11,4.12,4.06,4.05,4.15,4.05,22507531.0,92626143.0,10:55:04
sh600369,西南证券,4.02,0.01,0.249,4.02,4.03,4.01,4.01,4.05,4.01,12177321.0,49108700.0,10:55:03
sh600370,*ST三房,1.51,0.04,2.721,1.51,1.52,1.47,1.47,1.53,1.46,16004100.0,24135312.0,10:54:59
sh600371,万向德农,8.54,0.66,8.376,8.54,8.55,7.88,7.72,8.67,7.72,34936415.0,296839874.0,10:55:04
sh600372,中航机载,10.79,-0.03,-0.277,10.79,10.8,10.82,10.8,10.85,10.74,6600137.0,71194051.0,10:55:05
sh600373,中文传媒,7.11,0.14,2.009,7.1,7.11,6.97,6.95,7.12,6.94,5027500.0,35507712.0,10:54:58
sh600375,汉马科技,3.77,0.06,1.617,3.77,3.78,3.71,3.69,3.8,3.66,10719400.0,40218880.0,10:55:00
sh600376,首开股份,3.33,0.04,1.216,3.32,3.33,3.29,3.2,3.35,3.2,28807900.0,95266933.0,10:55:04
sh600377,宁沪高速,12.33,0.14,1.148,12.33,12.34,12.19,12.16,12.36,12.15,5917901.0,72697992.0,10:55:04
sh600378,昊华科技,42.62,-1.58,-3.575,42.6,42.62,44.2,42.51,43.6,42.01,20172347.0,863478934.0,10:55:02
sh600379,宝光股份,14.41,-0.24,-1.638,14.41,14.42,14.65,14.6,14.79,14.33,9529251.0,138430302.0,10:55:03
sh600380,健康元,9.19,-0.16,-1.711,9.18,9.19,9.35,9.28,9.38,9.16,14161540.0,130646600.0,10:55:05
sh600381,*ST春天,4.76,0.01,0.211,4.74,4.76,4.75,4.68,4.84,4.63,3220814.0,15251793.0,10:54:50
sh600382,广东明珠,6.34,-0.1,-1.553,6.33,6.34,6.44,6.4,6.46,6.31,4670200.0,29779272.0,10:55:04
sh600383,金地集团,2.21,0.03,1.376,2.21,2.22,2.18,2.18,2.23,2.17,37619839.0,82894436.0,10:55:04
sh600386,北巴传媒,3.41,0.06,1.791,3.41,3.42,3.35,3.35,3.43,3.33,3756900.0,12767334.0,10:54:51
sh600388,紫金龙净,17.26,-0.09,-0.519,17.25,17.26,17.35,17.36,17.49,17.24,3765502.0,65436017.0,10:55:03
sh600389,江山股份,18.39,0.11,0.602,18.39,18.4,18.28,18.2,19.05,18.18,7877282.0,147316439.0,10:55:04
sh600390,五矿资本,4.98,0.08,1.633,4.97,4.98,4.9,4.89,5.0,4.88,28675008.0,142153130.0,10:55:04
sh600391,航发科技,30.84,-0.06,-0.194,30.83,30.84,30.9,31.33,31.44,30.3,3270006.0,100874247.0,10:55:03
sh600392,盛和资源,21.95,-0.89,-3.897,21.95,21.96,22.84,22.4,22.95,21.95,31899478.0,713825396.0,10:55:05
sh600395,盘江股份,5.51,0.01,0.182,5.51,5.52,5.5,5.43,5.65,5.43,25961932.0,144334466.0,10:55:02
sh600396,华电辽能,14.06,-0.11,-0.776,14.05,14.06,14.17,14.08,14.59,13.8,78963018.0,1123937858.0,10:55:04
sh600397,江钨装备,17.29,-0.94,-5.156,17.29,17.3,18.23,18.0,18.21,17.2,53777817.0,951269791.0,10:55:04
sh600398,海澜之家,6.01,0.03,0.502,6.01,6.02,5.98,5.99,6.06,5.98,11433642.0,68752735.0,10:55:02
sh600399,抚顺特钢,4.27,0.09,2.153,4.27,4.28,4.18,4.18,4.31,4.17,24565247.0,104851134.0,10:55:03
sh600400,红豆股份,2.96,-0.03,-1.003,2.96,2.97,2.99,2.99,3.03,2.87,19351285.0,56967784.0,10:55:05
sh600403,大有能源,7.09,-0.21,-2.877,7.08,7.09,7.3,7.23,7.55,7.01,127683652.0,933600628.0,10:55:04
sh600405,动力源,4.53,0.02,0.443,4.52,4.53,4.51,4.51,4.58,4.46,3629300.0,16404441.0,10:54:55
sh600406,国电南瑞,23.14,-0.13,-0.559,23.13,23.14,23.27,23.27,23.31,23.12,9941988.0,230903105.0,10:54:58
sh600408,安泰集团,2.92,0.06,2.098,2.91,2.92,2.86,2.85,2.98,2.82,57702801.0,168261627.0,10:54:57
sh600409,三友化工,6.91,-0.01,-0.145,6.9,6.91,6.92,6.89,7.11,6.88,27888200.0,195788293.0,10:54:59
sh600410,华胜天成,12.99,0.01,0.077,12.98,12.99,12.98,12.85,13.12,12.74,14700679.0,190238113.0,10:54:58
sh600415,小商品城,12.2,-0.1,-0.813,12.2,12.21,12.3,12.26,12.43,12.05,26362320.0,321843007.0,10:54:57
sh600416,湘电股份,8.33,0.07,0.847,8.32,8.33,8.26,8.25,8.38,8.2,5714024.0,47403937.0,10:54:59
sh600418,江淮汽车,20.38,0.26,1.292,20.37,20.38,20.12,20.04,20.6,19.85,36466257.0,741726418.0,10:54:57
sh600419,天润乳业,8.71,0.07,0.81,8.71,8.72,8.64,8.67,8.76,8.63,2330700.0,20319295.0,10:54:46
sh600420,国药现代,8.51,0.06,0.71,8.5,8.52,8.45,8.44,8.54,8.41,3901800.0,33186370.0,10:54:57
sh600422,昆药集团,8.44,0.13,1.564,8.43,8.44,8.31,8.3,8.49,8.28,3983703.0,33516884.0,10:54:57
sh600423,*ST柳化,2.84,0.02,0.709,2.84,2.85,2.82,2.82,2.86,2.8,1212000.0,3440847.0,10:54:34
sh600425,青松建化,3.65,0.03,0.829,3.65,3.66,3.62,3.6,3.67,3.6,10689400.0,38946196.0,10:54:57
sh600426,华鲁恒升,20.02,-0.05,-0.249,20.01,20.02,20.07,20.11,20.69,20.0,26952182.0,549721281.0,10:54:59
sh600428,中远海特,11.19,-0.16,-1.41,11.18,11.19,11.35,11.36,11.5,11.16,21743750.0,246150635.0,10:54:59
sh600429,三元股份,4.59,0.1,2.227,4.59,4.6,4.49,4.49,4.65,4.49,9084000.0,41641565.0,10:54:56
sh600433,冠豪高新,3.34,0.09,2.769,3.33,3.34,3.25,3.23,3.36,3.23,19982085.0,66333687.0,10:54:57
sh600435,北方导航,10.52,0.2,1.938,10.51,10.52,10.32,10.29,10.68,10.29,10203242.0,107298560.0,10:54:59
sh600436,片仔癀,125.43,1.67,1.349,125.43,125.44,123.76,123.76,125.8,123.0,1993821.0,248556548.0,10:54:57
sh600438,通威股份,11.91,-0.21,-1.733,11.91,11.92,12.12,12.04,12.12,11.9,15657623.0,187914731.0,10:54:59
sh600439,ST瑞贝卡,1.87,0.02,1.081,1.86,1.87,1.85,1.85,1.87,1.84,5921600.0,10986002.0,10:54:53
sh600444,国机通用,14.32,0.27,1.922,14.31,14.32,14.05,14.0,14.44,14.0,1893600.0,27014505.0,10:54:56
sh600446,金证股份,10.67,0.05,0.471,10.67,10.68,10.62,10.66,10.77,10.6,7998300.0,85483538.0,10:54:58
sh600448,华纺股份,2.96,0.04,1.37,2.94,2.96,2.92,2.93,2.96,2.88,8918600.0,26086529.0,10:54:59
sh600449,宁夏建材,12.86,-0.35,-2.65,12.86,12.87,13.21,12.98,13.29,12.85,9130202.0,118518317.0,10:54:58
sh600452,涪陵电力,9.06,0.03,0.332,9.05,9.06,9.03,9.0,9.14,8.96,8585900.0,77914307.0,10:54:58
sh600455,博通股份,24.02,0.19,0.797,24.0,24.03,23.83,23.8,24.2,23.67,593700.0,14240786.0,10:54:59
sh600456,宝钛股份,27.14,-0.09,-0.331,27.12,27.13,27.23,27.21,27.46,26.96,1976500.0,53750111.0,10:54:57
sh600458,时代新材,11.44,-0.28,-2.389,11.43,11.44,11.72,11.61,11.65,11.32,11447336.0,131358253.0,10:54:58
sh600459,贵研铂业,20.72,-0.63,-2.951,20.71,20.72,21.35,21.36,21.43,20.68,13690056.0,287337273.0,10:54:59
sh600460,士兰微,34.01,-1.55,-4.359,34.0,34.01,35.56,34.18,34.94,33.05,115777190.0,3928322999.0,10:54:58
sh600461,洪城环境,9.0,0.09,1.01,8.99,9.0,8.91,8.92,9.0,8.9,4761600.0,42613542.0,10:54:55
sh600463,空港股份,8.2,0.17,2.117,8.2,8.21,8.03,8.01,8.22,8.0,1972400.0,16067904.0,10:54:57
sh600467,好当家,2.36,0.04,1.724,2.36,2.37,2.32,2.3,2.37,2.3,15187189.0,35635686.0,10:54:58
sh600468,百利电气,5.96,0.09,1.533,5.95,5.96,5.87,5.88,6.0,5.81,9976300.0,59260709.0,10:54:57
sh600469,风神股份,5.24,0.02,0.383,5.24,5.25,5.22,5.2,5.3,5.19,4177101.0,21959717.0,10:54:57
sh600470,六国化工,5.93,0.54,10.019,5.93,0.0,5.39,5.42,5.93,5.42,33063553.0,192539290.0,10:54:59
sh600475,华光环能,14.89,0.34,2.337,14.88,14.9,14.55,14.55,15.08,14.5,7173800.0,106384402.0,10:54:57
sh600476,*ST湘邮,9.44,0.04,0.426,9.44,9.47,9.4,9.44,9.56,9.36,353300.0,3340513.0,10:54:55
sh600477,杭萧钢构,2.43,0.05,2.101,2.42,2.43,2.38,2.38,2.44,2.36,17257286.0,41635682.0,10:54:58
sh600478,科力远,4.85,-0.06,-1.222,4.84,4.85,4.91,4.89,4.95,4.84,13229150.0,64652462.0,10:54:59
sh600479,千金药业,9.9,0.1,1.02,9.89,9.9,9.8,9.78,9.91,9.76,2664720.0,26259071.0,10:54:53
sh600480,凌云股份,8.29,0.06,0.729,8.29,8.3,8.23,8.18,8.37,8.16,5321504.0,44125448.0,10:54:59
sh600481,双良节能,4.21,0.02,0.477,4.2,4.21,4.19,4.17,4.26,4.15,20492800.0,86276412.0,10:54:57
sh600482,中国动力,31.77,0.11,0.347,31.75,31.77,31.66,31.1,32.05,31.1,4854387.0,153493428.0,10:54:57
sh600483,福能股份,10.69,-0.14,-1.293,10.69,10.7,10.83,10.78,10.98,10.67,8474830.0,91548491.0,10:54:56
sh600486,扬农化工,54.66,-0.09,-0.164,54.66,54.67,54.75,54.74,56.25,54.02,3608941.0,200293688.0,10:54:59
sh600487,亨通光电,63.11,2.68,4.435,63.1,63.11,60.43,58.2,64.89,57.0,148988861.0,9098653758.0,10:54:58
sh600488,津药药业,5.28,0.11,2.128,5.27,5.28,5.17,5.16,5.38,5.07,40602300.0,214122267.0,10:54:59
sh600489,中金黄金,26.03,-1.23,-4.512,26.01,26.03,27.26,27.45,27.45,25.89,74536024.0,1977061015.0,10:54:57
sh600490,鹏欣资源,7.18,-0.27,-3.624,7.17,7.18,7.45,7.5,7.61,7.17,46738769.0,345354938.0,10:54:58
sh600491,ST龙元,1.78,0.0,0.0,1.78,1.79,1.78,1.75,1.85,1.74,59188200.0,106183013.0,10:54:57
sh600493,凤竹纺织,6.1,0.07,1.161,6.09,6.1,6.03,6.02,6.15,5.94,3207400.0,19455605.0,10:54:59
sh600495,晋西车轴,4.1,0.05,1.235,4.09,4.1,4.05,4.03,4.11,4.01,6132620.0,24937345.0,10:54:54
sh600496,精工钢构,3.42,0.05,1.484,3.41,3.42,3.37,3.35,3.43,3.35,15701902.0,53376925.0,10:54:58
sh600497,驰宏锌锗,9.78,-0.41,-4.024,9.77,9.78,10.19,10.1,10.1,9.75,82891487.0,819117451.0,10:54:58
sh600498,烽火通信,40.02,0.9,2.301,40.0,40.02,39.12,37.89,40.66,37.33,58725248.0,2301810891.0,10:54:56
sh600499,科达制造,14.2,0.24,1.719,14.2,14.21,13.96,14.1,14.53,14.07,24433228.0,350391389.0,10:54:58
sh600500,中化国际,5.2,-0.17,-3.166,5.19,5.2,5.37,5.27,5.36,5.19,61184500.0,321009034.0,10:54:59
sh600501,航天晨光,13.92,0.18,1.31,13.92,13.93,13.74,13.55,14.01,13.55,2330120.0,32227305.0,10:54:56
sh600502,安徽建工,4.53,0.07,1.57,4.53,4.54,4.46,4.46,4.55,4.45,17627942.0,79551261.0,10:54:57
sh600503,华丽家族,2.18,0.06,2.83,2.17,2.18,2.12,2.12,2.19,2.09,16155500.0,34781937.0,10:54:59
sh600505,西昌电力,10.52,0.07,0.67,10.52,10.53,10.45,10.46,10.6,10.37,2706700.0,28448665.0,10:54:57
sh600506,统一股份,15.02,-0.51,-3.284,15.0,15.01,15.53,15.03,15.47,15.01,8719009.0,132008118.0,10:54:57
sh600507,方大特钢,4.29,0.09,2.143,4.28,4.29,4.2,4.2,4.32,4.18,21084568.0,89962927.0,10:54:58
sh600508,上海能源,10.87,0.99,10.02,10.87,0.0,9.88,10.57,10.87,10.56,34914711.0,377900315.0,10:54:59
sh600509,天富能源,7.3,-0.1,-1.351,7.3,7.31,7.4,7.37,7.4,7.3,6946800.0,50957005.0,10:54:57
sh600510,黑牡丹,6.88,0.06,0.88,6.88,6.89,6.82,6.7,6.91,6.6,4420711.0,29893964.0,10:54:56
sh600511,国药股份,26.72,0.46,1.752,26.71,26.72,26.26,26.32,26.76,26.25,2979100.0,79182874.0,10:54:57
sh600512,腾达建设,2.04,0.03,1.493,2.04,2.05,2.01,2.0,2.05,2.0,15978800.0,32391339.0,10:54:59
sh600513,联环药业,15.79,0.15,0.959,15.78,15.79,15.64,15.49,16.06,15.32,7223100.0,114107067.0,10:54:57
sh600515,海南机场,2.77,0.02,0.727,2.77,2.78,2.75,2.75,2.8,2.74,40681500.0,112986984.0,10:54:58
sh600516,方大炭素,5.05,0.01,0.198,5.04,5.05,5.04,5.02,5.07,5.01,10355900.0,52284413.0,10:54:58
sh600517,国网英大,4.93,0.08,1.649,4.92,4.93,4.85,4.85,4.94,4.85,9341519.0,45885819.0,10:54:59
sh600518,康美药业,1.36,0.02,1.493,1.35,1.36,1.34,1.34,1.37,1.33,66251569.0,89651463.0,10:54:59
sh600519,贵州茅台,1308.35,3.69,0.283,1308.01,1308.3,1304.66,1311.89,1317.0,1303.0,1115726.0,1459558942.0,10:54:59
sh600520,三佳科技,23.5,-0.71,-2.933,23.5,23.51,24.21,23.76,23.88,23.02,3026800.0,71035349.0,10:54:58
sh600521,华海药业,16.0,-0.2,-1.235,15.99,16.0,16.2,16.08,16.25,15.88,12940087.0,208066949.0,10:54:59
sh600522,中天科技,33.35,0.82,2.521,33.35,33.36,32.53,31.8,34.07,31.31,137635183.0,4508390599.0,10:54:59
sh600523,贵航股份,11.88,0.1,0.849,11.88,11.89,11.78,11.78,11.99,11.68,2171984.0,25809787.0,10:54:51
sh600525,ST长园,5.78,0.0,0.0,0.0,0.0,5.78,0.0,0.0,0.0,0.0,0.0,10:54:43
sh600526,菲达环保,4.7,-0.02,-0.424,4.69,4.7,4.72,4.69,4.74,4.68,4983300.0,23454548.0,10:55:01
sh600527,江南高纤,2.23,0.06,2.765,2.22,2.23,2.17,2.16,2.25,2.16,50107588.0,110999365.0,10:55:00
sh600528,中铁工业,7.06,0.1,1.437,7.05,7.06,6.96,6.92,7.06,6.92,4825315.0,33877756.0,10:55:01
sh600529,山东药玻,19.19,0.47,2.511,19.18,19.19,18.72,18.91,19.35,18.79,7724314.0,147780186.0,10:55:03
sh600530,ST交昂,3.73,0.12,3.324,3.72,3.73,3.61,3.62,3.73,3.58,4163300.0,15238111.0,10:54:59
sh600531,豫光金铅,13.19,-0.7,-5.04,13.18,13.19,13.89,13.82,13.96,13.17,47153205.0,637319879.0,10:55:00
sh600533,栖霞建设,2.18,0.04,1.869,2.18,2.19,2.14,2.13,2.2,2.13,6814300.0,14771254.0,10:55:02
sh600535,天士力,14.79,-0.03,-0.202,14.78,14.79,14.82,14.9,14.91,14.68,6213589.0,91865416.0,10:55:03
sh600536,中国软件,32.2,-1.0,-3.012,32.2,32.21,33.2,33.0,33.2,32.2,14597828.0,475767104.0,10:55:02
sh600537,*ST亿晶,2.08,-0.02,-0.952,2.08,2.09,2.1,2.08,2.11,2.07,8011100.0,16754737.0,10:55:03
sh600538,国发股份,5.21,0.08,1.559,5.21,5.22,5.13,5.15,5.26,5.05,3786300.0,19596018.0,10:55:03
sh600539,狮头股份,14.74,-0.12,-0.808,14.73,14.74,14.86,14.72,14.97,14.43,5728201.0,84160673.0,10:55:00
sh600540,新赛股份,4.09,0.04,0.988,4.08,4.09,4.05,4.0,4.17,4.0,28611100.0,117848921.0,10:55:01
sh600543,*ST莫高,4.14,0.06,1.471,4.14,4.15,4.08,4.05,4.18,4.05,1660602.0,6874639.0,10:54:49
sh600545,卓郎智能,4.08,0.0,0.0,4.08,4.09,4.08,4.01,4.17,3.96,33902000.0,137694871.0,10:55:00
sh600546,山煤国际,13.49,-0.17,-1.245,13.48,13.49,13.66,13.66,13.89,13.47,15153800.0,206930601.0,10:55:01
sh600547,山东黄金,34.43,-2.07,-5.671,34.42,34.43,36.5,36.9,37.5,34.38,94185815.0,3311183499.0,10:55:03
sh600548,深高速,8.24,-0.01,-0.121,8.23,8.24,8.25,8.2,8.27,8.2,1082125.0,8905038.0,10:55:00
sh600549,厦门钨业,51.37,-2.56,-4.747,51.36,51.37,53.93,52.6,53.15,51.14,24805554.0,1289554729.0,10:55:02
sh600550,保变电气,10.9,-0.01,-0.092,10.89,10.9,10.91,10.91,11.03,10.79,7312583.0,79909272.0,10:55:02
sh600551,时代出版,6.91,0.08,1.171,6.9,6.92,6.83,6.84,6.92,6.8,2149181.0,14780384.0,10:55:01
sh600552,凯盛科技,17.12,-0.37,-2.115,17.11,17.12,17.49,17.08,17.4,16.61,21570200.0,366955675.0,10:55:01
sh600556,天下秀,4.53,0.05,1.116,4.53,4.54,4.48,4.5,4.57,4.46,14002119.0,63312873.0,10:55:01
sh600557,康缘药业,12.03,0.12,1.008,12.02,12.04,11.91,11.94,12.09,11.85,2707200.0,32423629.0,10:55:02
sh600558,大西洋,4.82,0.04,0.837,4.82,4.83,4.78,4.74,4.86,4.74,5218001.0,25088834.0,10:55:00
sh600559,老白干酒,11.7,0.18,1.563,11.69,11.7,11.52,11.57,11.77,11.53,5943604.0,69511905.0,10:55:01
sh600560,金自天正,11.19,0.19,1.727,11.18,11.2,11.0,11.0,11.28,10.91,1160600.0,12930694.0,10:54:51
sh600561,江西长运,5.72,0.06,1.06,5.72,5.73,5.66,5.65,5.78,5.58,1684100.0,9610955.0,10:54:57
sh600562,国睿科技,26.09,-0.02,-0.077,26.09,26.1,26.11,26.08,26.3,25.69,4084747.0,106339208.0,10:55:02
sh600563,法拉电子,125.88,-0.39,-0.309,125.89,126.0,126.27,125.29,126.95,123.0,1384495.0,172862765.0,10:55:02
sh600566,济川药业,24.87,0.47,1.926,24.87,24.89,24.4,24.27,24.97,24.27,3329255.0,82536481.0,10:55:03
sh600567,山鹰国际,1.35,0.02,1.504,1.34,1.35,1.33,1.32,1.35,1.32,32111470.0,42957984.0,10:55:01
sh600568,ST中珠,2.15,-0.01,-0.463,2.14,2.15,2.16,2.15,2.16,2.13,2115989.0,4535898.0,10:54:58
sh600569,安阳钢铁,1.78,0.02,1.136,1.78,1.79,1.76,1.76,1.8,1.75,12639124.0,22513909.0,10:55:02
sh600570,恒生电子,21.23,0.09,0.426,21.22,21.23,21.14,21.06,21.31,20.99,8135103.0,172301327.0,10:55:00
sh600571,信雅达,10.92,0.56,5.405,10.92,10.93,10.36,10.39,11.08,10.33,14624002.0,157928826.0,10:55:01
sh600572,康恩贝,4.27,0.06,1.425,4.27,4.28,4.21,4.19,4.3,4.18,31956473.0,136183997.0,10:55:03
sh600573,惠泉啤酒,9.86,0.1,1.025,9.86,9.87,9.76,9.75,9.92,9.71,2310600.0,22750437.0,10:55:03
sh600575,淮河能源,3.34,0.04,1.212,3.33,3.34,3.3,3.3,3.35,3.29,17287300.0,57531295.0,10:55:01
sh600576,祥源文旅,5.53,0.08,1.468,5.52,5.53,5.45,5.43,5.55,5.43,5052983.0,27901065.0,10:55:00
sh600577,精达股份,8.4,-0.15,-1.754,8.39,8.4,8.55,8.48,8.69,8.35,46865595.0,397231595.0,10:55:01
sh600578,京能电力,5.5,-0.07,-1.257,5.5,5.51,5.57,5.53,5.56,5.46,28372437.0,156414186.0,10:55:02
sh600579,中化装备,6.87,0.09,1.327,6.86,6.88,6.78,6.71,6.89,6.7,1663800.0,11350504.0,10:54:53
sh600580,卧龙电驱,29.39,-0.13,-0.44,29.39,29.4,29.52,29.05,29.84,29.02,15652217.0,462885873.0,10:55:02
sh600581,*ST八钢,2.3,0.01,0.437,2.3,2.31,2.29,2.29,2.31,2.28,2136900.0,4908250.0,10:54:53
sh600582,天地科技,4.9,0.12,2.51,4.89,4.9,4.78,4.78,4.9,4.76,14905471.0,72307378.0,10:55:00
sh600583,海油工程,6.06,-0.04,-0.656,6.06,6.07,6.1,6.07,6.15,6.01,14594200.0,88924434.0,10:55:00
sh600584,长电科技,73.34,-0.46,-0.623,73.34,73.35,73.8,72.57,74.25,71.06,52638599.0,3830567913.0,10:55:01
sh600585,海螺水泥,17.56,-0.01,-0.057,17.56,17.57,17.57,17.57,17.68,17.53,7201655.0,126743672.0,10:55:02
sh600586,金晶科技,4.18,0.01,0.24,4.18,4.19,4.17,4.14,4.22,4.13,7337100.0,30699439.0,10:55:01
sh600587,新华医疗,12.37,0.14,1.145,12.37,12.38,12.23,12.24,12.43,12.2,2140514.0,26430587.0,10:54:56
sh600588,用友网络,10.06,-0.07,-0.691,10.05,10.06,10.13,10.12,10.17,9.95,21316721.0,214180056.0,10:55:02
sh600589,大位科技,7.35,-0.07,-0.943,7.34,7.35,7.42,7.3,7.46,7.21,18911914.0,138546532.0,10:55:03
sh600590,泰豪科技,8.15,0.04,0.493,8.15,8.16,8.11,7.9,8.29,7.9,8252370.0,67210849.0,10:55:02
sh600592,龙溪股份,13.94,0.14,1.014,13.92,13.94,13.8,13.66,14.09,13.66,2224114.0,30954769.0,10:55:01
sh600593,大连圣亚,39.7,0.54,1.379,39.7,39.71,39.16,39.26,40.83,39.26,3741900.0,149902961.0,10:55:03
sh600594,益佰制药,3.81,-0.28,-6.846,3.81,3.82,4.09,4.05,4.05,3.7,63158202.0,241740208.0,10:55:01
sh600595,中孚实业,6.1,-0.09,-1.454,6.1,6.11,6.19,6.14,6.18,6.09,27228605.0,166976943.0,10:55:02
sh600596,新安股份,10.3,-0.08,-0.771,10.29,10.3,10.38,10.3,10.51,10.23,16130632.0,167884976.0,10:55:02
sh600597,光明乳业,6.8,0.16,2.41,6.8,6.81,6.64,6.66,6.82,6.63,6474999.0,43777138.0,10:55:03
sh600598,北大荒,13.26,0.49,3.837,13.26,13.27,12.77,12.52,13.84,12.52,58517581.0,778283194.0,10:55:03
sh600600,青岛啤酒,51.14,0.42,0.828,51.13,51.14,50.72,50.77,51.22,50.77,1547794.0,78975599.0,10:55:01
sh600601,方正科技,11.32,-0.22,-1.906,11.31,11.32,11.54,11.27,11.52,11.08,66840182.0,755153840.0,10:55:00
sh600602,云赛智联,18.7,0.02,0.107,18.7,18.71,18.68,18.28,18.93,18.16,16583317.0,308486645.0,10:55:03
sh600603,广汇物流,4.57,0.16,3.628,4.56,4.57,4.41,4.41,4.63,4.38,10243200.0,46164097.0,10:55:00
sh600604,市北高新,4.58,-0.36,-7.287,4.57,4.58,4.94,4.9,4.9,4.57,37899203.0,175899590.0,10:55:03
sh600605,汇通能源,25.71,1.55,6.416,25.7,25.71,24.16,24.52,25.99,23.85,2527599.0,63369309.0,10:55:02
sh600606,绿地控股,1.27,0.02,1.6,1.26,1.27,1.25,1.25,1.28,1.24,48055393.0,60788430.0,10:55:01
sh600609,金杯汽车,3.28,0.07,2.181,3.28,3.29,3.21,3.2,3.29,3.19,11585337.0,37735548.0,10:54:56
sh600610,中毅达,8.75,0.09,1.039,8.74,8.75,8.66,8.66,9.53,8.58,92113108.0,827508379.0,10:55:03
sh600611,大众交通,4.49,-0.07,-1.535,4.48,4.49,4.56,4.33,4.58,4.32,50816358.0,225356003.0,10:55:01
sh600612,老凤祥,35.46,-0.18,-0.505,35.46,35.47,35.64,35.64,36.18,35.3,1358200.0,48458268.0,10:55:03
sh600613,神奇制药,9.79,-0.11,-1.111,9.78,9.79,9.9,9.55,10.23,9.06,114582549.0,1113872504.0,10:55:03
sh600615,鑫源智造,9.4,0.04,0.427,9.39,9.4,9.36,9.37,9.46,9.23,940600.0,8819050.0,10:55:01
sh600616,金枫酒业,4.36,0.11,2.588,4.36,4.37,4.25,4.23,4.38,4.23,3941440.0,17071900.0,10:54:57
sh600617,国新能源,3.33,0.03,0.909,3.32,3.33,3.3,3.28,3.36,3.25,12830272.0,42631072.0,10:55:02
sh600618,氯碱化工,10.12,-0.02,-0.197,10.11,10.12,10.14,10.09,10.28,10.06,4430600.0,45184017.0,10:55:02
sh600619,海立股份,14.13,-0.14,-0.981,14.12,14.13,14.27,14.26,14.48,14.13,9687000.0,138298584.0,10:55:00
sh600620,XD天宸股,4.41,0.07,1.613,4.41,4.42,4.34,4.32,4.44,4.31,2467442.0,10837970.0,10:54:58
sh600621,华鑫股份,12.7,0.0,0.0,12.7,12.71,12.7,12.7,12.77,12.67,1584859.0,20167200.0,10:55:00
sh600622,光大嘉宝,2.26,0.05,2.262,2.25,2.26,2.21,2.2,2.27,2.19,8105900.0,18168029.0,10:54:59
sh600623,华谊集团,8.05,-0.03,-0.371,8.04,8.05,8.08,8.11,8.19,8.04,7252194.0,58939576.0,10:54:57
sh600624,ST复华,4.13,0.06,1.474,4.12,4.13,4.07,4.07,4.16,4.05,1331800.0,5466923.0,10:54:56
sh600626,申达股份,3.6,0.08,2.273,3.6,3.61,3.52,3.53,3.62,3.5,6959043.0,24932530.0,10:54:56
sh600628,新世界,6.24,0.14,2.295,6.24,6.25,6.1,6.07,6.27,6.07,5404048.0,33584564.0,10:54:58
sh600629,华建集团,16.15,0.17,1.064,16.14,16.15,15.98,15.88,16.29,15.63,11507408.0,183659823.0,10:54:58
sh600630,龙头股份,6.75,0.15,2.273,6.75,6.76,6.6,6.56,6.8,6.56,7107050.0,47747605.0,10:54:57
sh600633,浙数文化,10.02,0.06,0.602,10.02,10.03,9.96,9.93,10.09,9.92,6097172.0,61062522.0,10:54:58
sh600635,大众公用,4.53,0.04,0.891,4.53,4.54,4.49,4.49,4.57,4.46,18307650.0,82941774.0,10:54:59
sh600637,东方明珠,8.29,0.29,3.625,8.29,8.3,8.0,8.16,8.4,8.1,48417777.0,401486406.0,10:54:57
sh600638,新黄浦,4.99,0.13,2.675,4.99,5.0,4.86,4.84,5.0,4.84,6638798.0,32848633.0,10:54:57
sh600639,浦东金桥,9.45,0.09,0.962,9.45,9.46,9.36,9.37,9.48,9.33,1779900.0,16774939.0,10:54:56
sh600640,国脉文化,10.53,0.09,0.862,10.52,10.53,10.44,10.28,10.59,10.2,4385000.0,45588604.0,10:54:59
sh600641,先导基电,30.65,-1.52,-4.725,30.66,30.68,32.17,31.21,31.43,29.7,36579727.0,1116368818.0,10:54:58
sh600642,申能股份,8.44,-0.05,-0.589,8.44,8.45,8.49,8.54,8.54,8.43,5408900.0,45873914.0,10:54:57
sh600643,爱建集团,4.06,0.11,2.785,4.05,4.06,3.95,3.94,4.08,3.92,12628900.0,50894347.0,10:54:58
sh600644,乐山电力,8.74,-0.02,-0.228,8.72,8.73,8.76,8.65,8.81,8.6,6912900.0,60290141.0,10:54:59
sh600645,中源协和,19.22,-0.01,-0.052,19.21,19.23,19.23,19.13,19.49,18.92,4710750.0,90738774.0,10:54:58
sh600648,外高桥,9.24,0.22,2.439,9.23,9.24,9.02,9.03,9.26,9.0,2492402.0,22866892.0,10:54:59
sh600649,城投控股,3.86,0.05,1.312,3.85,3.86,3.81,3.8,3.89,3.79,16258496.0,62668686.0,10:54:57
sh600650,锦江在线,10.41,-0.04,-0.383,10.41,10.42,10.45,10.3,10.55,10.29,1395100.0,14524522.0,10:54:58
sh600651,飞乐音响,5.61,-0.05,-0.883,5.61,5.62,5.66,5.65,5.75,5.59,10879100.0,61386963.0,10:54:59
sh600653,申华控股,1.7,0.04,2.41,1.69,1.7,1.66,1.66,1.7,1.65,11185393.0,18867187.0,10:54:57
sh600654,中安科,2.94,0.07,2.439,2.94,2.95,2.87,2.86,3.04,2.84,44824503.0,131956458.0,10:54:59
sh600655,豫园股份,4.63,0.04,0.871,4.62,4.63,4.59,4.56,4.67,4.56,7307823.0,33783931.0,10:54:58
sh600657,信达地产,2.62,0.07,2.745,2.62,2.63,2.55,2.56,2.64,2.54,14206000.0,37039267.0,10:54:57
sh600658,电子城,3.99,0.09,2.308,3.98,3.99,3.9,3.92,4.01,3.89,5957220.0,23653916.0,10:54:57
sh600660,福耀玻璃,57.94,1.45,2.567,57.9,57.95,56.49,56.8,58.1,56.36,7759584.0,446422704.0,10:54:59
sh600661,昂立教育,8.48,-0.01,-0.118,8.47,8.48,8.49,8.47,8.53,8.36,2254200.0,19045426.0,10:54:58
sh600662,外服控股,4.23,0.07,1.683,4.23,4.24,4.16,4.17,4.25,4.15,6361607.0,26755392.0,10:54:57
sh600663,陆家嘴,9.39,0.04,0.428,9.39,9.4,9.35,9.26,9.43,9.26,6066492.0,56763816.0,10:54:57
sh600664,哈药股份,8.2,-0.02,-0.243,8.2,8.21,8.22,8.1,8.39,7.92,180284296.0,1481471101.0,10:54:59
sh600665,天地源,3.45,0.0,0.0,3.45,3.46,3.45,3.45,3.5,3.4,3754500.0,12992128.0,10:54:59
sh600666,奥瑞德,3.37,-0.01,-0.296,3.36,3.37,3.38,3.34,3.42,3.3,32168720.0,108325747.0,10:54:57
sh600667,太极实业,19.79,-0.51,-2.512,19.77,19.79,20.3,19.5,20.13,19.05,103412958.0,2027683586.0,10:54:59
sh600668,尖峰集团,7.33,0.09,1.243,7.33,7.35,7.24,7.2,7.36,7.2,1911400.0,13969031.0,10:54:59
sh600671,天目药业,19.92,0.08,0.403,19.92,19.94,19.84,19.81,20.13,19.53,694500.0,13866349.0,10:54:58
sh600673,东阳光,31.77,-0.8,-2.456,31.76,31.77,32.57,31.95,32.33,31.35,12237682.0,389592754.0,10:54:58
sh600674,川投能源,15.63,0.04,0.257,15.63,15.64,15.59,15.58,15.65,15.45,9484600.0,147494299.0,10:54:58
sh600675,中华企业,2.25,0.05,2.273,2.25,2.26,2.2,2.19,2.26,2.19,21532446.0,48180975.0,10:54:57
sh600676,久事动娱,6.61,0.12,1.849,6.6,6.61,6.49,6.5,6.63,6.46,2887300.0,18956201.0,10:54:54
sh600678,ST金顶,5.34,0.02,0.376,5.34,5.35,5.32,5.26,5.36,5.23,2102400.0,11187646.0,10:54:57
sh600679,上海凤凰,9.64,0.16,1.688,9.63,9.64,9.48,9.39,9.67,9.39,1878400.0,18063004.0,10:54:57
sh600681,百川能源,3.46,0.06,1.765,3.46,3.47,3.4,3.39,3.48,3.38,12029880.0,41480496.0,10:54:59
sh600682,南京新百,5.69,0.1,1.789,5.68,5.69,5.59,5.64,5.71,5.58,6503792.0,36795337.0,10:54:56
sh600683,京投发展,9.93,0.08,0.812,9.93,9.94,9.85,9.93,10.17,9.56,24588100.0,242540426.0,10:54:57
sh600684,珠江股份,3.54,0.08,2.312,3.54,3.55,3.46,3.44,3.56,3.42,9783340.0,34467710.0,10:54:57
sh600685,中船防务,25.86,0.26,1.016,25.85,25.86,25.6,25.58,26.0,25.51,3818132.0,98427071.0,10:54:57
sh600686,金龙汽车,10.96,0.24,2.239,10.95,10.96,10.72,10.7,11.3,10.68,13791260.0,152406732.0,10:54:58
sh600688,上海石化,2.86,0.02,0.704,2.85,2.86,2.84,2.83,2.88,2.83,51946668.0,148420878.0,10:54:58
sh600689,上海三毛,10.77,0.14,1.317,10.76,10.77,10.63,10.61,10.86,10.54,1300800.0,13967390.0,10:54:56
sh600690,海尔智家,21.35,0.41,1.958,21.33,21.34,20.94,21.08,21.35,20.96,16488957.0,349414010.0,10:54:58
sh600691,潞化科技,2.56,0.01,0.392,2.56,2.57,2.55,2.53,2.63,2.51,25487900.0,66040951.0,10:54:58
sh600692,亚通股份,6.37,0.12,1.92,6.37,6.38,6.25,6.21,6.41,6.21,4756300.0,30251082.0,10:54:57
sh600693,东百集团,8.84,0.33,3.878,8.84,8.85,8.51,8.45,9.29,8.42,48487743.0,432396240.0,10:54:57
sh600694,大商股份,14.58,0.15,1.04,14.57,14.58,14.43,14.44,14.61,14.35,1619486.0,23531266.0,10:54:54
sh600697,欧亚集团,10.88,0.1,0.928,10.88,10.89,10.78,10.69,10.99,10.6,2542000.0,27622559.0,10:54:57
sh600698,湖南天雁,7.28,0.66,9.97,7.28,0.0,6.62,6.77,7.28,6.67,27996556.0,200904240.0,10:54:58
sh600699,均胜电子,18.87,-0.22,-1.152,18.86,18.87,19.09,18.88,19.09,18.68,8180600.0,154263488.0,10:54:58
sh600702,舍得酒业,35.01,-0.12,-0.342,35.0,35.01,35.13,35.4,35.66,34.89,3213700.0,113047280.0,10:54:58
sh600703,三安光电,12.9,0.02,0.155,12.89,12.9,12.88,12.65,13.05,12.57,54033283.0,693082383.0,10:54:57
sh600704,物产中大,4.87,-0.01,-0.205,4.87,4.88,4.88,4.87,4.91,4.86,17342500.0,84789185.0,10:54:53
sh600706,曲江文旅,7.96,0.14,1.79,7.95,7.96,7.82,7.85,8.05,7.73,5391380.0,42877964.0,10:54:58
sh600707,彩虹股份,9.01,-0.23,-2.489,9.0,9.01,9.24,9.08,9.15,8.75,52728457.0,472171717.0,10:54:57
sh600708,光明地产,3.02,0.02,0.667,3.01,3.02,3.0,2.97,3.05,2.97,5418490.0,16384360.0,10:54:51
sh600710,苏美达,10.55,0.12,1.151,10.54,10.55,10.43,10.43,10.65,10.39,5345600.0,56494970.0,10:54:56
sh600711,盛屯矿业,11.21,-0.66,-5.56,11.2,11.21,11.87,11.85,11.97,11.18,73060355.0,841003427.0,10:54:57
sh600712,南宁百货,5.34,0.13,2.495,5.33,5.34,5.21,5.2,5.39,5.16,6952400.0,36883969.0,10:54:56
sh600713,南京医药,5.21,0.05,0.969,5.21,5.22,5.16,5.13,5.24,5.13,4403753.0,22891683.0,10:54:54
sh600714,金瑞矿业,14.97,-0.72,-4.589,14.96,14.97,15.69,15.63,15.69,14.92,14397900.0,217834092.0,10:54:57
sh600715,文投控股,1.56,0.01,0.645,1.56,1.57,1.55,1.54,1.58,1.53,13677100.0,21364233.0,10:54:58
sh600716,凤凰股份,3.54,0.05,1.433,3.54,3.55,3.49,3.48,3.56,3.46,1680000.0,5916651.0,10:54:54
sh600717,天津港,4.33,0.03,0.698,4.32,4.33,4.3,4.3,4.34,4.28,11074018.0,47779379.0,10:54:59
sh600718,东软集团,8.15,0.16,2.003,8.15,8.16,7.99,8.03,8.18,7.99,4749253.0,38443990.0,10:54:58
sh600719,大连热电,6.89,-0.01,-0.145,6.88,6.89,6.9,6.85,6.92,6.72,4019426.0,27497196.0,10:54:58
sh600720,中交设计,5.21,0.07,1.362,5.2,5.21,5.14,5.11,5.22,5.11,3217100.0,16669788.0,10:54:53
sh600721,百花医药,14.72,0.53,3.735,14.71,14.72,14.19,13.88,14.98,13.5,85005891.0,1227349234.0,10:54:57
sh600722,金牛化工,14.47,0.09,0.626,14.46,14.47,14.38,14.38,15.2,13.85,92357146.0,1344247911.0,10:54:59
sh600724,宁波富达,5.04,0.06,1.205,5.04,5.05,4.98,4.98,5.09,4.95,2948200.0,14834153.0,10:54:45
sh600725,云维股份,3.28,0.11,3.47,3.28,3.29,3.17,3.16,3.33,3.15,24209300.0,79100694.0,10:54:59
sh600726,华电能源,5.49,-0.08,-1.436,5.49,5.5,5.57,5.52,5.6,5.45,42561714.0,235571568.0,10:54:57
sh600727,鲁北化工,7.46,0.02,0.269,7.46,7.47,7.44,7.45,7.58,7.41,7974400.0,59943906.0,10:54:56
sh600728,佳都科技,4.61,0.1,2.217,4.6,4.61,4.51,4.51,4.63,4.49,13670200.0,62606536.0,10:54:56
sh600729,重百集团,19.43,0.33,1.728,19.43,19.44,19.1,19.1,19.5,19.05,1571900.0,30372584.0,10:54:55
sh600730,*ST高科,9.49,-0.2,-2.064,9.49,9.5,9.69,9.59,9.67,9.41,3702700.0,35232450.0,10:54:56
sh600731,湖南海利,5.84,-0.04,-0.68,5.84,5.85,5.88,5.71,5.87,5.66,3875330.0,22356799.0,10:54:56
sh600732,爱旭股份,11.34,-0.11,-0.961,11.34,11.35,11.45,11.44,11.5,11.23,8005500.0,91112166.0,10:54:55
sh600733,北汽蓝谷,4.9,-0.06,-1.21,4.9,4.91,4.96,4.94,4.97,4.88,36182317.0,178231486.0,10:54:54
sh600734,*ST实达,1.65,0.01,0.61,1.65,1.66,1.64,1.65,1.66,1.63,9315859.0,15372457.0,10:54:51
sh600735,ST新华锦,6.09,0.11,1.839,6.08,6.09,5.98,5.99,6.11,5.99,1441400.0,8738144.0,10:54:46
sh600736,苏州高新,6.73,0.09,1.355,6.73,6.74,6.64,6.59,6.78,6.58,10514354.0,70434673.0,10:54:56
sh600737,中粮糖业,14.91,0.37,2.545,14.91,14.92,14.54,14.21,15.4,14.21,62660240.0,940549980.0,10:54:55
sh600738,丽尚国潮,4.12,0.11,2.743,4.12,4.13,4.01,4.02,4.14,4.0,9014200.0,36932284.0,10:54:56
sh600739,辽宁成大,10.68,0.04,0.376,10.68,10.69,10.64,10.63,10.72,10.6,6343396.0,67742534.0,10:54:56
sh600740,山西焦化,3.82,0.07,1.867,3.82,3.83,3.75,3.75,3.93,3.72,56502673.0,218520798.0,10:54:56
sh600741,华域汽车,15.38,-0.1,-0.646,15.37,15.39,15.48,15.49,15.55,15.34,5157200.0,79541798.0,10:54:57
sh600742,富维股份,7.67,0.09,1.187,7.67,7.68,7.58,7.58,7.7,7.56,2143000.0,16397467.0,10:54:53
sh600743,华远控股,2.23,0.01,0.45,2.23,2.24,2.22,2.22,2.25,2.21,6232060.0,13938960.0,10:54:57
sh600744,华银电力,6.41,0.01,0.156,6.41,6.42,6.4,6.4,6.51,6.3,37419167.0,240826589.0,10:54:56
sh600745,*ST闻泰,18.33,1.13,6.57,18.32,18.33,17.2,17.39,18.92,17.32,60196560.0,1109852263.0,10:54:56
sh600746,江苏索普,6.69,0.02,0.3,6.68,6.69,6.67,6.69,6.81,6.63,9083100.0,61085042.0,10:54:55
sh600748,上实发展,3.85,0.09,2.394,3.84,3.85,3.76,3.77,3.89,3.75,8720300.0,33371361.0,10:54:53
sh600749,西藏旅游,14.92,0.8,5.666,14.91,14.92,14.12,14.31,15.5,14.31,17966315.0,270488821.0,10:54:56
sh600750,华润江中,23.15,0.63,2.798,23.14,23.15,22.52,22.52,23.21,22.5,3340410.0,76561489.0,10:54:56
sh600751,海航科技,3.12,-0.02,-0.637,3.11,3.12,3.14,3.18,3.18,3.11,11761285.0,36878166.0,10:54:55
sh600753,ST海钦,9.98,0.02,0.201,9.97,9.98,9.96,9.99,10.0,9.84,322900.0,3200863.0,10:54:51
sh600754,锦江酒店,19.01,-0.06,-0.315,19.0,19.01,19.07,19.08,19.48,18.95,6126520.0,117398768.0,10:54:55
sh600755,厦门国贸,5.75,0.07,1.232,5.75,5.76,5.68,5.66,5.76,5.66,5829108.0,33374388.0,10:54:55
sh600756,浪潮软件,14.02,0.15,1.081,14.02,14.03,13.87,13.76,14.11,13.71,3908496.0,54690511.0,10:54:52
sh600757,长江传媒,7.78,0.09,1.17,7.77,7.78,7.69,7.66,7.8,7.66,4166300.0,32322307.0,10:54:56
sh600758,辽宁能源,3.56,0.15,4.399,3.56,3.57,3.41,3.4,3.72,3.37,76040158.0,270314697.0,10:54:56
sh600759,ST洲际,2.68,-0.02,-0.741,2.68,2.69,2.7,2.7,2.72,2.62,95961560.0,256083071.0,10:54:57
sh600760,中航沈飞,44.38,-0.68,-1.509,44.37,44.39,45.06,45.0,45.04,44.38,6119203.0,273451997.0,10:54:57
sh600761,安徽合力,16.02,-0.63,-3.784,16.01,16.02,16.65,16.24,16.38,15.95,11972822.0,192374867.0,10:54:55
sh600763,通策医疗,34.89,0.28,0.809,34.89,34.9,34.61,34.5,35.16,34.48,3386109.0,118134536.0,10:54:55
sh600764,中国海防,17.54,0.11,0.631,17.53,17.54,17.43,17.41,17.67,17.37,1985000.0,34808230.0,10:54:56
sh600765,中航重机,13.14,-0.03,-0.228,13.14,13.15,13.17,13.14,13.19,13.08,3309052.0,43467414.0,10:54:48
sh600768,富邦新材,15.1,-0.08,-0.527,15.09,15.11,15.18,15.07,15.32,15.04,1475300.0,22399845.0,10:54:49
sh600769,祥龙电业,14.27,0.09,0.635,14.26,14.27,14.18,13.88,14.43,13.68,7160900.0,100272738.0,10:54:55
sh600770,综艺股份,5.0,0.01,0.2,4.99,5.0,4.99,4.96,5.05,4.9,8674466.0,43098952.0,10:54:56
sh600771,广誉远,13.41,0.17,1.284,13.41,13.42,13.24,13.43,13.44,13.15,3898100.0,51838982.0,10:54:56
sh600773,西藏城投,10.28,-0.51,-4.727,10.27,10.28,10.79,10.7,10.78,10.28,15835300.0,166319840.0,10:54:55
sh600774,汉商集团,7.29,0.12,1.674,7.28,7.29,7.17,7.17,7.36,7.07,1683200.0,12196515.0,10:54:41
sh600775,南京熊猫,9.33,0.12,1.303,9.33,9.34,9.21,9.2,9.41,9.12,4904400.0,45635030.0,10:54:56
sh600776,东方通信,12.77,0.25,1.997,12.77,12.78,12.52,12.45,12.89,12.38,7928942.0,100359708.0,10:54:56
sh600777,新潮能源,4.04,0.01,0.248,4.04,4.05,4.03,4.04,4.06,4.03,6759240.0,27315044.0,10:54:55
sh600778,友好集团,5.55,0.05,0.909,5.55,5.56,5.5,5.4,5.57,5.4,5365900.0,29649428.0,10:54:55
sh600779,水井坊,27.0,0.17,0.634,26.99,27.0,26.83,26.8,27.07,26.74,753900.0,20306095.0,10:54:55
sh600780,通宝能源,5.83,0.04,0.691,5.83,5.84,5.79,5.78,5.86,5.76,4320600.0,25144602.0,10:54:54
sh600782,新钢股份,2.8,0.06,2.19,2.79,2.8,2.74,2.73,2.82,2.73,29961920.0,83353606.0,10:54:57
sh600783,鲁信创投,15.96,-0.14,-0.87,15.95,15.96,16.1,15.87,16.25,15.7,7890307.0,126101146.0,10:54:56
sh600784,鲁银投资,7.64,-0.04,-0.521,7.64,7.65,7.68,7.63,7.73,7.54,4379100.0,33471462.0,10:54:56
sh600785,新华百货,11.12,0.41,3.828,11.11,11.12,10.71,10.78,11.78,10.12,55493241.0,604146186.0,10:54:56
sh600787,中储股份,4.64,0.1,2.203,4.64,4.65,4.54,4.55,4.66,4.55,11784429.0,54397535.0,10:54:55
sh600789,鲁抗医药,7.27,0.08,1.113,7.27,7.28,7.19,7.16,7.32,7.1,10800960.0,78172191.0,10:54:55
sh600790,轻纺城,3.37,0.03,0.898,3.37,3.38,3.34,3.32,3.38,3.32,7453400.0,24958095.0,10:54:57
sh600791,京能置业,7.33,0.01,0.137,7.32,7.33,7.32,7.23,7.48,7.16,5050200.0,36913572.0,10:54:57
sh600792,云煤能源,3.78,0.04,1.07,3.78,3.79,3.74,3.72,3.86,3.69,24994306.0,94852927.0,10:54:55
sh600793,宜宾纸业,14.18,0.25,1.795,14.15,14.18,13.93,13.99,14.48,13.85,5355073.0,76357333.0,10:54:54
sh600794,保税科技,3.22,0.07,2.222,3.21,3.22,3.15,3.16,3.22,3.14,11201600.0,35771716.0,10:54:54
sh600795,国电电力,5.12,-0.04,-0.775,5.12,5.13,5.16,5.16,5.17,5.09,56799870.0,291266302.0,10:54:55
sh600796,钱江生化,5.14,0.05,0.982,5.13,5.14,5.09,5.04,5.15,5.04,2392500.0,12247780.0,10:54:56
sh600797,浙大网新,6.71,0.05,0.751,6.7,6.71,6.66,6.61,6.74,6.59,4766600.0,31832519.0,10:54:57
sh600798,宁波海运,3.3,0.04,1.227,3.29,3.3,3.26,3.21,3.32,3.21,13030800.0,42795851.0,10:54:57
sh600800,渤海化学,3.31,0.03,0.915,3.31,3.32,3.28,3.25,3.34,3.25,12392600.0,41047366.0,10:54:56
sh600801,华新建材,23.1,-0.49,-2.077,23.09,23.11,23.59,23.25,23.8,23.05,3265742.0,76100974.0,10:54:54
sh600802,福建水泥,4.61,0.06,1.319,4.6,4.61,4.55,4.56,4.65,4.52,2982400.0,13739622.0,10:54:48
sh600803,新奥股份,17.53,-0.05,-0.284,17.52,17.53,17.58,17.64,17.85,17.49,3231118.0,57162167.0,10:54:57
sh600805,悦达投资,4.68,0.07,1.518,4.67,4.68,4.61,4.56,4.68,4.56,6852853.0,31747996.0,10:54:57
sh600807,济高发展,2.62,0.03,1.158,2.62,2.63,2.59,2.56,2.65,2.56,6506989.0,17111477.0,10:54:56
sh600808,马钢股份,2.59,0.04,1.569,2.59,2.6,2.55,2.54,2.63,2.53,57638770.0,149419647.0,10:54:57
sh600809,山西汾酒,116.3,-0.8,-0.683,116.32,116.33,117.1,117.2,117.88,116.01,2431440.0,283325319.0,10:54:55
sh600810,神马股份,6.32,0.03,0.477,6.31,6.33,6.29,6.28,6.35,6.25,2996690.0,18937077.0,10:54:41
sh600812,华北制药,4.72,0.11,2.386,4.72,4.73,4.61,4.59,4.76,4.58,13080000.0,61392273.0,10:54:56
sh600814,杭州解百,6.78,0.13,1.955,6.77,6.78,6.65,6.64,6.8,6.64,3024030.0,20406243.0,10:54:57
sh600815,厦工股份,3.84,-0.02,-0.518,3.84,3.85,3.86,3.86,3.91,3.8,17409400.0,67184013.0,10:54:56
sh600816,建元信托,2.5,0.05,2.041,2.49,2.5,2.45,2.45,2.51,2.44,40530873.0,100810836.0,10:54:57
sh600817,宇通重工,9.64,0.09,0.942,9.64,9.65,9.55,9.55,9.68,9.51,1197200.0,11517141.0,10:54:45
sh600818,ST中路,7.44,0.2,2.762,7.44,7.45,7.24,7.13,7.49,7.13,2427400.0,17995872.0,10:54:44
sh600819,耀皮玻璃,5.48,0.06,1.107,5.47,5.48,5.42,5.4,5.51,5.38,2962550.0,16196731.0,10:54:56
sh600820,隧道股份,5.44,0.06,1.115,5.43,5.44,5.38,5.39,5.48,5.39,9786000.0,53141589.0,10:55:00
sh600821,金开新能,5.9,-0.18,-2.961,5.9,5.91,6.08,5.9,5.99,5.86,37626587.0,222555458.0,10:54:58
sh600822,上海物贸,8.47,0.17,2.048,8.47,8.48,8.3,8.26,8.52,8.26,1643600.0,13891163.0,10:54:58
sh600824,益民集团,3.66,0.08,2.235,3.65,3.66,3.58,3.55,3.72,3.55,15281241.0,55890020.0,10:54:59
sh600825,新华传媒,5.0,0.12,2.459,5.0,5.01,4.88,4.83,5.02,4.83,5499960.0,27332240.0,10:55:00
sh600826,兰生股份,7.91,0.03,0.381,7.91,7.92,7.88,7.85,7.96,7.77,2192400.0,17348070.0,10:54:40
sh600827,百联股份,7.71,0.17,2.255,7.7,7.71,7.54,7.54,7.73,7.53,9653536.0,74046420.0,10:54:57
sh600828,茂业商业,3.98,0.1,2.577,3.98,3.99,3.88,3.87,4.02,3.8,7371500.0,29191955.0,10:54:57
sh600829,人民同泰,9.59,0.37,4.013,9.59,9.6,9.22,9.2,9.97,9.1,20382329.0,193814978.0,10:54:57
sh600830,香溢融通,8.32,0.14,1.711,8.32,8.33,8.18,8.14,8.37,8.14,3530904.0,29299928.0,10:54:56
sh600831,广电网络,3.33,0.04,1.216,3.33,3.34,3.29,3.29,3.35,3.26,7451575.0,24658873.0,10:54:55
sh600833,第一医药,10.57,0.11,1.052,10.56,10.57,10.46,10.46,10.7,10.36,4630200.0,48899471.0,10:55:00
sh600834,申通地铁,7.43,0.11,1.503,7.43,7.44,7.32,7.3,7.45,7.29,1119200.0,8286198.0,10:54:45
sh600835,上海机电,17.61,0.17,0.975,17.61,17.62,17.44,17.42,17.84,17.36,2373700.0,41933090.0,10:55:00
sh600838,上海九百,8.02,0.73,10.014,8.02,0.0,7.29,7.29,8.02,7.26,12730068.0,100464163.0,10:54:59
sh600839,四川长虹,6.84,0.01,0.146,6.83,6.84,6.83,6.78,6.85,6.77,16046512.0,109428943.0,10:54:58
sh600841,动力新科,5.58,0.08,1.455,5.57,5.58,5.5,5.45,5.64,5.45,6075600.0,33889069.0,10:54:59
sh600843,上工申贝,6.93,0.08,1.168,6.92,6.93,6.85,6.83,6.98,6.77,2499100.0,17233203.0,10:54:59
sh600844,金煤科技,3.72,0.14,3.911,3.71,3.72,3.58,3.79,3.94,3.69,107497694.0,412991077.0,10:54:59
sh600845,宝信软件,17.23,0.08,0.466,17.22,17.23,17.15,17.13,17.3,17.05,3755400.0,64637219.0,10:54:58
sh600846,同济科技,11.41,-0.01,-0.088,11.41,11.42,11.42,11.3,11.52,11.19,1568974.0,17841665.0,10:54:53
sh600847,万里股份,12.7,0.13,1.034,12.68,12.7,12.57,12.57,12.96,12.5,1247700.0,15832949.0,10:54:55
sh600848,上海临港,8.51,0.07,0.829,8.5,8.51,8.44,8.44,8.54,8.42,2262700.0,19210868.0,10:54:59
sh600850,电科数字,14.49,0.34,2.403,14.47,14.48,14.15,14.15,14.53,14.09,5677918.0,81576608.0,10:54:58
sh600851,海欣股份,8.42,-0.02,-0.237,8.41,8.42,8.44,8.37,8.58,8.24,4982700.0,42044387.0,10:54:57
sh600853,龙建股份,3.33,0.06,1.835,3.32,3.33,3.27,3.25,3.34,3.24,5662457.0,18759192.0,10:54:58
sh600854,春兰股份,4.61,0.08,1.766,4.6,4.62,4.53,4.55,4.62,4.5,3571738.0,16353062.0,10:54:55
sh600855,航天长峰,11.78,-0.01,-0.085,11.78,11.79,11.79,11.68,11.94,11.64,2910700.0,34318258.0,10:55:00
sh600857,宁波中百,19.2,-0.1,-0.518,19.19,19.2,19.3,19.5,19.7,18.68,3005500.0,57435010.0,10:55:00
sh600858,银座股份,4.88,0.06,1.245,4.88,4.89,4.82,4.75,4.91,4.75,5886600.0,28601604.0,10:54:56
sh600859,王府井,9.91,0.22,2.27,9.91,9.92,9.69,9.7,9.95,9.65,9804143.0,96620286.0,10:54:59
sh600860,京城股份,8.29,-0.28,-3.267,8.28,8.3,8.57,8.39,8.68,8.24,7960800.0,67034120.0,10:54:54
sh600861,北京人力,13.12,0.18,1.391,13.11,13.12,12.94,12.9,13.15,12.88,951800.0,12425441.0,10:54:55
sh600862,中航高科,17.35,-0.16,-0.914,17.35,17.36,17.51,17.52,17.53,17.33,3175099.0,55277508.0,10:54:59
sh600863,华能蒙电,4.61,-0.12,-2.537,4.61,4.62,4.73,4.63,4.69,4.58,66016826.0,305062360.0,10:54:59
sh600864,哈投股份,5.44,0.0,0.0,5.44,5.45,5.44,5.42,5.47,5.4,11364789.0,61848938.0,10:55:00
sh600865,百大集团,8.67,0.16,1.88,8.66,8.67,8.51,8.44,8.8,8.44,4255100.0,36879038.0,10:54:56
sh600866,星湖科技,4.27,0.04,0.946,4.27,4.28,4.23,4.2,4.29,4.2,9868512.0,42081247.0,10:54:57
sh600867,通化东宝,8.08,0.13,1.635,8.07,8.08,7.95,8.14,8.3,8.07,18712873.0,152646916.0,10:54:59
sh600868,梅雁吉祥,2.76,0.01,0.364,2.76,2.77,2.75,2.74,2.79,2.71,18666800.0,51431957.0,10:55:00
sh600869,远东股份,16.05,-0.11,-0.681,16.04,16.05,16.16,16.15,16.33,15.15,117590286.0,1847752933.0,10:54:58
sh600871,石化油服,2.24,0.03,1.357,2.23,2.24,2.21,2.19,2.25,2.18,65459400.0,145782599.0,10:54:59
sh600872,中炬高新,18.42,0.24,1.32,18.42,18.43,18.18,18.26,18.47,18.16,4819500.0,88492238.0,10:55:00
sh600873,梅花生物,7.8,-0.07,-0.889,7.79,7.8,7.87,7.85,7.92,7.79,9590200.0,75281961.0,10:55:00
sh600874,创业环保,5.57,0.0,0.0,5.57,5.58,5.57,5.54,5.6,5.52,2461600.0,13698911.0,10:54:49
sh600875,东方电气,25.23,-0.2,-0.786,25.22,25.23,25.43,25.09,25.44,24.95,8691645.0,219033543.0,10:54:57
sh600876,凯盛新能,7.04,0.07,1.004,7.03,7.04,6.97,6.95,7.08,6.88,1015700.0,7126118.0,10:54:56
sh600877,电科芯片,11.74,-0.17,-1.427,11.74,11.75,11.91,11.79,11.89,11.61,5603874.0,65864799.0,10:54:58
sh600879,航天电子,13.99,-0.06,-0.427,13.98,13.99,14.05,13.9,14.17,13.79,24525659.0,342536198.0,10:55:00
sh600880,博瑞传播,3.85,0.07,1.852,3.85,3.86,3.78,3.73,3.86,3.73,6981000.0,26671002.0,10:55:00
sh600881,亚泰集团,1.88,0.01,0.535,1.87,1.88,1.87,1.87,1.92,1.85,79699034.0,150650169.0,10:54:59
sh600882,妙可蓝多,20.18,0.35,1.765,20.18,20.19,19.83,19.69,20.39,19.69,3332615.0,67050649.0,10:54:59
sh600883,博闻科技,7.91,0.2,2.594,7.9,7.91,7.71,7.63,7.99,7.63,3005700.0,23612826.0,10:54:58
sh600884,杉杉股份,11.89,-0.21,-1.736,11.89,11.9,12.1,12.02,12.08,11.86,18103323.0,216327636.0,10:54:59
sh600885,宏发股份,33.89,-0.17,-0.499,33.89,33.9,34.06,33.75,34.26,33.52,3928034.0,133277391.0,10:54:59
sh600886,国投电力,13.99,0.05,0.359,13.98,13.99,13.94,13.99,14.05,13.85,9944600.0,138750408.0,10:55:00
sh600887,伊利股份,25.92,0.08,0.31,25.91,25.92,25.84,25.94,26.1,25.73,22281899.0,576836418.0,10:55:00
sh600888,新疆众和,10.14,-0.39,-3.704,10.13,10.14,10.53,10.59,10.59,10.12,41538769.0,430482403.0,10:54:58
sh600889,*ST京化,13.11,0.2,1.549,13.11,13.14,12.91,13.05,13.21,12.96,591600.0,7756647.0,10:54:46
sh600892,大晟文化,3.85,0.07,1.852,3.84,3.85,3.78,3.78,3.91,3.72,12473500.0,47644647.0,10:55:00
sh600893,航发动力,35.8,-0.8,-2.186,35.8,35.81,36.6,36.25,36.57,35.5,12545987.0,450629192.0,10:55:00
sh600894,广日股份,7.2,-0.52,-6.736,7.2,7.21,7.72,7.33,7.35,7.05,8995027.0,64629624.0,10:55:00
sh600895,张江高科,30.16,-0.19,-0.626,30.16,30.17,30.35,30.5,31.05,29.86,14636871.0,445924831.0,10:54:58
sh600897,厦门空港,14.62,0.16,1.107,14.61,14.63,14.46,14.4,14.68,14.4,788200.0,11491868.0,10:54:58
sh600900,长江电力,28.31,0.16,0.568,28.3,28.31,28.15,28.16,28.34,28.12,44546308.0,1257497916.0,10:54:59
sh600901,江苏金租,6.59,-0.04,-0.603,6.59,6.6,6.63,6.65,6.69,6.59,12585820.0,83468356.0,10:55:00
sh600903,贵州燃气,6.19,0.13,2.145,6.19,6.2,6.06,6.05,6.28,6.02,20461680.0,126539648.0,10:54:58
sh600905,三峡能源,3.71,0.01,0.27,3.71,3.72,3.7,3.7,3.73,3.69,35104900.0,130507606.0,10:54:58
sh600906,财达证券,6.37,-0.05,-0.779,6.36,6.37,6.42,6.4,6.45,6.35,10476000.0,66892915.0,10:54:58
sh600908,无锡银行,5.49,-0.04,-0.723,5.48,5.49,5.53,5.51,5.57,5.44,10324765.0,56707180.0,10:55:00
sh600909,华安证券,8.03,-0.16,-1.954,8.03,8.04,8.19,8.09,8.11,7.96,54846570.0,440823316.0,10:54:58
sh600916,中国黄金,7.95,-0.17,-2.094,7.94,7.95,8.12,8.25,8.5,7.93,68974551.0,563540741.0,10:54:58
sh600917,重庆燃气,4.83,0.04,0.835,4.83,4.84,4.79,4.76,4.85,4.76,2823500.0,13619102.0,10:54:59
sh600918,中泰证券,5.66,0.07,1.252,5.66,5.67,5.59,5.6,5.7,5.6,31726440.0,179417681.0,10:55:00
sh600919,江苏银行,12.14,0.01,0.082,12.14,12.15,12.13,12.16,12.19,12.06,38445842.0,466063549.0,10:54:58
sh600925,苏能股份,4.46,0.01,0.225,4.46,4.47,4.45,4.45,4.5,4.44,10282000.0,46034957.0,10:54:57
sh600926,杭州银行,16.76,-0.06,-0.357,16.75,16.76,16.82,16.85,16.88,16.64,13184753.0,220657049.0,10:54:59
sh600927,永安期货,12.93,0.08,0.623,12.92,12.93,12.85,12.9,13.0,12.83,2551600.0,32979379.0,10:54:57
sh600928,西安银行,3.6,0.02,0.559,3.59,3.6,3.58,3.58,3.6,3.55,10733376.0,38403460.0,10:54:59
sh600929,雪天盐业,5.2,0.0,0.0,5.19,5.2,5.2,5.21,5.27,5.16,8939500.0,46811249.0,10:54:57
sh600930,华电新能,3.95,-0.01,-0.253,3.94,3.95,3.96,3.94,3.96,3.93,30784312.0,121566820.0,10:54:58
sh600933,爱柯迪,13.86,0.02,0.145,13.85,13.86,13.84,13.85,13.94,13.73,2648300.0,36636567.0,10:54:55
sh600935,华塑股份,2.28,0.03,1.333,2.28,2.29,2.25,2.25,2.29,2.24,9077200.0,20626691.0,10:54:54
sh600936,北投科技,5.09,0.46,9.935,5.09,0.0,4.63,4.63,5.09,4.61,89301556.0,444141870.0,10:54:58
sh600938,中国海油,33.81,0.09,0.267,33.8,33.81,33.72,33.8,33.95,33.5,18480301.0,624244598.0,10:54:57
sh600939,重庆建工,2.65,0.07,2.713,2.65,2.66,2.58,2.57,2.66,2.56,6555533.0,17236606.0,10:54:56
sh600941,中国移动,98.83,1.3,1.333,98.81,98.83,97.53,97.6,99.06,97.54,7537817.0,743793577.0,10:54:58
sh600955,维远股份,12.45,0.0,0.0,12.45,12.46,12.45,12.38,12.58,12.37,1497799.0,18702618.0,10:54:54
sh600956,新天绿能,7.07,0.02,0.284,7.07,7.08,7.05,7.03,7.12,7.01,2938200.0,20789177.0,10:54:57
sh600958,东方证券,8.93,0.0,0.0,8.93,8.94,8.93,8.94,8.97,8.92,13431151.0,120091039.0,10:54:58
sh600959,江苏有线,3.03,0.02,0.664,3.03,3.04,3.01,2.99,3.04,2.98,10325833.0,31191577.0,10:54:57
sh600960,渤海汽车,4.04,0.06,1.508,4.04,4.05,3.98,3.98,4.05,3.95,4136200.0,16652238.0,10:54:59
sh600961,株冶集团,25.87,-1.95,-7.009,25.87,25.88,27.82,27.6,27.7,25.78,37793295.0,1002222975.0,10:54:58
sh600962,国投中鲁,25.51,-0.43,-1.658,25.52,25.54,25.94,25.6,25.73,24.91,3926176.0,99518222.0,10:54:59
sh600963,岳阳林纸,3.37,0.05,1.506,3.37,3.38,3.32,3.32,3.4,3.31,18463480.0,62290762.0,10:54:57
sh600965,*ST福成,2.76,0.01,0.364,2.76,2.77,2.75,2.72,2.82,2.72,4228700.0,11731012.0,10:54:56
sh600966,博汇纸业,4.92,0.17,3.579,4.92,4.93,4.75,4.74,4.99,4.72,12153292.0,59729637.0,10:54:57
sh600967,内蒙一机,11.02,0.12,1.101,11.02,11.03,10.9,10.83,11.17,10.82,10144298.0,112085666.0,10:54:58
sh600968,海油发展,4.0,-0.02,-0.498,3.99,4.0,4.02,4.0,4.06,3.99,16524970.0,66460999.0,10:54:57
sh600969,郴电国际,8.57,0.01,0.117,8.57,8.58,8.56,8.45,8.66,8.45,2411600.0,20752542.0,10:54:54
sh600970,中材国际,7.87,0.05,0.639,7.87,7.88,7.82,7.82,7.89,7.76,6351012.0,49825367.0,10:54:57
sh600971,恒源煤电,8.68,0.0,0.0,8.67,8.68,8.68,8.68,8.81,8.64,18226189.0,158993960.0,10:54:58
sh600973,宝胜股份,6.16,0.1,1.65,6.16,6.17,6.06,6.03,6.18,6.01,8014319.0,49101553.0,10:54:57
sh600975,新五丰,4.96,0.11,2.268,4.96,4.97,4.85,4.84,5.0,4.84,10434391.0,51630137.0,10:54:59
sh600976,健民集团,27.6,0.02,0.073,27.58,27.6,27.58,27.5,27.78,27.22,726800.0,20049036.0,10:54:57
sh600977,中国电影,12.1,0.16,1.34,12.09,12.1,11.94,11.94,12.18,11.93,11967269.0,144604237.0,10:54:59
sh600979,广安爱众,3.9,0.02,0.515,3.9,3.91,3.88,3.86,3.96,3.84,13021586.0,50835040.0,10:54:58
sh600980,北矿科技,19.63,-0.3,-1.505,19.62,19.64,19.93,19.69,20.17,19.63,1330800.0,26394631.0,10:54:59
sh600981,苏豪汇鸿,2.46,0.05,2.075,2.46,2.47,2.41,2.4,2.47,2.4,10308600.0,25243361.0,10:54:55
sh600982,宁波能源,4.79,0.03,0.63,4.79,4.8,4.76,4.77,4.84,4.74,6653400.0,31893792.0,10:54:54
sh600983,惠而浦,7.75,-0.15,-1.899,7.74,7.75,7.9,7.81,7.85,7.55,1816900.0,13972592.0,10:54:58
sh600984,建设机械,4.94,0.45,10.022,4.94,0.0,4.49,4.94,4.94,4.94,13266310.0,65535571.0,10:54:59
sh600985,淮北矿业,17.86,-0.13,-0.723,17.85,17.86,17.99,17.93,18.24,17.8,10391731.0,186976479.0,10:54:57
sh600986,浙文互联,6.97,0.08,1.161,6.97,6.98,6.89,6.85,7.04,6.84,19439100.0,134993625.0,10:54:58
sh600987,航民股份,6.55,0.06,0.924,6.54,6.55,6.49,6.47,6.55,6.47,2509195.0,16389717.0,10:54:59
sh600988,赤峰黄金,46.23,-2.54,-5.208,46.2,46.23,48.77,49.01,49.2,46.0,58988511.0,2782321171.0,10:54:57
sh600989,宝丰能源,23.33,0.11,0.474,23.32,23.33,23.22,23.04,23.78,23.02,36964431.0,868116678.0,10:54:59
sh600990,四创电子,17.67,0.08,0.455,17.65,17.67,17.59,17.5,17.88,17.41,1127900.0,19919423.0,10:54:54
sh600992,贵绳股份,9.67,0.13,1.363,9.67,9.68,9.54,9.54,9.76,9.46,2458700.0,23730110.0,10:54:59
sh600993,马应龙,23.05,0.32,1.408,23.05,23.06,22.73,22.7,23.07,22.62,1986532.0,45564205.0,10:54:57
sh600995,南网储能,12.22,-0.02,-0.163,12.22,12.23,12.24,12.23,12.34,12.2,3884900.0,47707507.0,10:54:56
sh600996,贵广网络,6.61,0.21,3.281,6.61,6.62,6.4,6.41,6.85,6.36,23045469.0,153917676.0,10:54:59
sh600997,开滦股份,5.68,0.02,0.353,5.67,5.68,5.66,5.65,5.74,5.62,8586500.0,48993340.0,10:54:56
sh600998,九州通,4.89,-0.03,-0.61,4.89,4.9,4.92,4.9,4.93,4.86,14108806.0,69065045.0,10:54:56
sh600999,招商证券,17.64,-0.22,-1.232,17.63,17.64,17.86,17.85,17.88,17.55,20348330.0,359092487.0,10:54:58
sh601000,唐山港,4.55,0.01,0.22,4.54,4.55,4.54,4.53,4.59,4.53,16397141.0,74729668.0,10:54:58
sh601001,晋控煤业,17.77,0.49,2.836,17.77,17.78,17.28,17.24,18.11,17.24,18467014.0,328611069.0,10:54:57
sh601002,晋亿实业,5.27,0.04,0.765,5.27,5.28,5.23,5.19,5.29,5.18,3627200.0,19032116.0,10:54:57
sh601003,柳钢股份,3.63,0.02,0.554,3.63,3.64,3.61,3.62,3.67,3.59,7173500.0,26114886.0,10:54:58
sh601005,重庆钢铁,1.19,0.0,0.0,1.19,1.2,1.19,1.18,1.2,1.18,28908700.0,34392996.0,10:54:54
sh601006,大秦铁路,4.75,0.05,1.064,4.74,4.75,4.7,4.71,4.76,4.7,60544551.0,286600275.0,10:54:58
sh601007,金陵饭店,6.84,0.14,2.09,6.84,6.85,6.7,6.67,6.86,6.67,4746595.0,32339128.0,10:54:59
sh601008,连云港,4.47,0.11,2.523,4.47,4.48,4.36,4.36,4.51,4.35,18688512.0,83175864.0,10:54:55
sh601009,南京银行,11.8,0.02,0.17,11.79,11.8,11.78,11.83,11.85,11.65,31989700.0,375095445.0,10:54:57
sh601010,ST文峰,1.42,0.01,0.709,1.41,1.42,1.41,1.41,1.43,1.4,9713949.0,13715049.0,10:54:58
sh601011,宝泰隆,2.89,-0.11,-3.667,2.88,2.89,3.0,2.9,2.96,2.86,84854703.0,246206902.0,10:54:57
sh601012,隆基绿能,12.07,-0.08,-0.658,12.06,12.07,12.15,12.09,12.17,12.02,26645185.0,322096942.0,10:54:56
sh601015,陕西黑猫,3.58,-0.1,-2.717,3.57,3.58,3.68,3.65,3.72,3.56,70087571.0,254964097.0,10:54:58
sh601016,节能风电,3.38,0.01,0.297,3.37,3.38,3.37,3.35,3.39,3.34,34490915.0,116156608.0,10:54:58
sh601018,宁波港,3.46,0.03,0.875,3.46,3.47,3.43,3.44,3.47,3.43,25355100.0,87489622.0,10:54:59
sh601019,山东出版,7.07,0.11,1.58,7.06,7.07,6.96,6.98,7.08,6.96,3936748.0,27671650.0,10:54:58
sh601020,华钰矿业,21.54,-1.75,-7.514,21.53,21.54,23.29,23.0,23.07,21.5,29392707.0,651233735.0,10:54:58
sh601021,春秋航空,43.6,0.13,0.299,43.6,43.62,43.47,43.67,43.74,43.28,1417178.0,61674113.0,10:54:57
sh601022,宁波远洋,8.3,-0.15,-1.775,8.3,8.31,8.45,8.41,8.45,8.27,4970100.0,41387810.0,10:54:56
sh601026,道生天合,15.41,-0.07,-0.452,15.39,15.41,15.48,15.4,15.52,15.22,1503913.0,23130244.0,10:54:59
sh601033,永兴股份,14.21,-0.08,-0.56,14.21,14.22,14.29,14.29,14.39,14.19,1145679.0,16345961.0,10:54:57
sh601038,一拖股份,12.81,-0.12,-0.928,12.81,12.82,12.93,12.76,12.99,12.76,2656351.0,34278889.0,10:54:57
sh601058,赛轮轮胎,13.88,-0.03,-0.216,13.86,13.87,13.91,13.93,14.13,13.86,6853403.0,95932156.0,10:54:58
sh601059,信达证券,16.42,-0.11,-0.665,16.4,16.41,16.53,16.5,16.57,16.38,2863200.0,47062626.0,10:54:56
sh601061,中信金属,11.37,-0.24,-2.067,11.36,11.37,11.61,11.5,11.97,11.35,15929467.0,186145963.0,10:54:57
sh601065,江盐集团,6.86,0.03,0.439,6.86,6.87,6.83,6.8,6.9,6.79,2340750.0,16054261.0,10:54:54
sh601066,中信建投,24.42,-0.37,-1.493,24.41,24.42,24.79,24.78,24.79,24.41,7998993.0,196291391.0,10:54:59
sh601068,中铝国际,4.48,0.02,0.448,4.48,4.49,4.46,4.45,4.52,4.44,5241500.0,23540155.0,10:54:59
sh601069,西部黄金,31.32,-2.76,-8.099,31.32,31.33,34.08,33.0,33.26,30.68,34452775.0,1099029971.0,10:54:59
sh601077,渝农商行,6.96,-0.08,-1.136,6.95,6.96,7.04,7.03,7.06,6.91,30596200.0,212925513.0,10:54:57
sh601083,锦江航运,13.06,-0.05,-0.381,13.06,13.07,13.11,13.11,13.48,12.64,27701518.0,360078634.0,10:54:59
sh601086,国芳集团,7.54,0.1,1.344,7.53,7.55,7.44,7.35,7.62,7.35,4388400.0,32983376.0,10:54:56
sh601088,中国神华,47.22,0.33,0.704,47.22,47.23,46.89,46.89,47.5,46.73,15044700.0,710579261.0,10:54:59
sh601089,福元医药,16.06,0.05,0.312,16.05,16.06,16.01,15.85,16.27,15.8,1800135.0,28901368.0,10:54:58
sh601096,宏盛华源,4.19,0.04,0.964,4.18,4.19,4.15,4.14,4.22,4.13,10005292.0,41798742.0,10:54:56
sh601098,中南传媒,10.32,0.11,1.077,10.31,10.32,10.21,10.2,10.32,10.2,3655700.0,37556891.0,10:54:59
sh601099,太平洋,3.38,0.01,0.297,3.37,3.38,3.37,3.35,3.4,3.34,32357186.0,109271120.0,10:54:58
sh601100,恒立液压,101.22,-3.89,-3.701,101.29,101.41,105.11,103.22,105.4,101.1,3381561.0,350869902.0,10:54:59
sh601101,昊华能源,13.17,-0.34,-2.517,13.17,13.18,13.51,13.44,13.75,13.15,31131441.0,416451878.0,10:54:58
sh601106,中国一重,3.03,0.03,1.0,3.03,3.04,3.0,3.01,3.06,3.0,21815490.0,66287702.0,10:54:57
sh601107,四川成渝,5.76,0.19,3.411,5.75,5.76,5.57,5.57,5.78,5.55,7608701.0,43088190.0,10:54:56
sh601108,财通证券,8.34,-0.04,-0.477,8.33,8.34,8.38,8.35,8.43,8.33,19067793.0,159651788.0,10:54:58
sh601111,中国国航,5.9,0.02,0.34,5.89,5.9,5.88,5.87,5.92,5.86,21772535.0,128220175.0,10:54:57
sh601112,振石股份,14.98,-0.03,-0.2,14.98,14.99,15.01,14.98,15.14,14.9,1252026.0,18766124.0,10:54:58
sh601113,华鼎股份,3.43,0.06,1.78,3.42,3.43,3.37,3.38,3.44,3.35,6684100.0,22834772.0,10:54:49
sh601116,三江购物,10.66,0.33,3.195,10.66,10.67,10.33,10.28,10.79,10.25,10646072.0,112630908.0,10:54:58
sh601117,中国化学,7.51,0.01,0.133,7.51,7.52,7.5,7.47,7.56,7.47,25259900.0,189944067.0,10:54:58
sh601118,海南橡胶,6.28,0.0,0.0,6.27,6.28,6.28,6.25,6.74,6.13,116701914.0,751613129.0,10:54:59
sh601121,宝地矿业,7.23,-0.19,-2.561,7.23,7.24,7.42,7.39,7.45,7.23,7290322.0,53399547.0,10:54:57
sh601126,四方股份,43.27,-0.87,-1.971,43.27,43.28,44.14,44.0,44.1,42.21,8580900.0,369903883.0,10:54:59
sh601127,赛力斯,49.72,-0.03,-0.06,49.72,49.73,49.75,49.51,50.25,49.37,6233700.0,310393679.0,10:54:58
sh601128,常熟银行,6.3,-0.01,-0.158,6.29,6.3,6.31,6.31,6.35,6.25,23011202.0,144801868.0,10:54:57
sh601133,柏诚股份,24.31,-0.89,-3.532,24.31,24.32,25.2,24.8,24.83,23.88,5187900.0,126462902.0,10:54:57
sh601136,首创证券,13.71,0.01,0.073,13.71,13.72,13.7,13.72,13.76,13.66,2100100.0,28816708.0,10:54:59
sh601137,博威合金,19.62,0.23,1.186,19.6,19.61,19.39,19.85,19.88,18.99,17527712.0,339726203.0,10:54:59
sh601138,工业富联,59.8,-0.6,-0.993,59.8,59.81,60.4,58.75,60.08,58.75,39201556.0,2328252702.0,10:54:59
sh601139,深圳燃气,6.35,0.06,0.954,6.35,6.36,6.29,6.3,6.38,6.29,7303230.0,46294703.0,10:54:59
sh601155,新城控股,11.15,0.3,2.765,11.13,11.15,10.85,10.84,11.2,10.81,10993954.0,121284203.0,10:54:59
sh601156,东航物流,18.75,0.08,0.428,18.75,18.76,18.67,18.63,18.92,18.38,4213802.0,78763150.0,10:54:58
sh601158,重庆水务,4.14,0.02,0.485,4.14,4.15,4.12,4.12,4.15,4.11,3243710.0,13389299.0,10:54:58
sh601162,天风证券,3.61,0.0,0.0,3.6,3.61,3.61,3.59,3.62,3.59,33050349.0,119327455.0,10:54:56
sh601163,三角轮胎,12.97,0.15,1.17,12.97,12.98,12.82,12.83,13.0,12.8,1037100.0,13402709.0,10:54:55
sh601166,兴业银行,18.17,-0.11,-0.602,18.16,18.17,18.28,18.28,18.42,18.0,64141163.0,1163369713.0,10:54:56
sh601168,西部矿业,35.56,-1.14,-3.106,35.54,35.55,36.7,37.0,37.16,35.39,30942271.0,1110796404.0,10:54:58
sh601169,北京银行,5.17,0.0,0.0,5.16,5.17,5.17,5.17,5.19,5.13,63789169.0,329011680.0,10:54:59
sh601177,杭齿前进,13.46,-0.33,-2.393,13.46,13.47,13.79,13.63,14.1,13.46,11267832.0,154252167.0,10:54:57
sh601179,中国西电,12.71,-0.02,-0.157,12.7,12.71,12.73,12.72,12.83,12.57,27291992.0,347027873.0,10:54:59
sh601186,中国铁建,6.05,0.02,0.332,6.05,6.06,6.03,6.04,6.06,6.03,11041400.0,66777607.0,10:54:58
sh601187,厦门银行,7.38,-0.03,-0.405,7.37,7.38,7.41,7.45,7.49,7.32,6582300.0,48680507.0,10:54:57
sh601188,龙江交通,2.9,0.06,2.113,2.89,2.9,2.84,2.83,2.9,2.83,10742009.0,30832671.0,10:54:57
sh601198,东兴证券,13.62,-0.05,-0.366,13.61,13.62,13.67,13.65,13.74,13.59,6235402.0,85155193.0,10:54:59
sh601199,江南水务,6.26,-0.13,-2.034,6.26,6.27,6.39,6.4,6.42,6.25,4546700.0,28622510.0,10:54:59
sh601200,上海环境,7.01,0.08,1.154,7.0,7.01,6.93,6.92,7.02,6.9,4025460.0,28123206.0,10:54:56
sh601208,东材科技,42.07,-1.65,-3.774,42.06,42.07,43.72,42.6,42.9,41.3,22860289.0,963138161.0,10:54:56
sh601211,国泰海通,17.42,-0.22,-1.247,17.42,17.43,17.64,17.67,17.72,17.42,30269224.0,530252056.0,10:54:57
sh601212,白银有色,6.48,-0.22,-3.284,6.48,6.49,6.7,7.13,7.13,6.47,508058974.0,3463281227.0,10:54:57
sh601216,君正集团,4.47,0.05,1.131,4.46,4.47,4.42,4.41,4.5,4.41,26146900.0,116764936.0,10:54:58
sh601218,吉鑫科技,4.41,0.16,3.765,4.41,4.42,4.25,4.29,4.47,4.27,20230300.0,88949194.0,10:54:57
sh601222,林洋能源,5.51,0.03,0.547,5.51,5.52,5.48,5.48,5.54,5.45,6853100.0,37698348.0,10:54:58
sh601225,陕西煤业,26.47,-0.03,-0.113,26.46,26.47,26.5,26.65,26.82,26.38,15597100.0,414912250.0,10:54:57
sh601226,华电科工,6.24,0.11,1.794,6.24,6.25,6.13,6.1,6.27,6.04,6160100.0,38156672.0,10:54:57
sh601228,广州港,3.09,0.04,1.311,3.09,3.1,3.05,3.05,3.11,3.05,15856200.0,48941104.0,10:54:57
sh601229,上海银行,9.79,-0.08,-0.811,9.79,9.8,9.87,9.92,9.95,9.75,30653162.0,300784969.0,10:54:58
sh601231,环旭电子,25.61,-0.29,-1.12,25.61,25.62,25.9,25.54,26.0,25.01,9147400.0,233357764.0,10:54:59
sh601233,桐昆股份,24.04,-0.46,-1.878,24.03,24.04,24.5,24.5,25.05,23.8,25871374.0,631805778.0,10:54:57
sh601236,红塔证券,6.8,0.02,0.295,6.79,6.8,6.78,6.76,6.82,6.76,4102499.0,27903414.0,10:54:57
sh601238,广汽集团,5.16,0.04,0.781,5.15,5.16,5.12,5.1,5.2,5.06,14260920.0,73345652.0,10:54:56
sh601279,英利汽车,3.28,0.06,1.863,3.27,3.28,3.22,3.21,3.28,3.19,4444500.0,14458161.0,10:54:58
sh601288,农业银行,6.91,0.05,0.729,6.9,6.91,6.86,6.87,6.94,6.85,197191836.0,1358628503.0,10:54:57
sh601298,青岛港,9.0,0.0,0.0,9.0,9.01,9.0,8.98,9.05,8.94,2935690.0,26414504.0,10:54:57
sh601311,骆驼股份,7.36,0.01,0.136,7.35,7.36,7.35,7.31,7.4,7.31,4397671.0,32353617.0,10:54:57
sh601318,中国平安,54.89,-0.03,-0.055,54.89,54.9,54.92,55.06,55.42,54.65,40370237.0,2217310935.0,10:54:57
sh601319,中国人保,7.08,0.04,0.568,7.08,7.09,7.04,7.03,7.1,7.02,38694739.0,273223683.0,10:54:58
sh601326,秦港股份,3.41,0.02,0.59,3.41,3.42,3.39,3.38,3.43,3.37,11578900.0,39413151.0,10:54:55
sh601328,交通银行,7.19,-0.01,-0.139,7.18,7.19,7.2,7.23,7.25,7.14,64974265.0,466852543.0,10:54:57
sh601330,绿色动力,7.07,0.06,0.856,7.06,7.07,7.01,7.02,7.08,7.0,3433049.0,24190756.0,10:54:55
sh601333,广深铁路,2.94,0.02,0.685,2.94,2.95,2.92,2.91,2.96,2.91,36377300.0,106678333.0,10:54:59
sh601336,新华保险,59.01,-0.42,-0.707,59.02,59.06,59.43,59.5,59.86,58.72,9205384.0,544737310.0,10:54:57
sh601339,百隆东方,7.7,-0.05,-0.645,7.7,7.71,7.75,7.75,7.78,7.67,2755100.0,21259727.0,10:54:57
sh601360,三六零,8.58,0.01,0.117,8.58,8.59,8.57,8.55,8.63,8.51,24517088.0,210194375.0,10:54:58
sh601366,利群股份,3.65,0.14,3.989,3.65,3.66,3.51,3.52,3.74,3.49,19192239.0,69917987.0,10:54:57
sh601368,绿城水务,4.62,0.03,0.654,4.62,4.63,4.59,4.56,4.64,4.56,2036000.0,9388460.0,10:54:59
sh601369,陕鼓动力,8.75,0.01,0.114,8.75,8.76,8.74,8.71,8.78,8.68,2520390.0,22018975.0,10:54:59
sh601375,中原证券,4.02,0.03,0.752,4.02,4.03,3.99,3.99,4.03,3.98,14908336.0,59846298.0,10:54:59
sh601377,兴业证券,5.81,0.0,0.0,5.8,5.81,5.81,5.81,5.82,5.79,16528500.0,96007312.0,10:54:59
sh601388,怡球资源,3.37,0.02,0.597,3.36,3.37,3.35,3.44,3.51,3.36,53454764.0,184198739.0,10:54:58
sh601390,中国中铁,4.38,0.02,0.459,4.37,4.38,4.36,4.35,4.39,4.34,43217700.0,188807338.0,10:54:54
sh601398,工商银行,7.94,0.05,0.634,7.94,7.95,7.89,7.92,7.97,7.87,145086152.0,1147771755.0,10:54:58
sh601399,国机重装,3.12,0.03,0.971,3.12,3.13,3.09,3.08,3.14,3.07,24707200.0,77005729.0,10:54:58
sh601456,国联民生,8.74,0.0,0.0,8.73,8.74,8.74,8.75,8.78,8.72,5744900.0,50258365.0,10:54:58
sh601500,通用股份,4.02,0.04,1.005,4.02,4.03,3.98,3.96,4.03,3.96,6577820.0,26365363.0,10:54:59
sh601512,中新集团,7.71,0.08,1.048,7.71,7.72,7.63,7.58,7.73,7.57,1559700.0,11985079.0,10:54:58
sh601515,衢州东峰,3.35,0.04,1.208,3.35,3.36,3.31,3.31,3.4,3.29,5407287.0,18170132.0,10:54:57
sh601518,吉林高速,2.79,0.03,1.087,2.79,2.8,2.76,2.75,2.8,2.75,11534820.0,32050811.0,10:54:59
sh601519,大智慧,7.88,0.07,0.896,7.88,7.89,7.81,7.78,7.97,7.71,10762932.0,84596543.0,10:54:58
sh601528,瑞丰银行,5.01,0.04,0.805,5.0,5.01,4.97,4.98,5.06,4.94,11014030.0,54932333.0,10:55:00
sh601555,东吴证券,7.9,0.01,0.127,7.89,7.9,7.89,7.88,7.98,7.87,11014700.0,87162391.0,10:54:58
sh601566,九牧王,8.4,0.08,0.962,8.39,8.4,8.32,8.25,8.43,8.24,2248300.0,18794162.0,10:54:59
sh601567,三星电气,14.48,0.09,0.625,14.48,14.49,14.39,14.35,14.68,14.3,6557216.0,95306476.0,10:54:59
sh601568,北元化工,3.77,0.01,0.266,3.77,3.78,3.76,3.74,3.8,3.73,7589847.0,28723028.0,10:55:00
sh601577,长沙银行,9.64,-0.04,-0.413,9.63,9.64,9.68,9.69,9.79,9.56,9448400.0,91061080.0,10:55:00
sh601579,会稽山,19.69,-0.52,-2.573,19.67,19.69,20.21,20.22,20.64,19.66,13477299.0,269169692.0,10:54:59
sh601588,北辰实业,1.71,0.03,1.786,1.71,1.72,1.68,1.67,1.72,1.67,20520800.0,34936531.0,10:54:59
sh601595,上海电影,16.2,0.45,2.857,16.2,16.21,15.75,15.7,16.23,15.67,3018600.0,48504792.0,10:54:59
sh601598,中国外运,6.62,0.01,0.151,6.61,6.62,6.61,6.57,6.66,6.56,6560900.0,43391116.0,10:54:58
sh601599,浙文影业,3.05,0.05,1.667,3.04,3.05,3.0,3.0,3.06,2.99,7752322.0,23542320.0,10:55:00
sh601600,中国铝业,9.25,-0.25,-2.632,9.25,9.26,9.5,9.42,9.48,9.25,78052300.0,730174932.0,10:55:00
sh601601,中国太保,31.2,0.17,0.548,31.2,31.21,31.03,31.01,31.35,30.89,26719767.0,831720388.0,10:54:59
sh601606,长城军工,31.75,1.22,3.996,31.75,31.76,30.53,30.08,32.98,29.91,29858645.0,952799547.0,10:54:58
sh601607,上海医药,16.32,0.13,0.803,16.32,16.33,16.19,16.26,16.35,16.15,4668236.0,76083376.0,10:54:58
sh601608,中信重工,4.66,0.02,0.431,4.66,4.67,4.64,4.63,4.72,4.61,13597250.0,63558564.0,10:54:59
sh601609,金田股份,13.18,-0.2,-1.495,13.18,13.2,13.38,13.12,13.55,13.12,39226704.0,523446147.0,10:54:59
sh601611,中国核建,10.57,0.01,0.095,10.56,10.57,10.56,10.52,10.66,10.46,9225400.0,97854410.0,10:54:58
sh601615,明阳智能,10.6,0.0,0.0,10.59,10.6,10.6,10.51,10.69,10.42,10880650.0,115074887.0,10:54:58
sh601616,广电电气,3.97,0.08,2.057,3.95,3.97,3.89,3.89,4.0,3.82,22171100.0,86970084.0,10:54:59
sh601618,中国中冶,2.58,0.02,0.781,2.58,2.59,2.56,2.56,2.59,2.56,34221993.0,88298005.0,10:54:59
sh601619,嘉泽新能,4.03,0.02,0.499,4.03,4.04,4.01,4.0,4.06,3.99,11703437.0,47250024.0,10:54:58
sh601628,中国人寿,37.44,-0.2,-0.531,37.43,37.44,37.64,37.67,37.88,37.16,18170826.0,681408099.0,10:54:58
sh601633,长城汽车,15.25,0.04,0.263,15.24,15.25,15.21,15.21,15.3,15.19,3248300.0,49498608.0,10:54:59
sh601636,旗滨集团,5.66,-0.07,-1.222,5.66,5.67,5.73,5.68,5.74,5.63,14619420.0,83062081.0,10:54:58
sh601658,邮储银行,5.06,0.02,0.397,5.06,5.07,5.04,5.05,5.07,5.02,80851100.0,408359879.0,10:54:59
sh601665,齐鲁银行,6.56,0.0,0.0,6.55,6.56,6.56,6.55,6.61,6.53,24908678.0,163719751.0,10:54:59
sh601666,平煤股份,9.67,-0.13,-1.327,9.67,9.68,9.8,9.71,9.9,9.65,18827906.0,183572259.0,10:54:58
sh601668,中国建筑,4.44,0.02,0.452,4.43,4.44,4.42,4.42,4.45,4.4,104283588.0,461346058.0,10:54:59
sh601669,中国电建,4.64,0.02,0.433,4.63,4.64,4.62,4.62,4.64,4.6,29308351.0,135520645.0,10:54:59
sh601677,明泰铝业,16.32,-0.03,-0.183,16.31,16.32,16.35,16.28,16.57,16.18,12765959.0,208754947.0,10:54:58
sh601678,滨化股份,6.18,-0.15,-2.37,6.18,6.19,6.33,6.26,6.33,6.17,43909067.0,274557474.0,10:54:59
sh601686,友发集团,5.23,0.03,0.577,5.23,5.24,5.2,5.17,5.29,5.16,2676677.0,13958158.0,10:54:57
sh601688,华泰证券,18.48,-0.16,-0.858,18.47,18.48,18.64,18.65,18.72,18.47,18002919.0,334333450.0,10:54:58
sh601689,拓普集团,45.95,-0.35,-0.756,45.93,45.94,46.3,45.8,46.5,45.48,6299380.0,289356613.0,10:55:00
sh601696,中银证券,11.47,-0.14,-1.206,11.47,11.48,11.61,11.58,11.65,11.45,10750530.0,123870697.0,10:55:00
sh601698,中国卫通,23.57,-0.19,-0.8,23.57,23.58,23.76,23.51,23.77,23.21,9384955.0,220485092.0,10:55:00
sh601699,潞安环能,16.89,0.04,0.237,16.87,16.89,16.85,16.71,17.18,16.65,25179106.0,427480799.0,10:54:59
sh601700,风范股份,7.62,-0.09,-1.167,7.62,7.63,7.71,7.5,8.08,7.4,160238952.0,1242952107.0,10:54:59
sh601702,华峰铝业,15.77,-0.36,-2.232,15.76,15.77,16.13,15.93,16.08,15.73,4571400.0,72846909.0,10:54:59
sh601717,中创智领,15.01,-0.11,-0.728,15.01,15.02,15.12,15.12,15.21,14.99,5814100.0,87567628.0,10:54:59
sh601718,ST际华,1.86,0.02,1.087,1.85,1.86,1.84,1.84,1.87,1.83,7973400.0,14742218.0,10:54:59
sh601727,上海电气,6.47,0.02,0.31,6.46,6.47,6.45,6.45,6.49,6.42,12223000.0,78998260.0,10:55:00
sh601728,中国电信,6.42,-0.05,-0.773,6.42,6.43,6.47,6.49,6.51,6.41,45085300.0,290840340.0,10:54:58
sh601766,中国中车,6.11,0.03,0.493,6.11,6.12,6.08,6.09,6.13,6.06,45917070.0,279968381.0,10:55:00
sh601777,千里科技,8.09,0.1,1.252,8.08,8.09,7.99,8.06,8.15,7.97,11247540.0,90679620.0,10:54:58
sh601778,晶科科技,3.58,-0.01,-0.279,3.57,3.58,3.59,3.55,3.62,3.51,44876186.0,160249816.0,10:54:58
sh601788,光大证券,14.29,0.04,0.281,14.29,14.3,14.25,14.25,14.32,14.22,5846764.0,83438666.0,10:54:58
sh601789,宁波建工,4.23,0.04,0.955,4.22,4.23,4.19,4.16,4.25,4.15,13133500.0,55340064.0,10:55:00
sh601798,蓝科高新,7.75,0.08,1.043,7.75,7.76,7.67,7.58,7.8,7.58,2597500.0,20045602.0,10:54:50
sh601799,星宇股份,82.73,-0.95,-1.135,82.73,82.74,83.68,82.84,83.5,81.78,1706850.0,140996910.0,10:54:58
sh601800,中国交建,5.93,0.06,1.022,5.92,5.93,5.87,5.87,5.94,5.87,13728361.0,81169664.0,10:54:59
sh601801,皖新传媒,5.44,0.05,0.928,5.44,5.45,5.39,5.32,5.47,5.32,6743300.0,36601949.0,10:54:57
sh601808,中海油服,12.46,0.07,0.565,12.46,12.47,12.39,12.38,12.54,12.33,7488128.0,93304113.0,10:54:58
sh601811,新华文轩,12.11,0.14,1.17,12.11,12.12,11.97,11.93,12.13,11.93,1003700.0,12116060.0,10:54:57
sh601816,京沪高铁,4.93,0.02,0.407,4.92,4.93,4.91,4.92,4.97,4.88,50439900.0,248145173.0,10:54:58
sh601818,光大银行,3.08,0.01,0.326,3.07,3.08,3.07,3.08,3.09,3.05,102084000.0,313390994.0,10:54:59
sh601825,沪农商行,8.9,-0.01,-0.112,8.89,8.9,8.91,8.92,8.97,8.85,13598500.0,121104305.0,10:54:57
sh601827,三峰环境,8.26,0.0,0.0,8.26,8.27,8.26,8.25,8.3,8.23,1559263.0,12888267.0,10:54:55
sh601828,美凯龙,2.15,0.05,2.381,2.14,2.15,2.1,2.08,2.15,2.08,27861600.0,59277242.0,10:54:58
sh601838,成都银行,18.85,-0.03,-0.159,18.85,18.86,18.88,18.9,18.95,18.7,7339709.0,137949959.0,10:54:58
sh601857,中国石油,11.24,0.07,0.627,11.23,11.24,11.17,11.21,11.3,11.17,45250897.0,508704141.0,10:54:58
sh601858,中国科传,21.24,-0.5,-2.3,21.24,21.25,21.74,21.25,21.86,21.23,4131092.0,88835759.0,10:54:58
sh601860,紫金银行,2.57,0.01,0.391,2.56,2.57,2.56,2.56,2.59,2.54,33292600.0,85323765.0,10:54:58
sh601865,福莱特,10.14,-0.14,-1.362,10.14,10.15,10.28,10.16,10.27,10.12,6057600.0,61717203.0,10:55:00
sh601866,中远海发,2.39,-0.01,-0.417,2.39,2.4,2.4,2.39,2.41,2.39,24026000.0,57686150.0,10:54:59
sh601868,中国能建,2.5,0.0,0.0,2.5,2.51,2.5,2.49,2.51,2.49,52869245.0,132160787.0,10:54:58
sh601869,长飞光纤,394.3,15.11,3.985,394.3,394.32,379.19,360.0,411.11,345.01,13578080.0,5154725062.0,10:55:00
sh601872,招商轮船,18.69,-0.31,-1.632,18.69,18.7,19.0,19.32,19.4,18.64,57106852.0,1086862512.0,10:54:58
sh601877,正泰电器,25.86,-0.36,-1.373,25.85,25.86,26.22,26.04,26.45,25.85,12433300.0,324034586.0,10:54:59
sh601878,浙商证券,9.16,0.01,0.109,9.16,9.17,9.15,9.15,9.2,9.14,5600700.0,51346664.0,10:54:58
sh601880,辽港股份,1.46,0.01,0.69,1.46,1.47,1.45,1.45,1.47,1.45,38301764.0,55920823.0,10:54:59
sh601881,中国银河,12.0,-0.03,-0.249,11.99,12.0,12.03,12.02,12.08,11.98,7585265.0,91112260.0,10:54:58
sh601882,海天精工,19.67,-0.08,-0.405,19.67,19.69,19.75,19.67,19.83,19.42,2415030.0,47401009.0,10:54:58
sh601886,江河集团,13.39,0.16,1.209,13.39,13.4,13.23,13.06,14.0,12.9,21705021.0,291569950.0,10:54:58
sh601888,中国中免,52.41,0.35,0.672,52.4,52.42,52.06,51.93,52.86,51.93,11917396.0,625161750.0,10:54:59
sh601890,亚星锚链,8.65,0.21,2.488,8.65,8.66,8.44,8.49,8.77,8.47,18845703.0,162381811.0,10:54:58
sh601898,中煤能源,15.07,0.26,1.756,15.06,15.07,14.81,14.9,15.18,14.74,41129042.0,616041463.0,10:55:00
sh601899,紫金矿业,33.47,-1.07,-3.098,33.45,33.49,34.54,34.7,34.7,33.41,152981967.0,5194496736.0,10:55:00
sh601900,南方传媒,11.82,0.05,0.425,11.82,11.83,11.77,11.73,11.88,11.73,2067500.0,24422304.0,10:54:59
sh601901,方正证券,6.66,0.01,0.15,6.65,6.66,6.65,6.65,6.72,6.64,27506800.0,183488449.0,10:54:57
sh601908,京运通,2.97,0.02,0.678,2.97,2.98,2.95,2.95,3.01,2.93,15472400.0,46009948.0,10:54:58
sh601916,浙商银行,2.94,-0.01,-0.339,2.93,2.94,2.95,2.95,2.97,2.92,60287650.0,177288145.0,10:54:57
sh601918,新集能源,10.59,-0.33,-3.022,10.58,10.59,10.92,10.72,10.99,10.56,25594740.0,275049816.0,10:54:58
sh601919,中远海控,17.1,-0.32,-1.837,17.1,17.11,17.42,17.4,17.42,17.09,62317632.0,1073456579.0,10:54:58
sh601921,浙版传媒,7.45,0.08,1.085,7.45,7.46,7.37,7.36,7.47,7.34,3727500.0,27657359.0,10:54:57
sh601928,凤凰传媒,8.87,0.06,0.681,8.87,8.88,8.81,8.81,8.88,8.77,5899800.0,52084378.0,10:54:54
sh601929,吉视传媒,2.3,0.04,1.77,2.29,2.3,2.26,2.24,2.32,2.23,35594023.0,81360995.0,10:54:58
sh601933,永辉超市,3.06,0.06,2.0,3.06,3.07,3.0,2.98,3.11,2.98,88043654.0,269735038.0,10:54:58
sh601939,建设银行,10.76,0.1,0.938,10.75,10.76,10.66,10.68,10.76,10.6,62022680.0,662260712.0,10:54:58
sh601949,中国出版,5.21,0.11,2.157,5.21,5.22,5.1,5.1,5.22,5.08,5901288.0,30555865.0,10:54:57
sh601952,苏垦农发,8.99,0.18,2.043,8.99,9.0,8.81,8.7,9.26,8.68,27531052.0,249081672.0,10:54:59
sh601956,东贝集团,4.94,0.08,1.646,4.94,4.95,4.86,4.81,4.96,4.81,3221900.0,15841638.0,10:54:54
sh601958,金钼股份,21.95,-1.34,-5.754,21.94,21.95,23.29,23.28,23.3,21.92,56300350.0,1265840899.0,10:54:58
sh601963,重庆银行,11.21,0.0,0.0,11.2,11.21,11.21,11.21,11.3,11.13,6911024.0,77470629.0,10:54:57
sh601965,中国汽研,14.1,0.2,1.439,14.1,14.11,13.9,13.84,14.16,13.8,2679719.0,37626983.0,10:54:59
sh601966,玲珑轮胎,11.18,0.19,1.729,11.18,11.19,10.99,11.02,11.21,10.96,6244100.0,69405395.0,10:54:57
sh601968,宝钢包装,4.47,0.09,2.055,4.47,4.48,4.38,4.37,4.48,4.36,4080000.0,18124159.0,10:54:54
sh601969,海南矿业,9.35,-0.02,-0.213,9.34,9.35,9.37,9.44,9.65,9.34,16514200.0,156887354.0,10:54:57
sh601975,招商南油,4.0,0.0,0.0,3.99,4.0,4.0,4.0,4.05,3.94,101407725.0,403715782.0,10:54:59
sh601985,中国核电,8.84,0.07,0.798,8.83,8.84,8.77,8.76,8.85,8.76,44819395.0,395099035.0,10:54:58
sh601988,中国银行,6.19,0.06,0.979,6.18,6.19,6.13,6.14,6.19,6.11,113946002.0,700897106.0,10:54:58
sh601990,南京证券,6.58,0.01,0.152,6.58,6.59,6.57,6.57,6.61,6.56,3593400.0,23689613.0,10:54:58
sh601991,大唐发电,5.87,-0.02,-0.34,5.86,5.87,5.89,5.85,5.92,5.77,84865982.0,495848003.0,10:54:57
sh601992,金隅集团,1.38,0.01,0.73,1.38,1.39,1.37,1.37,1.39,1.37,9884200.0,13639619.0,10:54:55
sh601995,中金公司,33.49,-0.13,-0.387,33.49,33.5,33.62,33.63,33.77,33.47,5237615.0,175898109.0,10:54:59
sh601996,丰林集团,2.59,0.09,3.6,2.58,2.59,2.5,2.48,2.66,2.48,18113698.0,46854801.0,10:54:58
sh601997,贵阳银行,5.47,-0.32,-5.527,5.46,5.47,5.79,5.59,5.6,5.43,103664480.0,568832471.0,10:54:59
sh601998,中信银行,8.6,0.04,0.467,8.6,8.61,8.56,8.58,8.66,8.55,41731080.0,358639718.0,10:54:58
sh601999,出版传媒,6.09,0.08,1.331,6.08,6.09,6.01,6.0,6.11,5.96,2098227.0,12715769.0,10:54:49
sh603000,人民网,16.27,0.54,3.433,16.27,16.28,15.73,15.72,16.5,15.68,9736543.0,157277978.0,10:54:58
sh603001,奥康国际,8.05,-0.02,-0.248,8.04,8.05,8.07,8.02,8.22,7.83,3609000.0,29101691.0,10:54:56
sh603002,宏昌电子,15.2,-0.46,-2.937,15.2,15.21,15.66,15.0,15.52,14.98,24131500.0,368207878.0,10:54:58
sh603004,鼎龙科技,18.6,0.09,0.486,18.6,18.61,18.51,18.39,18.74,18.3,1025500.0,19011403.0,10:54:57
sh603005,晶方科技,29.7,-1.95,-6.161,29.68,29.7,31.65,30.0,30.4,28.98,28513119.0,844597857.0,10:54:58
sh603006,联明股份,11.32,0.21,1.89,11.31,11.32,11.11,11.11,11.41,11.0,1664200.0,18782930.0,10:54:55
sh603007,顺景科技,4.61,0.09,1.991,4.61,4.62,4.52,4.49,4.75,4.46,10590069.0,48835743.0,10:54:57
sh603008,ST喜临门,8.16,0.02,0.246,8.16,8.17,8.14,8.15,8.18,8.1,1315500.0,10726110.0,10:54:59
sh603009,北特科技,44.26,-1.04,-2.296,44.26,44.28,45.3,44.27,44.98,43.95,2378660.0,105707592.0,10:54:59
sh603010,万盛股份,11.16,-0.29,-2.533,11.14,11.15,11.45,11.28,11.35,10.99,3938540.0,43930804.0,10:54:58
sh603011,合锻智能,22.34,-0.35,-1.543,22.34,22.37,22.69,22.35,22.69,21.83,12331092.0,274544792.0,10:54:58
sh603012,创力集团,8.67,0.06,0.697,8.66,8.67,8.61,8.59,8.73,8.52,5622300.0,48597050.0,10:54:58
sh603013,亚普股份,16.18,0.07,0.435,16.17,16.18,16.11,16.15,16.32,16.03,876400.0,14188862.0,10:54:56
sh603014,威高血净,32.11,0.17,0.532,32.09,32.1,31.94,31.8,32.28,31.79,357005.0,11454591.0,10:54:57
sh603015,弘讯科技,10.73,0.19,1.803,10.72,10.74,10.54,10.63,10.87,10.39,3387000.0,36165454.0,10:54:58
sh603016,新宏泰,28.42,-0.43,-1.49,28.43,28.45,28.85,28.57,28.75,28.06,1435061.0,40769063.0,10:54:59
sh603017,中衡设计,9.79,0.4,4.26,9.78,9.79,9.39,9.5,9.88,9.45,6512000.0,63168997.0,10:54:57
sh603018,华设集团,5.29,0.09,1.731,5.29,5.3,5.2,5.2,5.31,5.18,3994714.0,20997598.0,10:54:58
sh603019,中科曙光,82.71,0.53,0.645,82.65,82.68,82.18,81.25,82.89,81.07,10469526.0,860967228.0,10:54:59
sh603020,爱普股份,9.82,-0.04,-0.406,9.82,9.83,9.86,9.86,9.96,9.77,1691140.0,16663411.0,10:54:54
sh603021,*ST华鹏,5.28,-0.06,-1.124,5.27,5.28,5.34,5.26,5.35,5.18,2524200.0,13307024.0,10:54:55
sh603022,新通联,8.85,0.14,1.607,8.84,8.85,8.71,8.7,8.93,8.63,1538300.0,13543898.0,10:54:59
sh603023,威帝股份,4.04,0.06,1.508,4.03,4.04,3.98,3.99,4.06,3.96,4631100.0,18589611.0,10:54:58
sh603025,大豪科技,13.66,0.16,1.185,13.66,13.67,13.5,13.6,13.73,13.45,4067106.0,55320322.0,10:54:57
sh603026,石大胜华,61.12,-2.78,-4.351,61.09,61.13,63.9,63.4,63.91,61.01,4380965.0,271625803.0,10:54:57
sh603027,千禾味业,7.34,0.12,1.662,7.33,7.34,7.22,7.22,7.34,7.22,5611077.0,40930044.0,10:54:57
sh603028,赛福天,6.99,0.03,0.431,6.99,7.0,6.96,6.98,7.09,6.88,1606010.0,11228665.0,10:54:54
sh603029,天鹅股份,16.11,0.22,1.385,16.11,16.12,15.89,15.83,16.29,15.74,1076000.0,17310408.0,10:54:58
sh603030,全筑股份,2.09,0.06,2.956,2.08,2.09,2.03,2.02,2.1,2.02,21980500.0,45484667.0,10:54:55
sh603031,安孚科技,38.41,0.42,1.106,38.41,38.43,37.99,37.37,39.2,36.3,6056800.0,229312432.0,10:54:59
sh603032,德新科技,18.78,-1.44,-7.122,18.76,18.77,20.22,20.2,20.2,18.63,11568315.0,220608196.0,10:54:59
sh603033,三维股份,7.28,-0.11,-1.488,7.28,7.29,7.39,7.35,7.44,7.26,3423400.0,25161966.0,10:54:57
sh603035,常熟汽饰,11.17,0.14,1.269,11.16,11.17,11.03,10.99,11.2,10.99,2079600.0,23140862.0,10:54:58
sh603036,如通股份,15.76,0.26,1.677,15.74,15.75,15.5,15.49,15.9,15.2,4806000.0,74688976.0,10:54:57
sh603037,凯众股份,10.16,0.12,1.195,10.15,10.17,10.04,10.08,10.28,9.92,1193998.0,12091453.0,10:54:57
sh603038,华立股份,16.95,0.05,0.296,16.94,16.96,16.9,16.74,17.01,16.34,4652900.0,77492887.0,10:54:57
sh603039,泛微网络,40.47,-1.27,-3.043,40.45,40.48,41.74,41.5,41.86,40.0,7033140.0,286165761.0,10:54:58
sh603040,新坐标,51.79,-0.31,-0.595,51.77,51.78,52.1,52.06,52.44,51.08,263475.0,13641135.0,10:54:58
sh603041,美思德,11.07,0.14,1.281,11.07,11.08,10.93,10.93,11.19,10.92,986200.0,10901773.0,10:54:57
sh603042,华脉科技,13.85,0.15,1.095,13.85,13.87,13.7,13.45,13.92,13.38,3391330.0,46561167.0,10:54:57
sh603043,广州酒家,13.68,0.22,1.634,13.68,13.69,13.46,13.5,13.7,13.48,1475080.0,20087894.0,10:54:56
sh603045,福达合金,53.6,-2.73,-4.846,53.6,53.63,56.33,55.58,56.05,53.19,6412472.0,347941257.0,10:54:57
sh603048,浙江黎明,21.63,0.53,2.512,21.63,21.66,21.1,20.89,21.73,20.79,1173200.0,25021331.0,10:54:55
sh603049,中策橡胶,49.04,-0.06,-0.122,49.02,49.05,49.1,48.91,49.55,48.88,562800.0,27677880.0,10:54:56
sh603050,科林电气,17.73,0.15,0.853,17.73,17.76,17.58,17.38,18.09,17.38,2023873.0,36072275.0,10:54:55
sh603051,鹿山新材,20.32,-0.73,-3.468,20.32,20.34,21.05,20.96,20.97,20.31,1695300.0,34751801.0,10:54:57
sh603052,可川科技,55.83,-0.99,-1.742,55.82,55.86,56.82,54.0,56.77,53.72,3777700.0,208302779.0,10:54:57
sh603053,成都燃气,8.77,0.07,0.805,8.76,8.77,8.7,8.63,8.77,8.63,1073700.0,9390909.0,10:54:59
sh603055,台华新材,8.77,-0.03,-0.341,8.77,8.78,8.8,8.79,8.84,8.72,1311700.0,11507816.0,10:54:57
sh603057,紫燕食品,21.32,-0.02,-0.094,21.32,21.33,21.34,21.23,21.64,21.11,799400.0,17098200.0,10:54:59
sh603058,永吉股份,8.89,0.07,0.794,8.88,8.89,8.82,8.7,8.98,8.68,2156500.0,19104106.0,10:55:00
sh603059,倍加洁,24.87,0.25,1.015,24.86,24.89,24.62,24.62,25.06,24.46,489100.0,12142237.0,10:54:59
sh603060,国检集团,5.46,0.06,1.111,5.46,5.47,5.4,5.36,5.48,5.36,2293952.0,12484543.0,10:55:01
sh603061,金海通,337.52,-9.78,-2.816,337.5,337.55,347.3,335.0,347.0,328.01,2337914.0,792624779.0,10:55:00
sh603062,麦加芯彩,38.92,0.39,1.012,38.82,38.92,38.53,38.33,39.06,38.02,111200.0,4291241.0,10:54:56
sh603063,禾望电气,30.24,-0.54,-1.754,30.23,30.25,30.78,30.41,30.77,29.78,6756303.0,204541433.0,10:55:01
sh603065,宿迁联盛,17.89,-0.92,-4.891,17.85,17.89,18.81,18.25,19.12,17.6,32069400.0,588624786.0,10:55:00
sh603066,音飞储存,9.07,0.12,1.341,9.06,9.07,8.95,8.91,9.1,8.9,2241500.0,20201058.0,10:54:58
sh603067,振华股份,32.9,0.26,0.797,32.87,32.9,32.64,32.1,33.4,31.9,7876400.0,256670911.0,10:55:01
sh603068,博通集成,36.2,-0.17,-0.467,36.15,36.17,36.37,35.8,36.65,35.1,4021700.0,144517364.0,10:55:01
sh603069,海汽集团,12.91,0.1,0.781,12.89,12.91,12.81,12.61,13.14,12.61,2225600.0,28836549.0,10:55:02
sh603070,万控智造,11.48,0.05,0.437,11.48,11.5,11.43,11.41,11.58,11.33,571500.0,6568082.0,10:55:02
sh603071,物产环能,12.64,0.02,0.158,12.63,12.65,12.62,12.48,12.78,12.47,2578200.0,32666419.0,10:55:00
sh603072,天和磁材,31.19,-0.07,-0.224,31.18,31.2,31.26,31.26,31.8,31.12,976300.0,30643927.0,10:55:02
sh603073,彩蝶实业,16.66,0.03,0.18,16.66,16.67,16.63,16.62,16.89,16.41,652400.0,10911688.0,10:54:39
sh603075,热威股份,19.17,0.13,0.683,19.17,19.2,19.04,18.91,19.3,18.9,874800.0,16753742.0,10:55:02
sh603076,乐惠国际,20.53,0.25,1.233,20.52,20.53,20.28,20.61,20.61,20.1,719600.0,14670866.0,10:54:59
sh603077,和邦生物,2.38,-0.04,-1.653,2.38,2.39,2.42,2.38,2.42,2.37,99734900.0,239334759.0,10:55:02
sh603078,江化微,33.4,-1.4,-4.023,33.36,33.4,34.8,34.01,34.28,32.7,14046700.0,469558068.0,10:55:00
sh603079,圣达生物,13.89,1.26,9.976,13.89,0.0,12.63,12.88,13.89,12.61,15096042.0,202112533.0,10:54:50
sh603080,新疆火炬,19.5,-0.14,-0.713,19.48,19.49,19.64,19.56,19.78,19.4,747400.0,14660944.0,10:54:55
sh603081,大丰实业,9.54,0.17,1.814,9.53,9.54,9.37,9.33,9.6,9.33,1435500.0,13635863.0,10:54:56
sh603082,北自科技,43.52,1.65,3.941,43.52,43.53,41.87,40.87,44.5,40.01,4410390.0,186871844.0,10:54:59
sh603083,剑桥科技,171.79,-3.2,-1.829,171.7,171.79,174.99,169.5,175.84,168.07,9461945.0,1619217178.0,10:55:00
sh603085,天成自控,9.79,0.01,0.102,9.79,9.8,9.78,9.73,9.87,9.58,3008800.0,29200845.0,10:55:00
sh603086,先达股份,5.63,0.06,1.077,5.63,5.64,5.57,5.49,5.68,5.48,5724000.0,32155717.0,10:55:01
sh603087,甘李药业,66.2,0.73,1.115,66.2,66.24,65.47,65.5,67.18,65.1,5860300.0,388272189.0,10:55:01
sh603088,宁波精达,9.64,0.1,1.048,9.63,9.65,9.54,9.54,9.73,9.39,4298000.0,41241530.0,10:55:02
sh603089,正裕工业,10.81,0.28,2.659,10.8,10.81,10.53,10.53,10.92,10.0,14142598.0,146243563.0,10:55:01
sh603090,宏盛股份,37.49,0.21,0.563,37.5,37.56,37.28,36.54,38.23,36.04,1371673.0,51009160.0,10:55:01
sh603091,众鑫股份,49.13,-0.16,-0.325,49.14,49.3,49.29,49.49,50.19,48.75,264140.0,13118941.0,10:54:57
sh603092,德力佳,41.54,0.3,0.727,41.53,41.54,41.24,41.1,41.93,40.89,921695.0,38236452.0,10:55:01
sh603093,南华期货,11.41,0.1,0.884,11.4,11.41,11.31,11.33,11.46,11.29,7094830.0,80739110.0,10:55:00
sh603095,越剑智能,16.4,1.49,9.993,16.4,0.0,14.91,14.64,16.4,14.62,17422454.0,278966909.0,10:55:01
sh603096,新经典,15.0,0.14,0.942,14.98,15.01,14.86,14.9,15.02,14.63,1210600.0,17997110.0,10:55:00
sh603097,江苏华辰,19.08,-0.19,-0.986,19.07,19.11,19.27,19.01,19.23,18.8,765560.0,14538803.0,10:55:01
sh603098,森特股份,10.14,0.01,0.099,10.13,10.14,10.13,10.03,10.2,9.99,1327100.0,13406936.0,10:54:48
sh603099,长白山,38.2,-0.29,-0.753,38.2,38.21,38.49,38.55,39.28,38.18,4654556.0,180273793.0,10:55:01
sh603100,川仪股份,17.44,0.14,0.809,17.43,17.44,17.3,17.3,17.53,17.24,1061600.0,18476891.0,10:54:57
sh603101,汇嘉时代,7.34,0.15,2.086,7.33,7.34,7.19,7.2,7.37,7.14,3881503.0,28264000.0,10:54:59
sh603102,百合股份,39.68,1.91,5.057,39.67,39.68,37.77,37.52,41.55,37.21,4159300.0,163713337.0,10:55:02
sh603103,横店影视,14.55,0.33,2.321,14.53,14.54,14.22,14.25,14.69,14.1,2931692.0,42547328.0,10:55:01
sh603105,芯能科技,7.6,-0.14,-1.809,7.59,7.6,7.74,7.75,8.01,7.54,32242980.0,249041106.0,10:55:00
sh603106,恒银科技,7.48,-0.15,-1.966,7.47,7.48,7.63,7.5,7.58,7.33,11834600.0,88130673.0,10:55:02
sh603107,上海汽配,11.74,-0.19,-1.593,11.73,11.74,11.93,11.7,11.78,11.51,1232400.0,14369834.0,10:55:01
sh603108,润达医疗,9.57,0.02,0.209,9.57,9.58,9.55,9.54,9.72,9.41,4714158.0,45102179.0,10:55:00
sh603109,神驰机电,17.61,-0.03,-0.17,17.61,17.62,17.64,17.64,17.78,17.4,835000.0,14678051.0,10:55:02
sh603110,东方材料,24.21,-1.16,-4.572,24.2,24.21,25.37,25.12,25.25,24.13,4131456.0,101719284.0,10:54:59
sh603111,康尼机电,5.84,0.02,0.344,5.83,5.84,5.82,5.8,5.85,5.76,2081600.0,12100105.0,10:55:01
sh603112,华翔股份,15.55,-0.41,-2.569,15.55,15.57,15.96,15.8,15.95,15.45,3980550.0,62182911.0,10:55:02
sh603113,金能科技,5.48,0.5,10.04,5.48,0.0,4.98,4.88,5.48,4.87,33792985.0,178781067.0,10:55:00
sh603115,海星股份,74.91,-0.22,-0.293,74.81,74.88,75.13,72.42,75.66,71.31,3611300.0,265026040.0,10:55:01
sh603116,红蜻蜓,6.46,-0.03,-0.462,6.45,6.47,6.49,6.4,6.48,6.35,2398000.0,15387532.0,10:55:00
sh603117,万林物流,3.85,0.08,2.122,3.85,3.86,3.77,3.76,3.87,3.73,3969720.0,15176511.0,10:54:59
sh603118,共进股份,16.18,0.17,1.062,16.18,16.19,16.01,15.69,16.5,15.41,70460458.0,1126065969.0,10:55:02
sh603119,浙江荣泰,49.08,-1.05,-2.095,49.08,49.11,50.13,49.92,49.98,48.66,2779222.0,136988042.0,10:55:01
sh603120,肯特催化,45.5,-1.7,-3.602,45.48,45.51,47.2,46.75,46.75,44.8,691900.0,31557082.0,10:55:02
sh603121,华培动力,12.29,0.05,0.408,12.27,12.29,12.24,12.21,12.37,12.07,1531900.0,18715753.0,10:55:00
sh603122,合富中国,11.61,0.23,2.021,11.61,11.62,11.38,11.33,11.88,11.21,9049117.0,104701230.0,10:54:59
sh603123,翠微股份,10.14,0.21,2.115,10.13,10.14,9.93,9.68,10.22,9.43,47282829.0,466036723.0,10:55:01
sh603124,江南新材,120.87,-5.35,-4.239,120.86,121.02,126.22,125.1,125.1,118.26,2061456.0,250113478.0,10:55:00
sh603125,常青科技,22.58,-0.43,-1.869,22.55,22.57,23.01,22.77,22.99,22.12,2125700.0,47876304.0,10:54:59
sh603126,中材节能,6.02,0.05,0.838,6.02,6.03,5.97,5.95,6.09,5.94,3549001.0,21411233.0,10:54:50
sh603127,昭衍新药,46.39,0.0,0.0,46.38,46.4,46.39,46.0,47.54,45.2,20557504.0,955494151.0,10:55:02
sh603128,华贸物流,5.53,0.13,2.407,5.52,5.53,5.4,5.43,5.58,5.41,11522400.0,63591918.0,10:55:00
sh603129,春风动力,306.45,-2.13,-0.69,306.44,306.82,308.58,305.53,310.64,303.51,557662.0,171327531.0,10:55:01
sh603130,云中马,40.89,-0.32,-0.777,40.87,40.92,41.21,41.23,41.76,40.63,495806.0,20422361.0,10:54:58
sh603131,上海沪工,14.07,-0.09,-0.636,14.06,14.07,14.16,14.03,14.25,13.82,2182700.0,30669952.0,10:55:01
sh603132,金徽股份,18.15,-0.6,-3.2,18.14,18.15,18.75,18.81,18.99,18.11,5054191.0,93723561.0,10:55:02
sh603135,中重科技,8.95,0.02,0.224,8.94,8.95,8.93,8.82,9.04,8.82,2323958.0,20763669.0,10:55:00
sh603136,天目湖,9.22,0.24,2.673,9.21,9.22,8.98,9.1,9.24,9.04,3416300.0,31366070.0,10:54:50
sh603137,恒尚节能,21.49,-0.48,-2.185,21.47,21.49,21.97,21.86,21.99,21.1,8020490.0,172940889.0,10:55:02
sh603138,海量数据,12.61,0.05,0.398,12.6,12.61,12.56,12.42,12.73,12.38,1793970.0,22576284.0,10:54:57
sh603139,康惠股份,33.92,0.0,0.0,33.9,33.92,33.92,33.5,34.11,33.23,798400.0,26895401.0,10:54:55
sh603150,万朗磁塑,51.96,-0.92,-1.74,51.87,51.96,52.88,51.99,52.92,51.29,458700.0,23945767.0,10:55:01
sh603151,邦基科技,15.39,-0.36,-2.286,15.39,15.41,15.75,15.48,15.95,15.32,1551100.0,24154234.0,10:55:00
sh603153,上海建科,13.23,0.18,1.379,13.22,13.23,13.05,13.02,13.24,12.98,740400.0,9737891.0,10:54:56
sh603155,新亚强,13.18,-0.64,-4.631,13.18,13.19,13.82,13.59,13.68,13.06,4952084.0,65787991.0,10:55:01
sh603156,养元饮品,42.96,-4.77,-9.994,0.0,42.96,47.73,44.0,45.0,42.96,17066701.0,737642640.0,10:55:01
sh603158,腾龙股份,10.03,0.02,0.2,10.01,10.03,10.01,9.9,10.15,9.84,5727254.0,57315380.0,10:54:59
sh603159,上海亚虹,22.04,0.05,0.227,21.97,22.04,21.99,21.75,22.21,21.22,1118700.0,24355638.0,10:55:00
sh603160,汇顶科技,47.48,0.19,0.402,47.44,47.48,47.29,47.0,47.73,46.59,1767701.0,83461453.0,10:55:01
sh603161,科华控股,15.79,-0.21,-1.313,15.77,15.78,16.0,15.69,16.0,15.69,981328.0,15551233.0,10:54:59
sh603162,海通发展,12.03,-0.19,-1.555,12.03,12.04,12.22,12.13,12.64,11.97,20305780.0,248821072.0,10:55:00
sh603163,圣晖集成,77.76,-2.34,-2.921,77.72,77.83,80.1,78.38,79.1,75.72,978920.0,75827008.0,10:55:01
sh603165,荣晟环保,13.51,0.02,0.148,13.51,13.52,13.49,13.51,13.68,13.42,1960300.0,26481278.0,10:54:54
sh603166,福达股份,10.8,-0.2,-1.818,10.79,10.8,11.0,11.06,11.08,10.75,3864878.0,42045188.0,10:54:55
sh603167,渤海轮渡,8.78,0.01,0.114,8.77,8.78,8.77,8.77,8.81,8.76,1548000.0,13602516.0,10:54:59
sh603168,莎普爱思,5.69,0.15,2.708,5.68,5.69,5.54,5.5,5.75,5.48,4363600.0,24665209.0,10:55:00
sh603169,兰石重装,6.3,0.04,0.639,6.3,6.31,6.26,6.22,6.37,6.22,4856514.0,30544365.0,10:55:00
sh603170,宝立食品,12.44,0.11,0.892,12.43,12.44,12.33,12.27,12.48,12.27,700400.0,8696388.0,10:54:58
sh603171,税友股份,40.61,-0.86,-2.074,40.61,40.62,41.47,41.2,41.46,40.58,2406900.0,98482428.0,10:54:59
sh603172,万丰股份,17.31,-0.06,-0.345,17.3,17.31,17.37,17.3,17.6,17.13,398200.0,6923584.0,10:55:00
sh603173,福斯达,30.99,0.1,0.324,30.98,31.0,30.89,30.99,31.14,30.59,230000.0,7110814.0,10:54:59
sh603175,超颖电子,87.68,-2.25,-2.502,87.37,87.67,89.93,88.27,90.38,86.78,731883.0,64372723.0,10:55:00
sh603176,汇通集团,5.06,0.12,2.429,5.05,5.07,4.94,4.9,5.11,4.87,2428700.0,12177480.0,10:55:00
sh603177,德创环保,10.54,0.15,1.444,10.53,10.55,10.39,10.39,10.66,10.23,3637400.0,38102137.0,10:54:53
sh603178,圣龙股份,16.63,0.31,1.9,16.63,16.64,16.32,16.01,16.8,15.7,5267250.0,86272668.0,10:54:58
sh603179,新泉股份,36.7,-1.38,-3.624,36.7,36.71,38.08,37.62,38.1,36.55,10331066.0,385696101.0,10:54:59
sh603180,金牌家居,15.36,0.11,0.721,15.36,15.38,15.25,15.27,15.5,15.17,421300.0,6448186.0,10:54:53
sh603181,皇马科技,12.56,0.03,0.239,12.55,12.56,12.53,12.47,12.67,12.45,1858721.0,23415933.0,10:54:56
sh603182,嘉华股份,13.2,0.13,0.995,13.19,13.2,13.07,13.04,13.33,12.93,1063900.0,14063297.0,10:54:47
sh603183,建研院,4.66,0.0,0.0,4.65,4.66,4.66,4.61,4.72,4.56,4907320.0,22761239.0,10:55:00
sh603185,弘元绿能,16.33,-0.2,-1.21,16.32,16.34,16.53,16.38,16.59,16.05,3485137.0,56850353.0,10:54:59
sh603186,华正新材,164.46,-0.82,-0.496,164.46,164.47,165.28,164.0,175.0,163.26,14579700.0,2459315771.0,10:55:01
sh603187,海容冷链,11.06,0.1,0.912,11.06,11.07,10.96,10.91,11.17,10.89,3098055.0,34184188.0,10:54:59
sh603188,亚邦股份,4.72,0.06,1.288,4.72,4.73,4.66,4.6,4.77,4.54,13400300.0,62798852.0,10:54:59
sh603189,*ST网达,8.93,0.04,0.45,8.92,8.93,8.89,8.81,9.0,8.77,1006800.0,8966921.0,10:55:00
sh603190,亚通精工,16.55,0.13,0.792,16.54,16.56,16.42,16.28,16.83,16.26,846380.0,14002967.0,10:55:00
sh603191,望变电气,14.28,-0.14,-0.971,14.27,14.28,14.42,14.47,14.52,14.14,3121959.0,44743215.0,10:55:00
sh603192,汇得科技,19.97,0.27,1.371,19.93,19.97,19.7,19.66,20.11,19.5,560500.0,11158360.0,10:54:44
sh603193,润本股份,21.45,0.77,3.723,21.44,21.46,20.68,20.54,21.5,20.38,2943999.0,62102045.0,10:55:01
sh603194,中力股份,33.75,0.24,0.716,33.74,33.75,33.51,33.3,33.9,33.3,427649.0,14421016.0,10:54:58
sh603195,公牛集团,40.15,0.31,0.778,40.15,40.19,39.84,39.8,40.3,39.76,896624.0,35917887.0,10:55:00
sh603196,璞源材料,19.17,-0.07,-0.364,19.16,19.17,19.24,19.07,19.21,18.91,515700.0,9839059.0,10:54:53
sh603197,保隆科技,30.12,-0.29,-0.954,30.12,30.13,30.41,30.08,30.4,29.79,1439700.0,43279907.0,10:55:00
sh603198,迎驾贡酒,39.27,-0.52,-1.307,39.25,39.28,39.79,39.37,40.19,39.18,1914000.0,75633119.0,10:54:58
sh603199,九华旅游,34.06,0.19,0.561,34.06,34.07,33.87,33.95,34.68,33.8,1932200.0,66220787.0,10:54:56
sh603200,上海洗霸,38.62,-0.51,-1.303,38.61,38.62,39.13,41.0,42.98,38.59,15195534.0,612177014.0,10:55:01
sh603201,常润股份,14.69,0.04,0.273,14.69,14.71,14.65,14.65,14.83,14.52,1162900.0,17072254.0,10:55:01
sh603202,天有为,52.22,0.6,1.162,52.16,52.21,51.62,51.49,52.32,51.02,477300.0,24772217.0,10:54:45
sh603203,快克智能,41.71,-1.14,-2.66,41.71,41.74,42.85,42.16,43.04,40.8,3380820.0,141427845.0,10:55:00
sh603205,健尔康,22.0,0.17,0.779,21.99,22.0,21.83,21.6,22.13,21.43,664181.0,14512013.0,10:55:01
sh603206,嘉环科技,13.66,0.09,0.663,13.66,13.67,13.57,13.46,13.79,13.41,1168400.0,15935659.0,10:54:54
sh603207,小方制药,22.94,0.16,0.702,22.94,22.98,22.78,22.6,23.22,22.36,1509256.0,34558921.0,10:54:57
sh603208,江山欧派,11.36,0.15,1.338,11.35,11.36,11.21,11.17,11.44,11.13,677629.0,7652225.0,10:54:54
sh603209,兴通股份,14.32,-0.33,-2.253,14.32,14.33,14.65,14.56,14.69,14.28,5030669.0,72516999.0,10:54:59
sh603210,泰鸿万立,13.3,0.06,0.453,13.3,13.31,13.24,13.24,13.37,13.18,778486.0,10342586.0,10:54:56
sh603211,晋拓股份,21.6,-0.41,-1.863,21.6,21.61,22.01,21.99,21.99,21.19,4109300.0,88577977.0,10:54:58
sh603212,赛伍技术,11.46,-0.12,-1.036,11.46,11.47,11.58,11.55,11.66,11.36,2901700.0,33380747.0,10:55:00
sh603213,镇洋发展,14.0,0.11,0.792,14.0,14.02,13.89,13.89,14.08,13.8,1562233.0,21853468.0,10:54:57
sh603214,爱婴室,13.69,-0.05,-0.364,13.69,13.7,13.74,13.33,13.78,13.31,1846900.0,25108183.0,10:55:01
sh603215,比依股份,14.37,0.19,1.34,14.37,14.39,14.18,14.11,14.44,14.09,474100.0,6789218.0,10:55:01
sh603216,梦天家居,20.4,-0.15,-0.73,20.39,20.4,20.55,20.19,20.71,20.15,1220600.0,24921991.0,10:54:58
sh603217,元利科技,26.45,0.64,2.48,26.41,26.45,25.81,25.81,26.63,25.28,2201800.0,57350330.0,10:54:58
sh603218,日月股份,9.64,0.06,0.626,9.63,9.64,9.58,9.58,9.68,9.48,2193700.0,21104080.0,10:55:01
sh603219,富佳股份,13.87,0.27,1.985,13.87,13.88,13.6,13.5,14.15,13.4,1414400.0,19530695.0,10:54:59
sh603220,中贝通信,18.15,0.02,0.11,18.14,18.15,18.13,18.0,18.48,17.8,8336289.0,151642589.0,10:55:00
sh603221,爱丽家居,26.82,-0.83,-3.002,26.82,26.83,27.65,27.5,27.5,26.26,8195105.0,220661107.0,10:54:59
sh603222,济民健康,8.16,0.1,1.241,8.15,8.16,8.06,8.02,8.26,7.88,8418100.0,68542256.0,10:54:55
sh603223,恒通股份,10.1,-0.23,-2.227,10.1,10.11,10.33,10.33,10.33,10.03,3749000.0,37987649.0,10:54:57
sh603225,新凤鸣,18.83,-0.87,-4.416,18.83,18.84,19.7,19.71,19.83,18.7,9392200.0,179475309.0,10:55:00
sh603226,菲林格尔,36.14,-4.02,-10.01,0.0,36.14,40.16,38.64,38.64,36.14,3739891.0,137469447.0,10:54:55
sh603227,雪峰科技,7.64,-0.01,-0.131,7.64,7.65,7.65,7.61,7.73,7.56,2523533.0,19352425.0,10:54:55
sh603228,景旺电子,89.2,-2.44,-2.663,89.2,89.29,91.64,90.08,91.88,88.6,12485097.0,1127860433.0,10:55:00
sh603229,奥翔药业,7.93,-0.01,-0.126,7.92,7.93,7.94,7.9,8.03,7.78,3899173.0,30905717.0,10:54:54
sh603230,内蒙新华,9.22,0.06,0.655,9.22,9.23,9.16,9.11,9.25,9.11,916200.0,8440488.0,10:54:33
sh603231,索宝蛋白,16.14,0.08,0.498,16.14,16.15,16.06,15.93,16.16,15.85,1190900.0,19125498.0,10:54:56
sh603232,格尔软件,14.78,0.16,1.094,14.77,14.78,14.62,14.45,14.93,14.39,2529420.0,37207308.0,10:55:00
sh603233,大参林,18.37,1.01,5.818,18.36,18.37,17.36,17.69,18.63,17.6,8730962.0,158624112.0,10:54:59
sh603235,天新药业,23.16,0.18,0.783,23.16,23.2,22.98,22.99,23.29,22.75,213400.0,4936820.0,10:54:55
sh603236,移远通信,56.32,-0.67,-1.176,56.32,56.33,56.99,56.48,57.26,55.93,4320450.0,244367539.0,10:54:59
sh603237,五芳斋,14.37,0.2,1.411,14.36,14.37,14.17,14.39,14.4,14.13,546496.0,7814150.0,10:54:59
sh603238,诺邦股份,12.3,0.15,1.235,12.3,12.31,12.15,12.15,12.36,12.07,1040700.0,12765446.0,10:54:54
sh603239,浙江仙通,14.09,-0.01,-0.071,14.08,14.09,14.1,14.03,14.23,13.96,1204000.0,16949119.0,10:55:00
sh603248,锡华科技,18.13,0.07,0.388,18.13,18.14,18.06,18.07,18.32,18.0,771931.0,14015686.0,10:54:58
sh603255,鼎际得,29.74,1.34,4.718,29.59,29.73,28.4,28.98,30.32,28.21,1944653.0,56930004.0,10:55:01
sh603256,宏和科技,130.5,-3.4,-2.539,130.47,130.5,133.9,130.53,132.33,127.46,5512540.0,715865161.0,10:55:01
sh603257,中国瑞林,62.54,-1.16,-1.821,62.54,62.55,63.7,63.65,63.65,62.54,271857.0,17113718.0,10:55:00
sh603258,电魂网络,12.9,0.34,2.707,12.88,12.9,12.56,12.51,12.97,12.44,1288220.0,16421720.0,10:54:56
sh603259,药明康德,157.08,1.24,0.796,157.08,157.1,155.84,154.13,159.6,154.1,33631269.0,5291649361.0,10:55:01
sh603260,合盛硅业,32.88,-0.75,-2.23,32.88,32.89,33.63,33.4,33.41,32.85,5080172.0,168229668.0,10:55:01
sh603261,立航科技,49.43,-0.47,-0.942,49.4,49.5,49.9,49.5,50.19,47.64,791100.0,38703175.0,10:55:01
sh603262,技源集团,18.23,-0.17,-0.924,18.22,18.23,18.4,18.21,18.5,18.1,1729741.0,31574790.0,10:55:03
sh603266,天龙股份,15.54,0.04,0.258,15.54,15.55,15.5,15.5,15.65,15.31,747541.0,11589480.0,10:55:02
sh603267,鸿远电子,46.47,-0.33,-0.705,46.47,46.48,46.8,46.19,46.95,45.2,3169715.0,146163348.0,10:55:03
sh603268,松发股份,185.5,4.57,2.526,185.38,185.5,180.93,181.5,191.0,178.0,6603997.0,1228176969.0,10:55:01
sh603269,海鸥股份,18.13,-0.1,-0.549,18.1,18.13,18.23,18.0,18.34,17.52,11988820.0,215520563.0,10:55:02
sh603270,金帝股份,27.73,-0.04,-0.144,27.7,27.75,27.77,27.7,28.09,27.22,1104900.0,30569595.0,10:54:58
sh603271,永杰新材,42.2,-0.57,-1.333,42.19,42.2,42.77,42.53,42.76,42.18,669519.0,28417783.0,10:55:02
sh603272,*ST联翔,13.72,0.06,0.439,13.72,13.73,13.66,13.54,13.86,13.43,999300.0,13630431.0,10:54:45
sh603273,天元智能,14.58,0.17,1.18,14.55,14.58,14.41,14.34,14.66,14.29,1090000.0,15818426.0,10:55:01
sh603275,众辰科技,35.18,0.26,0.745,35.14,35.16,34.92,34.82,35.35,34.61,339100.0,11879182.0,10:55:00
sh603276,恒兴新材,15.65,-0.23,-1.448,15.65,15.66,15.88,15.9,15.96,15.63,1044890.0,16531118.0,10:54:52
sh603277,银都股份,12.68,0.12,0.955,12.67,12.68,12.56,12.34,12.79,12.02,3594300.0,44655603.0,10:55:03
sh603278,大业股份,8.95,0.02,0.224,8.95,8.96,8.93,8.81,9.06,8.75,3778900.0,33750654.0,10:55:03
sh603279,景津装备,12.62,0.12,0.96,12.61,12.62,12.5,12.51,12.68,12.38,2821800.0,35546472.0,10:54:56
sh603280,南方路机,25.92,-0.43,-1.632,25.92,25.96,26.35,25.84,26.2,25.52,1143600.0,29629846.0,10:55:01
sh603281,江瀚新材,18.7,-0.18,-0.953,18.7,18.73,18.88,18.88,18.92,18.55,1282840.0,24051127.0,10:55:01
sh603282,亚光股份,15.55,0.11,0.712,15.55,15.56,15.44,15.44,15.75,15.26,580200.0,9003959.0,10:54:59
sh603283,赛腾股份,46.11,-1.49,-3.13,46.11,46.12,47.6,47.08,48.38,44.8,15013615.0,697811884.0,10:55:01
sh603284,林平发展,43.08,0.69,1.628,43.04,43.08,42.39,42.01,43.39,41.81,919064.0,39352102.0,10:54:53
sh603285,键邦股份,33.88,-0.42,-1.224,33.86,33.87,34.3,33.85,34.47,33.0,2601780.0,87569670.0,10:55:00
sh603286,日盈电子,40.26,-0.66,-1.613,40.26,40.28,40.92,40.52,40.71,39.7,782100.0,31421916.0,10:55:03
sh603288,海天味业,35.92,0.25,0.701,35.9,35.92,35.67,35.8,35.95,35.55,5623263.0,201043623.0,10:55:03
sh603289,泰瑞机器,8.84,0.1,1.144,8.83,8.85,8.74,8.68,8.94,8.61,1707100.0,15023742.0,10:55:00
sh603290,斯达半导,90.32,-2.67,-2.871,90.31,90.4,92.99,89.98,92.58,88.51,5935414.0,536205602.0,10:55:02
sh603291,联合水务,9.03,-0.03,-0.331,9.02,9.04,9.06,8.99,9.18,8.9,2082900.0,18904321.0,10:54:56
sh603293,埃泰克,34.73,-0.05,-0.144,34.72,34.78,34.78,34.42,34.94,34.41,294045.0,10195407.0,10:54:55
sh603296,华勤技术,74.48,-0.74,-0.984,74.48,74.49,75.22,74.67,75.12,73.51,7382435.0,549369847.0,10:55:01
sh603297,永新光学,103.81,-1.09,-1.039,103.83,103.92,104.9,102.27,105.0,100.88,567875.0,58287445.0,10:55:01
sh603298,杭叉集团,25.47,-0.33,-1.279,25.48,25.49,25.8,25.55,25.79,25.45,1473935.0,37702279.0,10:55:02
sh603299,苏盐井神,8.67,-0.31,-3.452,8.66,8.67,8.98,8.88,8.89,8.64,9041208.0,78982726.0,10:54:58
sh603300,海南华铁,4.76,0.05,1.062,4.76,4.77,4.71,4.69,4.79,4.68,13535339.0,64298589.0,10:55:03
sh603301,振德医疗,82.25,-0.04,-0.049,82.21,82.29,82.29,82.2,83.07,80.95,638400.0,52387968.0,10:55:02
sh603303,得邦照明,22.46,-1.01,-4.303,22.44,22.46,23.47,23.58,23.58,22.34,1580300.0,35996494.0,10:55:01
sh603305,旭升集团,11.12,0.04,0.361,11.11,11.12,11.08,11.0,11.22,10.97,6104984.0,67713930.0,10:55:02
sh603306,华懋科技,72.14,-0.84,-1.151,72.15,72.23,72.98,72.02,73.19,70.57,4995001.0,358806595.0,10:55:01
sh603307,扬州金泉,25.12,-1.38,-5.208,25.13,25.15,26.5,26.49,26.65,24.88,1817715.0,47263242.0,10:55:02
sh603308,应流股份,42.71,0.11,0.258,42.71,42.73,42.6,42.49,43.96,41.19,12605182.0,538770808.0,10:55:02
sh603309,维力医疗,11.32,0.02,0.177,11.32,11.33,11.3,11.3,11.42,11.18,1731170.0,19615071.0,10:55:03
sh603310,巍华新材,14.59,0.0,0.0,14.59,14.6,14.59,14.53,14.63,14.51,398700.0,5812749.0,10:54:58
sh603311,金海高科,27.86,-0.47,-1.659,27.86,27.92,28.33,27.81,28.28,27.33,1245600.0,34715387.0,10:55:01
sh603312,西典新能,31.76,-0.13,-0.408,31.76,31.8,31.89,31.89,32.13,31.35,331800.0,10528784.0,10:55:03
sh603313,梦百合,6.08,0.03,0.496,6.08,6.1,6.05,5.98,6.14,5.98,7199000.0,43860991.0,10:55:03
sh603315,福鞍股份,11.45,-0.01,-0.087,11.43,11.45,11.46,11.3,11.59,11.3,1757700.0,20114640.0,10:55:00
sh603316,诚邦股份,13.57,-0.15,-1.093,13.55,13.56,13.72,13.5,13.78,13.2,3474800.0,46835221.0,10:55:02
sh603317,天味食品,13.63,0.2,1.489,13.62,13.63,13.43,13.42,13.77,13.33,5574700.0,75489957.0,10:55:01
sh603318,水发燃气,10.24,0.93,9.989,10.24,0.0,9.31,9.42,10.24,9.35,72840903.0,721314919.0,10:55:03
sh603319,美湖股份,25.44,-0.01,-0.039,25.44,25.45,25.45,25.12,25.7,24.47,5121557.0,128219366.0,10:55:01
sh603320,迪贝电气,16.92,-0.17,-0.995,16.91,16.92,17.09,16.68,17.35,16.66,3146475.0,53433747.0,10:55:01
sh603321,梅轮电梯,6.34,0.08,1.278,6.33,6.34,6.26,6.25,6.36,6.23,1281700.0,8086893.0,10:55:00
sh603322,超讯科技,25.03,0.02,0.08,25.01,25.05,25.01,25.4,25.4,24.53,1291200.0,32134971.0,10:55:02
sh603323,苏农银行,4.25,0.0,0.0,4.24,4.25,4.25,4.25,4.27,4.21,20006400.0,84691664.0,10:55:01
sh603324,盛剑科技,26.69,-0.48,-1.767,26.66,26.7,27.17,26.98,26.99,25.95,1677300.0,44471077.0,10:55:03
sh603325,博隆技术,53.29,0.02,0.038,53.18,53.27,53.27,53.0,53.67,52.83,154000.0,8210274.0,10:54:56
sh603326,我乐家居,7.09,0.1,1.431,7.09,7.1,6.99,6.95,7.15,6.93,1717400.0,12108848.0,10:55:00
sh603327,福蓉科技,9.44,-0.14,-1.461,9.44,9.45,9.58,9.5,9.68,9.38,16682425.0,158754907.0,10:55:02
sh603328,依顿电子,10.6,-0.04,-0.376,10.59,10.6,10.64,10.53,10.7,10.33,7205000.0,75927748.0,10:55:02
sh603329,上海雅仕,10.53,0.09,0.862,10.53,10.54,10.44,10.43,10.6,10.35,1916680.0,20144548.0,10:54:57
sh603330,天洋新材,11.44,0.47,4.284,11.41,11.44,10.97,10.94,11.46,10.35,78265904.0,856318961.0,10:55:01
sh603331,百达精工,12.52,0.0,0.0,12.5,12.52,12.52,12.36,12.63,12.34,1016300.0,12708707.0,10:54:59
sh603332,苏州龙杰,11.47,-0.02,-0.174,11.46,11.47,11.49,11.39,11.57,11.38,1876800.0,21566660.0,10:55:02
sh603333,福华尚纬,9.56,0.05,0.526,9.55,9.56,9.51,9.34,9.93,9.25,28003612.0,267681106.0,10:55:01
sh603334,丰倍生物,31.61,0.39,1.249,31.61,31.63,31.22,31.06,32.12,31.0,870931.0,27549869.0,10:54:46
sh603335,迪生力,6.52,-0.1,-1.511,6.52,6.53,6.62,6.64,6.64,6.47,4407507.0,28830481.0,10:55:02
sh603336,宏辉果蔬,8.94,-0.13,-1.433,8.94,8.95,9.07,8.91,9.25,8.84,10005265.0,90482487.0,10:55:01
sh603337,杰克科技,37.96,1.04,2.817,37.95,37.96,36.92,37.65,38.8,36.74,3904794.0,147874534.0,10:55:01
sh603338,浙江鼎力,57.59,2.93,5.36,57.56,57.58,54.66,55.2,58.29,54.66,5114200.0,292042534.0,10:55:03
sh603339,四方科技,14.12,0.31,2.245,14.12,14.13,13.81,13.72,14.26,13.58,4727096.0,66376396.0,10:54:58
sh603341,龙旗科技,36.56,0.38,1.05,36.56,36.58,36.18,35.94,36.87,35.69,2886449.0,104953491.0,10:55:03
sh603344,星德胜,22.67,0.51,2.301,22.66,22.67,22.16,22.21,23.45,22.02,1751900.0,40045684.0,10:55:02
sh603345,安井食品,76.69,-1.9,-2.418,76.69,76.71,78.59,78.54,78.54,75.59,7204075.0,553344990.0,10:55:01
sh603348,文灿股份,14.32,0.14,0.987,14.31,14.32,14.18,14.05,14.42,14.05,1047979.0,14973396.0,10:55:00
sh603350,安乃达,27.81,-0.09,-0.323,27.8,27.84,27.9,27.78,27.99,27.62,114800.0,3195824.0,10:54:39
sh603351,威尔药业,26.79,0.4,1.516,26.77,26.8,26.39,26.3,26.87,26.0,618200.0,16317767.0,10:55:02
sh603352,至信股份,25.45,0.23,0.912,25.45,25.47,25.22,25.11,25.5,25.06,334618.0,8481755.0,10:55:03
sh603353,和顺石油,30.0,-0.18,-0.596,29.95,29.98,30.18,29.93,30.5,29.45,1433500.0,42909065.0,10:54:56
sh603355,莱克电气,28.65,0.7,2.504,28.65,28.67,27.95,27.94,29.21,27.48,1649572.0,47377475.0,10:55:00
sh603356,华菱精工,16.73,0.13,0.783,16.7,16.73,16.6,16.45,16.85,16.35,1396400.0,23159772.0,10:54:49
sh603357,设计总院,6.05,0.03,0.498,6.04,6.05,6.02,5.98,6.07,5.98,1686928.0,10163049.0,10:55:01
sh603358,华达科技,45.19,-0.91,-1.974,45.18,45.2,46.1,45.71,46.08,44.82,2650697.0,120463042.0,10:55:01
sh603359,*ST东珠,2.12,0.01,0.474,2.12,2.13,2.11,2.09,2.15,2.09,2421100.0,5162131.0,10:54:49
sh603360,百傲化学,13.77,1.25,9.984,13.77,0.0,12.52,12.41,13.77,12.4,10752676.0,145263334.0,10:54:57
sh603363,傲农生物,2.88,0.04,1.408,2.87,2.88,2.84,2.82,2.9,2.81,12975033.0,37267130.0,10:55:01
sh603365,水星家纺,17.94,0.58,3.341,17.92,17.94,17.36,17.3,18.06,17.29,1506899.0,26762203.0,10:55:03
sh603366,日出东方,7.42,0.1,1.366,7.41,7.42,7.32,7.2,7.51,7.16,22285203.0,164148614.0,10:55:01
sh603367,辰欣药业,14.36,0.75,5.511,14.35,14.36,13.61,13.91,14.55,13.85,13229130.0,189247403.0,10:55:00
sh603368,柳药集团,15.86,0.12,0.762,15.85,15.86,15.74,15.71,15.92,15.66,1876900.0,29689615.0,10:55:03
sh603369,今世缘,28.0,0.22,0.792,27.99,28.0,27.78,27.8,28.27,27.64,6700900.0,187153134.0,10:55:00
sh603370,华新精科,32.13,0.14,0.438,32.12,32.13,31.99,32.03,32.39,31.68,236129.0,7561866.0,10:54:50
sh603373,安邦护卫,38.69,-0.24,-0.616,38.61,38.7,38.93,38.55,39.2,38.04,802100.0,30928499.0,10:55:02
sh603375,盛景微,37.04,-0.27,-0.724,37.01,37.04,37.31,36.56,37.57,36.11,730633.0,26960169.0,10:55:02
sh603376,大明电子,25.43,-0.94,-3.565,25.44,25.47,26.37,26.03,26.03,24.75,1698663.0,42940568.0,10:55:01
sh603377,ST东时,2.91,0.03,1.042,2.9,2.91,2.88,2.87,2.96,2.86,2270268.0,6605947.0,10:55:03
sh603378,*ST亚士,6.54,0.33,5.314,6.53,6.54,6.21,6.07,6.66,6.07,7818545.0,50611521.0,10:55:02
sh603379,三美股份,59.01,-0.89,-1.486,59.0,59.01,59.9,58.0,60.65,57.01,6645975.0,391466556.0,10:55:02
sh603380,易德龙,33.26,-0.73,-2.148,33.24,33.26,33.99,33.99,34.28,33.0,1996300.0,66835601.0,10:55:03
sh603381,永臻股份,15.34,-0.11,-0.712,15.34,15.36,15.45,15.35,15.45,15.06,2611183.0,39869462.0,10:55:02
sh603382,海阳科技,19.01,0.7,3.823,19.01,19.02,18.31,18.13,19.38,18.13,5145386.0,97252410.0,10:54:56
sh603383,顶点软件,28.27,0.25,0.892,28.26,28.27,28.02,27.83,28.57,27.72,1436400.0,40389617.0,10:55:02
sh603385,惠达卫浴,5.55,0.09,1.648,5.54,5.55,5.46,5.4,5.58,5.4,1398700.0,7706739.0,10:55:01
sh603386,骏亚科技,13.49,-0.06,-0.443,13.48,13.49,13.55,13.53,13.68,13.21,2396000.0,32265071.0,10:55:02
sh603387,基蛋生物,9.26,0.08,0.871,9.26,9.27,9.18,9.13,9.34,9.09,4674960.0,43220315.0,10:55:00
sh603389,亚振家居,42.76,0.02,0.047,42.77,42.78,42.74,42.37,44.2,41.64,1633300.0,69955635.0,10:55:02
sh603390,通达电气,9.73,-0.21,-2.113,9.72,9.73,9.94,9.81,9.85,9.45,4705700.0,45483684.0,10:55:00
sh603391,力聚热能,67.4,-0.17,-0.252,67.33,67.45,67.57,66.81,68.74,66.72,1030100.0,69701188.0,10:55:03
sh603392,万泰生物,27.61,-0.48,-1.709,27.61,27.62,28.09,27.82,28.17,27.41,5189807.0,143912153.0,10:55:02
sh603393,新天然气,24.89,0.71,2.936,24.89,24.9,24.18,24.25,25.04,24.23,7571930.0,187452252.0,10:55:02
sh603395,红四方,28.55,2.6,10.019,28.55,0.0,25.95,25.77,28.55,25.76,12777316.0,353307172.0,10:55:01
sh603396,金辰股份,25.52,-0.01,-0.039,25.51,25.54,25.53,25.21,25.92,25.19,1315500.0,33597788.0,10:55:02
sh603398,*ST沐邦,9.93,0.18,1.846,9.92,9.93,9.75,9.43,9.98,9.35,4413700.0,42938685.0,10:55:01
sh603399,永杉锂业,14.45,-0.76,-4.997,14.45,14.46,15.21,14.98,15.2,14.4,37885255.0,558253935.0,10:55:02
sh603400,华之杰,43.69,-1.8,-3.957,43.69,43.7,45.49,45.0,45.0,42.46,2188485.0,95316521.0,10:54:58
sh603402,陕西旅游,63.98,1.82,2.928,63.99,64.05,62.16,62.22,65.45,62.17,1862068.0,119889799.0,10:55:02
sh603406,天富龙,29.15,0.52,1.816,29.15,29.16,28.63,28.63,29.65,28.31,2401353.0,70094631.0,10:54:49
sh603407,长裕集团,54.62,-2.47,-4.327,54.62,54.66,57.09,55.9,56.15,53.7,2994788.0,163942247.0,10:55:03
sh603408,建霖家居,11.12,0.35,3.25,11.11,11.13,10.77,10.67,11.22,10.67,4442900.0,49168875.0,10:55:01
sh603409,汇通控股,18.08,0.1,0.556,18.07,18.08,17.98,17.93,18.16,17.72,744793.0,13379590.0,10:54:56
sh603416,信捷电气,43.97,0.28,0.641,43.9,43.95,43.69,43.26,44.07,43.0,706600.0,30811986.0,10:55:01
sh603418,友升股份,43.2,-0.05,-0.116,43.21,43.26,43.25,43.55,43.58,43.16,347183.0,15051835.0,10:54:57
sh603421,鼎信通讯,5.9,0.08,1.375,5.9,5.91,5.82,5.82,5.92,5.73,2884540.0,16906411.0,10:54:59
sh603429,*ST集友,8.91,0.08,0.906,8.89,8.91,8.83,8.58,9.0,8.58,1504720.0,13322190.0,10:54:59
sh603435,嘉德利,47.91,-0.66,-1.359,47.91,47.92,48.57,48.42,48.65,46.7,963360.0,45894771.0,10:55:02
sh603439,三力制药,12.26,0.14,1.155,12.26,12.27,12.12,12.25,12.61,11.88,8995476.0,110918925.0,10:54:58
sh603444,吉比特,382.86,2.04,0.536,382.81,382.9,380.82,379.65,383.45,377.3,461364.0,175992724.0,10:55:02
sh603456,九洲药业,15.7,-0.01,-0.064,15.7,15.71,15.71,15.51,16.01,15.51,14671762.0,231290160.0,10:55:02
sh603458,勘设股份,9.47,0.25,2.711,9.46,9.47,9.22,9.1,9.74,8.88,11989018.0,111947934.0,10:55:02
sh603459,红板科技,84.01,-2.23,-2.586,84.0,84.05,86.24,83.55,85.44,81.8,4653863.0,388555100.0,10:55:01
sh603466,风语筑,10.94,-0.08,-0.726,10.94,10.95,11.02,11.01,11.15,10.85,17703300.0,195098649.0,10:55:01
sh603468,津富士达,23.62,-0.06,-0.253,23.62,23.63,23.68,23.43,23.76,23.35,1228049.0,28965119.0,10:55:02
sh603477,巨星农牧,14.43,0.2,1.405,14.42,14.43,14.23,14.15,14.65,14.06,8706986.0,126097547.0,10:54:58
sh603486,科沃斯,56.7,1.65,2.997,56.62,56.7,55.05,53.92,56.9,53.63,9714841.0,536223909.0,10:55:03
sh603488,展鹏科技,8.14,0.06,0.743,8.12,8.14,8.08,8.03,8.2,7.94,2544000.0,20573537.0,10:55:01
sh603489,八方股份,27.7,-0.31,-1.107,27.69,27.7,28.01,27.99,28.18,27.55,956300.0,26673344.0,10:55:03
sh603496,恒为科技,23.81,-0.11,-0.46,23.81,23.83,23.92,23.56,23.98,23.51,2714044.0,64489499.0,10:55:00
sh603499,翔港科技,11.64,-0.08,-0.683,11.64,11.65,11.72,11.64,11.78,11.47,1572000.0,18319928.0,10:55:00
sh603500,祥和实业,9.27,0.03,0.325,9.26,9.27,9.24,9.26,9.33,9.14,1864800.0,17251872.0,10:55:02
sh603501,豪威集团,82.04,-0.46,-0.558,82.02,82.07,82.5,80.9,82.26,80.1,8417145.0,683051333.0,10:55:01
sh603505,金石资源,15.08,-0.26,-1.695,15.07,15.08,15.34,15.28,15.3,15.07,3982200.0,60447920.0,10:55:02
sh603506,南都物业,10.81,0.23,2.174,10.8,10.81,10.58,10.4,10.88,10.4,3279600.0,35181161.0,10:55:03
sh603507,振江股份,22.66,-0.48,-2.074,22.66,22.67,23.14,22.92,23.08,22.51,2193697.0,49857308.0,10:55:01
sh603508,思维列控,21.44,0.04,0.187,21.44,21.45,21.4,21.38,21.5,21.31,902235.0,19351776.0,10:55:02
sh603511,爱慕股份,12.61,0.0,0.0,12.61,12.63,12.61,12.7,12.74,12.53,499099.0,6302893.0,10:55:02
sh603515,欧普照明,16.62,0.05,0.302,16.62,16.63,16.57,16.4,16.67,16.4,470307.0,7802267.0,10:55:02
sh603516,淳中科技,96.36,0.48,0.501,96.35,96.36,95.88,94.86,98.0,93.28,2926626.0,280633451.0,10:55:03
sh603517,ST绝味,11.25,0.02,0.178,11.24,11.25,11.23,11.22,11.3,11.14,1894400.0,21277337.0,10:55:01
sh603518,锦泓集团,8.05,-0.03,-0.371,8.04,8.05,8.08,7.95,8.12,7.69,7995740.0,63233478.0,10:55:02
sh603519,立霸股份,16.78,-0.04,-0.238,16.78,16.8,16.82,16.0,17.2,15.8,8728640.0,145688209.0,10:55:02
sh603520,司太立,8.75,0.06,0.69,8.74,8.75,8.69,8.69,8.85,8.55,3041100.0,26555509.0,10:55:02
sh603527,众源新材,9.92,-0.04,-0.402,9.92,9.93,9.96,9.88,10.08,9.85,2446000.0,24396157.0,10:54:58
sh603528,多伦科技,6.31,0.15,2.435,6.31,6.32,6.16,6.11,6.34,6.1,4646500.0,29122741.0,10:55:00
sh603529,爱玛科技,21.31,-0.49,-2.248,21.3,21.31,21.8,21.42,21.87,21.1,5236484.0,111960583.0,10:55:03
sh603530,神马电力,45.96,-0.76,-1.627,45.94,45.95,46.72,46.3,46.66,45.53,1352703.0,62320071.0,10:55:00
sh603533,掌阅科技,20.37,0.14,0.692,20.37,20.38,20.23,20.23,20.49,19.94,5353400.0,108333704.0,10:55:02
sh603535,嘉诚国际,6.28,0.2,3.289,6.28,6.29,6.08,6.08,6.32,6.02,3320800.0,20666602.0,10:55:03
sh603536,惠发食品,9.47,-0.03,-0.316,9.46,9.47,9.5,9.42,9.58,9.38,3245600.0,30788168.0,10:54:59
sh603538,美诺华,26.25,-0.15,-0.568,26.24,26.25,26.4,25.65,26.96,25.6,27376393.0,721771684.0,10:55:01
sh603551,奥普科技,9.31,0.08,0.867,9.3,9.32,9.23,9.14,9.35,9.03,2503200.0,23048520.0,10:54:59
sh603556,海兴电力,25.26,0.34,1.364,25.25,25.31,24.92,24.8,25.51,24.52,4067185.0,102073404.0,10:55:02
sh603557,*ST起步,3.35,-0.12,-3.458,3.34,3.35,3.47,3.43,3.45,3.33,4224000.0,14319585.0,10:54:58
sh603558,XD健盛集,11.9,-0.01,-0.084,11.89,11.9,11.91,11.88,11.92,11.72,1949300.0,23100755.0,10:54:54
sh603559,中通国脉,9.03,-0.01,-0.111,9.02,9.04,9.04,8.82,9.09,8.81,3777800.0,33856226.0,10:55:01
sh603565,中谷物流,12.73,-0.79,-5.843,12.73,12.74,13.52,13.7,13.7,12.71,44532154.0,580057807.0,10:54:59
sh603566,普莱柯,10.15,-0.07,-0.685,10.14,10.15,10.22,10.1,10.2,10.06,1769262.0,17916180.0,10:54:45
sh603567,珍宝岛,5.47,0.15,2.82,5.46,5.47,5.32,5.31,5.5,5.22,22060700.0,119100441.0,10:54:58
sh603568,伟明环保,14.68,0.03,0.205,14.67,14.68,14.65,14.7,14.91,14.57,3467963.0,51141596.0,10:54:57
sh603569,长久物流,5.94,0.08,1.365,5.94,5.95,5.86,5.84,5.96,5.84,1983700.0,11737953.0,10:55:00
sh603577,汇金通,10.16,-0.04,-0.392,10.16,10.18,10.2,10.13,10.25,10.04,1875600.0,19030177.0,10:54:48
sh603578,三星新材,13.1,-0.17,-1.281,13.09,13.1,13.27,13.24,13.31,12.83,2653810.0,34772190.0,10:55:00
sh603579,荣泰健康,17.99,0.44,2.507,17.99,18.01,17.55,17.38,18.13,17.3,1470200.0,26212288.0,10:55:01
sh603580,艾艾精工,74.5,1.7,2.335,74.53,74.54,72.8,74.62,78.88,70.03,8996687.0,668839122.0,10:54:59
sh603583,捷昌驱动,23.07,0.24,1.051,23.06,23.07,22.83,22.84,23.32,22.72,1218000.0,28121248.0,10:55:01
sh603585,苏利股份,10.07,0.09,0.902,10.07,10.08,9.98,9.9,10.17,9.9,1812560.0,18262615.0,10:55:00
sh603586,金麒麟,13.48,0.18,1.353,13.47,13.49,13.3,13.3,13.52,13.28,778300.0,10446402.0,10:55:01
sh603587,地素时尚,11.77,0.2,1.729,11.77,11.78,11.57,11.52,11.78,11.52,738000.0,8621725.0,10:55:00
sh603588,高能环境,13.56,0.08,0.593,13.55,13.56,13.48,13.41,14.06,13.36,40431621.0,555819271.0,10:54:59
sh603589,口子窖,19.13,0.19,1.003,19.12,19.13,18.94,19.1,19.2,18.99,1976931.0,37777178.0,10:55:01
sh603590,康辰药业,30.15,0.03,0.1,30.14,30.15,30.12,30.11,30.67,29.59,1774600.0,53567467.0,10:55:00
sh603595,ST东尼,26.47,0.48,1.847,26.47,26.48,25.99,25.99,26.96,25.33,1265800.0,33344201.0,10:55:01
sh603596,伯特利,25.43,-0.32,-1.243,25.43,25.45,25.75,25.5,25.73,25.1,5640584.0,143370631.0,10:55:01
sh603598,引力传媒,16.56,0.0,0.0,16.56,16.57,16.56,16.47,16.65,16.29,3450200.0,56897988.0,10:55:00
sh603599,广信股份,9.99,-0.02,-0.2,9.98,10.0,10.01,10.0,10.25,9.9,7471500.0,75507489.0,10:55:01
sh603600,永艺股份,9.65,0.1,1.047,9.64,9.65,9.55,9.47,9.67,9.47,1436200.0,13768245.0,10:54:59
sh603601,再升科技,8.75,0.03,0.344,8.74,8.75,8.72,8.67,8.88,8.52,21036000.0,183239102.0,10:54:59
sh603602,纵横通信,11.56,0.12,1.049,11.55,11.56,11.44,11.36,11.62,11.35,1628396.0,18702225.0,10:54:55
sh603605,珀莱雅,61.15,4.59,8.115,61.14,61.18,56.56,57.64,62.12,57.63,12341533.0,740511547.0,10:55:00
sh603606,东方电缆,34.77,0.62,1.816,34.76,34.77,34.15,34.64,34.95,34.4,8850909.0,307039221.0,10:54:59
sh603607,京华激光,21.13,-0.3,-1.4,21.12,21.13,21.43,21.26,21.48,20.98,1089600.0,23079445.0,10:55:00
sh603608,天创时尚,17.45,-0.55,-3.056,17.44,17.45,18.0,17.88,17.88,17.1,5233700.0,91295126.0,10:54:59
sh603609,禾丰股份,6.43,0.11,1.741,6.43,6.44,6.32,6.34,6.45,6.3,1907434.0,12214976.0,10:54:59
sh603610,麒盛科技,14.99,0.03,0.201,14.98,14.99,14.96,14.9,15.25,14.73,2044700.0,30583104.0,10:54:59
sh603611,诺力股份,17.1,0.16,0.945,17.1,17.11,16.94,16.8,17.18,16.75,1031100.0,17460305.0,10:55:00
sh603612,索通发展,16.58,-0.03,-0.181,16.58,16.59,16.61,16.64,16.8,16.46,4246600.0,70809702.0,10:55:01
sh603613,国联股份,18.03,0.12,0.67,18.03,18.04,17.91,17.81,18.12,17.76,2990797.0,53836607.0,10:55:01
sh603615,茶花股份,16.47,0.05,0.305,16.47,16.49,16.42,16.3,16.63,16.17,1335400.0,21865184.0,10:54:58
sh603616,韩建河山,5.45,0.04,0.739,5.45,5.46,5.41,5.37,5.49,5.31,3544400.0,19278356.0,10:54:59
sh603617,君禾股份,6.73,0.06,0.9,6.72,6.73,6.67,6.65,6.76,6.63,1901100.0,12765556.0,10:55:00
sh603618,杭电股份,28.64,0.84,3.022,28.64,28.65,27.8,27.02,29.48,26.22,49009341.0,1377022180.0,10:55:00
sh603619,中曼石油,23.49,-0.08,-0.339,23.48,23.49,23.57,23.37,23.77,23.23,16277619.0,382518657.0,10:54:58
sh603626,科森科技,18.6,-0.88,-4.517,18.6,18.61,19.48,19.3,19.36,18.33,35774602.0,670613699.0,10:55:00
sh603628,清源股份,9.65,0.1,1.047,9.64,9.65,9.55,9.65,9.68,9.5,1144504.0,11004403.0,10:55:00
sh603629,利通电子,119.58,-2.2,-1.807,119.48,119.57,121.78,117.1,121.7,115.66,15834050.0,1879038230.0,10:54:59
sh603630,拉芳家化,13.8,-0.24,-1.709,13.79,13.82,14.04,14.04,14.23,13.58,4519800.0,62729721.0,10:55:00
sh603633,徕木股份,6.42,0.12,1.905,6.41,6.42,6.3,6.3,6.47,6.23,3009200.0,19177929.0,10:55:01
sh603636,南威软件,6.87,0.09,1.327,6.87,6.88,6.78,6.77,6.92,6.68,3471600.0,23682021.0,10:54:53
sh603637,镇海股份,14.03,1.28,10.039,14.03,0.0,12.75,12.55,14.03,12.55,10835769.0,147250893.0,10:54:49
sh603638,艾迪精密,18.54,-0.08,-0.43,18.53,18.54,18.62,18.5,18.81,18.46,2670425.0,49686489.0,10:55:00
sh603639,海利尔,10.72,0.08,0.752,10.72,10.73,10.64,10.61,10.76,10.58,801056.0,8589038.0,10:54:57
sh603648,畅联股份,9.46,0.05,0.531,9.45,9.46,9.41,9.41,9.48,9.34,909500.0,8575171.0,10:54:59
sh603650,彤程新材,60.97,-2.98,-4.66,60.95,60.97,63.95,62.31,62.89,59.84,9410377.0,575168286.0,10:54:59
sh603655,朗博科技,31.4,0.29,0.932,31.4,31.41,31.11,31.24,31.69,30.59,725199.0,22622038.0,10:54:58
sh603656,泰禾智能,17.26,0.1,0.583,17.26,17.27,17.16,17.16,17.37,17.04,568700.0,9798472.0,10:55:00
sh603657,春光科技,24.59,-0.58,-2.304,24.57,24.58,25.17,24.02,26.25,24.02,3580600.0,90557243.0,10:55:00
sh603658,安图生物,33.69,-0.39,-1.144,33.68,33.69,34.08,33.51,34.08,32.73,2665681.0,89412114.0,10:55:01
sh603659,璞泰来,23.55,-0.87,-3.563,23.53,23.55,24.42,24.29,24.47,23.39,16088852.0,382453933.0,10:55:00
sh603660,苏州科达,10.66,-0.29,-2.648,10.65,10.66,10.95,11.0,11.0,10.53,8429700.0,89982647.0,10:54:59
sh603661,恒林股份,32.66,-0.15,-0.457,32.59,32.66,32.81,32.65,32.87,32.3,495400.0,16150675.0,10:54:57
sh603662,柯力传感,47.57,-0.4,-0.834,47.57,47.58,47.97,47.5,48.2,46.96,1754700.0,83510057.0,10:55:00
sh603663,三祥新材,40.29,-1.32,-3.172,40.28,40.29,41.61,41.31,41.52,39.82,11188030.0,453414758.0,10:55:00
sh603665,康隆达,20.43,-0.1,-0.487,20.43,20.47,20.53,20.4,20.7,20.0,1706300.0,34612831.0,10:54:58
sh603666,亿嘉和,25.75,-0.71,-2.683,25.75,25.77,26.46,26.28,26.4,25.07,2282100.0,58930952.0,10:54:57
sh603667,五洲新春,50.03,-1.32,-2.571,50.03,50.04,51.35,50.43,51.22,49.76,5663248.0,285586533.0,10:55:01
sh603668,天马科技,10.03,0.07,0.703,10.02,10.03,9.96,9.98,10.11,9.93,1625700.0,16305429.0,10:54:56
sh603669,灵康药业,5.44,0.05,0.928,5.43,5.44,5.39,5.31,5.72,5.31,15499600.0,85694269.0,10:54:59
sh603676,卫信康,9.27,0.13,1.422,9.26,9.27,9.14,9.11,9.35,9.01,1175200.0,10842534.0,10:55:00
sh603677,奇精机械,13.58,0.17,1.268,13.57,13.58,13.41,13.41,13.72,13.25,771240.0,10448733.0,10:55:00
sh603678,火炬电子,44.95,-1.78,-3.809,44.95,44.96,46.73,46.57,46.59,44.01,8218600.0,370374034.0,10:54:58
sh603679,华体科技,22.03,-0.49,-2.176,22.01,22.03,22.52,22.66,22.66,21.7,3443700.0,75779902.0,10:54:58
sh603680,今创集团,10.22,0.04,0.393,10.21,10.22,10.18,10.08,10.26,10.05,1579400.0,16065242.0,10:55:00
sh603681,永冠新材,17.89,-0.15,-0.831,17.88,17.89,18.04,18.05,18.1,17.72,2024700.0,36229500.0,10:55:00
sh603682,锦和商管,11.31,0.04,0.355,11.31,11.32,11.27,11.16,11.44,11.02,7017300.0,78720250.0,10:55:00
sh603683,晶华新材,15.28,-0.25,-1.61,15.28,15.29,15.53,15.38,15.46,15.1,5963700.0,91079685.0,10:55:00
sh603685,晨丰科技,24.0,-0.46,-1.881,23.99,24.01,24.46,24.46,24.46,23.89,609000.0,14635446.0,10:54:59
sh603686,福龙马,12.71,0.27,2.17,12.71,12.72,12.44,12.4,12.88,12.34,5616598.0,71243694.0,10:55:00
sh603687,大胜达,13.15,0.05,0.382,13.14,13.15,13.1,12.93,13.29,12.73,7132500.0,92868593.0,10:55:00
sh603688,石英股份,45.88,-1.42,-3.002,45.88,45.89,47.3,46.5,46.8,44.84,5600260.0,256487629.0,10:55:00
sh603689,皖天然气,7.58,0.04,0.531,7.58,7.59,7.54,7.5,7.59,7.5,1266700.0,9580014.0,10:54:58
sh603690,至纯科技,25.06,-0.44,-1.725,25.04,25.08,25.5,24.68,25.6,24.11,16020526.0,396746489.0,10:55:01
sh603693,江苏新能,11.17,-0.02,-0.179,11.17,11.18,11.19,11.19,11.29,11.11,2017370.0,22620520.0,10:55:01
sh603696,安记食品,13.09,0.32,2.506,13.08,13.09,12.77,12.75,13.3,12.66,7386180.0,96217489.0,10:55:03
sh603697,有友食品,9.41,0.23,2.505,9.4,9.41,9.18,9.2,9.43,9.18,2544618.0,23714877.0,10:55:03
sh603698,航天工程,21.04,-0.16,-0.755,21.03,21.04,21.2,21.21,21.35,20.74,4752943.0,100066440.0,10:55:02
sh603699,纽威股份,51.8,0.27,0.524,51.79,51.81,51.53,51.5,52.24,50.65,2312579.0,119329293.0,10:55:04
sh603700,宁水集团,11.47,0.13,1.146,11.46,11.47,11.34,11.34,11.6,11.29,1569200.0,18006398.0,10:55:01
sh603701,德宏股份,18.84,-0.33,-1.721,18.84,18.85,19.17,18.9,19.09,18.8,846900.0,16041657.0,10:55:04
sh603703,盛洋科技,9.75,0.13,1.351,9.76,9.77,9.62,9.5,9.83,9.45,9664600.0,93502448.0,10:55:03
sh603706,东方环宇,19.29,-0.14,-0.721,19.29,19.3,19.43,19.33,19.57,19.24,393114.0,7636935.0,10:54:55
sh603707,健友股份,7.87,0.09,1.157,7.87,7.88,7.78,7.76,7.91,7.74,3445431.0,27022421.0,10:55:03
sh603708,家家悦,9.25,0.2,2.21,9.24,9.26,9.05,9.05,9.33,9.03,5392378.0,49713000.0,10:55:05
sh603709,中源家居,12.02,0.21,1.778,12.02,12.04,11.81,11.79,12.13,11.73,1850810.0,22142155.0,10:55:02
sh603711,香飘飘,11.48,0.05,0.437,11.48,11.49,11.43,11.45,11.66,11.28,3028200.0,34863175.0,10:55:03
sh603712,七一二,10.87,0.09,0.835,10.86,10.87,10.78,10.78,10.97,10.65,5841752.0,63234166.0,10:55:04
sh603713,密尔克卫,63.12,-0.48,-0.755,63.12,63.23,63.6,63.63,64.36,62.33,790452.0,49981107.0,10:55:02
sh603716,塞力医疗,15.27,0.2,1.327,15.27,15.28,15.07,15.03,15.46,14.69,8341683.0,127160426.0,10:55:05
sh603717,天域生物,6.37,0.06,0.951,6.37,6.38,6.31,6.29,6.44,6.28,3702000.0,23565127.0,10:55:03
sh603718,*ST海利,2.94,0.01,0.341,2.94,2.95,2.93,2.9,2.98,2.9,1968200.0,5796015.0,10:54:53
sh603719,良品铺子,9.43,0.1,1.072,9.43,9.44,9.33,9.29,9.5,9.23,3112400.0,29150602.0,10:55:04
sh603721,中广天择,17.57,0.29,1.678,17.55,17.56,17.28,17.32,17.75,17.32,1391100.0,24445906.0,10:54:49
sh603722,阿科力,29.16,0.13,0.448,29.14,29.15,29.03,29.0,29.5,28.7,516900.0,15029097.0,10:55:02
sh603725,天安新材,12.18,0.62,5.363,12.17,12.18,11.56,11.6,12.3,11.4,11113900.0,133731150.0,10:55:05
sh603726,朗迪集团,22.88,-0.31,-1.337,22.88,22.89,23.19,23.2,23.2,22.54,1506200.0,34454222.0,10:55:02
sh603727,博迈科,18.2,0.35,1.961,18.19,18.21,17.85,17.51,18.5,17.51,1606099.0,29034845.0,10:55:04
sh603728,鸣志电器,45.93,0.02,0.044,45.93,45.94,45.91,45.5,46.58,45.36,2173309.0,99951289.0,10:55:04
sh603729,ST龙韵,11.3,0.2,1.802,11.28,11.3,11.1,11.1,11.33,10.95,389940.0,4376382.0,10:54:53
sh603730,岱美股份,10.49,-0.09,-0.851,10.48,10.5,10.58,10.49,10.5,10.13,9842750.0,101670023.0,10:55:02
sh603733,仙鹤股份,20.81,-0.33,-1.561,20.81,20.82,21.14,21.08,21.25,20.77,2237100.0,46956668.0,10:55:04
sh603737,三棵树,24.74,-0.33,-1.316,24.73,24.74,25.07,25.0,25.16,24.7,3021557.0,75198001.0,10:55:03
sh603738,泰晶科技,36.4,0.47,1.308,36.39,36.4,35.93,34.78,36.85,34.54,19191862.0,686423252.0,10:55:03
sh603739,蔚蓝生物,12.32,0.27,2.241,12.31,12.32,12.05,12.2,12.43,12.0,2824700.0,34691606.0,10:55:02
sh603755,日辰股份,23.3,0.24,1.041,23.27,23.3,23.06,23.06,23.54,23.02,513600.0,11966772.0,10:55:04
sh603757,大元泵业,65.11,1.61,2.535,65.05,65.09,63.5,61.08,66.9,61.08,11143531.0,723053392.0,10:55:03
sh603758,秦安股份,11.1,0.08,0.726,11.1,11.11,11.02,10.91,11.4,10.91,12941549.0,144151703.0,10:55:04
sh603759,海天股份,7.47,0.06,0.81,7.46,7.47,7.41,7.4,7.5,7.37,1532048.0,11418646.0,10:54:55
sh603766,隆鑫通用,14.93,0.36,2.471,14.94,14.95,14.57,14.5,15.08,14.49,14255500.0,213167770.0,10:55:03
sh603767,中马传动,14.2,0.09,0.638,14.2,14.22,14.11,14.01,14.47,13.93,2074922.0,29563972.0,10:55:02
sh603768,常青股份,11.43,0.19,1.69,11.43,11.44,11.24,11.25,11.45,11.15,1138800.0,12918025.0,10:54:56
sh603773,沃格光电,92.78,-1.8,-1.903,92.78,92.86,94.58,90.07,94.5,88.81,9090314.0,832491229.0,10:55:02
sh603776,永安行,20.21,-0.41,-1.988,20.2,20.21,20.62,20.28,20.55,20.2,658400.0,13386234.0,10:55:02
sh603777,来伊份,13.28,0.06,0.454,13.27,13.28,13.22,13.09,13.47,12.88,1930300.0,25459784.0,10:55:03
sh603778,国晟科技,9.23,-0.04,-0.431,9.23,9.24,9.27,9.19,9.33,9.01,11325200.0,104249026.0,10:55:04
sh603779,威龙股份,7.87,-0.03,-0.38,7.87,7.88,7.9,7.87,7.97,7.71,7263400.0,57073998.0,10:55:03
sh603786,科博达,39.22,-0.22,-0.558,39.21,39.25,39.44,39.4,39.66,38.7,768400.0,30141946.0,10:55:02
sh603787,新日股份,10.27,0.14,1.382,10.26,10.27,10.13,10.08,10.32,10.05,1348800.0,13820563.0,10:55:03
sh603788,宁波高发,13.92,0.08,0.578,13.91,13.92,13.84,13.77,13.97,13.75,349500.0,4856902.0,10:55:03
sh603789,ST星农,6.19,0.07,1.144,6.19,6.2,6.12,6.13,6.27,6.13,1406700.0,8731589.0,10:54:58
sh603790,雅运股份,23.9,-0.47,-1.929,23.9,23.91,24.37,24.26,24.27,23.83,1367500.0,32859548.0,10:55:05
sh603797,联泰环保,4.73,-0.01,-0.211,4.73,4.74,4.74,4.68,4.78,4.68,3343100.0,15839966.0,10:54:58
sh603798,康普顿,12.86,0.29,2.307,12.85,12.88,12.57,12.58,13.25,12.47,2997700.0,38710758.0,10:55:05
sh603799,华友钴业,38.77,-1.43,-3.557,38.76,38.77,40.2,39.9,40.0,38.77,30411987.0,1194262170.0,10:55:03
sh603800,洪田股份,65.3,-0.12,-0.183,65.25,65.31,65.42,64.7,65.96,62.87,1894880.0,122015961.0,10:55:04
sh603801,志邦家居,6.78,-0.17,-2.446,6.78,6.79,6.95,6.56,6.86,6.26,32765181.0,213268830.0,10:55:03
sh603803,瑞斯康达,11.14,0.01,0.09,11.13,11.14,11.13,10.87,11.3,10.87,22668536.0,251025675.0,10:55:03
sh603806,福斯特,15.21,0.0,0.0,15.2,15.21,15.21,15.15,15.43,14.93,12152388.0,184804551.0,10:55:02
sh603808,歌力思,8.47,0.02,0.237,8.47,8.49,8.45,8.45,8.55,8.42,1514100.0,12863454.0,10:55:03
sh603809,豪能股份,8.89,0.1,1.138,8.88,8.89,8.79,8.76,8.94,8.76,3413857.0,30226180.0,10:54:57
sh603810,丰山集团,12.31,0.15,1.234,12.31,12.32,12.16,12.17,12.46,12.07,907500.0,11160928.0,10:55:00
sh603811,诚意药业,7.32,0.08,1.105,7.31,7.32,7.24,7.21,7.36,7.16,2729280.0,19898840.0,10:55:04
sh603813,原尚股份,28.15,-0.33,-1.159,28.11,28.15,28.48,25.85,30.5,25.85,354900.0,10062189.0,10:54:41
sh603815,交建股份,5.42,-0.01,-0.184,5.41,5.42,5.43,5.42,5.47,5.34,5061100.0,27420366.0,10:54:50
sh603816,顾家家居,24.92,0.14,0.565,24.92,24.94,24.78,24.82,25.25,24.8,3361577.0,84220650.0,10:55:02
sh603817,海峡环保,5.7,0.04,0.707,5.7,5.71,5.66,5.64,5.72,5.63,3839500.0,21853521.0,10:54:46
sh603818,曲美家居,3.71,-0.02,-0.536,3.71,3.72,3.73,3.68,3.76,3.68,8035400.0,29921555.0,10:55:03
sh603819,神力股份,13.52,-0.09,-0.661,13.49,13.52,13.61,13.45,13.75,13.4,1498600.0,20323277.0,10:55:04
sh603822,ST嘉澳,57.21,-0.35,-0.608,57.21,57.32,57.56,57.5,57.99,56.52,163300.0,9334083.0,10:54:53
sh603823,百合花,67.45,-2.53,-3.615,67.44,67.45,69.98,67.01,71.44,65.56,17221450.0,1164393218.0,10:55:02
sh603825,ST华扬,8.11,0.08,0.996,8.1,8.11,8.03,8.03,8.17,8.01,608700.0,4926477.0,10:54:43
sh603826,坤彩科技,15.68,-0.4,-2.488,15.68,15.69,16.08,16.09,16.15,15.66,3564670.0,56474374.0,10:55:00
sh603828,*ST利达,4.99,0.06,1.217,4.99,5.0,4.93,4.9,5.1,4.87,1775900.0,8888452.0,10:55:00
sh603829,洛凯股份,15.12,0.13,0.867,15.11,15.13,14.99,14.96,15.3,14.79,1571100.0,23713173.0,10:55:02
sh603833,欧派家居,32.38,0.57,1.792,32.37,32.39,31.81,31.8,32.69,31.63,2004842.0,64491328.0,10:55:05
sh603836,海程邦达,9.15,0.07,0.771,9.15,9.16,9.08,9.01,9.18,8.91,1283920.0,11669999.0,10:55:01
sh603838,*ST四通,11.56,-0.3,-2.53,11.55,11.58,11.86,11.87,11.87,11.38,2569200.0,29778097.0,10:54:53
sh603839,安正时尚,7.21,0.13,1.836,7.19,7.21,7.08,7.18,7.21,7.02,2100900.0,15016041.0,10:55:02
sh603843,*ST正平,7.19,0.18,2.568,7.19,7.2,7.01,7.06,7.27,7.01,4863320.0,34645079.0,10:55:04
sh603848,好太太,13.04,0.25,1.955,13.04,13.05,12.79,12.72,13.1,12.69,1644900.0,21262242.0,10:55:03
sh603855,华荣股份,15.97,0.02,0.125,15.97,15.98,15.95,15.98,16.01,15.84,476800.0,7598921.0,10:55:00
sh603856,东宏股份,11.28,-0.13,-1.139,11.27,11.28,11.41,11.38,11.39,11.26,2272630.0,25719476.0,10:55:03
sh603858,步长制药,15.24,0.06,0.395,15.24,15.26,15.18,15.1,15.31,15.1,1782200.0,27150234.0,10:55:03
sh603859,能科科技,37.03,-0.17,-0.457,36.98,37.03,37.2,36.7,37.43,36.43,1782968.0,65827156.0,10:55:03
sh603860,中公高科,26.41,0.31,1.188,26.41,26.42,26.1,25.93,26.58,25.93,457100.0,12061484.0,10:54:54
sh603861,白云电器,11.83,-0.12,-1.004,11.83,11.85,11.95,11.81,11.99,11.7,2543800.0,30142701.0,10:55:06
sh603863,松炀资源,12.4,-0.05,-0.402,12.4,12.41,12.45,12.43,12.69,12.26,1431400.0,17862335.0,10:55:03
sh603866,桃李面包,4.28,0.11,2.638,4.27,4.28,4.17,4.17,4.29,4.16,6588423.0,27999502.0,10:55:01
sh603867,新化股份,28.59,-0.75,-2.556,28.59,28.6,29.34,29.03,29.21,28.41,3612220.0,103778339.0,10:55:03
sh603868,飞科电器,30.27,0.39,1.305,30.27,30.28,29.88,29.87,30.36,29.84,410900.0,12405773.0,10:55:05
sh603869,ST智知,8.69,-0.05,-0.572,8.67,8.69,8.74,8.66,8.78,8.55,408632.0,3535601.0,10:55:01
sh603871,嘉友国际,12.81,0.13,1.025,12.8,12.81,12.68,12.65,12.92,12.62,4459220.0,57037771.0,10:55:05
sh603876,鼎胜新材,22.64,-0.58,-2.498,22.65,22.68,23.22,23.22,23.66,22.38,13245385.0,302850100.0,10:55:03
sh603877,太平鸟,12.65,0.14,1.119,12.65,12.66,12.51,12.48,12.76,12.41,572700.0,7214202.0,10:55:06
sh603878,武进不锈,5.09,0.09,1.8,5.08,5.09,5.0,4.95,5.12,4.95,5739600.0,29047116.0,10:55:03
sh603879,永悦科技,5.55,0.04,0.726,5.55,5.56,5.51,5.5,5.62,5.4,4193700.0,23155474.0,10:55:04
sh603880,南卫股份,8.83,0.15,1.728,8.83,8.84,8.68,8.6,8.98,8.6,6468700.0,56844026.0,10:55:04
sh603881,数据港,24.83,-0.37,-1.468,24.82,24.83,25.2,24.51,25.18,24.07,23368729.0,574026923.0,10:55:06
sh603882,金域医学,29.1,-0.63,-2.119,29.1,29.11,29.73,29.59,29.81,28.91,7692760.0,226173365.0,10:55:04
sh603883,老百姓,13.16,0.15,1.153,13.15,13.16,13.01,13.01,13.26,12.92,5302630.0,69707186.0,10:55:04
sh603885,吉祥航空,10.5,0.08,0.768,10.5,10.51,10.42,10.44,10.54,10.39,3767400.0,39424705.0,10:55:05
sh603886,元祖股份,11.97,0.17,1.441,11.97,11.98,11.8,11.8,12.03,11.5,4788700.0,56522148.0,10:55:05
sh603887,城地香江,9.24,0.01,0.108,9.23,9.24,9.23,9.07,9.57,8.78,30243621.0,277600546.0,10:55:04
sh603888,新华网,16.08,0.29,1.837,16.08,16.09,15.79,15.79,16.18,15.77,3142214.0,50268191.0,10:55:04
sh603889,新澳股份,5.65,0.04,0.713,5.64,5.65,5.61,5.57,5.74,5.57,6392070.0,36174939.0,10:55:03
sh603890,春秋电子,18.15,-0.42,-2.262,18.14,18.15,18.57,17.85,18.63,17.59,18071671.0,326578503.0,10:55:03
sh603893,瑞芯微,174.35,-0.25,-0.143,174.21,174.36,174.6,171.23,175.8,170.88,3532074.0,613562792.0,10:55:05
sh603895,天永智能,24.69,-0.4,-1.594,24.67,24.7,25.09,24.92,24.92,24.11,665600.0,16358649.0,10:55:06
sh603896,寿仙谷,15.1,0.32,2.165,15.1,15.11,14.78,14.73,15.15,14.67,1154836.0,17379162.0,10:55:05
sh603897,长城科技,30.55,0.35,1.159,30.54,30.55,30.2,29.5,31.08,29.2,5826199.0,176591201.0,10:55:04
sh603898,好莱客,11.27,0.11,0.986,11.27,11.28,11.16,11.17,11.33,11.15,961200.0,10812555.0,10:55:02
sh603899,晨光股份,22.69,0.23,1.024,22.69,22.7,22.46,22.46,22.77,22.31,1258500.0,28488928.0,10:55:05
sh603900,莱绅通灵,6.44,0.1,1.577,6.43,6.44,6.34,6.58,6.97,6.36,26519166.0,176175779.0,10:55:04
sh603901,永创智能,9.34,0.09,0.973,9.34,9.35,9.25,9.29,9.39,9.17,2539351.0,23605489.0,10:55:04
sh603903,中持股份,13.96,-0.43,-2.988,13.96,13.97,14.39,14.29,14.39,13.95,4539300.0,64032837.0,10:55:05
sh603906,龙蟠科技,19.0,-0.78,-3.943,19.0,19.01,19.78,19.69,19.8,18.96,10590125.0,204043009.0,10:55:03
sh603908,牧高笛,19.19,0.09,0.471,19.18,19.19,19.1,18.98,19.4,18.9,475560.0,9108375.0,10:55:05
sh603909,建发合诚,9.69,0.12,1.254,9.69,9.71,9.57,9.43,9.73,9.43,805400.0,7729838.0,10:55:04
sh603912,佳力图,8.64,0.39,4.727,8.62,8.64,8.25,8.07,8.85,8.07,17448880.0,149111498.0,10:55:04
sh603915,国茂股份,13.0,0.06,0.464,12.99,13.0,12.94,12.86,13.15,12.84,1656900.0,21516051.0,10:55:05
sh603916,苏博特,11.43,-0.03,-0.262,11.42,11.43,11.46,11.38,11.61,11.28,3843400.0,43893366.0,10:55:06
sh603917,合力科技,12.53,0.34,2.789,12.53,12.55,12.19,12.19,12.63,12.08,1627900.0,20177677.0,10:54:52
sh603918,金桥信息,10.83,0.49,4.739,10.83,10.84,10.34,10.25,10.98,10.13,16845323.0,180209787.0,10:55:04
sh603919,金徽酒,16.32,0.21,1.304,16.32,16.33,16.11,16.13,16.77,16.09,5103800.0,84181125.0,10:55:03
sh603920,世运电路,36.33,-0.82,-2.207,36.31,36.33,37.15,36.17,37.06,35.84,7856500.0,286540889.0,10:55:05
sh603922,ST金鸿顺,13.86,-0.1,-0.716,13.82,13.86,13.96,13.96,14.0,13.7,428200.0,5931976.0,10:54:52
sh603926,铁流股份,15.48,-0.26,-1.652,15.48,15.49,15.74,15.95,16.1,15.46,2336300.0,36774980.0,10:55:04
sh603927,中科软,13.41,0.27,2.055,13.41,13.42,13.14,13.1,13.45,13.1,5629600.0,74981269.0,10:55:04
sh603928,兴业股份,11.96,-0.5,-4.013,11.96,11.97,12.46,12.23,12.3,11.85,5270560.0,63326316.0,10:55:00
sh603929,亚翔集成,157.66,-8.16,-4.921,157.67,157.91,165.82,160.39,163.77,156.64,3234200.0,515983246.0,10:55:05
sh603931,格林达,34.33,-0.62,-1.774,34.33,34.35,34.95,34.3,34.75,33.38,2165900.0,73960183.0,10:55:04
sh603933,睿能科技,18.57,-0.21,-1.118,18.57,18.58,18.78,18.53,18.86,18.34,1585440.0,29458355.0,10:55:04
sh603936,博敏电子,16.83,-0.38,-2.208,16.83,16.84,17.21,16.57,17.21,16.56,25222177.0,425653190.0,10:55:05
sh603937,丽岛新材,11.68,-0.03,-0.256,11.67,11.68,11.71,11.63,11.79,11.53,1812600.0,21185627.0,10:55:02
sh603938,三孚股份,40.62,-0.79,-1.908,40.6,40.62,41.41,40.37,41.41,39.1,7658786.0,307452537.0,10:55:03
sh603939,益丰药房,23.75,0.1,0.423,23.75,23.76,23.65,23.71,23.97,23.65,3130880.0,74559357.0,10:55:02
sh603948,建业股份,20.37,0.05,0.246,20.35,20.38,20.32,20.21,20.55,20.13,419800.0,8551468.0,10:55:05
sh603949,雪龙集团,13.95,0.21,1.528,13.95,13.96,13.74,13.8,14.05,13.62,1318500.0,18290383.0,10:55:03
sh603950,长源东谷,62.28,1.18,1.931,62.27,62.29,61.1,60.0,63.58,59.01,3954957.0,242820971.0,10:55:04
sh603955,大千生态,19.39,0.25,1.306,19.38,19.42,19.14,19.14,20.12,19.02,1599600.0,31204025.0,10:55:03
sh603956,威派格,6.04,0.01,0.166,6.03,6.04,6.03,5.97,6.12,5.92,7484599.0,45065371.0,10:55:05
sh603958,哈森股份,23.49,0.88,3.892,23.48,23.49,22.61,22.61,24.44,21.88,31602075.0,731187504.0,10:55:04
sh603959,ST百利,5.01,-0.07,-1.378,5.01,5.02,5.08,5.03,5.12,4.95,2858900.0,14328456.0,10:54:48
sh603960,克来机电,15.68,0.08,0.513,15.68,15.69,15.6,15.49,15.88,15.41,1194922.0,18706462.0,10:55:03
sh603966,法兰泰克,7.94,0.23,2.983,7.94,7.95,7.71,7.71,8.16,7.66,6053526.0,48382330.0,10:55:01
sh603967,中创物流,11.84,0.55,4.872,11.82,11.84,11.29,11.31,11.9,11.28,4883000.0,57184068.0,10:55:01
sh603968,醋化股份,10.43,0.06,0.579,10.43,10.44,10.37,10.27,10.55,10.21,925800.0,9639705.0,10:54:47
sh603969,银龙股份,7.52,0.42,5.915,7.51,7.52,7.1,7.06,7.59,7.05,23026083.0,169242442.0,10:55:04
sh603970,中农立华,10.76,0.16,1.509,10.75,10.76,10.6,10.53,10.86,10.53,1462408.0,15746381.0,10:55:06
sh603976,正川股份,27.63,-0.13,-0.468,27.61,27.62,27.76,27.5,28.09,27.13,1262400.0,34903416.0,10:55:02
sh603977,国泰集团,11.24,-0.52,-4.422,11.22,11.24,11.76,11.3,11.48,11.01,6131342.0,69282443.0,10:55:03
sh603978,深圳新星,18.58,-0.28,-1.485,18.57,18.59,18.86,18.95,18.95,18.33,2617600.0,48775989.0,10:55:04
sh603979,金诚信,72.6,-1.74,-2.341,72.56,72.62,74.34,74.25,75.12,72.21,4282590.0,316695645.0,10:55:05
sh603980,吉华集团,6.54,-0.18,-2.679,6.53,6.54,6.72,6.7,6.7,6.5,9228300.0,60937366.0,10:55:06
sh603982,泉峰汽车,6.13,0.08,1.322,6.12,6.13,6.05,6.04,6.16,6.0,1316226.0,8029353.0,10:55:03
sh603983,丸美生物,26.18,-0.1,-0.381,26.17,26.18,26.28,26.36,26.57,25.95,1303300.0,34244295.0,10:55:04
sh603985,恒润股份,16.08,-0.18,-1.107,16.08,16.09,16.26,16.07,16.37,15.76,3580727.0,57416097.0,10:55:05
sh603986,兆易创新,385.5,3.84,1.006,385.5,385.66,381.66,367.0,390.5,367.0,20987883.0,7989682410.0,10:55:04
sh603987,康德莱,7.46,0.0,0.0,7.46,7.47,7.46,7.38,7.54,7.38,2475400.0,18504418.0,10:55:02
sh603988,中电电机,19.89,-0.87,-4.191,19.89,19.9,20.76,20.67,21.1,19.86,6057300.0,124153971.0,10:55:05
sh603989,艾华集团,26.91,-0.42,-1.537,26.9,26.91,27.33,26.82,27.27,25.98,7430100.0,197626533.0,10:55:04
sh603990,麦迪科技,22.52,-0.23,-1.011,22.52,22.54,22.75,22.62,22.9,22.31,5264254.0,119041059.0,10:55:03
sh603991,领先股份,130.45,-1.8,-1.361,130.41,130.65,132.25,130.0,131.98,126.5,919800.0,118475645.0,10:55:05
sh603992,松霖科技,21.1,-0.03,-0.142,21.1,21.11,21.13,21.19,21.38,20.87,1493690.0,31530025.0,10:55:04
sh603993,洛阳钼业,18.21,-0.78,-4.107,18.2,18.21,18.99,18.8,18.94,18.2,124514140.0,2303162583.0,10:55:01
sh603995,甬金股份,24.3,-0.46,-1.858,24.26,24.3,24.76,24.39,25.04,24.13,2297500.0,56130274.0,10:55:02
sh603997,继峰股份,11.38,-0.01,-0.088,11.38,11.39,11.39,11.38,11.5,11.25,6475800.0,73733830.0,10:55:02
sh603998,方盛制药,9.93,0.23,2.371,9.93,9.94,9.7,9.66,10.0,9.6,5898200.0,58081702.0,10:54:59
sh603999,读者传媒,5.66,0.14,2.536,5.66,5.67,5.52,5.51,5.67,5.49,3581700.0,20082140.0,10:54:58
sh605001,威奥股份,5.94,0.21,3.665,5.93,5.94,5.73,5.78,5.95,5.73,5431380.0,31844953.0,10:55:00
sh605003,众望布艺,22.39,0.48,2.191,22.36,22.38,21.91,21.66,22.48,21.66,726200.0,16097771.0,10:54:59
sh605005,合兴股份,15.68,-0.1,-0.634,15.67,15.69,15.78,15.75,15.75,15.43,772400.0,12005764.0,10:55:00
sh605006,山东玻纤,13.35,-0.4,-2.909,13.35,13.37,13.75,13.47,13.59,13.09,8786446.0,117208867.0,10:55:01
sh605007,五洲特纸,14.78,-0.04,-0.27,14.78,14.79,14.82,14.83,14.93,14.72,1573900.0,23356437.0,10:55:01
sh605008,长鸿高科,12.76,-0.45,-3.407,12.76,12.78,13.21,13.14,13.33,12.75,3526100.0,45538054.0,10:55:01
sh605009,豪悦护理,24.73,0.32,1.311,24.73,24.75,24.41,24.37,24.82,24.37,1010370.0,24869691.0,10:54:54
sh605011,杭州热电,16.57,0.08,0.485,16.56,16.58,16.49,16.59,16.68,16.38,1278300.0,21146486.0,10:54:55
sh605016,百龙创园,19.71,0.07,0.356,19.69,19.71,19.64,19.64,19.91,19.3,2906100.0,57167506.0,10:55:03
sh605018,长华集团,12.01,-0.08,-0.662,12.01,12.02,12.09,11.88,12.19,11.82,3080900.0,37014738.0,10:55:02
sh605020,永和股份,30.55,-0.77,-2.458,30.55,30.56,31.32,31.19,31.3,30.52,4060472.0,125281970.0,10:55:02
sh605028,世茂能源,23.94,-0.16,-0.664,23.94,23.96,24.1,24.2,24.2,23.79,230200.0,5520227.0,10:55:02
sh605033,美邦股份,19.28,0.03,0.156,19.28,19.29,19.25,18.9,19.47,18.82,2186495.0,42026884.0,10:55:00
sh605050,福然德,10.28,0.13,1.281,10.27,10.28,10.15,10.13,10.3,10.13,569200.0,5819865.0,10:54:55
sh605055,迎丰股份,9.71,-0.03,-0.308,9.7,9.71,9.74,9.61,9.85,9.58,2069500.0,20179726.0,10:55:01
sh605056,咸亨国际,13.86,0.12,0.873,13.86,13.87,13.74,13.76,14.12,13.6,2684800.0,37292681.0,10:55:00
sh605058,澳弘电子,26.38,-0.12,-0.453,26.35,26.38,26.5,26.59,26.87,25.55,1315300.0,34685400.0,10:55:02
sh605060,联德股份,41.93,-0.26,-0.616,41.93,41.95,42.19,41.74,43.0,40.79,1956800.0,81972831.0,10:55:01
sh605066,天正电气,7.16,-0.07,-0.968,7.16,7.17,7.23,7.21,7.25,7.1,3776402.0,27093065.0,10:54:58
sh605068,明新旭腾,16.98,0.06,0.355,16.98,17.0,16.92,16.85,17.2,16.76,1802800.0,30597868.0,10:55:02
sh605069,正和生态,10.61,0.17,1.628,10.61,10.63,10.44,10.37,10.75,10.36,2155000.0,22733884.0,10:55:03
sh605077,华康股份,10.86,0.08,0.742,10.86,10.87,10.78,10.71,10.95,10.68,1677620.0,18207313.0,10:54:51
sh605080,浙江自然,22.22,-0.48,-2.115,22.19,22.22,22.7,22.49,22.8,21.87,2194800.0,48693012.0,10:54:56
sh605086,龙高股份,25.17,0.09,0.359,25.15,25.18,25.08,24.75,25.29,24.61,926999.0,23111879.0,10:55:01
sh605088,冠盛股份,19.9,-0.7,-3.398,19.89,19.9,20.6,20.0,20.33,19.6,2979700.0,59234805.0,10:55:00
sh605089,味知香,20.15,0.26,1.307,20.17,20.19,19.89,20.0,20.34,19.82,511114.0,10293965.0,10:54:54
sh605090,九丰能源,34.81,0.19,0.549,34.81,34.82,34.62,34.6,35.36,34.35,5137100.0,180001467.0,10:55:01
sh605098,行动教育,56.4,0.82,1.475,56.3,56.41,55.58,55.4,56.47,54.8,350200.0,19480281.0,10:55:00
sh605099,共创草坪,32.3,-1.73,-5.084,32.28,32.32,34.03,33.08,33.45,30.63,2897325.0,91512169.0,10:55:02
sh605100,华丰股份,34.14,0.38,1.126,34.15,34.16,33.76,33.97,35.1,33.38,2696260.0,93122130.0,10:55:02
sh605108,同庆楼,12.68,0.35,2.839,12.68,12.69,12.33,12.23,12.71,12.23,2064300.0,26016226.0,10:54:53
sh605111,新洁能,58.06,-1.44,-2.42,58.0,58.06,59.5,56.44,59.45,56.09,12320356.0,708147339.0,10:55:00
sh605116,奥锐特,19.61,0.13,0.667,19.6,19.61,19.48,19.48,19.8,19.19,1870200.0,36682523.0,10:54:56
sh605117,德业股份,94.43,0.12,0.127,94.42,94.48,94.31,92.88,96.5,91.66,6078164.0,572655740.0,10:55:01
sh605118,力鼎光电,28.21,-0.38,-1.329,28.21,28.23,28.59,28.5,28.52,27.83,920400.0,25941809.0,10:55:01
sh605122,四方新材,11.65,0.11,0.953,11.63,11.66,11.54,11.41,11.74,11.41,1221320.0,14163313.0,10:55:02
sh605123,派克新材,74.97,-0.36,-0.478,74.91,74.94,75.33,74.91,76.08,74.29,585550.0,43963986.0,10:55:01
sh605128,上海沿浦,23.09,-0.17,-0.731,23.06,23.08,23.26,23.1,23.24,22.87,940990.0,21675546.0,10:54:40
sh605133,嵘泰股份,27.75,-0.33,-1.175,27.75,27.77,28.08,27.8,28.45,27.5,2608600.0,72807203.0,10:55:02
sh605136,丽人丽妆,8.09,0.18,2.276,8.08,8.09,7.91,7.85,8.12,7.78,3649600.0,29304516.0,10:54:56
sh605138,盛泰集团,5.72,-0.05,-0.867,5.71,5.72,5.77,5.72,5.76,5.55,4737100.0,26772938.0,10:54:59
sh605151,西上海,19.29,0.11,0.574,19.29,19.3,19.18,19.0,19.43,19.0,589611.0,11333236.0,10:54:53
sh605155,西大门,13.95,0.05,0.36,13.94,13.96,13.9,13.83,14.07,13.8,548500.0,7635087.0,10:54:58
sh605158,华达新材,7.76,0.21,2.781,7.74,7.76,7.55,7.57,7.83,7.53,4153200.0,31901907.0,10:55:01
sh605162,新中港,8.78,-0.14,-1.57,8.78,8.79,8.92,8.71,9.39,8.71,18589438.0,167703587.0,10:55:02
sh605166,聚合顺,8.24,0.07,0.857,8.24,8.26,8.17,8.17,8.32,8.12,2391900.0,19662974.0,10:54:59
sh605167,利柏特,14.47,-0.4,-2.69,14.45,14.47,14.87,14.51,14.84,14.08,5271600.0,75930997.0,10:55:02
sh605168,三人行,46.56,-0.94,-1.979,46.56,46.57,47.5,47.5,48.31,46.05,3428666.0,161715862.0,10:55:00
sh605169,洪通燃气,11.16,0.37,3.429,11.15,11.16,10.79,10.73,11.38,10.71,3541716.0,39485301.0,10:55:03
sh605177,东亚药业,20.24,-0.4,-1.938,20.23,20.27,20.64,20.59,20.63,19.9,2003200.0,40611225.0,10:54:59
sh605178,时空科技,64.43,-0.92,-1.408,64.42,64.44,65.35,64.88,65.67,63.23,1378500.0,88626910.0,10:55:01
sh605179,一鸣食品,29.49,1.09,3.838,29.49,29.5,28.4,27.81,30.13,27.81,18231894.0,532720953.0,10:55:03
sh605180,华生科技,12.77,0.22,1.753,12.77,12.78,12.55,12.3,13.0,12.3,2304500.0,29359123.0,10:54:58
sh605183,确成股份,14.37,-0.05,-0.347,14.34,14.37,14.42,14.37,14.48,14.26,493100.0,7092334.0,10:55:00
sh605186,健麾信息,25.41,-0.19,-0.742,25.4,25.43,25.6,25.72,25.84,25.09,721600.0,18390675.0,10:55:02
sh605188,国光连锁,11.91,-0.27,-2.217,11.91,11.92,12.18,12.06,12.24,11.84,3375100.0,40568004.0,10:54:56
sh605189,富春染织,14.66,-0.37,-2.462,14.66,14.68,15.03,14.8,14.9,14.1,6315333.0,91828601.0,10:55:02
sh605196,华通线缆,32.88,-1.27,-3.719,32.88,32.9,34.15,34.2,34.2,32.78,7068986.0,234354467.0,10:55:01
sh605198,安德利,62.55,-2.24,-3.457,62.63,62.65,64.79,63.79,67.55,61.75,5197666.0,333392990.0,10:55:02
sh605199,ST葫芦娃,5.83,0.06,1.04,5.83,5.84,5.77,5.77,5.87,5.77,225800.0,1316679.0,10:54:34
sh605208,永茂泰,13.85,0.06,0.435,13.85,13.86,13.79,13.79,14.0,13.61,4611000.0,63649158.0,10:55:01
sh605218,伟时电子,14.46,0.19,1.331,14.44,14.46,14.27,14.19,14.58,14.16,755700.0,10854662.0,10:55:02
sh605222,起帆电缆,19.7,0.39,2.02,19.7,19.72,19.31,19.31,20.35,19.24,4377600.0,86477797.0,10:54:56
sh605228,神通科技,10.4,0.12,1.167,10.4,10.41,10.28,10.23,10.46,10.15,1771942.0,18317016.0,10:54:52
sh605255,天普股份,66.56,0.28,0.422,66.56,66.71,66.28,66.18,67.48,66.01,183100.0,12223480.0,10:54:59
sh605258,协和电子,27.96,0.19,0.684,27.96,27.97,27.77,27.1,28.33,27.0,1749900.0,48967635.0,10:54:59
sh605259,绿田机械,17.54,0.21,1.212,17.5,17.55,17.33,17.32,17.67,17.24,334642.0,5859646.0,10:54:53
sh605266,健之佳,16.68,0.22,1.337,16.68,16.7,16.46,16.44,16.78,16.3,767448.0,12758354.0,10:54:56
sh605268,王力安防,9.45,0.1,1.07,9.44,9.45,9.35,9.26,9.51,9.17,2863565.0,26918982.0,10:54:58
sh605277,新亚电子,14.88,0.37,2.55,14.88,14.89,14.51,14.51,14.99,14.4,2978240.0,44021908.0,10:55:02
sh605286,同力天启,25.66,-1.75,-6.385,25.66,25.68,27.41,26.86,27.29,25.66,6483484.0,169638482.0,10:55:02
sh605287,德才股份,38.48,-0.19,-0.491,38.48,38.49,38.67,38.5,39.1,38.2,1199300.0,46411095.0,10:55:01
sh605288,凯迪股份,54.76,-2.01,-3.541,54.75,54.85,56.77,56.1,56.17,54.5,625360.0,34537617.0,10:55:03
sh605289,罗曼股份,105.26,-1.54,-1.442,105.1,105.26,106.8,105.03,108.0,102.7,1816280.0,190674434.0,10:54:55
sh605296,神农集团,31.52,0.74,2.404,31.51,31.53,30.78,30.79,32.2,30.7,2244830.0,70802651.0,10:55:00
sh605298,必得科技,46.84,-0.2,-0.425,46.74,46.84,47.04,47.04,47.04,46.21,255800.0,11924076.0,10:55:02
sh605299,舒华体育,12.64,0.16,1.282,12.64,12.65,12.48,12.5,12.86,12.33,5466383.0,68976267.0,10:55:03
sh605300,佳禾食品,9.78,0.23,2.408,9.77,9.78,9.55,9.51,9.82,9.51,1193100.0,11584259.0,10:54:59
sh605303,园林股份,22.85,2.08,10.014,22.85,0.0,20.77,21.28,22.85,20.8,3502600.0,79320157.0,10:55:00
sh605305,中际联合,36.9,0.65,1.793,36.91,37.0,36.25,36.3,37.25,36.1,1466040.0,53869094.0,10:55:01
sh605318,法狮龙,72.64,-2.5,-3.327,72.56,72.69,75.14,73.2,74.55,72.08,566800.0,41412207.0,10:55:01
sh605319,无锡振华,25.15,0.74,3.032,25.15,25.16,24.41,24.4,25.5,24.22,3014360.0,75571339.0,10:55:01
sh605333,沪光股份,16.8,-0.36,-2.098,16.8,16.81,17.16,16.87,17.12,16.58,2899000.0,48768858.0,10:55:00
sh605336,*ST帅电,10.74,-0.02,-0.186,10.74,10.76,10.76,10.66,10.85,10.66,316300.0,3397503.0,10:55:02
sh605337,李子园,9.31,0.16,1.749,9.31,9.32,9.15,9.1,9.36,9.1,1831700.0,16973106.0,10:55:02
sh605338,巴比食品,18.64,-0.16,-0.851,18.62,18.64,18.8,18.68,18.8,18.44,1108300.0,20630306.0,10:54:56
sh605339,南侨食品,13.92,0.09,0.651,13.92,13.93,13.83,13.71,14.08,13.71,778300.0,10838564.0,10:54:37
sh605358,立昂微,42.43,-2.04,-4.587,42.44,42.45,44.47,43.01,43.3,41.52,23880879.0,1014066569.0,10:55:01
sh605365,立达信,14.07,-0.28,-1.951,14.07,14.08,14.35,14.08,14.35,14.0,4633300.0,65587375.0,10:55:01
sh605366,宏柏新材,7.59,-0.15,-1.938,7.59,7.6,7.74,7.74,7.75,7.47,7492612.0,56837253.0,10:55:01
sh605368,蓝天燃气,6.77,0.04,0.594,6.76,6.77,6.73,6.74,6.78,6.71,1608600.0,10874923.0,10:54:50
sh605369,拱东医疗,16.49,-0.48,-2.829,16.49,16.5,16.97,16.95,16.95,16.32,929180.0,15440362.0,10:55:02
sh605376,博迁新材,144.38,-3.16,-2.142,144.36,144.4,147.54,144.92,147.0,138.88,4595618.0,657295026.0,10:55:01
sh605377,华旺科技,9.13,0.2,2.24,9.13,9.14,8.93,8.93,9.28,8.87,4814971.0,43963747.0,10:54:57
sh605378,野马电池,14.25,0.16,1.136,14.25,14.26,14.09,13.96,14.32,13.92,1156209.0,16406355.0,10:55:01
sh605388,均瑶健康,6.03,0.14,2.377,6.03,6.04,5.89,5.87,6.12,5.84,4825780.0,28960865.0,10:54:59
sh605389,长龄液压,68.84,-0.63,-0.907,68.76,68.84,69.47,69.28,69.49,67.87,297430.0,20482243.0,10:55:01
sh605398,新炬网络,20.12,0.26,1.309,20.11,20.12,19.86,19.8,20.22,19.66,571200.0,11400353.0,10:55:00
sh605399,晨光新材,10.58,-0.13,-1.214,10.57,10.59,10.71,10.63,10.75,10.5,1685090.0,17907279.0,10:54:59
sh605488,福莱新材,29.4,-0.19,-0.642,29.38,29.4,29.59,29.32,29.97,29.06,2205040.0,65257652.0,10:55:00
sh605499,东鹏饮料,124.29,3.3,2.727,124.28,124.29,120.99,121.0,124.5,120.33,4334207.0,534461911.0,10:55:02
sh605500,森林包装,7.08,0.16,2.312,7.07,7.08,6.92,6.87,7.12,6.87,3002000.0,21157054.0,10:54:51
sh605507,国邦医药,15.41,0.03,0.195,15.4,15.41,15.38,15.36,15.5,15.29,973560.0,15009127.0,10:55:02
sh605555,德昌股份,12.05,-0.11,-0.905,12.04,12.05,12.16,11.91,12.25,11.91,3114016.0,37665317.0,10:55:01
sh605566,福莱蒽特,25.17,0.07,0.279,25.17,25.19,25.1,24.98,25.66,24.97,1212500.0,30614661.0,10:55:03
sh605567,春雪食品,9.2,0.18,1.996,9.18,9.2,9.02,9.02,9.27,8.92,1386600.0,12685225.0,10:55:00
sh605577,龙版传媒,9.95,0.25,2.577,9.94,9.95,9.7,9.61,10.12,9.61,5152958.0,50867285.0,10:55:02
sh605580,恒盛能源,17.07,-0.28,-1.614,17.06,17.07,17.35,17.2,17.33,16.92,1663500.0,28469876.0,10:55:03
sh605588,冠石科技,45.75,-1.46,-3.093,45.75,45.81,47.21,46.82,46.82,44.94,631500.0,28879926.0,10:55:02
sh605589,圣泉集团,36.49,-1.03,-2.745,36.48,36.49,37.52,36.72,37.08,35.86,12407601.0,453193041.0,10:55:02
sh605598,上海港湾,26.21,0.32,1.236,26.19,26.2,25.89,25.8,26.45,25.42,1345402.0,35034139.0,10:55:03
sh605599,菜百股份,16.38,-0.72,-4.211,16.37,16.38,17.1,17.3,17.46,16.35,9100363.0,153901186.0,10:55:02
sh688001,华兴源创,50.15,-1.13,-2.204,50.16,50.2,51.28,50.64,51.75,48.64,3688192.0,184479157.0,10:55:03
sh688002,睿创微纳,154.46,-3.94,-2.487,154.33,154.38,158.4,156.1,157.5,153.81,4010122.0,622539132.0,10:55:03
sh688003,天准科技,80.46,-2.28,-2.756,80.46,80.56,82.74,81.41,82.63,77.86,2827981.0,226020932.0,10:55:03
sh688004,博汇科技,21.19,-0.01,-0.047,21.19,21.22,21.2,21.35,21.49,20.95,646079.0,13725756.0,10:55:03
sh688005,容百科技,25.94,-0.93,-3.461,25.94,25.95,26.87,26.74,26.97,25.93,6135984.0,161539820.0,10:55:00
sh688006,杭可科技,21.78,-0.66,-2.941,21.77,21.78,22.44,22.43,22.43,21.58,5391534.0,118112908.0,10:55:02
sh688007,光峰科技,10.15,0.21,2.113,10.14,10.16,9.94,9.96,10.21,9.88,2703612.0,27263651.0,10:54:58
sh688008,澜起科技,190.34,-1.49,-0.777,190.34,190.38,191.83,189.48,192.88,186.5,11251858.0,2133659577.0,10:55:02
sh688009,中国通号,4.95,-0.02,-0.402,4.94,4.95,4.97,4.96,4.98,4.92,11287634.0,55872350.0,10:55:02
sh688010,福光股份,25.61,-0.41,-1.576,25.59,25.62,26.02,25.57,25.98,24.89,1534961.0,39041248.0,10:55:01
sh688011,新光光电,75.08,-2.72,-3.496,74.98,75.29,77.8,77.72,77.72,74.16,713520.0,53911017.0,10:54:55
sh688012,中微公司,351.19,-6.46,-1.806,350.6,351.1,357.65,356.34,357.85,341.64,8433394.0,2953430636.0,10:55:00
sh688013,天臣医疗,25.12,-0.1,-0.397,25.11,25.12,25.22,25.13,25.58,24.8,399016.0,10051529.0,10:55:01
sh688015,交控科技,15.58,0.09,0.581,15.57,15.59,15.49,15.41,15.73,15.33,504463.0,7868034.0,10:54:54
sh688016,心脉医疗,90.6,0.22,0.243,90.59,90.66,90.38,90.4,91.15,89.8,477968.0,43327785.0,10:54:55
sh688017,绿的谐波,296.15,1.0,0.339,295.74,296.14,295.15,292.5,301.13,290.58,3523989.0,1043710278.0,10:55:01
sh688018,乐鑫科技,109.05,0.74,0.683,109.0,109.1,108.31,106.88,111.41,106.8,1776886.0,194528139.0,10:55:02
sh688019,安集科技,232.83,-9.49,-3.916,232.83,233.03,242.32,238.0,238.23,228.38,3146284.0,733826801.0,10:55:03
sh688020,方邦股份,116.46,-2.09,-1.763,116.32,116.46,118.55,116.0,118.08,111.97,1769887.0,204651217.0,10:55:01
sh688021,奥福科技,20.8,0.4,1.961,20.78,20.8,20.4,20.36,21.38,20.08,1064037.0,22149907.0,10:54:55
sh688022,ST瀚川,8.49,-0.04,-0.469,8.48,8.49,8.53,8.58,8.64,8.44,781996.0,6666721.0,10:54:47
sh688023,安恒信息,37.49,0.14,0.375,37.48,37.49,37.35,37.35,38.0,36.93,814196.0,30535879.0,10:54:58
sh688025,杰普特,408.0,-1.3,-0.318,408.0,408.25,409.3,401.12,418.65,393.0,1964362.0,792903929.0,10:55:02
sh688026,洁特生物,15.5,-0.04,-0.257,15.49,15.5,15.54,15.34,15.83,15.15,2658635.0,41176420.0,10:54:50
sh688027,国盾量子,369.48,0.38,0.103,369.46,369.98,369.1,364.43,372.68,361.0,541205.0,198683981.0,10:55:00
sh688028,沃尔德,86.46,-1.37,-1.56,86.46,86.48,87.83,85.35,88.96,83.88,2092901.0,180670322.0,10:55:00
sh688029,南微医学,75.11,1.26,1.706,74.91,75.11,73.85,73.8,76.13,73.3,1220245.0,91556732.0,10:54:59
sh688030,山石网科,16.43,0.27,1.671,16.43,16.44,16.16,16.18,16.7,16.0,1244905.0,20330634.0,10:54:57
sh688031,星环科技,98.58,-3.61,-3.533,98.57,98.58,102.19,101.51,101.51,97.6,1522058.0,151282781.0,10:55:00
sh688032,禾迈股份,73.59,-0.3,-0.406,73.59,73.64,73.89,73.89,74.42,72.44,462980.0,34079600.0,10:55:02
sh688033,*ST天宜,6.05,-0.03,-0.493,6.04,6.05,6.08,6.11,6.11,6.01,1585025.0,9593512.0,10:54:56
sh688035,德邦科技,63.08,-2.02,-3.103,63.08,63.19,65.1,63.9,64.5,61.6,2588658.0,163136635.0,10:55:01
sh688036,传音控股,58.21,1.5,2.645,58.21,58.26,56.71,56.88,58.48,56.6,5554552.0,320872153.0,10:55:01
sh688037,芯源微,350.71,-16.24,-4.426,350.71,351.32,366.95,358.0,366.0,337.01,3630218.0,1261581772.0,10:55:02
sh688038,中科通达,17.87,0.0,0.0,17.82,17.87,17.87,17.9,18.04,17.58,613052.0,10936381.0,10:54:47
sh688039,当虹科技,32.34,-0.48,-1.463,32.34,32.39,32.82,32.56,32.95,31.98,839465.0,27173892.0,10:55:01
sh688041,海光信息,230.67,-0.14,-0.061,230.5,230.67,230.81,226.98,233.21,225.75,9599117.0,2211465933.0,10:55:01
sh688045,必易微,56.18,-1.82,-3.138,56.15,56.18,58.0,57.0,57.46,54.74,977120.0,54837695.0,10:55:00
sh688046,药康生物,33.07,-0.81,-2.391,33.07,33.08,33.88,32.68,34.2,32.4,8908055.0,296417243.0,10:55:00
sh688047,龙芯中科,101.9,-0.83,-0.808,101.9,102.0,102.73,101.97,103.25,100.7,1412255.0,143923249.0,10:55:01
sh688048,长光华芯,287.74,-6.26,-2.129,287.57,287.58,294.0,287.52,293.46,279.0,3784047.0,1082653611.0,10:55:02
sh688049,炬芯科技,38.46,-0.01,-0.026,38.46,38.47,38.47,38.0,39.08,37.69,3922085.0,151655764.0,10:54:57
sh688050,爱博医疗,40.57,1.35,3.442,40.52,40.56,39.22,39.18,41.02,39.02,1822160.0,73139191.0,10:55:01
sh688051,佳华科技,24.34,0.1,0.413,24.34,24.35,24.24,23.98,24.73,23.62,372350.0,9024981.0,10:55:07
sh688052,纳芯微,228.66,-3.34,-1.44,228.63,228.88,232.0,229.14,234.88,224.73,1346383.0,309826569.0,10:55:05
sh688053,ST思科瑞,35.11,0.4,1.152,35.11,35.25,34.71,34.29,35.36,34.29,216956.0,7589119.0,10:55:00
sh688055,龙腾光电,3.65,-0.06,-1.617,3.65,3.66,3.71,3.7,3.7,3.58,6854698.0,24928712.0,10:55:07
sh688056,莱伯泰科,40.74,-0.26,-0.634,40.74,40.85,41.0,40.86,41.36,39.84,386147.0,15689904.0,10:55:07
sh688057,金达莱,18.03,0.47,2.677,18.03,18.04,17.56,17.23,18.26,17.23,2381382.0,42387327.0,10:55:08
sh688058,宝兰德,22.46,-0.04,-0.178,22.43,22.48,22.5,22.3,22.74,22.1,313133.0,7020161.0,10:55:07
sh688059,华锐精密,83.81,-3.16,-3.633,83.74,83.86,86.97,86.0,86.39,81.56,2194453.0,183969763.0,10:55:08
sh688060,云涌科技,34.43,0.31,0.909,34.37,34.51,34.12,33.96,34.65,33.33,131781.0,4501373.0,10:55:03
sh688061,灿瑞科技,35.54,-0.42,-1.168,35.54,35.57,35.96,35.04,36.03,34.55,570902.0,20120214.0,10:55:07
sh688062,迈威生物,28.65,-0.58,-1.984,28.65,28.66,29.23,29.13,29.58,28.52,4933712.0,142867281.0,10:55:07
sh688063,派能科技,42.86,-0.92,-2.101,42.87,42.88,43.78,43.49,43.67,42.5,2527155.0,108794056.0,10:55:07
sh688065,凯赛生物,42.71,-1.29,-2.932,42.66,42.71,44.0,42.84,43.33,42.35,3125801.0,134012674.0,10:55:06
sh688066,*ST航图,8.03,0.07,0.879,8.02,8.03,7.96,7.94,8.11,7.79,1904246.0,15179276.0,10:54:47
sh688067,爱威科技,22.78,0.23,1.02,22.68,22.75,22.55,22.3,23.0,22.18,559886.0,12699265.0,10:55:01
sh688068,热景生物,95.25,-4.04,-4.069,95.32,95.38,99.29,98.05,99.32,94.71,1683857.0,162508104.0,10:55:07
sh688069,德林海,35.73,0.86,2.466,35.73,35.77,34.87,34.6,36.83,33.97,2927608.0,103608223.0,10:55:06
sh688070,纵横股份,33.38,0.17,0.512,33.37,33.38,33.21,33.5,33.81,32.62,503581.0,16791665.0,10:55:03
sh688071,华依科技,31.85,-0.3,-0.933,31.86,32.0,32.15,32.02,32.36,31.4,767344.0,24403603.0,10:55:08
sh688072,拓荆科技,641.11,-43.02,-6.288,642.02,642.96,684.13,677.57,677.97,633.35,3601179.0,2340583273.0,10:55:08
sh688073,毕得医药,62.97,-3.13,-4.735,62.97,62.98,66.1,64.55,64.99,62.01,3101699.0,196976438.0,10:55:07
sh688075,安旭生物,29.33,0.25,0.86,29.32,29.39,29.08,29.3,29.57,28.94,222609.0,6526139.0,10:55:08
sh688076,ST诺泰,27.39,0.25,0.921,27.37,27.38,27.14,27.21,27.6,27.01,961291.0,26333370.0,10:55:02
sh688077,大地熊,28.26,-0.25,-0.877,28.27,28.29,28.51,28.23,29.67,28.02,2272100.0,65754073.0,10:55:06
sh688078,龙软科技,23.52,0.74,3.248,23.46,23.53,22.78,22.82,23.65,22.59,507674.0,11794395.0,10:54:59
sh688079,美迪凯,15.24,-0.33,-2.119,15.23,15.24,15.57,15.25,15.71,14.65,7636678.0,115906247.0,10:55:06
sh688080,映翰通,36.08,0.1,0.278,36.08,36.1,35.98,35.7,36.42,35.44,306970.0,11046129.0,10:55:03
sh688081,兴图新科,28.42,0.12,0.424,28.4,28.5,28.3,28.3,28.76,27.62,628293.0,17742367.0,10:55:06
sh688082,盛美上海,290.09,-11.31,-3.752,290.0,290.22,301.4,295.22,298.99,283.31,2514891.0,732331731.0,10:55:06
sh688083,中望软件,52.22,0.33,0.636,52.22,52.3,51.89,51.62,52.68,50.81,1116445.0,57661880.0,10:55:06
sh688084,晶品特装,40.72,-2.22,-5.17,40.72,40.79,42.94,41.05,41.83,39.58,1337793.0,54337131.0,10:55:09
sh688085,三友医疗,13.19,0.14,1.073,13.16,13.19,13.05,13.11,13.25,12.92,990283.0,12974739.0,10:55:08
sh688087,英科再生,42.13,1.15,2.806,42.13,42.14,40.98,41.1,43.07,40.31,1855128.0,78610010.0,10:55:04
sh688088,虹软科技,28.87,-1.55,-5.095,28.86,28.88,30.42,29.7,29.88,28.4,6275376.0,181168872.0,10:55:09
sh688089,ST嘉必优,7.73,0.17,2.249,7.73,7.75,7.56,7.5,7.83,7.5,1238319.0,9562976.0,10:55:03
sh688090,瑞松科技,69.14,1.94,2.887,69.1,69.17,67.2,65.99,71.0,65.99,5735699.0,392807051.0,10:55:07
sh688091,上海谊众,36.37,-0.59,-1.596,36.36,36.37,36.96,36.88,37.26,36.13,2468817.0,90426936.0,10:55:05
sh688092,爱科科技,22.63,0.05,0.221,22.59,22.65,22.58,22.58,22.86,22.17,361245.0,8141329.0,10:54:53
sh688093,世华科技,21.25,-3.63,-14.59,21.21,21.25,24.88,21.98,21.98,20.03,7051258.0,145707374.0,10:55:08
sh688095,福昕软件,56.91,-0.18,-0.315,56.85,56.91,57.09,56.21,57.19,55.89,860388.0,48715207.0,10:54:59
sh688096,京源环保,8.48,0.17,2.046,8.47,8.48,8.31,8.29,8.56,8.18,2915284.0,24379820.0,10:55:08
sh688097,博众精工,46.57,-1.8,-3.721,46.54,46.57,48.37,48.11,48.37,45.55,3715058.0,173161079.0,10:55:07
sh688098,申联生物,8.0,0.0,0.0,8.0,8.01,8.0,7.92,8.1,7.88,1061155.0,8496145.0,10:54:58
sh688099,晶晨股份,89.91,0.41,0.458,89.92,89.96,89.5,89.5,91.78,88.0,4624281.0,416420162.0,10:55:08
sh688100,威胜信息,25.33,0.11,0.436,25.32,25.33,25.22,25.02,25.49,25.02,1397993.0,35400393.0,10:55:06
sh688101,三达膜,14.52,0.01,0.069,14.52,14.54,14.51,14.38,14.64,14.3,1578636.0,22835697.0,10:55:04
sh688102,斯瑞新材,31.76,-0.16,-0.501,31.76,31.77,31.92,31.33,32.43,31.23,7154200.0,226967947.0,10:55:09
sh688103,国力电子,71.87,-2.26,-3.049,71.79,71.87,74.13,74.53,74.53,70.46,1168938.0,84186740.0,10:55:06
sh688105,诺唯赞,22.15,-0.36,-1.599,22.14,22.15,22.51,22.12,22.97,22.0,9918972.0,222524238.0,10:55:08
sh688106,金宏气体,26.43,-0.58,-2.147,26.41,26.43,27.01,26.8,26.86,26.01,6931320.0,183157161.0,10:55:06
sh688107,安路科技,29.63,-0.37,-1.233,29.61,29.63,30.0,29.76,30.11,29.2,2778664.0,82406193.0,10:55:06
sh688108,赛诺医疗,17.21,-0.42,-2.382,17.2,17.21,17.63,17.22,17.5,17.01,4223139.0,72875566.0,10:55:07
sh688109,品茗科技,69.88,-1.61,-2.252,69.8,69.86,71.49,71.26,72.41,69.2,274887.0,19289311.0,10:55:06
sh688110,东芯股份,112.39,-3.71,-3.196,112.39,112.4,116.1,112.81,114.6,110.1,9478833.0,1064328709.0,10:55:07
sh688111,金山办公,234.17,0.87,0.373,234.17,234.18,233.3,231.0,235.78,231.0,2461272.0,575622778.0,10:55:06
sh688112,鼎阳科技,67.65,-0.56,-0.821,67.58,67.86,68.21,68.16,69.66,65.13,2186896.0,146956975.0,10:55:09
sh688113,联测科技,36.35,0.8,2.25,36.33,36.35,35.55,35.55,36.44,34.91,327151.0,11755679.0,10:54:59
sh688114,华大智造,68.88,-1.68,-2.381,68.92,68.96,70.56,69.21,71.9,67.17,8667625.0,605736189.0,10:55:09
sh688115,思林杰,62.95,-2.77,-4.215,62.97,63.1,65.72,64.67,66.0,62.15,1158472.0,73601525.0,10:55:08
sh688116,天奈科技,32.06,0.39,1.231,32.03,32.05,31.67,33.01,33.28,32.0,5461879.0,178093878.0,10:55:07
sh688117,圣诺生物,23.79,-0.41,-1.694,23.79,23.81,24.2,24.1,24.42,23.46,3683654.0,88209540.0,10:55:06
sh688118,普元信息,19.95,0.14,0.707,19.92,19.94,19.81,19.81,20.1,19.6,802669.0,15946371.0,10:55:05
sh688119,中钢洛耐,3.9,0.07,1.828,3.89,3.9,3.83,3.85,3.94,3.82,4145377.0,16104606.0,10:55:06
sh688120,华海清科,258.43,-8.23,-3.086,258.01,258.59,266.66,264.07,268.18,254.07,5335483.0,1387521647.0,10:55:07
sh688121,*ST卓然,1.83,-0.04,-2.139,1.83,1.84,1.87,1.86,1.89,1.81,3474632.0,6366776.0,10:55:03
sh688122,西部超导,47.85,-0.05,-0.104,47.82,47.85,47.9,47.89,48.3,47.68,2892849.0,138832687.0,10:55:07
sh688123,聚辰股份,127.16,-5.25,-3.965,127.13,127.17,132.41,130.72,131.0,124.0,4020192.0,512668223.0,10:55:08
sh688125,安达智能,116.27,-2.47,-2.08,116.27,116.58,118.74,116.12,118.62,112.0,524476.0,60807017.0,10:55:06
sh688126,沪硅产业,23.69,-1.04,-4.205,23.69,23.7,24.73,24.0,24.0,23.02,38943293.0,917388912.0,10:55:08
sh688127,蓝特光学,60.41,-1.42,-2.297,60.33,60.43,61.83,61.08,61.86,59.21,4194890.0,253677359.0,10:55:08
sh688128,中国电研,20.97,-0.6,-2.782,20.96,20.97,21.57,21.37,21.44,20.81,2061478.0,43420285.0,10:55:08
sh688129,东来技术,21.17,0.3,1.437,21.09,21.18,20.87,20.87,21.33,20.57,459020.0,9682922.0,10:54:59
sh688130,晶华微,23.18,-0.28,-1.194,23.14,23.27,23.46,23.58,23.58,22.69,997846.0,23163175.0,10:55:07
sh688131,皓元医药,94.4,2.74,2.989,94.41,94.5,91.66,91.38,96.98,90.6,4054761.0,381245227.0,10:55:07
sh688132,邦彦技术,13.3,0.1,0.758,13.26,13.31,13.2,13.2,13.43,13.07,419663.0,5555900.0,10:55:08
sh688133,泰坦科技,22.0,-0.3,-1.345,22.0,22.02,22.3,22.1,22.3,21.66,1288008.0,28297424.0,10:55:08
sh688135,利扬芯片,24.46,-0.53,-2.121,24.45,24.46,24.99,24.36,24.94,23.88,4260859.0,103981792.0,10:55:08
sh688136,科兴制药,23.08,-0.52,-2.203,23.06,23.07,23.6,23.6,24.34,21.81,15742256.0,354914264.0,10:55:06
sh688137,近岸蛋白,83.05,7.56,10.015,83.05,83.06,75.49,74.0,87.0,71.0,5696800.0,454633226.0,10:55:08
sh688138,清溢光电,33.11,-1.1,-3.215,33.11,33.18,34.21,33.5,33.7,31.99,3978277.0,130443767.0,10:55:09
sh688139,海尔生物,29.85,0.85,2.931,29.83,29.85,29.0,29.09,30.16,28.67,2703370.0,80102969.0,10:55:03
sh688141,杰华特,113.97,-1.1,-0.956,113.96,113.97,115.07,113.2,116.42,108.75,7554663.0,849692955.0,10:55:04
sh688143,长盈通,161.9,11.68,7.775,161.9,161.93,150.22,141.4,166.66,141.2,14136722.0,2223757978.0,10:55:04
sh688146,中船特气,242.53,-7.55,-3.019,242.35,242.5,250.08,242.88,246.87,238.0,5999314.0,1455187896.0,10:55:03
sh688147,微导纳米,109.4,-7.9,-6.735,109.38,109.4,117.3,116.36,116.36,108.88,5638138.0,628108010.0,10:55:05
sh688148,芳源股份,6.15,-0.14,-2.226,6.14,6.15,6.29,6.2,6.29,6.12,8478925.0,52418618.0,10:55:03
sh688150,莱特光电,36.97,-1.47,-3.824,36.97,37.03,38.44,37.99,37.99,36.37,3215598.0,119331218.0,10:55:06
sh688151,华强科技,15.88,0.25,1.599,15.87,15.88,15.63,15.74,16.22,15.54,1852530.0,29479525.0,10:55:04
sh688152,麒麟信安,30.91,-0.91,-2.86,30.9,30.91,31.82,31.28,31.38,30.6,1988855.0,61605853.0,10:55:03
sh688153,唯捷创芯,24.19,-1.02,-4.046,24.18,24.19,25.21,24.26,24.6,23.36,4394585.0,105612212.0,10:55:00
sh688155,先惠技术,58.28,-1.72,-2.867,58.26,58.28,60.0,59.29,59.99,57.82,1387450.0,81262810.0,10:55:06
sh688156,路德科技,19.23,-0.01,-0.052,19.19,19.25,19.24,19.12,19.46,18.98,1383478.0,26679259.0,10:55:06
sh688157,松井股份,19.02,-0.26,-1.349,19.02,19.03,19.28,19.15,19.26,18.8,885930.0,16860150.0,10:55:03
sh688158,优刻得,29.17,-0.83,-2.767,29.16,29.17,30.0,29.3,29.73,28.8,8629163.0,252497959.0,10:55:05
sh688159,有方科技,31.51,-0.19,-0.599,31.51,31.52,31.7,31.55,31.93,30.66,1138661.0,35720556.0,10:55:03
sh688160,步科股份,94.31,-0.02,-0.021,94.31,94.59,94.33,94.0,95.88,91.51,709273.0,66517812.0,10:54:43
sh688161,威高骨科,22.05,0.34,1.566,22.05,22.07,21.71,21.71,22.06,21.52,623738.0,13643976.0,10:55:04
sh688162,巨一科技,23.77,0.89,3.89,23.7,23.77,22.88,23.24,24.19,23.2,1422275.0,33786315.0,10:55:01
sh688163,赛伦生物,33.69,-0.96,-2.771,33.64,33.69,34.65,34.1,34.67,33.3,561557.0,18969286.0,10:54:50
sh688165,埃夫特,16.13,0.16,1.002,16.11,16.13,15.97,15.83,16.23,15.73,3059887.0,48925216.0,10:55:06
sh688166,博瑞医药,33.95,-0.6,-1.737,33.95,33.98,34.55,34.31,34.76,33.78,5690399.0,195218115.0,10:55:06
sh688167,炬光科技,259.77,-12.53,-4.602,259.02,259.65,272.3,264.23,266.88,253.0,4266582.0,1107721377.0,10:55:04
sh688168,安博通,34.41,-0.36,-1.035,34.41,34.43,34.77,34.06,34.86,33.52,1383424.0,47301092.0,10:55:05
sh688169,石头科技,135.0,22.5,20.0,135.0,0.0,112.5,125.0,135.0,125.0,17597494.0,2314577905.0,10:55:05
sh688170,德龙激光,51.25,-1.47,-2.788,51.14,51.37,52.72,51.81,52.2,49.6,1817224.0,92739124.0,10:54:57
sh688171,纬德信息,27.31,0.95,3.604,27.3,27.31,26.36,26.1,27.68,25.89,1023044.0,27488839.0,10:55:01
sh688172,燕东微,51.04,-2.21,-4.15,51.02,51.05,53.25,53.0,53.0,49.28,6278324.0,319399619.0,10:55:05
sh688173,希荻微,13.51,-0.26,-1.888,13.52,13.53,13.77,13.5,13.74,13.15,5569348.0,75046749.0,10:55:05
sh688175,高凌信息,19.35,0.44,2.327,19.33,19.35,18.91,18.47,19.68,18.47,1305437.0,24905188.0,10:55:05
sh688176,亚虹医药,11.49,0.0,0.0,11.48,11.49,11.49,11.48,11.72,11.28,4429188.0,50958805.0,10:55:04
sh688177,百奥泰,19.71,-0.26,-1.302,19.72,19.73,19.97,19.97,20.2,19.57,1793057.0,35626069.0,10:55:06
sh688178,万德斯,26.69,-1.28,-4.576,26.67,26.69,27.97,27.36,28.1,26.5,1041000.0,28411070.0,10:55:04
sh688179,阿拉丁,19.78,-1.28,-6.078,19.78,19.79,21.06,20.85,20.95,19.62,9571582.0,191648653.0,10:55:04
sh688180,君实生物,34.17,-0.68,-1.951,34.16,34.17,34.85,34.54,35.19,34.08,9097046.0,315089976.0,10:55:04
sh688181,八亿时空,36.86,-1.21,-3.178,36.84,36.92,38.07,37.55,37.64,36.25,1990632.0,73559874.0,10:55:02
sh688182,灿勤科技,27.26,-0.53,-1.907,27.26,27.27,27.79,27.36,27.64,26.72,2166701.0,58942518.0,10:55:05
sh688183,生益电子,101.13,-1.17,-1.144,101.09,101.13,102.3,100.48,102.94,99.11,3997154.0,403540719.0,10:55:04
sh688184,ST帕瓦,10.93,0.0,0.0,10.92,10.93,10.93,10.88,11.01,10.83,278411.0,3033894.0,10:54:39
sh688185,康希诺,71.55,-3.95,-5.232,71.55,71.56,75.5,72.52,73.8,68.0,9195097.0,655053710.0,10:55:05
sh688186,广大特材,13.57,0.03,0.222,13.56,13.58,13.54,13.12,13.78,12.7,3703094.0,49160814.0,10:55:05
sh688187,时代电气,47.36,-0.26,-0.546,47.33,47.36,47.62,47.59,47.8,46.77,1413375.0,66678829.0,10:55:03
sh688188,柏楚电子,99.46,0.91,0.923,99.41,99.55,98.55,97.8,100.32,97.21,926578.0,91965629.0,10:55:04
sh688189,ST南新,6.38,0.03,0.472,6.38,6.4,6.35,6.35,6.43,6.32,983335.0,6284582.0,10:55:05
sh688190,云路股份,71.34,-0.4,-0.558,71.3,71.41,71.74,71.11,72.72,71.11,326287.0,23438737.0,10:55:04
sh688191,智洋创新,20.86,-0.44,-2.066,20.84,20.86,21.3,21.3,21.3,20.26,3226253.0,67075925.0,10:55:06
sh688192,迪哲医药,60.01,0.84,1.42,59.97,60.01,59.17,59.0,61.68,58.22,4432240.0,267436420.0,10:55:06
sh688193,仁度生物,47.28,0.7,1.503,47.27,47.28,46.58,46.55,47.81,46.03,191565.0,9003839.0,10:55:04
sh688195,腾景科技,162.39,-7.91,-4.645,162.31,162.39,170.3,162.5,167.6,161.11,3949864.0,648556827.0,10:55:05
sh688196,卓越新能,34.75,0.59,1.727,34.74,34.75,34.16,34.16,35.6,33.7,1388881.0,48456680.0,10:55:05
sh688197,首药控股,35.28,-0.92,-2.541,35.28,35.35,36.2,34.86,36.8,34.86,919024.0,32836369.0,10:55:03
sh688198,佰仁医疗,76.46,0.38,0.499,76.38,76.47,76.08,76.1,76.99,75.5,244217.0,18644918.0,10:54:55
sh688199,久日新材,22.44,-0.44,-1.923,22.44,22.45,22.88,22.88,22.88,22.14,1618412.0,36333211.0,10:55:05
sh688200,华峰测控,374.73,-31.26,-7.7,375.38,376.04,405.99,404.4,404.41,372.01,3594265.0,1370935248.0,10:55:04
sh688201,ST信安,7.12,0.11,1.569,7.12,7.13,7.01,7.0,7.14,6.96,968032.0,6856312.0,10:55:00
sh688202,美迪西,100.44,5.74,6.061,100.23,100.51,94.7,93.89,103.66,93.0,7076406.0,700881613.0,10:55:04
sh688203,海正生材,12.69,1.25,10.927,12.68,12.69,11.44,12.8,13.64,12.0,10953799.0,138735431.0,10:55:04
sh688205,德科立,151.69,-4.31,-2.763,151.65,151.85,156.0,151.0,154.02,149.6,3921807.0,594904108.0,10:55:05
sh688206,概伦电子,40.38,-0.91,-2.204,40.38,40.44,41.29,40.82,41.06,39.4,3751321.0,150917317.0,10:55:04
sh688207,格灵深瞳,17.68,-0.04,-0.226,17.64,17.69,17.72,17.58,17.87,17.18,5112751.0,89584074.0,10:55:05
sh688208,道通科技,25.26,0.69,2.808,25.25,25.26,24.57,24.57,25.7,24.56,6437728.0,162601181.0,10:55:03
sh688209,英集芯,21.64,-0.66,-2.96,21.63,21.64,22.3,21.95,22.08,21.2,4242900.0,91874066.0,10:55:02
sh688210,统联精密,30.16,-0.95,-3.054,30.19,30.21,31.11,30.12,30.83,29.72,1913091.0,58086357.0,10:55:04
sh688211,中科微至,30.62,-0.09,-0.293,30.61,30.63,30.71,30.45,30.91,30.42,194826.0,5977573.0,10:55:05
sh688212,澳华内镜,27.85,0.7,2.578,27.85,27.86,27.15,27.28,28.45,26.84,2012854.0,56239802.0,10:54:55
sh688213,思特威,97.65,0.87,0.899,97.65,97.73,96.78,96.5,98.22,95.23,2451836.0,238658280.0,10:55:04
sh688215,瑞晟智能,44.25,-0.4,-0.896,44.04,44.25,44.65,45.05,45.28,43.02,519613.0,22973834.0,10:55:04
sh688216,气派科技,29.06,-0.83,-2.777,29.06,29.1,29.89,29.36,29.6,28.3,1371964.0,39831119.0,10:55:05
sh688217,睿昂基因,24.21,-0.07,-0.288,24.2,24.27,24.28,24.14,24.6,23.62,445612.0,10766470.0,10:55:01
sh688218,江苏北人,40.07,-0.35,-0.866,40.0,40.08,40.42,41.23,41.23,38.52,1861231.0,73647731.0,10:55:06
sh688219,会通股份,10.36,0.11,1.073,10.34,10.35,10.25,10.19,10.41,10.17,1955617.0,20192901.0,10:55:02
sh688220,翱捷科技,89.18,-0.08,-0.09,89.18,89.26,89.26,88.0,90.2,86.69,2821118.0,249477929.0,10:55:05
sh688221,前沿生物,18.68,-0.48,-2.505,18.68,18.71,19.16,18.96,19.17,18.45,7345864.0,138088384.0,10:55:04
sh688222,成都先导,34.24,-0.44,-1.269,34.23,34.24,34.68,34.34,35.53,33.63,10582767.0,365046899.0,10:55:05
sh688223,晶科能源,4.31,-0.02,-0.462,4.31,4.32,4.33,4.33,4.36,4.28,22321197.0,96409382.0,10:55:04
sh688225,亚信安全,11.86,0.09,0.765,11.86,11.87,11.77,11.85,11.97,11.66,1894335.0,22420634.0,10:54:53
sh688226,威腾电气,28.43,-0.5,-1.728,28.41,28.43,28.93,28.5,28.84,27.98,1532805.0,43536061.0,10:55:05
sh688227,品高股份,68.32,-0.48,-0.698,68.32,68.37,68.8,68.0,69.36,66.1,1086423.0,73473538.0,10:55:04
sh688228,开普云,79.26,-3.18,-3.857,79.27,79.29,82.44,82.28,83.68,79.11,1370002.0,111276996.0,10:55:04
sh688229,博睿数据,63.2,-0.43,-0.676,63.25,63.39,63.63,63.63,64.08,62.03,124917.0,7899708.0,10:54:54
sh688230,芯导科技,52.68,-0.48,-0.903,52.68,52.73,53.16,52.07,53.43,51.44,577222.0,30238962.0,10:54:58
sh688231,隆达股份,28.43,-0.43,-1.49,28.43,28.44,28.86,28.64,28.97,28.0,1411200.0,40194026.0,10:55:01
sh688232,新点软件,18.05,0.14,0.782,18.04,18.05,17.91,17.88,18.1,17.75,834983.0,14977040.0,10:54:58
sh688233,神工股份,106.65,-4.2,-3.789,106.65,106.79,110.85,106.66,109.54,103.0,3995473.0,424288373.0,10:55:04
sh688234,天岳先进,105.3,0.25,0.238,105.36,105.58,105.05,102.68,108.2,101.68,6601907.0,691128795.0,10:55:04
sh688235,百济神州,274.01,-2.66,-0.961,273.95,274.01,276.67,274.58,279.87,272.01,2028867.0,561048004.0,10:55:06
sh688236,春立医疗,14.33,0.09,0.632,14.32,14.33,14.24,14.3,14.48,14.11,930969.0,13345843.0,10:55:05
sh688237,超卓航科,54.5,-0.61,-1.107,54.46,54.56,55.11,55.0,55.73,54.11,475408.0,26081894.0,10:55:06
sh688238,和元生物,6.95,0.15,2.206,6.94,6.95,6.8,6.62,7.01,6.59,20102303.0,136798297.0,10:55:05
sh688239,航宇科技,47.92,1.62,3.499,47.92,47.96,46.3,47.48,48.29,44.6,10899862.0,512285889.0,10:55:05
sh688244,永信至诚,15.2,0.25,1.672,15.2,15.21,14.95,14.69,15.39,14.69,961043.0,14545246.0,10:55:01
sh688246,嘉和美康,17.15,0.09,0.528,17.13,17.15,17.06,17.13,17.24,16.83,583184.0,9945763.0,10:55:03
sh688247,宣泰医药,9.5,0.06,0.636,9.5,9.51,9.44,9.26,9.63,9.26,3439030.0,32545506.0,10:55:01
sh688248,南网科技,39.88,-0.75,-1.846,39.89,39.92,40.63,40.81,40.84,39.62,1333938.0,53468467.0,10:55:07
sh688249,晶合集成,36.82,-1.64,-4.264,36.83,36.91,38.46,37.5,37.88,35.98,12467046.0,460483080.0,10:55:06
sh688251,井松智能,20.82,0.14,0.677,20.81,20.82,20.68,20.66,21.0,20.36,815985.0,16919239.0,10:55:01
sh688252,天德钰,19.34,-0.02,-0.103,19.34,19.37,19.36,19.2,19.61,18.94,2487952.0,47974792.0,10:55:06
sh688253,英诺特,54.05,-1.2,-2.172,54.0,54.06,55.25,54.76,55.5,53.85,1009851.0,55087352.0,10:54:58
sh688255,凯尔达,25.23,0.21,0.839,25.18,25.23,25.02,24.65,25.5,24.63,1283185.0,32121864.0,10:55:04
sh688256,寒武纪,996.92,27.87,2.876,995.11,996.92,969.05,970.0,1014.93,953.0,7329454.0,7278261235.0,10:55:07
sh688257,新锐股份,52.68,-1.96,-3.587,52.68,52.69,54.64,53.75,54.07,51.68,7148153.0,378045421.0,10:55:06
sh688258,卓易信息,90.37,-2.36,-2.545,90.32,90.47,92.73,91.7,92.45,88.18,1089614.0,98310895.0,10:55:04
sh688259,创耀科技,29.02,-1.01,-3.363,29.01,29.05,30.03,29.01,29.48,28.21,1050038.0,30375546.0,10:54:59
sh688260,昀冢科技,100.25,-3.75,-3.606,100.01,100.25,104.0,100.0,103.0,93.59,4202981.0,410544205.0,10:55:06
sh688261,东微半导,68.25,-3.39,-4.732,68.25,68.4,71.64,68.5,70.3,67.01,3216380.0,220070514.0,10:55:02
sh688262,国芯科技,25.84,-0.5,-1.898,25.81,25.84,26.34,26.0,26.33,25.35,3479230.0,89884774.0,10:55:04
sh688265,南模生物,39.93,-0.1,-0.25,39.93,39.99,40.03,39.8,40.96,38.91,1281213.0,51061697.0,10:55:04
sh688266,泽璟制药,118.9,1.07,0.908,118.71,118.99,117.83,116.56,120.84,114.81,2958824.0,348883834.0,10:55:05
sh688267,中触媒,18.29,-0.16,-0.867,18.28,18.29,18.45,18.51,18.52,18.16,314868.0,5772658.0,10:55:02
sh688268,华特气体,138.75,-4.0,-2.802,138.5,138.76,142.75,139.5,141.3,134.51,2627357.0,362485523.0,10:55:05
sh688269,凯立新材,30.59,-0.68,-2.175,30.58,30.59,31.27,31.31,31.47,30.58,729376.0,22563315.0,10:55:04
sh688270,ST臻镭,58.03,-0.76,-1.293,58.03,58.09,58.79,57.65,59.22,56.77,2579594.0,149586905.0,10:55:05
sh688271,联影医疗,106.35,0.95,0.901,106.28,106.35,105.4,105.98,106.69,105.3,1705423.0,181186946.0,10:55:04
sh688272,富吉瑞,27.8,-0.08,-0.287,27.74,27.79,27.88,27.5,28.28,27.16,587349.0,16290903.0,10:55:06
sh688273,麦澜德,28.91,-0.15,-0.516,28.9,28.91,29.06,28.0,29.45,28.0,593232.0,17207157.0,10:54:53
sh688275,万润新能,80.48,-6.77,-7.759,80.48,80.49,87.25,86.23,86.23,80.4,3818268.0,315920553.0,10:55:05
sh688276,百克生物,16.54,0.32,1.973,16.54,16.55,16.22,16.25,17.23,16.0,5616199.0,93364937.0,10:55:01
sh688277,天智航,15.37,0.25,1.653,15.36,15.37,15.12,15.12,15.73,14.89,3187143.0,49070965.0,10:55:04
sh688278,特宝生物,59.58,0.11,0.185,59.59,59.61,59.47,59.0,60.76,58.68,1872801.0,111749995.0,10:55:05
sh688279,峰岹科技,175.34,-3.78,-2.11,175.39,175.89,179.12,175.72,180.0,173.0,853649.0,149920268.0,10:55:05
sh688280,精进电动,5.36,0.0,0.0,5.35,5.36,5.36,5.3,5.4,5.28,4322161.0,23083691.0,10:55:05
sh688281,华秦科技,44.22,-0.28,-0.629,44.22,44.27,44.5,44.51,44.68,43.6,933264.0,41223845.0,10:55:04
sh688282,理工导航,55.38,0.2,0.362,55.38,55.54,55.18,55.43,56.3,53.68,312718.0,17172826.0,10:55:00
sh688283,坤恒顺维,27.61,-0.11,-0.397,27.56,27.61,27.72,27.31,28.01,27.05,538797.0,14793774.0,10:55:05
sh688285,高铁电气,7.6,0.06,0.796,7.6,7.61,7.54,7.52,7.68,7.45,1033599.0,7865003.0,10:54:57
sh688286,敏芯股份,45.03,-2.11,-4.476,45.02,45.03,47.14,45.91,46.25,43.5,3808273.0,170903565.0,10:55:04
sh688288,鸿泉技术,18.4,0.21,1.154,18.38,18.4,18.19,18.08,18.66,17.88,560925.0,10278035.0,10:55:02
sh688289,圣湘生物,14.85,-0.05,-0.336,14.85,14.86,14.9,14.71,15.05,14.71,3331320.0,49523368.0,10:55:03
sh688290,景业智能,65.11,-1.17,-1.765,65.11,65.13,66.28,67.05,67.05,63.58,396638.0,25762637.0,10:55:06
sh688291,金橙子,41.35,-0.88,-2.084,41.18,41.34,42.23,41.98,41.98,40.5,909313.0,37530522.0,10:55:05
sh688292,浩瀚深度,17.3,0.3,1.765,17.29,17.3,17.0,16.8,17.55,16.62,1795066.0,30850181.0,10:55:03
sh688293,奥浦迈,57.8,-0.38,-0.653,57.68,57.8,58.18,57.57,59.2,56.9,2065985.0,119466530.0,10:55:04
sh688295,中复神鹰,37.38,-0.94,-2.453,37.37,37.38,38.32,37.7,38.31,37.13,1686230.0,63336892.0,10:55:06
sh688296,和达科技,24.64,0.53,2.198,24.64,24.65,24.11,23.99,25.18,23.3,3819100.0,93005340.0,10:55:02
sh688297,中无人机,38.29,0.0,0.0,38.29,38.3,38.29,38.01,38.64,38.01,1595722.0,61171937.0,10:55:04
sh688298,东方生物,18.88,0.17,0.909,18.86,18.88,18.71,18.6,19.09,18.48,723018.0,13607833.0,10:54:59
sh688299,长阳科技,12.72,-0.01,-0.079,12.71,12.72,12.73,12.61,12.9,12.54,1625027.0,20640035.0,10:55:03
sh688300,联瑞新材,133.19,-5.95,-4.276,133.17,133.18,139.14,135.1,137.0,130.22,4948300.0,662092371.0,10:55:05
sh688301,奕瑞科技,96.35,-0.8,-0.823,96.23,96.34,97.15,95.6,97.53,94.61,1502761.0,144154320.0,10:55:06
sh688302,海创药业,33.93,-0.73,-2.106,33.9,33.99,34.66,34.7,34.76,33.6,582018.0,19909546.0,10:55:05
sh688303,大全能源,17.57,-0.06,-0.34,17.57,17.58,17.63,17.73,17.75,17.52,2401970.0,42345299.0,10:55:06
sh688305,科德数控,60.83,-1.25,-2.014,60.8,60.89,62.08,61.47,62.0,60.5,1221950.0,74678316.0,10:55:05
sh688306,均普智能,8.53,0.05,0.59,8.53,8.54,8.48,8.44,8.67,8.4,3678188.0,31502064.0,10:55:05
sh688307,中润光学,47.99,-0.11,-0.229,47.99,48.05,48.1,48.1,48.38,45.9,2519754.0,118511648.0,10:55:07
sh688308,欧科亿,90.4,-3.7,-3.932,90.44,90.49,94.1,93.84,93.85,88.44,4009182.0,362971368.0,10:55:05
sh688309,恒誉科技,70.6,-2.4,-3.288,70.56,70.57,73.0,72.5,72.51,70.2,567316.0,40503325.0,10:55:06
sh688310,迈得医疗,15.85,0.8,5.316,15.83,15.85,15.05,14.91,17.04,14.91,5089224.0,82155660.0,10:55:06
sh688311,盟升电子,21.96,-0.2,-0.903,21.95,21.97,22.16,22.1,22.2,21.73,1578381.0,34666099.0,10:55:04
sh688312,燕麦科技,47.2,-1.16,-2.399,47.2,47.22,48.36,47.48,48.13,46.0,2213534.0,104318423.0,10:55:01
sh688313,仕佳光子,150.83,-3.22,-2.09,150.84,150.89,154.05,149.0,153.88,146.68,9538653.0,1440240838.0,10:55:04
sh688314,康拓医疗,31.3,0.54,1.756,31.29,31.33,30.76,30.6,31.5,30.33,347437.0,10795523.0,10:54:40
sh688315,诺禾致源,15.87,-1.06,-6.261,15.86,15.87,16.93,17.01,17.01,15.76,11908486.0,191762775.0,10:55:01
sh688316,青云科技,45.99,-0.16,-0.347,45.95,45.98,46.15,45.99,46.47,44.8,899951.0,41190106.0,10:55:04
sh688317,之江生物,17.08,-0.09,-0.524,17.08,17.09,17.17,17.06,17.28,16.77,1271139.0,21635623.0,10:55:07
sh688318,财富趋势,73.35,-0.25,-0.34,73.28,73.35,73.6,73.48,74.46,72.72,1366259.0,100520158.0,10:55:06
sh688319,欧林生物,27.63,-0.19,-0.683,27.59,27.63,27.82,27.58,28.33,27.04,2945169.0,81452411.0,10:55:04
sh688320,禾川科技,34.25,0.8,2.392,34.25,34.29,33.45,33.5,34.98,32.89,2061113.0,70323137.0,10:55:01
sh688321,微芯生物,25.38,-0.51,-1.97,25.38,25.39,25.89,25.78,25.99,25.25,6964535.0,178140182.0,10:55:02
sh688322,奥比中光,92.6,0.1,0.108,92.59,92.6,92.5,90.7,93.59,90.69,4911589.0,453456490.0,10:55:07
sh688323,瑞华泰,25.84,-1.11,-4.119,25.84,25.85,26.95,26.66,26.66,25.32,7456044.0,194078351.0,10:55:06
sh688325,赛微微电,105.5,-0.5,-0.472,105.23,105.74,106.0,105.47,107.5,103.02,353598.0,37155238.0,10:55:06
sh688326,经纬恒润,62.81,0.11,0.175,62.81,62.85,62.7,62.32,63.58,61.8,618339.0,38748518.0,10:55:05
sh688327,云从科技,9.66,0.01,0.104,9.66,9.67,9.65,9.6,9.78,9.46,9460356.0,90801450.0,10:55:06
sh688328,深科达,88.97,-0.13,-0.146,88.9,88.97,89.1,88.66,91.29,83.34,5980381.0,524670844.0,10:55:04
sh688329,艾隆科技,21.46,1.25,6.185,21.46,21.5,20.21,20.71,21.66,20.6,1892413.0,40312925.0,10:55:07
sh688330,宏力达,33.25,0.17,0.514,33.25,33.35,33.08,32.79,33.7,32.7,374459.0,12475772.0,10:55:01
sh688331,荣昌生物,119.28,2.86,2.457,119.16,119.28,116.42,116.53,123.3,116.51,7344860.0,880465374.0,10:55:06
sh688332,中科蓝讯,85.74,-3.12,-3.511,85.75,85.9,88.86,86.01,88.0,83.82,2852230.0,244705659.0,10:55:06
sh688333,铂力特,100.62,-4.29,-4.089,100.5,100.6,104.91,97.92,103.77,96.91,8666408.0,871680312.0,10:55:04
sh688334,西高院,17.81,0.05,0.282,17.81,17.83,17.76,17.66,17.93,17.66,412140.0,7343572.0,10:55:04
sh688335,复洁科技,19.62,0.15,0.77,19.62,19.66,19.47,19.53,19.95,19.18,689462.0,13484869.0,10:55:04
sh688336,三生国健,42.95,-0.5,-1.151,42.92,42.95,43.45,43.37,43.75,42.01,4642474.0,199558280.0,10:55:04
sh688337,普源精电,42.39,-0.56,-1.304,42.39,42.41,42.95,42.3,43.14,40.88,1832456.0,77050256.0,10:55:06
sh688338,赛科希德,31.15,0.49,1.598,31.17,31.21,30.66,31.0,31.63,30.29,1014044.0,31542925.0,10:55:04
sh688339,亿华通,16.64,0.03,0.181,16.63,16.64,16.61,16.61,16.81,16.41,1035167.0,17188227.0,10:55:04
sh688343,云天励飞,54.6,-0.45,-0.817,54.6,54.63,55.05,54.77,56.28,54.1,3250818.0,178770808.0,10:55:06
sh688345,博力威,50.54,-2.65,-4.982,50.49,50.57,53.19,52.1,52.68,50.11,937399.0,47784065.0,10:55:04
sh688347,华虹宏力,222.23,-6.8,-2.969,222.18,222.23,229.03,224.57,227.0,219.17,5790542.0,1291591371.0,10:55:04
sh688348,昱能科技,31.56,-0.12,-0.379,31.52,31.59,31.68,31.87,31.97,31.11,561428.0,17697826.0,10:55:06
sh688349,三一重能,13.92,0.08,0.578,13.91,13.92,13.84,13.78,13.97,13.76,1753948.0,24361659.0,10:55:03
sh688350,富淼科技,28.85,-0.55,-1.871,28.78,28.84,29.4,29.11,29.3,28.51,552806.0,16012062.0,10:55:05
sh688351,微电生理,20.03,0.1,0.502,20.01,20.02,19.93,19.96,20.35,19.5,1615205.0,32394579.0,10:55:05
sh688352,颀中科技,17.35,-0.69,-3.825,17.34,17.35,18.04,17.8,17.8,16.8,11665598.0,202235480.0,10:55:06
sh688353,华盛锂电,87.51,-4.39,-4.777,87.51,87.52,91.9,90.5,91.51,87.1,3599548.0,318140647.0,10:55:07
sh688355,明志科技,17.36,-0.03,-0.173,17.36,17.39,17.39,17.12,17.6,16.97,707665.0,12251250.0,10:54:57
sh688356,键凯科技,129.34,5.34,4.306,128.58,129.34,124.0,124.0,133.0,118.05,9083347.0,1143649180.0,10:55:07
sh688357,建龙微纳,26.45,-0.11,-0.414,26.45,26.46,26.56,26.15,26.65,25.9,431857.0,11368661.0,10:54:46
sh688358,祥生医疗,28.08,0.04,0.143,28.07,28.09,28.04,27.8,28.32,27.51,294484.0,8234439.0,10:54:58
sh688359,三孚新科,89.35,-5.23,-5.53,89.35,89.61,94.58,93.64,93.64,87.23,2212852.0,199162888.0,10:55:06
sh688360,德马科技,15.07,-0.35,-2.27,15.07,15.08,15.42,15.02,15.37,14.97,1831396.0,27743180.0,10:55:06
sh688361,中科飞测,335.76,-13.74,-3.931,335.76,336.41,349.5,333.41,346.9,327.75,5349811.0,1799235931.0,10:55:05
sh688362,甬矽电子,60.13,-3.11,-4.918,60.12,60.13,63.24,61.93,62.49,58.5,11565386.0,697972171.0,10:55:05
sh688363,华熙生物,35.78,0.45,1.274,35.77,35.78,35.33,35.3,35.99,35.3,1177256.0,42099593.0,10:55:00
sh688365,光云科技,13.84,-0.12,-0.86,13.84,13.85,13.96,13.85,14.02,13.53,3633557.0,50054579.0,10:55:06
sh688366,昊海生科,29.59,0.14,0.475,29.59,29.63,29.45,29.89,29.89,29.11,480616.0,14183692.0,10:55:00
sh688367,工大高科,29.6,0.66,2.281,29.5,29.56,28.94,28.5,30.38,28.5,792870.0,23362834.0,10:55:02
sh688368,晶丰明源,115.47,-6.53,-5.352,115.47,115.48,122.0,116.0,119.0,111.16,2621241.0,301883215.0,10:55:04
sh688369,致远互联,19.48,0.31,1.617,19.46,19.48,19.17,19.13,19.75,18.89,1966881.0,37998956.0,10:55:06
sh688370,丛麟科技,23.12,-0.05,-0.216,23.04,23.12,23.17,23.3,23.38,22.55,381126.0,8786455.0,10:54:56
sh688371,菲沃泰,26.11,-0.89,-3.296,26.08,26.14,27.0,26.48,27.0,25.31,2965070.0,77154742.0,10:55:04
sh688372,伟测科技,118.88,-3.34,-2.733,118.89,118.94,122.22,120.94,123.49,115.36,3882896.0,463874470.0,10:55:07
sh688373,盟科药业,5.66,0.42,8.015,5.65,5.66,5.24,5.24,5.72,5.2,19014442.0,104529448.0,10:55:01
sh688375,国博电子,76.74,-0.67,-0.866,76.73,76.76,77.41,76.64,77.89,75.39,1178858.0,90330648.0,10:55:05
sh688376,美埃科技,64.78,-1.71,-2.572,64.78,64.92,66.49,65.7,66.32,63.03,722266.0,46712767.0,10:54:58
sh688377,迪威尔,18.97,0.11,0.583,18.97,18.99,18.86,18.53,19.48,18.42,1382255.0,25974699.0,10:55:01
sh688378,奥来德,41.6,-2.07,-4.74,41.6,41.61,43.67,42.48,43.46,41.11,4171318.0,175073058.0,10:55:06
sh688379,华光新材,52.83,-1.25,-2.311,52.72,52.83,54.08,53.48,54.0,51.61,1533126.0,80846255.0,10:55:04
sh688380,中微半导,40.09,-1.4,-3.374,40.07,40.14,41.49,40.7,40.98,39.58,5355311.0,215449107.0,10:55:07
sh688381,帝奥微,32.6,-0.08,-0.245,32.6,32.63,32.68,32.06,33.47,31.45,6770498.0,219860030.0,10:55:07
sh688382,益方生物,18.32,-0.74,-3.882,18.32,18.34,19.06,19.08,19.1,18.23,7045486.0,131837013.0,10:55:06
sh688383,新益昌,118.32,-4.45,-3.625,118.02,118.29,122.77,120.0,121.0,116.18,661348.0,78482371.0,10:55:03
sh688385,复旦微电,51.77,-0.76,-1.447,51.79,51.84,52.53,51.51,52.58,50.92,4404041.0,227895663.0,10:55:06
sh688386,泛亚微透,49.53,-0.26,-0.522,49.43,49.52,49.79,48.88,50.62,48.53,656218.0,32421611.0,10:55:05
sh688387,信科移动,12.21,-0.09,-0.732,12.2,12.21,12.3,12.02,12.4,11.95,13851111.0,168795988.0,10:55:06
sh688388,嘉元科技,27.91,-1.87,-6.279,27.9,27.91,29.78,28.95,28.98,27.62,22176454.0,625420518.0,10:55:07
sh688389,普门科技,10.93,0.13,1.204,10.92,10.93,10.8,10.8,10.98,10.71,957244.0,10425682.0,10:55:06
sh688390,固德威,62.75,-1.75,-2.713,62.74,62.76,64.5,63.22,63.92,61.93,3579349.0,225039445.0,10:55:04
sh688391,钜泉科技,24.93,-0.03,-0.12,24.9,24.95,24.96,24.94,25.15,24.38,514634.0,12762802.0,10:55:05
sh688392,骄成超声,185.35,-7.75,-4.013,184.72,185.34,193.1,189.24,191.0,179.07,2833134.0,522683297.0,10:55:02
sh688393,安必平,19.86,0.28,1.43,19.86,19.88,19.58,19.58,20.18,19.36,848426.0,16827353.0,10:55:04
sh688395,正弦电气,22.43,0.52,2.373,22.43,22.45,21.91,21.96,22.85,21.71,988585.0,22060926.0,10:55:05
sh688396,华润微,58.04,-3.18,-5.194,57.97,58.02,61.22,59.05,59.83,56.69,14732856.0,857464686.0,10:55:05
sh688398,赛特新材,20.31,0.48,2.421,20.31,20.37,19.83,19.74,20.65,19.49,1263671.0,25406396.0,10:54:59
sh688399,硕世生物,27.82,-0.03,-0.108,27.77,27.78,27.85,27.83,28.22,27.21,704521.0,19567088.0,10:55:04
sh688400,凌云光,45.4,-0.5,-1.089,45.38,45.39,45.9,45.37,46.4,44.51,3294816.0,149585802.0,10:55:04
sh688401,路维光电,66.2,-2.82,-4.086,66.15,66.2,69.02,68.1,68.11,64.0,2644392.0,174126914.0,10:55:05
sh688403,汇成股份,21.99,-1.31,-5.622,21.99,22.0,23.3,23.0,23.1,21.72,26686592.0,594015699.0,10:55:04
sh688408,中信博,24.61,-0.29,-1.165,24.61,24.62,24.9,24.91,25.11,24.47,1054804.0,26067501.0,10:55:01
sh688409,富创精密,195.68,-11.57,-5.583,195.68,196.0,207.25,205.0,205.0,192.0,4552231.0,897164778.0,10:55:06
sh688410,山外山,10.79,-0.08,-0.736,10.79,10.8,10.87,10.88,11.05,10.71,3488927.0,37944598.0,10:55:05
sh688411,海博思创,196.26,-5.05,-2.509,196.1,196.24,201.31,198.88,200.72,194.57,751964.0,148229881.0,10:55:01
sh688416,恒烁股份,71.86,-1.01,-1.386,71.87,72.0,72.87,71.22,72.55,69.0,2080378.0,147349956.0,10:55:04
sh688418,震有科技,31.49,-0.63,-1.961,31.49,31.51,32.12,32.0,32.0,30.7,1913004.0,59849441.0,10:55:07
sh688419,耐科装备,54.54,-2.24,-3.945,54.46,54.54,56.78,56.51,56.79,52.58,4649883.0,253726230.0,10:55:05
sh688420,美腾科技,22.3,0.25,1.134,22.3,22.36,22.05,22.05,22.49,21.86,203981.0,4528597.0,10:54:53
sh688425,铁建重工,4.05,0.03,0.746,4.05,4.06,4.02,4.01,4.06,4.01,6525427.0,26369120.0,10:55:05
sh688426,康为世纪,20.77,-0.45,-2.121,20.76,20.8,21.22,20.95,21.2,20.62,1186744.0,24765000.0,10:54:59
sh688428,诺诚健华,27.37,-0.17,-0.617,27.37,27.38,27.54,27.7,27.98,27.12,6136254.0,168296475.0,10:55:05
sh688429,时创能源,10.47,-0.06,-0.57,10.44,10.47,10.53,10.53,10.6,10.3,683497.0,7157471.0,10:54:54
sh688432,有研硅,44.26,-4.03,-8.345,44.24,44.26,48.29,46.07,46.93,43.92,34084080.0,1540067537.0,10:55:04
sh688433,华曙高科,95.74,-10.26,-9.679,95.74,95.87,106.0,104.05,105.42,92.92,6819279.0,683059640.0,10:55:06
sh688435,英方软件,28.91,-0.94,-3.149,28.84,28.91,29.85,28.3,29.19,28.29,1318756.0,37966488.0,10:55:02
sh688439,振华风光,37.77,-0.35,-0.918,37.77,37.8,38.12,37.81,38.24,37.75,895957.0,34022929.0,10:55:05
sh688443,智翔金泰,24.08,-0.52,-2.114,24.07,24.08,24.6,24.44,24.81,24.0,2535008.0,61800226.0,10:55:03
sh688448,磁谷科技,63.33,-1.25,-1.936,63.12,63.34,64.58,64.15,64.58,61.33,1140098.0,71329817.0,10:55:01
sh688449,联芸科技,66.16,0.12,0.182,66.13,66.22,66.04,65.0,67.3,63.79,5032238.0,331216538.0,10:55:04
sh688450,光格科技,32.6,-0.08,-0.245,32.52,32.6,32.68,31.86,33.24,31.86,891296.0,29074839.0,10:54:58
sh688455,科捷智能,15.93,-0.83,-4.952,15.93,15.94,16.76,16.68,17.2,15.82,4086045.0,66352548.0,10:55:03
sh688456,有研粉材,77.29,-3.49,-4.32,77.3,77.45,80.78,78.38,78.99,75.03,3395117.0,261858084.0,10:55:06
sh688458,美芯晟,32.39,-0.93,-2.791,32.34,32.47,33.32,33.06,33.32,32.27,525307.0,17128423.0,10:55:06
sh688459,哈铁科技,8.02,0.09,1.135,8.01,8.02,7.93,7.94,8.03,7.89,418924.0,3345696.0,10:55:03
sh688466,金科环境,14.02,0.24,1.742,14.02,14.03,13.78,13.64,14.24,13.64,515279.0,7207184.0,10:55:06
sh688468,科美诊断,6.33,0.08,1.28,6.32,6.33,6.25,6.2,6.37,6.13,1439961.0,9057009.0,10:54:55
sh688469,芯联集成,8.5,-0.18,-2.074,8.49,8.5,8.68,8.58,8.62,8.36,55535571.0,472817301.0,10:55:06
sh688472,阿特斯,10.04,-0.21,-2.049,10.04,10.06,10.25,10.25,10.26,9.98,15839517.0,159950491.0,10:55:06
sh688475,萤石网络,29.14,0.06,0.206,29.12,29.14,29.08,28.89,29.23,28.75,1697417.0,49295457.0,10:55:04
sh688478,晶升股份,46.78,-1.27,-2.643,46.78,46.87,48.05,46.59,47.77,45.04,2675262.0,124154322.0,10:55:05
sh688479,友车科技,31.85,-0.6,-1.849,31.85,31.92,32.45,32.46,32.46,31.38,1092987.0,34787196.0,10:55:04
sh688480,赛恩斯,74.42,-3.26,-4.197,74.22,74.37,77.68,76.05,76.96,73.7,539468.0,40475382.0,10:55:05
sh688484,南芯科技,33.86,-0.99,-2.841,33.86,33.88,34.85,34.57,34.57,33.64,2480794.0,84418944.0,10:55:05
sh688485,九州一轨,82.83,1.48,1.819,82.83,82.87,81.35,80.85,84.0,78.5,3296784.0,268346845.0,10:55:04
sh688486,龙迅股份,41.63,-1.45,-3.366,41.62,41.63,43.08,42.65,42.8,41.21,1887919.0,79182968.0,10:55:06
sh688488,艾迪药业,15.61,-0.32,-2.009,15.61,15.65,15.93,15.51,15.97,15.4,3267031.0,51303458.0,10:54:58
sh688489,三未信安,23.38,0.14,0.602,23.28,23.36,23.24,23.0,23.61,22.92,673707.0,15653554.0,10:55:04
sh688496,*ST清越,0.91,-0.01,-1.087,0.9,0.91,0.92,0.92,0.93,0.9,2453708.0,2242176.0,10:54:57
sh688498,源杰科技,1542.1,1.1,0.071,1542.0,1544.98,1541.0,1500.0,1586.89,1485.2,1925127.0,2963828690.0,10:55:04
sh688499,利元亨,34.22,-1.33,-3.741,34.22,34.27,35.55,35.18,35.34,34.0,2140704.0,74145201.0,10:55:06
sh688500,慧辰股份,35.48,-0.24,-0.672,35.44,35.49,35.72,35.31,36.22,35.06,528848.0,18818233.0,10:55:04
sh688501,青达环保,13.1,0.06,0.46,13.1,13.11,13.04,12.97,13.24,12.92,994556.0,13028111.0,10:54:38
sh688502,茂莱光学,420.1,-16.5,-3.779,420.1,420.99,436.6,422.0,426.6,403.28,1207259.0,500377441.0,10:55:06
sh688503,聚和材料,84.92,-3.88,-4.369,84.92,85.0,88.8,87.24,87.32,82.71,8900284.0,757592259.0,10:55:05
sh688505,复旦张江,8.33,-0.05,-0.597,8.32,8.33,8.38,8.34,8.48,8.16,5842314.0,48732977.0,10:55:06
sh688506,百利天恒,261.97,-3.01,-1.136,261.23,261.88,264.98,266.67,266.67,259.47,744496.0,195113143.0,10:55:05
sh688507,索辰科技,147.5,-1.67,-1.12,147.39,147.59,149.17,146.51,151.0,143.8,1744899.0,256230747.0,10:55:06
sh688508,芯朋微,87.58,6.08,7.46,87.58,87.7,81.5,79.7,89.11,79.0,7353030.0,627040865.0,10:55:04
sh688509,正元地信,4.18,0.05,1.211,4.18,4.2,4.13,4.13,4.21,4.09,2339441.0,9748416.0,10:55:05
sh688510,航亚科技,23.51,-0.01,-0.043,23.51,23.56,23.52,23.94,23.94,23.05,1302262.0,30477689.0,10:55:04
sh688511,天微电子,20.78,-0.12,-0.574,20.78,20.82,20.9,21.0,21.1,20.29,729673.0,15096866.0,10:54:56
sh688512,慧智微,13.5,-0.25,-1.818,13.5,13.51,13.75,13.68,13.69,13.2,5121789.0,68974619.0,10:55:06
sh688513,苑东生物,42.96,0.05,0.117,42.87,42.95,42.91,42.96,43.24,42.15,1571488.0,67295796.0,10:55:04
sh688515,裕太微,144.55,-4.25,-2.856,144.63,144.99,148.8,145.0,147.89,140.12,1613824.0,232391545.0,10:55:05
sh688516,奥特维,43.16,0.66,1.553,43.16,43.17,42.5,42.3,43.98,40.85,7823555.0,333929923.0,10:55:06
sh688517,金冠电气,16.05,0.33,2.099,16.04,16.05,15.72,15.77,16.18,15.6,1258243.0,20129454.0,10:55:07
sh688518,联赢激光,19.52,-0.6,-2.982,19.52,19.53,20.12,19.8,19.89,19.4,5143777.0,101127608.0,10:55:06
sh688519,南亚新材,280.8,2.6,0.935,281.01,281.22,278.2,273.45,287.83,271.0,3110027.0,872921122.0,10:55:05
sh688520,神州细胞,36.09,-0.3,-0.824,36.09,36.11,36.39,36.02,37.09,35.62,2272474.0,82796218.0,10:55:03
sh688521,芯原股份,164.36,-4.3,-2.55,164.28,164.36,168.66,166.33,167.96,161.37,6656802.0,1096710357.0,10:55:06
sh688522,纳睿雷达,17.83,0.03,0.169,17.82,17.83,17.8,17.7,18.1,17.65,1502949.0,26821724.0,10:55:02
sh688523,航天环宇,39.28,-1.32,-3.251,39.27,39.3,40.6,40.68,40.76,39.28,1567646.0,62382735.0,10:55:01
sh688525,佰维存储,224.4,-1.19,-0.528,224.43,224.68,225.59,220.0,226.5,219.09,7979585.0,1779694536.0,10:55:04
sh688526,科前生物,13.11,0.14,1.079,13.11,13.12,12.97,13.04,13.17,12.91,456395.0,5981961.0,10:54:44
sh688528,秦川物联,9.8,0.15,1.554,9.79,9.8,9.65,9.65,9.9,9.56,821034.0,8021761.0,10:55:05
sh688529,豪森智能,15.98,0.25,1.589,15.97,15.99,15.73,15.75,16.01,15.59,517087.0,8195078.0,10:55:02
sh688530,欧莱新材,62.1,-0.82,-1.303,62.03,62.1,62.92,61.19,62.88,58.21,5751973.0,347879952.0,10:55:06
sh688531,日联科技,130.24,-2.55,-1.92,130.09,130.3,132.79,130.44,132.32,126.1,1863573.0,240951304.0,10:55:05
sh688533,上声电子,20.82,0.18,0.872,20.81,20.84,20.64,20.66,20.98,20.41,362800.0,7541000.0,10:55:05
sh688535,华海诚科,95.52,-4.02,-4.039,95.51,95.53,99.54,96.6,99.26,93.9,2534737.0,243183320.0,10:55:06
sh688536,思瑞浦,305.0,3.31,1.097,305.0,305.47,301.69,299.0,309.0,296.01,2715978.0,823911942.0,10:55:06
sh688538,和辉光电,2.3,0.01,0.437,2.3,2.31,2.29,2.29,2.31,2.28,24144501.0,55455407.0,10:55:06
sh688539,高华科技,24.46,-0.32,-1.291,24.44,24.5,24.78,24.51,24.77,24.02,740844.0,18055259.0,10:55:05
sh688543,国科军工,38.09,-0.1,-0.262,38.09,38.1,38.19,37.68,38.95,37.25,2925249.0,111663875.0,10:55:04
sh688545,兴福电子,75.41,-6.06,-7.438,75.39,75.46,81.47,78.5,79.8,74.0,7301786.0,556409746.0,10:55:05
sh688548,广钢气体,33.85,-1.25,-3.561,33.86,33.88,35.1,34.5,34.99,33.44,10127092.0,346097013.0,10:55:07
sh688549,中巨芯,24.08,-1.15,-4.558,24.08,24.09,25.23,24.28,24.8,23.61,32656982.0,789751608.0,10:55:05
sh688550,瑞联新材,36.75,-1.12,-2.957,36.72,36.77,37.87,37.53,37.53,36.51,1740710.0,64287983.0,10:55:05
sh688551,科威尔,37.44,-0.61,-1.603,37.44,37.46,38.05,37.21,38.23,36.1,1516081.0,56293689.0,10:55:05
sh688552,航天南湖,25.58,-0.29,-1.121,25.57,25.58,25.87,25.87,26.0,25.28,749585.0,19214685.0,10:55:00
sh688553,汇宇制药,11.8,-0.24,-1.993,11.79,11.8,12.04,12.07,12.2,11.71,7507788.0,89579504.0,10:55:06
sh688556,高测股份,7.9,-0.08,-1.003,7.89,7.9,7.98,7.85,8.04,7.77,8327722.0,65663969.0,10:55:06
sh688557,兰剑智能,20.64,0.14,0.683,20.64,20.67,20.5,20.5,20.89,20.1,965737.0,19826833.0,10:54:58
sh688558,国盛智科,30.55,-0.6,-1.926,30.55,30.59,31.15,31.04,31.25,30.41,575069.0,17704491.0,10:55:06
sh688559,海目星,54.04,-1.41,-2.543,54.04,54.05,55.45,55.39,55.84,53.1,6174978.0,335659557.0,10:55:04
sh688560,明冠新材,11.97,0.04,0.335,11.96,11.97,11.93,11.84,12.12,11.78,1137256.0,13626982.0,10:55:06
sh688561,奇安信,24.81,0.18,0.731,24.79,24.82,24.63,24.6,24.94,24.5,1518658.0,37581111.0,10:55:06
sh688562,航天软件,14.0,0.1,0.719,13.98,14.0,13.9,13.8,14.1,13.71,1249428.0,17413365.0,10:55:07
sh688563,航材股份,49.22,-0.03,-0.061,49.22,49.24,49.25,49.1,49.53,48.88,349258.0,17186485.0,10:55:06
sh688565,力源科技,11.03,0.02,0.182,11.02,11.03,11.01,11.0,11.1,10.88,789979.0,8681368.0,10:55:01
sh688566,吉贝尔,25.32,-0.09,-0.354,25.31,25.34,25.41,25.36,25.59,24.87,651651.0,16462002.0,10:55:06
sh688567,孚能科技,9.48,-0.04,-0.42,9.47,9.48,9.52,9.53,9.61,9.41,3626461.0,34502324.0,10:55:07
sh688568,中科星图,31.04,0.04,0.129,31.04,31.06,31.0,30.85,31.63,30.63,3538556.0,110125942.0,10:55:06
sh688569,铁科轨道,18.43,-0.02,-0.108,18.42,18.44,18.45,18.67,18.67,18.13,559812.0,10259150.0,10:55:06
sh688570,天玛智控,15.39,0.19,1.25,15.38,15.4,15.2,15.17,15.47,15.15,338688.0,5197030.0,10:55:00
sh688571,杭华股份,8.28,-0.04,-0.481,8.28,8.3,8.32,8.36,8.41,8.2,3461949.0,28742435.0,10:55:06
sh688573,信宇人,16.21,-0.04,-0.246,16.21,16.22,16.25,16.25,16.45,15.91,542337.0,8757798.0,10:55:04
sh688575,亚辉龙,9.24,0.04,0.435,9.23,9.24,9.2,9.18,9.33,9.11,2961076.0,27395862.0,10:55:06
sh688576,西山科技,40.9,0.29,0.714,40.91,41.01,40.61,40.73,41.5,40.33,180203.0,7396965.0,10:55:07
sh688577,浙海德曼,41.67,-0.2,-0.478,41.67,41.81,41.87,41.87,42.3,41.26,376579.0,15769533.0,10:54:43
sh688578,艾力斯,113.11,0.92,0.82,113.05,113.16,112.19,112.0,114.29,110.69,2488229.0,281033706.0,10:55:06
sh688579,地纬智能,7.84,0.18,2.35,7.83,7.84,7.66,7.61,7.86,7.58,1920099.0,14877131.0,10:55:02
sh688580,伟思医疗,46.02,0.34,0.744,46.02,46.05,45.68,45.52,46.8,45.03,701568.0,32297341.0,10:55:05
sh688581,安杰思,51.5,0.42,0.822,51.32,51.48,51.08,51.25,51.77,50.81,135158.0,6950387.0,10:54:45
sh688582,芯动联科,41.26,-0.3,-0.722,41.25,41.26,41.56,41.12,42.19,40.91,2119602.0,87937765.0,10:55:06
sh688583,思看科技,86.03,4.03,4.915,86.03,86.43,82.0,81.63,86.49,79.79,1157776.0,97234122.0,10:55:04
sh688584,上海合晶,28.14,-1.65,-5.539,28.14,28.18,29.79,29.38,29.38,27.35,9073726.0,256646209.0,10:55:05
sh688585,上纬新材,139.34,-10.13,-6.777,139.34,139.37,149.47,145.03,147.0,138.7,3117801.0,443444739.0,10:55:05
sh688586,江航装备,10.87,-0.19,-1.718,10.86,10.87,11.06,10.98,11.15,10.86,5695564.0,62739889.0,10:55:04
sh688588,凌志软件,9.53,0.2,2.144,9.51,9.53,9.33,9.41,9.55,9.25,1293565.0,12216817.0,10:55:06
sh688589,力合微,19.31,-0.22,-1.126,19.3,19.31,19.53,19.31,19.58,19.06,1887634.0,36557619.0,10:55:04
sh688590,新致软件,12.47,0.16,1.3,12.46,12.47,12.31,12.28,12.5,12.16,1968814.0,24315520.0,10:55:06
sh688591,泰凌微,28.97,2.27,8.502,28.97,29.0,26.7,27.56,29.58,27.5,8541423.0,243113352.0,10:55:07
sh688592,司南导航,24.51,0.86,3.636,24.49,24.51,23.65,23.33,24.66,23.33,666211.0,16102029.0,10:55:02
sh688593,新相微,30.86,-0.64,-2.032,30.84,30.87,31.5,30.9,31.33,29.67,7351602.0,224270705.0,10:55:07
sh688595,芯海科技,26.98,-0.17,-0.626,26.9,26.97,27.15,27.01,27.3,26.32,1255006.0,33617635.0,10:54:53
sh688596,正帆科技,70.67,-0.48,-0.675,70.66,70.67,71.15,69.19,72.1,64.3,22505164.0,1531807520.0,10:55:05
sh688597,煜邦电力,6.78,0.13,1.955,6.78,6.79,6.65,6.75,6.88,6.58,3339604.0,22462639.0,10:55:06
sh688598,金博股份,36.18,-0.69,-1.871,36.18,36.19,36.87,36.03,36.79,35.03,9230418.0,332625807.0,10:55:06
sh688599,天合光能,12.59,-0.05,-0.396,12.58,12.59,12.64,12.53,12.72,12.47,6956295.0,87669103.0,10:55:07
sh688600,皖仪科技,26.62,-0.21,-0.783,26.62,26.64,26.83,26.46,26.86,25.91,856023.0,22651485.0,10:55:05
sh688601,力芯微,48.58,-0.82,-1.66,48.57,48.67,49.4,48.96,49.4,47.19,1892357.0,91333309.0,10:55:07
sh688602,康鹏科技,6.5,-0.03,-0.459,6.49,6.5,6.53,6.54,6.57,6.42,2608414.0,16963465.0,10:55:04
sh688603,天承科技,100.0,-4.38,-4.196,100.0,100.3,104.38,97.56,102.77,96.18,2776495.0,275779512.0,10:55:06
sh688605,先锋精科,68.35,-3.15,-4.406,68.29,68.4,71.5,70.03,71.2,67.48,2325960.0,160114993.0,10:55:08
sh688606,奥泰生物,47.83,0.19,0.399,47.77,47.89,47.64,47.25,48.02,47.25,114158.0,5445188.0,10:55:03
sh688607,康众医疗,40.68,-0.58,-1.406,40.68,40.79,41.26,41.38,41.42,38.87,537083.0,21716930.0,10:55:05
sh688608,恒玄科技,103.79,1.41,1.377,103.66,103.78,102.38,101.47,104.99,101.0,1377039.0,142099259.0,10:55:05
sh688609,九联科技,8.73,-0.01,-0.114,8.73,8.74,8.74,8.67,8.82,8.55,4992576.0,43312158.0,10:55:06
sh688610,埃科光电,166.73,-2.27,-1.343,166.11,166.73,169.0,166.05,171.57,160.17,1032666.0,171180708.0,10:55:07
sh688611,杭州柯林,60.65,-0.81,-1.318,60.66,60.97,61.46,61.61,61.77,60.18,319269.0,19496277.0,10:54:58
sh688612,威迈斯,33.84,0.86,2.608,33.84,33.87,32.98,32.78,34.56,32.66,4299661.0,145047531.0,10:55:07
sh688613,奥精医疗,15.29,0.22,1.46,15.27,15.29,15.07,14.99,15.44,14.9,1244674.0,18965625.0,10:55:04
sh688615,合合信息,89.05,-0.68,-0.758,88.98,89.05,89.73,88.67,89.44,86.1,2781195.0,244571661.0,10:55:06
sh688616,西力科技,10.85,0.07,0.649,10.85,10.86,10.78,10.78,10.96,10.65,907792.0,9826490.0,10:54:59
sh688617,惠泰医疗,253.76,-4.81,-1.86,253.74,254.27,258.57,258.49,262.79,253.47,950541.0,245066965.0,10:55:06
sh688618,三旺通信,29.69,-0.43,-1.428,29.68,29.71,30.12,29.98,30.07,28.7,1131746.0,33299734.0,10:55:06
sh688619,罗普特,14.19,-0.22,-1.527,14.19,14.2,14.41,14.27,14.43,13.86,1319465.0,18764315.0,10:55:06
sh688620,安凯微,14.85,-0.75,-4.808,14.85,14.86,15.6,15.34,15.43,14.61,8130668.0,121370947.0,10:55:06
sh688621,阳光诺和,64.0,-1.0,-1.538,63.88,64.0,65.0,66.0,66.0,63.2,1241350.0,79885517.0,10:55:04
sh688622,*ST禾信,92.4,-5.17,-5.299,92.4,92.89,97.57,95.0,95.1,89.8,386402.0,35742291.0,10:55:05
sh688623,双元科技,57.73,0.01,0.017,57.61,57.74,57.72,57.01,58.25,56.81,225409.0,12974536.0,10:55:01
sh688625,呈和科技,51.6,-1.35,-2.55,51.44,51.57,52.95,51.82,53.0,50.01,2544481.0,130494004.0,10:55:07
sh688626,翔宇医疗,41.69,0.0,0.0,41.68,41.69,41.69,42.36,42.45,41.33,821886.0,34457030.0,10:55:06
sh688627,精智达,442.26,-23.03,-4.95,442.16,443.14,465.29,450.0,458.87,431.79,2154440.0,960162429.0,10:55:06
sh688628,优利德,80.32,-3.39,-4.05,80.31,80.48,83.71,81.0,82.8,78.85,2682667.0,216672314.0,10:55:07
sh688629,华丰科技,132.24,-1.71,-1.277,132.24,132.25,133.95,130.04,133.87,129.05,4298454.0,564794509.0,10:55:07
sh688630,芯碁微装,405.27,-20.88,-4.9,403.88,405.27,426.15,416.11,420.0,396.8,3202081.0,1302951785.0,10:55:05
sh688631,莱斯信息,39.15,-0.1,-0.255,39.15,39.16,39.25,39.01,39.52,38.68,370126.0,14446012.0,10:55:07
sh688633,星球石墨,23.82,0.34,1.448,23.79,23.82,23.48,23.62,24.18,23.31,1269947.0,30147135.0,10:55:03
sh688635,长进光子,321.32,6.17,1.958,321.3,321.8,315.15,302.0,333.0,302.0,1413593.0,448357389.0,10:55:05
sh688636,智明达,19.27,-0.22,-1.129,19.27,19.28,19.49,19.48,19.61,19.02,2477441.0,47784773.0,10:55:03
sh688638,誉辰智能,33.23,0.14,0.423,33.19,33.28,33.09,32.43,34.25,32.43,187081.0,6212231.0,10:54:52
sh688639,华恒生物,16.31,0.23,1.43,16.31,16.32,16.08,16.4,16.74,16.14,3925727.0,64241792.0,10:55:06
sh688646,逸飞激光,67.38,-2.82,-4.017,67.2,67.39,70.2,69.52,70.16,66.25,722237.0,48768289.0,10:54:59
sh688648,中邮科技,32.77,1.28,4.065,32.77,32.79,31.49,31.55,33.77,30.81,2497131.0,81969737.0,10:55:02
sh688651,盛邦安全,22.42,0.12,0.538,22.42,22.47,22.3,22.01,22.67,21.92,587213.0,13107517.0,10:55:07
sh688652,京仪装备,141.3,-7.28,-4.9,141.3,141.65,148.58,146.0,147.0,137.81,3191927.0,453525203.0,10:55:05
sh688653,康希通信,13.93,-1.39,-9.073,13.92,13.93,15.32,15.11,15.4,13.72,19353439.0,276799563.0,10:55:05
sh688655,迅捷兴,45.5,3.71,8.878,45.4,45.5,41.79,40.5,46.72,40.5,10683466.0,472359523.0,10:55:06
sh688656,浩欧博,91.16,-3.72,-3.921,91.14,91.16,94.88,93.11,93.81,90.96,441237.0,40661455.0,10:55:08
sh688657,浩辰软件,32.27,-0.19,-0.585,32.27,32.3,32.46,32.46,32.88,31.8,428269.0,13803022.0,10:55:07
sh688658,悦康药业,12.99,-0.22,-1.665,12.98,12.99,13.21,13.0,13.46,12.86,10148063.0,133132212.0,10:55:05
sh688659,元琛科技,10.46,0.0,0.0,10.45,10.47,10.46,10.22,10.57,10.22,883008.0,9190612.0,10:54:51
sh688660,电气风电,7.26,-0.1,-1.359,7.26,7.27,7.36,7.38,7.46,7.18,7730180.0,56368841.0,10:55:06
sh688661,和林微纳,93.94,-6.77,-6.722,93.54,93.83,100.71,97.81,99.81,91.0,2562995.0,241316525.0,10:55:06
sh688662,富信科技,86.02,-3.43,-3.835,86.02,86.08,89.45,88.0,88.38,83.8,4569727.0,393696743.0,10:55:06
sh688663,新风光,52.79,-0.8,-1.493,52.8,53.07,53.59,52.99,53.66,51.0,1306283.0,68371582.0,10:55:06
sh688665,四方光电,43.07,-0.08,-0.185,42.98,43.12,43.15,42.98,43.68,42.35,258990.0,11128996.0,10:55:02
sh688667,菱电电控,85.05,-0.45,-0.526,84.78,85.34,85.5,83.25,85.95,82.87,177260.0,14962903.0,10:54:57
sh688668,鼎通科技,243.72,-4.28,-1.726,243.72,244.12,248.0,239.9,249.8,238.16,2064960.0,501842033.0,10:55:02
sh688669,聚石化学,74.24,-1.46,-1.929,74.05,74.23,75.7,75.0,77.55,73.05,1833032.0,137421072.0,10:55:03
sh688670,金迪克,15.95,0.94,6.262,15.91,15.95,15.01,14.8,16.38,14.5,3793744.0,59250228.0,10:54:43
sh688671,碧兴物联,23.93,0.01,0.042,23.86,23.94,23.92,24.05,24.36,23.62,423974.0,10159955.0,10:55:04
sh688676,金盘科技,73.56,-1.79,-2.376,73.56,73.61,75.35,74.66,74.9,72.02,6415922.0,471298879.0,10:55:09
sh688677,海泰新光,80.27,-3.98,-4.724,80.27,80.3,84.25,82.45,85.85,78.94,5169258.0,425158689.0,10:55:09
sh688678,福立旺,19.63,0.09,0.461,19.63,19.64,19.54,19.3,19.93,18.91,8988385.0,175198867.0,10:55:08
sh688679,通源环境,38.18,-0.49,-1.267,38.12,38.15,38.67,38.53,39.04,37.34,1597481.0,61032680.0,10:55:09
sh688680,海优新材,33.21,0.06,0.181,33.21,33.31,33.15,32.95,33.68,32.49,422094.0,13989375.0,10:55:09
sh688681,科汇股份,16.86,0.03,0.178,16.85,16.86,16.83,16.82,17.07,16.51,529116.0,8922338.0,10:54:57
sh688682,霍莱沃,31.13,0.24,0.777,31.12,31.14,30.89,30.92,31.8,30.36,650348.0,20246413.0,10:55:07
sh688683,莱尔科技,29.42,-0.61,-2.031,29.3,29.5,30.03,30.08,30.08,28.89,636125.0,18646515.0,10:55:08
sh688685,迈信林,38.84,-1.64,-4.051,38.77,38.84,40.48,39.54,40.23,38.52,1675826.0,65442805.0,10:55:04
sh688686,奥普特,123.87,4.64,3.892,123.83,123.87,119.23,117.18,126.62,116.79,1667745.0,205945182.0,10:55:07
sh688687,凯因科技,18.13,0.08,0.443,18.12,18.13,18.05,18.1,18.25,17.7,2025779.0,36655180.0,10:55:08
sh688689,银河微电,38.6,-0.8,-2.03,38.6,38.66,39.4,38.7,39.16,37.42,2645708.0,101410237.0,10:55:08
sh688690,纳微科技,39.15,-1.42,-3.5,39.15,39.16,40.57,40.6,40.6,38.68,6677558.0,263470106.0,10:55:07
sh688691,灿芯股份,61.29,-1.73,-2.745,61.3,61.32,63.02,62.5,62.78,60.22,1537263.0,94504500.0,10:55:06
sh688692,达梦数据,234.1,0.43,0.184,234.1,234.28,233.67,230.18,235.8,229.32,325141.0,75682884.0,10:55:09
sh688693,锴威特,72.01,-3.62,-4.786,72.01,72.24,75.63,73.7,74.4,70.33,1297424.0,93863450.0,10:55:06
sh688695,中创股份,19.19,0.14,0.735,19.19,19.2,19.05,18.88,19.43,18.82,412762.0,7887827.0,10:55:08
sh688696,极米科技,68.5,1.21,1.798,68.5,68.85,67.29,67.08,69.98,66.68,377515.0,25971404.0,10:55:07
sh688697,纽威数控,14.3,-0.39,-2.655,14.3,14.31,14.69,14.51,14.6,14.03,3250629.0,46594068.0,10:55:09
sh688698,伟创电气,43.82,-0.5,-1.128,43.81,43.87,44.32,43.68,44.5,43.45,863398.0,37916169.0,10:55:09
sh688699,明微电子,57.12,-2.03,-3.432,57.12,57.21,59.15,57.62,58.77,55.33,1937320.0,110609119.0,10:55:06
sh688700,东威科技,54.17,-1.46,-2.624,54.16,54.18,55.63,54.67,55.17,52.8,4166653.0,225323602.0,10:55:08
sh688701,卓锦股份,8.44,0.17,2.056,8.43,8.44,8.27,8.16,8.53,8.16,969757.0,8135046.0,10:55:07
sh688702,盛科通信,348.22,-3.17,-0.902,348.01,348.22,351.39,348.99,356.77,337.35,3123372.0,1085083700.0,10:55:07
sh688707,振华新材,10.38,-0.16,-1.518,10.38,10.4,10.54,10.54,10.61,10.34,4082685.0,42762621.0,10:55:09
sh688708,佳驰科技,39.2,-2.06,-4.993,39.2,39.28,41.26,41.17,41.17,38.5,2314607.0,91285057.0,10:55:07
sh688709,成都华微,24.52,-0.44,-1.763,24.51,24.52,24.96,24.69,24.96,24.18,1654551.0,40613853.0,10:55:06
sh688710,益诺思,93.0,3.11,3.46,92.99,93.0,89.89,89.55,96.39,88.08,2883167.0,267865280.0,10:55:07
sh688711,宏微科技,24.54,-0.44,-1.761,24.53,24.54,24.98,24.46,25.08,23.68,4503732.0,109851397.0,10:55:09
sh688712,北芯生命,32.5,0.32,0.994,32.44,32.49,32.18,33.2,33.8,32.33,2410156.0,79729217.0,10:55:04
sh688716,中研股份,26.97,-0.17,-0.626,26.95,26.99,27.14,27.14,27.35,26.45,624983.0,16771023.0,10:55:08
sh688717,艾罗能源,48.99,-9.56,-16.328,48.99,49.0,58.55,51.22,52.7,47.34,9596419.0,468340921.0,10:55:08
sh688718,唯赛勃,13.98,-0.05,-0.356,13.92,13.98,14.03,13.94,14.19,13.81,723385.0,10108542.0,10:55:05
sh688719,爱科赛博,48.06,-1.12,-2.277,48.05,48.06,49.18,48.64,49.23,47.07,1330503.0,64070089.0,10:55:06
sh688720,艾森股份,63.23,-2.07,-3.17,63.25,63.29,65.3,64.01,65.28,61.04,2647133.0,166696239.0,10:55:08
sh688721,龙图光罩,40.73,-1.26,-3.001,40.59,40.73,41.99,41.0,41.77,39.38,1589226.0,64050817.0,10:55:10
sh688722,同益中,13.5,0.05,0.372,13.49,13.51,13.45,13.32,13.56,13.25,866687.0,11669144.0,10:55:05
sh688726,拉普拉斯,45.18,-1.84,-3.913,45.15,45.18,47.02,47.49,47.49,42.84,9070512.0,406524688.0,10:55:09
sh688727,恒坤新材,47.31,-2.28,-4.598,47.31,47.41,49.59,48.57,48.9,45.8,2836316.0,133880976.0,10:55:08
sh688728,格科微,14.82,-0.46,-3.01,14.82,14.83,15.28,15.03,15.07,14.66,9767671.0,145242217.0,10:55:09
sh688729,屹唐股份,22.6,-0.7,-3.004,22.6,22.62,23.3,22.9,23.23,22.03,14421356.0,325203381.0,10:55:07
sh688733,壹石通,29.12,-1.06,-3.512,29.1,29.12,30.18,29.7,29.74,28.65,2828305.0,82610903.0,10:54:58
sh688737,中自科技,17.74,0.08,0.453,17.72,17.74,17.66,17.54,17.92,17.45,501295.0,8866129.0,10:55:08
sh688739,成大生物,20.74,0.18,0.875,20.74,20.76,20.56,20.55,20.87,20.45,1096856.0,22715446.0,10:55:03
sh688750,金天钛业,13.82,-0.02,-0.145,13.82,13.84,13.84,13.71,13.97,13.71,716271.0,9921023.0,10:55:07
sh688755,汉邦科技,26.53,-0.33,-1.229,26.52,26.54,26.86,26.76,26.95,26.21,518555.0,13767988.0,10:55:04
sh688757,胜科纳米,30.01,-0.7,-2.279,30.02,30.04,30.71,30.3,30.54,28.98,3613442.0,107684569.0,10:55:08
sh688758,赛分科技,25.69,-0.86,-3.239,25.64,25.69,26.55,25.81,26.54,25.56,4589423.0,119649596.0,10:55:08
sh688759,必贝特,24.72,-0.43,-1.71,24.7,24.72,25.15,24.71,25.31,24.3,1478943.0,36713089.0,10:55:09
sh688765,禾元生物,35.2,-0.29,-0.817,35.16,35.2,35.49,35.49,35.8,34.99,1220349.0,43108496.0,10:55:09
sh688766,普冉股份,393.1,-17.9,-4.355,393.1,393.75,411.0,385.05,405.05,385.05,6218425.0,2448271812.0,10:55:09
sh688767,博拓生物,35.17,0.01,0.028,35.17,35.24,35.16,34.81,35.49,34.03,1143310.0,39860696.0,10:55:09
sh688768,容知日新,40.17,-0.13,-0.323,40.08,40.17,40.3,40.46,40.79,39.9,328568.0,13235413.0,10:55:05
sh688772,珠海冠宇,14.26,-0.14,-0.972,14.26,14.27,14.4,14.3,14.39,14.09,6473841.0,92130816.0,10:55:09
sh688775,影石创新,120.36,3.73,3.198,120.25,120.37,116.63,115.5,122.8,115.37,2120856.0,253652130.0,10:55:05
sh688776,国光电气,45.58,-0.37,-0.805,45.54,45.6,45.95,45.03,46.18,44.93,380009.0,17281341.0,10:55:03
sh688777,中控技术,89.24,0.93,1.053,89.24,89.25,88.31,88.0,89.88,87.05,4953737.0,439653019.0,10:55:09
sh688778,厦钨新能,45.13,-1.76,-3.753,45.12,45.13,46.89,46.6,46.79,45.13,2790732.0,127881223.0,10:55:08
sh688779,五矿新能,7.96,-0.19,-2.331,7.95,7.96,8.15,8.12,8.17,7.95,13359769.0,107481929.0,10:55:08
sh688781,视涯科技,36.95,0.36,0.984,36.91,36.94,36.59,35.87,37.66,35.87,806047.0,29606413.0,10:55:06
sh688783,西安奕材,30.09,-1.52,-4.809,30.08,30.1,31.61,30.53,31.01,29.27,17457308.0,524141274.0,10:55:09
sh688785,恒运昌,264.38,-9.12,-3.335,263.01,264.5,273.5,267.0,270.37,252.01,286897.0,75096579.0,10:55:10
sh688786,悦安新材,25.87,-1.26,-4.644,25.86,25.87,27.13,26.21,26.59,25.25,3220223.0,83633484.0,10:55:09
sh688787,海天瑞声,98.62,-2.63,-2.598,98.31,98.6,101.25,100.0,100.29,97.13,525550.0,51917605.0,10:55:06
sh688788,科思科技,29.49,-1.18,-3.847,29.48,29.49,30.67,30.99,30.99,28.5,2427837.0,71040882.0,10:55:05
sh688789,宏华数科,46.45,1.09,2.403,46.38,46.43,45.36,45.5,46.5,45.2,502114.0,23092192.0,10:55:08
sh688790,昂瑞微,94.66,0.67,0.713,94.5,94.64,93.99,92.15,94.76,92.11,120416.0,11268724.0,10:55:02
sh688793,倍轻松,19.9,-0.25,-1.241,19.89,19.9,20.15,19.97,20.5,19.69,1279594.0,25661844.0,10:55:09
sh688795,摩尔线程,527.57,-0.09,-0.017,527.57,528.48,527.66,523.5,531.98,516.23,387475.0,204001152.0,10:55:05
sh688796,百奥赛图,122.4,-2.52,-2.017,122.42,122.58,124.92,124.35,127.86,121.35,1231500.0,152500778.0,10:55:09
sh688797,臻宝科技,292.62,-21.57,-6.865,291.9,292.62,314.19,300.9,303.49,280.3,2220801.0,640859251.0,10:55:08
sh688798,艾为电子,52.82,0.24,0.456,52.82,52.86,52.58,52.01,53.35,51.3,1311512.0,68688920.0,10:55:06
sh688799,华纳药厂,42.36,-0.97,-2.239,42.35,42.36,43.33,42.53,43.4,42.08,1426787.0,60945365.0,10:55:08
sh688800,瑞可达,62.13,-2.07,-3.224,62.12,62.13,64.2,63.56,65.85,61.86,8897370.0,564679338.0,10:55:08
sh688802,沐曦股份,652.11,-11.89,-1.791,652.11,653.8,664.0,657.99,666.68,643.88,404127.0,265150887.0,10:55:08
sh688805,健信超导,38.13,-1.67,-4.196,38.12,38.13,39.8,38.88,39.38,37.77,848005.0,32422347.0,10:54:53
sh688806,泰诺麦博,23.66,-0.26,-1.087,23.67,23.69,23.92,23.83,24.09,23.48,1896645.0,45139987.0,10:55:08
sh688807,优迅股份,321.64,-13.36,-3.988,320.22,321.66,335.0,320.0,333.38,301.03,1559203.0,495719871.0,10:55:10
sh688808,联讯仪器,2216.99,-49.0,-2.162,2208.0,2216.99,2265.99,2208.0,2283.8,2175.0,329140.0,732482596.0,10:55:05
sh688809,强一股份,412.52,-25.98,-5.925,412.06,412.52,438.5,430.0,435.5,410.2,771395.0,321918427.0,10:55:08
sh688811,有研复材,20.57,-0.52,-2.466,20.56,20.57,21.09,20.93,20.93,20.31,1619188.0,33433071.0,10:55:07
sh688813,泰金新能,107.04,-3.06,-2.779,107.01,107.15,110.1,109.0,109.0,103.62,1265663.0,133834388.0,10:55:07
sh688816,易思维,47.61,0.59,1.255,47.58,47.71,47.02,47.1,47.8,46.9,106540.0,5042170.0,10:55:05
sh688818,电科蓝天,44.37,-0.35,-0.783,44.37,44.38,44.72,44.11,45.07,43.05,3129443.0,137697417.0,10:55:05
sh688819,天能股份,21.91,0.09,0.412,21.88,21.91,21.82,21.79,21.99,21.5,892024.0,19468244.0,10:55:06
sh688820,盛合晶微,119.72,-2.72,-2.221,119.59,119.88,122.44,122.41,123.0,117.78,3774520.0,452200707.0,10:55:07
sh688825,长鑫科技,55.86,-0.74,-1.307,55.85,55.86,56.6,55.35,56.99,54.91,119192679.0,6665800008.0,10:55:07
sh688826,频准激光,967.08,-11.92,-1.218,967.01,968.0,979.0,957.0,1008.98,950.95,980441.0,960895139.0,10:55:06
sh688828,国仪公司,99.73,2.73,2.814,99.73,99.9,97.0,92.33,102.48,90.0,4874378.0,474680665.0,10:55:05
sh688835,N高凯,250.0,188.64,307.432,249.72,250.0,61.36,209.0,255.0,200.01,11832628.0,2657328148.0,10:55:05
sh688836,C宇树,600.01,-3.07,-0.509,600.01,600.08,603.08,588.0,625.89,588.0,3550163.0,2173385341.0,10:55:06
sh688981,中芯国际,119.1,-1.48,-1.227,119.1,119.11,120.58,118.58,120.5,117.88,17008630.0,2026481645.0,10:55:06
sz000001,平安银行,11.62,0.06,0.519,11.61,11.62,11.56,11.57,11.64,11.54,56547517.0,655409319.0,10:55:06
sz000002,万 科Ａ,3.07,0.02,0.656,3.07,3.08,3.05,3.05,3.09,3.03,38546441.0,118174274.0,10:55:06
sz000006,深振业Ａ,7.05,0.17,2.471,7.04,7.05,6.88,6.88,7.12,6.85,8879686.0,62298236.0,10:55:06
sz000007,全新好,12.72,-0.02,-0.157,12.7,12.73,12.74,12.49,12.89,12.41,7581825.0,96248519.0,10:55:06
sz000008,神州高铁,2.49,0.04,1.633,2.49,2.5,2.45,2.46,2.51,2.45,31096700.0,77286473.0,10:55:06
sz000009,中国宝安,7.19,-0.04,-0.553,7.19,7.2,7.23,7.25,7.29,7.17,9042900.0,65304408.0,10:55:06
sz000010,*ST美丽,1.53,0.0,0.0,1.53,1.54,1.53,1.51,1.55,1.51,9110400.0,13916997.0,10:54:48
sz000011,深物业A,8.09,0.12,1.506,8.09,8.1,7.97,7.97,8.11,7.93,2519600.0,20256881.0,10:55:06
sz000012,南 玻Ａ,3.73,0.03,0.811,3.73,3.74,3.7,3.7,3.74,3.68,7509365.0,27930434.0,10:55:06
sz000014,沙河股份,10.31,0.36,3.618,10.31,10.32,9.95,9.89,10.34,9.87,3895520.0,39604784.0,10:55:06
sz000016,*ST康佳A,0.0,0.0,0.0,0.0,0.0,2.33,0.0,0.0,0.0,0.0,0.0,10:54:30
sz000017,深中华A,8.6,0.78,9.974,8.6,0.0,7.82,8.6,8.6,8.48,55557074.0,477714080.0,10:55:06
sz000019,深粮控股,6.64,0.22,3.427,6.63,6.64,6.42,6.39,6.86,6.37,23717043.0,157915333.0,10:55:06
sz000020,深华发Ａ,12.15,-0.15,-1.22,12.15,12.16,12.3,11.85,12.26,11.56,10493440.0,126217107.0,10:55:06
sz000021,深科技,36.34,-0.45,-1.223,36.33,36.34,36.79,36.04,36.87,35.09,36248904.0,1303945183.0,10:55:06
sz000025,特 力Ａ,15.95,0.29,1.852,15.94,15.95,15.66,15.71,16.53,15.71,11031694.0,178191872.0,10:55:00
sz000026,飞亚达,19.62,-0.09,-0.457,19.62,19.64,19.71,19.5,19.67,19.1,4763300.0,92251920.0,10:55:06
sz000027,深圳能源,6.15,0.01,0.163,6.15,6.16,6.14,6.14,6.19,6.13,9395450.0,57879782.0,10:55:06
sz000028,国药一致,19.75,0.16,0.817,19.75,19.76,19.59,19.52,19.78,19.52,1156220.0,22774355.0,10:55:06
sz000029,深深房Ａ,22.26,-0.36,-1.592,22.25,22.26,22.62,22.63,22.79,22.23,2645500.0,59245915.0,10:55:06
sz000030,富奥股份,4.31,0.05,1.174,4.31,4.32,4.26,4.24,4.33,4.24,3540300.0,15204135.0,10:55:00
sz000031,大悦城,2.19,0.07,3.302,2.18,2.19,2.12,2.11,2.2,2.11,27359300.0,59311528.0,10:55:06
sz000032,深桑达Ａ,14.13,-0.13,-0.912,14.11,14.12,14.26,14.1,14.34,13.98,14962513.0,211598894.0,10:55:06
sz000034,神州数码,23.04,0.05,0.217,23.04,23.05,22.99,22.68,23.13,22.6,6717564.0,153786669.0,10:55:03
sz000035,中国天楹,4.6,-0.02,-0.433,4.59,4.6,4.62,4.62,4.65,4.59,9903485.0,45743706.0,10:55:06
sz000036,华联控股,4.01,0.01,0.25,4.01,4.02,4.0,3.99,4.06,3.97,8039650.0,32348268.0,10:55:06
sz000037,深南电A,9.26,-0.03,-0.323,9.25,9.26,9.29,9.28,9.35,9.16,4436900.0,41090087.0,10:55:06
sz000039,中集集团,9.07,-0.18,-1.946,9.06,9.07,9.25,9.19,9.28,9.03,12814800.0,117196534.0,10:55:06
sz000042,中洲控股,8.38,0.25,3.075,8.38,8.39,8.13,8.11,8.43,8.09,6344270.0,52758112.0,10:55:06
sz000045,深纺织Ａ,10.72,0.17,1.611,10.72,10.73,10.55,10.52,10.75,10.41,4970520.0,52929722.0,10:54:54
sz000048,京基智农,21.39,-0.71,-3.213,21.37,21.39,22.1,21.88,22.07,21.35,5613062.0,121079967.0,10:55:06
sz000049,德赛电池,23.21,-0.23,-0.981,23.2,23.22,23.44,23.29,23.49,23.13,2861904.0,66621892.0,10:55:06
sz000050,深天马Ａ,6.45,0.04,0.624,6.45,6.46,6.41,6.37,6.48,6.35,10117075.0,64819732.0,10:55:06
sz000055,方大集团,3.56,0.05,1.425,3.56,3.57,3.51,3.5,3.58,3.48,5836500.0,20634849.0,10:55:06
sz000056,*ST皇庭,2.07,0.03,1.471,2.06,2.07,2.04,2.01,2.09,2.01,9380000.0,19385877.0,10:55:03
sz000058,深 赛 格,6.85,0.13,1.935,6.84,6.85,6.72,6.71,6.85,6.7,3293454.0,22401507.0,10:55:06
sz000059,华锦股份,4.75,0.09,1.931,4.74,4.75,4.66,4.65,4.83,4.62,30499457.0,145085331.0,10:55:06
sz000060,中金岭南,6.46,-0.2,-3.003,6.45,6.46,6.66,6.61,6.67,6.44,63135402.0,413178240.0,10:55:06
sz000061,农 产 品,6.02,0.3,5.245,6.01,6.02,5.72,5.76,6.08,5.74,39747100.0,236901679.0,10:55:06
sz000062,深圳华强,21.78,-0.09,-0.412,21.77,21.79,21.87,21.58,21.98,21.4,5007591.0,108598162.0,10:55:06
sz000063,中兴通讯,33.25,0.12,0.362,33.25,33.28,33.13,32.92,33.37,32.83,22218474.0,737234255.0,10:55:06
sz000065,北方国际,9.77,-0.21,-2.104,9.77,9.78,9.98,9.98,10.14,9.75,48764989.0,485501207.0,10:55:06
sz000066,中国长城,13.94,0.06,0.432,13.93,13.94,13.88,13.76,13.98,13.73,20845380.0,289627993.0,10:55:06
sz000068,华控赛格,3.11,0.03,0.974,3.11,3.12,3.08,3.1,3.14,3.08,5113800.0,15905181.0,10:55:06
sz000069,华侨城Ａ,1.77,0.03,1.724,1.76,1.77,1.74,1.73,1.78,1.73,18620748.0,32770150.0,10:55:06
sz000070,特发信息,16.07,1.46,9.993,16.07,0.0,14.61,14.27,16.07,14.16,44507614.0,687465575.0,10:55:06
sz000078,ST海王,1.6,0.01,0.629,1.59,1.6,1.59,1.58,1.63,1.56,29243500.0,46673551.0,10:55:06
sz000088,盐 田 港,4.53,0.04,0.891,4.52,4.53,4.49,4.47,4.54,4.47,12581216.0,56779808.0,10:55:03
sz000089,深圳机场,6.63,0.12,1.843,6.62,6.63,6.51,6.52,6.65,6.49,11729400.0,77307469.0,10:55:06
sz000090,天健集团,3.48,0.06,1.754,3.47,3.48,3.42,3.38,3.5,3.38,8506116.0,29471236.0,10:55:06
sz000096,广聚能源,8.06,0.13,1.639,8.06,8.07,7.93,7.91,8.1,7.88,4679500.0,37634139.0,10:55:06
sz000099,中信海直,13.42,-0.27,-1.972,13.42,13.43,13.69,13.61,13.67,13.24,6044000.0,81079042.0,10:55:06
sz000100,TCL科技,4.86,-0.06,-1.22,4.86,4.87,4.92,4.87,4.91,4.83,127428497.0,620585333.0,10:55:06
sz000151,中成股份,9.96,0.07,0.708,9.95,9.96,9.89,9.85,10.05,9.83,2310182.0,22999818.0,10:55:03
sz000153,丰原药业,6.1,0.18,3.041,6.1,6.11,5.92,5.89,6.17,5.86,20432700.0,123791204.0,10:55:06
sz000155,川能动力,11.87,-0.24,-1.982,11.87,11.88,12.11,12.05,12.33,11.87,21443453.0,259198974.0,10:55:06
sz000156,华数传媒,6.85,0.18,2.699,6.85,6.86,6.67,6.7,6.87,6.67,5956306.0,40492487.0,10:55:06
sz000157,中联重科,7.04,-0.03,-0.424,7.03,7.04,7.07,7.04,7.11,7.02,11931400.0,84151453.0,10:55:06
sz000158,常山北明,12.49,0.1,0.807,12.49,12.5,12.39,12.47,12.54,12.37,6814702.0,84911978.0,10:55:06
sz000159,国际实业,5.92,0.04,0.68,5.91,5.92,5.88,5.86,6.01,5.83,7833106.0,46518659.0,10:55:06
sz000166,申万宏源,4.45,0.01,0.225,4.45,4.46,4.44,4.43,4.47,4.43,23062350.0,102667002.0,10:55:06
sz000301,东方盛虹,13.13,-0.21,-1.574,13.12,13.13,13.34,13.3,13.5,13.1,12648200.0,167795292.0,10:55:06
sz000333,美的集团,87.15,1.16,1.349,87.12,87.16,85.99,86.2,87.4,86.03,13942061.0,1211432367.0,10:55:06
sz000338,潍柴动力,27.1,0.11,0.408,27.09,27.1,26.99,26.84,27.55,26.5,38119412.0,1031529891.0,10:55:06
sz000400,许继电气,22.1,0.23,1.052,22.1,22.11,21.87,21.87,22.36,21.82,7615450.0,168670057.0,10:55:06
sz000401,金隅冀东,3.58,0.05,1.416,3.58,3.59,3.53,3.53,3.59,3.51,5040500.0,17970337.0,10:55:03
sz000402,金 融 街,2.47,0.04,1.646,2.47,2.48,2.43,2.42,2.49,2.42,25656700.0,63125600.0,10:55:03
sz000403,派林生物,10.51,0.25,2.437,10.51,10.52,10.26,10.25,10.57,10.24,5520277.0,57854589.0,10:55:03
sz000404,长虹华意,7.1,0.05,0.709,7.1,7.11,7.05,7.05,7.14,7.01,3894356.0,27639622.0,10:55:06
sz000407,胜利股份,4.12,0.06,1.478,4.12,4.13,4.06,4.05,4.14,4.05,10283930.0,42253398.0,10:55:06
sz000408,藏格矿业,75.32,-2.08,-2.687,75.33,75.34,77.4,78.8,78.85,75.22,7545108.0,579522721.0,10:55:06
sz000409,云鼎科技,8.65,0.12,1.407,8.64,8.65,8.53,8.53,8.67,8.46,2488400.0,21432154.0,10:54:54
sz000410,沈阳机床,5.04,0.0,0.0,5.04,5.05,5.04,5.03,5.08,5.0,5643200.0,28460963.0,10:55:03
sz000411,英特集团,9.74,0.16,1.67,9.74,9.75,9.58,9.51,9.8,9.51,1708800.0,16576518.0,10:55:06
sz000415,渤海租赁,4.44,-0.06,-1.333,4.44,4.45,4.5,4.52,4.61,4.44,32271832.0,145226165.0,10:55:06
sz000417,合百集团,5.61,0.11,2.0,5.61,5.62,5.5,5.47,5.66,5.44,13263527.0,73867985.0,10:55:03
sz000419,通程控股,4.96,0.1,2.058,4.96,4.97,4.86,4.86,4.98,4.84,4575001.0,22550155.0,10:55:06
sz000420,吉林化纤,3.67,0.03,0.824,3.67,3.68,3.64,3.63,3.71,3.61,23897100.0,87772243.0,10:55:06
sz000421,南京公用,5.61,0.09,1.63,5.61,5.62,5.52,5.5,5.71,5.48,10677625.0,59864271.0,10:55:03
sz000422,湖北宜化,12.29,0.01,0.081,12.28,12.29,12.28,12.2,12.38,12.16,10275647.0,126552654.0,10:55:06
sz000423,东阿阿胶,48.72,0.72,1.5,48.71,48.73,48.0,48.18,49.0,48.18,3886933.0,188734564.0,10:55:06
sz000425,徐工机械,8.02,0.08,1.008,8.01,8.02,7.94,7.93,8.02,7.92,29218025.0,233571610.0,10:55:06
sz000426,兴业银锡,39.06,-3.23,-7.638,39.05,39.06,42.29,41.5,41.5,39.01,64374277.0,2574409978.0,10:55:06
sz000428,华天酒店,4.32,0.39,9.924,4.32,0.0,3.93,4.01,4.32,4.0,17077842.0,72247384.0,10:55:03
sz000429,粤高速Ａ,13.36,-0.01,-0.075,13.36,13.37,13.37,13.29,13.51,13.27,4504302.0,60193537.0,10:55:00
sz000430,张家界,6.8,0.08,1.19,6.8,6.81,6.72,6.74,6.93,6.74,10985300.0,75477189.0,10:55:06
sz000488,ST晨鸣,1.87,0.01,0.538,1.86,1.87,1.86,1.85,1.88,1.84,5664861.0,10543573.0,10:54:51
sz000498,山东路桥,5.01,0.03,0.602,5.01,5.02,4.98,4.98,5.02,4.97,6307128.0,31537534.0,10:55:06
sz000501,武商集团,7.25,0.21,2.983,7.25,7.26,7.04,7.01,7.28,7.0,6547000.0,46995262.0,10:55:03
sz000503,国新健康,6.79,0.09,1.343,6.78,6.79,6.7,6.67,6.84,6.66,5312500.0,35907855.0,10:55:06
sz000504,南华生物,8.2,0.06,0.737,8.19,8.2,8.14,8.17,8.3,8.05,1466800.0,12018712.0,10:55:03
sz000505,京粮控股,6.93,0.27,4.054,6.92,6.93,6.66,6.57,7.28,6.52,76054364.0,532756261.0,10:55:06
sz000506,招金黄金,20.53,-1.81,-8.102,20.53,20.54,22.34,22.3,22.3,20.3,71465000.0,1518244323.0,10:55:06
sz000507,珠海港,5.0,0.03,0.604,5.0,5.01,4.97,4.95,5.02,4.95,4356864.0,21766193.0,10:55:00
sz000509,华塑控股,3.42,0.02,0.588,3.42,3.43,3.4,3.36,3.45,3.35,14002300.0,47828454.0,10:55:06
sz000510,新金路,15.68,-0.94,-5.656,15.68,15.69,16.62,16.45,16.45,15.66,20809502.0,332696616.0,10:55:06
sz000513,丽珠集团,25.88,-0.46,-1.746,25.87,25.89,26.34,26.05,26.36,25.74,6928260.0,179642777.0,10:55:06
sz000514,渝 开 发,4.02,0.08,2.03,4.02,4.03,3.94,3.93,4.04,3.92,6526900.0,26075827.0,10:55:06
sz000516,国际医学,4.13,0.04,0.978,4.13,4.14,4.09,4.09,4.15,4.07,7666905.0,31617093.0,10:55:06
sz000517,荣安地产,2.25,-0.07,-3.017,2.25,2.26,2.32,2.32,2.34,2.24,31308900.0,71709455.0,10:55:06
sz000518,四环生物,3.64,-0.06,-1.622,3.63,3.64,3.7,3.71,3.71,3.62,20902000.0,76484709.0,10:55:06
sz000519,中兵红箭,13.85,-0.07,-0.503,13.84,13.85,13.92,13.74,14.11,13.73,12465705.0,173573082.0,10:55:03
sz000520,凤凰航运,4.21,-0.05,-1.174,4.2,4.21,4.26,4.29,4.31,4.13,19316700.0,81517333.0,10:55:06
sz000521,长虹美菱,4.86,0.05,1.04,4.85,4.86,4.81,4.83,4.88,4.81,3251938.0,15763260.0,10:55:06
sz000523,红棉股份,3.29,0.22,7.166,3.28,3.29,3.07,3.1,3.38,3.09,97805072.0,324781489.0,10:55:06
sz000524,岭南控股,10.08,0.19,1.921,10.07,10.08,9.89,9.89,10.2,9.88,15019000.0,151416368.0,10:55:06
sz000525,红太阳,4.37,0.06,1.392,4.36,4.37,4.31,4.25,4.45,4.18,19376243.0,83878004.0,10:55:06
sz000526,学大教育,35.9,1.32,3.817,35.9,35.92,34.58,34.58,35.94,33.71,3732800.0,129858959.0,10:55:06
sz000528,柳 工,8.1,0.05,0.621,8.1,8.11,8.05,8.02,8.12,8.02,9999365.0,80888302.0,10:55:06
sz000529,广弘控股,5.02,0.09,1.826,5.01,5.02,4.93,4.92,5.03,4.89,2044800.0,10201711.0,10:55:06
sz000530,冰山冷热,5.11,0.12,2.405,5.11,5.12,4.99,4.97,5.13,4.93,13836065.0,70016512.0,10:55:06
sz000531,穗恒运Ａ,5.62,0.02,0.357,5.62,5.63,5.6,5.58,5.65,5.58,2508972.0,14105463.0,10:54:57
sz000532,华金资本,11.28,0.16,1.439,11.28,11.29,11.12,11.02,11.32,11.01,3616800.0,40587226.0,10:55:03
sz000533,顺钠股份,10.38,-0.2,-1.89,10.38,10.39,10.58,10.5,10.6,10.29,16521255.0,172335516.0,10:55:06
sz000534,万泽股份,23.15,-1.18,-4.85,23.15,23.16,24.33,23.91,24.06,23.02,9091501.0,212839884.0,10:55:06
sz000536,华映科技,3.19,0.03,0.949,3.19,3.2,3.16,3.14,3.21,3.12,11067300.0,35146879.0,10:55:06
sz000537,绿发电力,7.55,0.03,0.399,7.55,7.56,7.52,7.5,7.6,7.45,6451820.0,48621360.0,10:55:06
sz000538,云南白药,49.94,0.44,0.889,49.95,49.96,49.5,49.5,49.99,49.49,3206731.0,159680514.0,10:55:06
sz000539,粤电力Ａ,5.3,-0.02,-0.376,5.29,5.3,5.32,5.28,5.34,5.24,17054054.0,90235175.0,10:55:06
sz000541,佛山照明,4.92,0.01,0.204,4.92,4.93,4.91,4.88,4.94,4.87,1932732.0,9500529.0,10:55:00
sz000543,皖能电力,7.45,0.02,0.269,7.45,7.46,7.43,7.44,7.48,7.4,6740501.0,50226049.0,10:55:06
sz000544,中原环保,7.26,0.09,1.255,7.26,7.27,7.17,7.13,7.28,7.11,2537450.0,18315429.0,10:55:06
sz000545,金浦钛业,2.56,0.04,1.587,2.55,2.56,2.52,2.5,2.59,2.48,24215500.0,61615975.0,10:55:06
sz000546,金圆股份,4.73,-0.05,-1.046,4.72,4.73,4.78,4.74,4.81,4.72,6208800.0,29617801.0,10:55:03
sz000547,航天发展,13.48,0.02,0.149,13.48,13.49,13.46,13.38,13.65,13.25,18393825.0,247519090.0,10:55:06
sz000548,湖南投资,4.5,0.05,1.124,4.5,4.51,4.45,4.45,4.53,4.42,3522900.0,15789375.0,10:55:06
sz000550,江铃汽车,15.71,0.09,0.576,15.71,15.73,15.62,15.6,15.79,15.54,1596791.0,25088351.0,10:55:06
sz000551,创元科技,12.21,-0.05,-0.408,12.2,12.21,12.26,12.1,12.32,12.02,6582193.0,80047963.0,10:55:06
sz000552,甘肃能化,2.62,0.0,0.0,2.62,2.63,2.62,2.6,2.69,2.6,66652007.0,176764454.0,10:55:06
sz000553,安道麦A,5.51,0.05,0.916,5.5,5.51,5.46,5.41,5.54,5.41,3781700.0,20813677.0,10:55:03
sz000554,泰山石油,6.5,0.09,1.404,6.49,6.5,6.41,6.36,6.54,6.36,9755094.0,63214398.0,10:55:03
sz000555,神州信息,10.43,0.23,2.255,10.42,10.43,10.2,10.18,10.48,10.13,10983300.0,113878269.0,10:55:06
sz000557,西部创业,3.67,0.06,1.662,3.66,3.67,3.61,3.61,3.69,3.59,6073600.0,22200802.0,10:54:57
sz000558,天府文旅,3.52,0.14,4.142,3.52,3.53,3.38,3.39,3.62,3.39,38979500.0,137607145.0,10:55:06
sz000559,万向钱潮,11.05,0.21,1.937,11.05,11.06,10.84,10.84,11.19,10.77,16832119.0,185645824.0,10:55:06
sz000560,我爱我家,2.29,0.12,5.53,2.28,2.29,2.17,2.15,2.39,2.15,195889514.0,446068346.0,10:55:06
sz000561,烽火电子,7.67,0.16,2.13,7.67,7.68,7.51,7.5,7.75,7.44,5373700.0,40997227.0,10:55:06
sz000563,陕国投Ａ,3.03,0.06,2.02,3.02,3.03,2.97,2.97,3.04,2.96,39958650.0,120439154.0,10:55:06
sz000564,供销大集,1.45,0.03,2.113,1.44,1.45,1.42,1.42,1.47,1.42,191085260.0,277487251.0,10:55:06
sz000565,渝三峡Ａ,5.96,0.03,0.506,5.95,5.96,5.93,5.89,6.02,5.82,5447158.0,32452964.0,10:55:06
sz000566,海南海药,4.97,0.45,9.956,4.97,0.0,4.52,4.5,4.97,4.47,96407896.0,463242260.0,10:55:06
sz000567,海德股份,5.96,0.09,1.533,5.95,5.96,5.87,5.86,5.98,5.84,7940494.0,46908203.0,10:55:06
sz000568,泸州老窖,84.32,-1.19,-1.392,84.31,84.32,85.51,85.53,86.29,84.0,5024400.0,425182634.0,10:55:06
sz000570,苏常柴Ａ,5.09,0.06,1.193,5.09,5.1,5.03,4.99,5.14,4.98,8351589.0,42392743.0,10:55:06
sz000571,新大洲A,6.02,0.05,0.838,6.02,6.03,5.97,5.93,6.05,5.86,8384182.0,49953476.0,10:55:03
sz000572,海马汽车,3.78,0.03,0.8,3.78,3.79,3.75,3.79,3.87,3.73,25582806.0,97517343.0,10:55:06
sz000573,粤宏远Ａ,3.66,0.04,1.105,3.65,3.66,3.62,3.61,3.67,3.58,8226600.0,29883884.0,10:55:06
sz000576,甘化科工,7.14,0.03,0.422,7.13,7.14,7.11,7.03,7.21,7.01,3934816.0,28025204.0,10:55:06
sz000581,威孚高科,17.35,0.05,0.289,17.35,17.36,17.3,17.28,17.41,17.21,2084400.0,36081266.0,10:55:06
sz000582,北部湾港,10.84,0.42,4.031,10.83,10.84,10.42,10.34,11.0,10.31,32783123.0,352308515.0,10:55:06
sz000586,汇源通信,12.85,0.11,0.863,12.84,12.85,12.74,12.58,13.07,12.32,4257900.0,54211707.0,10:55:06
sz000589,贵州轮胎,4.3,0.05,1.176,4.29,4.3,4.25,4.24,4.3,4.24,10764584.0,46001344.0,10:55:06
sz000590,古汉医药,9.24,0.19,2.099,9.24,9.25,9.05,9.0,9.29,8.95,3487100.0,31828179.0,10:55:06
sz000591,太阳能,4.25,0.0,0.0,4.25,4.26,4.25,4.25,4.27,4.23,12016385.0,51145132.0,10:55:03
sz000592,平潭发展,5.97,0.06,1.015,5.97,5.98,5.91,5.85,6.12,5.81,61965604.0,371140077.0,10:55:06
sz000593,德龙汇能,22.53,-0.03,-0.133,22.52,22.53,22.56,22.4,22.7,21.78,9841134.0,219821667.0,10:55:06
sz000595,新能股份,5.7,0.06,1.064,5.69,5.7,5.64,5.66,5.99,5.44,34974700.0,199924991.0,10:55:06
sz000596,古井贡酒,90.23,-0.42,-0.463,90.23,90.33,90.65,91.51,92.69,90.0,1550742.0,140859072.0,10:55:03
sz000597,东北制药,4.93,0.05,1.025,4.93,4.94,4.88,4.84,4.97,4.78,12165827.0,59551738.0,10:55:06
sz000598,兴蓉环境,7.16,0.01,0.14,7.15,7.16,7.15,7.16,7.23,7.1,6543500.0,46797828.0,10:55:00
sz000599,青岛双星,4.7,0.09,1.952,4.69,4.7,4.61,4.6,4.71,4.57,5525900.0,25732708.0,10:55:03
sz000600,建投能源,7.9,-0.02,-0.253,7.9,7.91,7.92,7.93,7.95,7.86,4906000.0,38848378.0,10:55:03
sz000601,韶能股份,6.13,-0.03,-0.487,6.12,6.13,6.16,6.06,6.2,6.0,20535471.0,125148797.0,10:55:06
sz000603,盛达资源,36.4,-3.46,-8.68,36.39,36.4,39.86,39.7,39.7,35.95,67404475.0,2503986062.0,10:55:06
sz000605,渤海股份,5.9,0.04,0.683,5.89,5.9,5.86,5.84,5.93,5.71,2017800.0,11841660.0,10:55:06
sz000607,华媒控股,3.71,0.07,1.923,3.7,3.71,3.64,3.63,3.73,3.61,7373000.0,27128264.0,10:55:03
sz000608,阳光股份,7.29,0.05,0.691,7.29,7.3,7.24,7.11,7.32,7.0,7576416.0,54620235.0,10:55:06
sz000609,*ST中迪,9.79,-0.2,-2.002,9.78,9.79,9.99,9.9,9.9,9.66,2695800.0,26350051.0,10:54:57
sz000610,*ST西旅,6.1,0.01,0.164,6.09,6.1,6.09,6.03,6.23,6.03,1542000.0,9483496.0,10:55:06
sz000612,焦作万方,10.84,-0.27,-2.43,10.84,10.85,11.11,11.06,11.15,10.83,14471580.0,159307178.0,10:55:06
sz000615,*ST美谷,3.3,0.0,0.0,3.29,3.3,3.3,3.27,3.31,3.27,1610480.0,5296084.0,10:55:00
sz000617,中油资本,7.66,0.51,7.133,7.65,7.66,7.15,7.21,7.8,7.17,233134799.0,1740675047.0,10:55:06
sz000619,海螺新材,4.88,0.07,1.455,4.88,4.89,4.81,4.8,4.92,4.78,2404900.0,11704890.0,10:55:06
sz000620,盈新发展,3.43,-0.04,-1.153,3.43,3.44,3.47,3.31,3.47,3.26,298336679.0,1012054704.0,10:55:06
sz000623,吉林敖东,17.93,-0.05,-0.278,17.92,17.93,17.98,17.92,18.02,17.92,3700503.0,66494998.0,10:55:06
sz000625,长安汽车,7.07,0.02,0.284,7.06,7.07,7.05,7.03,7.07,7.02,12388263.0,87406627.0,10:55:06
sz000626,远大控股,8.15,0.09,1.117,8.15,8.16,8.06,8.02,8.35,7.93,10115244.0,82811077.0,10:55:03
sz000628,高新发展,46.4,-1.36,-2.848,46.4,46.42,47.76,47.37,47.51,45.83,8544031.0,397976531.0,10:55:06
sz000629,钒钛股份,3.0,-0.04,-1.316,3.0,3.01,3.04,3.02,3.04,3.0,45752800.0,138250244.0,10:55:06
sz000630,铜陵有色,6.36,-0.27,-4.072,6.36,6.37,6.63,6.6,6.65,6.36,163602415.0,1058674538.0,10:55:06
sz000631,顺发恒能,2.97,0.05,1.712,2.96,2.97,2.92,2.92,2.97,2.9,5384284.0,15866834.0,10:55:06
sz000632,ST三木,3.69,0.04,1.096,3.69,3.7,3.65,3.66,3.73,3.57,2727400.0,10034604.0,10:54:21
sz000633,合金投资,5.3,0.01,0.189,5.3,5.31,5.29,5.23,5.35,5.2,2899600.0,15377971.0,10:55:06
sz000635,英 力 特,6.37,0.07,1.111,6.36,6.37,6.3,6.3,6.41,6.22,2271300.0,14395262.0,10:54:36
sz000636,风华高科,50.83,-1.08,-2.081,50.83,50.84,51.91,50.79,51.72,49.46,45793435.0,2315420178.0,10:55:06
sz000637,茂化实华,4.07,0.08,2.005,4.06,4.07,3.99,4.0,4.09,3.98,3378200.0,13673498.0,10:54:57
sz000639,ST西王,1.76,-0.1,-5.376,1.76,1.77,1.86,1.82,1.86,1.76,51423400.0,93245510.0,10:55:06
sz000650,仁和药业,5.42,0.08,1.498,5.42,5.43,5.34,5.32,5.44,5.31,10780000.0,58240383.0,10:55:03
sz000651,格力电器,41.71,0.26,0.627,41.71,41.72,41.45,41.46,41.98,41.41,23356678.0,972796110.0,10:55:06
sz000652,泰达股份,3.45,0.05,1.471,3.45,3.46,3.4,3.38,3.46,3.37,5347100.0,18347447.0,10:55:06
sz000655,金岭矿业,7.06,0.0,0.0,7.05,7.06,7.06,7.06,7.17,7.0,6046000.0,42989771.0,10:55:06
sz000656,金科股份,1.25,0.0,0.0,1.24,1.25,1.25,1.24,1.26,1.23,68216300.0,84778829.0,10:55:06
sz000657,中钨高新,62.44,-4.32,-6.471,62.41,62.44,66.76,65.7,65.86,62.0,49033906.0,3126557015.0,10:55:06
sz000659,珠海中富,2.68,0.09,3.475,2.67,2.68,2.59,2.58,2.75,2.57,21859000.0,58446584.0,10:55:06
sz000661,长春高新,78.29,2.18,2.864,78.29,78.31,76.11,76.0,79.6,75.7,5357048.0,418635669.0,10:55:06
sz000663,永安林业,5.71,0.07,1.241,5.7,5.71,5.64,5.59,5.75,5.59,2729300.0,15511446.0,10:55:03
sz000665,湖北广电,3.88,0.07,1.837,3.87,3.88,3.81,3.77,3.89,3.76,9115758.0,35080534.0,10:55:06
sz000668,荣丰控股,22.08,0.05,0.227,22.07,22.09,22.03,22.03,22.17,21.6,1071900.0,23464613.0,10:55:06
sz000669,ST金鸿,4.12,0.02,0.488,4.12,4.13,4.1,4.12,4.21,4.11,3680600.0,15264945.0,10:54:36
sz000670,盈方微,6.9,-0.41,-5.609,6.88,6.9,7.31,7.05,7.1,6.58,49995603.0,339249226.0,10:55:06
sz000672,上峰材料,13.62,-0.43,-3.06,13.61,13.62,14.05,13.89,14.03,13.48,9672775.0,132728525.0,10:55:03
sz000676,智度股份,6.67,0.23,3.571,6.67,6.68,6.44,6.4,6.72,6.38,46593693.0,307365014.0,10:55:06
sz000677,ST海龙,1.7,0.0,0.0,1.7,1.71,1.7,1.68,1.72,1.68,10930072.0,18642924.0,10:55:06
sz000678,襄阳轴承,8.44,0.12,1.442,8.43,8.44,8.32,8.27,8.85,8.21,13064862.0,111554197.0,10:55:06
sz000679,大连友谊,6.09,0.09,1.5,6.08,6.09,6.0,5.99,6.14,5.98,2208700.0,13388915.0,10:54:57
sz000680,山推股份,10.25,0.0,0.0,10.25,10.26,10.25,10.24,10.35,10.23,4893500.0,50320947.0,10:55:03
sz000681,视觉中国,16.71,0.27,1.642,16.7,16.71,16.44,16.44,16.85,16.29,9351724.0,155149255.0,10:55:06
sz000682,东方电子,11.51,0.03,0.261,11.51,11.52,11.48,11.47,11.55,11.44,4135529.0,47494538.0,10:55:03
sz000683,博源化工,6.08,-0.06,-0.977,6.07,6.08,6.14,6.15,6.22,6.07,35553614.0,218241223.0,10:55:06
sz000685,中山公用,11.08,-0.03,-0.27,11.08,11.09,11.11,11.15,11.3,11.08,6168792.0,68852723.0,10:55:06
sz000686,东北证券,7.81,0.01,0.128,7.8,7.81,7.8,7.79,7.84,7.78,6986790.0,54586135.0,10:55:03
sz000688,国城矿业,31.31,-2.59,-7.64,31.31,31.33,33.9,33.56,33.68,31.23,13146781.0,427056076.0,10:55:06
sz000690,宝新能源,4.88,-0.12,-2.4,4.88,4.89,5.0,4.94,4.98,4.88,44757770.0,220517895.0,10:55:06
sz000691,亚太实业,10.12,-0.06,-0.589,10.1,10.11,10.18,10.12,10.44,10.05,2790500.0,28500702.0,10:55:06
sz000692,惠天热电,4.2,0.01,0.239,4.19,4.2,4.19,4.17,4.24,4.11,8694354.0,36368778.0,10:55:06
sz000695,滨海能源,15.35,1.4,10.036,15.35,0.0,13.95,13.86,15.35,13.74,19144900.0,287212251.0,10:54:57
sz000697,炼石航空,8.22,-0.12,-1.439,8.21,8.22,8.34,8.22,8.33,8.15,2429800.0,20016298.0,10:55:06
sz000698,ST沈化,3.54,0.02,0.568,3.54,3.55,3.52,3.52,3.56,3.5,1799100.0,6354093.0,10:54:42
sz000700,模塑科技,10.73,-0.01,-0.093,10.73,10.74,10.74,10.62,10.88,10.47,10450044.0,111601485.0,10:55:06
sz000701,厦门信达,5.01,0.04,0.805,4.99,5.01,4.97,4.98,5.04,4.93,5483700.0,27388868.0,10:55:06
sz000702,正虹科技,5.54,0.09,1.651,5.53,5.54,5.45,5.43,5.58,5.4,3180400.0,17540856.0,10:55:06
sz000703,恒逸石化,18.42,-0.6,-3.155,18.41,18.42,19.02,19.29,19.38,18.0,69111226.0,1286218361.0,10:55:06
sz000705,浙江震元,7.11,0.18,2.597,7.1,7.11,6.93,6.93,7.12,6.9,3805600.0,26815899.0,10:55:03
sz000707,双环科技,4.63,0.06,1.313,4.62,4.63,4.57,4.57,4.68,4.55,5558900.0,25775964.0,10:54:54
sz000708,中信特钢,13.74,-0.2,-1.435,13.73,13.74,13.94,13.94,13.98,13.66,5471100.0,75471015.0,10:55:06
sz000709,河钢股份,2.11,0.01,0.476,2.1,2.11,2.1,2.09,2.12,2.09,36985986.0,77867499.0,10:55:06
sz000710,贝瑞基因,9.37,-0.33,-3.402,9.37,9.38,9.7,9.61,9.8,9.34,25599130.0,243716192.0,10:55:06
sz000711,ST京蓝,6.44,-0.16,-2.424,6.43,6.44,6.6,6.54,6.67,6.28,82865980.0,534065208.0,10:55:06
sz000712,锦龙股份,8.76,-0.3,-3.311,8.76,8.77,9.06,8.89,9.2,8.74,27158837.0,240577381.0,10:55:09
sz000713,国投丰乐,6.23,0.15,2.467,6.23,6.24,6.08,6.0,6.44,5.95,20590487.0,129228314.0,10:55:09
sz000715,中兴商业,5.27,0.12,2.33,5.27,5.28,5.15,5.16,5.3,5.14,5952230.0,31157236.0,10:55:06
sz000716,黑芝麻,5.02,0.3,6.356,5.01,5.02,4.72,4.68,5.19,4.67,56665811.0,282979938.0,10:55:09
sz000717,中南股份,2.28,0.07,3.167,2.27,2.28,2.21,2.22,2.29,2.21,20522188.0,46331951.0,10:55:09
sz000718,苏宁环球,1.9,0.05,2.703,1.89,1.9,1.85,1.84,1.91,1.84,15109000.0,28491545.0,10:55:09
sz000719,中原传媒,11.94,0.24,2.051,11.94,11.95,11.7,11.7,11.97,11.7,3089151.0,36660513.0,10:55:06
sz000720,新能泰山,3.63,-0.01,-0.275,3.63,3.64,3.64,3.6,3.71,3.56,14758900.0,53706916.0,10:55:09
sz000721,西安饮食,6.62,0.22,3.438,6.61,6.62,6.4,6.37,6.71,6.37,11375200.0,74825581.0,10:55:09
sz000722,湖南发展,12.74,-0.07,-0.546,12.73,12.75,12.81,12.83,12.92,12.6,3906400.0,49930509.0,10:55:09
sz000723,美锦能源,3.88,-0.01,-0.257,3.88,3.89,3.89,3.92,4.09,3.88,201463735.0,803298534.0,10:55:09
sz000725,京东方Ａ,5.66,-0.09,-1.565,5.66,5.67,5.75,5.65,5.73,5.53,614972157.0,3460719744.0,10:55:09
sz000726,鲁 泰Ａ,5.96,0.06,1.017,5.95,5.96,5.9,5.87,5.96,5.84,2424901.0,14351527.0,10:55:09
sz000727,冠捷科技,2.27,0.1,4.608,2.27,2.28,2.17,2.17,2.29,2.16,86994196.0,194850074.0,10:55:09
sz000728,国元证券,7.32,0.23,3.244,7.32,7.33,7.09,7.23,7.4,7.21,46342025.0,339184254.0,10:55:09
sz000729,燕京啤酒,11.48,0.08,0.702,11.47,11.48,11.4,11.38,11.61,11.3,10823806.0,124002932.0,10:55:09
sz000731,四川美丰,6.16,-0.05,-0.805,6.16,6.17,6.21,6.2,6.24,6.11,4237300.0,26245475.0,10:55:00
sz000733,振华科技,39.2,0.1,0.256,39.2,39.24,39.1,38.71,39.5,38.58,3660989.0,142902471.0,10:55:09
sz000735,罗 牛 山,5.36,0.04,0.752,5.36,5.37,5.32,5.25,5.44,5.24,42136568.0,226606030.0,10:55:09
sz000736,中交发展,4.43,0.18,4.235,4.43,4.44,4.25,4.27,4.6,4.24,20970498.0,93119784.0,10:55:09
sz000737,北方铜业,14.35,-0.56,-3.756,14.35,14.36,14.91,14.9,15.05,14.31,49727508.0,728222818.0,10:55:09
sz000738,航发控制,17.65,-0.17,-0.954,17.65,17.66,17.82,17.74,17.92,17.53,4039314.0,71474673.0,10:55:09
sz000739,普洛药业,20.1,0.39,1.979,20.1,20.11,19.71,19.65,20.43,19.32,14582555.0,292182208.0,10:55:09
sz000750,国海证券,3.7,0.0,0.0,3.7,3.71,3.7,3.69,3.72,3.68,11687263.0,43342579.0,10:55:06
sz000751,锌业股份,5.06,-0.23,-4.348,5.06,5.07,5.29,5.22,5.3,5.05,60489904.0,310977568.0,10:55:09
sz000752,*ST西发,8.84,-0.03,-0.338,8.84,8.87,8.87,8.82,8.95,8.82,726700.0,6441747.0,10:55:09
sz000753,漳州发展,4.67,0.04,0.864,4.67,4.68,4.63,4.59,4.72,4.57,9077700.0,42363314.0,10:55:09
sz000755,山西高速,4.81,0.01,0.208,4.8,4.81,4.8,4.75,4.82,4.75,1944800.0,9286624.0,10:55:09
sz000756,新华制药,13.28,0.11,0.835,13.27,13.29,13.17,13.05,13.44,12.99,4752095.0,63130164.0,10:55:09
sz000757,浩物股份,4.37,0.09,2.103,4.36,4.37,4.28,4.28,4.39,4.26,5836900.0,25364981.0,10:55:06
sz000758,中色股份,6.02,-0.12,-1.954,6.01,6.02,6.14,6.13,6.17,6.01,15555614.0,94727915.0,10:55:09
sz000759,中百集团,6.08,0.42,7.42,6.08,6.09,5.66,5.59,6.23,5.57,82114701.0,494707117.0,10:55:09
sz000761,本钢板材,2.36,0.04,1.724,2.36,2.37,2.32,2.33,2.4,2.31,11203000.0,26517268.0,10:55:09
sz000762,西藏矿业,22.54,-0.84,-3.593,22.53,22.54,23.38,23.15,23.37,22.53,9304500.0,213488972.0,10:55:09
sz000766,通化金马,15.7,0.02,0.128,15.69,15.7,15.68,15.65,16.09,15.56,9684200.0,152958283.0,10:55:09
sz000767,晋控电力,3.43,0.01,0.292,3.43,3.44,3.42,3.4,3.48,3.38,38834396.0,133592809.0,10:55:09
sz000768,中航西飞,20.38,-0.98,-4.588,20.37,20.38,21.36,20.7,20.9,20.32,21608424.0,444893421.0,10:55:09
sz000776,广发证券,20.29,-0.35,-1.696,20.28,20.29,20.64,20.51,20.63,20.28,19646500.0,401002758.0,10:55:09
sz000777,中核科技,17.19,0.33,1.957,17.17,17.19,16.86,16.91,17.25,16.82,3649204.0,62455565.0,10:55:06
sz000778,新兴铸管,3.64,-0.08,-2.151,3.64,3.65,3.72,3.61,3.66,3.58,49825454.0,180055355.0,10:55:09
sz000779,甘咨询,10.01,0.91,10.0,10.01,0.0,9.1,9.02,10.01,8.85,60119335.0,577148134.0,10:55:09
sz000782,恒申新材,7.78,-0.21,-2.628,7.77,7.78,7.99,7.91,7.94,7.64,10467800.0,81373028.0,10:55:09
sz000783,长江证券,8.47,-0.16,-1.854,8.47,8.48,8.63,8.57,8.64,8.47,33439093.0,284964912.0,10:55:09
sz000785,居然智家,2.28,0.05,2.242,2.27,2.28,2.23,2.23,2.31,2.23,50467600.0,115045530.0,10:55:09
sz000786,北新建材,16.98,-0.11,-0.644,16.98,16.99,17.09,16.99,17.19,16.96,7929028.0,135137267.0,10:55:09
sz000788,北大医药,5.59,0.08,1.452,5.58,5.59,5.51,5.47,5.65,5.42,13428807.0,74666910.0,10:55:09
sz000789,万年青,4.13,0.05,1.225,4.13,4.14,4.08,4.07,4.14,4.05,1914500.0,7876889.0,10:54:57
sz000790,华神科技,4.07,0.05,1.244,4.06,4.07,4.02,4.02,4.11,3.99,8151193.0,33076167.0,10:55:09
sz000791,甘肃能源,7.18,-0.09,-1.238,7.18,7.19,7.27,7.23,7.29,7.18,6916100.0,49947811.0,10:55:09
sz000792,盐湖股份,27.51,-0.97,-3.406,27.51,27.52,28.48,28.38,28.59,27.45,41132629.0,1150611669.0,10:55:09
sz000793,ST华闻,2.14,0.0,0.0,2.13,2.14,2.14,2.14,2.14,2.12,2731400.0,5822605.0,10:54:42
sz000795,英洛华,9.03,0.47,5.491,9.02,9.03,8.56,8.63,9.42,8.6,48453054.0,445457775.0,10:55:09
sz000796,凯撒旅业,4.18,0.38,10.0,4.18,0.0,3.8,3.82,4.18,3.8,37413876.0,153795293.0,10:55:06
sz000797,中国武夷,2.42,0.05,2.11,2.41,2.42,2.37,2.36,2.43,2.36,15707852.0,37768315.0,10:55:06
sz000798,中水渔业,8.95,0.25,2.874,8.94,8.95,8.7,8.62,9.06,8.6,12244703.0,109106256.0,10:55:09
sz000799,酒鬼酒,38.82,0.45,1.173,38.81,38.82,38.37,38.5,39.34,38.35,3963085.0,153722104.0,10:55:09
sz000800,一汽解放,6.22,0.09,1.468,6.21,6.22,6.13,6.13,6.23,6.11,6849659.0,42463528.0,10:55:09
sz000801,四川九洲,11.25,0.14,1.26,11.24,11.25,11.11,11.09,11.43,11.01,6351296.0,71508770.0,10:55:09
sz000802,北京文化,3.89,0.06,1.567,3.88,3.89,3.83,3.8,3.94,3.79,54511659.0,211607134.0,10:55:09
sz000803,山高环能,7.36,0.01,0.136,7.35,7.36,7.35,7.26,7.48,7.26,3061600.0,22565105.0,10:55:09
sz000807,云铝股份,25.82,-0.47,-1.788,25.82,25.83,26.29,26.16,26.35,25.77,26259338.0,683861177.0,10:55:09
sz000809,和展能源,3.42,0.04,1.183,3.42,3.43,3.38,3.39,3.45,3.33,6314600.0,21528811.0,10:55:09
sz000810,创维数字,9.51,0.18,1.929,9.5,9.51,9.33,9.28,9.62,9.23,9210107.0,86896073.0,10:55:09
sz000811,冰轮环境,41.61,0.21,0.507,41.59,41.61,41.4,39.91,42.38,39.18,27999135.0,1142898259.0,10:55:09
sz000812,陕西金叶,3.6,0.06,1.695,3.59,3.6,3.54,3.54,3.62,3.52,6419900.0,23017966.0,10:55:03
sz000813,德展健康,3.21,0.04,1.262,3.21,3.22,3.17,3.17,3.26,3.14,18754190.0,60127975.0,10:55:09
sz000815,美利云,16.7,0.65,4.05,16.7,16.71,16.05,15.66,17.29,15.53,58996562.0,977641696.0,10:55:09
sz000816,智慧农业,2.81,0.03,1.079,2.8,2.81,2.78,2.78,2.84,2.75,15121900.0,42542640.0,10:55:09
sz000818,航锦科技,11.83,0.13,1.111,11.82,11.83,11.7,11.56,11.91,11.55,6715066.0,79087759.0,10:55:09
sz000819,岳阳兴长,11.89,-0.03,-0.252,11.88,11.89,11.92,11.92,12.0,11.75,1892000.0,22506625.0,10:55:09
sz000820,神雾节能,3.49,0.04,1.159,3.49,3.5,3.45,3.44,3.53,3.42,8660000.0,30220525.0,10:55:06
sz000821,ST京机,7.0,0.07,1.01,6.99,7.0,6.93,6.92,7.05,6.89,2514800.0,17580352.0,10:55:09
sz000822,山东海化,4.36,0.06,1.395,4.36,4.37,4.3,4.25,4.41,4.25,10523700.0,45890515.0,10:55:06
sz000823,超声电子,14.45,-0.2,-1.365,14.45,14.46,14.65,14.3,14.68,14.03,15664694.0,224926360.0,10:55:06
sz000825,太钢不锈,3.49,0.03,0.867,3.48,3.49,3.46,3.45,3.51,3.44,18693200.0,65085810.0,10:55:09
sz000826,*ST启环,1.98,0.03,1.538,1.98,1.99,1.95,2.01,2.04,1.97,17676971.0,35360658.0,10:55:06
sz000828,东莞控股,9.98,0.05,0.504,9.97,9.98,9.93,9.89,10.03,9.87,4738940.0,47110520.0,10:55:09
sz000829,天音控股,8.41,0.15,1.816,8.4,8.41,8.26,8.23,8.43,8.19,8616400.0,71979283.0,10:55:09
sz000830,鲁西化工,11.87,0.08,0.679,11.86,11.87,11.79,11.74,12.11,11.73,21575898.0,258272668.0,10:55:09
sz000831,中国稀土,57.34,-0.88,-1.512,57.33,57.34,58.22,58.22,59.85,57.13,20018558.0,1169242089.0,10:55:09
sz000833,粤桂股份,20.84,-0.43,-2.022,20.84,20.85,21.27,21.0,21.55,20.8,12959615.0,274157347.0,10:55:09
sz000837,秦川机床,9.87,0.09,0.92,9.87,9.89,9.78,9.7,9.99,9.69,7207000.0,71050619.0,10:55:09
sz000838,*ST发展,2.92,-0.06,-2.013,2.92,2.93,2.98,3.0,3.11,2.92,36237450.0,109521834.0,10:55:09
sz000839,国安股份,2.74,0.02,0.735,2.73,2.74,2.72,2.7,2.75,2.69,16472200.0,44962116.0,10:55:09
sz000848,承德露露,8.58,0.15,1.779,8.58,8.59,8.43,8.44,8.62,8.43,7460946.0,63824237.0,10:55:09
sz000850,华茂股份,4.34,0.12,2.844,4.33,4.34,4.22,4.25,4.36,4.22,9070400.0,39188190.0,10:55:09
sz000852,石化机械,5.31,0.15,2.907,5.3,5.31,5.16,5.1,5.35,5.08,14974905.0,78970214.0,10:55:09
sz000856,冀东装备,8.45,0.14,1.685,8.45,8.46,8.31,8.24,8.48,8.24,4722800.0,39610713.0,10:55:06
sz000858,五 粮 液,71.39,-0.09,-0.126,71.39,71.4,71.48,71.5,71.8,71.19,9454213.0,675197485.0,10:55:09
sz000859,国风新材,8.57,-0.1,-1.153,8.57,8.58,8.67,8.55,8.7,8.46,12195716.0,104551124.0,10:55:09
sz000860,顺鑫农业,10.45,0.27,2.652,10.44,10.45,10.18,10.26,10.53,10.21,6416264.0,66934963.0,10:55:06
sz000862,银星能源,5.19,0.04,0.777,5.18,5.19,5.15,5.13,5.24,5.1,8091500.0,41943060.0,10:55:06
sz000863,三湘印象,4.18,0.05,1.211,4.17,4.18,4.13,4.09,4.22,4.09,7294339.0,30327620.0,10:55:06
sz000868,安凯客车,3.51,0.04,1.153,3.51,3.52,3.47,3.48,3.53,3.45,5473566.0,19174258.0,10:55:06
sz000869,张 裕Ａ,16.04,0.11,0.691,16.03,16.04,15.93,15.92,16.13,15.88,985099.0,15779628.0,10:55:09
sz000875,电投绿能,4.9,-0.14,-2.778,4.89,4.9,5.04,5.03,5.06,4.88,27391300.0,135404249.0,10:55:09
sz000876,新 希 望,6.99,0.13,1.895,6.98,6.99,6.86,6.84,7.02,6.84,18408245.0,128124602.0,10:55:09
sz000877,天山股份,3.68,0.03,0.822,3.68,3.69,3.65,3.65,3.7,3.62,4411600.0,16215089.0,10:55:06
sz000878,云南铜业,15.9,-0.64,-3.869,15.89,15.9,16.54,16.5,16.67,15.88,26119433.0,422202887.0,10:55:09
sz000880,潍柴重机,22.84,-0.2,-0.868,22.85,22.86,23.04,22.86,23.32,22.66,2673556.0,61343157.0,10:55:09
sz000881,中广核技,6.37,0.02,0.315,6.38,6.39,6.35,6.34,6.42,6.32,3422480.0,21821324.0,10:55:09
sz000882,华联股份,1.45,0.03,2.113,1.45,1.46,1.42,1.41,1.47,1.41,39213800.0,56623392.0,10:55:06
sz000883,湖北能源,4.52,0.03,0.668,4.52,4.53,4.49,4.48,4.57,4.48,13175053.0,59766111.0,10:55:09
sz000885,城发环境,12.11,0.01,0.083,12.11,12.12,12.1,12.09,12.16,12.05,2630546.0,31852112.0,10:55:09
sz000886,海南高速,4.62,0.07,1.538,4.62,4.63,4.55,4.53,4.64,4.51,8491550.0,39105998.0,10:54:57
sz000887,中鼎股份,20.87,-0.2,-0.949,20.87,20.88,21.07,20.96,21.18,20.37,21600623.0,448389251.0,10:55:09
sz000888,峨眉山Ａ,9.95,0.17,1.738,9.95,9.96,9.78,9.78,10.04,9.78,8547460.0,84992525.0,10:55:09
sz000889,中嘉博创,3.93,0.04,1.028,3.92,3.93,3.89,3.85,3.97,3.82,26437260.0,103628484.0,10:55:09
sz000890,法尔胜,7.12,0.08,1.136,7.12,7.13,7.04,6.93,7.2,6.92,4558800.0,32323673.0,10:55:09
sz000892,欢瑞世纪,3.68,0.03,0.822,3.67,3.68,3.65,3.64,3.72,3.6,15063000.0,55307931.0,10:55:09
sz000893,亚钾国际,47.11,0.58,1.247,47.1,47.11,46.53,46.39,48.81,46.35,11829800.0,566247369.0,10:55:09
sz000895,双汇发展,25.38,0.0,0.0,25.38,25.39,25.38,25.39,25.58,25.25,4096734.0,103919920.0,10:55:09
sz000897,津滨发展,1.79,0.03,1.705,1.79,1.8,1.76,1.75,1.81,1.75,19055540.0,34069281.0,10:55:03
sz000898,鞍钢股份,2.02,0.02,1.0,2.01,2.02,2.0,1.99,2.03,1.99,18725836.0,37725488.0,10:55:06
sz000899,赣能股份,9.47,0.02,0.212,9.46,9.47,9.45,9.3,9.48,9.25,5659282.0,53048581.0,10:55:09
sz000900,现代投资,3.7,0.06,1.648,3.69,3.7,3.64,3.63,3.71,3.63,9238247.0,33938021.0,10:55:00
sz000901,航天科技,13.45,0.14,1.052,13.45,13.46,13.31,13.25,13.63,13.11,5907382.0,79280528.0,10:55:09
sz000902,新洋丰,13.62,-0.13,-0.945,13.61,13.62,13.75,13.82,13.95,13.61,7181500.0,99181910.0,10:55:09
sz000903,ST云动,1.88,0.02,1.075,1.87,1.88,1.86,1.87,1.89,1.85,6044500.0,11291046.0,10:55:09
sz000905,厦门港务,8.85,0.31,3.63,8.84,8.85,8.54,8.46,8.95,8.46,11034428.0,96843563.0,10:55:09
sz000906,浙商中拓,5.34,0.06,1.136,5.34,5.35,5.28,5.27,5.36,5.26,3729307.0,19885122.0,10:55:00
sz000908,石药景峰,6.43,0.01,0.156,6.42,6.43,6.42,6.38,6.47,6.33,7733900.0,49549737.0,10:55:03
sz000909,*ST数源,4.22,0.09,2.179,4.22,4.23,4.13,4.13,4.29,4.1,1283900.0,5417508.0,10:55:09
sz000910,大亚圣象,5.39,0.1,1.89,5.37,5.39,5.29,5.29,5.39,5.27,2001610.0,10707201.0,10:54:51
sz000911,*ST广糖,4.95,0.0,0.0,4.95,4.96,4.95,4.97,5.12,4.92,5171900.0,26003302.0,10:55:09
sz000912,泸天化,3.91,0.1,2.625,3.9,3.91,3.81,3.82,4.03,3.78,48686196.0,190956803.0,10:55:09
sz000913,钱江摩托,11.53,0.13,1.14,11.52,11.53,11.4,11.4,11.55,11.36,1723090.0,19790590.0,10:55:06
sz000915,华特达因,24.2,0.4,1.681,24.19,24.21,23.8,23.64,24.24,23.55,1908085.0,45750833.0,10:55:09
sz000917,电广传媒,6.94,0.06,0.872,6.93,6.94,6.88,6.85,6.99,6.81,8933700.0,61827072.0,10:55:09
sz000919,金陵药业,6.61,0.1,1.536,6.61,6.62,6.51,6.51,6.66,6.43,9649915.0,63529656.0,10:55:09
sz000920,沃顿科技,11.2,-0.12,-1.06,11.2,11.21,11.32,11.25,11.32,11.12,1971800.0,22114815.0,10:55:03
sz000921,海信家电,25.46,0.68,2.744,25.45,25.46,24.78,24.8,25.7,24.78,4721318.0,119476614.0,10:55:09
sz000922,佳电股份,11.76,-0.04,-0.339,11.75,11.76,11.8,11.71,11.87,11.7,2252080.0,26507494.0,10:55:09
sz000923,河钢资源,15.14,-0.57,-3.628,15.13,15.14,15.71,15.8,15.95,15.1,10576000.0,163905699.0,10:55:09
sz000925,众合科技,8.3,-0.67,-7.469,8.3,8.31,8.97,9.01,9.01,8.28,57671105.0,490650920.0,10:55:09
sz000926,福星股份,2.21,0.04,1.843,2.21,2.22,2.17,2.18,2.23,2.17,12795275.0,28206585.0,10:55:09
sz000927,中国铁物,2.46,0.05,2.075,2.46,2.47,2.41,2.42,2.47,2.41,29644752.0,72605335.0,10:55:09
sz000928,中钢国际,5.11,0.06,1.188,5.1,5.11,5.05,5.03,5.12,5.02,9146531.0,46594969.0,10:55:09
sz000929,兰州黄河,8.89,0.13,1.484,8.89,8.9,8.76,8.74,9.0,8.7,1217100.0,10774226.0,10:55:03
sz000930,中粮科技,4.86,0.08,1.674,4.85,4.86,4.78,4.77,4.91,4.75,14666351.0,71388474.0,10:55:09
sz000931,中 关 村,5.19,-0.41,-7.321,5.18,5.19,5.6,5.49,5.52,5.04,85904382.0,449301214.0,10:55:09
sz000932,华菱钢铁,3.62,-0.02,-0.549,3.61,3.62,3.64,3.63,3.66,3.61,34755560.0,126241549.0,10:55:09
sz000933,神火股份,25.74,-0.34,-1.304,25.72,25.74,26.08,25.9,26.22,25.7,17711924.0,459918030.0,10:55:09
sz000935,四川双马,22.3,0.2,0.905,22.29,22.3,22.1,21.95,22.62,21.94,2007653.0,44746797.0,10:55:09
sz000936,华西股份,5.58,0.13,2.385,5.57,5.58,5.45,5.39,5.71,5.37,24430110.0,135924180.0,10:55:09
sz000937,冀中能源,4.85,0.03,0.622,4.84,4.85,4.82,4.81,4.92,4.8,15166280.0,73985804.0,10:55:09
sz000938,紫光股份,34.82,0.33,0.957,34.82,34.83,34.49,34.0,35.09,33.96,60131255.0,2081885618.0,10:55:09
sz000948,南天信息,14.37,0.68,4.967,14.37,14.38,13.69,13.56,14.46,13.48,10769745.0,152418146.0,10:55:09
sz000949,新乡化纤,6.97,0.02,0.288,6.97,6.98,6.95,6.91,7.18,6.81,26665190.0,187048990.0,10:55:09
sz000950,重药控股,5.48,0.07,1.294,5.47,5.48,5.41,5.4,5.53,5.37,16246000.0,88789200.0,10:55:09
sz000951,中国重汽,19.73,0.01,0.051,19.73,19.74,19.72,19.78,19.95,19.64,3305600.0,65293166.0,10:55:09
sz000952,广济药业,6.4,0.08,1.266,6.39,6.41,6.32,6.33,6.48,6.22,3068104.0,19559093.0,10:55:06
sz000953,中哲精化,6.22,0.06,0.974,6.21,6.22,6.16,6.18,6.29,6.1,3880500.0,24183485.0,10:55:09
sz000955,欣龙控股,4.16,0.07,1.711,4.16,4.17,4.09,4.07,4.2,4.03,8293200.0,34310803.0,10:55:09
sz000957,中通客车,10.37,0.03,0.29,10.37,10.38,10.34,10.31,10.43,10.27,3645400.0,37809399.0,10:55:09
sz000958,电投产融,5.27,0.02,0.381,5.26,5.27,5.25,5.25,5.29,5.24,4772737.0,25166120.0,10:55:09
sz000959,首钢股份,3.53,0.0,0.0,3.53,3.54,3.53,3.52,3.58,3.51,17754224.0,62923702.0,10:55:09
sz000960,锡业股份,34.33,-1.7,-4.718,34.33,34.34,36.03,35.46,35.98,34.23,26920722.0,937644774.0,10:55:09
sz000962,东方钽业,51.45,0.05,0.097,51.43,51.46,51.4,50.01,54.04,50.01,17386551.0,914231339.0,10:55:09
sz000963,华东医药,27.13,-0.02,-0.074,27.11,27.13,27.15,27.05,27.27,26.93,6661712.0,180891276.0,10:55:09
sz000965,天保基建,3.2,0.08,2.564,3.2,3.21,3.12,3.11,3.21,3.11,11633029.0,36927058.0,10:55:09
sz000966,长源电力,3.97,-0.01,-0.251,3.97,3.98,3.98,3.97,4.01,3.96,13707400.0,54703698.0,10:55:09
sz000967,盈峰环境,8.1,-0.11,-1.34,8.1,8.11,8.21,8.08,8.22,7.95,21823214.0,176152195.0,10:55:09
sz000968,蓝焰控股,7.14,0.08,1.133,7.13,7.14,7.06,7.0,7.2,6.97,16005041.0,114015914.0,10:55:06
sz000969,安泰科技,16.34,-0.18,-1.09,16.34,16.35,16.52,16.38,16.59,16.23,7677500.0,126028368.0,10:55:09
sz000970,中科三环,12.0,-0.09,-0.744,11.99,12.0,12.09,12.09,12.26,11.98,12453561.0,150893476.0,10:55:09
sz000972,中基健康,3.61,0.06,1.69,3.61,3.62,3.55,3.52,3.65,3.51,7260000.0,26272330.0,10:55:06
sz000973,佛塑科技,13.96,-0.71,-4.84,13.96,13.97,14.67,14.4,14.58,13.93,29698172.0,421140091.0,10:55:09
sz000975,山金国际,27.58,-1.68,-5.742,27.58,27.59,29.26,29.26,29.39,27.52,37696311.0,1065915448.0,10:55:09
sz000977,浪潮信息,72.67,-0.55,-0.751,72.67,72.68,73.22,71.43,73.23,71.42,18698713.0,1354698294.0,10:55:09
sz000978,桂林旅游,6.2,0.1,1.639,6.19,6.2,6.1,6.09,6.23,6.09,4731100.0,29269883.0,10:55:09
sz000980,众泰汽车,1.65,0.03,1.852,1.64,1.65,1.62,1.62,1.67,1.61,53223997.0,87485781.0,10:55:09
sz000981,山子高科,2.65,0.01,0.379,2.64,2.65,2.64,2.61,2.68,2.6,78743678.0,208508680.0,10:55:09
sz000983,山西焦煤,7.42,-0.02,-0.269,7.42,7.43,7.44,7.38,7.54,7.35,49692587.0,370847543.0,10:55:09
sz000985,大庆华科,15.86,0.15,0.955,15.86,15.87,15.71,15.71,16.1,15.64,1273200.0,20182439.0,10:54:51
sz000987,越秀资本,7.51,0.02,0.267,7.51,7.52,7.49,7.48,7.54,7.45,13296399.0,99787581.0,10:55:09
sz000988,华工科技,102.24,-1.11,-1.074,102.24,102.25,103.35,101.06,103.26,100.02,13930861.0,1414348721.0,10:55:09
sz000989,九芝堂,8.72,0.06,0.693,8.72,8.73,8.66,8.6,8.81,8.52,10422900.0,90699798.0,10:55:06
sz000990,诚志股份,6.35,0.04,0.634,6.34,6.35,6.31,6.28,6.45,6.26,18232576.0,116131505.0,10:55:09
sz000993,闽东电力,9.76,0.01,0.103,9.76,9.77,9.75,9.62,9.81,9.62,2093629.0,20401716.0,10:55:03
sz000995,皇台酒业,10.97,0.07,0.642,10.97,10.98,10.9,10.87,11.24,10.7,10259400.0,113365199.0,10:55:00
sz000997,新 大 陆,18.81,0.49,2.675,18.8,18.81,18.32,18.28,18.98,18.28,15168217.0,285479284.0,10:55:09
sz000998,隆平高科,8.94,0.27,3.114,8.94,8.95,8.67,8.68,9.27,8.6,54328966.0,489343839.0,10:55:09
sz000999,华润三九,23.99,0.39,1.653,23.98,23.99,23.6,23.55,24.0,23.47,5347050.0,127147372.0,10:55:09
sz001201,东瑞股份,11.98,0.17,1.439,11.97,11.98,11.81,11.86,12.05,11.76,1505200.0,18015303.0,10:54:33
sz001202,炬申股份,13.52,0.04,0.297,13.52,13.53,13.48,13.54,13.65,13.13,1127900.0,15167728.0,10:55:09
sz001203,大中矿业,26.24,-1.63,-5.849,26.24,26.25,27.87,27.41,27.75,26.18,13843400.0,373172273.0,10:55:09
sz001205,盛航股份,14.55,-0.05,-0.342,14.54,14.56,14.6,14.55,14.69,14.48,1233600.0,17941844.0,10:55:09
sz001206,依依股份,16.58,0.34,2.094,16.57,16.58,16.24,16.12,16.7,16.06,2241300.0,36964656.0,10:55:09
sz001207,联科科技,16.51,-0.29,-1.726,16.51,16.53,16.8,16.68,16.69,16.27,1806460.0,29789899.0,10:55:03
sz001208,华菱线缆,13.27,0.14,1.066,13.26,13.27,13.13,13.02,13.4,12.95,4891144.0,64629429.0,10:55:06
sz001209,洪兴股份,17.49,-0.01,-0.057,17.48,17.49,17.5,17.5,17.67,17.35,847700.0,14821256.0,10:55:09
sz001210,金房能源,26.23,-0.19,-0.719,26.23,26.24,26.42,26.29,26.98,25.79,5928121.0,156616709.0,10:55:09
sz001211,双枪科技,23.91,-0.39,-1.605,23.9,23.91,24.3,24.19,24.33,23.89,1263800.0,30455597.0,10:55:03
sz001212,中旗新材,32.33,-0.47,-1.433,32.34,32.35,32.8,32.3,32.75,32.05,1154600.0,37374344.0,10:55:09
sz001213,中铁特货,3.56,0.06,1.714,3.55,3.56,3.5,3.49,3.56,3.49,4497100.0,15878655.0,10:55:09
sz001215,千味央厨,31.13,0.23,0.744,31.03,31.13,30.9,30.76,31.47,30.52,786000.0,24350742.0,10:55:09
sz001216,华瓷股份,14.45,0.05,0.347,14.45,14.46,14.4,14.31,14.6,14.31,578500.0,8380128.0,10:54:57
sz001217,华尔泰,10.05,0.09,0.904,10.04,10.05,9.96,9.91,10.11,9.9,2003200.0,20088620.0,10:55:09
sz001218,丽臣实业,23.49,0.08,0.342,23.48,23.49,23.41,23.23,23.76,23.23,1384900.0,32642735.0,10:55:09
sz001219,青岛食品,12.57,0.15,1.208,12.56,12.57,12.42,12.33,12.61,12.3,1108893.0,13885338.0,10:54:48
sz001220,世盟股份,31.76,0.0,0.0,31.73,31.76,31.76,31.63,31.8,31.45,222983.0,7051496.0,10:54:24
sz001221,悍高集团,37.92,-0.19,-0.499,37.92,38.01,38.11,37.8,38.19,37.21,1096399.0,41315394.0,10:55:03
sz001222,源飞宠物,14.4,0.17,1.195,14.4,14.41,14.23,14.13,14.49,14.05,1517300.0,21760941.0,10:55:06
sz001223,欧克科技,39.47,-0.73,-1.816,39.4,39.47,40.2,40.2,40.2,39.1,655092.0,25907172.0,10:55:03
sz001225,和泰机电,47.09,1.07,2.325,47.06,47.1,46.02,46.1,47.4,45.66,845000.0,39533166.0,10:55:03
sz001226,拓山重工,45.86,-1.33,-2.818,45.86,45.92,47.19,47.97,47.97,45.61,333800.0,15429142.0,10:54:54
sz001227,兰州银行,2.16,0.04,1.887,2.15,2.16,2.12,2.13,2.16,2.12,62340241.0,133652905.0,10:55:09
sz001228,永泰运,29.2,0.06,0.206,29.2,29.23,29.14,29.08,29.43,28.85,806800.0,23578576.0,10:55:09
sz001229,魅视科技,42.68,-0.82,-1.885,42.64,42.67,43.5,43.56,43.56,41.89,1857200.0,79219650.0,10:55:00
sz001230,劲旅环境,23.63,0.22,0.94,23.63,23.64,23.41,23.17,24.25,23.09,9916528.0,234981731.0,10:55:09
sz001231,农心科技,20.8,0.09,0.435,20.79,20.81,20.71,20.6,21.12,20.57,617600.0,12879141.0,10:55:03
sz001232,嘉立创,145.85,2.77,1.936,145.72,145.85,143.08,140.51,147.39,140.51,2424971.0,350437295.0,10:55:09
sz001233,海安集团,43.57,0.42,0.973,43.57,43.63,43.15,43.09,43.99,42.81,478032.0,20760996.0,10:55:09
sz001234,泰慕士,22.04,0.14,0.639,22.02,22.05,21.9,21.72,22.26,21.67,775800.0,17047842.0,10:55:09
sz001236,弘业期货,7.78,0.15,1.966,7.78,7.79,7.63,7.64,7.89,7.64,9101166.0,70996201.0,10:55:09
sz001237,惠康科技,51.59,0.16,0.311,51.58,51.59,51.43,51.3,52.08,51.05,513624.0,26538267.0,10:55:09
sz001238,浙江正特,24.96,0.3,1.217,24.95,24.98,24.66,24.68,25.1,24.66,196780.0,4909382.0,10:55:03
sz001239,永达股份,12.09,0.21,1.768,12.07,12.09,11.88,11.93,12.12,11.81,988800.0,11895203.0,10:55:06
sz001248,华润新能,12.04,0.01,0.083,12.03,12.04,12.03,12.01,12.09,11.9,19801107.0,237189357.0,10:55:09
sz001255,博菲电气,25.64,-0.16,-0.62,25.63,25.65,25.8,25.7,25.91,25.27,661808.0,16944370.0,10:55:06
sz001256,炜冈科技,22.41,0.01,0.045,22.41,22.42,22.4,22.23,22.79,21.97,1554400.0,34866510.0,10:55:06
sz001257,盛龙股份,24.83,-1.14,-4.39,24.83,24.85,25.97,25.36,25.96,24.73,18284360.0,461806521.0,10:55:09
sz001258,立新能源,11.94,-0.63,-5.012,11.94,11.95,12.57,12.31,12.75,11.85,74039083.0,905635407.0,10:55:09
sz001259,利仁科技,45.22,-0.13,-0.287,45.13,45.22,45.35,44.8,45.97,44.11,597300.0,26883829.0,10:55:09
sz001260,坤泰股份,17.96,0.0,0.0,17.96,17.98,17.96,17.64,18.23,17.4,2266400.0,40331409.0,10:55:09
sz001266,宏英智能,33.61,-0.19,-0.562,33.61,33.65,33.8,33.57,34.04,32.95,791620.0,26494034.0,10:55:06
sz001267,汇绿生态,37.69,-1.45,-3.705,37.68,37.69,39.14,37.91,38.41,36.5,20746421.0,775330987.0,10:55:09
sz001268,联合精密,24.66,2.24,9.991,24.66,0.0,22.42,23.39,24.66,23.39,2918900.0,71202730.0,10:55:09
sz001269,欧晶科技,18.87,-0.09,-0.475,18.86,18.87,18.96,18.92,19.16,18.73,607600.0,11476618.0,10:55:06
sz001270,铖昌科技,98.97,0.47,0.477,98.96,98.99,98.5,97.83,101.25,96.58,3150239.0,311122105.0,10:55:06
sz001277,速达股份,32.83,0.94,2.948,32.82,32.83,31.89,30.81,33.4,30.81,8274358.0,265904513.0,10:55:09
sz001278,一彬科技,16.11,0.24,1.512,16.1,16.11,15.87,15.83,16.39,15.62,1562900.0,25162021.0,10:55:03
sz001279,强邦新材,25.26,0.17,0.678,25.24,25.26,25.09,25.0,25.39,24.96,257000.0,6487860.0,10:55:09
sz001280,中国铀业,68.26,-1.34,-1.925,68.11,68.27,69.6,69.6,69.61,67.08,5200404.0,354488695.0,10:55:09
sz001282,三联锻造,15.88,0.05,0.316,15.86,15.88,15.83,15.78,16.03,15.63,694353.0,10992290.0,10:55:03
sz001283,豪鹏科技,42.92,-2.33,-5.149,42.9,42.91,45.25,44.35,44.45,42.3,3124730.0,134974853.0,10:55:09
sz001285,瑞立科密,41.27,0.67,1.65,41.29,41.39,40.6,40.44,41.98,40.16,654378.0,26861523.0,10:55:09
sz001286,陕西能源,9.42,0.04,0.426,9.42,9.43,9.38,9.38,9.54,9.35,10951880.0,103570902.0,10:55:09
sz001287,中电港,22.03,-0.22,-0.989,22.03,22.05,22.25,21.95,22.29,21.56,8006370.0,175604876.0,10:55:09
sz001288,运机集团,25.71,-0.3,-1.153,25.71,25.72,26.01,25.6,26.3,25.58,1407454.0,36493833.0,10:55:09
sz001289,龙源电力,15.71,-0.01,-0.064,15.71,15.72,15.72,15.67,15.78,15.67,1790162.0,28146005.0,10:55:03
sz001296,长江材料,19.35,0.08,0.415,19.35,19.37,19.27,19.17,19.69,19.04,663400.0,12812846.0,10:55:09
sz001298,好上好,17.37,0.03,0.173,17.37,17.39,17.34,17.11,17.49,17.02,2262080.0,39076717.0,10:55:09
sz001299,美能能源,9.99,0.06,0.604,9.99,10.0,9.93,9.94,10.08,9.89,1516874.0,15167713.0,10:55:09
sz001300,三柏硕,11.61,0.13,1.132,11.6,11.61,11.48,11.42,11.7,11.3,2819300.0,32576624.0,10:55:09
sz001301,尚太科技,61.98,-1.84,-2.883,61.96,61.98,63.82,63.51,63.79,61.39,2859715.0,177798975.0,10:55:09
sz001306,夏厦精密,53.18,0.42,0.796,53.18,53.2,52.76,53.04,53.74,52.18,214900.0,11383207.0,10:55:09
sz001308,康冠科技,17.76,0.04,0.226,17.75,17.76,17.72,17.6,17.89,17.49,1021990.0,18086228.0,10:55:03
sz001309,德明利,394.66,-5.7,-1.424,394.66,394.75,400.36,390.0,399.3,386.15,4749493.0,1862693719.0,10:55:09
sz001311,多利科技,17.37,-0.35,-1.975,17.37,17.38,17.72,17.5,17.77,17.37,1741260.0,30619845.0,10:55:09
sz001312,福恩股份,17.23,0.11,0.643,17.22,17.23,17.12,17.13,17.28,17.06,470091.0,8078627.0,10:55:09
sz001313,粤海饲料,7.68,0.05,0.655,7.67,7.68,7.63,7.63,7.74,7.56,6196600.0,47461947.0,10:55:09
sz001314,亿道信息,50.01,-2.49,-4.743,50.01,50.02,52.5,53.35,53.4,49.9,2863700.0,146823450.0,10:55:09
sz001316,润贝航科,26.08,-0.72,-2.687,26.06,26.08,26.8,26.54,26.81,25.82,1635238.0,42920661.0,10:55:09
sz001317,三羊马,49.75,1.78,3.711,49.64,49.88,47.97,47.0,50.6,46.53,4384326.0,214140090.0,10:55:09
sz001318,阳光乳业,11.23,0.3,2.745,11.22,11.23,10.93,10.95,11.61,10.94,3942199.0,44354238.0,10:55:06
sz001319,铭科精技,19.51,0.01,0.051,19.51,19.53,19.5,19.29,19.76,19.2,1306300.0,25470132.0,10:55:09
sz001322,箭牌家居,6.26,0.08,1.294,6.25,6.26,6.18,6.16,6.27,6.13,1268300.0,7893403.0,10:55:06
sz001323,慕思股份,18.6,0.1,0.541,18.6,18.62,18.5,18.46,18.68,18.18,879889.0,16298607.0,10:54:57
sz001324,长青科技,18.28,0.68,3.864,18.28,18.3,17.6,17.5,18.3,17.35,2188200.0,38956396.0,10:55:09
sz001325,元创股份,39.72,0.18,0.455,39.68,39.72,39.54,39.2,39.93,38.72,845099.0,33286835.0,10:55:09
sz001326,联域股份,64.53,0.18,0.28,64.46,64.52,64.35,64.99,67.0,61.8,2075102.0,133561493.0,10:55:09
sz001328,登康口腔,28.89,0.93,3.326,28.86,28.89,27.96,27.89,28.96,27.8,1130401.0,32363252.0,10:55:09
sz001330,博纳影业,4.83,0.15,3.205,4.82,4.83,4.68,4.68,4.95,4.62,47257400.0,229166143.0,10:55:09
sz001331,胜通能源,42.66,-1.01,-2.313,42.67,42.69,43.67,44.0,44.5,41.8,3256055.0,138262490.0,10:55:09
sz001332,锡装股份,27.4,-2.86,-9.451,27.4,27.43,30.26,28.15,29.66,27.23,2838281.0,78047934.0,10:55:00
sz001333,光华股份,19.97,-0.84,-4.037,19.97,19.98,20.81,20.45,20.64,19.97,1886400.0,38234470.0,10:55:03
sz001335,信凯科技,31.46,0.46,1.484,31.39,31.45,31.0,31.01,31.7,30.81,363300.0,11376778.0,10:54:51
sz001336,楚环科技,18.62,0.09,0.486,18.59,18.62,18.53,18.45,18.86,18.21,587300.0,10900274.0,10:55:03
sz001337,四川黄金,55.1,-1.5,-2.65,55.09,55.1,56.6,56.71,59.05,54.65,26525797.0,1502408058.0,10:55:09
sz001338,永顺泰,8.78,0.18,2.093,8.77,8.78,8.6,8.6,9.18,8.6,10395300.0,91969607.0,10:55:09
sz001339,智微智能,73.0,-1.8,-2.406,72.99,73.0,74.8,73.31,74.3,71.85,2545496.0,186111520.0,10:55:09
sz001356,富岭股份,9.21,-0.24,-2.54,9.21,9.22,9.45,9.29,9.36,9.21,4549117.0,42163525.0,10:55:03
sz001358,兴欣新材,25.2,0.0,0.0,25.2,25.25,25.2,25.37,25.62,24.93,1160213.0,29360118.0,10:55:09
sz001359,平安电工,83.98,-4.7,-5.3,83.98,84.05,88.68,87.65,87.65,83.71,1947400.0,165844756.0,10:55:09
sz001360,南矿集团,17.17,-1.01,-5.556,17.16,17.17,18.18,18.0,18.17,17.11,5979154.0,104341931.0,10:55:09
sz001365,天海电子,33.97,-0.15,-0.44,33.97,33.98,34.12,33.8,34.13,33.45,1618393.0,54678430.0,10:55:09
sz001366,播恩集团,12.28,0.16,1.32,12.27,12.28,12.12,12.04,12.44,11.88,3694800.0,45165130.0,10:54:54
sz001367,海森药业,20.48,0.04,0.196,20.46,20.47,20.44,20.37,20.87,20.01,3567030.0,72926642.0,10:55:09
sz001368,通达创智,23.03,-0.22,-0.946,23.02,23.03,23.25,23.25,23.38,22.74,1213000.0,27838225.0,10:55:09
sz001369,双欣材料,12.38,0.08,0.65,12.38,12.39,12.3,12.29,12.58,12.24,3022347.0,37529873.0,10:55:00
sz001373,翔腾新材,28.51,0.41,1.459,28.46,28.47,28.1,27.73,28.7,27.53,687700.0,19355810.0,10:55:09
sz001376,百通能源,10.31,-0.01,-0.097,10.31,10.32,10.32,10.34,10.44,10.24,3369100.0,34850725.0,10:55:09
sz001378,德冠新材,20.1,0.05,0.249,20.08,20.1,20.05,20.01,20.42,19.7,1789680.0,35944547.0,10:55:09
sz001379,腾达科技,15.9,0.0,0.0,15.89,15.91,15.9,15.75,16.07,15.72,1019500.0,16209931.0,10:55:09
sz001380,华纬科技,16.75,-0.01,-0.06,16.74,16.75,16.76,16.72,16.86,16.55,403632.0,6746195.0,10:55:00
sz001382,新亚电缆,16.65,-0.08,-0.478,16.65,16.67,16.73,16.47,16.75,16.3,1233729.0,20429620.0,10:55:09
sz001386,马可波罗,15.34,0.16,1.054,15.33,15.34,15.18,15.12,15.43,15.12,1230395.0,18861265.0,10:55:09
sz001387,雪祺电气,12.08,0.13,1.088,12.08,12.1,11.95,11.94,12.18,11.84,1289460.0,15541231.0,10:55:03
sz001388,信通电子,21.0,0.05,0.239,20.99,21.0,20.95,20.7,21.27,20.65,1583535.0,33246814.0,10:55:09
sz001389,广合科技,149.1,-0.5,-0.334,149.1,149.15,149.6,149.29,150.58,145.31,2632218.0,389620810.0,10:55:09
sz001390,古麒绒材,17.23,-0.01,-0.058,17.22,17.24,17.24,17.11,17.34,17.11,435100.0,7514834.0,10:55:09
sz001391,国货航,4.14,0.05,1.222,4.13,4.14,4.09,4.09,4.15,4.08,8585762.0,35393978.0,10:55:09
sz001393,维通利,40.91,-0.25,-0.607,40.9,40.98,41.16,41.16,41.4,40.52,651924.0,26691439.0,10:55:03
sz001395,亚联机械,28.6,0.15,0.527,28.58,28.6,28.45,28.25,28.74,28.16,625998.0,17811861.0,10:55:09
sz001396,誉帆科技,33.62,0.04,0.119,33.62,33.63,33.58,33.26,33.9,33.26,237226.0,7982071.0,10:55:09
sz001399,惠科股份,22.21,-0.37,-1.639,22.2,22.21,22.58,22.35,22.36,21.95,9821301.0,217548590.0,10:55:09
sz001400,江顺科技,80.7,-0.45,-0.555,80.27,80.7,81.15,78.61,84.5,78.58,2211655.0,179089180.0,10:55:09
sz001696,宗申动力,14.78,-0.06,-0.404,14.78,14.8,14.84,14.67,15.0,14.56,14503798.0,214347510.0,10:55:09
sz001872,招商港口,23.27,0.1,0.432,23.26,23.27,23.17,23.39,23.72,23.05,1810500.0,42224881.0,10:55:09
sz001896,豫能控股,11.74,-0.17,-1.427,11.73,11.74,11.91,11.8,11.99,11.67,25657221.0,303591456.0,10:55:09
sz001914,招商积余,8.81,0.14,1.615,8.81,8.82,8.67,8.65,8.86,8.63,2968800.0,26033491.0,10:55:09
sz001965,招商公路,9.64,0.35,3.767,9.64,9.65,9.29,9.35,9.65,9.35,23412099.0,222059956.0,10:55:09
sz001979,招商蛇口,7.17,-0.07,-0.967,7.17,7.18,7.24,7.2,7.28,7.14,34904900.0,250993385.0,10:55:09
sz002001,新 和 成,26.21,-0.11,-0.418,26.21,26.22,26.32,26.26,26.54,26.13,12606030.0,332120435.0,10:55:09
sz002003,伟星股份,10.69,-0.06,-0.558,10.68,10.69,10.75,10.75,10.82,10.62,4583820.0,49055251.0,10:55:09
sz002004,华邦健康,4.51,0.04,0.895,4.5,4.51,4.47,4.44,4.52,4.44,11128315.0,50024664.0,10:55:09
sz002005,德豪润达,2.36,-0.01,-0.422,2.36,2.37,2.37,2.36,2.4,2.35,5596300.0,13282344.0,10:55:06
sz002006,精工科技,12.96,0.1,0.778,12.96,12.97,12.86,12.85,13.08,12.78,2600900.0,33632008.0,10:55:09
sz002007,华兰生物,12.96,0.12,0.935,12.95,12.96,12.84,12.8,13.03,12.79,5243703.0,67784603.0,10:55:09
sz002008,大族激光,83.71,-2.39,-2.776,83.71,83.74,86.1,84.04,84.97,82.33,16717338.0,1397100730.0,10:55:09
sz002009,天奇股份,16.37,0.06,0.368,16.36,16.37,16.31,16.11,16.54,16.08,3691700.0,60339163.0,10:55:09
sz002010,传化智联,4.67,0.03,0.647,4.67,4.68,4.64,4.64,4.69,4.62,5839111.0,27231488.0,10:55:09
sz002011,盾安环境,9.93,0.14,1.43,9.92,9.93,9.79,9.79,9.96,9.79,4552888.0,45002842.0,10:55:09
sz002012,凯恩股份,6.69,0.09,1.364,6.68,6.69,6.6,6.68,6.79,6.51,6280830.0,41864378.0,10:55:09
sz002014,永新股份,11.04,0.08,0.73,11.03,11.04,10.96,10.92,11.07,10.92,1585841.0,17479694.0,10:55:09
sz002015,协鑫能科,16.19,0.62,3.982,16.18,16.19,15.57,15.85,17.12,15.85,146425508.0,2391206503.0,10:55:09
sz002016,世荣兆业,4.54,0.07,1.566,4.54,4.55,4.47,4.46,4.55,4.46,3624400.0,16391586.0,10:55:09
sz002017,东信和平,16.99,1.01,6.32,16.99,17.0,15.98,15.39,17.27,15.23,73906165.0,1193622885.0,10:55:09
sz002019,亿帆医药,9.92,0.08,0.813,9.91,9.92,9.84,9.84,9.99,9.77,4619802.0,45740479.0,10:55:09
sz002020,京新药业,12.71,0.02,0.158,12.7,12.71,12.69,12.65,12.8,12.64,3543787.0,45057607.0,10:55:09
sz002021,中捷资源,2.66,0.05,1.916,2.65,2.66,2.61,2.61,2.67,2.58,14403200.0,38027102.0,10:55:06
sz002022,科华生物,5.57,0.04,0.723,5.57,5.58,5.53,5.51,5.63,5.45,3906500.0,21729693.0,10:55:09
sz002023,海特高新,9.86,0.07,0.715,9.84,9.85,9.79,9.75,9.99,9.61,7874853.0,77275665.0,10:55:09
sz002024,ST易购,1.18,0.0,0.0,1.18,1.19,1.18,1.17,1.19,1.17,10397901.0,12267606.0,10:55:09
sz002025,航天电器,59.76,0.39,0.657,59.76,59.78,59.37,58.59,60.66,57.88,5388276.0,319229868.0,10:55:09
sz002026,山东威达,10.09,-0.14,-1.369,10.09,10.1,10.23,10.03,10.18,9.8,3530700.0,35331652.0,10:55:09
sz002027,分众传媒,4.92,0.04,0.82,4.91,4.92,4.88,4.89,4.96,4.88,67290843.0,331381671.0,10:55:09
sz002028,思源电气,171.15,-4.05,-2.312,171.11,171.22,175.2,173.2,175.0,169.19,2456735.0,420941809.0,10:55:09
sz002029,七 匹 狼,8.67,0.18,2.12,8.66,8.67,8.49,8.46,8.75,8.45,9073825.0,77994331.0,10:55:03
sz002030,达安基因,5.42,0.03,0.557,5.42,5.43,5.39,5.38,5.48,5.32,12808183.0,69489167.0,10:55:09
sz002031,巨轮智能,5.04,0.01,0.199,5.03,5.04,5.03,4.98,5.12,4.96,35286242.0,177892631.0,10:55:09
sz002032,苏 泊 尔,40.79,0.35,0.865,40.78,40.83,40.44,40.5,40.98,40.48,808400.0,32916999.0,10:55:09
sz002033,丽江股份,9.1,0.15,1.676,9.1,9.11,8.95,9.0,9.14,8.95,14389293.0,130861206.0,10:55:09
sz002034,旺能环境,13.62,0.14,1.039,13.62,13.63,13.48,13.5,13.73,13.48,2850701.0,38844877.0,10:55:03
sz002035,华帝股份,4.83,0.12,2.548,4.82,4.83,4.71,4.69,4.85,4.69,10166600.0,48684380.0,10:55:09
sz002036,联创电子,6.66,0.14,2.147,6.65,6.66,6.52,6.5,6.8,6.41,26649577.0,176099771.0,10:55:09
sz002037,保利联合,6.77,0.08,1.196,6.75,6.76,6.69,6.68,6.81,6.68,1831949.0,12383013.0,10:55:06
sz002038,双鹭药业,6.22,-0.15,-2.355,6.21,6.22,6.37,6.08,6.37,5.99,59356285.0,367475467.0,10:55:09
sz002039,黔源电力,19.34,-0.14,-0.719,19.33,19.34,19.48,19.4,19.58,19.28,2443170.0,47350183.0,10:55:09
sz002040,南 京 港,8.99,0.29,3.333,8.99,9.0,8.7,8.71,9.48,8.71,20979726.0,191038200.0,10:55:03
sz002041,登海种业,11.21,1.02,10.01,11.21,0.0,10.19,10.18,11.21,10.16,41298337.0,444227311.0,10:55:09
sz002042,华孚时尚,3.82,0.08,2.139,3.81,3.82,3.74,3.74,3.84,3.73,13492100.0,51210886.0,10:55:09
sz002043,兔 宝 宝,13.02,-0.3,-2.252,13.01,13.02,13.32,13.31,13.38,13.01,4279700.0,56136226.0,10:55:09
sz002044,美年健康,4.62,0.01,0.217,4.61,4.62,4.61,4.58,4.64,4.58,22365700.0,103078949.0,10:55:09
sz002045,国光电器,8.9,0.1,1.136,8.9,8.91,8.8,8.7,8.99,8.7,17286192.0,152890164.0,10:55:09
sz002046,国机精工,47.55,-0.25,-0.523,47.52,47.56,47.8,46.7,48.55,46.07,4457202.0,211086520.0,10:55:09
sz002047,宝鹰股份,3.22,0.01,0.312,3.22,3.23,3.21,3.17,3.28,3.15,19323359.0,62185621.0,10:55:03
sz002048,宁波华翔,18.83,-0.13,-0.686,18.82,18.83,18.96,18.88,19.03,18.55,5521900.0,103874365.0,10:55:09
sz002049,紫光国微,61.14,0.15,0.246,61.13,61.14,60.99,60.3,61.31,60.2,5353926.0,325129004.0,10:55:09
sz002050,三花智控,35.63,-0.08,-0.224,35.63,35.64,35.71,35.48,36.08,35.13,17459954.0,621809498.0,10:55:09
sz002051,中工国际,8.42,-0.02,-0.237,8.41,8.42,8.44,8.36,8.46,8.31,7933187.0,66586787.0,10:55:09
sz002052,同洲电子,8.75,-0.33,-3.634,8.74,8.75,9.08,8.9,9.0,8.66,12236200.0,107717850.0,10:55:09
sz002053,云南能投,9.17,0.01,0.109,9.17,9.18,9.16,9.19,9.26,9.13,2430300.0,22365489.0,10:55:06
sz002054,德美化工,7.15,-0.01,-0.14,7.15,7.16,7.16,7.11,7.23,7.05,5627850.0,40417205.0,10:55:09
sz002055,ST得润,6.03,0.05,0.836,6.03,6.04,5.98,5.92,6.1,5.92,5938739.0,35835957.0,10:55:06
sz002056,横店东磁,20.96,-0.35,-1.642,20.96,20.97,21.31,21.21,21.21,20.63,7658378.0,160424919.0,10:55:09
sz002057,中钢天源,8.64,-0.09,-1.031,8.64,8.65,8.73,8.68,8.76,8.61,7129412.0,61957873.0,10:55:09
sz002058,威尔泰,16.12,0.19,1.193,16.12,16.13,15.93,15.63,16.27,15.63,1049500.0,16792987.0,10:55:03
sz002059,云南旅游,4.53,0.08,1.798,4.53,4.54,4.45,4.45,4.6,4.45,11465100.0,52225438.0,10:55:03
sz002060,广东建工,3.18,0.06,1.923,3.18,3.19,3.12,3.11,3.2,3.1,13024964.0,41182179.0,10:55:09
sz002061,浙江交科,3.54,0.07,2.017,3.54,3.55,3.47,3.48,3.56,3.47,11831569.0,41699145.0,10:55:09
sz002062,宏润建设,7.98,0.19,2.439,7.96,7.98,7.79,7.79,8.02,7.68,6769361.0,53385681.0,10:55:06
sz002063,远光软件,5.34,0.07,1.328,5.33,5.34,5.27,5.27,5.35,5.26,9045944.0,48067257.0,10:55:09
sz002064,华峰化学,11.24,-0.15,-1.317,11.23,11.24,11.39,11.34,11.53,11.2,16685795.0,189648099.0,10:55:09
sz002065,东华软件,6.82,0.02,0.294,6.82,6.83,6.8,6.76,6.86,6.76,12187900.0,83078461.0,10:55:09
sz002066,瑞泰科技,22.31,0.64,2.953,22.3,22.31,21.67,21.5,22.5,21.5,3115300.0,69277734.0,10:55:03
sz002067,景兴纸业,3.97,0.03,0.761,3.97,3.98,3.94,3.91,4.02,3.9,16604494.0,66184991.0,10:55:09
sz002068,黑猫股份,7.73,-0.02,-0.258,7.72,7.73,7.75,7.66,7.8,7.62,6440100.0,49726643.0,10:55:09
sz002069,獐子岛,3.53,0.04,1.146,3.53,3.54,3.49,3.48,3.55,3.48,6656901.0,23482687.0,10:55:09
sz002072,凯瑞德,7.21,-0.09,-1.233,7.21,7.22,7.3,7.27,7.34,7.2,2612992.0,18963791.0,10:55:06
sz002073,软控股份,5.95,-0.04,-0.668,5.94,5.95,5.99,5.95,6.0,5.92,11237450.0,66928794.0,10:55:09
sz002074,国轩高科,26.86,-0.31,-1.141,26.86,26.88,27.17,27.17,27.73,26.86,16443904.0,447938197.0,10:55:09
sz002075,沙钢股份,3.65,0.06,1.671,3.64,3.65,3.59,3.58,3.66,3.57,15401554.0,55930185.0,10:55:09
sz002076,星光股份,2.09,0.03,1.456,2.09,2.1,2.06,2.05,2.11,2.04,12941500.0,26857230.0,10:55:03
sz002077,大港股份,11.89,-0.19,-1.573,11.89,11.9,12.08,11.92,12.03,11.71,7616415.0,90455974.0,10:55:09
sz002078,太阳纸业,13.78,0.03,0.218,13.78,13.79,13.75,13.66,13.93,13.66,4628500.0,64004163.0,10:55:09
sz002079,苏州固锝,9.17,-0.21,-2.239,9.17,9.18,9.38,9.23,9.28,8.99,14834300.0,135503829.0,10:55:06
sz002080,中材科技,47.64,-1.79,-3.621,47.65,47.66,49.43,48.3,48.57,46.59,30906208.0,1473994624.0,10:55:09
sz002081,金 螳 螂,5.5,0.5,10.0,5.5,0.0,5.0,4.96,5.5,4.82,203294070.0,1055904458.0,10:55:09
sz002082,ST万邦,9.5,0.06,0.636,9.5,9.51,9.44,9.35,9.61,9.34,3238800.0,30767312.0,10:54:57
sz002083,孚日股份,10.09,-0.3,-2.887,10.08,10.09,10.39,10.25,10.3,10.02,16205400.0,164492589.0,10:55:09
sz002084,海鸥住工,4.35,0.4,10.127,4.35,0.0,3.95,4.35,4.35,4.35,2250545.0,9789871.0,10:55:09
sz002085,万丰奥威,10.25,0.08,0.787,10.25,10.26,10.17,10.14,10.34,10.09,7701757.0,78697255.0,10:55:09
sz002086,东方海洋,2.04,0.03,1.493,2.04,2.05,2.01,2.0,2.07,1.99,33116280.0,67423245.0,10:55:09
sz002088,鲁阳节能,8.36,0.14,1.703,8.37,8.38,8.22,8.12,8.44,8.11,1854140.0,15413093.0,10:55:09
sz002090,金智科技,9.52,0.02,0.211,9.51,9.52,9.5,9.45,9.66,9.35,5065700.0,48308502.0,10:55:06
sz002091,江苏国泰,7.76,0.06,0.779,7.76,7.77,7.7,7.65,7.81,7.65,5156100.0,40005372.0,10:55:09
sz002092,中泰化学,4.43,0.0,0.0,4.42,4.43,4.43,4.4,4.52,4.4,31463200.0,140581889.0,10:55:09
sz002093,国脉科技,6.81,0.18,2.715,6.8,6.81,6.63,6.6,6.82,6.57,6232100.0,41957071.0,10:55:09
sz002094,青岛金王,5.14,0.47,10.064,5.14,0.0,4.67,4.68,5.14,4.62,33080664.0,163772172.0,10:55:09
sz002095,生 意 宝,14.19,0.24,1.72,14.18,14.19,13.95,13.95,14.25,13.88,1330100.0,18772236.0,10:55:00
sz002096,易普力,9.24,0.0,0.0,9.23,9.24,9.24,9.28,9.3,9.2,1228400.0,11368987.0,10:55:09
sz002097,山河智能,7.24,0.12,1.685,7.23,7.24,7.12,7.15,7.27,7.09,9386800.0,67779042.0,10:55:09
sz002098,浔兴股份,7.12,0.12,1.714,7.12,7.13,7.0,7.0,7.14,6.95,1586900.0,11219525.0,10:55:06
sz002099,海翔药业,5.1,0.05,0.99,5.1,5.11,5.05,5.06,5.17,5.02,6388418.0,32619989.0,10:55:09
sz002100,天康生物,7.24,0.07,0.976,7.24,7.25,7.17,7.16,7.32,7.13,11815343.0,85706478.0,10:55:06
sz002101,广东鸿图,8.75,0.23,2.7,8.74,8.75,8.52,8.6,8.79,8.54,3702300.0,32248862.0,10:55:09
sz002102,ST能特,2.24,-0.01,-0.444,2.23,2.25,2.25,2.27,2.27,2.22,4386200.0,9818130.0,10:55:09
sz002103,广博股份,6.59,0.17,2.648,6.58,6.59,6.42,6.45,6.6,6.38,4120500.0,26934899.0,10:55:09
sz002104,恒宝股份,11.69,0.18,1.564,11.68,11.69,11.51,11.22,11.89,10.95,77558264.0,882023628.0,10:55:09
sz002105,信隆健康,5.9,0.05,0.855,5.9,5.91,5.85,5.72,5.95,5.72,4203400.0,24681060.0,10:55:09
sz002106,莱宝高科,10.06,-0.1,-0.984,10.05,10.07,10.16,10.0,10.17,9.89,5521600.0,55331540.0,10:54:57
sz002107,沃华医药,6.21,0.11,1.803,6.2,6.21,6.1,6.1,6.25,6.03,4787800.0,29647387.0,10:55:09
sz002108,沧州明珠,4.39,0.04,0.92,4.39,4.4,4.35,4.35,4.42,4.33,16722809.0,73324760.0,10:55:06
sz002109,ST兴化,2.76,0.11,4.151,2.75,2.76,2.65,2.68,2.8,2.68,5927350.0,16280674.0,10:55:09
sz002110,三钢闽光,2.97,0.02,0.678,2.97,2.98,2.95,2.94,3.0,2.94,12760100.0,37978156.0,10:55:09
sz002111,威海广泰,9.44,0.0,0.0,9.43,9.44,9.44,9.35,9.51,9.35,3009340.0,28415713.0,10:55:06
sz002112,三变科技,14.98,-0.24,-1.577,14.98,14.99,15.22,15.2,15.23,14.85,4632297.0,69659777.0,10:55:09
sz002114,罗平锌电,7.31,-0.13,-1.747,7.31,7.32,7.44,7.33,7.5,7.3,4638301.0,34333920.0,10:55:09
sz002115,三维通信,10.58,-0.24,-2.218,10.58,10.59,10.82,10.52,10.65,10.25,38605732.0,401992534.0,10:55:09
sz002116,中国海诚,7.23,0.15,2.119,7.23,7.24,7.08,7.03,7.25,7.03,2589086.0,18617557.0,10:55:09
sz002117,东港股份,8.16,0.03,0.369,8.15,8.16,8.13,8.04,8.17,7.97,5166700.0,41631539.0,10:55:09
sz002119,康强电子,22.13,-0.91,-3.95,22.13,22.14,23.04,22.53,22.6,21.65,13256393.0,293303362.0,10:55:09
sz002120,韵达股份,6.61,-0.01,-0.151,6.6,6.61,6.62,6.6,6.63,6.57,12085100.0,79817475.0,10:55:09
sz002121,科陆电子,4.99,0.01,0.201,4.99,5.0,4.98,4.96,5.05,4.94,13214050.0,66062499.0,10:55:09
sz002122,ST汇洲,2.73,0.02,0.738,2.73,2.74,2.71,2.71,2.75,2.67,6676100.0,18156428.0,10:55:09
sz002123,梦网科技,7.75,0.05,0.649,7.75,7.76,7.7,7.67,7.8,7.64,6396400.0,49478579.0,10:55:09
sz002124,天邦食品,2.26,0.02,0.893,2.25,2.27,2.24,2.21,2.29,2.18,48783375.0,109704146.0,10:55:09
sz002125,湘潭电化,12.69,-0.61,-4.586,12.69,12.7,13.3,13.2,13.23,12.66,25626699.0,329180680.0,10:55:09
sz002126,银轮股份,39.13,0.73,1.901,39.13,39.17,38.4,38.04,39.35,37.8,7191417.0,278217097.0,10:55:09
sz002127,南极电商,2.86,0.06,2.143,2.86,2.87,2.8,2.8,2.88,2.77,15793400.0,44936988.0,10:55:09
sz002128,电投能源,26.97,-0.61,-2.212,26.97,26.98,27.58,27.4,27.77,26.91,5932710.0,162028997.0,10:55:09
sz002129,TCL中环,9.21,-0.14,-1.497,9.2,9.21,9.35,9.25,9.32,9.12,34317625.0,316538633.0,10:55:09
sz002130,沃尔核材,16.65,0.78,4.915,16.65,16.66,15.87,16.29,16.85,16.2,27590622.0,457494576.0,10:55:09
sz002131,利欧股份,4.39,-0.01,-0.227,4.38,4.39,4.4,4.37,4.46,4.34,140176195.0,616857031.0,10:55:09
sz002132,恒星科技,4.68,-0.52,-10.0,4.68,4.69,5.2,5.19,5.24,4.68,139450612.0,684302537.0,10:55:09
sz002133,广宇集团,2.74,0.05,1.859,2.74,2.75,2.69,2.69,2.77,2.67,7449380.0,20427970.0,10:55:09
sz002134,天津普林,20.19,-0.55,-2.652,20.19,20.23,20.74,20.18,20.56,19.92,2720400.0,55113969.0,10:55:09
sz002135,东南网架,6.54,0.16,2.508,6.54,6.55,6.38,6.5,6.57,6.29,16166389.0,104845794.0,10:55:06
sz002136,安 纳 达,12.4,0.07,0.568,12.4,12.42,12.33,12.2,12.7,12.2,4603100.0,57454055.0,10:55:03
sz002137,实益达,7.46,0.01,0.134,7.45,7.46,7.45,7.32,7.6,7.27,7481900.0,55695335.0,10:55:03
sz002138,顺络电子,47.04,-0.62,-1.301,47.01,47.04,47.66,47.0,47.54,45.76,9743489.0,454665329.0,10:55:09
sz002139,拓邦股份,9.65,0.26,2.769,9.65,9.66,9.39,9.48,9.75,9.4,11578361.0,111921034.0,10:55:09
sz002140,东华科技,9.07,0.13,1.454,9.07,9.08,8.94,8.9,9.18,8.9,3769300.0,34363768.0,10:55:06
sz002141,贤丰控股,6.02,0.04,0.669,6.02,6.03,5.98,5.82,6.09,5.66,66239099.0,393281845.0,10:55:09
sz002142,宁波银行,33.78,-0.12,-0.354,33.77,33.79,33.9,33.91,34.12,33.53,10974810.0,370643971.0,10:55:09
sz002144,宏达高科,11.15,0.4,3.721,11.15,11.16,10.75,10.75,11.18,10.71,4835650.0,53428916.0,10:55:09
sz002145,钛能化学,4.3,0.0,0.0,4.3,4.31,4.3,4.29,4.33,4.28,15842022.0,68340769.0,10:55:09
sz002146,荣盛发展,1.17,0.04,3.54,1.16,1.17,1.13,1.13,1.17,1.12,65674152.0,75686491.0,10:55:09
sz002148,北纬科技,6.21,0.13,2.138,6.21,6.22,6.08,6.08,6.25,5.99,7996830.0,49262410.0,10:55:09
sz002149,西部材料,35.47,-1.2,-3.272,35.47,35.48,36.67,36.03,36.26,35.13,11563882.0,413246228.0,10:55:09
sz002150,正泰电源,21.47,-0.43,-1.963,21.46,21.47,21.9,21.72,21.81,21.05,3153781.0,67384540.0,10:55:09
sz002151,北斗星通,27.74,0.02,0.072,27.72,27.74,27.72,27.61,28.02,27.37,3829090.0,106085393.0,10:55:09
sz002152,广电运通,9.68,0.17,1.788,9.67,9.68,9.51,9.48,9.72,9.45,11687839.0,112306600.0,10:55:09
sz002153,石基信息,7.71,0.13,1.715,7.7,7.71,7.58,7.55,7.72,7.5,9707018.0,74062400.0,10:55:06
sz002154,报 喜 鸟,4.06,0.05,1.247,4.05,4.06,4.01,4.0,4.08,3.98,12969800.0,52241622.0,10:55:09
sz002155,湖南黄金,0.0,0.0,0.0,0.0,0.0,24.56,0.0,0.0,0.0,0.0,0.0,10:55:09
sz002156,通富微电,60.49,-0.75,-1.225,60.49,60.5,61.24,60.0,61.49,59.33,34215310.0,2065545723.0,10:55:09
sz002157,正邦科技,2.94,0.01,0.341,2.93,2.94,2.93,2.93,2.96,2.92,54849890.0,161354366.0,10:55:09
sz002158,汉钟精机,25.41,-0.55,-2.119,25.41,25.42,25.96,25.73,25.95,24.96,3068000.0,78034547.0,10:55:09
sz002159,三特索道,13.43,0.2,1.512,13.43,13.44,13.23,13.23,13.5,13.23,1582000.0,21220013.0,10:55:06
sz002160,常铝股份,3.98,0.0,0.0,3.98,3.99,3.98,3.95,4.02,3.93,8487290.0,33849516.0,10:55:09
sz002161,远 望 谷,5.81,0.02,0.345,5.81,5.82,5.79,5.67,5.87,5.62,7557300.0,43442289.0,10:55:09
sz002162,悦心健康,3.99,0.07,1.786,3.99,4.0,3.92,3.9,4.02,3.88,6193830.0,24620515.0,10:55:06
sz002163,海南发展,8.06,0.21,2.675,8.06,8.07,7.85,7.82,8.23,7.77,18659600.0,151113230.0,10:55:09
sz002164,宁波东力,10.92,0.0,0.0,10.91,10.92,10.92,10.84,11.04,10.76,2715200.0,29566032.0,10:55:09
sz002165,红 宝 丽,8.06,-0.01,-0.124,8.06,8.07,8.07,7.92,8.38,7.85,104468930.0,849277056.0,10:55:09
sz002166,莱茵生物,6.68,0.08,1.212,6.68,6.69,6.6,6.57,6.72,6.56,3926500.0,26168681.0,10:55:03
sz002167,东方锆业,15.87,-0.64,-3.876,15.87,15.88,16.51,16.53,17.01,15.73,39253367.0,643489163.0,10:55:09
sz002168,ST惠程,3.99,0.02,0.504,3.98,3.99,3.97,3.96,4.05,3.95,3446700.0,13775639.0,10:55:09
sz002169,智光电气,11.99,-0.24,-1.962,11.99,12.0,12.23,12.16,12.19,11.87,7410500.0,89085894.0,10:55:09
sz002170,芭田股份,11.1,-0.02,-0.18,11.09,11.1,11.12,11.1,11.37,11.07,11456300.0,128754499.0,10:55:09
sz002171,楚江新材,9.54,-0.23,-2.354,9.53,9.54,9.77,9.62,9.73,9.45,21475799.0,205401973.0,10:55:09
sz002172,澳洋健康,4.56,0.12,2.703,4.56,4.57,4.44,4.6,4.88,4.5,168676720.0,792006503.0,10:55:09
sz002173,创新医疗,18.49,0.82,4.641,18.49,18.5,17.67,18.21,19.0,18.15,39277848.0,728330567.0,10:55:09
sz002174,游族网络,11.84,-0.13,-1.086,11.84,11.85,11.97,11.92,12.05,11.77,9150332.0,108634431.0,10:55:09
sz002175,*ST东智,2.55,0.02,0.791,2.55,2.56,2.53,2.51,2.56,2.51,5289500.0,13453120.0,10:55:03
sz002176,江特电机,9.43,0.28,3.06,9.42,9.43,9.15,10.07,10.07,9.36,139170194.0,1347878191.0,10:55:09
sz002177,御银股份,5.98,0.17,2.926,5.97,5.98,5.81,5.79,6.02,5.72,47572934.0,282302243.0,10:55:09
sz002178,延华智能,4.55,0.07,1.562,4.54,4.55,4.48,4.48,4.56,4.43,6049900.0,27350788.0,10:55:09
sz002179,中航光电,33.19,0.18,0.545,33.18,33.19,33.01,32.87,33.3,32.37,11190355.0,367144803.0,10:55:09
sz002180,奔图科技,16.9,0.15,0.896,16.9,16.91,16.75,16.51,17.08,16.43,3599300.0,60570836.0,10:55:09
sz002181,粤 传 媒,8.21,0.13,1.609,8.21,8.22,8.08,8.04,8.3,7.99,10466100.0,85575339.0,10:55:09
sz002182,宝武镁业,11.71,0.21,1.826,11.71,11.72,11.5,11.47,12.04,11.39,13590500.0,159990230.0,10:55:06
sz002183,怡 亚 通,4.38,0.01,0.229,4.38,4.39,4.37,4.33,4.44,4.32,19050300.0,83719834.0,10:55:06
sz002184,海得控制,9.93,0.18,1.846,9.92,9.93,9.75,9.8,9.99,9.66,2830060.0,27962541.0,10:55:03
sz002185,华天科技,16.56,-0.32,-1.896,16.56,16.57,16.88,16.5,16.77,16.0,109875401.0,1802606271.0,10:55:09
sz002186,全 聚 德,9.45,0.27,2.941,9.44,9.45,9.18,9.17,9.45,9.12,2941000.0,27474596.0,10:55:06
sz002187,广百股份,5.41,0.13,2.462,5.41,5.42,5.28,5.3,5.45,5.25,6305000.0,33954746.0,10:55:09
sz002188,中天服务,5.47,0.07,1.296,5.47,5.48,5.4,5.34,5.5,5.31,5353601.0,29043624.0,10:55:09
sz002189,中光学,18.34,0.29,1.607,18.34,18.37,18.05,17.82,18.55,17.81,1304900.0,23950298.0,10:55:03
sz002190,成飞集成,22.63,-0.05,-0.22,22.63,22.64,22.68,22.53,23.02,22.4,2372200.0,53818708.0,10:55:09
sz002191,劲嘉股份,3.68,0.05,1.377,3.67,3.68,3.63,3.61,3.69,3.6,4483698.0,16427378.0,10:55:09
sz002192,融捷股份,72.06,-4.79,-6.233,72.03,72.06,76.85,75.2,75.88,71.9,21348149.0,1577439976.0,10:55:09
sz002193,ST如意,4.9,0.21,4.478,4.89,4.9,4.69,4.72,4.95,4.65,3968601.0,19346409.0,10:55:06
sz002194,武汉凡谷,10.06,0.13,1.309,10.06,10.07,9.93,9.74,10.17,9.7,12884420.0,128493280.0,10:55:09
sz002195,岩山科技,6.23,0.07,1.136,6.22,6.23,6.16,6.16,6.28,6.11,44134200.0,274008933.0,10:55:09
sz002196,方正电机,10.27,0.01,0.097,10.27,10.28,10.26,10.2,10.39,10.12,6062500.0,62172596.0,10:55:09
sz002197,证通电子,6.59,0.16,2.488,6.58,6.59,6.43,6.46,6.64,6.34,11476200.0,74783863.0,10:55:09
sz002198,ST嘉应,3.34,0.02,0.602,3.34,3.35,3.32,3.33,3.37,3.31,865700.0,2902163.0,10:55:00
sz002199,东晶电子,12.03,0.03,0.25,12.02,12.03,12.0,12.12,12.23,11.83,2708605.0,32570403.0,10:55:00
sz002200,交投生态,6.67,0.13,1.988,6.66,6.67,6.54,6.54,6.69,6.48,2105200.0,13893686.0,10:55:03
sz002201,九鼎新材,7.93,-0.05,-0.627,7.93,7.94,7.98,7.85,8.02,7.81,5394500.0,42725258.0,10:55:09
sz002202,金风科技,18.38,0.08,0.437,18.38,18.39,18.3,18.13,18.62,18.08,49833128.0,917541127.0,10:55:09
sz002203,海亮股份,19.1,-0.22,-1.139,19.09,19.1,19.32,19.13,19.43,18.52,17437700.0,333196690.0,10:55:09
sz002204,大连重工,5.13,0.03,0.588,5.13,5.14,5.1,5.1,5.15,5.09,7455894.0,38195392.0,10:55:03
sz002205,国统股份,10.67,0.18,1.716,10.66,10.68,10.49,10.34,10.75,10.34,1104800.0,11714398.0,10:55:00
sz002206,海 利 得,5.23,0.02,0.384,5.23,5.24,5.21,5.2,5.26,5.18,3608900.0,18903167.0,10:55:09
sz002207,*ST准油,5.62,0.02,0.357,5.62,5.63,5.6,5.55,5.66,5.52,2538200.0,14212627.0,10:54:57
sz002208,合肥城建,10.2,-0.24,-2.299,10.19,10.2,10.44,10.4,10.4,10.04,15559100.0,158717818.0,10:55:09
sz002209,达 意 隆,13.16,0.26,2.016,13.16,13.17,12.9,12.73,13.3,12.66,10064100.0,131164528.0,10:55:09
sz002210,飞马国际,2.25,0.05,2.273,2.24,2.25,2.2,2.2,2.28,2.18,39694374.0,88885014.0,10:55:09
sz002211,ST宏达,3.86,0.09,2.387,3.85,3.86,3.77,3.81,3.91,3.77,4287900.0,16448948.0,10:55:09
sz002212,天融信,6.24,0.2,3.311,6.23,6.24,6.04,6.06,6.28,6.05,18243902.0,112425841.0,10:55:06
sz002213,大为股份,30.92,-0.59,-1.872,30.9,30.92,31.51,30.4,31.45,29.65,10476515.0,320325713.0,10:55:09
sz002214,大立科技,14.79,-0.19,-1.268,14.78,14.79,14.98,14.76,14.97,14.71,3147100.0,46683751.0,10:55:09
sz002215,诺 普 信,9.59,0.13,1.374,9.59,9.6,9.46,9.44,9.7,9.41,19242202.0,184671528.0,10:55:09
sz002216,三全食品,11.92,-0.48,-3.871,11.9,11.92,12.4,12.0,12.12,11.71,6425180.0,76796632.0,10:55:09
sz002217,ST合力泰,1.44,-0.01,-0.69,1.44,1.45,1.45,1.44,1.46,1.43,44626688.0,64486827.0,10:55:09
sz002218,拓日新能,3.88,0.04,1.042,3.87,3.88,3.84,3.8,3.94,3.79,14824000.0,57274653.0,10:55:09
sz002219,新里程,2.14,0.01,0.469,2.13,2.14,2.13,2.13,2.2,2.11,65240083.0,140831245.0,10:55:09
sz002221,东华能源,5.53,0.13,2.407,5.52,5.53,5.4,5.37,5.6,5.33,18448934.0,101674935.0,10:55:09
sz002222,福晶科技,62.47,-0.13,-0.208,62.48,62.5,62.6,61.44,63.15,60.22,10673639.0,656610183.0,10:55:09
sz002223,鱼跃医疗,26.2,0.21,0.808,26.19,26.2,25.99,25.92,26.31,25.8,4058050.0,105800109.0,10:55:09
sz002224,三 力 士,3.68,0.06,1.657,3.67,3.68,3.62,3.61,3.7,3.58,9380475.0,34336766.0,10:55:06
sz002225,濮耐股份,3.57,0.03,0.847,3.57,3.58,3.54,3.54,3.6,3.51,5861500.0,20866218.0,10:55:09
sz002226,江南化工,4.95,-0.1,-1.98,4.95,4.96,5.05,5.0,5.0,4.88,10269200.0,50902125.0,10:55:09
sz002227,*ST特迅,6.25,0.01,0.16,6.25,6.26,6.24,6.2,6.32,6.19,805400.0,5044503.0,10:55:06
sz002228,合兴包装,3.15,0.07,2.273,3.14,3.15,3.08,3.07,3.15,3.06,11662500.0,36447002.0,10:55:06
sz002229,鸿博股份,10.61,-0.06,-0.562,10.61,10.62,10.67,10.4,10.78,10.3,20228145.0,213251392.0,10:55:09
sz002230,科大讯飞,39.09,0.16,0.411,39.08,39.09,38.93,38.87,39.28,38.73,10933110.0,426812734.0,10:55:09
sz002232,启明信息,14.16,0.18,1.288,14.16,14.17,13.98,13.98,14.33,13.87,2587200.0,36645790.0,10:55:09
sz002233,塔牌集团,7.18,0.04,0.56,7.17,7.18,7.14,7.11,7.21,7.1,4438314.0,31787604.0,10:55:09
sz002234,民和股份,7.94,0.13,1.665,7.93,7.94,7.81,7.76,7.98,7.76,3719500.0,29485589.0,10:55:00
sz002235,安妮股份,8.27,0.19,2.351,8.27,8.28,8.08,8.08,8.34,7.92,17479700.0,143141734.0,10:55:09
sz002236,大华股份,16.17,0.07,0.435,16.16,16.17,16.1,16.02,16.19,15.99,12254914.0,197089448.0,10:55:09
sz002237,恒邦股份,14.69,-0.5,-3.292,14.68,14.7,15.19,15.4,15.45,14.67,32602300.0,491733140.0,10:55:09
sz002238,天威视讯,6.56,0.18,2.821,6.56,6.57,6.38,6.32,6.58,6.28,8300270.0,53696026.0,10:55:03
sz002239,奥特佳,2.54,0.07,2.834,2.53,2.54,2.47,2.47,2.54,2.46,33085507.0,83163210.0,10:55:09
sz002240,盛新锂能,30.5,-2.43,-7.379,30.5,30.51,32.93,31.34,32.17,30.38,39084051.0,1219544854.0,10:55:09
sz002241,歌尔股份,22.89,-0.59,-2.513,22.89,22.9,23.48,23.49,23.62,22.68,53379712.0,1226074029.0,10:55:09
sz002242,九阳股份,8.34,0.13,1.583,8.34,8.35,8.21,8.13,8.37,8.12,4542400.0,37551142.0,10:55:09
sz002243,力合科创,7.47,0.22,3.034,7.46,7.47,7.25,7.24,7.52,7.23,9474381.0,70085087.0,10:55:09
sz002244,滨江集团,9.06,0.05,0.555,9.05,9.06,9.01,8.97,9.13,8.95,11404218.0,103022130.0,10:55:09
sz002245,蔚蓝锂芯,17.39,-0.56,-3.12,17.38,17.39,17.95,17.95,17.95,17.2,23842473.0,416657339.0,10:55:09
sz002246,北化股份,19.26,-0.19,-0.977,19.26,19.27,19.45,19.32,19.55,19.2,3825745.0,74145975.0,10:55:09
sz002247,聚力文化,2.39,0.02,0.844,2.39,2.4,2.37,2.35,2.42,2.32,14637900.0,34954562.0,10:55:09
sz002248,华东数控,9.57,-0.01,-0.104,9.56,9.57,9.58,9.48,9.8,9.28,14618323.0,139071081.0,10:55:09
sz002249,大洋电机,6.61,-0.33,-4.755,6.6,6.61,6.94,6.65,6.7,6.53,36785150.0,243326646.0,10:55:09
sz002250,联化科技,14.43,-0.11,-0.757,14.42,14.43,14.54,14.45,14.75,14.21,7283717.0,105705701.0,10:55:09
sz002251,步步高,3.61,0.12,3.438,3.61,3.62,3.49,3.49,3.68,3.48,70483693.0,253067987.0,10:55:09
sz002252,上海莱士,4.85,0.04,0.832,4.85,4.86,4.81,4.8,4.88,4.78,23132800.0,112275590.0,10:55:06
sz002253,川大智胜,9.65,0.25,2.66,9.65,9.66,9.4,9.38,9.72,9.3,1989500.0,19017126.0,10:55:06
sz002254,泰和新材,12.14,0.01,0.082,12.14,12.15,12.13,12.12,12.28,12.01,6666016.0,81029214.0,10:55:09
sz002255,海陆重工,7.61,-0.01,-0.131,7.61,7.62,7.62,7.56,7.66,7.55,4138915.0,31446834.0,10:55:09
sz002256,兆新股份,3.33,0.0,0.0,3.33,3.34,3.33,3.31,3.37,3.29,14178900.0,47342060.0,10:55:09
sz002258,利尔化学,14.08,-0.08,-0.565,14.07,14.08,14.16,14.1,14.4,14.03,7230200.0,102845477.0,10:55:09
sz002259,升达林业,3.91,0.1,2.625,3.9,3.91,3.81,3.79,4.0,3.78,15027524.0,58879736.0,10:55:09
sz002261,拓维信息,25.11,0.03,0.12,25.11,25.12,25.08,24.9,25.3,24.8,10643800.0,266812488.0,10:55:09
sz002262,恩华药业,21.59,-0.26,-1.19,21.58,21.59,21.85,21.72,21.99,21.55,4304500.0,93892530.0,10:55:09
sz002263,大东南,2.98,0.02,0.676,2.98,2.99,2.96,2.94,3.01,2.93,19278100.0,57450080.0,10:55:09
sz002264,新 华 都,6.55,0.1,1.55,6.55,6.56,6.45,6.39,6.59,6.39,7623549.0,49710752.0,10:55:06
sz002265,建设工业,18.12,0.06,0.332,18.12,18.13,18.06,18.01,18.82,17.98,11053141.0,202975583.0,10:55:09
sz002266,浙富控股,4.77,-0.09,-1.852,4.77,4.78,4.86,4.81,4.86,4.76,28956837.0,138916948.0,10:55:09
sz002267,陕天然气,7.07,0.04,0.569,7.06,7.07,7.03,7.02,7.08,7.02,2461800.0,17388332.0,10:55:09
sz002268,电科网安,13.75,0.16,1.177,13.74,13.75,13.59,13.57,13.8,13.51,4615301.0,63082607.0,10:55:09
sz002269,美邦服饰,1.44,0.04,2.857,1.44,1.45,1.4,1.41,1.46,1.4,32367600.0,46470223.0,10:55:06
sz002270,华明装备,19.41,-0.11,-0.564,19.41,19.44,19.52,19.47,19.77,19.38,4833866.0,94583782.0,10:55:09
sz002271,东方雨虹,10.79,-0.03,-0.277,10.79,10.8,10.82,10.74,10.93,10.73,15581406.0,168939268.0,10:55:12
sz002272,川润股份,15.4,0.0,0.0,15.39,15.4,15.4,15.13,15.75,14.89,15496667.0,240168440.0,10:55:12
sz002273,水晶光电,24.69,-0.55,-2.179,24.69,24.7,25.24,24.87,25.07,24.08,24850937.0,609011474.0,10:55:12
sz002274,华昌化工,6.13,-0.02,-0.325,6.13,6.14,6.15,6.06,6.21,5.95,40040640.0,242709326.0,10:55:12
sz002275,桂林三金,12.56,-0.01,-0.08,12.55,12.56,12.57,12.5,12.64,12.41,1766430.0,22131669.0,10:55:12
sz002276,万马股份,10.2,0.21,2.102,10.2,10.21,9.99,10.01,10.27,9.92,8087793.0,82114115.0,10:55:12
sz002277,友阿股份,6.59,0.15,2.329,6.58,6.59,6.44,6.44,6.71,6.31,51543441.0,336418466.0,10:55:12
sz002278,神开股份,8.3,0.24,2.978,8.29,8.3,8.06,7.98,8.49,7.98,10198313.0,84372182.0,10:55:06
sz002279,久其软件,6.29,0.1,1.616,6.28,6.29,6.19,6.18,6.32,6.15,11327855.0,70829664.0,10:55:12
sz002281,光迅科技,164.7,-1.69,-1.016,164.66,164.69,166.39,164.23,166.98,160.31,14752756.0,2410502631.0,10:55:12
sz002282,博深股份,6.09,0.22,3.748,6.09,6.1,5.87,5.9,6.13,5.88,6847000.0,41449076.0,10:55:03
sz002283,天润工业,8.55,-0.03,-0.35,8.55,8.57,8.58,8.58,8.67,8.41,6436999.0,54961565.0,10:55:12
sz002284,亚太股份,9.3,-0.13,-1.379,9.3,9.31,9.43,9.29,9.42,9.11,16160933.0,149939501.0,10:55:12
sz002285,世联行,2.17,0.08,3.828,2.16,2.17,2.09,2.09,2.21,2.07,40905634.0,87875120.0,10:55:09
sz002286,保龄宝,7.9,0.13,1.673,7.9,7.91,7.77,7.76,7.97,7.74,3153161.0,24877335.0,10:55:12
sz002287,奇正藏药,19.99,0.26,1.318,19.98,20.0,19.73,19.72,20.12,19.6,1071100.0,21340646.0,10:55:12
sz002289,宇顺电子,38.93,-0.24,-0.613,38.87,38.92,39.17,38.83,39.27,37.79,2128300.0,81855196.0,10:55:12
sz002290,禾盛新材,60.8,-1.67,-2.673,60.81,60.84,62.47,61.2,61.71,59.56,2741606.0,166372549.0,10:55:12
sz002291,遥望科技,5.14,0.06,1.181,5.14,5.15,5.08,5.05,5.17,5.05,8467431.0,43395989.0,10:55:12
sz002292,奥飞娱乐,8.03,0.29,3.747,8.02,8.03,7.74,7.75,8.09,7.75,30077132.0,239434198.0,10:55:12
sz002293,罗莱生活,11.57,-0.26,-2.198,11.56,11.57,11.83,11.71,11.78,11.52,4331080.0,50324624.0,10:55:12
sz002294,信立泰,31.58,-0.04,-0.127,31.58,31.61,31.62,31.48,32.11,31.21,8275001.0,262882959.0,10:55:12
sz002295,精艺股份,9.04,-0.01,-0.11,9.04,9.05,9.05,9.0,9.13,8.95,1293212.0,11714199.0,10:55:12
sz002296,辉煌科技,8.94,0.19,2.171,8.93,8.94,8.75,8.68,8.95,8.68,4641951.0,41105562.0,10:55:06
sz002297,博云新材,17.04,-0.42,-2.405,17.04,17.05,17.46,17.0,17.34,16.62,25178002.0,427245913.0,10:55:12
sz002298,中电鑫龙,7.87,-0.07,-0.882,7.86,7.87,7.94,7.79,7.95,7.67,9952300.0,77792007.0,10:55:12
sz002299,圣农发展,16.32,0.35,2.192,16.32,16.33,15.97,15.8,16.39,15.8,8375735.0,136110549.0,10:55:12
sz002300,太阳电缆,6.66,0.04,0.604,6.66,6.67,6.62,6.54,6.71,6.52,6128026.0,40700808.0,10:55:12
sz002301,齐心集团,7.64,0.04,0.526,7.64,7.65,7.6,7.57,7.7,7.43,6615701.0,50239139.0,10:55:12
sz002302,西部建设,4.71,0.07,1.509,4.71,4.72,4.64,4.61,4.73,4.61,3905200.0,18323316.0,10:55:12
sz002303,美盈森,4.77,0.05,1.059,4.77,4.78,4.72,4.72,4.79,4.58,16715677.0,78272781.0,10:55:12
sz002304,洋河股份,39.22,0.17,0.435,39.21,39.22,39.05,38.97,39.37,38.97,1700100.0,66606012.0,10:55:12
sz002305,*ST南置,2.11,0.03,1.442,2.1,2.11,2.08,2.08,2.12,2.07,10343000.0,21717461.0,10:54:51
sz002306,ST云网,2.22,0.12,5.714,2.22,2.23,2.1,2.08,2.25,2.08,16422600.0,35768950.0,10:55:12
sz002307,北新路桥,2.95,0.07,2.431,2.94,2.95,2.88,2.86,2.96,2.85,14515954.0,42389874.0,10:55:12
sz002309,中利集团,2.93,0.0,0.0,2.93,2.94,2.93,2.9,2.97,2.89,37023000.0,108343607.0,10:55:12
sz002310,东方新能,2.32,0.02,0.87,2.32,2.33,2.3,2.29,2.34,2.29,29003198.0,67276197.0,10:55:12
sz002311,海大集团,45.35,-0.95,-2.052,45.34,45.35,46.3,45.28,45.8,43.61,8776394.0,393087220.0,10:55:12
sz002312,川发龙蟒,8.15,-0.09,-1.092,8.14,8.15,8.24,8.1,8.3,8.1,11064172.0,90886153.0,10:55:12
sz002313,日海智能,8.63,-0.12,-1.371,8.63,8.64,8.75,8.8,8.86,8.53,7610108.0,65606128.0,10:55:12
sz002314,南山控股,2.16,0.06,2.857,2.16,2.17,2.1,2.1,2.18,2.09,17433200.0,37493538.0,10:55:12
sz002315,焦点科技,25.29,0.15,0.597,25.29,25.3,25.14,25.14,25.54,25.02,1881334.0,47615454.0,10:55:09
sz002316,亚联发展,4.47,0.04,0.903,4.47,4.48,4.43,4.4,4.49,4.34,4477600.0,19916800.0,10:55:06
sz002317,众生药业,24.23,-1.11,-4.38,24.22,24.23,25.34,24.06,24.86,23.39,24548258.0,590647457.0,10:55:12
sz002318,久立特材,19.27,-0.28,-1.432,19.26,19.27,19.55,19.4,19.73,19.0,5581900.0,108421428.0,10:55:12
sz002319,乐通股份,10.97,0.07,0.642,10.96,10.97,10.9,10.82,11.18,10.8,4400100.0,48386724.0,10:55:09
sz002320,海峡股份,6.46,0.08,1.254,6.45,6.46,6.38,6.4,6.5,6.38,8365943.0,54005789.0,10:55:12
sz002321,华英农业,2.06,0.04,1.98,2.05,2.06,2.02,2.03,2.07,2.01,14467897.0,29726864.0,10:55:12
sz002322,理工能科,11.84,0.02,0.169,11.83,11.85,11.82,11.69,11.92,11.63,4954390.0,58560389.0,10:55:12
sz002323,*ST雅博,1.29,0.01,0.781,1.28,1.29,1.28,1.28,1.3,1.27,16876200.0,21663142.0,10:55:09
sz002324,普利特,8.84,-0.11,-1.229,8.84,8.85,8.95,8.93,9.01,8.72,9166932.0,81257555.0,10:55:12
sz002326,永太科技,19.09,-0.76,-3.829,19.08,19.09,19.85,19.72,19.8,19.07,13014909.0,252308686.0,10:55:12
sz002327,富安娜,6.69,0.0,0.0,6.68,6.69,6.69,6.69,6.72,6.61,1346000.0,8966715.0,10:55:12
sz002328,新朋股份,7.25,0.09,1.257,7.24,7.25,7.16,7.07,7.32,7.04,13448210.0,96920027.0,10:55:12
sz002329,皇氏集团,3.79,0.16,4.408,3.79,3.8,3.63,3.69,3.92,3.64,62835240.0,237142643.0,10:55:12
sz002330,得利斯,4.1,0.09,2.244,4.1,4.11,4.01,4.01,4.12,4.0,8539900.0,34794547.0,10:55:12
sz002331,皖通科技,6.91,0.11,1.618,6.91,6.92,6.8,6.78,6.96,6.76,3416700.0,23535609.0,10:55:09
sz002332,仙琚制药,8.53,0.09,1.066,8.53,8.54,8.44,8.43,8.56,8.41,5835500.0,49631762.0,10:55:12
sz002333,罗普斯金,5.49,0.22,4.175,5.49,5.5,5.27,5.18,5.8,5.16,38243161.0,214062509.0,10:55:09
sz002334,英威腾,6.65,0.15,2.308,6.65,6.66,6.5,6.43,6.69,6.43,9215125.0,60589088.0,10:55:12
sz002335,科华数据,29.88,0.16,0.538,29.87,29.88,29.72,29.37,30.29,29.23,6669633.0,198576925.0,10:55:12
sz002337,赛象科技,4.71,0.11,2.391,4.71,4.72,4.6,4.6,4.75,4.56,3931695.0,18410179.0,10:54:48
sz002338,奥普光电,42.12,-0.78,-1.818,42.13,42.16,42.9,42.6,42.64,41.51,1850700.0,78001058.0,10:55:12
sz002339,积成电子,7.22,0.14,1.977,7.21,7.22,7.08,7.07,7.3,7.03,6804250.0,48973311.0,10:55:12
sz002340,格林美,6.44,-0.09,-1.378,6.44,6.45,6.53,6.5,6.56,6.43,32142397.0,208413126.0,10:55:12
sz002342,巨力索具,7.42,-0.02,-0.269,7.41,7.42,7.44,7.36,7.56,7.31,14851900.0,110521267.0,10:55:12
sz002343,慈文传媒,5.08,0.16,3.252,5.08,5.09,4.92,4.92,5.09,4.89,5309300.0,26657649.0,10:55:12
sz002344,海宁皮城,3.89,0.08,2.1,3.89,3.9,3.81,3.8,3.91,3.8,5260954.0,20363513.0,10:55:12
sz002345,潮宏基,9.59,-0.04,-0.415,9.58,9.6,9.63,9.65,9.86,9.54,10944200.0,105775523.0,10:55:12
sz002346,柘中股份,20.3,-1.02,-4.784,20.3,20.31,21.32,21.53,21.57,19.97,6880166.0,141532239.0,10:55:12
sz002347,泰尔股份,5.96,0.11,1.88,5.95,5.96,5.85,5.8,6.01,5.8,7121825.0,42314815.0,10:55:12
sz002348,高乐股份,11.06,0.0,0.0,11.05,11.06,11.06,10.96,11.26,10.84,7908302.0,87372061.0,10:55:12
sz002349,精华制药,6.91,0.1,1.468,6.9,6.91,6.81,6.79,6.94,6.74,6493395.0,44665368.0,10:55:00
sz002350,北京科锐,14.1,-0.13,-0.914,14.09,14.1,14.23,14.11,14.3,14.0,2378000.0,33593687.0,10:55:09
sz002351,漫步者,10.09,0.18,1.816,10.08,10.09,9.91,9.87,10.1,9.82,4802150.0,48082234.0,10:55:09
sz002352,顺丰控股,33.01,0.07,0.213,33.0,33.01,32.94,33.04,33.2,32.93,6981343.0,230660302.0,10:55:12
sz002353,杰瑞股份,140.04,-2.44,-1.713,140.01,140.03,142.48,139.86,143.26,138.5,5496674.0,773794834.0,10:55:12
sz002354,天娱数科,6.9,-0.05,-0.719,6.89,6.9,6.95,6.92,7.0,6.79,72948627.0,503208561.0,10:55:12
sz002355,兴民智通,4.73,0.03,0.638,4.73,4.74,4.7,4.67,4.79,4.6,10978602.0,51552262.0,10:55:12
sz002356,鹏飞绿能,2.74,0.03,1.107,2.74,2.75,2.71,2.7,2.77,2.69,8924377.0,24464490.0,10:55:12
sz002357,富临运业,10.9,0.01,0.092,10.89,10.91,10.89,10.74,10.98,10.66,4162400.0,45005705.0,10:55:09
sz002358,森源电气,5.38,0.06,1.128,5.37,5.38,5.32,5.27,5.41,5.26,6739100.0,36116888.0,10:55:09
sz002360,ST同德,5.62,-0.09,-1.576,5.62,5.63,5.71,5.66,5.7,5.58,1521800.0,8561573.0,10:55:00
sz002361,神剑股份,10.05,-0.05,-0.495,10.04,10.05,10.1,10.0,10.2,9.88,29554183.0,296304245.0,10:55:09
sz002362,汉王科技,15.84,0.18,1.149,15.83,15.85,15.66,15.63,15.89,15.5,1604800.0,25218320.0,10:55:09
sz002363,隆基机械,6.55,0.11,1.708,6.54,6.55,6.44,6.42,6.57,6.38,2169800.0,14126070.0,10:55:09
sz002364,中恒电气,37.31,-0.19,-0.507,37.3,37.31,37.5,36.56,38.17,36.09,17370940.0,644442658.0,10:55:09
sz002365,永安药业,14.97,-0.14,-0.927,14.96,14.97,15.11,15.01,15.67,14.7,28906335.0,439608958.0,10:55:09
sz002366,融发核电,5.63,0.04,0.716,5.62,5.63,5.59,5.59,5.68,5.56,10335200.0,58221350.0,10:55:09
sz002367,康力电梯,5.29,-0.06,-1.121,5.28,5.29,5.35,5.29,5.33,5.09,6689900.0,35033937.0,10:55:09
sz002368,太极股份,13.41,-0.01,-0.075,13.41,13.42,13.42,13.42,13.53,13.26,2647901.0,35457518.0,10:55:09
sz002369,卓翼科技,5.86,0.01,0.171,5.86,5.87,5.85,5.76,5.89,5.73,7401970.0,43101159.0,10:55:09
sz002370,亚太药业,5.49,0.04,0.734,5.49,5.5,5.45,5.4,5.57,5.36,11225000.0,61539086.0,10:55:06
sz002371,北方华创,691.97,-15.93,-2.25,691.5,691.97,707.9,707.5,707.5,676.66,4337428.0,2990860078.0,10:55:09
sz002372,伟星新材,8.51,0.11,1.31,8.5,8.51,8.4,8.37,8.53,8.36,3842600.0,32490783.0,10:55:09
sz002373,千方科技,7.54,0.13,1.754,7.54,7.55,7.41,7.41,7.57,7.37,7911950.0,59294780.0,10:55:09
sz002374,中锐股份,3.06,0.02,0.658,3.06,3.07,3.04,3.04,3.09,3.02,5213200.0,15958700.0,10:55:03
sz002375,亚厦股份,3.66,0.08,2.235,3.66,3.67,3.58,3.57,3.68,3.56,8064600.0,29302619.0,10:55:09
sz002376,新北洋,6.78,0.03,0.444,6.78,6.79,6.75,6.71,6.81,6.66,7093700.0,47824320.0,10:55:09
sz002377,国创高新,2.73,0.04,1.487,2.72,2.73,2.69,2.67,2.73,2.66,11302300.0,30531271.0,10:55:06
sz002378,章源钨业,24.52,-1.03,-4.031,24.52,24.53,25.55,25.2,25.5,24.5,16020260.0,398990721.0,10:55:09
sz002379,宏桥控股,17.92,-0.54,-2.925,17.92,17.93,18.46,18.34,18.4,17.85,17395048.0,315864604.0,10:55:09
sz002380,科远智慧,27.32,-0.12,-0.437,27.32,27.35,27.44,27.06,27.68,26.86,1924500.0,52416230.0,10:55:09
sz002381,双箭股份,5.54,0.07,1.28,5.53,5.54,5.47,5.47,5.55,5.45,1914900.0,10559089.0,10:54:48
sz002382,蓝帆医疗,5.89,-0.01,-0.169,5.89,5.9,5.9,5.75,5.93,5.69,12596103.0,73726965.0,10:55:03
sz002383,合众思壮,6.96,0.22,3.264,6.96,6.97,6.74,6.73,7.2,6.69,14646900.0,103074486.0,10:55:03
sz002384,东山精密,189.99,-3.61,-1.865,189.99,190.0,193.6,187.08,196.99,186.3,31467311.0,6013516895.0,10:55:09
sz002385,大北农,3.26,0.06,1.875,3.26,3.27,3.2,3.17,3.38,3.16,114416075.0,375934507.0,10:55:09
sz002386,天原股份,5.84,-0.06,-1.017,5.83,5.84,5.9,5.89,5.94,5.83,7624700.0,44911610.0,10:55:09
sz002387,维信诺,7.17,-0.25,-3.369,7.17,7.18,7.42,7.32,7.35,7.15,12523444.0,90189979.0,10:55:09
sz002388,新亚制程,6.17,-0.03,-0.484,6.15,6.17,6.2,6.12,6.27,6.05,20203900.0,124126312.0,10:55:03
sz002389,航天彩虹,17.58,0.09,0.515,17.58,17.59,17.49,17.45,17.73,17.4,4493940.0,79022201.0,10:55:09
sz002390,信邦制药,3.05,0.05,1.667,3.05,3.06,3.0,2.98,3.06,2.96,11173555.0,33904030.0,10:55:09
sz002391,长青股份,5.16,0.06,1.176,5.15,5.16,5.1,5.07,5.21,5.06,5048550.0,26044254.0,10:55:06
sz002392,北京利尔,7.66,-0.01,-0.13,7.66,7.67,7.67,7.62,7.77,7.5,6222400.0,47773027.0,10:55:09
sz002393,力生制药,14.03,0.21,1.52,14.01,14.02,13.82,13.88,14.07,13.75,1436148.0,20045817.0,10:55:09
sz002394,联发股份,9.8,0.2,2.083,9.8,9.81,9.6,9.6,9.85,9.4,3949190.0,38131182.0,10:55:09
sz002395,双象股份,12.09,-0.11,-0.902,12.08,12.1,12.2,11.85,12.2,11.61,1815600.0,21763134.0,10:54:54
sz002396,星网锐捷,30.96,-1.12,-3.491,30.96,30.97,32.08,30.89,31.55,30.51,35288447.0,1092801351.0,10:55:09
sz002397,梦洁股份,3.56,0.08,2.299,3.56,3.57,3.48,3.49,3.58,3.46,11179300.0,39433252.0,10:55:09
sz002398,垒知集团,4.14,0.04,0.976,4.14,4.15,4.1,4.06,4.17,4.06,6374700.0,26370295.0,10:55:09
sz002399,海普瑞,10.19,0.19,1.9,10.18,10.19,10.0,10.03,10.27,9.91,5341658.0,54169830.0,10:55:00
sz002400,省广集团,6.43,0.09,1.42,6.42,6.43,6.34,6.3,6.5,6.28,28628323.0,183646133.0,10:55:09
sz002401,中远海科,12.39,0.23,1.891,12.38,12.39,12.16,12.19,12.42,12.09,2201898.0,27118187.0,10:55:06
sz002402,和而泰,18.36,0.17,0.935,18.35,18.36,18.19,18.12,18.53,17.94,11990600.0,218415727.0,10:55:09
sz002403,爱仕达,9.43,0.15,1.616,9.43,9.44,9.28,9.12,9.49,9.12,2087900.0,19590153.0,10:55:09
sz002404,嘉欣丝绸,5.73,0.05,0.88,5.73,5.74,5.68,5.63,5.77,5.58,6733100.0,38369717.0,10:55:09
sz002405,四维图新,6.41,0.13,2.07,6.41,6.42,6.28,6.24,6.44,6.23,23152472.0,147466129.0,10:55:09
sz002406,远东传动,6.65,0.06,0.91,6.64,6.65,6.59,6.59,6.69,6.53,4317097.0,28599221.0,10:55:09
sz002407,多氟多,33.32,-1.25,-3.616,33.33,33.34,34.57,34.17,34.2,32.69,59323235.0,1981611660.0,10:55:09
sz002408,齐翔腾达,5.43,0.15,2.841,5.43,5.44,5.28,5.25,5.49,5.23,35516748.0,191958488.0,10:55:09
sz002409,雅克科技,135.0,-5.59,-3.976,135.0,135.04,140.59,135.2,138.0,130.18,13506224.0,1808273952.0,10:55:09
sz002410,广联达,8.45,-0.45,-5.056,8.45,8.46,8.9,8.49,8.54,8.28,30232373.0,253890151.0,10:55:09
sz002412,汉森制药,12.33,1.12,9.991,12.33,0.0,11.21,11.92,12.33,10.76,97171251.0,1128956381.0,10:55:09
sz002413,雷科防务,7.62,0.08,1.061,7.62,7.63,7.54,7.48,7.71,7.43,16138877.0,122531523.0,10:55:09
sz002414,高德红外,12.9,-0.51,-3.803,12.9,12.91,13.41,13.28,13.39,12.76,47361910.0,612053236.0,10:55:09
sz002415,海康威视,34.94,0.79,2.313,34.94,34.95,34.15,33.98,35.13,33.89,38697441.0,1334094559.0,10:55:09
sz002416,爱施德,9.36,0.03,0.322,9.36,9.37,9.33,9.35,9.5,9.29,6208377.0,58350277.0,10:55:09
sz002418,康盛股份,4.05,0.37,10.054,4.05,0.0,3.68,3.63,4.05,3.61,86988541.0,344143155.0,10:55:09
sz002419,天虹股份,4.69,0.08,1.735,4.69,4.7,4.61,4.59,4.71,4.59,5111981.0,23873823.0,10:54:51
sz002420,毅昌科技,5.93,0.1,1.715,5.93,5.94,5.83,5.83,5.98,5.78,3969608.0,23359438.0,10:55:09
sz002421,达实智能,3.05,0.04,1.329,3.04,3.05,3.01,2.99,3.08,2.95,68823297.0,208531156.0,10:55:09
sz002422,科伦药业,41.69,0.25,0.603,41.67,41.69,41.44,41.26,42.25,40.73,14147415.0,586413583.0,10:55:09
sz002423,中粮资本,9.64,0.34,3.656,9.63,9.64,9.3,9.3,9.74,9.3,44094384.0,421803468.0,10:55:09
sz002424,ST百灵,4.55,0.0,0.0,4.55,4.56,4.55,4.5,4.57,4.48,2920200.0,13240695.0,10:55:09
sz002425,凯撒文化,3.05,0.05,1.667,3.04,3.05,3.0,2.98,3.07,2.96,16359800.0,49590100.0,10:55:09
sz002426,胜利精密,2.6,0.0,0.0,2.6,2.61,2.6,2.57,2.63,2.55,30892500.0,80040265.0,10:55:09
sz002427,尤夫股份,4.49,-0.1,-2.179,4.49,4.5,4.59,4.55,4.74,4.48,21183746.0,97488357.0,10:55:09
sz002428,云南锗业,92.61,-2.76,-2.894,92.6,92.61,95.37,90.61,94.27,90.61,34288103.0,3175093250.0,10:55:09
sz002429,兆驰股份,7.84,-0.11,-1.384,7.84,7.85,7.95,7.82,7.92,7.63,29689516.0,230978007.0,10:55:09
sz002430,杭氧股份,23.1,0.24,1.05,23.09,23.1,22.86,22.8,23.35,22.63,5690700.0,131148289.0,10:55:06
sz002431,ST棕榈,1.4,0.01,0.719,1.39,1.4,1.39,1.38,1.42,1.38,10902901.0,15259386.0,10:55:09
sz002432,九安医疗,63.86,-3.41,-5.069,63.83,63.86,67.27,66.81,66.81,63.5,12833200.0,828742874.0,10:55:09
sz002434,万里扬,5.83,0.17,3.004,5.82,5.83,5.66,5.65,5.89,5.6,10152510.0,58698569.0,10:55:09
sz002436,兴森科技,32.72,-0.52,-1.564,32.69,32.72,33.24,32.2,33.23,31.81,41734842.0,1355469082.0,10:55:09
sz002437,誉衡药业,4.19,0.25,6.345,4.18,4.2,3.94,3.95,4.33,3.86,634182850.0,2674486333.0,10:55:09
sz002438,江苏神通,13.56,0.07,0.519,13.56,13.57,13.49,13.48,13.6,13.26,2358600.0,31731648.0,10:55:09
sz002439,启明星辰,13.2,-0.01,-0.076,13.19,13.2,13.21,13.08,13.28,13.06,4922970.0,64842745.0,10:55:09
sz002440,闰土股份,11.87,-0.53,-4.274,11.88,11.89,12.4,12.22,12.38,11.76,18654416.0,226322251.0,10:55:09
sz002441,众业达,7.84,0.12,1.554,7.84,7.85,7.72,7.72,7.87,7.68,2186200.0,17065018.0,10:55:09
sz002442,龙星科技,4.95,0.07,1.434,4.94,4.95,4.88,4.89,5.0,4.85,4562200.0,22563269.0,10:55:06
sz002443,金洲管道,9.35,-0.05,-0.532,9.34,9.36,9.4,9.29,9.5,9.1,10092600.0,93666965.0,10:55:12
sz002444,巨星科技,29.5,0.91,3.183,29.49,29.5,28.59,28.59,29.65,28.45,6053561.0,176531236.0,10:55:12
sz002445,中南文化,3.71,0.34,10.089,3.71,0.0,3.37,3.71,3.71,3.71,5133920.0,19046843.0,10:55:12
sz002446,盛路通信,8.4,0.06,0.719,8.39,8.4,8.34,8.2,8.48,8.14,9957200.0,82811826.0,10:55:12
sz002448,中原内配,12.44,0.07,0.566,12.44,12.45,12.37,12.22,12.58,12.06,7474100.0,92405718.0,10:55:12
sz002449,国星光电,6.53,0.02,0.307,6.52,6.53,6.51,6.49,6.55,6.4,9592350.0,62113316.0,10:55:12
sz002451,摩恩电气,7.39,0.0,0.0,7.38,7.39,7.39,7.17,7.44,7.11,15108204.0,110927149.0,10:55:12
sz002452,长高电气,11.08,-0.08,-0.717,11.08,11.09,11.16,11.09,11.22,11.03,3045886.0,33910405.0,10:55:12
sz002453,华软科技,4.38,0.03,0.69,4.38,4.39,4.35,4.35,4.42,4.28,6083300.0,26467573.0,10:55:12
sz002454,松芝股份,5.12,0.07,1.386,5.11,5.12,5.05,5.01,5.15,5.0,7340883.0,37498874.0,10:55:12
sz002455,百川股份,7.61,0.39,5.402,7.61,7.62,7.22,7.28,7.88,7.22,63161669.0,480478483.0,10:55:12
sz002456,欧菲光,7.07,0.13,1.873,7.06,7.07,6.94,6.9,7.09,6.85,32644202.0,228641030.0,10:55:12
sz002457,青龙管业,10.72,0.02,0.187,10.72,10.73,10.7,10.54,10.84,10.51,6461500.0,69326865.0,10:55:12
sz002458,益生股份,8.73,-0.04,-0.456,8.72,8.74,8.77,8.75,8.88,8.72,19684590.0,173133721.0,10:55:12
sz002459,晶澳科技,7.12,-0.03,-0.42,7.12,7.13,7.15,7.12,7.21,7.09,10922146.0,78094269.0,10:55:12
sz002460,赣锋锂业,53.16,-2.47,-4.44,53.16,53.19,55.63,54.6,55.77,53.11,27162430.0,1472800817.0,10:55:12
sz002461,珠江啤酒,8.67,0.1,1.167,8.66,8.67,8.57,8.58,8.69,8.55,2255400.0,19475984.0,10:55:12
sz002462,嘉事堂,12.13,0.17,1.421,12.12,12.13,11.96,11.9,12.18,11.88,1218600.0,14723629.0,10:54:54
sz002463,沪电股份,114.78,-0.79,-0.684,114.77,114.78,115.57,113.08,117.77,112.22,18821958.0,2165301476.0,10:55:12
sz002465,海格通信,9.84,0.02,0.204,9.84,9.85,9.82,9.78,9.99,9.67,23837980.0,234450742.0,10:55:12
sz002466,天齐锂业,46.73,-2.37,-4.827,46.73,46.75,49.1,49.1,49.1,46.7,34282310.0,1638649850.0,10:55:12
sz002467,二六三,4.48,0.04,0.901,4.48,4.49,4.44,4.44,4.51,4.36,14020461.0,62481145.0,10:55:12
sz002468,申通快递,13.98,-0.12,-0.851,13.97,13.98,14.1,14.1,14.17,13.96,4567651.0,64243313.0,10:55:12
sz002469,三维化学,6.55,-0.23,-3.392,6.54,6.55,6.78,6.61,6.61,6.39,18714697.0,121492968.0,10:55:12
sz002470,金正大,1.94,0.01,0.518,1.94,1.95,1.93,1.92,1.99,1.91,93579700.0,184173233.0,10:55:12
sz002471,中超控股,5.24,0.02,0.383,5.24,5.25,5.22,5.17,5.3,5.14,14646419.0,76627280.0,10:55:12
sz002472,双环传动,35.41,0.18,0.511,35.41,35.43,35.23,34.98,35.93,34.96,5417865.0,192016372.0,10:55:12
sz002474,榕基软件,6.13,0.12,1.997,6.13,6.14,6.01,5.96,6.16,5.92,9641764.0,58735229.0,10:55:12
sz002475,立讯精密,54.57,0.85,1.582,54.56,54.57,53.72,52.6,55.26,51.88,78935025.0,4227028021.0,10:55:12
sz002476,新叶股份,5.09,0.04,0.792,5.09,5.1,5.05,5.03,5.12,5.0,4670000.0,23706860.0,10:55:09
sz002478,常宝股份,6.48,0.19,3.021,6.48,6.49,6.29,6.24,6.51,6.14,17231900.0,109276129.0,10:55:12
sz002479,富春环保,5.76,-0.04,-0.69,5.76,5.78,5.8,5.73,5.84,5.7,14377054.0,83009371.0,10:55:12
sz002480,新筑股份,5.32,-0.01,-0.188,5.31,5.32,5.33,5.33,5.35,5.27,2488400.0,13209508.0,10:55:06
sz002481,双塔食品,4.22,0.09,2.179,4.21,4.22,4.13,4.14,4.23,4.12,6693373.0,28116634.0,10:55:12
sz002482,广田集团,1.28,0.03,2.4,1.28,1.29,1.25,1.25,1.3,1.25,40370245.0,51640576.0,10:55:12
sz002483,润邦股份,5.28,-0.18,-3.297,5.28,5.29,5.46,5.19,5.32,5.11,14550957.0,75822878.0,10:55:12
sz002484,江海股份,58.72,-0.78,-1.311,58.72,58.73,59.5,59.48,59.9,56.87,17330476.0,1009233712.0,10:55:12
sz002485,ST雪发,5.99,0.0,0.0,5.98,6.0,5.99,6.02,6.12,5.94,1280600.0,7715970.0,10:55:12
sz002486,嘉麟杰,2.62,0.07,2.745,2.62,2.63,2.55,2.56,2.64,2.54,13619200.0,35354328.0,10:55:09
sz002487,大金重工,34.66,-0.6,-1.702,34.66,34.67,35.26,34.71,35.45,33.77,19464774.0,671302040.0,10:55:12
sz002488,金固股份,7.96,0.12,1.531,7.96,7.97,7.84,7.79,8.08,7.65,13046228.0,102806635.0,10:55:12
sz002489,浙江永强,2.81,0.05,1.812,2.81,2.82,2.76,2.75,2.82,2.74,13523000.0,37777260.0,10:55:12
sz002490,山东墨龙,8.35,0.17,2.078,8.34,8.35,8.18,8.09,8.5,8.02,45932417.0,382130422.0,10:55:12
sz002491,通鼎互联,21.47,0.66,3.172,21.47,21.48,20.81,20.66,21.78,19.6,175568992.0,3655285247.0,10:55:12
sz002492,恒基达鑫,5.53,0.14,2.597,5.53,5.54,5.39,5.37,5.6,5.35,4162000.0,22885028.0,10:55:09
sz002493,荣盛石化,13.25,-0.4,-2.93,13.24,13.25,13.65,13.65,13.82,13.19,22007800.0,295311349.0,10:55:12
sz002494,华斯股份,4.83,0.04,0.835,4.82,4.83,4.79,4.59,4.85,4.59,7301858.0,34855567.0,10:55:12
sz002495,佳隆股份,2.39,0.02,0.844,2.39,2.4,2.37,2.36,2.41,2.35,11685500.0,27824633.0,10:55:12
sz002496,辉丰股份,2.05,0.04,1.99,2.04,2.05,2.01,2.0,2.08,1.98,16054940.0,32877264.0,10:55:09
sz002497,雅化集团,18.72,-0.82,-4.197,18.71,18.72,19.54,19.3,19.63,18.7,24382806.0,467060194.0,10:55:12
sz002498,汉缆股份,6.21,0.02,0.323,6.2,6.21,6.19,6.18,6.27,6.11,20223879.0,125495230.0,10:55:12
sz002500,山西证券,5.29,0.04,0.762,5.29,5.3,5.25,5.28,5.31,5.25,9057070.0,47915359.0,10:55:06
sz002501,*ST利源,1.26,0.0,0.0,1.26,1.27,1.26,1.26,1.28,1.26,9854700.0,12481080.0,10:55:12
sz002506,协鑫集成,2.65,-0.13,-4.676,2.65,2.66,2.78,2.69,2.72,2.61,343741197.0,914831746.0,10:55:12
sz002507,涪陵榨菜,11.31,0.12,1.072,11.3,11.31,11.19,11.19,11.33,11.19,4464930.0,50358619.0,10:55:12
sz002508,老板电器,16.59,0.02,0.121,16.58,16.59,16.57,16.43,16.72,16.43,3926208.0,65252718.0,10:55:12
sz002510,天汽模,5.71,0.21,3.818,5.7,5.71,5.5,5.54,5.74,5.54,15525188.0,87857582.0,10:55:12
sz002511,中顺洁柔,7.12,0.08,1.136,7.11,7.12,7.04,7.06,7.14,7.02,5396900.0,38267132.0,10:55:12
sz002512,ST达华,3.96,-0.07,-1.737,3.96,3.97,4.03,3.98,4.0,3.9,10050200.0,39656653.0,10:55:12
sz002513,蓝丰生化,5.33,0.07,1.331,5.32,5.33,5.26,5.13,5.35,5.12,5157600.0,27226171.0,10:55:12
sz002514,*ST宝馨,1.69,0.05,3.049,1.68,1.69,1.64,1.65,1.71,1.63,18308000.0,30741318.0,10:55:06
sz002515,金字火腿,8.33,0.36,4.517,8.33,8.34,7.97,7.81,8.42,7.66,50933900.0,413369817.0,10:55:12
sz002516,旷达科技,5.33,0.1,1.912,5.32,5.33,5.23,5.23,5.34,5.2,6053231.0,31939312.0,10:55:12
sz002517,恺英网络,16.59,0.04,0.242,16.58,16.59,16.55,16.38,16.68,16.3,23303141.0,385085945.0,10:55:12
sz002518,科士达,34.33,-0.12,-0.348,34.33,34.34,34.45,34.02,35.3,33.21,9539545.0,327034666.0,10:55:12
sz002519,银河电子,5.3,0.08,1.533,5.29,5.3,5.22,5.19,5.35,5.16,11775529.0,62099326.0,10:55:12
sz002520,日发精机,5.81,0.02,0.345,5.81,5.82,5.79,5.76,5.9,5.71,13425430.0,77967665.0,10:55:09
sz002521,齐峰新材,6.72,0.03,0.448,6.71,6.72,6.69,6.68,6.78,6.67,2136500.0,14389407.0,10:55:12
sz002522,浙江众成,5.28,0.04,0.763,5.28,5.29,5.24,5.18,5.32,5.12,24881068.0,130002383.0,10:55:12
sz002523,天桥起重,3.44,0.05,1.475,3.43,3.44,3.39,3.4,3.46,3.38,16347291.0,56047667.0,10:55:12
sz002524,光正眼科,3.98,0.05,1.272,3.97,3.98,3.93,3.91,4.01,3.89,11758500.0,46535281.0,10:55:12
sz002526,山东矿机,2.69,0.06,2.281,2.69,2.7,2.63,2.63,2.71,2.62,15607500.0,41737569.0,10:55:09
sz002527,新时达,11.13,0.11,0.998,11.12,11.13,11.02,11.01,11.24,10.94,3040200.0,33810695.0,10:55:12
sz002528,*ST英飞,6.31,0.28,4.643,6.3,6.31,6.03,6.0,6.54,5.71,26083038.0,161077974.0,10:55:12
sz002529,海源复材,6.96,0.04,0.578,6.96,6.97,6.92,6.85,7.04,6.82,1956300.0,13604025.0,10:55:09
sz002530,金财互联,7.26,0.24,3.419,7.26,7.27,7.02,7.04,7.3,7.03,11549626.0,83042319.0,10:55:12
sz002531,天顺风能,6.06,0.02,0.331,6.05,6.06,6.04,6.03,6.12,5.99,10986998.0,66410803.0,10:55:12
sz002532,天山铝业,12.46,-0.24,-1.89,12.45,12.46,12.7,12.65,12.72,12.42,37724665.0,473760895.0,10:55:12
sz002533,金杯电工,11.22,0.07,0.628,11.21,11.22,11.15,11.13,11.27,11.07,1639400.0,18355725.0,10:55:09
sz002534,西子洁能,14.7,-0.4,-2.649,14.68,14.7,15.1,14.95,14.96,14.45,4724626.0,69446048.0,10:55:03
sz002535,林州重机,2.52,0.04,1.613,2.51,2.53,2.48,2.48,2.55,2.46,7748200.0,19505273.0,10:55:03
sz002536,飞龙股份,49.41,0.61,1.25,49.41,49.5,48.8,48.48,50.6,47.0,44232204.0,2172981903.0,10:55:03
sz002537,海联金汇,6.32,0.46,7.85,6.31,6.32,5.86,5.88,6.38,5.85,75962604.0,470957822.0,10:55:03
sz002538,ST司特,7.31,0.01,0.137,7.3,7.31,7.3,7.32,7.38,7.25,3667500.0,26867548.0,10:55:00
sz002539,云图控股,12.73,-0.08,-0.625,12.72,12.73,12.81,12.83,13.1,12.72,11197400.0,145261883.0,10:55:03
sz002540,亚太科技,5.09,-0.04,-0.78,5.09,5.1,5.13,5.11,5.14,5.07,3148300.0,16087428.0,10:55:03
sz002541,鸿路钢构,19.64,0.12,0.615,19.64,19.67,19.52,19.57,19.87,19.4,3421121.0,67274314.0,10:55:03
sz002542,*ST中岩,1.85,-0.04,-2.116,1.85,1.86,1.89,1.85,1.9,1.85,13803800.0,25858756.0,10:55:03
sz002543,万和电气,7.28,-0.1,-1.355,7.28,7.29,7.38,7.25,7.35,7.06,9262150.0,66532634.0,10:55:03
sz002544,普天科技,15.87,-0.05,-0.314,15.87,15.88,15.92,15.85,16.09,15.73,3710799.0,59033529.0,10:55:03
sz002545,东方铁塔,17.04,-0.42,-2.405,17.03,17.04,17.46,17.4,17.64,17.01,7448701.0,129238754.0,10:55:03
sz002546,新联电子,7.86,0.04,0.512,7.85,7.86,7.82,7.78,7.89,7.72,4801400.0,37554042.0,10:55:03
sz002547,*ST春兴,2.49,0.0,0.0,2.49,2.5,2.49,2.47,2.54,2.44,10949676.0,27381767.0,10:55:03
sz002548,金新农,4.08,0.07,1.746,4.08,4.09,4.01,4.01,4.13,3.97,15540900.0,63428347.0,10:54:57
sz002549,凯美特气,13.18,-0.26,-1.935,13.18,13.2,13.44,13.27,13.41,13.14,5996700.0,79549697.0,10:55:03
sz002550,千红制药,6.51,0.01,0.154,6.51,6.52,6.5,6.5,6.58,6.43,7199720.0,46964558.0,10:55:03
sz002551,尚荣医疗,3.35,0.07,2.134,3.34,3.35,3.28,3.29,3.38,3.27,7231749.0,24061807.0,10:55:03
sz002552,宝鼎科技,54.3,-3.55,-6.137,54.3,54.34,57.85,55.99,56.8,53.36,20276200.0,1114346737.0,10:55:03
sz002553,南方精工,15.08,0.13,0.87,15.07,15.08,14.95,14.8,15.35,14.8,4535500.0,68503115.0,10:55:03
sz002554,惠博普,2.97,0.07,2.414,2.96,2.97,2.9,2.88,3.0,2.87,20232690.0,59819124.0,10:55:03
sz002555,三七互娱,18.41,0.01,0.054,18.4,18.41,18.4,18.35,18.55,18.31,8378232.0,154599715.0,10:55:03
sz002556,辉隆股份,5.18,0.07,1.37,5.17,5.18,5.11,5.06,5.23,5.06,9418001.0,48820594.0,10:54:54
sz002557,洽洽食品,18.75,0.1,0.536,18.75,18.76,18.65,18.85,19.14,18.71,4668442.0,88007816.0,10:55:03
sz002558,巨人网络,26.99,0.33,1.238,26.97,26.98,26.66,26.6,27.4,26.32,43301217.0,1171697540.0,10:55:03
sz002559,亚威股份,9.03,-0.19,-2.061,9.02,9.03,9.22,9.04,9.14,8.82,13306700.0,119324368.0,10:55:03
sz002560,通达股份,5.98,0.04,0.673,5.97,5.98,5.94,5.9,6.04,5.88,8706380.0,51854840.0,10:55:03
sz002561,徐家汇,6.88,0.24,3.614,6.88,6.89,6.64,6.66,6.99,6.62,6736491.0,46200402.0,10:55:03
sz002562,兄弟科技,4.97,0.19,3.975,4.97,4.98,4.78,4.75,5.08,4.71,25111705.0,123076035.0,10:55:03
sz002563,森马服饰,5.9,0.07,1.201,5.9,5.91,5.83,5.83,5.94,5.83,8970531.0,52780882.0,10:55:03
sz002564,天沃科技,4.37,0.09,2.103,4.36,4.37,4.28,4.29,4.39,4.24,6470700.0,28101225.0,10:55:03
sz002565,顺灏股份,8.4,-0.04,-0.474,8.4,8.41,8.44,8.34,8.53,8.23,15964976.0,133635038.0,10:55:03
sz002566,益盛药业,6.88,0.14,2.077,6.88,6.9,6.74,6.73,6.95,6.69,4294800.0,29407024.0,10:54:48
sz002567,唐人神,3.69,0.08,2.216,3.69,3.7,3.61,3.59,3.71,3.59,14728612.0,54083344.0,10:55:03
sz002568,百润股份,17.92,0.02,0.112,17.92,17.93,17.9,17.81,18.09,17.81,3494860.0,62706438.0,10:55:03
sz002569,*ST步森,11.19,0.02,0.179,11.16,11.19,11.17,10.98,11.34,10.7,493100.0,5495673.0,10:54:48
sz002570,贝因美,4.52,0.12,2.727,4.51,4.52,4.4,4.42,4.53,4.4,9294400.0,41653630.0,10:55:03
sz002571,德力股份,10.77,0.21,1.989,10.76,10.78,10.56,10.56,10.8,10.51,2219700.0,23746103.0,10:55:00
sz002572,索菲亚,8.2,0.1,1.235,8.2,8.21,8.1,8.1,8.21,8.09,3611950.0,29478367.0,10:55:03
sz002573,清新环境,3.2,0.03,0.946,3.19,3.2,3.17,3.17,3.21,3.15,6096624.0,19414136.0,10:54:48
sz002574,明牌珠宝,4.97,0.2,4.193,4.96,4.97,4.77,4.95,5.25,4.94,34521483.0,176771087.0,10:55:00
sz002575,群兴玩具,4.99,0.13,2.675,4.99,5.0,4.86,4.83,5.05,4.79,13753779.0,68055310.0,10:55:03
sz002576,通达动力,14.2,0.24,1.719,14.18,14.2,13.96,13.85,14.28,13.84,1030700.0,14551411.0,10:54:57
sz002577,雷柏科技,18.42,-0.1,-0.54,18.39,18.41,18.52,18.3,18.59,18.12,1460000.0,26774273.0,10:55:03
sz002578,闽发铝业,3.87,-0.02,-0.514,3.87,3.88,3.89,3.87,3.92,3.79,16538870.0,63593370.0,10:55:03
sz002579,中京电子,13.49,-0.38,-2.74,13.48,13.49,13.87,13.65,13.68,13.13,27779888.0,372987981.0,10:55:03
sz002580,圣阳股份,20.5,-0.55,-2.613,20.5,20.51,21.05,21.42,21.43,20.19,61994718.0,1289026355.0,10:55:03
sz002581,*ST未名,5.44,0.23,4.415,5.42,5.43,5.21,5.06,5.56,4.97,13445500.0,71068952.0,10:54:57
sz002582,好想你,10.07,0.05,0.499,10.08,10.09,10.02,10.0,10.23,9.95,12113900.0,122179762.0,10:55:03
sz002583,海能达,8.33,0.11,1.338,8.32,8.33,8.22,8.18,8.42,8.16,15453900.0,129136289.0,10:55:03
sz002584,西陇科学,8.01,-0.08,-0.989,8.01,8.02,8.09,7.98,8.08,7.88,9971000.0,79642424.0,10:55:03
sz002585,双星新材,9.62,-0.2,-2.037,9.62,9.63,9.82,9.61,9.73,9.31,28237462.0,268483889.0,10:55:03
sz002586,ST围海,4.35,-0.1,-2.247,4.34,4.35,4.45,4.47,4.48,4.27,5346200.0,23217946.0,10:54:57
sz002587,奥拓电子,5.41,0.08,1.501,5.4,5.41,5.33,5.28,5.43,5.25,5611128.0,30059633.0,10:55:03
sz002588,史丹利,7.71,0.04,0.522,7.7,7.71,7.67,7.66,7.79,7.64,7222400.0,55935014.0,10:55:03
sz002589,瑞康医药,3.1,0.08,2.649,3.09,3.1,3.02,2.98,3.2,2.96,75794281.0,233615711.0,10:55:03
sz002590,万安科技,9.47,0.14,1.501,9.46,9.47,9.33,9.25,9.5,9.2,2546200.0,23936420.0,10:55:03
sz002591,恒大高新,6.26,0.04,0.643,6.26,6.27,6.22,6.14,6.32,6.1,9585800.0,59614335.0,10:55:03
sz002592,ST八菱,7.02,-0.05,-0.707,7.01,7.04,7.07,6.95,7.15,6.86,3859000.0,26940122.0,10:55:03
sz002593,日上集团,4.43,0.04,0.911,4.43,4.44,4.39,4.39,4.46,4.37,8060100.0,35628436.0,10:55:03
sz002594,比亚迪,90.34,-0.32,-0.353,90.33,90.34,90.66,90.49,90.95,89.91,9424606.0,851256970.0,10:55:03
sz002595,豪迈科技,47.71,-0.35,-0.728,47.71,47.72,48.06,48.0,48.06,47.31,780215.0,37168519.0,10:55:03
sz002596,海南瑞泽,3.21,0.02,0.627,3.21,3.22,3.19,3.17,3.26,3.17,13111400.0,42260006.0,10:55:03
sz002597,金禾实业,19.84,0.08,0.405,19.84,19.85,19.76,19.76,20.05,19.72,1849416.0,36815079.0,10:55:03
sz002598,ST章鼓,6.65,0.07,1.064,6.64,6.65,6.58,6.58,6.69,6.56,865600.0,5730960.0,10:54:51
sz002599,盛通股份,5.85,0.1,1.739,5.85,5.86,5.75,5.71,5.87,5.7,3537580.0,20570761.0,10:55:03
sz002600,领益智造,11.94,-0.14,-1.159,11.93,11.94,12.08,11.91,12.05,11.73,34016502.0,404280994.0,10:55:03
sz002601,龙佰集团,15.43,0.06,0.39,15.42,15.43,15.37,15.3,15.56,15.25,4186900.0,64745622.0,10:55:03
sz002602,世纪华通,13.99,0.2,1.45,13.99,14.0,13.79,13.69,14.09,13.66,44551565.0,622529966.0,10:55:03
sz002603,以岭药业,15.81,-0.03,-0.189,15.81,15.82,15.84,15.75,15.97,15.67,8172700.0,129351579.0,10:55:03
sz002605,姚记科技,17.43,0.17,0.985,17.43,17.45,17.26,17.26,17.51,17.26,1831400.0,31888328.0,10:55:00
sz002606,大连电瓷,12.87,-0.39,-2.941,12.87,12.88,13.26,13.13,13.13,12.77,8708600.0,112607895.0,10:55:03
sz002607,中公教育,2.02,0.02,1.0,2.02,2.03,2.0,1.99,2.05,1.98,70723936.0,142651951.0,10:55:03
sz002608,江苏国信,7.03,0.01,0.142,7.03,7.04,7.02,7.0,7.08,6.99,5347200.0,37674810.0,10:55:03
sz002609,捷顺科技,7.73,0.17,2.249,7.72,7.73,7.56,7.5,7.75,7.5,3511300.0,26887128.0,10:55:03
sz002611,东方精工,14.51,0.05,0.346,14.5,14.51,14.46,14.32,14.64,14.32,6780123.0,98426322.0,10:55:03
sz002612,朗姿股份,14.62,-0.05,-0.341,14.61,14.63,14.67,14.7,14.7,14.43,2573000.0,37431886.0,10:55:03
sz002613,北玻股份,3.42,0.03,0.885,3.42,3.43,3.39,3.4,3.44,3.37,8801700.0,30014899.0,10:55:03
sz002614,奥佳华,5.75,0.34,6.285,5.75,5.76,5.41,5.44,5.77,5.41,28502975.0,161115753.0,10:55:03
sz002615,哈尔斯,6.64,0.27,4.239,6.64,6.65,6.37,6.36,6.66,6.31,9823800.0,64552123.0,10:55:03
sz002616,长青集团,4.79,0.05,1.055,4.79,4.8,4.74,4.7,4.81,4.7,4136926.0,19772847.0,10:55:00
sz002617,露笑科技,6.04,-0.02,-0.33,6.04,6.05,6.06,5.99,6.1,5.95,23136300.0,139417141.0,10:55:03
sz002620,*ST瑞和,5.68,-0.03,-0.525,5.68,5.69,5.71,5.89,6.05,5.67,11982153.0,69927041.0,10:55:03
sz002622,皓宸医疗,2.54,0.07,2.834,2.54,2.55,2.47,2.46,2.57,2.45,14281900.0,36006373.0,10:55:03
sz002623,亚玛顿,15.52,0.02,0.129,15.51,15.52,15.5,15.51,15.72,15.27,1121700.0,17382262.0,10:55:03
sz002624,完美世界,10.88,0.06,0.555,10.88,10.89,10.82,10.75,11.0,10.63,16603493.0,180700666.0,10:55:03
sz002625,光启技术,27.57,-0.25,-0.899,27.57,27.58,27.82,27.55,27.85,27.02,6022300.0,165967447.0,10:55:03
sz002626,金达威,16.65,0.33,2.022,16.65,16.67,16.32,16.3,16.94,16.3,3604600.0,59897294.0,10:55:00
sz002627,三峡旅游,6.89,0.36,5.513,6.89,6.9,6.53,7.01,7.18,6.87,36058059.0,255237974.0,10:55:03
sz002628,成都路桥,4.79,0.0,0.0,4.79,4.8,4.79,4.76,4.84,4.72,6195233.0,29594212.0,10:55:00
sz002629,仁智股份,4.82,0.09,1.903,4.82,4.83,4.73,4.72,4.87,4.7,5007100.0,24036628.0,10:55:03
sz002630,*ST华西,1.63,0.02,1.242,1.62,1.63,1.61,1.61,1.64,1.59,4076480.0,6598720.0,10:54:57
sz002631,德尔未来,8.63,-0.1,-1.145,8.62,8.64,8.73,8.5,8.73,8.34,16507053.0,140564377.0,10:55:03
sz002632,道明光学,8.3,0.01,0.121,8.29,8.31,8.29,8.29,8.39,8.2,5250400.0,43509728.0,10:55:03
sz002633,申科股份,14.41,0.23,1.622,14.4,14.42,14.18,14.16,14.52,14.05,770100.0,11021479.0,10:54:57
sz002634,*ST棒杰,4.24,-0.02,-0.469,4.23,4.24,4.26,4.22,4.27,4.18,2088300.0,8790056.0,10:55:00
sz002635,安洁科技,15.08,-0.32,-2.078,15.08,15.1,15.4,15.25,15.27,14.77,8093900.0,121760543.0,10:55:03
sz002636,金安国纪,60.06,-0.41,-0.678,60.06,60.07,60.47,58.83,61.2,57.8,15003741.0,892953481.0,10:55:03
sz002637,赞宇科技,11.11,-0.22,-1.942,11.1,11.11,11.33,11.02,11.56,10.87,13179500.0,148043241.0,10:55:03
sz002638,勤上股份,4.3,0.12,2.871,4.29,4.3,4.18,4.16,4.4,4.11,36242400.0,154056274.0,10:55:03
sz002639,雪人集团,11.6,0.16,1.399,11.6,11.61,11.44,11.41,11.68,11.17,10600044.0,122232258.0,10:55:03
sz002640,跨境通,3.28,0.13,4.127,3.27,3.28,3.15,3.16,3.31,3.15,78076500.0,254524749.0,10:55:03
sz002641,公元股份,3.96,0.03,0.763,3.96,3.97,3.93,3.92,3.99,3.91,4736800.0,18786976.0,10:55:03
sz002642,荣联科技,7.18,0.18,2.571,7.18,7.19,7.0,7.02,7.22,6.98,8140200.0,58152112.0,10:55:03
sz002643,万润股份,12.78,-0.2,-1.541,12.77,12.78,12.98,12.81,12.94,12.51,9552500.0,121553184.0,10:55:03
sz002644,佛慈制药,8.4,0.22,2.689,8.39,8.4,8.18,8.17,8.51,8.08,8592400.0,71560107.0,10:55:03
sz002645,华宏科技,18.45,-0.58,-3.048,18.43,18.44,19.03,18.76,19.26,18.4,18498551.0,346644382.0,10:55:03
sz002646,天佑德酒,6.94,0.14,2.059,6.93,6.94,6.8,6.76,6.94,6.76,2768500.0,19057623.0,10:54:42
sz002647,仁东控股,11.46,-0.29,-2.468,11.46,11.47,11.75,11.62,11.85,11.38,21028000.0,243509512.0,10:55:03
sz002648,卫星化学,26.65,0.08,0.301,26.64,26.65,26.57,26.64,27.09,26.56,20602761.0,552236857.0,10:55:03
sz002649,博彦科技,9.78,0.36,3.822,9.77,9.78,9.42,9.38,9.79,9.35,12509694.0,121054846.0,10:55:03
sz002650,ST加加,6.21,0.0,0.0,6.21,6.22,6.21,6.21,6.35,6.14,1272100.0,7944420.0,10:54:24
sz002651,利君股份,8.29,-0.32,-3.717,8.29,8.3,8.61,8.4,8.5,8.23,23170834.0,192442722.0,10:55:03
sz002652,扬子新材,4.02,0.09,2.29,4.02,4.03,3.93,3.91,4.06,3.89,7466500.0,29810784.0,10:54:57
sz002653,海思科,63.35,-0.81,-1.262,63.35,63.36,64.16,64.13,64.36,62.68,2074595.0,131738854.0,10:55:03
sz002654,万润科技,13.56,-0.37,-2.656,13.56,13.57,13.93,13.3,13.91,13.16,43542303.0,588846581.0,10:55:03
sz002655,共达电声,36.88,1.5,4.24,36.87,36.88,35.38,34.21,37.45,33.6,27008241.0,974778817.0,10:55:03
sz002656,摩登大道,2.98,0.03,1.017,2.98,2.99,2.95,2.95,2.99,2.94,5843600.0,17362616.0,10:54:51
sz002657,中科金财,15.33,0.37,2.473,15.33,15.34,14.96,14.93,15.44,14.71,6595402.0,100558991.0,10:55:03
sz002658,雪迪龙,7.34,0.14,1.944,7.32,7.33,7.2,7.1,7.38,7.08,3813600.0,27669425.0,10:55:00
sz002659,凯文教育,4.47,0.06,1.361,4.47,4.48,4.41,4.41,4.51,4.39,7488200.0,33306899.0,10:55:03
sz002660,茂硕电源,7.44,0.1,1.362,7.44,7.45,7.34,7.3,7.5,7.29,2397003.0,17757533.0,10:55:00
sz002661,克明食品,8.1,0.18,2.273,8.09,8.1,7.92,7.9,8.12,7.87,1827600.0,14714318.0,10:54:57
sz002662,峰璟股份,3.25,0.04,1.246,3.24,3.25,3.21,3.19,3.26,3.18,4467900.0,14448736.0,10:55:03
sz002663,普邦股份,1.7,0.07,4.294,1.69,1.7,1.63,1.63,1.7,1.63,19496800.0,32678731.0,10:55:03
sz002664,信质集团,15.01,0.09,0.603,15.01,15.02,14.92,14.85,15.13,14.76,1806080.0,27050596.0,10:55:03
sz002666,德联集团,4.17,0.0,0.0,4.16,4.17,4.17,4.3,4.38,4.11,18494600.0,78191955.0,10:55:03
sz002667,*ST威领,20.14,0.69,3.548,20.14,20.15,19.45,19.6,21.4,19.5,22824410.0,467530284.0,10:55:03
sz002668,TCL智家,9.75,-0.05,-0.51,9.75,9.77,9.8,9.7,9.88,9.62,8873496.0,86911973.0,10:55:03
sz002669,康达新材,11.37,-0.08,-0.699,11.36,11.38,11.45,11.28,11.48,11.05,6308404.0,71016019.0,10:55:03
sz002670,国盛证券,10.72,0.03,0.281,10.72,10.73,10.69,10.75,10.84,10.71,6585329.0,70893221.0,10:55:03
sz002671,龙泉股份,3.95,0.05,1.282,3.95,3.96,3.9,3.9,3.98,3.88,5089100.0,20078551.0,10:54:57
sz002672,东江环保,3.71,0.07,1.923,3.71,3.72,3.64,3.63,3.73,3.61,3793200.0,14010544.0,10:54:54
sz002673,西部证券,6.54,0.07,1.082,6.53,6.54,6.47,6.47,6.56,6.47,11605722.0,75793678.0,10:55:03
sz002674,兴业科技,26.25,-0.78,-2.886,26.25,26.26,27.03,26.22,26.76,25.73,6609100.0,173813993.0,10:55:03
sz002675,东诚药业,12.92,0.15,1.175,12.91,12.92,12.77,12.72,12.98,12.64,3211644.0,41302030.0,10:55:03
sz002676,顺威股份,5.14,0.09,1.782,5.13,5.14,5.05,5.0,5.15,5.0,6684750.0,34123436.0,10:55:03
sz002677,浙江美大,6.88,0.2,2.994,6.88,6.89,6.68,6.64,7.0,6.64,3828400.0,26184970.0,10:55:03
sz002678,珠江钢琴,4.81,0.01,0.208,4.81,4.82,4.8,4.78,4.85,4.75,6020900.0,28959686.0,10:55:03
sz002679,福建金森,9.46,0.21,2.27,9.45,9.46,9.25,9.29,9.56,9.22,3595180.0,33963635.0,10:54:54
sz002681,奋达科技,4.38,0.04,0.922,4.38,4.39,4.34,4.3,4.41,4.29,11820636.0,51531249.0,10:55:03
sz002682,龙洲股份,4.64,0.11,2.428,4.63,4.64,4.53,4.48,4.7,4.47,22549175.0,104396636.0,10:55:03
sz002683,广东宏大,29.15,-0.17,-0.58,29.14,29.15,29.32,29.0,29.79,28.71,4359437.0,127745781.0,10:55:03
sz002685,华东重机,5.44,0.06,1.115,5.44,5.45,5.38,5.38,5.49,5.33,12027716.0,65347918.0,10:55:03
sz002686,亿利达,6.82,0.62,10.0,6.82,0.0,6.2,6.11,6.82,6.05,35286295.0,231556707.0,10:55:03
sz002687,乔治白,6.37,-0.25,-3.776,6.37,6.38,6.62,6.42,6.54,6.0,22333493.0,139502113.0,10:55:03
sz002688,金河生物,5.21,0.03,0.579,5.2,5.21,5.18,5.16,5.24,5.12,3914500.0,20317648.0,10:55:03
sz002689,ST远智,2.87,0.01,0.35,2.86,2.87,2.86,2.86,2.87,2.83,1852910.0,5285243.0,10:55:00
sz002690,美亚光电,15.29,0.07,0.46,15.29,15.3,15.22,15.3,15.36,15.22,1198060.0,18336773.0,10:55:03
sz002691,*ST冀凯,4.34,0.19,4.578,4.32,4.33,4.15,4.15,4.34,4.12,1075900.0,4548792.0,10:55:00
sz002692,远程股份,4.24,0.06,1.435,4.24,4.25,4.18,4.15,4.28,4.14,4537700.0,19171149.0,10:55:03
sz002693,双成药业,8.79,-0.11,-1.236,8.79,8.8,8.9,8.88,8.99,8.64,10832900.0,95091054.0,10:55:03
sz002694,*ST顾地,2.24,0.11,5.164,2.23,2.24,2.13,2.13,2.28,2.11,4239500.0,9390563.0,10:55:03
sz002695,煌上煌,11.05,-0.15,-1.339,11.04,11.05,11.2,11.2,11.21,10.99,7161700.0,79545437.0,10:55:03
sz002696,百洋股份,6.21,0.12,1.97,6.2,6.21,6.09,6.01,6.35,5.97,11191950.0,69602706.0,10:54:48
sz002697,红旗连锁,4.58,0.11,2.461,4.57,4.58,4.47,4.46,4.6,4.46,12041936.0,54773509.0,10:55:03
sz002698,博实股份,12.22,-0.15,-1.213,12.22,12.23,12.37,12.27,12.39,12.12,3986421.0,48820277.0,10:55:03
sz002700,万憬能源,6.35,0.1,1.6,6.34,6.35,6.25,6.24,6.4,6.24,3704400.0,23445553.0,10:55:00
sz002701,奥瑞金,4.74,0.02,0.424,4.74,4.75,4.72,4.72,4.77,4.7,7440500.0,35296609.0,10:55:03
sz002702,海欣食品,4.83,0.06,1.258,4.83,4.84,4.77,4.77,4.88,4.73,10351040.0,49718186.0,10:55:03
sz002703,浙江世宝,15.87,1.44,9.979,15.87,0.0,14.43,14.1,15.87,13.92,72461647.0,1111046277.0,10:55:03
sz002705,新宝股份,11.27,0.24,2.176,11.26,11.27,11.03,11.06,11.31,11.01,3815692.0,42829844.0,10:55:03
sz002706,良信股份,9.67,0.02,0.207,9.67,9.68,9.65,9.51,9.83,9.39,20531323.0,196974011.0,10:55:03
sz002707,众信旅游,5.35,0.07,1.326,5.35,5.36,5.28,5.26,5.41,5.24,20519884.0,109917370.0,10:55:03
sz002708,光洋股份,11.53,0.03,0.261,11.53,11.54,11.5,11.27,11.65,11.27,6355800.0,72846115.0,10:55:03
sz002709,天赐材料,35.88,-1.6,-4.269,35.88,35.89,37.48,37.0,37.14,35.5,34923042.0,1264805337.0,10:55:03
sz002712,思美传媒,4.73,0.04,0.853,4.73,4.74,4.69,4.61,4.78,4.61,7575360.0,35708635.0,10:55:03
sz002713,东易日盛,9.96,0.91,10.055,9.96,0.0,9.05,8.95,9.96,8.87,14828247.0,140268362.0,10:54:57
sz002714,牧原股份,39.63,0.8,2.06,39.62,39.63,38.83,38.76,39.92,38.62,30532331.0,1206334956.0,10:55:03
sz002715,登云股份,14.16,-0.02,-0.141,14.16,14.17,14.18,14.02,14.36,13.86,1913800.0,27086683.0,10:55:03
sz002716,湖南白银,10.62,-0.84,-7.33,10.61,10.62,11.46,11.55,11.7,10.58,345492184.0,3868111466.0,10:55:03
sz002717,*ST岭南,0.99,0.03,3.125,0.99,1.0,0.96,0.96,1.0,0.95,32688366.0,32017080.0,10:55:03
sz002718,友邦吊顶,81.99,-3.66,-4.273,81.91,81.99,85.65,84.54,85.03,80.88,540200.0,44982246.0,10:55:00
sz002719,ST麦趣,6.1,0.09,1.498,6.09,6.1,6.01,5.99,6.15,5.96,1092760.0,6641291.0,10:54:45
sz002721,金一文化,2.79,-0.06,-2.105,2.79,2.8,2.85,2.82,2.88,2.74,104952800.0,293713847.0,10:55:03
sz002722,物产金轮,12.91,0.11,0.859,12.9,12.91,12.8,12.68,12.94,12.68,1252774.0,16084234.0,10:54:48
sz002723,小崧股份,7.42,0.05,0.678,7.42,7.43,7.37,7.37,7.51,7.26,3562100.0,26371598.0,10:55:03
sz002724,海洋王,6.64,0.25,3.912,6.64,6.65,6.39,6.4,6.8,6.36,27536120.0,182251600.0,10:55:03
sz002725,跃岭股份,11.17,0.12,1.086,11.16,11.17,11.05,11.05,11.23,10.95,1781300.0,19759766.0,10:55:03
sz002726,ST龙大,3.04,0.14,4.828,3.04,3.05,2.9,2.85,3.09,2.85,68256933.0,205026004.0,10:55:03
sz002727,一心堂,11.64,0.21,1.837,11.63,11.65,11.43,11.42,11.66,11.4,3519400.0,40689172.0,10:55:03
sz002728,特一药业,8.74,0.14,1.628,8.74,8.75,8.6,8.61,8.92,8.51,7310900.0,63652172.0,10:55:03
sz002729,好利科技,13.61,0.1,0.74,13.6,13.61,13.51,13.51,13.69,13.32,1339100.0,18103523.0,10:55:03
sz002730,电光科技,20.94,0.07,0.335,20.91,20.94,20.87,20.57,21.15,20.38,3214631.0,66884389.0,10:55:03
sz002731,*ST萃华,1.25,-0.03,-2.344,1.25,1.26,1.28,1.2,1.31,1.2,30998911.0,38516350.0,10:55:03
sz002732,燕塘乳业,13.89,0.22,1.609,13.88,13.89,13.67,13.58,13.96,13.58,497400.0,6883145.0,10:55:03
sz002733,雄韬股份,18.2,-0.42,-2.256,18.2,18.21,18.62,18.36,18.44,17.96,4901225.0,89258309.0,10:55:03
sz002734,利民股份,14.51,-0.08,-0.548,14.51,14.52,14.59,14.51,14.87,14.42,7247183.0,106286022.0,10:55:03
sz002735,王子新材,11.23,-0.11,-0.97,11.23,11.24,11.34,11.18,11.41,11.16,6392600.0,72056289.0,10:55:03
sz002736,国信证券,9.86,0.03,0.305,9.85,9.86,9.83,9.82,9.89,9.82,6540895.0,64525033.0,10:55:03
sz002737,葵花药业,13.05,0.19,1.477,13.05,13.06,12.86,12.87,13.08,12.75,2286245.0,29606996.0,10:55:00
sz002738,中矿资源,49.51,-4.18,-7.785,49.52,49.59,53.69,53.69,53.69,49.46,20133014.0,1034158133.0,10:55:03
sz002739,儒意电影,8.26,0.05,0.609,8.26,8.27,8.21,8.18,8.33,8.16,21403832.0,177174458.0,10:55:03
sz002741,光华科技,24.6,-0.55,-2.187,24.6,24.64,25.15,25.0,25.1,24.01,11746200.0,289276407.0,10:55:03
sz002742,冀衡医药,4.68,0.43,10.118,4.68,0.0,4.25,4.21,4.68,4.21,45840132.0,209597743.0,10:55:03
sz002743,富煌钢构,4.61,0.14,3.132,4.61,4.62,4.47,4.47,4.65,4.42,15621800.0,71056022.0,10:55:03
sz002745,木林森,11.03,-0.22,-1.956,11.02,11.03,11.25,11.06,11.18,10.87,18373671.0,202593281.0,10:55:03
sz002746,仙坛股份,6.33,0.06,0.957,6.33,6.34,6.27,6.24,6.42,6.24,10981600.0,69721540.0,10:55:03
sz002747,埃斯顿,31.05,0.23,0.746,31.05,31.06,30.82,31.06,31.46,30.57,25785295.0,804235010.0,10:55:03
sz002748,世龙实业,12.08,0.19,1.598,12.07,12.08,11.89,11.94,12.38,11.71,5427938.0,65797538.0,10:55:00
sz002749,国光股份,8.66,0.08,0.932,8.66,8.67,8.58,8.56,8.72,8.56,1482290.0,12845056.0,10:55:00
sz002752,昇兴股份,5.93,0.11,1.89,5.92,5.93,5.82,5.82,5.95,5.79,5984000.0,35303041.0,10:55:00
sz002753,永东股份,6.87,0.05,0.733,6.86,6.87,6.82,6.75,6.95,6.73,4297438.0,29550099.0,10:55:03
sz002755,奥赛康,11.88,-0.09,-0.752,11.88,11.89,11.97,11.86,12.07,11.75,6708921.0,79899772.0,10:55:03
sz002756,永兴材料,44.62,-3.13,-6.555,44.62,44.63,47.75,46.5,46.87,44.52,9868000.0,450609638.0,10:55:03
sz002757,南兴股份,15.75,0.04,0.255,15.75,15.76,15.71,15.55,15.86,15.48,3221000.0,50486590.0,10:55:03
sz002758,浙农股份,8.06,0.14,1.768,8.06,8.07,7.92,7.86,8.12,7.86,4902267.0,39477257.0,10:55:03
sz002759,ST天际,17.59,-0.76,-4.142,17.56,17.59,18.35,18.0,18.25,17.18,15474560.0,271885685.0,10:55:03
sz002760,凤形股份,17.4,0.07,0.404,17.39,17.4,17.33,17.28,17.54,17.14,1658800.0,28777544.0,10:55:03
sz002761,浙江建投,7.17,0.13,1.847,7.16,7.17,7.04,7.07,7.19,7.01,5806600.0,41401942.0,10:55:03
sz002762,金发拉比,9.5,-0.21,-2.163,9.49,9.5,9.71,9.97,9.97,9.32,5230300.0,50401744.0,10:55:03
sz002763,汇洁股份,7.44,0.08,1.087,7.44,7.45,7.36,7.32,7.5,7.32,2136300.0,15848538.0,10:55:03
sz002765,蓝黛科技,6.92,0.03,0.435,6.92,6.93,6.89,6.87,6.97,6.84,2258800.0,15605691.0,10:54:48
sz002766,索菱股份,4.13,0.06,1.474,4.12,4.13,4.07,3.99,4.18,3.96,23472500.0,95526690.0,10:55:03
sz002767,先锋电子,17.72,-0.13,-0.728,17.72,17.73,17.85,17.85,18.01,17.48,730900.0,12982360.0,10:54:57
sz002768,国恩股份,60.43,0.38,0.633,60.36,60.48,60.05,59.0,61.59,57.87,5248613.0,312643622.0,10:55:03
sz002769,普路通,6.96,0.06,0.87,6.95,6.96,6.9,6.9,7.0,6.83,3483300.0,24132719.0,10:55:03
sz002771,真视通,12.2,0.04,0.329,12.19,12.2,12.16,12.0,12.3,11.88,3605600.0,43652619.0,10:55:03
sz002772,众兴菌业,10.54,0.26,2.529,10.53,10.54,10.28,10.2,10.62,10.16,7978600.0,83770653.0,10:55:03
sz002773,康弘药业,20.37,-0.11,-0.537,20.36,20.37,20.48,20.3,20.56,20.3,2018800.0,41215339.0,10:55:03
sz002774,快意电梯,16.23,-0.12,-0.734,16.23,16.24,16.35,16.2,16.74,15.88,7160600.0,116488458.0,10:55:03
sz002775,文科股份,3.58,0.09,2.579,3.58,3.6,3.49,3.49,3.63,3.47,6697200.0,23819483.0,10:55:03
sz002777,久远银海,12.66,0.22,1.768,12.66,12.67,12.44,12.38,12.76,12.36,4098200.0,51749952.0,10:55:03
sz002778,中晟高科,15.7,0.17,1.095,15.69,15.7,15.53,15.37,15.86,15.36,765100.0,11989940.0,10:55:03
sz002779,中坚科技,73.0,-0.38,-0.518,72.91,73.01,73.38,73.23,73.38,71.65,774730.0,56246203.0,10:55:03
sz002780,三夫户外,13.28,0.29,2.232,13.27,13.28,12.99,12.9,13.34,12.9,2300900.0,30303901.0,10:55:03
sz002782,可立克,14.93,-0.06,-0.4,14.93,14.94,14.99,14.84,15.12,14.56,3462900.0,51400042.0,10:55:03
sz002783,凯龙股份,7.85,0.08,1.03,7.84,7.85,7.77,7.76,7.98,7.7,4704275.0,36911727.0,10:55:00
sz002785,万里石,33.53,-0.83,-2.416,33.52,33.53,34.36,34.36,34.36,33.3,2615096.0,88196798.0,10:55:03
sz002786,银宝山新,7.99,0.07,0.884,7.99,8.0,7.92,7.9,8.03,7.84,4730700.0,37563806.0,10:55:03
sz002787,华源控股,20.77,-0.09,-0.431,20.76,20.78,20.86,20.5,20.92,20.07,5024400.0,103021725.0,10:55:03
sz002788,鹭燕医药,10.84,0.28,2.652,10.83,10.84,10.56,10.62,11.09,10.35,10288400.0,110755284.0,10:55:03
sz002789,*ST建艺,9.86,0.18,1.86,9.86,9.88,9.68,9.7,10.0,9.65,1042900.0,10246005.0,10:55:00
sz002790,瑞尔特,5.95,0.07,1.19,5.94,5.95,5.88,5.86,5.97,5.84,2265160.0,13426797.0,10:54:57
sz002791,坚朗五金,14.76,0.16,1.096,14.75,14.77,14.6,14.51,14.84,14.39,1125000.0,16555726.0,10:54:57
sz002792,通宇通讯,30.32,0.02,0.066,30.31,30.32,30.3,29.67,30.85,29.5,10393577.0,313947975.0,10:55:03
sz002793,罗欣药业,4.65,-0.01,-0.215,4.65,4.66,4.66,4.6,4.78,4.51,23748072.0,110749366.0,10:55:00
sz002795,永和智控,6.95,-0.13,-1.836,6.95,6.96,7.08,7.09,7.14,6.87,5819500.0,40671534.0,10:55:03
sz002796,世嘉科技,29.02,-0.4,-1.36,29.02,29.03,29.42,29.0,29.39,28.16,3339700.0,96153767.0,10:55:03
sz002797,第一创业,6.32,-0.01,-0.158,6.32,6.33,6.33,6.32,6.35,6.31,11705796.0,74078903.0,10:55:03
sz002798,帝欧水华,5.64,0.09,1.622,5.64,5.65,5.55,5.56,5.69,5.52,3289786.0,18528403.0,10:54:57
sz002799,环球印务,6.9,0.21,3.139,6.9,6.91,6.69,6.65,6.96,6.61,4334400.0,29566354.0,10:54:57
sz002800,天顺股份,14.21,0.47,3.421,14.2,14.21,13.74,13.2,14.58,13.2,5686504.0,80277379.0,10:55:03
sz002801,微光股份,26.52,0.1,0.379,26.51,26.54,26.42,26.39,26.65,26.14,247384.0,6534433.0,10:55:03
sz002802,洪汇新材,12.11,0.16,1.339,12.09,12.11,11.95,11.77,12.28,11.77,2187346.0,26305538.0,10:55:03
sz002803,吉宏股份,18.38,-0.09,-0.487,18.38,18.39,18.47,18.33,18.5,18.09,3081989.0,56396430.0,10:55:03
sz002805,丰元股份,18.52,-1.0,-5.123,18.51,18.52,19.52,19.29,19.39,18.48,10921431.0,204901633.0,10:55:03
sz002806,华锋股份,14.2,0.11,0.781,14.2,14.21,14.09,13.95,14.33,13.81,2418014.0,34153615.0,10:55:03
sz002807,江阴银行,4.04,-0.01,-0.247,4.04,4.05,4.05,4.06,4.08,4.01,22889230.0,92458453.0,10:55:03
sz002809,红墙股份,8.54,0.11,1.305,8.52,8.54,8.43,8.32,8.6,8.32,4447840.0,37865916.0,10:55:03
sz002810,山东赫达,21.02,-0.64,-2.955,21.01,21.02,21.66,21.66,21.66,20.78,3699670.0,78297103.0,10:55:03
sz002811,郑中设计,13.04,-0.18,-1.362,13.04,13.05,13.22,13.03,13.4,12.95,6211900.0,81904302.0,10:55:03
sz002812,恩捷股份,53.0,-2.9,-5.188,53.0,53.01,55.9,55.59,55.91,53.0,13194068.0,710819358.0,10:55:03
sz002813,路畅科技,20.66,0.38,1.874,20.66,20.69,20.28,19.99,21.0,19.99,1295100.0,26661730.0,10:55:03
sz002815,崇达技术,13.14,-0.22,-1.647,13.14,13.15,13.36,13.19,13.35,13.03,13895100.0,183265071.0,10:55:03
sz002816,*ST和科,23.86,-0.6,-2.453,23.9,23.92,24.46,24.34,24.38,23.68,736300.0,17666888.0,10:55:03
sz002817,黄山胶囊,6.63,0.09,1.376,6.63,6.64,6.54,6.52,6.69,6.45,3216489.0,21229572.0,10:55:03
sz002818,富森美,10.92,-0.09,-0.817,10.92,10.93,11.01,11.01,11.04,10.87,2533400.0,27731186.0,10:55:00
sz002819,东方中科,20.8,-0.35,-1.655,20.8,20.81,21.15,20.85,20.87,20.43,1770100.0,36551121.0,10:55:03
sz002820,桂发祥,9.68,0.35,3.751,9.67,9.68,9.33,9.27,9.95,9.18,22919833.0,220783296.0,10:55:03
sz002821,凯莱英,164.74,8.17,5.218,164.63,164.76,156.57,156.48,167.14,154.2,11334404.0,1841109134.0,10:55:03
sz002822,ST中装,3.14,0.01,0.319,3.13,3.14,3.13,3.13,3.15,3.12,1541700.0,4834022.0,10:54:27
sz002823,凯中精密,12.81,0.09,0.708,12.81,12.82,12.72,12.72,12.92,12.6,1947412.0,24888436.0,10:55:00
sz002824,和胜股份,23.58,-0.4,-1.668,23.58,23.59,23.98,23.8,24.22,23.35,6981008.0,166025632.0,10:55:03
sz002825,纳尔股份,8.9,-0.04,-0.447,8.9,8.92,8.94,8.9,8.98,8.75,1666897.0,14847147.0,10:55:03
sz002826,易明医药,17.33,0.26,1.523,17.33,17.34,17.07,16.97,17.39,16.82,1827113.0,31339258.0,10:55:03
sz002827,高争民爆,53.75,-1.11,-2.023,53.75,53.8,54.86,55.01,55.08,53.3,4848100.0,262545562.0,10:55:03
sz002828,贝肯能源,12.18,-0.08,-0.653,12.18,12.19,12.26,12.18,12.39,12.01,6269350.0,76700494.0,10:55:03
sz002829,星网宇达,18.92,-0.19,-0.994,18.92,18.94,19.11,18.84,19.18,18.61,2593520.0,48944562.0,10:55:03
sz002830,名雕股份,13.79,0.09,0.657,13.79,13.8,13.7,13.56,13.89,13.45,1436320.0,19691965.0,10:54:57
sz002831,裕同科技,25.02,-0.23,-0.911,25.01,25.03,25.25,24.89,25.31,24.56,3203943.0,79967409.0,10:55:03
sz002832,比音勒芬,24.08,-0.09,-0.372,24.05,24.08,24.17,24.15,24.64,23.92,3613183.0,87559413.0,10:55:03
sz002833,弘亚数控,17.9,0.21,1.187,17.89,17.9,17.69,17.68,18.04,17.52,1521626.0,27148989.0,10:54:48
sz002835,同为股份,12.5,0.14,1.133,12.49,12.5,12.36,12.3,12.53,12.2,905700.0,11253272.0,10:54:48
sz002836,新宏泽,9.95,0.14,1.427,9.94,9.95,9.81,9.7,10.03,9.63,897100.0,8842329.0,10:55:03
sz002837,英维克,59.1,4.35,7.945,59.1,59.14,54.75,53.54,60.23,53.01,76021505.0,4426049543.0,10:55:03
sz002838,道恩股份,23.47,-0.92,-3.772,23.46,23.47,24.39,24.19,24.3,23.07,4257373.0,100096431.0,10:55:03
sz002839,张家港行,4.37,-0.03,-0.682,4.37,4.38,4.4,4.42,4.43,4.35,13998260.0,61398379.0,10:55:03
sz002840,华统股份,8.24,0.07,0.857,8.23,8.24,8.17,8.12,8.38,8.0,12173300.0,99818604.0,10:55:00
sz002841,视源股份,46.53,-2.2,-4.515,46.57,46.59,48.73,48.34,48.95,46.16,4128622.0,193595035.0,10:55:03
sz002842,翔鹭钨业,36.57,-2.35,-6.038,36.56,36.57,38.92,38.15,38.63,36.46,17649900.0,659191243.0,10:55:03
sz002843,泰嘉股份,15.37,0.1,0.655,15.37,15.38,15.27,15.03,15.6,15.0,4582579.0,69988659.0,10:55:03
sz002845,同兴达,12.91,0.0,0.0,12.92,12.94,12.91,12.87,13.01,12.67,3653600.0,46968177.0,10:55:03
sz002846,英联股份,10.46,-0.03,-0.286,10.46,10.47,10.49,10.45,10.59,10.4,2078495.0,21812864.0,10:55:03
sz002847,盐津铺子,45.1,0.95,2.152,45.1,45.11,44.15,44.1,45.5,43.88,2324942.0,104252242.0,10:55:00
sz002848,高斯贝尔,13.04,-0.11,-0.837,13.04,13.06,13.15,13.2,13.2,12.82,1291300.0,16887940.0,10:54:57
sz002849,威星智能,18.65,0.12,0.648,18.64,18.65,18.53,18.54,18.92,18.21,4049500.0,75569142.0,10:55:03
sz002850,科达利,180.35,-3.46,-1.882,180.24,180.35,183.81,181.5,184.14,179.0,1043020.0,188883864.0,10:55:03
sz002851,麦格米特,118.69,-1.15,-0.96,118.75,118.77,119.84,117.0,121.5,115.76,10871584.0,1285565620.0,10:55:03
sz002852,道道全,8.0,0.18,2.302,8.0,8.01,7.82,7.82,8.08,7.73,6685669.0,53428222.0,10:54:54
sz002853,皮阿诺,22.59,1.57,7.469,22.59,22.6,21.02,20.82,23.12,20.51,9494440.0,213687242.0,10:55:00
sz002855,捷荣技术,10.13,0.13,1.3,10.13,10.14,10.0,9.84,10.18,9.81,1321389.0,13279137.0,10:55:03
sz002856,*ST美芝,14.55,0.47,3.338,14.47,14.55,14.08,13.98,14.58,13.98,1773620.0,25493050.0,10:55:03
sz002857,三晖电气,19.34,0.05,0.259,19.33,19.37,19.29,19.18,19.77,19.05,1595200.0,30788387.0,10:54:54
sz002858,力盛体育,11.69,0.25,2.185,11.68,11.69,11.44,11.44,11.82,11.41,1634300.0,19007057.0,10:54:57
sz002859,洁美科技,62.66,-1.93,-2.988,62.65,62.66,64.59,64.0,64.0,61.08,7534855.0,469904246.0,10:55:03
sz002860,星帅尔,15.37,-0.29,-1.852,15.37,15.38,15.66,15.15,15.71,15.07,8743714.0,134347793.0,10:55:03
sz002861,瀛通通讯,15.31,-0.11,-0.713,15.31,15.32,15.42,15.32,15.48,14.96,1886400.0,28705261.0,10:55:00
sz002862,实丰文化,13.49,0.21,1.581,13.49,13.5,13.28,13.25,13.58,13.18,982000.0,13177193.0,10:54:57
sz002863,今飞凯达,4.7,0.07,1.512,4.69,4.7,4.63,4.6,4.71,4.58,7124400.0,33294139.0,10:55:03
sz002864,盘龙药业,21.83,0.53,2.488,21.82,21.84,21.3,21.3,22.18,21.06,2320700.0,50645980.0,10:54:57
sz002865,钧达股份,39.35,-0.45,-1.131,39.33,39.35,39.8,39.39,40.01,38.43,4156726.0,163226666.0,10:55:03
sz002866,传艺科技,14.61,-0.15,-1.016,14.6,14.62,14.76,14.58,14.78,14.5,2602800.0,38052644.0,10:55:00
sz002867,周大生,12.29,0.01,0.081,12.29,12.3,12.28,12.35,12.44,12.22,3238691.0,39936635.0,10:55:03
sz002868,绿康生化,21.73,0.16,0.742,21.7,21.73,21.57,21.5,21.92,21.39,468000.0,10158602.0,10:54:57
sz002869,金溢科技,16.06,0.13,0.816,16.05,16.06,15.93,15.93,16.15,15.75,873600.0,13925512.0,10:55:03
sz002870,香山股份,46.65,-0.55,-1.165,46.63,46.67,47.2,46.89,47.32,46.16,1280100.0,59817069.0,10:55:03
sz002871,伟隆股份,16.52,0.12,0.732,16.51,16.52,16.4,16.24,16.9,15.99,1811750.0,29877350.0,10:54:57
sz002872,ST天圣,5.31,-0.01,-0.188,5.3,5.32,5.32,5.31,5.36,5.29,1080050.0,5747640.0,10:54:51
sz002873,新天药业,8.67,0.28,3.337,8.67,8.68,8.39,8.3,8.87,8.3,6792300.0,58551491.0,10:54:57
sz002875,安奈儿,12.9,0.04,0.311,12.89,12.9,12.86,12.78,13.04,12.53,2622500.0,33630813.0,10:55:03
sz002876,三利谱,29.0,-0.28,-0.956,28.95,29.0,29.28,28.99,29.19,28.35,1051500.0,30301854.0,10:55:03
sz002877,智能自控,7.47,0.16,2.189,7.46,7.47,7.31,7.28,7.47,7.24,3101000.0,22943622.0,10:55:03
sz002878,元隆雅图,12.31,0.22,1.82,12.31,12.32,12.09,12.03,12.35,12.01,2249700.0,27520838.0,10:55:03
sz002879,长缆科技,16.19,0.4,2.533,16.18,16.19,15.79,15.5,16.28,15.4,5110400.0,81730657.0,10:55:03
sz002880,卫光生物,22.55,2.05,10.0,22.55,0.0,20.5,21.19,22.55,21.19,3313010.0,74189559.0,10:55:03
sz002881,美格智能,39.0,-0.96,-2.402,39.0,39.02,39.96,39.58,39.95,38.7,3235153.0,126582911.0,10:55:03
sz002882,金龙羽,22.28,-1.48,-6.229,22.27,22.28,23.76,23.72,23.99,22.25,12534627.0,286780549.0,10:55:03
sz002883,*ST中设,9.18,0.0,0.0,9.16,9.17,9.18,9.2,9.22,9.14,191700.0,1760063.0,10:54:54
sz002884,凌霄泵业,15.73,-0.31,-1.933,15.73,15.75,16.04,15.81,15.92,15.5,2031928.0,32045495.0,10:55:03
sz002885,京泉华,27.95,-0.25,-0.887,27.93,27.95,28.2,27.55,28.46,26.84,7310840.0,202012201.0,10:55:12
sz002886,沃特股份,21.26,0.78,3.809,21.25,21.26,20.48,20.29,21.86,19.9,16972855.0,356088778.0,10:55:12
sz002887,绿茵生态,9.07,0.02,0.221,9.06,9.07,9.05,9.02,9.23,8.91,1792500.0,16294799.0,10:55:12
sz002888,惠威科技,17.63,0.28,1.614,17.63,17.64,17.35,17.26,17.75,17.13,746300.0,13055598.0,10:55:06
sz002889,东方嘉盛,12.8,0.25,1.992,12.79,12.8,12.55,12.4,12.82,12.38,2114420.0,26860611.0,10:55:12
sz002890,弘宇股份,14.32,-0.01,-0.07,14.26,14.31,14.33,14.03,14.45,14.01,865400.0,12316582.0,10:55:09
sz002891,中宠股份,28.93,0.15,0.521,28.93,28.95,28.78,28.23,29.36,28.03,4963590.0,142432239.0,10:55:12
sz002892,科力尔,9.03,0.12,1.347,9.03,9.04,8.91,8.91,9.1,8.85,2776456.0,25009190.0,10:55:12
sz002893,京能热力,9.98,0.15,1.526,9.98,9.99,9.83,9.8,10.15,9.76,5808000.0,57845511.0,10:55:12
sz002895,川恒股份,32.03,-0.98,-2.969,32.02,32.03,33.01,33.03,33.36,32.0,4366180.0,141853320.0,10:55:12
sz002896,中大力德,63.85,-0.5,-0.777,63.82,63.88,64.35,63.5,65.18,63.12,4450860.0,286620838.0,10:55:12
sz002897,意华股份,55.38,-1.22,-2.155,55.33,55.39,56.6,54.62,56.1,53.45,5070300.0,276960853.0,10:55:12
sz002899,英派斯,19.36,0.22,1.149,19.33,19.36,19.14,19.04,19.55,19.01,1316300.0,25399869.0,10:54:24
sz002900,哈三联,13.8,-0.35,-2.473,13.8,13.82,14.15,13.4,14.06,12.74,28783500.0,381832345.0,10:55:12
sz002901,大博医疗,45.45,-0.06,-0.132,45.44,45.45,45.51,45.52,45.98,44.9,971100.0,44085668.0,10:55:12
sz002902,铭普光磁,24.02,-0.02,-0.083,24.01,24.03,24.04,23.91,24.21,23.35,3968508.0,94344571.0,10:55:12
sz002903,宇环数控,30.76,-1.92,-5.875,30.76,30.77,32.68,32.1,32.35,30.66,10944942.0,343217340.0,10:55:09
sz002905,金逸影视,7.8,0.14,1.828,7.79,7.8,7.66,7.65,7.86,7.62,2129608.0,16555008.0,10:55:12
sz002906,华阳集团,27.66,-0.57,-2.019,27.66,27.68,28.23,29.86,29.86,27.63,27951532.0,806269979.0,10:55:12
sz002907,华森制药,15.74,1.43,9.993,15.74,0.0,14.31,14.09,15.74,13.9,16068700.0,242375263.0,10:55:12
sz002908,德生科技,7.16,0.3,4.373,7.15,7.16,6.86,6.86,7.29,6.8,8175208.0,58226316.0,10:55:12
sz002909,集泰股份,5.24,0.09,1.748,5.24,5.25,5.15,5.15,5.27,5.09,3234400.0,16880394.0,10:55:03
sz002910,庄园牧场,9.72,0.28,2.966,9.72,9.73,9.44,9.27,9.78,9.27,4007900.0,38489996.0,10:55:12
sz002911,佛燃能源,11.06,0.01,0.09,11.06,11.07,11.05,11.05,11.16,10.96,3555915.0,39307295.0,10:55:00
sz002912,中新赛克,19.13,0.39,2.081,19.12,19.14,18.74,18.8,19.18,18.55,1203000.0,22840725.0,10:55:03
sz002913,奥士康,55.47,-2.03,-3.53,55.4,55.48,57.5,56.36,57.36,54.71,2850200.0,158529409.0,10:55:12
sz002915,中欣氟材,16.68,0.08,0.482,16.68,16.69,16.6,16.6,16.83,16.4,2478500.0,41248654.0,10:55:12
sz002916,深南电路,335.43,-8.2,-2.386,335.04,335.46,343.63,339.99,343.31,332.0,3433230.0,1157526172.0,10:55:12
sz002917,金奥博,10.23,0.07,0.689,10.23,10.24,10.16,10.08,10.31,10.08,1006847.0,10278149.0,10:55:09
sz002918,蒙娜丽莎,9.94,0.13,1.325,9.94,9.96,9.81,9.68,10.1,9.68,4638628.0,45861079.0,10:55:09
sz002919,名臣健康,17.11,0.19,1.123,17.11,17.12,16.92,16.9,17.2,16.7,1257400.0,21366287.0,10:55:06
sz002920,德赛西威,85.21,-1.38,-1.594,85.21,85.29,86.59,86.0,86.4,84.31,2567443.0,219063060.0,10:55:12
sz002921,联诚精密,21.52,-0.16,-0.738,21.51,21.54,21.68,21.68,21.95,21.27,1535800.0,33105091.0,10:55:12
sz002922,伊戈尔,24.06,-0.71,-2.866,24.06,24.07,24.77,24.3,24.9,23.56,7858760.0,189245058.0,10:55:12
sz002923,润都股份,10.94,0.06,0.551,10.93,10.94,10.88,10.93,11.11,10.65,4822342.0,52601645.0,10:55:09
sz002925,盈趣科技,21.66,-0.51,-2.3,21.66,21.67,22.17,21.94,22.12,21.57,3912385.0,85222245.0,10:55:12
sz002926,华西证券,8.24,0.01,0.122,8.24,8.25,8.23,8.21,8.35,8.21,8683600.0,71929043.0,10:55:12
sz002927,泰永长征,15.92,0.27,1.725,15.91,15.93,15.65,15.65,16.21,15.31,3401510.0,53465222.0,10:55:12
sz002928,华夏航空,6.21,0.01,0.161,6.2,6.21,6.2,6.16,6.24,6.15,7546800.0,46757146.0,10:55:12
sz002929,润建股份,53.72,1.24,2.363,53.71,53.72,52.48,51.82,54.68,51.4,7290008.0,389160170.0,10:55:12
sz002930,宏川智慧,8.69,0.15,1.756,8.68,8.69,8.54,8.48,8.75,8.48,3155100.0,27268351.0,10:55:09
sz002931,锋龙股份,45.69,-0.48,-1.04,45.69,45.71,46.17,46.0,46.5,45.51,2192000.0,100793860.0,10:55:12
sz002932,*ST明德,15.18,0.0,0.0,15.16,15.2,15.18,15.1,15.23,15.1,184240.0,2794589.0,10:54:30
sz002933,新兴装备,26.41,0.23,0.879,26.39,26.42,26.18,26.12,26.59,25.76,503500.0,13218094.0,10:55:03
sz002935,天奥电子,15.46,0.04,0.259,15.45,15.46,15.42,15.42,15.62,15.2,1653458.0,25508190.0,10:55:12
sz002936,郑州银行,1.77,0.0,0.0,1.77,1.78,1.77,1.76,1.78,1.75,63164935.0,111559257.0,10:55:12
sz002937,兴瑞科技,28.51,-0.54,-1.859,28.51,28.53,29.05,28.57,29.0,27.93,3326896.0,94591849.0,10:55:12
sz002938,鹏鼎控股,86.43,-1.52,-1.728,86.42,86.43,87.95,86.88,87.99,84.88,8225705.0,710148683.0,10:55:12
sz002939,长城证券,7.95,0.0,0.0,7.95,7.96,7.95,7.93,7.99,7.93,5825516.0,46394338.0,10:55:00
sz002940,昂利康,24.96,-0.33,-1.305,24.95,24.97,25.29,24.86,25.28,24.65,5236900.0,130625128.0,10:55:12
sz002941,新疆交建,10.76,0.22,2.087,10.75,10.76,10.54,10.47,10.78,10.47,5982943.0,63756593.0,10:55:12
sz002942,新农股份,15.68,-0.06,-0.381,15.67,15.69,15.74,15.55,15.84,15.53,457600.0,7185531.0,10:54:57
sz002943,宇晶股份,31.94,-0.75,-2.294,31.94,31.95,32.69,32.13,32.66,31.16,4028440.0,128687195.0,10:55:12
sz002945,华林证券,13.69,-0.2,-1.44,13.68,13.69,13.89,13.81,13.91,13.68,3611108.0,49682919.0,10:55:12
sz002946,新乳业,16.2,0.39,2.467,16.2,16.21,15.81,15.85,16.21,15.74,3490700.0,55858404.0,10:55:12
sz002947,恒铭达,59.61,5.42,10.002,59.61,0.0,54.19,55.0,59.61,52.68,11181086.0,639960761.0,10:55:12
sz002948,青岛银行,5.95,-0.05,-0.833,5.95,5.96,6.0,5.99,6.02,5.89,23915350.0,142136629.0,10:55:12
sz002949,华阳国际,12.44,1.13,9.991,12.44,0.0,11.31,11.3,12.44,11.3,19103755.0,234688910.0,10:55:12
sz002950,奥美医疗,9.26,0.12,1.313,9.26,9.27,9.14,9.19,9.3,9.09,2757600.0,25404263.0,10:55:12
sz002951,金时科技,16.33,0.21,1.303,16.32,16.34,16.12,16.0,16.37,15.1,3490100.0,56367942.0,10:55:12
sz002952,亚世光电,19.63,0.1,0.512,19.61,19.62,19.53,19.53,19.76,19.12,1014000.0,19798896.0,10:55:06
sz002953,日丰股份,10.9,0.4,3.81,10.9,10.91,10.5,10.46,11.55,10.2,23253142.0,251976392.0,10:55:12
sz002955,鸿合科技,34.44,-0.17,-0.491,34.43,34.44,34.61,34.35,34.61,33.77,1704000.0,58214991.0,10:55:12
sz002956,西麦食品,16.82,0.12,0.719,16.82,16.84,16.7,16.67,16.89,16.5,1661320.0,27734614.0,10:54:48
sz002957,科瑞技术,40.3,-0.56,-1.371,40.28,40.3,40.86,40.0,41.12,39.02,6569025.0,262190093.0,10:55:12
sz002958,青农商行,2.95,0.0,0.0,2.95,2.96,2.95,2.94,2.97,2.92,43661509.0,128563356.0,10:55:12
sz002959,小熊电器,33.09,0.56,1.721,33.06,33.09,32.53,32.29,33.22,32.23,349900.0,11517603.0,10:55:12
sz002960,青鸟智控,8.46,0.08,0.955,8.45,8.46,8.38,8.4,8.49,8.3,2802797.0,23614587.0,10:55:09
sz002961,瑞达期货,18.72,0.21,1.135,18.71,18.72,18.51,18.48,18.88,18.43,2985600.0,55941828.0,10:55:12
sz002962,五方光电,12.44,0.0,0.0,12.43,12.44,12.44,12.4,12.55,12.14,3434529.0,42397173.0,10:55:12
sz002963,豪尔赛,19.6,1.13,6.118,19.6,19.61,18.47,18.48,19.98,18.31,8370400.0,160555718.0,10:55:12
sz002965,祥鑫科技,30.21,0.33,1.104,30.2,30.21,29.88,29.52,30.6,29.18,5704538.0,170394410.0,10:55:12
sz002966,苏州银行,8.66,-0.04,-0.46,8.66,8.67,8.7,8.7,8.85,8.61,16208755.0,140801390.0,10:55:12
sz002967,广电计量,17.05,-0.1,-0.583,17.04,17.05,17.15,17.06,17.26,16.97,1798000.0,30730358.0,10:55:12
sz002968,新大正,9.24,0.14,1.538,9.24,9.25,9.1,9.09,9.29,9.0,1268400.0,11658501.0,10:55:12
sz002969,嘉美包装,12.14,-0.29,-2.333,12.14,12.15,12.43,12.32,12.35,11.96,15682287.0,190543883.0,10:55:12
sz002970,锐明技术,48.63,-1.13,-2.271,48.57,48.63,49.76,49.27,49.27,47.97,1189700.0,57899039.0,10:55:12
sz002971,和远气体,42.05,-1.79,-4.083,42.0,42.04,43.84,42.84,42.96,41.42,8728036.0,367643909.0,10:55:12
sz002972,科安达,12.45,-0.17,-1.347,12.45,12.46,12.62,12.5,12.58,12.13,2523800.0,31214990.0,10:55:06
sz002973,侨银股份,11.37,-0.22,-1.898,11.36,11.37,11.59,11.6,11.7,11.01,6369200.0,72048847.0,10:55:06
sz002975,博杰股份,106.31,-2.57,-2.36,106.29,106.31,108.88,108.0,108.86,103.02,14198370.0,1505463230.0,10:55:06
sz002976,瑞玛精密,23.63,0.46,1.985,23.59,23.63,23.17,23.32,23.63,22.53,1920760.0,44502947.0,10:55:06
sz002977,*ST天箭,20.7,0.25,1.222,20.7,20.72,20.45,20.3,20.79,20.15,227527.0,4694347.0,10:55:03
sz002978,安宁股份,25.76,-0.26,-0.999,25.76,25.78,26.02,25.97,26.12,25.75,1175600.0,30478273.0,10:55:06
sz002979,雷赛智能,53.76,-0.39,-0.72,53.75,53.76,54.15,53.69,54.63,52.72,3433539.0,183859376.0,10:55:06
sz002980,华盛昌,94.55,0.57,0.607,94.45,94.55,93.98,91.68,95.17,90.85,4862400.0,451339199.0,10:55:06
sz002981,朝阳科技,23.47,0.01,0.043,23.48,23.5,23.46,23.28,23.59,23.03,444500.0,10404244.0,10:55:06
sz002982,湘佳股份,12.54,0.17,1.374,12.53,12.54,12.37,12.31,12.6,12.25,1668100.0,20824915.0,10:55:06
sz002983,芯瑞达,19.08,-0.04,-0.209,19.05,19.08,19.12,19.21,19.24,18.71,895700.0,17025932.0,10:55:06
sz002984,森麒麟,14.43,0.32,2.268,14.42,14.43,14.11,14.09,14.49,14.07,10091120.0,144931486.0,10:55:06
sz002985,北摩高科,25.1,-0.03,-0.119,25.1,25.11,25.13,25.02,25.41,24.87,1228252.0,30830106.0,10:55:03
sz002986,宇新股份,13.39,0.14,1.057,13.39,13.4,13.25,13.24,13.5,13.16,1339784.0,17943792.0,10:55:06
sz002987,京北方,11.48,0.25,2.226,11.47,11.48,11.23,11.15,11.5,11.03,16564511.0,188200818.0,10:55:06
sz002988,豪美新材,23.3,-0.48,-2.019,23.3,23.32,23.78,23.7,23.75,23.07,2998500.0,70163195.0,10:55:06
sz002989,中天精装,23.92,-0.01,-0.042,23.9,23.92,23.93,23.7,24.46,23.16,2404400.0,57324639.0,10:55:06
sz002990,盛视科技,46.46,-1.24,-2.6,46.45,46.48,47.7,47.0,47.15,45.47,3773000.0,174886507.0,10:55:06
sz002991,甘源食品,39.42,0.27,0.69,39.4,39.42,39.15,38.78,39.45,38.68,671900.0,26238347.0,10:55:03
sz002992,宝明科技,33.78,-0.02,-0.059,33.72,33.78,33.8,33.5,33.95,33.16,328600.0,11035340.0,10:54:48
sz002993,奥海科技,37.15,-0.14,-0.375,37.15,37.18,37.29,36.61,37.5,35.96,2193934.0,80470226.0,10:55:06
sz002995,天地在线,16.74,0.24,1.455,16.74,16.75,16.5,16.4,16.83,16.3,2192188.0,36421712.0,10:55:06
sz002996,顺博合金,6.3,0.0,0.0,6.29,6.3,6.3,6.25,6.34,6.24,3596460.0,22654095.0,10:55:00
sz002997,瑞鹄模具,28.12,-0.2,-0.706,28.11,28.12,28.32,28.25,28.36,27.96,1227683.0,34549789.0,10:55:06
sz002998,优彩资源,7.89,0.04,0.51,7.89,7.9,7.85,7.81,8.02,7.78,4778500.0,37757732.0,10:55:03
sz002999,天禾股份,6.22,0.28,4.714,6.22,6.23,5.94,6.19,6.38,6.16,15262600.0,95264190.0,10:55:06
sz003000,劲仔食品,9.6,-0.35,-3.518,9.59,9.6,9.95,9.8,9.8,9.42,7327189.0,70034288.0,10:55:06
sz003001,中岩大地,15.39,0.16,1.051,15.38,15.39,15.23,15.15,15.6,15.0,3119540.0,47794415.0,10:55:06
sz003002,壶化股份,16.44,-0.02,-0.122,16.44,16.45,16.46,16.35,16.62,16.16,905600.0,14836947.0,10:55:00
sz003003,天元股份,11.14,0.12,1.089,11.13,11.14,11.02,10.91,11.2,10.9,1480500.0,16416584.0,10:55:06
sz003004,声迅股份,67.83,-1.01,-1.467,67.65,67.84,68.84,67.9,68.87,65.07,867212.0,57960297.0,10:54:30
sz003005,竞业达,13.49,0.16,1.2,13.48,13.49,13.33,13.13,13.53,13.13,1192900.0,15939643.0,10:55:06
sz003006,百亚股份,13.61,0.26,1.948,13.6,13.61,13.35,13.3,13.64,13.24,4896591.0,65840716.0,10:55:06
sz003007,直真科技,38.34,-1.0,-2.542,38.33,38.34,39.34,38.75,39.1,38.1,1493693.0,57605222.0,10:55:06
sz003008,开普检测,19.6,0.24,1.24,19.6,19.61,19.36,19.2,19.79,19.1,715270.0,13937843.0,10:55:06
sz003009,中天火箭,45.68,0.3,0.661,45.66,45.69,45.38,45.36,46.1,44.71,1299600.0,59075622.0,10:55:06
sz003010,若羽臣,29.88,1.44,5.063,29.88,29.89,28.44,28.15,30.4,27.91,11613353.0,342667232.0,10:55:06
sz003011,海象新材,20.63,0.32,1.576,20.62,20.64,20.31,20.31,20.66,20.02,804640.0,16447611.0,10:55:06
sz003012,东鹏控股,4.75,0.08,1.713,4.75,4.76,4.67,4.65,4.78,4.65,4641000.0,21977324.0,10:55:06
sz003013,地铁设计,18.47,-0.53,-2.789,18.46,18.47,19.0,18.27,18.78,18.17,3813500.0,70477173.0,10:55:03
sz003015,日久光电,12.03,-0.02,-0.166,12.02,12.03,12.05,11.93,12.14,11.88,2562200.0,30769832.0,10:55:00
sz003016,欣贺股份,6.95,0.15,2.206,6.94,6.95,6.8,6.78,6.98,6.75,2154900.0,14885777.0,10:55:06
sz003017,大洋生物,22.62,0.14,0.623,22.61,22.65,22.48,22.45,23.0,22.19,1246348.0,28326881.0,10:55:03
sz003018,金富科技,42.77,0.97,2.321,42.77,42.79,41.8,41.0,44.28,40.28,13534358.0,578608329.0,10:55:06
sz003019,宸展光电,24.51,-0.26,-1.05,24.49,24.52,24.77,24.48,24.79,24.18,2090100.0,51192133.0,10:55:03
sz003020,立方制药,17.8,0.31,1.772,17.8,17.81,17.49,17.29,18.06,17.13,4221760.0,74680423.0,10:55:06
sz003021,兆威机电,69.19,3.03,4.58,69.03,69.1,66.16,65.6,69.72,65.5,3325300.0,226538370.0,10:55:06
sz003022,联泓新科,19.69,-0.56,-2.765,19.68,19.69,20.25,20.04,20.18,19.65,4515400.0,89660782.0,10:55:06
sz003023,彩虹集团,26.77,-0.3,-1.108,26.76,26.78,27.07,27.26,27.39,26.6,1820800.0,48930812.0,10:55:06
sz003025,思进智能,12.33,0.05,0.407,12.31,12.32,12.28,12.27,12.4,12.15,930327.0,11424645.0,10:54:54
sz003026,中晶科技,28.45,-0.79,-2.702,28.45,28.47,29.24,28.57,28.88,27.9,2795600.0,79466455.0,10:55:06
sz003027,同兴科技,16.5,-0.02,-0.121,16.5,16.51,16.52,16.38,16.6,16.29,897600.0,14775567.0,10:55:06
sz003028,振邦智能,22.52,0.31,1.396,22.51,22.52,22.21,22.21,22.65,21.96,393610.0,8814564.0,10:55:06
sz003029,吉大正元,16.9,0.4,2.424,16.89,16.9,16.5,16.49,16.96,16.28,2516100.0,42259014.0,10:55:06
sz003030,祖名股份,21.64,-0.16,-0.734,21.64,21.66,21.8,21.6,21.98,21.55,1012100.0,21995128.0,10:55:00
sz003031,中瓷电子,127.12,-7.48,-5.557,127.0,127.12,134.6,128.01,130.98,124.95,6922642.0,885026426.0,10:55:06
sz003032,传智教育,9.97,-0.02,-0.2,9.97,9.98,9.99,9.74,10.25,9.61,33381661.0,334157927.0,10:55:06
sz003033,征和工业,63.02,-1.56,-2.416,63.02,63.07,64.58,63.7,64.27,62.02,453800.0,28596936.0,10:55:06
sz003035,南网能源,5.82,0.09,1.571,5.81,5.82,5.73,5.9,6.13,5.72,106848130.0,630844997.0,10:55:06
sz003036,泰坦股份,50.12,-0.99,-1.937,50.12,50.17,51.11,50.47,52.97,49.11,3589800.0,181473093.0,10:55:06
sz003037,三和管桩,5.65,0.08,1.436,5.65,5.66,5.57,5.54,5.67,5.53,1056600.0,5943324.0,10:54:54
sz003038,鑫铂股份,10.84,0.09,0.837,10.84,10.85,10.75,10.65,10.9,10.65,1542704.0,16687816.0,10:55:00
sz003039,顺控发展,11.94,0.08,0.675,11.93,11.94,11.86,11.99,12.02,11.87,1601900.0,19135586.0,10:55:06
sz003040,楚天龙,15.48,1.41,10.021,15.48,0.0,14.07,15.21,15.48,13.82,44101030.0,660020122.0,10:55:06
sz003041,真爱美家,38.38,-0.08,-0.208,38.37,38.39,38.46,38.36,38.64,37.72,540400.0,20691438.0,10:55:06
sz003042,中农联合,13.92,0.14,1.016,13.92,13.93,13.78,13.64,14.32,13.6,4587500.0,64452009.0,10:55:06
sz003043,华亚智能,74.84,2.18,3.0,74.8,74.84,72.66,70.81,75.86,69.0,4003264.0,290503546.0,10:55:06
sz003816,中国广核,3.96,0.08,2.062,3.96,3.97,3.88,3.89,3.98,3.88,86258251.0,339945184.0,10:55:06
sz300001,特锐德,35.98,-0.28,-0.772,35.97,36.0,36.26,36.2,36.28,35.43,5300484.0,190080617.0,10:55:03
sz300002,神州泰岳,7.92,0.06,0.763,7.92,7.93,7.86,7.85,7.97,7.81,10243700.0,81113149.0,10:55:03
sz300003,乐普医疗,11.86,0.15,1.281,11.85,11.86,11.71,11.77,11.92,11.72,11695500.0,138558309.0,10:55:03
sz300004,南风股份,9.19,-0.3,-3.161,9.19,9.2,9.49,9.45,9.5,9.12,23447315.0,218149159.0,10:55:03
sz300005,探路者,10.22,-0.17,-1.636,10.21,10.22,10.39,10.21,10.31,9.96,18274678.0,185539246.0,10:55:03
sz300006,莱美药业,5.05,-0.04,-0.786,5.05,5.06,5.09,5.01,5.17,4.85,31790758.0,159787231.0,10:55:03
sz300007,汉威科技,30.46,-0.21,-0.685,30.46,30.47,30.67,30.37,30.8,30.05,2590989.0,78780705.0,10:55:03
sz300008,天海防务,6.09,0.05,0.828,6.09,6.1,6.04,6.02,6.14,5.99,15163586.0,92258476.0,10:55:03
sz300009,安科生物,8.51,0.02,0.236,8.5,8.51,8.49,8.4,8.82,8.26,42798430.0,365558238.0,10:55:03
sz300010,ST豆神,2.35,0.11,4.911,2.34,2.35,2.24,2.24,2.37,2.23,41396509.0,95758933.0,10:55:03
sz300011,鼎汉技术,6.05,0.1,1.681,6.05,6.06,5.95,5.9,6.08,5.85,4016792.0,24044096.0,10:54:57
sz300012,华测检测,15.0,-0.16,-1.055,15.0,15.01,15.16,15.02,15.16,14.9,14967550.0,224707106.0,10:55:03
sz300013,新宁物流,4.05,0.07,1.759,4.04,4.05,3.98,4.0,4.09,3.97,6627100.0,26732345.0,10:55:03
sz300014,亿纬锂能,54.28,-1.54,-2.759,54.26,54.27,55.82,55.27,55.27,53.96,19473423.0,1061649087.0,10:55:03
sz300015,爱尔眼科,8.45,0.11,1.319,8.45,8.46,8.34,8.33,8.48,8.31,26965389.0,226406203.0,10:55:03
sz300016,北陆药业,9.43,-0.31,-3.183,9.42,9.43,9.74,9.74,9.76,9.38,37822642.0,360303353.0,10:55:03
sz300017,网宿科技,14.88,-0.32,-2.105,14.88,14.89,15.2,15.08,15.15,14.87,64333102.0,963905156.0,10:55:03
sz300018,中元股份,11.21,-0.03,-0.267,11.2,11.22,11.24,11.14,11.37,11.01,3231100.0,36111958.0,10:54:42
sz300019,硅宝科技,14.07,0.02,0.142,14.06,14.07,14.05,14.02,14.17,13.85,1919143.0,26917557.0,10:54:57
sz300020,ST银江,3.43,0.04,1.18,3.42,3.43,3.39,3.39,3.47,3.39,3069063.0,10544499.0,10:55:03
sz300021,大禹节水,3.93,0.08,2.078,3.93,3.94,3.85,3.83,4.02,3.83,12666100.0,49931169.0,10:55:00
sz300022,吉峰科技,8.08,-0.04,-0.493,8.07,8.08,8.12,8.17,8.18,8.06,2549000.0,20702448.0,10:55:00
sz300024,机器人,14.33,0.07,0.491,14.33,14.34,14.26,14.15,14.43,14.14,9346791.0,133719293.0,10:55:03
sz300025,华星创业,5.19,0.09,1.765,5.18,5.19,5.1,5.08,5.2,5.04,4354500.0,22409113.0,10:55:03
sz300026,红日药业,3.37,0.04,1.201,3.36,3.37,3.33,3.31,3.4,3.29,31181058.0,104608983.0,10:55:03
sz300027,ST华谊,1.83,-0.01,-0.543,1.83,1.84,1.84,1.83,1.85,1.82,12900000.0,23677548.0,10:55:00
sz300030,阳普医疗,6.82,0.08,1.187,6.81,6.82,6.74,6.74,6.88,6.69,3994000.0,27167517.0,10:55:03
sz300031,宝通科技,21.39,-0.11,-0.512,21.38,21.39,21.5,21.29,21.58,21.16,5207850.0,111352061.0,10:55:03
sz300032,金龙机电,3.83,0.07,1.862,3.82,3.83,3.76,3.77,3.85,3.72,8446200.0,32148563.0,10:55:03
sz300033,同花顺,213.38,-3.34,-1.541,213.37,213.49,216.72,216.72,216.83,213.18,3849826.0,827024803.0,10:55:03
sz300034,钢研高纳,15.36,-0.17,-1.095,15.35,15.36,15.53,15.5,15.6,15.25,6018142.0,92773030.0,10:55:03
sz300035,中科电气,13.28,-0.35,-2.568,13.27,13.28,13.63,13.49,13.59,13.22,10702001.0,142915401.0,10:55:03
sz300036,超图软件,11.08,0.18,1.651,11.08,11.1,10.9,10.87,11.12,10.81,3571808.0,39323814.0,10:55:03
sz300037,新宙邦,59.43,-2.57,-4.145,59.42,59.43,62.0,61.88,62.0,59.19,9182300.0,551821679.0,10:55:03
sz300039,上海凯宝,5.41,0.12,2.268,5.4,5.41,5.29,5.32,5.47,5.22,20541175.0,110512554.0,10:55:03
sz300040,九洲集团,5.64,-0.35,-5.843,5.63,5.64,5.99,5.8,5.8,5.54,25686300.0,144885070.0,10:55:03
sz300041,回天新材,10.44,-0.16,-1.509,10.43,10.44,10.6,10.55,10.59,10.29,7822219.0,81590150.0,10:55:03
sz300042,朗科科技,38.69,-0.23,-0.591,38.66,38.72,38.92,38.59,39.03,37.51,4502593.0,172627721.0,10:55:03
sz300043,星辉娱乐,4.38,0.04,0.922,4.37,4.38,4.34,4.31,4.42,4.31,9278869.0,40527810.0,10:55:03
sz300044,*ST赛为,5.4,-0.04,-0.735,5.39,5.4,5.44,5.39,5.5,5.32,10205820.0,55318548.0,10:54:42
sz300045,华力创通,12.37,-0.03,-0.242,12.37,12.38,12.4,12.35,12.52,12.16,5333633.0,65887542.0,10:55:03
sz300046,台基股份,23.78,-0.63,-2.581,23.77,23.78,24.41,23.98,24.2,23.5,3739129.0,89064324.0,10:55:03
sz300047,天源迪科,9.15,0.23,2.578,9.15,9.16,8.92,8.89,9.19,8.87,8008200.0,72602229.0,10:55:03
sz300048,合康新能,5.01,0.07,1.417,5.01,5.02,4.94,4.9,5.05,4.88,4865780.0,24302433.0,10:54:54
sz300049,福瑞医科,38.5,0.55,1.449,38.51,38.55,37.95,39.75,40.0,38.0,5411166.0,209429591.0,10:55:03
sz300050,世纪鼎利,6.62,0.05,0.761,6.62,6.63,6.57,6.5,6.68,6.5,9992600.0,66082207.0,10:55:03
sz300051,琏升科技,8.1,-0.09,-1.099,8.1,8.11,8.19,8.13,8.26,8.05,5799800.0,47281415.0,10:55:03
sz300052,中青宝,10.45,0.03,0.288,10.45,10.46,10.42,10.37,10.53,10.28,3643400.0,37950857.0,10:55:00
sz300053,航宇微,11.54,0.06,0.523,11.53,11.54,11.48,11.35,11.69,11.27,6380343.0,73350244.0,10:55:03
sz300054,鼎龙股份,71.0,-2.62,-3.559,71.0,71.05,73.62,72.69,72.75,69.36,14004521.0,990731716.0,10:55:03
sz300055,万邦达,5.85,0.07,1.211,5.84,5.85,5.78,5.74,5.92,5.73,8941500.0,52196659.0,10:55:00
sz300056,中创环保,8.42,-0.03,-0.355,8.41,8.42,8.45,8.38,8.59,8.38,3314770.0,28138826.0,10:55:03
sz300057,万顺新材,6.45,-0.08,-1.225,6.44,6.45,6.53,6.45,6.57,6.43,10355878.0,67239855.0,10:55:03
sz300058,蓝色光标,13.04,-0.11,-0.837,13.03,13.04,13.15,13.16,13.26,12.92,79037528.0,1035898414.0,10:55:03
sz300059,东方财富,18.79,-0.13,-0.687,18.78,18.79,18.92,18.92,18.97,18.76,61556425.0,1159836180.0,10:55:03
sz300061,旗天科技,5.82,-0.29,-4.746,5.81,5.82,6.11,5.81,5.91,5.63,20421792.0,118070475.0,10:55:03
sz300062,中能电气,6.16,-0.04,-0.645,6.15,6.16,6.2,6.13,6.21,6.06,6678600.0,41096133.0,10:55:03
sz300063,天龙集团,8.53,-0.06,-0.698,8.53,8.54,8.59,8.57,8.63,8.45,9284000.0,79344415.0,10:55:03
sz300065,海兰信,14.84,0.11,0.747,14.84,14.85,14.73,14.61,15.03,14.48,13061134.0,192809958.0,10:55:03
sz300066,三川智慧,4.88,-0.02,-0.408,4.87,4.88,4.9,4.86,4.94,4.82,5582700.0,27311443.0,10:55:03
sz300067,安诺其,5.13,0.02,0.391,5.13,5.14,5.11,5.06,5.18,5.04,11341462.0,58086758.0,10:55:03
sz300068,ST南都,3.92,0.01,0.256,3.92,3.93,3.91,3.85,3.96,3.82,14445000.0,56419395.0,10:54:42
sz300069,金利华电,25.57,0.02,0.078,25.57,25.62,25.55,25.04,25.95,24.73,7512400.0,190239217.0,10:55:03
sz300070,碧水源,3.43,0.0,0.0,3.42,3.43,3.43,3.43,3.47,3.41,23989877.0,82690049.0,10:55:03
sz300071,福石控股,3.89,0.04,1.039,3.88,3.89,3.85,3.82,3.92,3.82,19138350.0,74134243.0,10:55:03
sz300072,海新能科,3.73,0.01,0.269,3.72,3.73,3.72,3.7,3.76,3.68,9053880.0,33813692.0,10:55:03
sz300073,当升科技,40.07,-1.6,-3.84,40.06,40.07,41.67,41.41,41.68,40.03,7976728.0,324168804.0,10:55:03
sz300074,华平股份,3.8,0.06,1.604,3.8,3.81,3.74,3.72,3.81,3.7,8741000.0,33004695.0,10:55:03
sz300075,数字政通,10.82,0.23,2.172,10.82,10.84,10.59,10.55,10.9,10.53,6657194.0,71770317.0,10:55:03
sz300076,*ST宁视,4.4,-0.03,-0.677,4.4,4.41,4.43,4.4,4.46,4.33,2690400.0,11826202.0,10:55:00
sz300077,国民技术,19.25,-0.47,-2.383,19.25,19.26,19.72,19.42,19.72,19.0,22454854.0,433899915.0,10:55:03
sz300078,思创智联,3.09,0.02,0.651,3.09,3.1,3.07,3.07,3.12,3.02,12248500.0,37824514.0,10:54:57
sz300079,数码视讯,4.49,0.08,1.814,4.48,4.49,4.41,4.38,4.49,4.35,11118127.0,49473594.0,10:55:00
sz300080,易成新能,3.76,0.01,0.267,3.76,3.77,3.75,3.73,3.79,3.72,6745683.0,25357111.0,10:55:00
sz300081,ST恒信,3.06,0.01,0.328,3.06,3.07,3.05,3.05,3.09,3.02,3062500.0,9382172.0,10:54:51
sz300082,奥克股份,8.32,0.45,5.718,8.31,8.32,7.87,8.3,8.98,8.3,24690773.0,210768448.0,10:55:00
sz300083,创世纪,13.21,-0.16,-1.197,13.21,13.22,13.37,13.3,13.73,13.11,43034513.0,576810256.0,10:55:03
sz300084,海默科技,10.17,0.06,0.593,10.17,10.18,10.11,10.23,10.3,9.97,2722700.0,27557682.0,10:55:03
sz300085,银之杰,28.65,-0.21,-0.728,28.65,28.67,28.86,28.7,29.22,28.52,11173688.0,322800086.0,10:55:03
sz300086,康芝药业,6.58,0.16,2.492,6.57,6.58,6.42,6.41,6.67,6.33,9662600.0,63221823.0,10:55:00
sz300087,ST荃银,5.68,0.18,3.273,5.68,5.69,5.5,5.44,5.87,5.41,16376063.0,93328156.0,10:55:03
sz300088,长信科技,6.85,-0.14,-2.003,6.84,6.85,6.99,6.87,6.98,6.72,42582920.0,291783434.0,10:55:03
sz300091,*ST金灵,2.49,-0.02,-0.797,2.49,2.5,2.51,2.51,2.51,2.47,1421600.0,3538107.0,10:55:03
sz300092,科新机电,11.88,0.03,0.253,11.87,11.9,11.85,11.84,11.98,11.67,2556282.0,30287657.0,10:55:03
sz300093,金刚光伏,23.65,-1.37,-5.476,23.65,23.66,25.02,24.37,24.43,23.57,6452610.0,154408355.0,10:55:03
sz300094,国联水产,2.87,0.05,1.773,2.86,2.87,2.82,2.8,2.9,2.79,29757700.0,85114565.0,10:55:03
sz300095,华伍股份,8.03,0.11,1.389,8.03,8.04,7.92,7.94,8.1,7.85,2222300.0,17760452.0,10:55:03
sz300096,ST易联众,9.37,-0.2,-2.09,9.37,9.39,9.57,9.66,9.66,9.27,1761482.0,16493519.0,10:54:57
sz300097,智云股份,9.29,0.51,5.809,9.28,9.29,8.78,8.77,9.33,8.59,20768704.0,186964285.0,10:55:03
sz300098,高新兴,4.44,0.06,1.37,4.42,4.44,4.38,4.36,4.46,4.35,15612400.0,68794725.0,10:55:03
sz300099,尤洛卡,5.98,0.08,1.356,5.97,5.98,5.9,5.88,6.03,5.84,4329739.0,25735618.0,10:55:00
sz300100,双林股份,20.32,0.13,0.644,20.33,20.34,20.19,20.04,20.58,19.94,3319715.0,67458974.0,10:55:03
sz300101,振芯科技,13.99,0.12,0.865,13.99,14.0,13.87,13.74,14.17,13.74,2576043.0,35985410.0,10:55:03
sz300102,乾照光电,17.36,-0.26,-1.476,17.35,17.36,17.62,17.28,17.66,17.05,9762371.0,169513748.0,10:55:03
sz300103,达刚控股,7.65,0.19,2.547,7.65,7.66,7.46,7.37,7.87,7.3,4751100.0,36135498.0,10:55:06
sz300105,龙源技术,7.6,0.02,0.264,7.6,7.61,7.58,7.56,7.69,7.41,7640600.0,57833709.0,10:55:03
sz300106,西部牧业,10.16,0.34,3.462,10.16,10.17,9.82,9.68,10.37,9.68,9688900.0,97815626.0,10:55:06
sz300107,建新股份,6.42,0.12,1.905,6.41,6.42,6.3,6.26,6.5,6.26,5639300.0,36189033.0,10:55:00
sz300109,新开源,15.32,-0.63,-3.95,15.32,15.33,15.95,15.67,15.88,15.2,19451933.0,300524889.0,10:55:06
sz300110,华仁药业,2.83,0.03,1.071,2.83,2.84,2.8,2.79,2.86,2.76,13805040.0,38981713.0,10:55:06
sz300111,向日葵,2.94,0.03,1.031,2.94,2.95,2.91,2.9,2.98,2.85,18527946.0,54270676.0,10:55:06
sz300112,万讯自控,10.37,1.0,10.672,10.36,10.37,9.37,9.34,10.45,9.02,29544029.0,288105078.0,10:55:06
sz300113,顺网科技,15.61,-0.53,-3.284,15.6,15.61,16.14,15.9,15.98,15.5,10407107.0,163196223.0,10:55:06
sz300115,长盈精密,25.09,0.2,0.804,25.09,25.1,24.89,24.8,25.36,24.56,12451286.0,311007750.0,10:55:06
sz300118,东方日升,9.63,-0.02,-0.207,9.62,9.63,9.65,9.56,9.82,9.48,11281307.0,108947232.0,10:55:06
sz300119,瑞普生物,17.43,0.09,0.519,17.43,17.44,17.34,17.17,17.62,17.17,2107986.0,36815958.0,10:55:06
sz300120,经纬辉开,8.93,0.02,0.224,8.92,8.93,8.91,8.89,9.09,8.75,24920500.0,223214387.0,10:55:06
sz300121,阳谷华泰,9.56,-0.01,-0.104,9.55,9.56,9.57,9.48,9.64,9.45,2599500.0,24816146.0,10:55:06
sz300122,智飞生物,12.71,-0.12,-0.935,12.71,12.72,12.83,12.79,13.05,12.56,28440993.0,364114122.0,10:55:06
sz300123,ST亚光,4.39,0.05,1.152,4.39,4.4,4.34,4.32,4.44,4.29,9653200.0,42273969.0,10:55:00
sz300124,汇川技术,60.11,1.81,3.105,60.11,60.14,58.3,60.0,61.63,59.5,22817757.0,1382164764.0,10:55:06
sz300125,聆达股份,9.22,0.58,6.713,9.2,9.21,8.64,8.63,9.43,8.55,10298771.0,93575883.0,10:55:06
sz300126,锐奇股份,6.46,0.12,1.893,6.45,6.46,6.34,6.34,6.54,6.26,3083100.0,19816133.0,10:55:03
sz300127,银河磁体,24.65,-0.4,-1.597,24.65,24.66,25.05,24.95,25.98,24.64,4959663.0,125795595.0,10:55:06
sz300128,锦富技术,4.7,-0.12,-2.49,4.7,4.71,4.82,4.77,4.79,4.63,21788647.0,102556597.0,10:55:06
sz300129,泰胜风能,7.05,0.01,0.142,7.04,7.05,7.04,7.01,7.17,6.96,5802169.0,40961646.0,10:55:06
sz300130,新国都,19.15,0.78,4.246,19.15,19.16,18.37,19.53,19.65,18.67,26287571.0,501357873.0,10:55:06
sz300131,英唐智控,16.08,-0.82,-4.852,16.08,16.09,16.9,16.5,16.64,15.96,30656700.0,496642660.0,10:55:06
sz300132,诺斯贝尔,6.32,0.1,1.608,6.31,6.32,6.22,6.22,6.35,6.15,5336298.0,33545580.0,10:55:03
sz300133,华策影视,6.87,0.04,0.586,6.86,6.87,6.83,6.78,6.91,6.77,17139995.0,117283008.0,10:55:06
sz300134,大富科技,8.18,0.07,0.863,8.18,8.19,8.11,8.03,8.24,8.02,4637500.0,37802365.0,10:55:00
sz300135,宝利国际,3.49,-0.02,-0.57,3.49,3.5,3.51,3.48,3.56,3.47,23073400.0,81258354.0,10:55:06
sz300136,信维通信,58.65,-0.27,-0.458,58.62,58.67,58.92,58.04,59.56,56.71,17737934.0,1031317586.0,10:55:06
sz300137,先河环保,11.2,-0.11,-0.973,11.2,11.21,11.31,11.24,11.5,10.81,14134300.0,158408776.0,10:55:06
sz300138,晨光生物,10.86,-0.1,-0.912,10.86,10.87,10.96,10.9,11.0,10.68,3416200.0,36968979.0,10:55:06
sz300139,晓程科技,54.42,-3.91,-6.703,54.41,54.42,58.33,57.75,58.47,54.04,43288006.0,2421192560.0,10:55:06
sz300140,节能环境,5.43,0.03,0.556,5.42,5.43,5.4,5.37,5.45,5.37,5080100.0,27455831.0,10:55:03
sz300141,和顺电气,9.81,0.07,0.719,9.81,9.82,9.74,9.75,9.95,9.6,2163400.0,21210270.0,10:54:57
sz300142,沃森生物,14.14,-0.76,-5.101,14.12,14.14,14.9,14.5,14.82,14.1,143999915.0,2065959004.0,10:55:06
sz300143,盈康生命,7.51,0.1,1.35,7.51,7.52,7.41,7.42,7.59,7.37,5596690.0,42024133.0,10:55:06
sz300144,宋城演艺,5.89,0.09,1.552,5.88,5.89,5.8,5.79,5.91,5.78,19709271.0,115834136.0,10:55:06
sz300145,南方泵业,4.25,0.01,0.236,4.25,4.26,4.24,4.16,4.28,4.14,29375848.0,124311892.0,10:55:06
sz300146,汤臣倍健,9.71,0.12,1.251,9.7,9.71,9.59,9.57,9.73,9.55,3928140.0,38044630.0,10:55:06
sz300147,*ST香雪,6.65,-0.06,-0.894,6.65,6.66,6.71,6.8,6.8,6.6,3598800.0,24000306.0,10:54:57
sz300148,天舟文化,3.38,0.07,2.115,3.37,3.38,3.31,3.3,3.39,3.28,9185200.0,30753352.0,10:55:06
sz300149,睿智医药,9.68,-0.02,-0.206,9.67,9.68,9.7,9.54,9.96,9.43,18426800.0,178864469.0,10:55:03
sz300150,世纪瑞尔,4.29,0.07,1.659,4.29,4.3,4.22,4.22,4.3,4.18,2449700.0,10425086.0,10:54:57
sz300151,昌红科技,15.65,-0.44,-2.735,15.63,15.65,16.09,15.88,15.99,15.36,6871464.0,107341096.0,10:55:06
sz300152,*ST动力,1.63,0.01,0.617,1.63,1.64,1.62,1.62,1.65,1.59,7808900.0,12710695.0,10:55:06
sz300153,科泰电源,20.78,-0.01,-0.048,20.78,20.79,20.79,20.57,21.05,20.34,3493263.0,72303653.0,10:55:06
sz300154,瑞凌股份,11.78,0.19,1.639,11.77,11.78,11.59,11.43,12.2,11.33,9003600.0,106307573.0,10:55:06
sz300155,安居宝,4.43,0.12,2.784,4.42,4.43,4.31,4.27,4.49,4.27,9862800.0,43339669.0,10:55:06
sz300157,新锦动力,3.95,0.13,3.403,3.94,3.95,3.82,3.82,4.0,3.79,24578661.0,96735640.0,10:55:06
sz300158,振东制药,5.18,0.08,1.569,5.18,5.19,5.1,5.09,5.21,5.01,8820700.0,45457378.0,10:55:06
sz300159,新研股份,2.9,0.04,1.399,2.9,2.91,2.86,2.83,2.93,2.83,14945820.0,43143240.0,10:55:00
sz300160,秀强股份,4.36,0.04,0.926,4.36,4.37,4.32,4.3,4.39,4.29,2563900.0,11155799.0,10:55:06
sz300161,华中数控,25.92,-0.23,-0.88,25.86,25.92,26.15,25.67,26.26,25.46,1833700.0,47396433.0,10:55:06
sz300162,雷曼光电,7.43,-0.01,-0.134,7.42,7.43,7.44,7.33,7.54,7.21,7789700.0,57469203.0,10:55:03
sz300163,先锋新材,6.48,-0.15,-2.262,6.48,6.49,6.63,6.55,6.69,6.46,7930600.0,52226522.0,10:55:03
sz300164,通源石油,9.87,0.38,4.004,9.87,9.88,9.49,9.39,10.29,9.27,90783401.0,885230094.0,10:55:06
sz300165,天瑞仪器,5.13,0.0,0.0,5.12,5.13,5.13,5.03,5.23,5.03,10626828.0,54651148.0,10:55:06
sz300166,东方国信,12.86,-0.19,-1.456,12.85,12.86,13.05,12.9,13.0,12.59,17441280.0,223036013.0,10:55:00
sz300167,ST迪威迅,3.98,-0.03,-0.748,3.97,3.99,4.01,3.98,3.99,3.89,2741800.0,10791506.0,10:54:45
sz300168,万达信息,4.97,0.05,1.016,4.97,4.98,4.92,4.89,5.0,4.86,6903900.0,34161751.0,10:55:06
sz300169,天晟新材,5.46,0.01,0.183,5.46,5.48,5.45,5.41,5.51,5.41,3185800.0,17425316.0,10:55:06
sz300170,汉得信息,14.91,-0.11,-0.732,14.91,14.92,15.02,14.99,15.15,14.78,13708941.0,204778138.0,10:55:06
sz300171,东富龙,13.8,0.03,0.218,13.79,13.8,13.77,13.65,14.3,13.48,12617979.0,174942308.0,10:55:06
sz300172,中电环保,4.62,0.05,1.094,4.61,4.62,4.57,4.53,4.64,4.53,5036860.0,23178379.0,10:54:57
sz300173,ST福能,3.25,0.02,0.619,3.24,3.25,3.23,3.23,3.27,3.2,1953700.0,6339105.0,10:54:57
sz300174,元力股份,18.3,-0.72,-3.785,18.3,18.33,19.02,18.81,18.81,18.15,5902600.0,108905470.0,10:55:06
sz300175,朗源股份,5.88,0.09,1.554,5.87,5.89,5.79,5.92,5.92,5.72,5266600.0,30754757.0,10:55:06
sz300176,鸿特科技,4.67,0.1,2.188,4.66,4.67,4.57,4.54,4.7,4.5,11872400.0,55151148.0,10:55:06
sz300177,中海达,6.22,0.09,1.468,6.21,6.22,6.13,6.04,6.23,6.02,3824450.0,23575388.0,10:55:06
sz300179,四方达,34.56,-0.1,-0.289,34.56,34.59,34.66,34.17,35.36,33.1,12589658.0,431111436.0,10:55:06
sz300180,华峰超纤,4.91,0.27,5.819,4.91,4.92,4.64,4.55,4.99,4.51,100733580.0,480095443.0,10:55:06
sz300181,佐力药业,13.96,-0.02,-0.143,13.95,13.96,13.98,13.9,14.09,13.84,5598194.0,78217757.0,10:55:06
sz300182,捷成股份,4.83,0.07,1.471,4.83,4.84,4.76,4.77,4.87,4.76,40087798.0,193285713.0,10:55:06
sz300183,东软载波,10.5,0.23,2.24,10.5,10.51,10.27,10.3,10.55,10.2,2159000.0,22486139.0,10:55:06
sz300184,力源信息,11.64,-0.2,-1.689,11.65,11.66,11.84,11.72,11.8,11.37,24766136.0,287215616.0,10:55:06
sz300185,通裕重工,2.7,0.01,0.372,2.69,2.7,2.69,2.68,2.72,2.67,23359190.0,63086178.0,10:55:06
sz300187,永清环保,4.59,0.02,0.438,4.58,4.59,4.57,4.55,4.62,4.52,3059000.0,14020345.0,10:55:06
sz300188,国投智能,10.47,0.07,0.673,10.46,10.47,10.4,10.41,10.52,10.28,6421952.0,66970112.0,10:55:06
sz300189,神农种业,6.29,0.45,7.705,6.28,6.29,5.84,5.92,6.72,5.72,249401576.0,1568712139.0,10:55:06
sz300190,维尔利,3.59,0.01,0.279,3.59,3.6,3.58,3.59,3.62,3.53,6497800.0,23171884.0,10:55:00
sz300191,潜能恒信,34.78,0.81,2.384,34.77,34.78,33.97,34.2,35.69,33.42,13387591.0,464784051.0,10:55:06
sz300192,科德教育,17.27,-0.12,-0.69,17.26,17.27,17.39,17.65,17.71,16.15,29431583.0,500015092.0,10:55:06
sz300193,佳士科技,7.72,0.13,1.713,7.71,7.72,7.59,7.6,7.74,7.54,1926585.0,14795938.0,10:55:06
sz300194,福安药业,3.92,0.01,0.256,3.91,3.92,3.91,3.86,3.95,3.84,8880074.0,34700618.0,10:55:00
sz300195,长荣股份,5.56,0.06,1.091,5.55,5.56,5.5,5.43,5.58,5.43,3349274.0,18490166.0,10:55:03
sz300196,长海股份,16.22,-0.3,-1.816,16.22,16.23,16.52,16.25,16.45,15.89,5693300.0,92069871.0,10:55:06
sz300197,节能铁汉,2.01,0.02,1.005,2.0,2.01,1.99,1.97,2.03,1.96,46040500.0,91966122.0,10:55:06
sz300198,*ST纳川,2.32,0.0,0.0,2.32,2.33,2.32,2.33,2.34,2.29,2530800.0,5842160.0,10:55:06
sz300199,翰宇药业,21.82,-0.35,-1.579,21.81,21.82,22.17,22.09,22.38,21.71,21709021.0,477711477.0,10:55:06
sz300200,高盟新材,8.37,-0.07,-0.829,8.37,8.38,8.44,8.37,8.48,8.26,2887300.0,24167868.0,10:55:06
sz300201,海伦哲,14.15,-0.15,-1.049,14.13,14.14,14.3,14.0,14.3,13.75,8688000.0,121992960.0,10:55:06
sz300203,聚光科技,13.28,0.34,2.628,13.28,13.29,12.94,12.92,13.51,12.9,5558288.0,73861401.0,10:55:06
sz300204,舒泰神,20.87,-0.13,-0.619,20.87,20.88,21.0,20.73,21.27,20.62,11764875.0,246517039.0,10:55:06
sz300205,*ST天喻,4.73,0.01,0.212,4.72,4.73,4.72,4.68,4.74,4.68,298500.0,1406294.0,10:54:42
sz300206,理邦仪器,11.81,-0.12,-1.006,11.81,11.82,11.93,11.95,12.08,11.79,2611500.0,31192310.0,10:55:06
sz300207,欣旺达,17.67,-0.23,-1.285,17.68,17.69,17.9,17.76,17.89,17.56,15217151.0,269263807.0,10:55:06
sz300209,行云科技,34.92,1.02,3.009,34.87,34.92,33.9,33.0,35.49,32.56,61554349.0,2131214514.0,10:55:06
sz300210,森远股份,8.25,0.09,1.103,8.24,8.25,8.16,8.09,8.31,8.02,3264200.0,26824145.0,10:55:06
sz300211,*ST亿通,7.42,-0.02,-0.269,7.41,7.42,7.44,7.4,7.51,7.35,802237.0,5965279.0,10:55:06
sz300212,*ST易录,7.57,0.08,1.068,7.56,7.57,7.49,7.36,7.63,7.14,6983452.0,51896980.0,10:55:06
sz300213,佳讯飞鸿,6.28,0.11,1.783,6.27,6.28,6.17,6.18,6.29,6.11,4951400.0,30846157.0,10:55:06
sz300214,日科化学,11.73,-0.54,-4.401,11.72,11.73,12.27,12.37,12.37,11.66,23426700.0,277456559.0,10:55:06
sz300215,电科院,5.96,0.01,0.168,5.96,5.97,5.95,5.9,6.02,5.88,2660600.0,15862720.0,10:55:06
sz300217,东方电热,4.27,0.04,0.946,4.26,4.27,4.23,4.19,4.31,4.18,6479900.0,27614388.0,10:55:06
sz300218,安利股份,12.67,0.11,0.876,12.66,12.67,12.56,12.52,12.73,12.46,763600.0,9652482.0,10:54:45
sz300219,鸿利智汇,6.86,0.08,1.18,6.85,6.86,6.78,6.9,6.93,6.79,8710600.0,59856196.0,10:55:06
sz300220,金运激光,10.9,0.14,1.301,10.9,10.92,10.76,10.59,10.99,10.59,1064400.0,11531296.0,10:55:06
sz300221,银禧科技,13.53,-0.69,-4.852,13.54,13.55,14.22,14.03,14.1,13.25,19852300.0,269070507.0,10:55:06
sz300222,科大智能,10.02,-0.03,-0.299,10.01,10.02,10.05,9.96,10.14,9.88,6264400.0,62759727.0,10:55:06
sz300223,君正股份,130.63,-3.03,-2.267,130.58,130.63,133.66,131.58,133.1,128.51,11183536.0,1461369626.0,10:55:06
sz300224,正海磁材,10.97,-0.05,-0.454,10.97,10.98,11.02,10.98,11.24,10.92,6188766.0,68595835.0,10:55:06
sz300225,金力泰,7.07,-0.06,-0.842,7.07,7.08,7.13,7.06,7.15,7.0,3569218.0,25180493.0,10:55:06
sz300226,上海钢联,16.63,0.56,3.485,16.63,16.64,16.07,16.0,16.84,15.9,8222403.0,135689873.0,10:55:06
sz300227,光韵达,11.63,-0.09,-0.768,11.63,11.64,11.72,11.65,11.8,11.31,7319703.0,84468576.0,10:55:06
sz300228,富瑞特装,7.21,0.05,0.698,7.2,7.21,7.16,7.1,7.25,7.1,3874900.0,27851192.0,10:55:06
sz300229,拓尔思,13.08,-0.06,-0.457,13.07,13.08,13.14,13.09,13.19,12.93,7334431.0,95861996.0,10:55:06
sz300230,永利股份,4.27,0.02,0.471,4.27,4.28,4.25,4.24,4.29,4.22,2876400.0,12270760.0,10:55:06
sz300231,银信科技,8.17,0.17,2.125,8.17,8.18,8.0,7.97,8.23,7.91,4878700.0,39570367.0,10:55:06
sz300232,洲明科技,5.41,0.12,2.268,5.4,5.41,5.29,5.25,5.44,5.25,18092014.0,97110340.0,10:55:06
sz300233,金城医药,13.29,0.22,1.683,13.29,13.3,13.07,12.98,13.52,12.86,7988900.0,106022328.0,10:55:03
sz300234,开尔新材,9.58,0.05,0.525,9.58,9.59,9.53,9.58,9.66,9.21,4363200.0,41386589.0,10:55:06
sz300235,方直科技,10.85,0.24,2.262,10.84,10.86,10.61,10.7,11.08,10.66,5309203.0,57822611.0,10:55:03
sz300236,上海新阳,84.91,-3.99,-4.488,84.91,84.92,88.9,87.54,87.67,83.0,5871370.0,499713111.0,10:55:06
sz300237,ST美晨,1.95,0.01,0.515,1.95,1.96,1.94,1.93,1.96,1.93,3189380.0,6205638.0,10:54:27
sz300238,冠昊生物,11.56,0.12,1.049,11.54,11.56,11.44,11.47,11.82,11.27,2733946.0,31559015.0,10:54:48
sz300239,东宝生物,5.11,0.13,2.61,5.1,5.11,4.98,4.98,5.14,4.93,7313000.0,37050930.0,10:54:48
sz300240,飞力达,6.17,0.12,1.983,6.16,6.17,6.05,6.0,6.19,6.0,4082200.0,24939680.0,10:55:06
sz300241,瑞丰光电,5.62,0.03,0.537,5.61,5.62,5.59,5.55,5.66,5.48,9600700.0,53553118.0,10:55:06
sz300242,佳云科技,3.96,0.02,0.508,3.96,3.97,3.94,3.94,3.99,3.91,4847600.0,19146505.0,10:55:06
sz300243,瑞丰高材,15.55,-0.43,-2.691,15.55,15.56,15.98,15.95,15.96,15.28,10164900.0,158300062.0,10:55:06
sz300244,迪安诊断,18.93,-0.89,-4.49,18.92,18.93,19.82,19.84,19.85,18.82,20948079.0,400640155.0,10:55:06
sz300245,ST天玑,5.58,0.08,1.455,5.58,5.59,5.5,5.46,5.61,5.46,2113951.0,11766106.0,10:54:30
sz300246,宝莱特,14.51,-0.29,-1.959,14.51,14.52,14.8,14.79,15.08,14.45,5799950.0,85588385.0,10:55:06
sz300247,融捷健康,3.73,0.06,1.635,3.73,3.74,3.67,3.66,3.78,3.64,6218700.0,23127175.0,10:55:06
sz300248,新开普,8.64,0.21,2.491,8.64,8.65,8.43,8.29,8.69,8.19,6639299.0,56414237.0,10:55:06
sz300249,依米康,12.71,0.1,0.793,12.71,12.72,12.61,12.36,12.88,12.3,7743486.0,98288970.0,10:55:06
sz300250,初灵信息,14.89,0.12,0.812,14.88,14.89,14.77,14.61,14.97,14.52,2155600.0,31886019.0,10:54:54
sz300251,光线传媒,10.87,0.11,1.022,10.86,10.87,10.76,10.76,10.9,10.75,9897704.0,107351381.0,10:55:06
sz300252,金信诺,11.44,0.01,0.087,11.44,11.45,11.43,11.28,11.54,11.11,9786257.0,110809203.0,10:55:06
sz300253,卫宁健康,6.98,0.01,0.143,6.97,6.98,6.97,6.95,7.02,6.89,16192931.0,112592751.0,10:55:06
sz300254,仟源医药,9.15,-0.39,-4.088,9.14,9.15,9.54,9.47,9.54,9.05,18027980.0,166279057.0,10:54:57
sz300255,常山药业,23.49,0.11,0.47,23.48,23.49,23.38,23.16,23.94,22.8,12733255.0,299077837.0,10:55:06
sz300256,星星科技,2.71,0.0,0.0,2.7,2.72,2.71,2.68,2.73,2.64,12827300.0,34464821.0,10:55:00
sz300257,开山股份,17.31,0.16,0.933,17.3,17.31,17.15,17.0,17.69,16.88,4802000.0,82993751.0,10:55:06
sz300258,精锻科技,9.36,-0.3,-3.106,9.36,9.37,9.66,9.21,9.5,9.16,5810600.0,53977586.0,10:55:00
sz300259,新天科技,4.07,-0.03,-0.732,4.07,4.08,4.1,4.05,4.13,3.99,15445300.0,62739881.0,10:55:06
sz300260,新莱应材,56.75,-2.37,-4.009,56.75,56.76,59.12,57.6,58.25,55.1,8150367.0,461780547.0,10:55:06
sz300261,雅本化学,4.93,0.06,1.232,4.93,4.94,4.87,4.88,4.98,4.8,4517100.0,22253659.0,10:54:54
sz300263,隆华科技,9.81,-0.38,-3.729,9.81,9.82,10.19,9.91,10.02,9.63,30784259.0,302607309.0,10:55:06
sz300264,佳创视讯,6.39,0.12,1.914,6.38,6.39,6.27,6.33,6.53,6.19,7042000.0,45119656.0,10:55:03
sz300265,通光线缆,13.54,0.13,0.969,13.52,13.54,13.41,13.23,13.74,13.1,7434674.0,99805210.0,10:55:06
sz300266,兴源环境,1.85,0.01,0.543,1.85,1.86,1.84,1.82,1.87,1.81,11021400.0,20272498.0,10:54:54
sz300267,尔康制药,3.2,0.03,0.946,3.2,3.21,3.17,3.16,3.26,3.13,21970900.0,70422750.0,10:55:00
sz300268,佳沃食品,12.72,0.3,2.415,12.69,12.72,12.42,12.36,12.85,12.36,3422300.0,43282537.0,10:55:06
sz300269,联建光电,4.74,-0.03,-0.629,4.74,4.75,4.77,4.65,4.78,4.55,7527110.0,35311672.0,10:55:00
sz300270,中威电子,11.3,-0.14,-1.224,11.3,11.31,11.44,11.31,11.6,11.14,7238500.0,82383898.0,10:55:03
sz300271,华宇软件,5.43,0.12,2.26,5.42,5.43,5.31,5.3,5.44,5.25,4242100.0,22821264.0,10:55:06
sz300272,开能健康,5.82,0.09,1.571,5.81,5.82,5.73,5.74,5.85,5.63,3758900.0,21755156.0,10:55:06
sz300274,阳光电源,108.75,-2.75,-2.466,108.73,108.75,111.5,111.0,111.0,108.38,12843285.0,1404496020.0,10:55:06
sz300275,梅安森,8.98,0.02,0.223,8.98,8.99,8.96,8.92,9.03,8.86,2600379.0,23238690.0,10:54:54
sz300276,三丰智能,6.14,0.03,0.491,6.13,6.14,6.11,6.12,6.2,6.11,7384995.0,45415719.0,10:55:09
sz300277,汽轮科技,11.62,-0.04,-0.343,11.62,11.63,11.66,11.56,11.75,11.5,3402002.0,39566251.0,10:55:06
sz300278,华昌达,3.74,0.04,1.081,3.74,3.75,3.7,3.66,3.78,3.65,7287100.0,27099293.0,10:55:09
sz300279,和晶科技,5.6,0.09,1.633,5.6,5.61,5.51,5.52,5.65,5.45,4727300.0,26384292.0,10:55:06
sz300281,金明精机,6.33,-0.06,-0.939,6.33,6.34,6.39,6.35,6.37,6.25,3385700.0,21350892.0,10:55:09
sz300283,温州宏丰,12.76,-0.22,-1.695,12.76,12.77,12.98,12.85,13.01,12.48,12218900.0,155668815.0,10:55:09
sz300284,苏交科,5.22,0.07,1.359,5.22,5.23,5.15,5.13,5.23,5.13,4681000.0,24293825.0,10:55:09
sz300285,国瓷材料,62.28,-1.82,-2.839,62.28,62.31,64.1,61.79,63.16,60.22,38250459.0,2361966571.0,10:55:09
sz300286,安科瑞,19.24,-0.37,-1.887,19.23,19.26,19.61,19.33,19.5,18.98,1905100.0,36596321.0,10:55:06
sz300287,飞利信,3.53,0.09,2.616,3.52,3.53,3.44,3.44,3.55,3.41,12409163.0,43466001.0,10:55:09
sz300288,朗玛信息,9.87,0.16,1.648,9.86,9.87,9.71,9.65,9.9,9.64,1647500.0,16159267.0,10:55:09
sz300289,利德曼,5.77,0.02,0.348,5.76,5.77,5.75,5.75,5.84,5.68,1892500.0,10921527.0,10:55:06
sz300290,ST荣科,6.15,0.06,0.985,6.14,6.15,6.09,6.08,6.24,6.04,10568153.0,65098819.0,10:55:06
sz300291,百纳千成,4.92,0.12,2.5,4.91,4.92,4.8,4.81,5.0,4.75,17154200.0,83901539.0,10:55:09
sz300292,吴通控股,4.2,0.07,1.695,4.19,4.2,4.13,4.09,4.21,4.07,23773500.0,99014840.0,10:55:09
sz300293,蓝英装备,15.58,-0.12,-0.764,15.56,15.57,15.7,15.55,15.71,15.31,1741203.0,27035166.0,10:55:06
sz300294,博雅生物,14.7,0.27,1.871,14.7,14.71,14.43,14.45,14.8,14.43,3790100.0,55647414.0,10:55:09
sz300295,*ST三六,12.72,0.07,0.553,12.72,12.73,12.65,12.58,12.87,12.56,1673100.0,21275763.0,10:55:03
sz300296,利亚德,5.04,0.02,0.398,5.04,5.05,5.02,5.0,5.08,4.97,17381651.0,87497699.0,10:55:09
sz300298,三诺生物,16.09,0.18,1.131,16.09,16.1,15.91,15.9,16.14,15.8,2263476.0,36301182.0,10:55:09
sz300299,富春股份,5.29,0.07,1.341,5.29,5.3,5.22,5.19,5.34,5.18,7794901.0,41138423.0,10:55:09
sz300300,海峡创新,7.23,0.02,0.277,7.22,7.23,7.21,7.12,7.41,7.08,16225584.0,117936676.0,10:55:09
sz300301,ST长方,3.22,-0.03,-0.923,3.22,3.23,3.25,3.27,3.27,3.21,1863700.0,6036599.0,10:54:54
sz300302,同有科技,28.33,-0.35,-1.22,28.32,28.33,28.68,27.95,28.7,27.55,6869223.0,193236355.0,10:55:09
sz300303,聚飞光电,6.85,-0.02,-0.291,6.85,6.86,6.87,6.8,6.92,6.71,14570991.0,99275276.0,10:55:06
sz300304,云意电气,10.99,-0.33,-2.915,10.98,10.99,11.32,11.15,11.2,10.78,9199525.0,101043335.0,10:55:09
sz300305,裕兴股份,6.02,0.04,0.669,6.02,6.03,5.98,5.93,6.08,5.89,2508800.0,15065175.0,10:55:03
sz300306,远方信息,10.29,0.23,2.286,10.29,10.3,10.06,10.08,10.35,10.08,2213800.0,22720253.0,10:55:06
sz300307,慈星股份,7.32,-0.08,-1.081,7.31,7.32,7.4,7.31,7.41,7.25,6786124.0,49731313.0,10:55:09
sz300308,中际旭创,850.55,-19.67,-2.26,850.55,850.65,870.22,850.23,871.91,846.16,13768008.0,11793968908.0,10:55:09
sz300310,宜通世纪,4.43,0.11,2.546,4.43,4.44,4.32,4.31,4.45,4.28,12001900.0,52808613.0,10:55:09
sz300311,任子行,5.27,0.08,1.541,5.27,5.28,5.19,5.22,5.33,5.2,16962100.0,89405733.0,10:55:09
sz300313,天山生物,16.6,1.24,8.073,16.58,16.6,15.36,15.78,17.8,15.35,44441248.0,729770976.0,10:55:09
sz300314,戴维医疗,12.14,-0.31,-2.49,12.14,12.15,12.45,12.13,12.4,12.06,5873304.0,71724238.0,10:55:09
sz300315,掌趣科技,3.86,0.04,1.047,3.86,3.87,3.82,3.82,3.9,3.81,25837889.0,99770358.0,10:55:09
sz300316,晶盛机电,42.5,-0.49,-1.14,42.47,42.5,42.99,42.74,43.2,41.84,5430406.0,231295992.0,10:55:09
sz300317,珈伟新能,4.14,-0.13,-3.044,4.13,4.14,4.27,4.17,4.21,4.04,35147613.0,144643553.0,10:55:09
sz300318,博晖创新,4.99,0.12,2.464,4.99,5.0,4.87,4.84,5.06,4.81,9686777.0,48188161.0,10:55:09
sz300319,麦捷科技,17.45,-0.21,-1.189,17.44,17.45,17.66,17.35,17.66,16.72,42498441.0,729835331.0,10:55:09
sz300320,海达股份,8.39,-0.04,-0.474,8.38,8.39,8.43,8.35,8.47,8.29,2057300.0,17224511.0,10:55:06
sz300321,同大股份,32.06,-0.88,-2.672,32.07,32.08,32.94,32.36,32.76,31.7,1083800.0,34836947.0,10:55:09
sz300322,硕贝德,17.13,0.08,0.469,17.12,17.13,17.05,16.82,17.33,16.62,7427342.0,126178405.0,10:55:09
sz300323,华灿光电,11.15,-0.75,-6.303,11.14,11.15,11.9,11.01,11.43,10.85,49922506.0,557091713.0,10:55:09
sz300324,旋极信息,3.34,0.06,1.829,3.34,3.35,3.28,3.26,3.37,3.21,21495723.0,71354681.0,10:55:09
sz300326,ST凯利,6.05,0.16,2.716,6.04,6.05,5.89,5.98,6.09,5.98,4644488.0,28029535.0,10:55:09
sz300327,中颖电子,21.95,-0.19,-0.858,21.94,21.97,22.14,21.92,22.23,21.55,2777885.0,60827705.0,10:55:09
sz300328,宜安科技,15.94,-0.64,-3.86,15.94,15.95,16.58,16.28,16.79,15.59,42525841.0,686054578.0,10:55:09
sz300329,海伦钢琴,12.06,0.1,0.836,12.06,12.08,11.96,11.96,12.23,11.85,1778500.0,21517502.0,10:54:48
sz300331,苏大维格,46.37,-2.05,-4.234,46.36,46.37,48.42,47.94,47.94,44.7,7587904.0,349347619.0,10:55:09
sz300332,天壕能源,5.02,0.06,1.21,5.01,5.02,4.96,4.9,5.05,4.9,16837269.0,84131530.0,10:55:09
sz300333,兆日科技,10.57,-0.1,-0.937,10.56,10.57,10.67,10.37,10.87,10.3,11845210.0,125895955.0,10:55:09
sz300334,津膜科技,8.32,0.03,0.362,8.32,8.33,8.29,8.25,8.42,8.19,3105800.0,25766915.0,10:55:03
sz300335,迪森股份,5.31,0.03,0.568,5.31,5.32,5.28,5.25,5.36,5.22,5397000.0,28615903.0,10:55:06
sz300337,银邦股份,9.65,-0.11,-1.127,9.64,9.65,9.76,9.68,9.85,9.56,5549780.0,53761637.0,10:55:09
sz300338,*ST开元,2.99,-0.06,-1.967,2.99,3.0,3.05,3.03,3.06,2.97,5774500.0,17375821.0,10:54:57
sz300339,润和软件,35.33,0.32,0.914,35.33,35.34,35.01,34.58,35.5,34.4,8003101.0,281047273.0,10:55:09
sz300340,科恒股份,8.87,-0.17,-1.881,8.86,8.87,9.04,8.8,9.05,8.78,7088710.0,62821818.0,10:55:09
sz300341,麦克奥迪,13.32,0.4,3.096,13.31,13.32,12.92,12.92,13.4,12.86,4034325.0,53283798.0,10:55:09
sz300342,天银机电,31.18,-0.21,-0.669,31.17,31.18,31.39,31.21,31.71,30.51,6169839.0,192053578.0,10:55:09
sz300343,联创股份,5.61,-0.02,-0.355,5.6,5.61,5.63,5.6,5.65,5.58,6416400.0,36044332.0,10:55:09
sz300345,华民股份,9.57,-0.03,-0.312,9.56,9.58,9.6,9.63,9.95,9.35,45996400.0,442334312.0,10:55:09
sz300346,南大光电,53.8,-2.22,-3.963,53.8,53.82,56.02,55.34,55.48,52.79,16005462.0,861974487.0,10:55:09
sz300347,泰格医药,49.9,0.74,1.505,49.9,49.91,49.16,49.4,50.38,48.63,8879677.0,439690812.0,10:55:09
sz300348,长亮科技,9.77,0.29,3.059,9.76,9.77,9.48,9.46,9.81,9.41,20085972.0,194063439.0,10:55:09
sz300349,金卡智能,10.13,0.18,1.809,10.12,10.14,9.95,9.9,10.19,9.87,3349625.0,33659123.0,10:55:00
sz300350,华鹏飞,4.37,0.09,2.103,4.37,4.38,4.28,4.26,4.39,4.25,5368800.0,23344407.0,10:55:03
sz300351,永贵电器,13.94,0.34,2.5,13.94,13.95,13.6,13.58,14.13,13.38,5680300.0,78648093.0,10:55:03
sz300352,ST信源,2.3,0.06,2.679,2.29,2.3,2.24,2.22,2.32,2.21,12966700.0,29563336.0,10:55:03
sz300353,东土科技,18.54,-0.11,-0.59,18.53,18.54,18.65,18.47,18.8,17.95,7486423.0,137721942.0,10:55:09
sz300354,东华测试,26.09,-0.07,-0.268,26.09,26.1,26.16,25.67,26.38,25.4,1505799.0,38857484.0,10:55:09
sz300355,蒙草生态,2.93,0.04,1.384,2.92,2.93,2.89,2.88,2.94,2.87,9329595.0,27219564.0,10:55:03
sz300357,我武生物,23.1,-0.16,-0.688,23.09,23.1,23.26,23.1,23.49,22.86,5005700.0,115936410.0,10:55:06
sz300358,楚天科技,9.17,0.5,5.767,9.16,9.17,8.67,9.0,9.26,8.72,50060550.0,449997523.0,10:55:09
sz300359,全通教育,4.08,0.06,1.493,4.07,4.08,4.02,3.98,4.12,3.98,6975800.0,28306262.0,10:55:09
sz300360,炬华科技,11.66,0.05,0.431,11.66,11.68,11.61,11.56,11.72,11.56,2055000.0,23961640.0,10:55:09
sz300363,博腾股份,20.38,-0.08,-0.391,20.36,20.38,20.46,20.24,21.32,20.22,24749303.0,511622579.0,10:55:09
sz300364,中文在线,22.39,0.12,0.539,22.39,22.4,22.27,22.06,22.67,21.98,13552786.0,302023635.0,10:55:09
sz300365,恒华科技,4.69,0.05,1.078,4.68,4.69,4.64,4.64,4.7,4.58,5030900.0,23428567.0,10:55:06
sz300366,ST创意,5.12,0.0,0.0,5.11,5.12,5.12,5.12,5.16,5.06,1558500.0,7971727.0,10:55:06
sz300368,汇金股份,7.69,0.18,2.397,7.68,7.69,7.51,7.46,8.05,7.43,24824100.0,192738471.0,10:55:06
sz300369,绿盟科技,6.78,0.12,1.802,6.79,6.8,6.66,6.59,6.9,6.55,16890150.0,114244577.0,10:55:09
sz300370,安控科技,2.2,0.04,1.852,2.2,2.21,2.16,2.15,2.22,2.14,11860480.0,26038766.0,10:55:09
sz300371,汇中股份,10.45,0.13,1.26,10.45,10.46,10.32,10.32,10.54,10.24,820800.0,8546503.0,10:55:03
sz300373,扬杰科技,91.92,-5.88,-6.012,91.89,91.92,97.8,95.0,95.55,89.68,13398325.0,1237529391.0,10:55:09
sz300374,中铁装配,10.79,0.2,1.889,10.79,10.8,10.59,10.53,10.84,10.52,1496100.0,16083496.0,10:55:06
sz300375,鹏翎股份,4.01,0.05,1.263,4.01,4.02,3.96,3.96,4.03,3.91,5141299.0,20545123.0,10:55:03
sz300376,易事特,4.48,0.04,0.901,4.48,4.49,4.44,4.43,4.53,4.38,9023430.0,40410415.0,10:55:09
sz300377,赢时胜,13.97,0.05,0.359,13.97,13.98,13.92,13.8,14.28,13.76,17032400.0,239762969.0,10:55:09
sz300378,鼎捷数智,30.0,-0.22,-0.728,30.0,30.01,30.22,30.22,30.4,29.55,3415223.0,102442048.0,10:55:09
sz300380,安硕信息,28.55,0.56,2.001,28.56,28.58,27.99,27.81,28.7,27.67,1084000.0,30803568.0,10:55:09
sz300381,溢多利,6.29,0.08,1.288,6.29,6.3,6.21,6.15,6.35,6.14,3864100.0,24154183.0,10:55:06
sz300382,斯莱克,17.17,-0.76,-4.239,17.17,17.19,17.93,17.81,17.93,17.08,12979153.0,224998623.0,10:55:09
sz300383,光环新网,12.1,-0.02,-0.165,12.1,12.11,12.12,12.01,12.22,11.99,13776726.0,166737564.0,10:55:09
sz300384,三联虹普,12.19,0.04,0.329,12.18,12.19,12.15,12.1,12.25,11.93,1308200.0,15871700.0,10:54:51
sz300385,ST雪浪,12.57,-0.05,-0.396,12.52,12.57,12.62,12.5,12.66,12.35,1657612.0,20696898.0,10:55:09
sz300386,飞天诚信,12.86,0.89,7.435,12.86,12.88,11.97,11.91,13.0,11.68,20339400.0,249134247.0,10:55:09
sz300387,富邦科技,7.4,0.17,2.351,7.39,7.4,7.23,7.17,7.47,7.17,6714100.0,49644275.0,10:55:09
sz300388,节能国祯,6.96,0.05,0.724,6.96,6.97,6.91,6.88,6.97,6.86,2434711.0,16894324.0,10:55:09
sz300389,艾比森,12.4,0.28,2.31,12.4,12.41,12.12,12.08,12.5,12.04,2948900.0,36333529.0,10:55:06
sz300390,天华新能,61.95,-5.28,-7.854,61.97,61.98,67.23,65.66,66.2,61.87,29303969.0,1870654618.0,10:55:09
sz300393,中来股份,6.21,0.1,1.637,6.21,6.22,6.11,6.11,6.3,6.05,13494100.0,83812490.0,10:55:09
sz300394,天孚通信,252.6,3.1,1.242,252.45,252.6,249.5,249.5,255.88,241.8,23792789.0,5928255610.0,10:55:09
sz300395,菲利华,82.31,-1.68,-2.0,82.3,82.31,83.99,83.0,83.68,81.05,6708465.0,552911380.0,10:55:09
sz300396,ST迪瑞,7.2,0.06,0.84,7.2,7.21,7.14,7.12,7.24,7.11,616560.0,4426744.0,10:55:06
sz300397,天和防务,11.22,-0.1,-0.883,11.22,11.23,11.32,11.14,11.35,11.05,6094200.0,68348091.0,10:55:09
sz300398,飞凯材料,34.22,-0.94,-2.673,34.23,34.24,35.16,34.57,34.73,33.07,12339437.0,419075140.0,10:55:09
sz300399,天利科技,18.33,0.09,0.493,18.32,18.33,18.24,18.44,18.55,17.86,6050330.0,110558810.0,10:55:09
sz300400,劲拓股份,27.16,-0.81,-2.896,27.15,27.16,27.97,27.5,27.7,26.47,5393599.0,146270549.0,10:55:09
sz300401,花园生物,14.25,0.11,0.778,14.25,14.27,14.14,13.93,14.48,13.81,12050100.0,170448405.0,10:55:09
sz300402,宝色股份,14.83,0.28,1.924,14.83,14.84,14.55,14.53,15.3,14.45,3215840.0,47886685.0,10:55:06
sz300403,汉宇集团,9.12,0.08,0.885,9.12,9.13,9.04,9.01,9.21,8.94,3595185.0,32581647.0,10:55:00
sz300404,博济医药,13.85,-0.3,-2.12,13.85,13.86,14.15,14.1,14.23,13.72,24740547.0,345466318.0,10:55:09
sz300405,科隆股份,5.72,0.07,1.239,5.71,5.72,5.65,5.57,5.75,5.57,3235170.0,18414749.0,10:54:30
sz300406,九强生物,11.5,-0.01,-0.087,11.5,11.51,11.51,11.4,11.59,11.36,2437936.0,27995666.0,10:55:06
sz300407,凯发电气,11.82,0.0,0.0,11.82,11.83,11.82,11.86,11.95,11.62,2494800.0,29435443.0,10:55:09
sz300408,三环集团,108.71,-0.23,-0.211,108.69,108.71,108.94,108.0,109.85,103.45,21585901.0,2296841016.0,10:55:09
sz300409,道氏技术,17.96,-0.51,-2.761,17.95,17.96,18.47,18.4,18.5,17.95,9705280.0,176563616.0,10:55:09
sz300410,正业科技,7.7,-0.08,-1.028,7.7,7.71,7.78,7.68,7.84,7.59,7682000.0,59203182.0,10:55:09
sz300411,金盾股份,7.72,0.1,1.312,7.71,7.72,7.62,7.6,7.78,7.53,3174200.0,24394292.0,10:55:09
sz300412,迦南科技,4.57,0.01,0.219,4.57,4.58,4.56,4.53,4.62,4.48,5969200.0,27137889.0,10:55:06
sz300413,芒果超媒,14.04,0.06,0.429,14.03,14.04,13.98,13.85,14.12,13.81,6170524.0,86386491.0,10:55:09
sz300414,中光防雷,10.56,0.08,0.763,10.55,10.56,10.48,10.5,10.67,10.39,2374800.0,25034891.0,10:55:09
sz300415,伊之密,19.43,-0.08,-0.41,19.43,19.44,19.51,19.33,19.56,19.1,1937900.0,37594402.0,10:55:09
sz300416,苏试试验,14.29,-0.05,-0.349,14.28,14.29,14.34,14.23,14.54,14.15,5245400.0,75222690.0,10:55:09
sz300417,南华仪器,11.14,0.17,1.55,11.13,11.14,10.97,10.97,11.28,10.87,1176800.0,13058329.0,10:54:48
sz300418,昆仑万维,39.95,-0.59,-1.455,39.94,39.95,40.54,40.51,40.69,39.6,22602021.0,906244435.0,10:55:09
sz300419,ST浩丰,8.49,-0.04,-0.469,8.47,8.5,8.53,8.53,8.7,8.31,3145600.0,26862680.0,10:54:03
sz300420,五洋自控,7.89,0.11,1.414,7.88,7.89,7.78,7.69,8.3,7.46,80158316.0,637081070.0,10:55:09
sz300421,力星股份,16.35,0.14,0.864,16.34,16.36,16.21,16.09,16.55,16.0,2176700.0,35479896.0,10:55:06
sz300422,博世科,4.12,0.05,1.229,4.11,4.12,4.07,4.04,4.15,4.03,6096900.0,25009793.0,10:54:51
sz300423,昇辉科技,5.8,0.04,0.694,5.8,5.81,5.76,5.72,5.86,5.68,3335060.0,19293354.0,10:55:06
sz300424,航新科技,14.11,-0.03,-0.212,14.09,14.11,14.14,14.03,14.43,13.88,4205502.0,59563736.0,10:55:09
sz300425,中建环能,4.07,0.08,2.005,4.06,4.07,3.99,4.0,4.08,3.99,3837800.0,15490110.0,10:55:06
sz300426,华智数媒,6.17,0.07,1.148,6.17,6.18,6.1,6.1,6.23,6.04,5954100.0,36646233.0,10:55:09
sz300427,红相股份,6.52,-0.03,-0.458,6.51,6.52,6.55,6.45,6.63,6.32,11727850.0,76212012.0,10:55:09
sz300428,立中集团,18.32,-0.04,-0.218,18.32,18.33,18.36,18.42,18.49,18.18,2478635.0,45490591.0,10:55:09
sz300429,强力新材,10.66,-0.09,-0.837,10.65,10.66,10.75,10.6,10.87,10.4,8230198.0,87606047.0,10:55:09
sz300430,*ST益通,4.24,0.02,0.474,4.24,4.25,4.22,4.18,4.26,4.18,1889900.0,7997563.0,10:55:09
sz300432,富临精工,15.51,-0.54,-3.364,15.51,15.52,16.05,15.88,16.0,15.51,13441552.0,211072086.0,10:55:09
sz300433,蓝思科技,36.78,-1.17,-3.083,36.78,36.79,37.95,37.49,37.49,35.79,55657937.0,2031794069.0,10:55:09
sz300434,金石亚药,11.38,0.11,0.976,11.38,11.39,11.27,11.2,11.55,10.99,9578100.0,108438632.0,10:55:09
sz300435,中泰股份,16.38,0.0,0.0,16.36,16.38,16.38,16.1,16.52,16.1,3365600.0,54993965.0,10:55:09
sz300436,广生堂,89.44,-0.22,-0.245,89.42,89.44,89.66,89.47,91.0,88.09,1980120.0,177157934.0,10:55:09
sz300437,清水源,11.01,0.09,0.824,11.01,11.02,10.92,10.83,11.17,10.83,2602400.0,28776850.0,10:55:09
sz300438,鹏辉能源,60.3,-1.52,-2.459,60.3,60.31,61.82,61.81,61.99,60.0,6995300.0,424986393.0,10:55:09
sz300439,美康生物,9.34,0.11,1.192,9.33,9.34,9.23,9.28,9.42,9.13,2020500.0,18827689.0,10:55:06
sz300440,运达科技,18.74,-0.06,-0.319,18.72,18.74,18.8,18.75,18.88,18.1,5345762.0,98956817.0,10:55:09
sz300441,鲍斯股份,6.69,-0.02,-0.298,6.68,6.69,6.71,6.64,6.71,6.64,1334140.0,8914925.0,10:54:54
sz300442,润泽科技,61.83,-0.62,-0.993,61.83,61.84,62.45,61.0,62.53,60.8,7013148.0,432319054.0,10:55:09
sz300443,金雷股份,18.28,-1.08,-5.579,18.27,18.29,19.36,18.4,18.59,17.89,4463676.0,81595548.0,10:55:09
sz300444,双杰电气,9.62,-0.13,-1.333,9.61,9.62,9.75,9.65,9.84,9.53,9620600.0,93045086.0,10:55:09
sz300445,康斯特,19.31,1.41,7.877,19.3,19.31,17.9,18.89,19.91,18.64,6330831.0,122802712.0,10:55:06
sz300446,航天智造,12.89,0.12,0.94,12.89,12.9,12.77,12.78,12.97,12.72,2355700.0,30280334.0,10:55:09
sz300447,全信股份,13.36,0.14,1.059,13.35,13.36,13.22,13.1,13.48,13.03,1570700.0,20922831.0,10:55:09
sz300448,浩云科技,5.57,0.09,1.642,5.56,5.57,5.48,5.43,5.61,5.41,6886706.0,38059226.0,10:55:03
sz300449,汉邦高科,6.99,0.11,1.599,6.98,6.99,6.88,6.89,7.05,6.83,3163420.0,21996509.0,10:55:09
sz300450,先导智能,32.83,-1.01,-2.985,32.84,32.87,33.84,33.75,33.75,32.83,13549536.0,449228422.0,10:55:09
sz300451,创业慧康,3.44,0.04,1.176,3.44,3.45,3.4,3.39,3.47,3.35,6824400.0,23377261.0,10:55:09
sz300452,山河药辅,12.85,0.27,2.146,12.83,12.85,12.58,12.48,12.99,12.37,5089045.0,64992334.0,10:55:09
sz300453,三鑫医疗,9.61,-0.11,-1.132,9.61,9.62,9.72,9.63,9.81,9.54,6514500.0,63038059.0,10:55:09
sz300454,深信服,114.4,-2.33,-1.996,114.4,114.42,116.73,116.53,116.53,113.3,6590183.0,756180853.0,10:55:06
sz300455,航天智装,17.02,0.01,0.059,17.01,17.02,17.01,16.97,17.26,16.78,2735285.0,46467340.0,10:55:06
sz300456,赛微电子,30.35,-0.5,-1.621,30.36,30.37,30.85,30.41,30.78,29.79,7833188.0,237030184.0,10:55:06
sz300457,赢合科技,20.67,-0.59,-2.775,20.66,20.67,21.26,21.5,21.63,20.66,12452131.0,262157491.0,10:55:06
sz300458,全志科技,30.19,-0.31,-1.016,30.18,30.19,30.5,30.11,30.5,29.75,12452922.0,375244583.0,10:55:06
sz300459,汤姆猫,3.46,0.02,0.581,3.46,3.47,3.44,3.43,3.49,3.42,33652700.0,116353419.0,10:55:06
sz300460,ST惠伦,8.43,0.05,0.597,8.39,8.42,8.38,8.36,8.48,8.28,926200.0,7745640.0,10:55:00
sz300461,田中精机,30.41,-0.17,-0.556,30.4,30.41,30.58,30.27,30.75,29.99,1151100.0,34907243.0,10:55:06
sz300462,ST华铭,11.33,0.34,3.094,11.32,11.33,10.99,11.0,11.49,10.99,612400.0,6924389.0,10:54:21
sz300463,迈克生物,9.23,0.09,0.985,9.22,9.23,9.14,9.12,9.29,9.06,3079700.0,28320268.0,10:55:06
sz300464,星徽股份,7.19,0.13,1.841,7.19,7.2,7.06,7.0,7.23,6.85,5797000.0,41063174.0,10:55:06
sz300465,高伟达,12.02,0.21,1.778,12.01,12.03,11.81,11.56,12.13,11.5,9881413.0,117879297.0,10:55:06
sz300466,赛摩智能,7.29,0.11,1.532,7.28,7.29,7.18,7.11,7.29,7.11,3277500.0,23666582.0,10:55:06
sz300467,迅游科技,33.04,0.33,1.009,33.04,33.06,32.71,32.62,33.32,32.2,1207100.0,39703682.0,10:55:03
sz300468,四方精创,24.16,1.17,5.089,24.16,24.18,22.99,22.7,24.29,22.36,50295570.0,1179652747.0,10:55:06
sz300469,信息发展,53.86,0.21,0.391,53.72,53.84,53.65,53.1,56.11,52.75,4310406.0,234489654.0,10:55:06
sz300470,中密控股,27.73,-0.57,-2.014,27.73,27.74,28.3,27.71,27.98,27.5,986800.0,27386472.0,10:54:54
sz300471,厚普股份,9.75,-0.05,-0.51,9.74,9.75,9.8,9.77,9.77,9.56,2591800.0,25033976.0,10:55:06
sz300472,*ST新元,6.58,0.04,0.612,6.59,6.6,6.54,6.47,6.61,6.47,525040.0,3439280.0,10:55:03
sz300473,德尔股份,24.47,-0.03,-0.122,24.46,24.47,24.5,24.39,24.89,23.7,8326616.0,202389234.0,10:55:06
sz300474,景嘉微,50.29,0.41,0.822,50.26,50.3,49.88,49.8,50.5,49.62,2103757.0,105481251.0,10:55:03
sz300475,香农芯创,150.76,-2.24,-1.464,150.67,150.76,153.0,151.98,152.68,147.2,7868393.0,1180189352.0,10:55:06
sz300476,胜宏科技,242.04,-2.96,-1.208,242.06,242.09,245.0,240.0,246.78,237.1,11051831.0,2678826672.0,10:55:06
sz300477,ST合纵,2.43,-0.02,-0.816,2.43,2.44,2.45,2.45,2.46,2.4,7254500.0,17621702.0,10:55:03
sz300478,杭州高新,28.78,0.24,0.841,28.76,28.77,28.54,27.97,29.58,27.83,1633800.0,46809307.0,10:55:06
sz300479,神思电子,14.85,0.23,1.573,14.85,14.87,14.62,14.65,14.9,14.48,2214196.0,32604886.0,10:55:03
sz300480,光力科技,31.26,-1.43,-4.374,31.23,31.26,32.69,32.16,32.48,30.5,9514436.0,297722215.0,10:55:06
sz300481,濮阳惠成,13.85,-0.14,-1.001,13.85,13.86,13.99,13.83,14.03,13.65,3529800.0,48835270.0,10:55:06
sz300482,万孚生物,16.07,0.07,0.438,16.06,16.08,16.0,15.88,16.27,15.73,5694042.0,91314370.0,10:55:00
sz300483,首华燃气,23.84,0.64,2.759,23.82,23.84,23.2,22.86,24.56,22.77,13835700.0,330995161.0,10:55:06
sz300484,蓝海华腾,12.61,0.01,0.079,12.61,12.62,12.6,12.51,12.76,12.42,1077000.0,13570749.0,10:55:03
sz300485,赛升药业,9.09,0.04,0.442,9.08,9.09,9.05,9.07,9.22,8.9,5446800.0,49454229.0,10:55:06
sz300486,东杰智能,23.01,1.01,4.591,23.02,23.06,22.0,21.91,23.19,21.55,9403525.0,210760167.0,10:55:06
sz300487,蓝晓科技,61.9,-1.34,-2.119,61.89,61.93,63.24,62.97,62.98,60.11,2900814.0,179071723.0,10:55:06
sz300488,恒锋工具,31.4,-0.09,-0.286,31.41,31.43,31.49,31.2,31.9,31.2,2288000.0,72308790.0,10:55:06
sz300489,光智科技,200.25,-1.9,-0.94,200.25,200.52,202.15,198.9,203.95,192.0,4648150.0,920407509.0,10:55:06
sz300490,华自科技,11.37,-0.18,-1.558,11.37,11.38,11.55,11.54,11.59,11.26,4374600.0,49959269.0,10:55:06
sz300491,通合科技,30.34,-0.36,-1.173,30.33,30.36,30.7,29.76,31.07,29.02,5947500.0,179424775.0,10:55:06
sz300492,华图山鼎,22.97,-0.22,-0.949,22.99,23.0,23.19,23.19,23.26,22.6,1358544.0,31192540.0,10:55:06
sz300493,润欣科技,11.87,0.05,0.423,11.88,11.89,11.82,11.76,12.0,11.65,4100007.0,48550034.0,10:55:06
sz300494,盛天网络,8.15,0.08,0.991,8.15,8.16,8.07,8.02,8.2,8.01,2126600.0,17270802.0,10:55:06
sz300496,中科创达,55.75,0.07,0.126,55.74,55.76,55.68,55.03,56.2,55.03,3232628.0,179879013.0,10:55:06
sz300497,富祥股份,16.51,-0.51,-2.996,16.5,16.52,17.02,16.89,16.9,16.5,10041802.0,167210468.0,10:55:06
sz300498,温氏股份,14.0,0.34,2.489,14.0,14.01,13.66,13.62,14.1,13.6,42057980.0,586461223.0,10:55:06
sz300499,高澜股份,29.84,0.89,3.074,29.82,29.84,28.95,28.93,30.55,28.12,27558389.0,819384911.0,10:55:06
sz300500,启迪设计,9.45,0.01,0.106,9.45,9.46,9.44,9.31,9.54,9.28,2717500.0,25600581.0,10:55:00
sz300501,海顺新材,9.8,0.15,1.554,9.79,9.81,9.65,9.62,9.9,9.59,2321346.0,22680704.0,10:55:06
sz300502,新易盛,402.89,-9.11,-2.211,402.59,402.89,412.0,405.0,413.02,395.0,18010628.0,7270402184.0,10:55:06
sz300503,昊志机电,67.23,0.2,0.298,67.23,67.26,67.03,66.35,68.57,65.23,6688300.0,447863657.0,10:55:06
sz300504,天邑股份,14.85,0.15,1.02,14.82,14.85,14.7,14.59,14.9,14.35,2896800.0,42542795.0,10:55:06
sz300505,川金诺,19.08,0.32,1.706,19.07,19.08,18.76,18.59,19.69,18.56,12609551.0,243686184.0,10:55:06
sz300506,名家汇,5.09,-0.09,-1.737,5.09,5.1,5.18,5.1,5.16,5.05,6360070.0,32382136.0,10:55:06
sz300507,苏奥传感,6.39,0.09,1.429,6.39,6.4,6.3,6.25,6.44,6.24,3658264.0,23248432.0,10:54:57
sz300508,维宏股份,41.17,-0.68,-1.625,41.16,41.17,41.85,41.68,41.92,40.27,1352080.0,55458602.0,10:55:06
sz300509,新美星,8.79,0.01,0.114,8.78,8.79,8.78,8.8,8.89,8.5,5915649.0,51408023.0,10:55:06
sz300510,金冠股份,3.46,0.08,2.367,3.45,3.46,3.38,3.36,3.49,3.34,12258149.0,42212861.0,10:55:06
sz300511,雪榕生物,5.24,-0.25,-4.554,5.23,5.24,5.49,5.18,5.42,5.1,33800165.0,178415674.0,10:55:06
sz300512,中亚股份,7.22,0.11,1.547,7.22,7.24,7.11,7.01,7.26,7.01,2399400.0,17232763.0,10:55:06
sz300513,恒实科技,7.35,0.07,0.962,7.35,7.37,7.28,7.24,7.39,7.18,2314900.0,16958878.0,10:55:06
sz300514,友讯达,10.02,0.12,1.212,10.02,10.03,9.9,9.85,10.09,9.84,2338468.0,23375253.0,10:55:06
sz300515,三德科技,15.82,0.1,0.636,15.78,15.82,15.72,15.57,15.96,15.34,2883700.0,45237976.0,10:54:57
sz300516,久之洋,30.31,-0.27,-0.883,30.31,30.32,30.58,30.77,30.77,30.05,1166140.0,35520966.0,10:55:03
sz300517,海波重科,9.99,-0.19,-1.866,9.99,10.0,10.18,10.08,10.15,9.78,3221700.0,32170166.0,10:55:06
sz300518,新迅达,22.89,0.04,0.175,22.89,22.9,22.85,22.49,23.26,22.03,3561100.0,80568864.0,10:55:06
sz300519,新光药业,15.14,1.06,7.528,15.12,15.14,14.08,14.25,15.87,14.15,9112400.0,136980633.0,10:55:06
sz300520,科大国创,22.29,-1.06,-4.54,22.28,22.29,23.35,22.96,22.96,21.9,5840299.0,130236909.0,10:55:06
sz300521,爱司凯,23.0,-0.38,-1.625,22.96,23.0,23.38,23.03,23.4,22.81,961700.0,22232063.0,10:55:06
sz300522,世名科技,13.15,-0.5,-3.663,13.15,13.16,13.65,13.28,13.49,13.01,10478600.0,138356283.0,10:55:06
sz300523,辰安科技,19.8,0.06,0.304,19.79,19.8,19.74,19.76,19.99,19.52,562000.0,11132670.0,10:55:06
sz300525,博思软件,8.12,0.16,2.01,8.12,8.13,7.96,7.96,8.15,7.93,5524500.0,44486501.0,10:55:06
sz300527,ST应急,8.0,0.01,0.125,8.0,8.01,7.99,8.0,8.06,7.98,3077075.0,24679334.0,10:54:48
sz300528,幸福蓝海,12.86,0.24,1.902,12.85,12.86,12.62,12.49,12.94,12.48,4465080.0,57263295.0,10:55:03
sz300529,健帆生物,15.7,0.14,0.9,15.69,15.7,15.56,15.52,15.75,15.51,2605128.0,40787730.0,10:55:06
sz300530,领湃科技,18.7,-1.09,-5.508,18.69,18.7,19.79,19.44,20.09,18.69,6985400.0,133591833.0,10:55:06
sz300531,优博讯,16.54,0.18,1.1,16.54,16.55,16.36,16.2,16.61,16.01,6330900.0,103332946.0,10:55:06
sz300532,今天国际,6.88,0.08,1.176,6.87,6.88,6.8,6.76,6.89,6.74,3209678.0,21945982.0,10:55:00
sz300533,冰川网络,14.19,0.13,0.925,14.18,14.19,14.06,14.0,14.29,13.96,1752400.0,24793030.0,10:54:51
sz300534,陇神戎发,16.84,0.14,0.838,16.82,16.84,16.7,16.72,17.87,15.8,46834900.0,802585618.0,10:55:06
sz300535,达威股份,17.28,0.29,1.707,17.25,17.28,16.99,16.66,17.75,16.5,2445659.0,42337452.0,10:55:06
sz300536,农尚环境,8.91,0.11,1.25,8.9,8.93,8.8,8.8,9.01,8.61,3704000.0,32832612.0,10:55:06
sz300537,广信材料,19.08,-0.4,-2.053,19.04,19.08,19.48,19.12,19.35,18.63,3021500.0,57458268.0,10:55:09
sz300538,同益股份,14.97,-0.1,-0.664,14.97,14.98,15.07,14.92,15.08,14.68,1743500.0,25976493.0,10:55:09
sz300539,横河精密,17.71,-0.09,-0.506,17.71,17.72,17.8,17.64,17.93,17.41,1950720.0,34423885.0,10:55:06
sz300540,蜀道装备,27.5,-0.86,-3.032,27.49,27.5,28.36,28.0,28.0,27.01,6208740.0,170664358.0,10:55:09
sz300541,先进数通,9.98,0.26,2.675,9.97,9.98,9.72,9.63,10.05,9.6,6344940.0,62867013.0,10:55:09
sz300542,新晨科技,14.34,2.39,20.0,14.34,0.0,11.95,11.92,14.34,11.91,36654371.0,504133948.0,10:55:06
sz300543,朗科智能,7.74,0.13,1.708,7.74,7.75,7.61,7.6,7.8,7.54,2033300.0,15633088.0,10:55:06
sz300545,联得装备,32.74,-1.46,-4.269,32.73,32.79,34.2,33.79,33.9,31.38,10118500.0,328990303.0,10:55:09
sz300546,雄帝科技,19.9,0.61,3.162,19.85,19.9,19.29,18.28,20.19,18.0,16314895.0,306517890.0,10:55:09
sz300547,川环科技,25.1,0.06,0.24,25.1,25.15,25.04,24.77,25.55,24.53,2947900.0,74076759.0,10:55:09
sz300548,长芯博创,193.69,-5.25,-2.639,193.69,193.75,198.94,190.31,198.0,185.67,8861164.0,1702139895.0,10:55:09
sz300549,优德精密,14.37,0.17,1.197,14.39,14.4,14.2,14.15,14.49,14.05,581400.0,8321770.0,10:55:03
sz300550,和仁科技,11.48,0.08,0.702,11.48,11.49,11.4,11.45,11.52,11.17,1414600.0,16064992.0,10:55:09
sz300551,古鳌科技,10.01,0.21,2.143,10.01,10.02,9.8,9.94,10.05,9.61,3592300.0,35610890.0,10:55:09
sz300552,万集科技,20.53,0.53,2.65,20.53,20.54,20.0,19.7,21.15,19.47,5733135.0,117544403.0,10:55:06
sz300553,集智股份,40.49,-0.58,-1.412,40.42,40.49,41.07,40.42,41.26,39.04,1808400.0,72645614.0,10:55:06
sz300554,三超新材,20.25,-0.09,-0.442,20.25,20.26,20.34,20.05,20.55,19.71,1770300.0,35689153.0,10:55:09
sz300555,ST路通,12.44,0.24,1.967,12.37,12.46,12.2,12.28,12.44,12.07,451600.0,5557765.0,10:55:09
sz300556,丝路视觉,16.08,0.2,1.259,16.07,16.08,15.88,15.85,16.21,15.7,1737200.0,27761435.0,10:55:06
sz300557,理工光科,25.21,-0.01,-0.04,25.19,25.24,25.22,25.34,25.58,24.71,1278129.0,32180261.0,10:55:09
sz300558,贝达药业,48.03,-0.5,-1.03,48.02,48.03,48.53,47.98,48.99,47.69,7648358.0,370588328.0,10:55:09
sz300559,佳发教育,10.44,0.22,2.153,10.42,10.43,10.22,10.21,10.44,10.16,2020300.0,20891812.0,10:55:09
sz300560,中富通,17.16,-0.49,-2.776,17.15,17.16,17.65,17.63,17.63,17.01,3972400.0,68389376.0,10:55:03
sz300561,汇金科技,15.38,0.43,2.876,15.38,15.39,14.95,14.85,15.75,14.84,10919208.0,168294036.0,10:55:09
sz300562,乐心医疗,15.11,0.17,1.138,15.1,15.11,14.94,15.31,15.77,14.9,10645900.0,163470568.0,10:55:09
sz300563,神宇股份,22.87,0.0,0.0,22.86,22.88,22.87,22.37,23.37,21.5,3372180.0,76560801.0,10:55:09
sz300564,筑博设计,12.44,0.14,1.138,12.43,12.45,12.3,12.3,12.58,12.11,933600.0,11574919.0,10:55:03
sz300565,科信技术,9.75,0.2,2.094,9.74,9.75,9.55,9.59,9.83,9.35,3651650.0,35227595.0,10:55:09
sz300566,激智科技,27.66,-0.83,-2.913,27.66,27.67,28.49,28.0,28.22,27.5,7481100.0,208040271.0,10:55:09
sz300567,精测电子,200.67,-13.03,-6.097,200.67,200.94,213.7,209.41,211.88,197.0,5180849.0,1054905062.0,10:55:09
sz300568,星源材质,14.07,-0.01,-0.071,14.07,14.08,14.08,14.05,14.5,13.77,29344255.0,412972597.0,10:55:09
sz300569,天能重工,4.62,0.06,1.316,4.61,4.62,4.56,4.51,4.64,4.51,5136101.0,23631101.0,10:55:09
sz300570,太辰光,200.37,-2.53,-1.247,200.19,200.37,202.9,199.9,204.9,195.8,9890720.0,1979024637.0,10:55:09
sz300571,平治信息,29.25,-0.33,-1.116,29.25,29.27,29.58,29.01,29.69,28.55,2730150.0,79372058.0,10:55:09
sz300572,安车检测,19.36,0.63,3.364,19.36,19.39,18.73,18.8,19.58,18.29,2768605.0,53085558.0,10:55:09
sz300573,兴齐眼药,39.19,0.67,1.739,39.18,39.2,38.52,38.58,39.68,38.32,3392181.0,132668482.0,10:55:03
sz300575,中旗股份,5.99,0.13,2.218,5.99,6.0,5.86,5.85,6.05,5.81,10782056.0,64531180.0,10:55:09
sz300576,容大感光,29.05,-0.84,-2.81,29.04,29.05,29.89,29.44,29.5,28.41,7118836.0,206147550.0,10:55:06
sz300577,开润股份,17.39,0.07,0.404,17.38,17.4,17.32,17.24,17.51,17.1,619300.0,10720161.0,10:54:57
sz300578,会畅科技,15.27,0.12,0.792,15.26,15.27,15.15,14.92,15.36,14.87,1936900.0,29346780.0,10:55:09
sz300579,数字认证,23.44,1.95,9.074,23.44,23.45,21.49,21.37,24.46,21.27,11953776.0,279944819.0,10:55:09
sz300580,贝斯特,19.82,-0.08,-0.402,19.81,19.82,19.9,19.88,20.1,19.55,2570269.0,50879478.0,10:55:09
sz300581,晨曦航空,9.83,0.03,0.306,9.82,9.83,9.8,9.61,10.01,9.58,4519600.0,44476621.0,10:55:03
sz300582,英飞特,11.06,0.0,0.0,11.05,11.06,11.06,11.02,11.21,10.85,2440700.0,26961488.0,10:55:09
sz300583,赛托生物,12.9,0.18,1.415,12.9,12.92,12.72,12.68,13.03,12.56,1516000.0,19476328.0,10:55:09
sz300584,海辰药业,31.19,-1.6,-4.88,31.19,31.21,32.79,31.98,32.44,31.02,2820800.0,89078178.0,10:55:09
sz300585,奥联电子,15.12,-0.57,-3.633,15.11,15.13,15.69,15.38,15.42,14.79,2992700.0,45250168.0,10:55:09
sz300586,美联新材,8.77,-0.2,-2.23,8.77,8.78,8.97,8.8,8.9,8.65,6744801.0,59260395.0,10:55:09
sz300587,天铁科技,4.96,-0.08,-1.587,4.96,4.97,5.04,5.01,5.05,4.89,14100500.0,70157984.0,10:55:09
sz300588,熙菱信息,20.89,-0.23,-1.089,20.89,20.92,21.12,21.01,21.33,20.63,1258400.0,26287814.0,10:55:09
sz300589,江龙船艇,12.77,0.3,2.406,12.77,12.79,12.47,12.3,12.86,12.3,6322034.0,79779573.0,10:55:09
sz300590,移为通信,10.79,0.07,0.653,10.78,10.79,10.72,10.6,10.84,10.54,4736900.0,50643862.0,10:55:09
sz300591,万里马,6.69,0.19,2.923,6.69,6.7,6.5,6.46,6.75,6.4,9712100.0,64071119.0,10:55:09
sz300592,华凯易佰,14.42,-0.28,-1.905,14.42,14.43,14.7,14.56,14.56,14.21,3692900.0,53106173.0,10:55:09
sz300593,新雷能,29.52,-0.86,-2.831,29.51,29.52,30.38,29.93,30.7,28.63,12173479.0,360026393.0,10:55:09
sz300594,ST朗进,14.39,0.1,0.7,14.35,14.39,14.29,14.29,14.47,14.22,427400.0,6114686.0,10:54:30
sz300595,欧普康视,10.84,0.13,1.214,10.83,10.84,10.71,10.7,10.86,10.68,3924166.0,42334688.0,10:55:09
sz300596,利安隆,42.33,-0.29,-0.68,42.32,42.33,42.62,42.18,43.07,41.68,1375699.0,58546405.0,10:55:06
sz300597,吉大通信,7.8,0.08,1.036,7.8,7.81,7.72,7.72,7.84,7.63,1398100.0,10854132.0,10:55:03
sz300598,诚迈科技,31.96,-0.82,-2.502,31.95,31.96,32.78,32.48,32.77,31.8,5990808.0,192510043.0,10:55:09
sz300599,雄塑科技,11.41,-0.21,-1.807,11.41,11.43,11.62,11.56,11.61,11.34,2237400.0,25681448.0,10:55:09
sz300600,国瑞科技,10.05,0.24,2.446,10.05,10.06,9.81,9.78,10.2,9.72,2168900.0,21743074.0,10:55:09
sz300601,康泰生物,12.67,0.05,0.396,12.66,12.67,12.62,12.56,13.1,12.37,24521974.0,310961404.0,10:55:09
sz300602,飞荣达,42.77,-0.35,-0.812,42.78,42.85,43.12,43.1,44.06,41.65,16307758.0,696963178.0,10:55:09
sz300603,立昂技术,7.56,0.06,0.8,7.55,7.56,7.5,7.4,7.61,7.35,4896000.0,36710021.0,10:55:09
sz300604,长川科技,261.6,-9.5,-3.504,261.6,261.64,271.1,268.18,269.0,253.0,11405923.0,2968017850.0,10:55:09
sz300605,恒锋信息,10.2,0.18,1.796,10.2,10.21,10.02,9.92,10.26,9.87,3282800.0,33212013.0,10:55:06
sz300606,金太阳,34.32,-1.39,-3.892,34.28,34.32,35.71,35.04,35.08,33.19,3169200.0,108066550.0,10:55:03
sz300607,拓斯达,35.73,2.41,7.233,35.74,35.75,33.32,34.56,36.93,33.65,39473263.0,1385461593.0,10:55:09
sz300608,思特奇,9.63,0.0,0.0,9.63,9.64,9.63,9.5,9.7,9.41,3445406.0,33027411.0,10:55:09
sz300609,汇纳科技,25.14,0.16,0.641,25.13,25.14,24.98,24.75,25.4,24.55,1385300.0,34583576.0,10:55:06
sz300610,晨化股份,10.37,0.07,0.68,10.36,10.37,10.3,10.26,10.46,10.2,1729500.0,17917279.0,10:55:06
sz300611,美力科技,23.54,0.63,2.75,23.54,23.55,22.91,22.74,23.87,22.68,1881000.0,44130460.0,10:55:06
sz300612,宣亚国际,11.67,0.11,0.952,11.66,11.67,11.56,11.58,11.77,11.4,2393183.0,27759955.0,10:55:06
sz300613,富瀚微,65.53,-2.87,-4.196,65.56,65.65,68.4,67.3,67.74,64.58,5241185.0,345881041.0,10:55:09
sz300614,百川畅银,10.65,0.07,0.662,10.65,10.66,10.58,10.43,10.79,10.4,1018000.0,10815821.0,10:55:09
sz300615,欣天科技,15.92,-0.88,-5.238,15.92,15.93,16.8,16.79,17.43,15.86,25621745.0,423999402.0,10:55:09
sz300616,尚品宅配,10.65,0.25,2.404,10.64,10.65,10.4,10.3,10.78,10.25,2166800.0,22949881.0,10:55:09
sz300617,安靠智电,38.88,-1.12,-2.8,38.88,38.89,40.0,39.04,39.5,38.4,1919648.0,74848177.0,10:55:09
sz300618,寒锐钴业,34.02,-1.06,-3.022,34.01,34.02,35.08,34.54,34.88,33.95,3870879.0,132886026.0,10:55:09
sz300619,金银河,24.97,-2.45,-8.935,24.96,24.97,27.42,26.6,27.0,24.88,7572736.0,194338806.0,10:55:09
sz300620,光库科技,287.07,-11.91,-3.984,287.07,287.14,298.98,294.42,295.61,283.0,4220215.0,1215705583.0,10:55:09
sz300621,维业股份,7.34,0.14,1.944,7.34,7.35,7.2,7.19,7.39,7.16,1730700.0,12602565.0,10:55:06
sz300622,博士眼镜,14.53,0.18,1.254,14.53,14.54,14.35,14.28,14.67,14.2,2870143.0,41611913.0,10:55:09
sz300623,捷捷微电,29.0,-0.82,-2.75,29.0,29.01,29.82,29.21,29.43,28.52,14761552.0,427428652.0,10:55:09
sz300624,万兴科技,46.45,-0.69,-1.464,46.45,46.46,47.14,47.09,47.13,46.2,2939300.0,137051724.0,10:55:09
sz300625,三雄极光,9.64,0.14,1.474,9.64,9.66,9.5,9.35,9.68,9.33,1288900.0,12322449.0,10:55:09
sz300626,华瑞股份,30.29,-1.32,-4.176,30.27,30.29,31.61,31.34,31.35,29.68,2751199.0,83557392.0,10:55:00
sz300627,华测导航,27.21,0.23,0.852,27.21,27.23,26.98,27.0,27.27,26.91,2448800.0,66383476.0,10:55:09
sz300628,亿联网络,41.86,-0.32,-0.759,41.83,41.87,42.18,42.01,42.73,41.26,5957419.0,249953807.0,10:55:09
sz300629,新劲刚,16.64,0.04,0.241,16.63,16.64,16.6,16.45,16.83,16.38,1744663.0,28980206.0,10:55:03
sz300631,久吾高科,21.43,0.01,0.047,21.43,21.44,21.42,21.85,21.85,21.21,1118600.0,24082954.0,10:55:03
sz300632,光莆股份,17.93,-0.2,-1.103,17.92,17.93,18.13,17.7,18.2,17.48,4418700.0,78712504.0,10:55:09
sz300633,开立医疗,18.95,-0.16,-0.837,18.96,18.97,19.11,19.05,19.31,18.66,3102200.0,58941758.0,10:55:09
sz300634,彩讯股份,19.0,0.07,0.37,18.99,19.0,18.93,18.77,19.12,18.69,3583882.0,67825904.0,10:55:09
sz300635,中达安,12.22,0.0,0.0,12.21,12.23,12.22,12.17,12.33,12.01,1469600.0,17923059.0,10:55:06
sz300636,同和药业,6.89,0.06,0.878,6.87,6.89,6.83,6.83,6.94,6.77,1743813.0,11995167.0,10:54:36
sz300637,扬帆新材,8.88,-0.05,-0.56,8.88,8.89,8.93,8.81,8.97,8.78,1230800.0,10913369.0,10:55:09
sz300638,广和通,18.51,-0.14,-0.751,18.48,18.51,18.65,18.5,18.85,18.24,4053547.0,74735883.0,10:55:09
sz300639,凯普生物,6.02,0.05,0.838,6.01,6.02,5.97,5.93,6.09,5.89,6641300.0,39893061.0,10:55:09
sz300640,德艺文创,6.71,0.01,0.149,6.71,6.72,6.7,6.7,6.79,6.62,3004399.0,20155937.0,10:55:09
sz300641,正丹股份,13.87,0.13,0.946,13.87,13.88,13.74,13.73,14.02,13.7,2812900.0,39072532.0,10:55:09
sz300642,透景生命,16.2,2.7,20.0,16.2,0.0,13.5,14.3,16.2,14.3,10708664.0,169659101.0,10:55:09
sz300643,万通智控,17.57,-0.36,-2.008,17.56,17.58,17.93,17.87,17.92,17.35,1509400.0,26593024.0,10:55:09
sz300644,南京聚隆,20.0,-1.0,-4.762,20.0,20.01,21.0,19.37,20.27,18.98,2871700.0,56559143.0,10:55:03
sz300645,正元智慧,13.17,0.34,2.65,13.17,13.18,12.83,12.78,13.21,12.7,1643100.0,21373979.0,10:55:09
sz300647,超频三,5.67,0.02,0.354,5.67,5.69,5.65,5.59,5.73,5.51,6046900.0,34088058.0,10:55:09
sz300648,星云股份,39.76,-0.54,-1.34,39.73,39.77,40.3,40.76,40.76,39.2,807295.0,32234384.0,10:55:06
sz300649,杭州园林,25.01,0.4,1.625,24.97,25.08,24.61,24.44,25.23,23.7,2427100.0,59388034.0,10:55:09
sz300650,太龙股份,11.33,-0.3,-2.58,11.32,11.33,11.63,11.11,11.42,10.95,4827000.0,53807205.0,10:55:09
sz300651,金陵体育,16.78,-0.08,-0.474,16.78,16.79,16.86,16.16,17.03,15.98,3442101.0,56724999.0,10:55:09
sz300652,雷迪克,28.15,-0.15,-0.53,28.15,28.17,28.3,28.41,28.56,27.82,652220.0,18390990.0,10:55:09
sz300653,正海生物,14.95,0.17,1.15,14.95,14.96,14.78,14.98,15.09,14.71,955600.0,14239535.0,10:55:06
sz300654,世纪天鸿,9.78,0.01,0.102,9.77,9.78,9.77,9.63,9.85,9.63,2329200.0,22735450.0,10:55:06
sz300655,晶瑞电材,12.29,-0.37,-2.923,12.28,12.3,12.66,12.64,12.64,12.13,15220126.0,187691385.0,10:55:09
sz300656,民德电子,25.24,-0.33,-1.291,25.23,25.24,25.57,25.28,25.78,24.41,2794400.0,70200019.0,10:55:06
sz300657,弘信电子,33.71,0.29,0.868,33.71,33.72,33.42,33.72,35.03,33.63,15393235.0,527073268.0,10:55:09
sz300658,延江股份,10.5,0.12,1.156,10.49,10.51,10.38,10.39,10.61,10.21,3751000.0,39181250.0,10:55:09
sz300659,中孚信息,10.19,0.11,1.091,10.2,10.21,10.08,9.95,10.24,9.95,1639299.0,16641885.0,10:55:09
sz300660,江苏雷利,23.71,0.21,0.894,23.68,23.71,23.5,23.43,24.0,23.29,2447145.0,58004406.0,10:55:09
sz300661,圣邦股份,111.08,-0.05,-0.045,111.08,111.19,111.13,110.02,113.18,108.36,4198680.0,464436569.0,10:55:09
sz300662,科锐国际,19.53,0.08,0.411,19.53,19.56,19.45,19.39,19.65,19.31,908499.0,17717431.0,10:54:57
sz300663,科蓝软件,8.79,0.78,9.738,8.79,8.8,8.01,7.98,8.99,7.9,36028732.0,307334087.0,10:55:09
sz300664,鹏鹞环保,4.56,0.06,1.333,4.56,4.57,4.5,4.49,4.59,4.48,3448400.0,15675115.0,10:54:12
sz300665,飞鹿股份,9.19,0.16,1.772,9.19,9.2,9.03,8.96,9.28,8.92,4650800.0,42463845.0,10:55:09
sz300666,江丰电子,229.8,-20.6,-8.227,229.76,229.8,250.4,233.01,238.1,224.0,12380104.0,2853162472.0,10:55:09
sz300667,必创科技,14.17,-0.11,-0.77,14.17,14.18,14.28,14.02,14.36,13.96,2194100.0,31049198.0,10:54:57
sz300668,杰恩股份,31.86,-0.66,-2.03,31.84,31.89,32.52,32.81,32.81,31.42,2176199.0,69597640.0,10:55:09
sz300669,沪宁股份,23.24,-0.1,-0.428,23.22,23.25,23.34,23.43,23.63,23.1,393700.0,9188385.0,10:53:36
sz300670,大烨智能,6.55,0.08,1.236,6.54,6.55,6.47,6.36,6.62,6.36,4267300.0,27680328.0,10:55:09
sz300671,富满微,54.2,-1.91,-3.404,54.2,54.21,56.11,55.46,55.79,53.08,5275238.0,286761618.0,10:55:09
sz300672,国科微,153.39,-5.16,-3.254,153.38,153.46,158.55,155.34,156.64,149.75,4340235.0,663371598.0,10:55:09
sz300673,佩蒂股份,12.52,-0.16,-1.262,12.51,12.52,12.68,12.53,12.69,12.34,1347200.0,16845032.0,10:55:06
sz300674,宇信科技,15.63,0.47,3.1,15.63,15.64,15.16,15.01,15.7,15.0,9526639.0,147416116.0,10:55:09
sz300675,建科院,12.8,0.1,0.787,12.79,12.81,12.7,12.67,12.91,12.53,1013900.0,12954755.0,10:55:09
sz300676,华大基因,40.55,-1.35,-3.222,40.55,40.56,41.9,41.51,42.2,40.39,7931728.0,324156828.0,10:55:09
sz300677,英科医疗,49.45,1.35,2.807,49.43,49.45,48.1,50.2,51.58,49.12,13531339.0,681417952.0,10:55:09
sz300678,中科信息,21.6,0.23,1.076,21.6,21.61,21.37,21.42,21.76,21.24,1629099.0,35106416.0,10:55:09
sz300679,电连技术,50.99,0.79,1.574,50.97,50.99,50.2,48.78,51.48,48.78,14159680.0,714823828.0,10:55:09
sz300680,隆盛科技,19.97,0.13,0.655,19.97,20.0,19.84,19.68,20.22,19.64,2530340.0,50476717.0,10:55:09
sz300681,英搏尔,21.07,-0.19,-0.894,21.07,21.1,21.26,21.08,21.37,20.7,2737500.0,57605435.0,10:55:09
sz300682,朗新科技,9.29,0.1,1.088,9.29,9.3,9.19,9.18,9.35,9.11,8359900.0,77251793.0,10:55:09
sz300683,海特生物,25.44,-0.34,-1.319,25.43,25.45,25.78,25.51,26.16,25.01,4019000.0,102508535.0,10:55:06
sz300684,中石科技,85.41,1.21,1.437,85.4,85.41,84.2,82.02,88.47,81.12,15792428.0,1351225599.0,10:55:09
sz300685,艾德生物,17.75,-0.66,-3.585,17.75,17.8,18.41,18.26,18.28,17.62,9115167.0,163450874.0,10:55:09
sz300686,智动力,14.08,-0.15,-1.054,14.08,14.09,14.23,13.93,14.3,13.73,4132400.0,58051938.0,10:55:09
sz300687,赛意信息,25.15,-0.95,-3.64,25.15,25.16,26.1,25.79,25.79,25.1,7862303.0,199698572.0,10:55:09
sz300688,创业黑马,28.22,-0.24,-0.843,28.22,28.24,28.46,27.89,29.35,24.71,13383050.0,363639393.0,10:55:09
sz300689,澄天伟业,51.72,-1.28,-2.415,51.7,51.76,53.0,52.58,52.86,50.63,1103500.0,56964381.0,10:55:06
sz300690,双一科技,23.26,2.87,14.076,23.26,23.27,20.39,22.56,23.97,22.29,13438855.0,313163083.0,10:55:09
sz300691,联合光电,14.35,0.16,1.128,14.34,14.35,14.19,14.26,14.47,14.03,1521220.0,21717373.0,10:54:54
sz300692,中赋科技,9.05,0.06,0.667,9.05,9.06,8.99,9.05,9.16,8.81,10526150.0,94543408.0,10:55:09
sz300693,盛弘股份,41.82,-0.48,-1.135,41.82,41.83,42.3,42.0,42.75,41.0,5089296.0,213074728.0,10:55:09
sz300694,蠡湖股份,10.53,0.12,1.153,10.53,10.54,10.41,10.33,10.63,10.3,1809300.0,18970193.0,10:55:06
sz300695,兆丰股份,48.16,-0.4,-0.824,48.14,48.16,48.56,48.98,48.98,47.28,252600.0,12113157.0,10:54:51
sz300696,爱乐达,19.39,-0.71,-3.532,19.36,19.39,20.1,19.5,19.96,18.97,4513200.0,87515772.0,10:55:09
sz300697,电工合金,14.74,-0.96,-6.115,14.73,14.74,15.7,15.53,15.67,14.66,10720750.0,162097345.0,10:55:09
sz300698,万马科技,25.95,0.98,3.925,25.94,25.95,24.97,24.0,26.08,24.0,3668900.0,93071081.0,10:55:09
sz300699,光威复材,22.99,-1.0,-4.168,22.99,23.0,23.99,23.57,23.62,22.51,11352837.0,259532495.0,10:55:09
sz300700,岱勒新材,18.21,-0.37,-1.991,18.21,18.23,18.58,18.5,18.65,17.85,4675756.0,85427967.0,10:55:09
sz300701,森霸传感,9.69,0.13,1.36,9.69,9.7,9.56,9.55,9.79,9.48,1414300.0,13604397.0,10:55:09
sz300702,天宇股份,21.3,-0.18,-0.838,21.31,21.33,21.48,21.45,21.57,21.21,1033700.0,22063642.0,10:55:09
sz300703,创源股份,13.5,0.3,2.273,13.5,13.51,13.2,13.05,13.6,13.05,1797800.0,24093080.0,10:55:09
sz300705,九典制药,11.17,0.25,2.289,11.17,11.18,10.92,10.9,11.35,10.82,7410840.0,82534130.0,10:55:09
sz300706,阿石创,50.97,-2.32,-4.354,50.96,50.97,53.29,51.3,52.08,49.36,6551627.0,331937119.0,10:55:09
sz300707,威唐工业,12.18,0.18,1.5,12.17,12.18,12.0,11.91,12.23,11.89,1250700.0,15158813.0,10:55:09
sz300708,聚灿光电,7.64,0.0,0.0,7.64,7.65,7.64,7.6,7.7,7.5,3641080.0,27681885.0,10:55:03
sz300709,精研科技,39.03,-1.13,-2.814,39.03,39.04,40.16,38.84,39.92,38.2,5957185.0,233142897.0,10:55:09
sz300710,万隆光电,30.2,-0.46,-1.5,30.2,30.24,30.66,30.33,30.55,29.61,2076800.0,62597153.0,10:55:09
sz300711,广哈通信,18.51,-0.67,-3.493,18.51,18.52,19.18,18.25,18.58,17.93,6832111.0,125083387.0,10:55:06
sz300712,永福股份,19.09,0.06,0.315,19.09,19.13,19.03,19.03,19.45,18.86,791800.0,15122227.0,10:55:06
sz300713,英可瑞,13.24,0.23,1.768,13.24,13.25,13.01,13.02,13.36,12.86,1073200.0,14158079.0,10:55:06
sz300715,凯伦股份,14.07,0.01,0.071,14.07,14.08,14.06,13.9,14.23,13.73,3529000.0,49213959.0,10:55:06
sz300716,*ST泉为,20.15,0.25,1.256,20.15,20.22,19.9,19.9,20.83,19.54,2238700.0,45552679.0,10:55:09
sz300717,华信新材,18.04,0.09,0.501,18.03,18.04,17.95,17.8,18.16,17.69,983100.0,17622288.0,10:55:09
sz300718,长盛轴承,55.19,-0.13,-0.235,55.18,55.2,55.32,55.07,56.1,55.06,2839000.0,157993804.0,10:55:09
sz300719,安达维尔,11.85,0.4,3.493,11.84,11.85,11.45,11.59,11.96,11.38,3270700.0,38465395.0,10:55:09
sz300720,海川智能,70.29,-3.23,-4.393,70.27,70.29,73.52,71.34,71.99,68.0,7003795.0,490687517.0,10:55:09
sz300721,怡达股份,21.8,-0.94,-4.134,21.8,21.81,22.74,22.13,22.25,21.6,5025400.0,110162461.0,10:55:09
sz300722,新余国科,21.08,0.32,1.541,21.07,21.08,20.76,20.76,21.26,20.64,1047356.0,21970208.0,10:55:03
sz300723,一品红,34.71,0.1,0.289,34.7,34.71,34.61,34.27,35.16,34.13,3295849.0,114783355.0,10:55:00
sz300724,捷佳伟创,55.44,-0.85,-1.51,55.42,55.45,56.29,55.84,56.22,54.55,3907700.0,216482822.0,10:55:09
sz300725,药石科技,47.46,-0.75,-1.556,47.46,47.47,48.21,48.25,49.14,46.88,14238679.0,682904701.0,10:55:09
sz300726,宏达电子,50.68,-1.62,-3.098,50.64,50.69,52.3,51.26,51.8,49.05,5597133.0,280740974.0,10:55:09
sz300727,润禾材料,26.87,0.08,0.299,26.87,26.88,26.79,26.6,27.47,26.25,1803630.0,48612836.0,10:55:09
sz300729,乐歌股份,10.25,0.1,0.985,10.25,10.26,10.15,10.15,10.27,9.99,1189528.0,12114179.0,10:55:09
sz300730,科创信息,11.27,0.11,0.986,11.27,11.28,11.16,11.16,11.35,11.05,1370000.0,15356031.0,10:55:06
sz300731,科创新源,40.86,-1.0,-2.389,40.85,40.87,41.86,41.85,42.13,39.53,5902260.0,241673189.0,10:55:09
sz300732,设研院,6.03,0.09,1.515,6.03,6.04,5.94,5.93,6.08,5.9,3626369.0,21769640.0,10:55:09
sz300733,西菱动力,13.46,-0.01,-0.074,13.45,13.46,13.47,13.34,13.55,13.18,1750320.0,23373736.0,10:55:09
sz300735,光弘科技,19.11,-0.47,-2.4,19.11,19.12,19.58,19.2,19.74,18.9,6862300.0,132347723.0,10:55:09
sz300736,百邦科技,29.24,-0.51,-1.714,29.23,29.27,29.75,29.46,29.83,28.75,2435000.0,71154674.0,10:55:09
sz300737,科顺股份,4.78,0.03,0.632,4.77,4.78,4.75,4.68,4.85,4.65,9023800.0,42957379.0,10:55:09
sz300738,奥飞数据,20.71,-0.52,-2.449,20.71,20.72,21.23,20.9,21.02,20.59,15278785.0,317584585.0,10:55:09
sz300739,明阳电路,21.73,-0.36,-1.63,21.72,21.74,22.09,21.81,22.09,21.29,3127926.0,67919571.0,10:55:06
sz300740,水羊股份,21.48,1.42,7.079,21.48,21.49,20.06,19.94,21.73,19.85,21182869.0,443544601.0,10:55:09
sz300741,华宝股份,13.44,0.09,0.674,13.43,13.44,13.35,13.28,13.5,13.28,696740.0,9356049.0,10:55:06
sz300743,天地数码,14.48,-0.13,-0.89,14.45,14.48,14.61,14.18,14.53,13.7,4286752.0,60024216.0,10:55:09
sz300745,欣锐科技,27.73,-1.0,-3.481,27.73,27.76,28.73,28.28,28.67,27.08,3192347.0,88867974.0,10:55:06
sz300746,汉嘉数智,12.96,0.08,0.621,12.94,12.96,12.88,12.7,13.13,12.61,1561600.0,20089075.0,10:55:06
sz300747,锐科激光,35.01,-0.41,-1.158,34.97,35.02,35.42,34.77,35.48,34.03,6770131.0,235077031.0,10:55:09
sz300748,金力永磁,26.78,-0.93,-3.356,26.78,26.79,27.71,27.54,28.0,26.78,13060185.0,357412975.0,10:55:09
sz300749,顶固集创,24.41,0.11,0.453,24.39,24.42,24.3,24.29,24.95,23.77,3298900.0,80497450.0,10:55:09
sz300750,宁德时代,380.56,-7.33,-1.89,380.58,380.59,387.89,391.0,391.15,380.5,9000532.0,3466152687.0,10:55:09
sz300751,迈为股份,203.0,1.28,0.635,202.98,203.02,201.72,193.51,203.55,193.51,6047554.0,1205821868.0,10:55:09
sz300752,隆利科技,10.73,-0.01,-0.093,10.72,10.73,10.74,10.7,10.84,10.45,3246140.0,34546690.0,10:55:06
sz300753,爱朋医疗,21.7,0.55,2.6,21.69,21.7,21.15,21.66,22.15,21.2,5006600.0,108824315.0,10:55:09
sz300755,华致酒行,11.22,0.12,1.081,11.21,11.22,11.1,10.95,11.35,10.9,1494982.0,16767816.0,10:55:09
sz300756,金马游乐,28.58,-0.57,-1.955,28.56,28.58,29.15,29.01,29.12,28.31,1267060.0,36459944.0,10:55:06
sz300757,罗博特科,484.3,-12.1,-2.438,484.3,484.59,496.4,489.0,497.08,478.4,2684727.0,1305384349.0,10:55:09
sz300758,七彩化学,11.12,-0.21,-1.853,11.12,11.13,11.33,11.1,11.37,11.0,7929912.0,88375561.0,10:55:09
sz300759,康龙化成,44.61,-0.25,-0.557,44.6,44.61,44.86,44.33,45.22,43.75,38341655.0,1707385611.0,10:55:09
sz300760,迈瑞医疗,160.63,1.95,1.229,160.61,160.62,158.68,158.47,161.99,158.03,6597503.0,1058232340.0,10:55:09
sz300761,立华股份,18.47,0.06,0.326,18.47,18.49,18.41,18.31,18.65,18.18,3358450.0,62071916.0,10:55:09
sz300762,上海瀚讯,27.07,0.03,0.111,27.06,27.08,27.04,26.78,27.4,26.47,7931474.0,213579299.0,10:55:09
sz300763,锦浪科技,60.94,-1.71,-2.729,60.94,60.95,62.65,62.15,62.15,60.01,4695922.0,286559481.0,10:55:09
sz300765,石药创新,43.17,-2.07,-4.576,43.17,43.18,45.24,44.0,44.65,42.64,19459537.0,848701860.0,10:55:09
sz300766,每日互动,20.75,-0.15,-0.718,20.74,20.75,20.9,20.77,20.98,20.55,5848538.0,121431647.0,10:55:09
sz300767,震安科技,17.58,-0.71,-3.882,17.57,17.58,18.29,18.3,18.37,17.2,4210000.0,74221372.0,10:55:09
sz300768,迪普科技,14.34,0.08,0.561,14.34,14.35,14.26,14.24,14.42,14.16,1949450.0,27872583.0,10:55:06
sz300769,德方纳米,44.95,-1.94,-4.137,44.95,44.98,46.89,46.27,46.45,44.88,7261472.0,330168547.0,10:55:09
sz300770,新媒股份,33.63,0.34,1.021,33.63,33.66,33.29,33.45,33.74,33.3,507896.0,17048815.0,10:55:03
sz300771,智莱科技,11.35,0.14,1.249,11.35,11.36,11.21,11.1,11.43,11.1,1820300.0,20581902.0,10:55:03
sz300772,运达股份,10.86,-0.08,-0.731,10.86,10.87,10.94,10.95,11.04,10.76,5615720.0,61101648.0,10:55:09
sz300773,拉卡拉,16.12,0.97,6.403,16.12,16.13,15.15,15.02,16.28,14.95,71593554.0,1131689817.0,10:55:09
sz300774,倍杰特,10.88,-0.25,-2.246,10.87,10.88,11.13,10.97,11.13,10.8,7578300.0,82945018.0,10:55:09
sz300775,三角防务,20.51,0.06,0.293,20.49,20.51,20.45,20.41,20.8,20.16,3503000.0,71557467.0,10:55:09
sz300776,帝尔激光,110.47,-7.44,-6.31,110.46,110.6,117.91,114.91,116.91,108.2,4071566.0,454666001.0,10:55:09
sz300777,中简科技,22.16,-0.24,-1.071,22.16,22.18,22.4,22.3,22.55,21.98,2455800.0,54496224.0,10:55:09
sz300778,新城市,10.3,0.08,0.783,10.29,10.31,10.22,10.17,10.45,10.07,982900.0,10122275.0,10:55:09
sz300779,惠城环保,65.72,-0.78,-1.173,65.7,65.72,66.5,66.34,66.34,65.25,2139874.0,140744294.0,10:55:09
sz300780,德恩精工,19.29,-0.14,-0.721,19.29,19.3,19.43,19.45,19.6,18.76,2028900.0,38844909.0,10:55:09
sz300781,因赛集团,26.06,0.03,0.115,26.05,26.06,26.03,25.78,26.29,25.7,1250949.0,32498457.0,10:55:06
sz300782,卓胜微,73.86,-0.69,-0.926,73.85,73.87,74.55,73.63,74.82,72.27,4335524.0,319005585.0,10:55:09
sz300783,三只松鼠,17.11,0.33,1.967,17.1,17.11,16.78,16.79,17.18,16.78,3191930.0,54157309.0,10:55:09
sz300784,利安科技,41.12,0.57,1.406,41.11,41.15,40.55,40.35,41.25,40.0,208400.0,8503561.0,10:54:45
sz300785,值得买,33.34,-1.13,-3.278,33.33,33.35,34.47,33.88,34.1,32.57,3879800.0,128765791.0,10:55:09
sz300786,国林科技,15.26,-0.37,-2.367,15.25,15.26,15.63,15.78,15.78,14.85,4051800.0,61517701.0,10:55:03
sz300787,海能实业,10.17,0.26,2.624,10.16,10.17,9.91,9.91,10.27,9.85,3219737.0,32597230.0,10:55:06
sz300788,中信出版,23.4,0.11,0.472,23.4,23.41,23.29,23.11,23.45,22.98,1489200.0,34580325.0,10:55:09
sz300789,唐源电气,17.4,0.36,2.113,17.4,17.41,17.04,17.06,17.62,16.81,1708100.0,29492905.0,10:54:54
sz300790,宇瞳光学,18.76,-0.44,-2.292,18.76,18.77,19.2,18.89,19.05,18.5,8438220.0,158595106.0,10:55:09
sz300791,仙乐健康,17.47,0.49,2.886,17.46,17.47,16.98,16.96,17.8,16.75,2769000.0,47826110.0,10:55:12
sz300792,壹网壹创,22.82,0.13,0.573,22.81,22.83,22.69,22.5,23.0,22.43,1733240.0,39397199.0,10:55:12
sz300793,佳禾智能,10.96,0.15,1.388,10.96,10.97,10.81,10.65,11.02,10.65,1844100.0,20111151.0,10:55:09
sz300795,米奥会展,12.25,-0.4,-3.162,12.23,12.25,12.65,12.6,12.67,12.21,9432165.0,116686617.0,10:55:12
sz300796,贝斯美,6.73,0.07,1.051,6.73,6.74,6.66,6.69,6.81,6.64,2154900.0,14530781.0,10:54:48
sz300797,钢研纳克,13.67,-0.27,-1.937,13.67,13.68,13.94,13.8,13.87,13.58,2976538.0,40826102.0,10:55:09
sz300798,锦鸡股份,7.25,0.1,1.399,7.25,7.26,7.15,7.08,7.34,7.0,13646216.0,98323470.0,10:55:06
sz300800,力合科技,10.04,0.16,1.619,10.04,10.05,9.88,9.75,10.15,9.75,1622300.0,16179733.0,10:55:09
sz300801,泰和科技,21.92,-0.54,-2.404,21.92,21.93,22.46,22.35,22.35,21.81,2227183.0,49068911.0,10:55:12
sz300802,矩子科技,23.33,-0.21,-0.892,23.33,23.35,23.54,23.35,23.94,22.5,4497220.0,105065675.0,10:55:12
sz300803,指南针,79.45,-0.81,-1.009,79.43,79.45,80.26,80.0,80.63,79.28,4366698.0,349086757.0,10:55:12
sz300804,广康生化,43.06,0.49,1.151,43.01,43.12,42.57,42.57,43.48,42.0,321100.0,13754609.0,10:54:54
sz300805,电声股份,7.87,0.17,2.208,7.86,7.87,7.7,7.75,7.96,7.64,3513700.0,27432620.0,10:55:12
sz300806,斯迪克,49.91,-0.29,-0.578,49.91,49.92,50.2,49.01,50.49,46.6,19077260.0,926764068.0,10:55:12
sz300807,天迈科技,37.05,1.11,3.088,37.05,37.08,35.94,35.33,37.15,34.7,803600.0,29336269.0,10:54:48
sz300808,久量股份,19.64,-0.08,-0.406,19.62,19.65,19.72,19.38,19.98,19.07,1549100.0,30468259.0,10:55:09
sz300809,华辰装备,23.16,-0.06,-0.258,23.15,23.17,23.22,23.03,23.45,22.88,1185000.0,27389453.0,10:55:06
sz300810,中科海讯,23.81,0.16,0.677,23.79,23.83,23.65,23.5,24.01,23.23,607700.0,14370082.0,10:55:06
sz300811,铂科新材,72.89,-1.39,-1.871,72.86,72.92,74.28,73.73,74.34,71.27,4691116.0,341501906.0,10:55:12
sz300812,易天股份,18.72,-0.18,-0.952,18.71,18.72,18.9,18.71,18.97,18.19,2177121.0,40596510.0,10:55:00
sz300813,泰林生物,20.21,-0.16,-0.785,20.2,20.21,20.37,20.2,20.73,19.92,1893800.0,38464402.0,10:55:12
sz300814,中富电路,132.18,-0.82,-0.617,132.06,132.18,133.0,131.86,134.85,125.94,3344565.0,435671763.0,10:55:12
sz300815,玉禾田,15.85,-0.11,-0.689,15.85,15.86,15.96,15.78,15.98,15.7,1655100.0,26240456.0,10:55:06
sz300816,艾可蓝,50.59,-0.96,-1.862,50.59,50.71,51.55,51.28,52.44,49.55,1439000.0,73372098.0,10:55:12
sz300817,双飞集团,15.03,0.08,0.535,15.02,15.04,14.95,14.95,15.23,14.84,784900.0,11805122.0,10:55:06
sz300818,耐普矿机,18.17,-0.4,-2.154,18.17,18.18,18.57,18.33,18.61,18.16,914860.0,16806589.0,10:55:12
sz300819,聚杰微纤,44.71,-0.86,-1.887,44.72,44.81,45.57,45.06,45.4,43.58,1247750.0,55518780.0,10:55:12
sz300820,英杰电气,51.36,-1.29,-2.45,51.35,51.38,52.65,52.1,52.42,50.21,1691900.0,86652269.0,10:55:12
sz300821,东岳硅材,15.43,-0.86,-5.279,15.43,15.44,16.29,16.08,16.08,15.37,34927535.0,546138185.0,10:55:12
sz300822,贝仕达克,10.73,0.05,0.468,10.72,10.73,10.68,10.56,10.8,10.45,2764700.0,29408452.0,10:55:12
sz300823,建科智能,15.17,0.21,1.404,15.16,15.18,14.96,14.88,15.4,14.77,1218100.0,18412798.0,10:55:09
sz300824,北鼎股份,7.69,0.17,2.261,7.69,7.71,7.52,7.43,7.73,7.43,2404700.0,18342928.0,10:55:12
sz300825,阿尔特,10.09,-0.11,-1.078,10.09,10.1,10.2,10.1,10.24,9.9,5857500.0,58988066.0,10:55:12
sz300826,测绘股份,14.65,-0.23,-1.546,14.65,14.67,14.88,14.8,14.88,14.6,2710210.0,39908654.0,10:55:06
sz300827,上能电气,25.33,-0.71,-2.727,25.33,25.34,26.04,25.92,26.09,25.3,4407200.0,112398189.0,10:55:12
sz300828,锐新科技,17.02,0.53,3.214,17.01,17.02,16.49,16.36,17.53,16.24,5001600.0,84785930.0,10:55:12
sz300829,金丹科技,14.7,0.07,0.478,14.7,14.71,14.63,14.48,14.89,14.4,1779200.0,26208830.0,10:54:54
sz300830,金现代,8.05,0.09,1.131,8.05,8.07,7.96,7.89,8.08,7.86,3322100.0,26520679.0,10:55:12
sz300831,ST派瑞,14.63,0.56,3.98,14.62,14.63,14.07,13.96,14.7,13.91,3177600.0,45568528.0,10:55:12
sz300832,新产业,51.38,-0.09,-0.175,51.38,51.42,51.47,51.3,52.22,50.81,2360800.0,121515152.0,10:55:12
sz300833,浩洋股份,36.74,0.3,0.823,36.72,36.74,36.44,36.02,37.1,36.02,274700.0,10112319.0,10:55:12
sz300834,星辉环材,37.66,-0.22,-0.581,37.57,37.64,37.88,37.75,38.1,37.06,400800.0,15038330.0,10:55:09
sz300835,龙磁科技,149.93,-6.59,-4.21,149.86,149.95,156.52,153.91,155.23,147.87,1872547.0,282229016.0,10:55:12
sz300836,佰奥智能,48.55,-0.62,-1.261,48.52,48.65,49.17,48.74,49.27,47.51,654200.0,31703612.0,10:55:00
sz300837,浙矿股份,22.94,0.18,0.791,22.92,22.95,22.76,22.65,23.44,22.55,762646.0,17480548.0,10:55:00
sz300838,浙江力诺,13.89,0.14,1.018,13.88,13.89,13.75,13.6,14.01,13.57,792400.0,10963581.0,10:55:12
sz300839,博汇股份,12.8,-1.32,-9.348,12.8,12.81,14.12,13.96,14.08,12.58,20015403.0,259599235.0,10:55:12
sz300840,酷特智能,17.97,-0.16,-0.883,17.97,17.98,18.13,17.98,18.15,17.66,2284400.0,40934112.0,10:55:12
sz300841,康华生物,52.3,-0.97,-1.821,52.28,52.35,53.27,52.9,53.81,51.66,2906704.0,153259577.0,10:55:12
sz300842,帝科股份,61.36,-0.95,-1.525,61.32,61.4,62.31,61.69,62.58,59.6,1981500.0,120831832.0,10:55:12
sz300843,胜蓝股份,133.66,1.35,1.02,133.61,133.66,132.31,127.21,137.85,127.21,5318692.0,710516352.0,10:55:12
sz300844,山水比德,23.31,-0.06,-0.257,23.29,23.31,23.37,23.45,23.58,22.91,667900.0,15524174.0,10:55:09
sz300845,捷安高科,12.45,0.22,1.799,12.45,12.46,12.23,12.08,12.57,12.07,3855820.0,47772580.0,10:55:12
sz300846,首都在线,18.24,-0.09,-0.491,18.24,18.25,18.33,18.11,18.58,17.87,9190440.0,167383664.0,10:55:12
sz300847,中船汉光,13.83,0.07,0.509,13.83,13.84,13.76,13.65,13.9,13.61,1067800.0,14722828.0,10:55:06
sz300848,美瑞新材,12.6,0.23,1.859,12.59,12.62,12.37,12.38,12.82,12.2,1710700.0,21509450.0,10:55:00
sz300849,锦盛新材,20.39,0.34,1.696,20.38,20.42,20.05,19.85,20.5,19.63,1255250.0,25242544.0,10:54:57
sz300850,新强联,24.63,-0.43,-1.716,24.62,24.63,25.06,25.04,25.06,24.6,3304400.0,81771229.0,10:55:12
sz300851,交大思诺,24.22,0.37,1.551,24.19,24.22,23.85,23.85,24.42,23.68,407700.0,9833201.0,10:54:57
sz300852,四会富仕,43.86,-0.96,-2.142,43.85,43.87,44.82,44.25,44.66,43.41,2182600.0,96047061.0,10:55:09
sz300853,申昊科技,26.06,-0.64,-2.397,26.03,26.07,26.7,26.84,26.84,25.71,1772900.0,46186899.0,10:55:12
sz300854,中兰环保,17.44,-0.18,-1.022,17.44,17.45,17.62,17.36,17.83,17.12,1855180.0,32505689.0,10:55:12
sz300855,图南股份,33.52,-0.48,-1.412,33.51,33.53,34.0,33.83,34.28,33.37,3223858.0,108496707.0,10:55:12
sz300856,科思股份,11.15,0.37,3.432,11.15,11.16,10.78,10.8,11.22,10.75,3980220.0,43897599.0,10:55:12
sz300857,协创数据,235.98,-4.82,-2.002,235.99,236.02,240.8,236.69,239.88,231.99,5845092.0,1377548511.0,10:55:09
sz300858,科拓生物,14.72,0.17,1.168,14.71,14.72,14.55,14.52,14.89,14.51,2179450.0,32028214.0,10:55:12
sz300859,西域旅游,26.56,0.36,1.374,26.56,26.57,26.2,26.16,26.98,26.16,2716800.0,72593449.0,10:54:54
sz300860,锋尚文化,27.38,0.13,0.477,27.36,27.38,27.25,27.25,27.48,26.88,546220.0,14854360.0,10:55:12
sz300861,美畅股份,16.15,-0.48,-2.886,16.14,16.15,16.63,16.4,16.5,15.82,7716096.0,124453103.0,10:55:12
sz300862,蓝盾光电,53.25,-1.85,-3.358,53.26,53.27,55.1,54.3,55.66,52.94,14619193.0,795483609.0,10:55:12
sz300863,卡倍亿,41.14,-0.56,-1.343,41.14,41.16,41.7,41.29,41.49,39.99,2259117.0,92229948.0,10:55:09
sz300864,南大环境,25.07,-0.62,-2.413,25.07,25.09,25.69,25.7,26.0,24.43,4480135.0,112664540.0,10:55:12
sz300865,大宏立,29.71,0.25,0.849,29.71,29.77,29.46,29.47,29.99,29.11,2802849.0,83124385.0,10:55:09
sz300866,安克创新,121.95,6.52,5.648,121.95,121.99,115.43,115.47,122.59,115.44,2705620.0,325822325.0,10:55:12
sz300867,圣元环保,17.63,-0.05,-0.283,17.63,17.64,17.68,17.6,18.19,17.57,5010588.0,89336247.0,10:55:09
sz300868,杰美特,90.52,-0.59,-0.648,90.51,90.6,91.11,91.11,94.2,87.0,2135700.0,192489666.0,10:55:12
sz300869,康泰医学,11.34,0.11,0.98,11.34,11.35,11.23,11.2,11.44,11.15,1102709.0,12493330.0,10:55:12
sz300870,欧陆通,205.1,2.1,1.034,205.1,205.21,203.0,201.05,207.89,193.19,3485884.0,699211826.0,10:55:12
sz300871,回盛生物,22.62,-0.05,-0.221,22.62,22.63,22.67,22.46,22.75,22.28,1938614.0,43673125.0,10:55:00
sz300872,天阳科技,15.33,0.33,2.2,15.32,15.33,15.0,14.88,15.49,14.77,8391214.0,127277462.0,10:55:09
sz300873,海晨股份,14.51,-0.42,-2.813,14.5,14.52,14.93,14.73,14.77,14.3,5054445.0,73417713.0,10:55:09
sz300875,捷强装备,31.9,0.67,2.145,31.87,31.9,31.23,30.98,32.36,30.81,1686500.0,53585715.0,10:55:09
sz300876,蒙泰高新,15.34,-0.16,-1.032,15.34,15.35,15.5,15.02,15.78,15.02,880380.0,13630894.0,10:54:45
sz300877,金春股份,28.6,1.14,4.151,28.55,28.59,27.46,27.39,28.98,26.88,1987789.0,56282870.0,10:55:03
sz300878,维康药业,32.62,0.99,3.13,32.58,32.62,31.63,31.48,33.33,31.06,1753200.0,56867778.0,10:55:09
sz300879,大叶股份,16.34,0.21,1.302,16.33,16.35,16.13,16.04,16.46,15.91,1079200.0,17562797.0,10:55:03
sz300880,迦南智能,19.8,0.03,0.152,19.78,19.8,19.77,19.51,20.02,19.4,1659364.0,32720286.0,10:55:03
sz300881,盛德鑫泰,30.75,-0.2,-0.646,30.74,30.77,30.95,30.68,31.29,30.46,657791.0,20270082.0,10:55:09
sz300882,万胜智能,14.04,-0.09,-0.637,14.02,14.03,14.13,13.91,14.15,13.67,1084130.0,15103768.0,10:55:06
sz300883,龙利得,6.54,-0.02,-0.305,6.53,6.54,6.56,6.51,6.57,6.46,7455600.0,48659175.0,10:55:06
sz300884,狄耐克,12.55,0.19,1.537,12.55,12.56,12.36,12.34,12.76,12.15,3429575.0,42992815.0,10:55:03
sz300885,海昌新材,19.4,-0.6,-3.0,19.4,19.41,20.0,19.9,20.0,19.3,3146054.0,61676574.0,10:55:09
sz300886,华业香料,24.48,0.13,0.534,24.47,24.53,24.35,24.17,24.76,24.08,588839.0,14394371.0,10:55:03
sz300887,谱尼测试,7.1,0.01,0.141,7.1,7.11,7.09,7.0,7.23,6.98,8283781.0,58988566.0,10:55:09
sz300888,稳健医疗,29.51,1.02,3.58,29.49,29.51,28.49,28.84,29.84,28.84,2526962.0,74193519.0,10:55:06
sz300889,爱克股份,20.89,0.11,0.529,20.88,20.95,20.78,20.71,21.35,20.0,1806700.0,37491163.0,10:55:09
sz300890,翔丰华,26.41,-0.58,-2.149,26.41,26.42,26.99,26.7,27.05,26.38,3348100.0,89206402.0,10:55:09
sz300891,惠云钛业,7.48,0.14,1.907,7.47,7.48,7.34,7.42,7.57,7.34,5959600.0,44499899.0,10:55:03
sz300892,品渥食品,23.01,1.08,4.925,23.01,23.03,21.93,21.96,23.55,21.94,2244100.0,51305268.0,10:55:09
sz300893,松原安全,14.1,0.17,1.22,14.09,14.1,13.93,13.9,14.14,13.58,2628500.0,36639493.0,10:55:09
sz300894,火星人,10.77,-0.09,-0.829,10.77,10.79,10.86,10.71,10.93,10.67,2688800.0,28995359.0,10:55:09
sz300895,铜牛信息,53.0,-0.63,-1.175,53.0,53.05,53.63,52.22,53.65,51.99,2091866.0,110480254.0,10:55:09
sz300896,爱美客,92.72,1.32,1.444,92.72,92.75,91.4,91.45,93.69,91.37,1878751.0,174141730.0,10:55:09
sz300897,山科智能,16.58,-0.35,-2.067,16.58,16.59,16.93,16.79,16.9,16.01,2810332.0,46363697.0,10:55:00
sz300898,熊猫乳品,20.85,0.43,2.106,20.83,20.85,20.42,20.42,21.1,20.0,1920100.0,39765038.0,10:55:00
sz300899,上海凯鑫,28.69,0.19,0.667,28.65,28.69,28.5,28.4,29.07,28.04,274700.0,7877965.0,10:55:06
sz300900,广联航空,21.49,-0.07,-0.325,21.48,21.49,21.56,21.21,21.83,21.0,5456140.0,116611623.0,10:55:09
sz300901,中胤时尚,16.71,-2.39,-12.513,16.7,16.72,19.1,18.0,18.03,16.05,6700450.0,112997861.0,10:55:06
sz300902,国安达,16.5,1.48,9.854,16.49,16.5,15.02,14.87,16.55,14.82,5031300.0,79441843.0,10:55:09
sz300903,科翔股份,75.02,-2.78,-3.573,75.01,75.06,77.8,77.52,77.77,74.03,9634805.0,729190158.0,10:55:09
sz300904,威力传动,39.2,0.5,1.292,39.2,39.26,38.7,38.91,39.68,37.96,577200.0,22381177.0,10:55:06
sz300905,宝丽迪,34.7,-0.42,-1.196,34.68,34.72,35.12,34.91,35.16,34.14,1759000.0,60937200.0,10:55:00
sz300906,日月明,30.97,-0.01,-0.032,30.92,30.97,30.98,31.02,31.85,29.9,1807900.0,55767683.0,10:55:09
sz300907,康平科技,49.47,-2.05,-3.979,49.47,49.53,51.52,51.18,51.18,47.81,2996700.0,147871022.0,10:55:09
sz300908,仲景食品,24.86,-0.13,-0.52,24.84,24.86,24.99,24.7,25.1,24.62,860632.0,21384646.0,10:55:06
sz300909,汇创达,53.5,0.01,0.019,53.49,53.5,53.49,51.8,54.5,51.2,2902440.0,153420013.0,10:55:09
sz300910,瑞丰新材,25.31,0.05,0.198,25.31,25.32,25.26,25.08,25.37,25.08,1257069.0,31758829.0,10:55:09
sz300911,亿田智能,21.41,-0.54,-2.46,21.41,21.42,21.95,21.11,21.7,20.48,8507419.0,178270514.0,10:55:09
sz300912,凯龙高科,19.47,0.41,2.151,19.46,19.47,19.06,19.0,19.7,18.8,1898323.0,36812212.0,10:55:03
sz300913,兆龙互连,35.13,0.23,0.659,35.12,35.13,34.9,34.41,35.47,34.14,3022857.0,105314492.0,10:55:09
sz300915,海融科技,20.53,0.56,2.804,20.53,20.54,19.97,19.95,20.78,19.95,742050.0,15167504.0,10:55:09
sz300916,朗特智能,27.86,1.4,5.291,27.86,27.88,26.46,26.08,28.73,24.98,8063117.0,218118916.0,10:55:06
sz300917,特发服务,26.63,0.86,3.337,26.63,26.64,25.77,25.65,27.18,25.53,4477966.0,118856319.0,10:55:09
sz300918,南山智尚,10.22,0.03,0.294,10.21,10.22,10.19,10.1,10.32,10.06,1533900.0,15620499.0,10:55:06
sz300919,中伟新材,40.05,0.05,0.125,40.02,40.05,40.0,40.97,42.15,40.0,13524301.0,554345726.0,10:55:09
sz300920,润阳科技,32.27,-0.81,-2.449,32.27,32.31,33.08,32.97,33.3,31.93,637760.0,20734163.0,10:55:03
sz300921,南凌科技,15.26,0.74,5.096,15.25,15.27,14.52,14.69,15.64,14.61,13014302.0,197521094.0,10:55:09
sz300922,天秦装备,19.29,2.18,12.741,19.29,19.34,17.11,16.9,19.56,16.9,10032013.0,185761813.0,10:55:09
sz300923,研奥股份,24.68,0.2,0.817,24.68,24.69,24.48,24.48,25.08,24.25,524600.0,12994592.0,10:55:09
sz300925,法本信息,14.73,0.46,3.224,14.73,14.74,14.27,14.41,14.82,14.27,7446360.0,108519625.0,10:55:09
sz300926,博俊科技,16.97,-0.01,-0.059,16.96,16.97,16.98,16.98,17.1,16.84,922422.0,15647306.0,10:55:06
sz300927,江天化学,28.86,-0.34,-1.164,28.86,28.87,29.2,27.68,31.13,27.19,15885429.0,461414093.0,10:55:09
sz300928,华安鑫创,25.26,0.17,0.678,25.24,25.29,25.09,24.96,25.45,24.79,583300.0,14682990.0,10:55:03
sz300929,华骐环保,17.04,0.78,4.797,17.04,17.05,16.26,16.59,17.55,16.12,7077800.0,119596970.0,10:55:09
sz300930,屹通新材,25.13,0.16,0.641,25.09,25.14,24.97,24.45,25.91,24.45,1133800.0,28682561.0,10:55:06
sz300931,通用电梯,14.75,-0.18,-1.206,14.75,14.77,14.93,14.78,15.08,14.62,1724900.0,25569058.0,10:55:09
sz300932,三友联众,10.47,-0.06,-0.57,10.46,10.47,10.53,11.25,11.27,10.3,17422235.0,184132938.0,10:55:03
sz300933,中辰股份,6.55,-0.05,-0.758,6.54,6.55,6.6,6.49,6.68,6.47,8494493.0,55929879.0,10:55:03
sz300935,盈建科,29.76,0.4,1.362,29.78,29.84,29.36,29.07,30.69,28.31,1426324.0,42264079.0,10:55:09
sz300936,中英科技,77.36,0.94,1.23,77.17,77.36,76.42,74.46,78.71,74.21,2427780.0,185795953.0,10:55:09
sz300937,药易购,25.17,0.01,0.04,25.17,25.18,25.16,25.0,25.45,24.65,2620600.0,65686669.0,10:55:09
sz300938,信测标准,26.54,-1.01,-3.666,26.54,26.56,27.55,27.34,27.45,26.08,5560280.0,148051527.0,10:55:09
sz300939,秋田微,59.89,-1.83,-2.965,59.85,59.89,61.72,60.81,61.8,59.53,1437679.0,87009710.0,10:55:09
sz300940,南极光,13.49,0.04,0.297,13.48,13.49,13.45,13.16,13.57,13.16,1449600.0,19438284.0,10:55:09
sz300941,创识科技,15.49,0.2,1.308,15.49,15.51,15.29,14.91,15.56,14.7,5933532.0,90747619.0,10:55:09
sz300942,易瑞生物,6.75,-0.23,-3.295,6.75,6.76,6.98,6.9,7.05,6.69,19300007.0,132401454.0,10:55:06
sz300943,春晖智控,30.23,0.9,3.069,30.22,30.23,29.33,30.65,31.87,29.68,10203963.0,312466901.0,10:55:09
sz300945,曼卡龙,13.06,0.1,0.772,13.07,13.09,12.96,13.19,14.0,12.83,24625097.0,331205966.0,10:55:09
sz300946,恒而达,38.02,-0.07,-0.184,38.02,38.05,38.09,37.22,38.65,37.22,425450.0,16215002.0,10:55:06
sz300947,德必集团,14.21,0.26,1.864,14.21,14.22,13.95,13.9,14.3,13.75,1280700.0,18079283.0,10:55:06
sz300948,冠中生态,20.08,-0.43,-2.097,20.06,20.1,20.51,20.43,20.45,19.81,1392195.0,27990817.0,10:55:09
sz300949,奥雅股份,22.4,0.13,0.584,22.39,22.4,22.27,21.95,22.55,21.95,320985.0,7150496.0,10:54:57
sz300950,德固特,16.62,0.12,0.727,16.61,16.64,16.5,16.49,16.77,16.28,583800.0,9675818.0,10:55:09
sz300951,博硕科技,66.8,-1.61,-2.353,66.8,66.84,68.41,67.76,69.3,66.6,2133120.0,144452498.0,10:55:09
sz300952,恒辉安防,16.09,0.12,0.751,16.09,16.1,15.97,15.8,16.28,15.8,1523280.0,24500073.0,10:55:09
sz300953,震裕科技,94.37,-3.29,-3.369,94.37,94.4,97.66,95.91,97.0,93.4,2233211.0,212019327.0,10:55:09
sz300955,嘉亨家化,29.28,-0.21,-0.712,29.24,29.29,29.49,29.62,29.64,28.94,492200.0,14451623.0,10:55:03
sz300956,英力股份,11.11,0.12,1.092,11.1,11.11,10.99,10.81,11.17,10.81,1742620.0,19249478.0,10:55:09
sz300957,贝泰妮,32.77,1.72,5.539,32.76,32.77,31.05,32.01,33.18,32.01,9215502.0,300673767.0,10:55:09
sz300958,建工修复,12.41,-0.1,-0.799,12.41,12.42,12.51,12.29,12.52,12.21,2357000.0,29248260.0,10:55:09
sz300959,线上线下,88.17,-2.41,-2.661,88.1,88.17,90.58,89.0,89.89,87.01,825473.0,72864271.0,10:55:06
sz300960,通业科技,16.96,0.42,2.539,16.94,16.96,16.54,16.55,17.41,16.22,1969250.0,33400212.0,10:55:09
sz300961,深水海纳,12.0,0.34,2.916,11.99,12.0,11.66,11.55,12.24,11.38,4034600.0,47953427.0,10:55:09
sz300962,中金辐照,13.56,0.19,1.421,13.56,13.57,13.37,13.3,13.62,13.08,3209358.0,42903748.0,10:55:09
sz300963,中洲特材,11.22,0.11,0.99,11.21,11.22,11.11,11.06,11.38,11.01,2812300.0,31590011.0,10:54:57
sz300964,本川智能,54.52,-0.92,-1.659,54.45,54.52,55.44,54.77,55.26,53.26,1409430.0,76547653.0,10:55:09
sz300965,恒宇信通,43.44,0.78,1.828,43.43,43.53,42.66,42.32,44.62,42.13,459300.0,19973849.0,10:55:09
sz300966,共同药业,24.13,-0.18,-0.74,24.12,24.13,24.31,24.26,24.67,23.83,1241862.0,30174216.0,10:55:09
sz300967,晓鸣股份,16.85,0.49,2.995,16.84,16.85,16.36,16.25,17.16,16.1,6495681.0,109155038.0,10:55:06
sz300968,格林精密,10.04,0.16,1.619,10.04,10.05,9.88,9.77,10.19,9.71,4415697.0,44033235.0,10:55:03
sz300969,恒帅股份,72.31,-1.74,-2.35,72.28,72.34,74.05,73.07,73.9,71.9,627240.0,45653204.0,10:55:06
sz300970,华绿生物,18.2,0.38,2.132,18.19,18.2,17.82,17.66,18.88,17.66,21188541.0,389108888.0,10:55:09
sz300971,博亚精工,17.83,0.36,2.061,17.82,17.83,17.47,17.32,17.95,17.16,2030240.0,35677873.0,10:55:06
sz300972,万辰集团,192.65,-10.25,-5.052,192.11,192.56,202.9,204.51,212.01,187.82,2612252.0,517145157.0,10:55:09
sz300973,立高食品,24.65,0.69,2.88,24.64,24.65,23.96,23.88,24.95,23.83,2015600.0,49428507.0,10:55:09
sz300975,商络电子,24.24,-0.43,-1.743,24.23,24.24,24.67,24.22,24.65,23.63,14267963.0,344290579.0,10:55:09
sz300976,达瑞电子,55.61,-1.73,-3.017,55.54,55.6,57.34,57.32,57.32,54.52,2195540.0,122447377.0,10:55:09
sz300977,深圳瑞捷,16.16,0.06,0.373,16.15,16.16,16.1,16.08,16.36,15.9,888150.0,14347958.0,10:55:00
sz300978,东箭科技,8.63,0.11,1.291,8.62,8.64,8.52,8.52,8.66,8.4,973503.0,8357250.0,10:54:45
sz300979,华利集团,34.67,1.53,4.617,34.66,34.67,33.14,33.2,34.68,33.03,1871300.0,63430948.0,10:55:09
sz300980,祥源新材,22.18,-0.27,-1.203,22.18,22.19,22.45,22.55,22.59,21.83,2144900.0,47550642.0,10:55:09
sz300981,中红医疗,14.41,-0.03,-0.208,14.41,14.42,14.44,14.35,14.7,14.26,4431374.0,64276964.0,10:55:09
sz300982,苏文电能,14.67,0.08,0.548,14.66,14.67,14.59,14.45,14.8,14.29,910500.0,13315574.0,10:55:06
sz300983,尤安设计,37.96,-1.4,-3.557,37.92,37.96,39.36,38.05,39.08,37.81,324600.0,12374109.0,10:55:06
sz300984,金沃股份,30.61,-0.36,-1.162,30.59,30.64,30.97,30.0,31.44,30.0,1518880.0,46449475.0,10:55:09
sz300985,致远新能,36.76,-1.35,-3.542,36.73,36.78,38.11,37.6,37.85,36.0,3145982.0,115536374.0,10:55:09
sz300986,志特新材,11.37,-0.13,-1.13,11.37,11.38,11.5,11.38,11.5,11.2,8354059.0,94957023.0,10:55:09
sz300987,川网传媒,13.33,0.24,1.833,13.33,13.34,13.09,13.15,13.4,12.94,1399600.0,18516296.0,10:55:09
sz300988,津荣天宇,14.42,0.08,0.558,14.41,14.43,14.34,14.21,14.55,14.21,1018160.0,14631385.0,10:54:54
sz300989,蕾奥规划,14.04,-0.16,-1.127,14.03,14.04,14.2,14.05,14.17,13.85,1461905.0,20443277.0,10:54:54
sz300990,同飞股份,77.63,4.4,6.008,77.53,77.72,73.23,71.77,78.8,71.29,7112770.0,539429342.0,10:55:09
sz300991,创益通,26.4,0.53,2.049,26.4,26.41,25.87,25.57,26.74,25.37,2225925.0,58100112.0,10:55:09
sz300992,泰福泵业,24.19,0.21,0.876,24.18,24.24,23.98,24.07,24.48,23.54,735100.0,17716162.0,10:55:06
sz300993,玉马科技,9.87,0.11,1.127,9.86,9.87,9.76,9.76,9.95,9.65,1260401.0,12387023.0,10:55:06
sz300994,久祺股份,11.47,0.15,1.325,11.46,11.47,11.32,11.25,11.57,11.15,1569700.0,17940212.0,10:54:57
sz300995,奇德新材,26.59,0.45,1.721,26.59,26.63,26.14,26.34,26.93,25.59,633381.0,16683334.0,10:55:06
sz300996,普联软件,13.92,-0.17,-1.207,13.92,13.93,14.09,14.1,14.1,13.7,12040720.0,167139292.0,10:55:09
sz300997,欢乐家,16.43,0.55,3.463,16.43,16.44,15.88,15.72,16.88,15.72,7129785.0,116402684.0,10:55:09
sz300998,宁波方正,25.74,0.09,0.351,25.74,25.75,25.65,25.65,26.29,25.23,1806600.0,46706608.0,10:55:06
sz300999,金龙鱼,25.34,0.56,2.26,25.33,25.34,24.78,24.7,25.44,24.7,7615371.0,192091539.0,10:55:09
sz301000,肇民科技,23.87,0.14,0.59,23.87,23.9,23.73,23.93,24.22,23.68,1422520.0,34079581.0,10:55:06
sz301001,凯淳股份,23.7,0.18,0.765,23.7,23.71,23.52,23.48,23.85,23.11,392200.0,9231934.0,10:55:06
sz301002,崧盛股份,26.71,-0.87,-3.154,26.7,26.73,27.58,27.0,27.15,26.47,2345999.0,62806288.0,10:55:09
sz301003,江苏博云,56.92,-0.58,-1.009,56.75,56.99,57.5,57.51,57.7,55.65,1200600.0,68114327.0,10:55:00
sz301004,嘉益股份,34.93,0.77,2.254,34.88,34.92,34.16,34.05,35.0,33.72,279200.0,9628869.0,10:55:06
sz301005,超捷股份,67.55,-3.77,-5.286,67.49,67.55,71.32,68.47,69.85,66.0,6564870.0,444876881.0,10:55:09
sz301006,迈拓股份,13.79,0.29,2.148,13.79,13.8,13.5,13.57,13.94,13.47,740400.0,10177487.0,10:55:03
sz301007,德迈仕,28.77,-0.57,-1.943,28.77,28.82,29.34,28.93,29.17,28.6,2099440.0,60580718.0,10:54:48
sz301008,宏昌科技,37.12,-0.95,-2.495,37.12,37.15,38.07,37.51,37.96,36.27,3832130.0,141680639.0,10:55:06
sz301009,可靠股份,9.09,0.15,1.678,9.09,9.1,8.94,8.95,9.14,8.86,1359900.0,12318010.0,10:55:06
sz301010,晶雪节能,17.71,0.22,1.258,17.7,17.71,17.49,17.49,17.88,17.03,741300.0,12997730.0,10:54:54
sz301011,华立科技,15.01,0.37,2.527,15.0,15.01,14.64,14.73,15.09,14.6,1035300.0,15418404.0,10:55:09
sz301012,扬电科技,23.33,-1.47,-5.927,23.33,23.34,24.8,24.12,24.24,23.03,4780643.0,112237366.0,10:55:03
sz301013,利和兴,38.3,-1.96,-4.868,38.3,38.31,40.26,39.01,39.5,36.61,13165572.0,499394562.0,10:55:09
sz301015,百洋医药,24.37,-0.5,-2.01,24.36,24.37,24.87,24.76,24.88,24.28,4014897.0,98727269.0,10:55:09
sz301016,雷尔伟,12.12,0.26,2.192,12.1,12.12,11.86,11.85,12.24,11.7,1636660.0,19663786.0,10:55:06
sz301017,漱玉平民,12.97,0.21,1.646,12.96,12.99,12.76,12.82,13.13,12.55,2570800.0,33167932.0,10:55:09
sz301018,申菱环境,95.88,6.18,6.89,95.87,95.89,89.7,88.0,97.77,86.85,19225027.0,1802685870.0,10:55:09
sz301019,宁波色母,15.14,0.27,1.816,15.14,15.15,14.87,14.99,15.45,14.72,1290548.0,19548338.0,10:55:09
sz301020,密封科技,20.8,0.6,2.97,20.78,20.79,20.2,20.13,21.22,20.13,1698400.0,35474580.0,10:55:09
sz301021,英诺激光,72.81,-2.53,-3.358,72.81,72.87,75.34,74.0,74.72,70.0,4515500.0,326944005.0,10:55:09
sz301022,海泰科,22.95,0.33,1.459,22.95,22.99,22.62,22.63,23.15,22.45,409400.0,9348208.0,10:55:00
sz301023,奕帆传动,27.98,0.23,0.829,27.98,28.02,27.75,27.6,28.3,26.94,1145008.0,31598135.0,10:55:06
sz301024,霍普股份,31.62,-0.26,-0.816,31.61,31.63,31.88,31.38,32.09,30.99,590500.0,18562364.0,10:54:54
sz301025,读客文化,9.2,0.16,1.77,9.2,9.21,9.04,9.05,9.34,8.97,6162386.0,56818504.0,10:55:09
sz301026,浩通科技,20.35,-1.45,-6.651,20.36,20.37,21.8,21.48,21.6,20.32,9039994.0,188568525.0,10:55:09
sz301027,华蓝集团,20.64,0.36,1.775,20.62,20.67,20.28,20.09,20.76,20.09,2418900.0,49545886.0,10:55:06
sz301028,鼎熔岩,12.82,0.08,0.628,12.81,12.82,12.74,12.64,12.92,12.53,1939020.0,24640890.0,10:55:03
sz301029,怡合达,25.55,0.86,3.483,25.54,25.55,24.69,25.53,26.15,25.1,10472200.0,268452475.0,10:55:09
sz301030,*ST仕净,8.14,0.0,0.0,8.14,8.15,8.14,8.06,8.25,8.03,2421700.0,19750954.0,10:55:03
sz301031,中熔电气,87.83,-3.46,-3.79,87.83,87.91,91.29,90.64,90.64,87.75,1339460.0,118801153.0,10:55:09
sz301032,新柴股份,10.13,0.21,2.117,10.12,10.13,9.92,9.92,10.2,9.83,2535300.0,25471484.0,10:55:00
sz301033,迈普医学,54.68,-0.62,-1.121,54.68,54.71,55.3,54.8,56.2,54.5,620300.0,34423331.0,10:55:03
sz301035,润丰股份,54.4,-1.65,-2.944,54.4,54.45,56.05,56.08,57.0,54.37,1323966.0,73523563.0,10:55:09
sz301036,双乐股份,22.11,-0.02,-0.09,22.09,22.12,22.13,21.82,22.25,21.72,609300.0,13397607.0,10:55:06
sz301037,保立佳,13.38,0.23,1.749,13.36,13.38,13.15,13.05,13.58,13.0,1267000.0,16901297.0,10:55:09
sz301038,深水规院,15.98,0.2,1.267,15.97,15.99,15.78,15.78,16.08,15.59,990500.0,15774735.0,10:55:06
sz301039,中集车辆,8.05,-0.21,-2.542,8.05,8.06,8.26,8.18,8.26,7.83,13381673.0,107770843.0,10:55:09
sz301040,中环海陆,26.9,-0.38,-1.393,26.9,26.91,27.28,27.28,27.78,26.8,929800.0,25197283.0,10:55:12
sz301041,金百泽,25.91,0.74,2.94,25.9,25.91,25.17,25.54,26.4,25.18,4022300.0,104236074.0,10:55:12
sz301042,安联锐视,31.99,-0.29,-0.898,31.97,31.99,32.28,31.97,32.49,31.31,1863045.0,59380325.0,10:55:09
sz301043,绿岛风,44.23,0.4,0.913,44.23,44.33,43.83,44.5,44.56,43.21,242000.0,10644724.0,10:55:12
sz301045,天禄科技,61.87,-2.18,-3.404,61.87,61.93,64.05,62.92,63.79,59.98,1980200.0,122443317.0,10:55:12
sz301046,能辉科技,22.32,-0.6,-2.618,22.31,22.32,22.92,22.8,22.95,22.02,1800300.0,40282445.0,10:55:12
sz301047,义翘神州,108.79,-1.54,-1.396,108.79,108.8,110.33,109.86,112.42,106.66,5400467.0,590832768.0,10:55:12
sz301048,金鹰重工,9.1,0.08,0.887,9.09,9.1,9.02,8.95,9.13,8.95,3093200.0,28054708.0,10:55:00
sz301049,超越科技,19.96,0.1,0.504,19.94,19.96,19.86,19.81,20.36,19.57,807475.0,16207934.0,10:55:06
sz301050,雷电微力,27.46,-0.45,-1.612,27.46,27.5,27.91,27.7,27.86,27.23,2828956.0,77855271.0,10:55:12
sz301051,信濠光电,17.88,-0.29,-1.596,17.88,17.89,18.17,17.99,18.28,17.55,6920040.0,123401314.0,10:55:12
sz301052,果麦文化,22.66,0.39,1.751,22.65,22.68,22.27,22.27,22.93,22.06,1424312.0,32072578.0,10:55:12
sz301053,远信工业,39.25,-1.05,-2.605,39.22,39.3,40.3,40.17,40.96,39.0,1773700.0,70700344.0,10:55:12
sz301055,张小泉,30.04,0.22,0.738,30.02,30.04,29.82,29.59,30.24,28.7,2495943.0,73552939.0,10:55:12
sz301056,森赫股份,11.43,0.03,0.263,11.42,11.44,11.4,11.26,11.52,11.19,1393900.0,15860474.0,10:55:12
sz301057,汇隆新材,21.7,0.28,1.307,21.7,21.73,21.42,21.1,21.98,21.1,842300.0,18208496.0,10:55:12
sz301058,中粮科工,8.58,0.25,3.001,8.57,8.58,8.33,8.27,8.67,8.25,7137099.0,61093244.0,10:55:09
sz301059,金三江,12.22,0.92,8.142,12.21,12.22,11.3,12.38,12.96,12.2,8649564.0,108659571.0,10:55:09
sz301060,兰卫医学,11.29,-0.14,-1.225,11.29,11.3,11.43,11.3,11.6,10.9,17906734.0,202349614.0,10:55:12
sz301061,匠心家居,35.22,0.66,1.91,35.22,35.24,34.56,34.34,35.58,33.82,1196084.0,41671262.0,10:55:03
sz301062,上海艾录,7.09,-0.05,-0.7,7.09,7.1,7.14,7.0,7.22,7.0,5460523.0,38897259.0,10:55:12
sz301063,海锅股份,17.98,0.12,0.672,17.98,18.0,17.86,17.71,18.13,17.7,587300.0,10536391.0,10:55:06
sz301065,本立科技,20.07,0.86,4.477,20.07,20.08,19.21,19.43,20.29,19.37,3126885.0,62126934.0,10:55:12
sz301066,万事利,12.04,0.19,1.603,12.03,12.04,11.85,11.8,12.11,11.74,1292300.0,15434982.0,10:55:12
sz301067,显盈科技,28.08,-0.24,-0.847,28.07,28.1,28.32,28.2,28.38,27.5,869400.0,24273849.0,10:55:06
sz301068,大地海洋,27.92,-0.05,-0.179,27.93,27.95,27.97,28.55,28.7,27.38,740970.0,20903821.0,10:55:12
sz301069,凯盛新材,15.92,-0.14,-0.872,15.92,15.93,16.06,15.94,16.14,15.75,1718445.0,27413100.0,10:55:06
sz301070,开勒股份,61.83,-2.84,-4.392,61.69,61.84,64.67,63.83,64.27,59.73,1815875.0,112068718.0,10:55:12
sz301071,力量钻石,55.64,-0.98,-1.731,55.62,55.64,56.62,55.47,56.52,53.81,5889886.0,324850582.0,10:55:12
sz301072,中捷精工,41.98,0.16,0.383,41.98,42.01,41.82,41.82,42.57,40.56,1429271.0,59381648.0,10:55:12
sz301073,君亭酒店,18.76,1.07,6.049,18.76,18.77,17.69,17.6,19.3,17.6,8916764.0,166558698.0,10:55:12
sz301075,多瑞医药,53.67,-0.08,-0.149,53.6,53.67,53.75,52.8,55.39,52.09,557700.0,29945374.0,10:55:06
sz301076,新瀚新材,19.85,-0.01,-0.05,19.85,19.89,19.86,19.7,20.09,19.51,1132047.0,22427454.0,10:55:12
sz301077,星华新材,20.56,-0.02,-0.097,20.57,20.58,20.58,20.13,20.76,20.12,868600.0,17812790.0,10:54:48
sz301078,孩子王,7.02,0.1,1.445,7.02,7.03,6.92,6.88,7.07,6.86,8238824.0,57648803.0,10:55:12
sz301079,邵阳液压,27.5,0.14,0.512,27.49,27.51,27.36,27.35,27.83,26.9,1159900.0,31777828.0,10:55:09
sz301080,百普赛斯,89.76,-2.87,-3.098,89.76,89.81,92.63,93.0,94.01,89.0,8957712.0,815039394.0,10:55:12
sz301081,严牌股份,13.52,-1.42,-9.505,13.51,13.52,14.94,15.18,15.24,13.48,7985441.0,112441700.0,10:55:12
sz301082,久盛电气,9.38,0.03,0.321,9.37,9.38,9.35,9.24,9.46,9.17,2423730.0,22618227.0,10:55:12
sz301083,百胜智能,13.89,0.23,1.684,13.86,13.89,13.66,13.3,13.95,13.3,1339900.0,18451225.0,10:55:00
sz301085,亚康股份,56.9,-0.41,-0.715,56.85,56.89,57.31,56.54,57.84,56.03,1182855.0,67459766.0,10:55:12
sz301086,鸿富瀚,114.13,-2.75,-2.353,114.03,114.22,116.88,114.0,116.98,108.53,2161633.0,244830017.0,10:55:12
sz301087,可孚医疗,47.71,0.29,0.612,47.72,47.78,47.42,47.14,48.18,47.02,563488.0,26844218.0,10:55:09
sz301088,戎美股份,12.55,0.06,0.48,12.55,12.57,12.49,12.55,12.68,12.4,469600.0,5892336.0,10:55:12
sz301089,拓新药业,23.7,0.56,2.42,23.7,23.71,23.14,22.92,23.99,22.65,1932705.0,45339045.0,10:55:12
sz301090,华润材料,6.88,-0.14,-1.994,6.87,6.88,7.02,6.99,7.0,6.76,19098140.0,130996414.0,10:55:12
sz301091,深城交,18.44,0.0,0.0,18.44,18.45,18.44,18.29,18.62,18.13,2767020.0,50893198.0,10:55:06
sz301092,争光股份,42.93,-1.77,-3.96,42.9,42.93,44.7,44.71,44.84,42.5,1581800.0,68409043.0,10:55:12
sz301093,华兰股份,73.68,-4.76,-6.068,73.64,73.68,78.44,78.18,78.27,72.42,3933039.0,291790178.0,10:55:12
sz301095,广立微,71.28,-1.74,-2.383,71.18,71.29,73.02,72.1,72.5,69.0,2390736.0,169743748.0,10:55:12
sz301096,百诚医药,47.57,-0.63,-1.307,47.51,47.58,48.2,47.84,48.34,47.15,980900.0,46769613.0,10:55:12
sz301097,天益医疗,33.18,-0.02,-0.06,33.16,33.19,33.2,33.49,33.73,32.82,438249.0,14599829.0,10:55:00
sz301098,金埔园林,8.89,-0.08,-0.892,8.89,8.9,8.97,8.89,8.98,8.72,5164550.0,45588594.0,10:55:12
sz301099,雅创电子,50.03,1.95,4.056,50.0,50.03,48.08,47.97,50.93,47.37,8727121.0,434445216.0,10:55:12
sz301100,风光股份,15.86,0.05,0.316,15.85,15.86,15.81,15.61,16.05,15.61,445400.0,7068995.0,10:54:54
sz301101,明月镜片,28.96,0.79,2.804,28.96,28.99,28.17,28.67,29.18,28.22,1531203.0,44128384.0,10:55:03
sz301102,兆讯传媒,9.37,0.1,1.079,9.37,9.38,9.27,9.27,9.42,9.24,652100.0,6090910.0,10:55:12
sz301103,何氏眼科,16.62,0.23,1.403,16.61,16.62,16.39,16.33,16.8,16.29,816230.0,13516342.0,10:54:48
sz301105,鸿铭股份,47.3,1.18,2.559,47.25,47.32,46.12,45.64,47.66,45.5,278500.0,13008629.0,10:55:06
sz301106,骏成科技,21.02,0.16,0.767,21.02,21.03,20.86,20.11,21.17,19.4,6256706.0,128187852.0,10:55:12
sz301107,瑜欣电子,19.85,-0.02,-0.101,19.85,19.87,19.87,19.7,20.19,19.45,786180.0,15586742.0,10:55:09
sz301108,洁雅股份,36.8,-1.02,-2.697,36.8,36.83,37.82,37.37,37.58,36.5,763100.0,28249199.0,10:55:03
sz301109,军信股份,13.1,-0.03,-0.228,13.09,13.1,13.13,12.98,13.2,12.93,2277580.0,29662995.0,10:55:12
sz301110,青木科技,34.08,0.43,1.278,34.06,34.08,33.65,33.36,34.6,33.0,754880.0,25504406.0,10:55:06
sz301111,粤万年青,20.97,-0.1,-0.475,20.97,21.0,21.07,21.29,21.4,20.6,2369000.0,49737402.0,10:55:09
sz301112,信邦智能,30.31,0.17,0.564,30.28,30.31,30.14,29.96,30.6,29.74,383989.0,11586254.0,10:55:00
sz301113,雅艺科技,16.85,0.4,2.432,16.85,16.86,16.45,16.12,17.1,16.12,1033469.0,17299312.0,10:55:06
sz301115,联检科技,27.52,-0.49,-1.749,27.52,27.53,28.01,27.3,28.09,26.62,2890800.0,79193629.0,10:55:06
sz301116,益客食品,9.48,0.11,1.174,9.48,9.49,9.37,9.3,9.55,9.3,3074500.0,29129044.0,10:55:12
sz301117,ST佳缘,14.18,-3.54,-19.977,0.0,14.18,17.72,14.18,14.18,14.18,1430500.0,20284490.0,10:55:12
sz301118,恒光股份,22.05,-0.13,-0.586,22.05,22.08,22.18,22.06,22.36,21.58,1410300.0,31072054.0,10:55:12
sz301119,正强股份,21.61,-0.09,-0.415,21.61,21.66,21.7,21.47,21.97,21.26,731660.0,15836379.0,10:55:12
sz301120,新特电气,14.42,-0.1,-0.689,14.41,14.42,14.52,14.3,14.62,14.13,2174500.0,31241244.0,10:55:12
sz301121,紫建电子,34.1,-0.23,-0.67,34.1,34.14,34.33,34.22,34.5,33.39,354916.0,12048742.0,10:55:09
sz301122,采纳股份,37.84,-1.16,-2.974,37.81,37.88,39.0,38.73,39.38,37.53,2533570.0,96502513.0,10:55:09
sz301123,奕东电子,74.03,0.35,0.475,74.03,74.07,73.68,72.05,75.9,70.64,4606001.0,339333219.0,10:55:12
sz301125,腾亚精工,12.03,0.1,0.838,12.02,12.03,11.93,11.81,12.15,11.71,1038640.0,12424462.0,10:55:12
sz301126,达嘉维康,10.12,0.12,1.2,10.12,10.13,10.0,9.91,10.26,9.82,1852400.0,18652337.0,10:55:06
sz301127,武汉天源,19.0,0.48,2.592,18.99,19.01,18.52,18.7,19.6,18.61,27061967.0,518270995.0,10:55:12
sz301128,强瑞技术,107.57,1.47,1.385,107.62,107.83,106.1,104.72,110.83,102.83,3421026.0,366049983.0,10:55:12
sz301129,瑞纳智能,23.38,-0.45,-1.888,23.36,23.4,23.83,23.12,23.71,22.51,2581780.0,60371011.0,10:55:12
sz301130,西点药业,38.36,5.27,15.926,38.36,38.39,33.09,32.99,39.71,32.43,17281161.0,635208358.0,10:55:12
sz301131,聚赛龙,33.22,-0.08,-0.24,33.19,33.2,33.3,33.18,33.58,32.82,626500.0,20840524.0,10:54:54
sz301132,满坤科技,34.91,-0.5,-1.412,34.88,34.91,35.41,34.81,35.38,34.17,1910218.0,66401212.0,10:55:12
sz301133,金钟股份,29.72,1.92,6.906,29.72,29.8,27.8,27.55,29.97,27.07,2479526.0,71752336.0,10:55:03
sz301135,瑞德智能,16.9,0.26,1.562,16.9,16.91,16.64,16.74,16.99,16.52,908076.0,15258479.0,10:55:06
sz301136,招标股份,11.31,0.14,1.253,11.3,11.32,11.17,11.17,11.39,11.1,1824500.0,20543573.0,10:55:12
sz301137,哈焊华通,29.42,0.03,0.102,29.42,29.43,29.39,29.08,29.66,28.8,1837411.0,53768656.0,10:55:12
sz301138,华研精机,29.98,0.98,3.379,29.98,30.0,29.0,28.8,30.86,28.39,3847490.0,112906789.0,10:55:12
sz301139,*ST元道,3.36,-0.07,-2.041,3.35,3.36,3.43,3.39,3.5,3.1,5380000.0,17956277.0,10:55:09
sz301141,中科磁业,42.75,2.12,5.218,42.72,42.74,40.63,40.6,44.44,40.01,4126017.0,177478380.0,10:55:09
sz301148,嘉戎技术,50.71,0.51,1.016,50.7,50.74,50.2,49.86,51.93,49.4,558900.0,28443085.0,10:55:00
sz301149,隆华新材,7.78,0.09,1.17,7.78,7.79,7.69,7.69,7.85,7.66,4117460.0,32031939.0,10:55:12
sz301150,中一科技,37.38,-1.24,-3.211,37.38,37.4,38.62,38.11,38.2,36.78,5545244.0,207941273.0,10:55:12
sz301151,冠龙节能,16.47,0.14,0.857,16.45,16.47,16.33,16.29,16.7,16.06,1348847.0,22048856.0,10:55:12
sz301152,天力锂能,24.23,0.91,3.902,24.22,24.23,23.32,24.33,25.48,24.05,19943208.0,492432933.0,10:55:12
sz301153,中科江南,17.17,0.29,1.718,17.17,17.18,16.88,16.83,17.27,16.8,2083418.0,35645598.0,10:55:12
sz301155,海力风电,40.57,-0.43,-1.049,40.56,40.57,41.0,41.0,41.31,40.37,722823.0,29443612.0,10:55:12
sz301156,美农生物,11.89,0.46,4.024,11.89,11.9,11.43,11.36,12.11,11.35,5020970.0,59368457.0,10:55:12
sz301157,华塑科技,59.03,-0.78,-1.304,58.99,59.03,59.81,60.08,60.08,58.16,421500.0,24962255.0,10:55:06
sz301158,德石股份,14.81,0.24,1.647,14.81,14.82,14.57,14.32,15.1,14.31,3132495.0,46373106.0,10:55:09
sz301159,三维天地,31.4,0.4,1.29,31.39,31.41,31.0,30.61,31.66,30.61,929689.0,29003837.0,10:55:12
sz301160,翔楼新材,45.02,-0.23,-0.508,44.9,45.02,45.25,45.7,45.7,43.84,1474283.0,65835127.0,10:55:09
sz301161,唯万密封,28.92,1.45,5.278,28.91,28.92,27.47,30.47,30.97,28.22,7748781.0,229125296.0,10:55:06
sz301162,国能日新,35.87,-0.17,-0.472,35.87,35.88,36.04,35.84,36.24,35.31,577540.0,20636092.0,10:55:12
sz301163,宏德股份,23.39,0.19,0.819,23.36,23.42,23.2,23.2,23.59,22.9,487900.0,11384284.0,10:55:03
sz301165,锐捷网络,113.9,-2.0,-1.726,113.75,113.9,115.9,113.28,115.8,111.1,7758978.0,881166718.0,10:55:12
sz301166,优宁维,28.98,-0.02,-0.069,28.98,29.01,29.0,28.76,29.87,28.57,2968500.0,87149339.0,10:55:12
sz301167,建研设计,14.39,0.12,0.841,14.39,14.41,14.27,14.27,14.57,14.03,1061200.0,15269296.0,10:55:09
sz301168,通灵股份,41.7,0.1,0.24,41.67,41.7,41.6,41.75,41.98,41.1,425600.0,17707264.0,10:54:54
sz301169,零点有数,50.28,-0.47,-0.926,50.2,50.28,50.75,50.75,50.99,49.13,405300.0,20302484.0,10:55:09
sz301170,锡南科技,23.15,0.25,1.092,23.12,23.15,22.9,23.0,23.29,22.77,355200.0,8184223.0,10:55:00
sz301171,易点天下,33.67,-1.23,-3.524,33.68,33.7,34.9,34.96,35.0,33.36,22159155.0,752941198.0,10:55:12
sz301172,君逸数码,16.45,-0.15,-0.904,16.44,16.45,16.6,16.5,16.64,16.11,3071597.0,50339908.0,10:55:12
sz301173,毓恬冠佳,31.59,0.0,0.0,31.59,31.62,31.59,31.59,31.76,31.07,186373.0,5855812.0,10:55:12
sz301175,中科环保,5.53,0.09,1.654,5.52,5.53,5.44,5.45,5.64,5.45,15362900.0,85191253.0,10:55:12
sz301176,逸豪新材,43.85,-1.2,-2.664,43.83,43.86,45.05,44.0,44.9,42.8,2373200.0,104201325.0,10:55:12
sz301177,迪阿股份,23.57,-1.02,-4.148,23.57,23.58,24.59,24.59,24.82,23.17,3236063.0,77886251.0,10:55:03
sz301178,天亿马,34.43,-0.05,-0.145,34.41,34.44,34.48,34.4,34.84,33.59,730880.0,25135331.0,10:55:03
sz301179,泽宇智能,19.73,-1.49,-7.022,19.73,19.75,21.22,20.81,20.98,19.48,7446933.0,149275754.0,10:55:12
sz301180,万祥科技,11.7,0.07,0.602,11.69,11.7,11.63,11.63,11.78,11.4,1383800.0,16093395.0,10:55:06
sz301181,标榜股份,23.31,0.58,2.552,23.33,23.4,22.73,22.73,23.58,22.45,1369609.0,31617067.0,10:55:06
sz301182,凯旺科技,66.35,-0.37,-0.555,66.35,66.75,66.72,66.12,68.23,64.08,1474500.0,97312250.0,10:55:12
sz301183,东田微,233.5,-1.69,-0.719,233.39,233.51,235.19,235.21,239.88,226.0,3034293.0,706684108.0,10:55:12
sz301185,鸥玛软件,16.48,0.19,1.166,16.46,16.48,16.29,16.27,16.52,16.05,603900.0,9909889.0,10:55:06
sz301186,超达装备,33.45,-0.11,-0.328,33.44,33.45,33.56,33.56,33.61,32.55,751916.0,24911552.0,10:55:06
sz301187,欧圣电气,14.75,0.24,1.654,14.75,14.76,14.51,14.56,14.9,14.35,551900.0,8109008.0,10:55:06
sz301188,力诺药包,35.2,-2.26,-6.033,35.19,35.2,37.46,35.97,36.53,34.38,9977152.0,352566220.0,10:55:12
sz301189,奥尼电子,49.64,0.13,0.263,49.61,49.63,49.51,48.21,50.77,47.52,2599560.0,127602771.0,10:55:09
sz301190,善水科技,20.33,-0.82,-3.877,20.32,20.33,21.15,20.55,21.8,19.75,9076461.0,187257231.0,10:55:12
sz301191,菲菱科思,86.04,-1.57,-1.792,86.04,86.06,87.61,86.06,87.56,84.0,1725769.0,147885027.0,10:55:09
sz301192,泰祥股份,20.15,0.31,1.563,20.15,20.18,19.84,19.84,20.4,19.51,671300.0,13452806.0,10:55:03
sz301193,家联科技,17.93,0.21,1.185,17.92,17.94,17.72,17.91,18.6,17.38,1528700.0,27453988.0,10:55:12
sz301195,北路智控,25.93,-0.17,-0.651,25.91,25.97,26.1,25.8,26.11,25.25,627313.0,16121494.0,10:55:06
sz301196,唯科科技,88.05,-0.93,-1.045,88.03,88.18,88.98,88.33,88.5,85.0,3728849.0,323016911.0,10:55:12
sz301197,工大科雅,24.75,-0.23,-0.921,24.75,24.8,24.98,24.87,25.0,24.53,1022600.0,25312810.0,10:55:09
sz301198,喜悦智行,12.39,0.03,0.243,12.38,12.4,12.36,12.31,12.63,12.08,1671800.0,20710270.0,10:55:06
sz301199,迈赫股份,17.47,0.13,0.75,17.45,17.47,17.34,17.25,17.64,17.19,497300.0,8673121.0,10:55:00
sz301200,大族数控,262.88,-4.12,-1.543,262.62,262.71,267.0,261.59,266.66,255.08,1475000.0,383915925.0,10:55:12
sz301201,诚达药业,34.49,0.06,0.174,34.48,34.49,34.43,34.15,34.8,33.7,3765789.0,128909290.0,10:55:12
sz301202,朗威股份,36.23,-1.12,-2.999,36.22,36.26,37.35,36.75,36.95,35.3,1990907.0,71881206.0,10:55:12
sz301203,国泰环保,34.17,0.07,0.205,34.14,34.19,34.1,34.22,34.45,33.52,265900.0,9047914.0,10:55:12
sz301205,联特科技,288.55,-15.43,-5.076,288.55,288.73,303.98,300.0,302.0,284.0,4625092.0,1339050730.0,10:55:12
sz301206,三元生物,23.87,0.29,1.23,23.87,23.89,23.58,23.71,23.99,23.46,649100.0,15449860.0,10:54:09
sz301207,华兰疫苗,16.96,-0.12,-0.703,16.96,16.97,17.08,16.8,17.32,16.6,4729879.0,80266730.0,10:55:03
sz301208,中亦科技,29.91,0.37,1.253,29.88,29.93,29.54,29.18,30.1,29.12,875900.0,25991312.0,10:55:12
sz301209,联合化学,58.36,-0.44,-0.748,58.35,58.42,58.8,58.7,59.55,57.21,1281860.0,74650954.0,10:55:03
sz301210,金杨精密,23.45,-0.33,-1.388,23.44,23.46,23.78,23.62,23.88,23.26,1425495.0,33564276.0,10:55:12
sz301211,亨迪药业,13.26,1.51,12.851,13.27,13.28,11.75,12.11,13.67,11.82,33276824.0,422130540.0,10:55:12
sz301212,联盛化学,23.59,-0.2,-0.841,23.61,23.63,23.79,23.52,24.46,23.3,1915200.0,45380729.0,10:55:12
sz301213,观想科技,39.85,-2.67,-6.279,39.84,39.85,42.52,39.0,40.51,38.31,1221420.0,48195173.0,10:55:12
sz301215,中汽股份,5.37,0.02,0.374,5.36,5.37,5.35,5.31,5.39,5.3,7337606.0,39324121.0,10:55:12
sz301216,万凯新材,17.91,-1.22,-6.377,17.91,17.92,19.13,19.13,19.2,17.79,26715114.0,486402430.0,10:55:12
sz301217,铜冠铜箔,107.44,-3.67,-3.303,107.43,107.47,111.11,110.0,110.0,106.0,11628830.0,1254111224.0,10:55:12
sz301218,华是科技,48.24,3.09,6.844,48.23,48.24,45.15,44.83,50.5,44.39,12488737.0,597857858.0,10:55:12
sz301219,腾远钴业,44.3,-1.92,-4.154,44.3,44.31,46.22,45.74,46.0,44.27,5109210.0,229830147.0,10:55:12
sz301220,亚香股份,28.13,0.66,2.403,28.13,28.15,27.47,27.8,28.49,27.2,683938.0,19096440.0,10:55:09
sz301221,光庭信息,27.07,-0.16,-0.588,27.05,27.08,27.23,26.8,27.48,26.54,929760.0,25024977.0,10:55:03
sz301222,浙江恒威,23.87,-0.26,-1.077,23.86,23.87,24.13,23.93,24.35,23.45,1193840.0,28699477.0,10:55:06
sz301223,中荣股份,16.59,0.43,2.661,16.59,16.6,16.16,16.15,16.61,16.06,1247100.0,20417699.0,10:55:09
sz301225,恒勃股份,56.13,-0.15,-0.267,56.09,56.17,56.28,55.84,57.68,53.46,1713520.0,94729988.0,10:55:12
sz301226,祥明智能,28.21,-0.25,-0.878,28.21,28.24,28.46,28.31,28.49,27.65,491800.0,13799953.0,10:55:09
sz301227,森鹰窗业,31.27,0.87,2.862,31.26,31.27,30.4,30.88,31.4,29.91,1348140.0,41470179.0,10:54:57
sz301228,实朴检测,61.14,1.36,2.275,60.91,61.14,59.78,59.7,62.44,59.2,1742000.0,106631673.0,10:55:09
sz301229,纽泰格,12.19,0.11,0.911,12.18,12.19,12.08,12.04,12.29,11.88,1441700.0,17459960.0,10:55:06
sz301230,泓博医药,33.33,-0.51,-1.507,33.32,33.33,33.84,33.84,34.35,32.7,8266996.0,276564790.0,10:55:12
sz301231,荣信文化,26.69,0.43,1.637,26.61,26.69,26.26,25.87,27.13,25.33,2008777.0,53064348.0,10:55:12
sz301232,飞沃科技,94.4,-1.8,-1.871,94.36,94.41,96.2,94.98,95.93,90.34,2780620.0,258587840.0,10:55:12
sz301233,盛帮股份,32.63,-0.07,-0.214,32.62,32.64,32.7,32.75,33.07,32.16,757740.0,24806805.0,10:55:12
sz301234,五洲医疗,103.67,-6.33,-5.755,103.58,103.67,110.0,105.0,106.48,97.0,1975438.0,204054305.0,10:55:12
sz301235,华康洁净,40.59,-1.83,-4.314,40.59,40.63,42.42,41.2,41.74,39.91,3947182.0,161017058.0,10:55:12
sz301236,软通动力,37.68,1.03,2.81,37.68,37.69,36.65,36.69,37.91,36.4,9636193.0,359260714.0,10:55:12
sz301237,和顺科技,53.76,-1.55,-2.802,53.75,53.77,55.31,54.18,55.5,53.61,844608.0,45924541.0,10:55:12
sz301238,瑞泰新材,15.83,-0.61,-3.71,15.83,15.84,16.44,16.15,16.35,15.76,8725541.0,139390931.0,10:55:12
sz301239,普瑞眼科,35.41,0.12,0.34,35.37,35.46,35.29,35.0,36.0,34.5,1686273.0,59845275.0,10:55:12
sz301246,宏源药业,20.24,-0.6,-2.879,20.23,20.25,20.84,20.52,20.63,20.14,3633340.0,74097932.0,10:55:12
sz301248,杰创智能,58.99,-0.5,-0.84,59.0,59.07,59.49,58.21,59.85,57.26,2406400.0,141290796.0,10:55:12
sz301251,威尔高,46.0,-1.91,-3.987,45.99,46.01,47.91,47.27,47.39,45.8,3768740.0,175035171.0,10:55:12
sz301252,同星科技,32.64,-0.32,-0.971,32.62,32.64,32.96,32.81,33.18,32.2,1067800.0,34951792.0,10:55:06
sz301255,通力科技,20.55,0.24,1.182,20.54,20.56,20.31,20.25,20.76,20.06,498300.0,10185405.0,10:55:03
sz301256,华融化学,9.92,-0.1,-0.998,9.92,9.93,10.02,9.9,10.04,9.85,1307000.0,12994598.0,10:55:12
sz301257,普蕊斯,44.62,-0.6,-1.327,44.61,44.63,45.22,44.38,46.05,43.9,2233300.0,99884854.0,10:55:12
sz301258,富士莱,25.76,-0.3,-1.151,25.76,25.77,26.06,25.8,26.16,25.1,951900.0,24443780.0,10:55:12
sz301259,艾布鲁,22.14,-0.2,-0.895,22.14,22.17,22.34,22.2,22.45,21.75,1936205.0,42735294.0,10:55:09
sz301260,格力博,13.34,0.07,0.528,13.33,13.35,13.27,13.18,13.43,13.11,707600.0,9387732.0,10:55:00
sz301261,恒工精密,55.08,0.06,0.109,55.08,55.15,55.02,54.7,56.85,53.32,1730671.0,95655050.0,10:55:06
sz301262,海看股份,18.3,0.26,1.441,18.29,18.3,18.04,18.02,18.37,17.95,1571550.0,28578655.0,10:55:06
sz301263,泰恩康,18.3,-0.05,-0.272,18.29,18.3,18.35,18.22,18.53,18.1,1595400.0,29231605.0,10:55:09
sz301265,华新科技,19.0,-0.73,-3.7,18.99,19.0,19.73,19.73,19.98,18.91,3897700.0,75341783.0,10:55:12
sz301266,宇邦新材,22.76,-0.07,-0.307,22.76,22.77,22.83,22.61,22.96,22.1,1722170.0,38775896.0,10:55:12
sz301267,华厦眼科,15.96,0.14,0.885,15.96,15.97,15.82,15.88,16.1,15.74,1900533.0,30358440.0,10:55:12
sz301268,铭利达,13.22,0.05,0.38,13.22,13.23,13.17,13.17,13.37,13.03,952794.0,12580241.0,10:55:12
sz301269,华大九天,90.21,-1.04,-1.14,90.22,90.35,91.25,90.33,91.16,89.01,2130116.0,191741212.0,10:55:12
sz301270,汉仪股份,32.06,0.38,1.199,32.05,32.08,31.68,31.78,32.42,31.31,1188500.0,38142200.0,10:54:57
sz301272,英华特,34.43,0.59,1.743,34.37,34.45,33.84,33.9,34.54,33.61,265200.0,9073526.0,10:55:12
sz301273,瑞晨环保,39.55,-0.53,-1.322,39.27,39.4,40.08,39.6,39.8,38.68,937767.0,36707100.0,10:55:12
sz301275,汉朔科技,42.48,-0.11,-0.258,42.47,42.48,42.59,42.36,42.68,41.75,2521695.0,106326005.0,10:55:12
sz301276,嘉曼服饰,19.74,-0.36,-1.791,19.74,19.77,20.1,20.1,20.17,19.29,1217250.0,24058950.0,10:55:12
sz301277,新天地,10.39,0.16,1.564,10.38,10.4,10.23,10.22,10.53,10.13,3040200.0,31527307.0,10:55:12
sz301278,快可电子,27.57,0.18,0.657,27.55,27.57,27.39,27.83,27.83,27.2,322700.0,8872694.0,10:55:06
sz301279,金道科技,20.96,0.04,0.191,20.96,21.01,20.92,20.96,21.39,20.65,1100139.0,23188557.0,10:55:12
sz301280,珠城科技,42.81,-1.41,-3.189,42.81,42.82,44.22,43.9,44.7,42.66,1487645.0,64461891.0,10:55:09
sz301281,科源制药,42.45,-1.52,-3.457,42.45,42.49,43.97,43.93,43.93,42.11,943100.0,40382588.0,10:55:09
sz301282,金禄电子,32.83,-0.65,-1.941,32.8,32.84,33.48,33.2,33.65,32.0,7620272.0,250233583.0,10:55:12
sz301283,聚胶股份,25.41,0.07,0.276,25.36,25.4,25.34,25.34,25.58,25.03,484536.0,12273343.0,10:55:09
sz301285,鸿日达,85.54,-5.45,-5.99,85.51,85.59,90.99,90.99,90.99,83.5,2478007.0,212107815.0,10:55:06
sz301286,侨源股份,42.95,-0.31,-0.717,42.9,42.96,43.26,43.07,43.49,41.28,737200.0,31425565.0,10:55:03
sz301287,康力源,40.45,-0.69,-1.677,40.5,40.62,41.14,40.88,41.2,40.09,424100.0,17201074.0,10:54:54
sz301288,清研环境,16.94,0.17,1.014,16.92,16.94,16.77,16.68,17.19,16.57,483500.0,8150089.0,10:54:15
sz301289,国缆检测,43.89,0.54,1.246,43.86,43.89,43.35,42.9,44.05,42.9,365038.0,15926053.0,10:54:48
sz301290,东星医疗,29.16,0.75,2.64,29.16,29.18,28.41,28.15,29.35,27.84,1502972.0,43140868.0,10:55:09
sz301291,明阳电气,37.23,0.08,0.215,37.22,37.23,37.15,36.81,38.61,36.59,3088762.0,116061769.0,10:55:12
sz301292,海科新源,63.45,-2.91,-4.385,63.44,63.49,66.36,65.2,65.8,63.33,3992598.0,256365195.0,10:55:09
sz301293,三博脑科,51.19,0.64,1.266,51.19,51.22,50.55,50.97,52.2,50.88,4238485.0,217926402.0,10:55:12
sz301295,美硕科技,37.21,-0.15,-0.401,37.21,37.23,37.36,36.99,37.93,36.3,1015800.0,37709178.0,10:55:06
sz301296,新巨丰,6.38,0.1,1.592,6.37,6.38,6.28,6.26,6.41,6.25,1465800.0,9312867.0,10:54:51
sz301297,富乐德,34.23,-1.67,-4.652,34.22,34.23,35.9,34.85,34.99,33.5,9819093.0,336024071.0,10:55:12
sz301298,东利机械,12.87,0.08,0.625,12.86,12.87,12.79,12.76,13.05,12.63,768440.0,9864774.0,10:55:12
sz301299,卓创资讯,43.76,1.08,2.53,43.76,43.8,42.68,42.5,44.09,42.5,697805.0,30362664.0,10:55:09
sz301300,远翔新材,32.06,0.23,0.723,32.04,32.06,31.83,31.84,32.25,31.5,262900.0,8406918.0,10:55:03
sz301301,川宁生物,8.8,0.18,2.088,8.79,8.8,8.62,8.57,8.89,8.51,8646319.0,75659096.0,10:55:12
sz301302,华如科技,20.45,-0.19,-0.921,20.44,20.45,20.64,20.28,20.61,20.03,2007487.0,40751363.0,10:55:09
sz301303,真兰仪表,14.04,-0.01,-0.071,14.04,14.06,14.05,14.02,14.23,13.9,1383400.0,19467528.0,10:55:09
sz301305,朗坤科技,23.82,-0.2,-0.833,23.81,23.83,24.02,24.0,24.04,23.6,1459900.0,34772672.0,10:55:09
sz301306,西测测试,85.36,-0.69,-0.802,85.29,85.49,86.05,85.98,86.79,83.25,1090609.0,92752397.0,10:55:06
sz301307,美利信,51.82,-1.0,-1.893,51.82,51.83,52.82,52.08,53.5,50.51,6816487.0,354427506.0,10:55:12
sz301308,江波龙,362.35,-2.55,-0.699,362.35,362.58,364.9,360.0,365.97,353.88,5165504.0,1857112520.0,10:55:12
sz301309,万得凯,29.5,0.1,0.34,29.49,29.51,29.4,29.55,29.83,29.05,456100.0,13467452.0,10:55:12
sz301310,鑫宏业,47.69,-1.62,-3.285,47.69,47.73,49.31,49.28,49.28,46.99,2329640.0,111234517.0,10:55:12
sz301311,昆船智能,13.7,0.28,2.086,13.68,13.7,13.42,13.35,13.74,13.33,968300.0,13183902.0,10:55:06
sz301312,智立方,71.38,0.58,0.819,71.38,71.42,70.8,69.36,73.42,67.63,4829093.0,346433389.0,10:55:12
sz301313,凡拓数创,32.58,-0.18,-0.549,32.56,32.6,32.76,32.93,33.08,31.87,1842395.0,59783766.0,10:55:09
sz301314,科瑞思,42.71,0.41,0.969,42.67,42.75,42.3,42.04,43.2,41.58,282074.0,11980681.0,10:54:57
sz301315,威士顿,39.56,0.27,0.687,39.53,39.61,39.29,38.88,39.73,38.53,897540.0,35279441.0,10:55:06
sz301316,慧博云通,37.75,0.2,0.533,37.75,37.77,37.55,37.49,38.17,36.94,3748592.0,141039257.0,10:55:12
sz301317,鑫磊股份,42.91,0.07,0.163,42.83,42.89,42.84,42.42,43.68,41.41,1426000.0,60985520.0,10:55:06
sz301318,维海德,20.71,0.28,1.371,20.71,20.72,20.43,20.36,20.87,20.13,678100.0,13951953.0,10:55:12
sz301319,唯特偶,99.0,-3.51,-3.424,98.99,99.0,102.51,99.94,100.99,95.6,5668782.0,556672993.0,10:55:12
sz301320,豪江智能,13.54,0.25,1.881,13.54,13.55,13.29,13.02,13.6,13.02,1486600.0,19932213.0,10:55:06
sz301321,翰博高新,40.25,-0.79,-1.925,40.23,40.29,41.04,40.0,41.78,39.43,4975340.0,201681679.0,10:55:12
sz301322,绿通科技,40.21,0.04,0.1,40.21,40.28,40.17,39.39,40.8,38.65,2059060.0,82133749.0,10:54:57
sz301323,新莱福,66.93,-2.07,-3.0,66.93,66.94,69.0,68.18,68.64,66.62,654600.0,44204201.0,10:55:12
sz301325,曼恩斯特,29.85,-0.52,-1.712,29.83,29.88,30.37,30.07,30.41,29.61,873846.0,26218618.0,10:55:12
sz301326,捷邦科技,107.44,0.57,0.533,107.01,107.44,106.87,104.73,108.8,102.58,919700.0,96845807.0,10:55:12
sz301327,华宝新能,43.59,-1.15,-2.57,43.6,43.61,44.74,44.01,44.75,43.4,1169301.0,51295807.0,10:55:06
sz301328,维峰电子,56.08,-1.25,-2.18,56.01,56.13,57.33,56.6,57.4,54.5,1335120.0,74673316.0,10:55:12
sz301329,信音电子,18.7,-0.24,-1.267,18.69,18.7,18.94,18.65,18.88,18.07,2488498.0,46082430.0,10:55:09
sz301330,熵基科技,23.84,0.29,1.231,23.84,23.85,23.55,23.55,24.07,23.25,875597.0,20773950.0,10:55:06
sz301331,恩威医药,22.11,0.27,1.236,22.11,22.12,21.84,21.85,22.56,21.64,1117500.0,24648818.0,10:55:03
sz301332,德尔玛,7.97,0.22,2.839,7.97,7.99,7.75,7.74,8.0,7.72,2844600.0,22523730.0,10:55:09
sz301333,诺思格,53.99,-1.09,-1.979,53.94,53.99,55.08,54.65,55.55,53.21,1651899.0,89321403.0,10:55:12
sz301335,天元宠物,24.75,0.27,1.103,24.74,24.78,24.48,24.3,25.48,24.24,2020000.0,50397800.0,10:55:12
sz301336,趣睡科技,41.01,0.22,0.539,41.01,41.06,40.79,40.77,41.2,40.26,371030.0,15126389.0,10:55:03
sz301337,亚华电子,25.67,-0.06,-0.233,25.7,25.74,25.73,25.8,25.93,25.02,409900.0,10510658.0,10:55:12
sz301338,凯格精机,95.77,-1.73,-1.774,95.65,95.77,97.5,96.7,97.88,93.42,2246760.0,214158392.0,10:55:12
sz301339,通行宝,10.99,0.12,1.104,10.98,10.99,10.87,10.88,11.04,10.82,1218640.0,13349441.0,10:55:12
sz301345,涛涛车业,241.05,-1.74,-0.717,241.05,241.63,242.79,240.01,244.87,239.01,334400.0,80891855.0,10:55:12
sz301348,蓝箭电子,20.39,-0.16,-0.779,20.39,20.41,20.55,20.3,20.62,19.86,3527695.0,71320055.0,10:55:12
sz301349,信德新材,41.25,-1.83,-4.248,41.24,41.26,43.08,43.04,43.04,40.5,2920456.0,121175920.0,10:55:12
sz301353,普莱得,19.16,0.31,1.645,19.15,19.16,18.85,18.69,19.34,18.69,772203.0,14717298.0,10:54:51
sz301355,南王科技,10.12,0.15,1.505,10.12,10.13,9.97,9.97,10.18,9.81,1206700.0,12151169.0,10:55:06
sz301356,天振股份,19.55,-0.32,-1.61,19.53,19.56,19.87,19.51,19.89,19.18,940982.0,18396568.0,10:55:00
sz301357,北方长龙,90.88,4.88,5.674,90.7,90.96,86.0,85.0,93.1,84.08,4781198.0,429635836.0,10:55:12
sz301358,湖南裕能,62.13,-3.87,-5.864,62.1,62.13,66.0,65.0,65.65,61.88,12978272.0,821428950.0,10:55:12
sz301359,东南电子,17.3,0.45,2.671,17.29,17.3,16.85,16.85,17.53,16.71,1479500.0,25390412.0,10:55:12
sz301360,荣旗科技,54.62,-0.48,-0.871,54.6,54.72,55.1,54.16,55.24,52.88,1688931.0,91281138.0,10:55:09
sz301361,众智科技,26.54,0.18,0.683,26.53,26.54,26.36,26.52,26.81,25.96,412100.0,10918486.0,10:55:12
sz301362,民爆光电,111.65,-3.47,-3.014,111.54,111.64,115.12,111.92,113.28,108.1,2027660.0,224142978.0,10:55:12
sz301363,美好医疗,16.29,0.14,0.867,16.29,16.3,16.15,16.14,16.48,16.05,4748016.0,77198647.0,10:55:12
sz301365,矩阵股份,38.61,-0.02,-0.052,38.62,38.64,38.63,39.18,39.18,37.89,1177650.0,45452938.0,10:55:06
sz301366,一博科技,54.06,-0.81,-1.476,54.08,54.15,54.87,54.02,54.94,53.01,3412520.0,184021867.0,10:55:12
sz301367,瑞迈特,42.49,0.09,0.212,42.46,42.48,42.4,42.8,42.87,42.06,347580.0,14774769.0,10:55:03
sz301368,丰立智能,38.9,0.31,0.803,38.89,38.91,38.59,38.03,39.38,38.03,617000.0,23941098.0,10:55:06
sz301369,联动科技,125.93,-5.16,-3.936,125.71,125.93,131.09,128.02,131.08,122.0,1280418.0,161127844.0,10:55:09
sz301370,国科恒泰,8.83,0.12,1.378,8.83,8.84,8.71,8.71,8.9,8.65,1448900.0,12755359.0,10:55:12
sz301371,敷尔佳,21.49,0.4,1.897,21.49,21.5,21.09,21.09,21.66,20.97,3461470.0,73869231.0,10:55:09
sz301372,科净源,29.31,-0.04,-0.136,29.26,29.3,29.35,29.08,29.58,28.9,249000.0,7275713.0,10:55:12
sz301373,凌玮科技,90.73,-2.29,-2.462,90.53,90.73,93.02,91.78,92.69,89.08,1943175.0,176660397.0,10:55:12
sz301376,致欧科技,20.86,0.24,1.164,20.81,20.86,20.62,20.58,21.03,20.27,1720900.0,35836644.0,10:55:12
sz301377,鼎泰高科,390.44,-2.57,-0.654,390.35,390.87,393.01,388.88,399.63,386.01,1704892.0,669006557.0,10:55:12
sz301378,通达海,24.51,0.28,1.156,24.51,24.52,24.23,24.13,24.72,23.87,1217349.0,29680609.0,10:55:09
sz301379,天山电子,21.14,-0.36,-1.674,21.13,21.14,21.5,21.19,21.45,20.66,5973860.0,125628251.0,10:55:12
sz301380,挖金客,30.26,0.78,2.646,30.24,30.26,29.48,29.48,30.5,29.21,1946800.0,58350417.0,10:55:09
sz301381,赛维时代,23.18,-0.36,-1.529,23.17,23.19,23.54,23.58,23.88,22.84,2284219.0,53083825.0,10:55:09
sz301382,蜂助手,38.67,-1.05,-2.644,38.65,38.67,39.72,39.06,39.16,37.9,4364458.0,168442055.0,10:55:12
sz301383,天键股份,22.75,0.67,3.034,22.75,22.77,22.08,21.88,23.03,21.8,1385323.0,31307696.0,10:55:06
sz301386,未来电器,20.39,0.32,1.594,20.34,20.37,20.07,20.07,20.53,19.9,391200.0,7940399.0,10:55:06
sz301387,光大同创,54.38,-1.97,-3.496,54.36,54.4,56.35,55.79,55.79,53.28,1194802.0,64994556.0,10:55:12
sz301388,欣灵电气,23.97,0.26,1.097,23.95,23.97,23.71,23.34,24.19,23.34,431066.0,10282579.0,10:55:00
sz301389,隆扬电子,50.81,-0.32,-0.626,50.8,50.82,51.13,49.8,51.85,49.0,5420415.0,272454764.0,10:55:12
sz301390,经纬股份,31.14,0.1,0.322,31.14,31.19,31.04,31.81,31.81,30.23,494800.0,15346304.0,10:55:06
sz301391,卡莱特,45.83,-0.17,-0.37,45.79,45.83,46.0,45.56,46.49,45.08,487600.0,22338704.0,10:55:12
sz301392,汇成真空,167.66,-6.55,-3.76,167.52,167.72,174.21,171.49,171.99,161.0,2580950.0,430772820.0,10:55:12
sz301393,昊帆生物,58.12,-3.2,-5.219,58.12,58.15,61.32,60.32,60.63,55.64,2543600.0,146962142.0,10:55:12
sz301395,仁信新材,12.15,-0.06,-0.491,12.14,12.15,12.21,12.11,12.28,11.99,901500.0,10946092.0,10:54:36
sz301396,宏景科技,170.35,-2.51,-1.452,170.35,170.43,172.86,170.07,173.99,165.19,6268686.0,1060577221.0,10:55:12
sz301397,溯联股份,25.2,0.05,0.199,25.16,25.2,25.15,25.16,25.72,24.87,2005433.0,50704552.0,10:55:09
sz301398,星源卓镁,32.78,1.49,4.762,32.71,32.8,31.29,30.73,34.5,30.73,3369264.0,111261689.0,10:55:12
sz301399,英特科技,17.11,0.05,0.293,17.11,17.13,17.06,17.06,17.29,16.86,1018900.0,17388604.0,10:55:09
sz301408,华人健康,14.64,-0.25,-1.679,14.64,14.66,14.89,14.85,15.02,14.5,5554000.0,81997473.0,10:55:12
sz301413,安培龙,59.14,-0.93,-1.548,59.12,59.14,60.07,59.46,60.4,58.08,1500654.0,88681642.0,10:55:12
sz301418,协昌科技,35.76,-1.38,-3.716,35.75,35.76,37.14,36.01,36.43,35.38,1177200.0,42244699.0,10:55:12
sz301419,阿莱德,37.7,-3.4,-8.273,37.68,37.7,41.1,41.72,42.2,37.7,8107465.0,315537289.0,10:55:12
sz301421,波长光电,74.43,-2.12,-2.769,74.34,74.43,76.55,75.55,75.7,72.85,1978400.0,146959131.0,10:55:12
sz301428,世纪恒通,27.7,0.14,0.508,27.7,27.72,27.56,27.36,27.96,27.14,786800.0,21681640.0,10:55:00
sz301429,森泰股份,17.34,0.19,1.108,17.33,17.34,17.15,17.17,17.48,17.05,465100.0,8053656.0,10:55:12
sz301439,泓淋电力,14.85,0.1,0.678,14.85,14.86,14.75,14.6,14.94,14.46,2079824.0,30622782.0,10:54:57
sz301446,福事特,33.59,-1.68,-4.763,33.57,33.61,35.27,35.27,35.27,33.52,708850.0,24140337.0,10:55:00
sz301448,开创电气,42.54,1.29,3.127,42.52,42.63,41.25,42.34,43.95,41.61,1738766.0,74222237.0,10:55:12
sz301449,天溯计量,45.25,0.9,2.029,45.25,45.3,44.35,44.25,45.88,43.2,3251442.0,144152766.0,10:55:12
sz301456,盘古智能,23.06,0.24,1.052,23.04,23.09,22.82,22.82,23.31,22.75,849300.0,19565482.0,10:55:00
sz301458,钧崴电子,35.79,-0.65,-1.784,35.77,35.79,36.44,35.94,36.26,34.94,2515273.0,89684731.0,10:55:12
sz301459,丰茂股份,31.56,-0.57,-1.774,31.54,31.56,32.13,32.0,32.47,31.51,920323.0,29567739.0,10:55:12
sz301468,博盈特焊,32.7,-0.99,-2.939,32.7,32.71,33.69,33.69,33.69,32.56,1934400.0,63804636.0,10:55:12
sz301469,恒达新材,28.85,0.36,1.264,28.85,28.92,28.49,28.39,29.1,28.29,485089.0,13977112.0,10:55:12
sz301479,弘景光电,47.51,-1.02,-2.102,47.43,47.52,48.53,47.62,48.19,46.67,829081.0,39258231.0,10:55:12
sz301486,致尚科技,167.51,-0.49,-0.292,167.46,167.55,168.0,165.0,171.0,162.66,1757917.0,292866839.0,10:55:12
sz301487,盟固利,16.02,-0.72,-4.301,16.02,16.03,16.74,16.58,16.85,16.01,11659300.0,190117729.0,10:55:12
sz301488,豪恩汽电,97.04,0.24,0.248,96.87,97.04,96.8,95.9,98.2,95.0,460839.0,44548500.0,10:55:09
sz301489,思泉新材,114.41,0.42,0.368,114.19,114.41,113.99,114.0,118.0,109.8,5603644.0,639849208.0,10:55:12
sz301491,汉桑科技,38.85,0.35,0.909,38.86,38.9,38.5,38.75,39.11,38.24,269313.0,10447906.0,10:55:03
sz301498,乖宝宠物,38.68,0.91,2.409,38.68,38.69,37.77,37.77,38.84,37.71,2505107.0,96156924.0,10:55:15
sz301499,维科精密,24.23,-0.02,-0.082,24.23,24.24,24.25,24.06,24.48,23.77,566600.0,13681767.0,10:55:03
sz301500,飞南资源,22.05,-1.2,-5.161,22.05,22.06,23.25,23.11,23.56,22.02,7965616.0,179846825.0,10:55:15
sz301501,恒鑫生活,27.99,0.28,1.01,27.99,28.0,27.71,27.62,28.15,27.56,393856.0,11011585.0,10:54:54
sz301502,华阳智能,50.2,-0.2,-0.397,50.09,50.3,50.4,50.15,51.12,49.0,380924.0,19060162.0,10:55:12
sz301503,智迪科技,22.08,0.48,2.222,22.08,22.1,21.6,21.69,22.2,21.47,428930.0,9424534.0,10:55:12
sz301505,苏州规划,15.68,-0.38,-2.366,15.66,15.69,16.06,15.8,15.89,15.17,2861500.0,44669800.0,10:55:12
sz301507,民生健康,12.76,0.1,0.79,12.76,12.77,12.66,12.66,12.86,12.51,1320945.0,16809264.0,10:55:15
sz301508,中机认检,24.4,0.69,2.91,24.4,24.42,23.71,24.11,24.48,23.9,1382600.0,33598150.0,10:54:54
sz301509,金凯生科,29.04,-0.43,-1.459,29.05,29.07,29.47,29.18,29.78,28.73,1709562.0,49867402.0,10:55:12
sz301510,固高科技,25.64,-0.01,-0.039,25.64,25.65,25.65,25.5,25.96,25.14,2531000.0,64655714.0,10:55:15
sz301511,德福科技,78.55,-3.32,-4.055,78.55,78.57,81.87,81.32,81.87,77.0,19911195.0,1570327212.0,10:55:15
sz301512,智信精密,32.42,1.55,5.021,32.35,32.42,30.87,30.82,32.42,30.5,925691.0,29130892.0,10:55:12
sz301513,尚水智能,47.78,-1.13,-2.31,47.77,47.78,48.91,47.88,49.3,47.6,589500.0,28470385.0,10:55:15
sz301515,港通医疗,19.64,0.56,2.935,19.64,19.67,19.08,19.04,19.77,18.91,868200.0,16908370.0,10:55:15
sz301516,中远通,22.81,-1.32,-5.47,22.81,22.82,24.13,23.76,23.76,22.7,6274362.0,144968000.0,10:55:15
sz301517,陕西华达,36.66,-1.0,-2.655,36.66,36.7,37.66,36.9,37.31,35.82,1382000.0,50463942.0,10:55:15
sz301518,长华化学,24.95,0.14,0.564,24.94,24.96,24.81,24.63,25.32,24.55,801487.0,20015971.0,10:55:09
sz301519,舜禹股份,12.14,0.09,0.747,12.14,12.15,12.05,12.0,12.27,11.91,946500.0,11457400.0,10:55:15
sz301520,万邦医药,80.6,3.5,4.54,80.6,80.88,77.1,76.5,83.26,74.0,8513131.0,670935775.0,10:55:15
sz301522,上大股份,22.8,0.3,1.333,22.78,22.8,22.5,22.35,22.94,22.2,1474900.0,33427328.0,10:55:15
sz301525,儒竞科技,38.46,-0.19,-0.492,38.44,38.52,38.65,38.66,39.18,38.01,368520.0,14236345.0,10:55:12
sz301526,国际复材,29.52,-0.57,-1.894,29.52,29.53,30.09,29.55,29.98,28.87,51140394.0,1502997663.0,10:55:15
sz301528,多浦乐,53.82,-1.37,-2.482,53.8,53.85,55.19,54.63,55.79,53.34,609928.0,33080686.0,10:55:12
sz301529,福赛科技,108.46,-1.72,-1.561,107.95,108.46,110.18,109.43,110.25,105.0,1579567.0,169141817.0,10:55:15
sz301531,春光集团,47.77,-0.58,-1.2,47.77,47.78,48.35,48.35,48.59,47.28,742616.0,35634089.0,10:55:15
sz301533,威马农机,26.98,0.29,1.087,26.97,26.99,26.69,26.63,27.32,26.35,422500.0,11380149.0,10:55:15
sz301535,浙江华远,14.12,-0.37,-2.553,14.12,14.13,14.49,14.35,14.35,13.96,1135520.0,16063192.0,10:55:12
sz301536,星宸科技,112.73,-1.58,-1.382,112.72,112.73,114.31,113.18,114.61,108.71,6348325.0,708472286.0,10:55:15
sz301538,骏鼎达,37.5,0.15,0.402,37.46,37.48,37.35,36.61,37.78,36.39,861480.0,31897410.0,10:55:15
sz301539,宏鑫科技,14.61,0.07,0.481,14.6,14.63,14.54,14.46,14.74,14.36,703282.0,10270185.0,10:55:06
sz301548,崇德科技,60.28,-0.42,-0.692,60.13,60.28,60.7,60.32,61.1,58.52,666999.0,39919572.0,10:55:15
sz301550,斯菱智驱,82.95,-3.93,-4.523,82.97,83.01,86.88,86.74,86.87,82.77,3398415.0,285066259.0,10:55:15
sz301551,无线传媒,19.73,0.18,0.921,19.73,19.74,19.55,19.45,19.9,19.4,2293798.0,45044962.0,10:55:15
sz301552,科力装备,25.3,-0.55,-2.128,25.3,25.37,25.85,25.4,25.84,24.7,1158670.0,29082942.0,10:55:12
sz301555,惠柏新材,31.83,1.37,4.498,31.8,31.82,30.46,30.59,32.21,30.0,1487297.0,46441142.0,10:55:15
sz301556,托普云农,56.84,0.61,1.085,56.82,56.84,56.23,55.81,58.1,55.81,993548.0,56962269.0,10:55:03
sz301557,常友科技,85.77,-1.05,-1.209,85.77,85.88,86.82,86.81,87.36,84.82,485968.0,41696591.0,10:55:12
sz301558,三态股份,6.61,0.12,1.849,6.61,6.62,6.49,6.47,6.62,6.44,2857300.0,18768865.0,10:55:15
sz301559,中集环科,12.99,0.17,1.326,12.99,13.0,12.82,12.86,13.01,12.73,689030.0,8914628.0,10:55:00
sz301560,众捷汽车,22.55,0.25,1.121,22.55,22.59,22.3,22.32,22.73,22.01,500300.0,11199803.0,10:55:03
sz301563,云汉芯城,118.62,-1.73,-1.437,118.62,118.86,120.35,118.5,119.98,116.27,523873.0,61887792.0,10:55:15
sz301565,中仑新材,19.9,-0.03,-0.151,19.9,19.91,19.93,19.99,20.15,19.7,3250589.0,64725654.0,10:55:00
sz301566,达利凯普,24.1,-0.48,-1.953,24.1,24.11,24.58,24.19,24.5,23.49,6646744.0,159567646.0,10:55:15
sz301567,贝隆精密,35.99,0.76,2.157,35.96,35.98,35.23,34.85,36.43,34.85,613088.0,21840978.0,10:55:06
sz301568,思泰克,68.35,-1.61,-2.301,68.31,68.36,69.96,69.1,69.44,66.34,1430047.0,97017691.0,10:55:15
sz301571,国科天成,63.8,-1.11,-1.71,63.81,63.84,64.91,64.87,65.38,62.93,1093915.0,70064963.0,10:55:03
sz301575,艾芬达,26.53,0.66,2.551,26.53,26.6,25.87,25.74,26.69,25.5,569093.0,14918569.0,10:55:15
sz301577,美信科技,55.0,-0.16,-0.29,54.86,55.0,55.16,54.33,55.49,53.5,660800.0,35947043.0,10:55:06
sz301578,辰奕智能,22.79,0.25,1.109,22.77,22.8,22.54,22.19,22.9,22.19,280790.0,6372064.0,10:55:09
sz301580,爱迪特,49.28,0.32,0.654,49.25,49.29,48.96,48.13,50.1,47.88,2811208.0,137858698.0,10:55:15
sz301581,黄山谷捷,36.22,-0.97,-2.608,36.2,36.28,37.19,37.0,37.01,35.75,386200.0,14043593.0,10:55:03
sz301583,托伦斯,122.12,-2.58,-2.069,122.12,122.19,124.7,122.41,125.7,120.13,2366652.0,289496673.0,10:55:15
sz301584,建发致新,21.33,0.01,0.047,21.33,21.35,21.32,21.15,21.67,21.03,1038535.0,22226697.0,10:55:12
sz301585,蓝宇股份,26.18,-0.52,-1.948,26.17,26.19,26.7,26.82,26.82,25.9,395500.0,10384240.0,10:54:48
sz301586,佳力奇,30.83,0.07,0.228,30.76,30.84,30.76,30.48,31.19,30.38,327000.0,10058996.0,10:54:51
sz301587,中瑞股份,21.33,0.12,0.566,21.32,21.33,21.21,20.89,21.66,20.89,1639000.0,35040472.0,10:55:15
sz301588,美新科技,27.55,0.73,2.722,27.55,27.58,26.82,26.56,27.95,26.2,2323000.0,63148797.0,10:55:15
sz301589,诺瓦星云,139.64,0.49,0.352,139.5,139.69,139.15,138.0,141.5,138.0,438397.0,61245471.0,10:55:15
sz301590,优优绿能,71.42,-0.18,-0.251,71.42,71.56,71.6,71.0,72.44,70.3,311146.0,22208613.0,10:55:09
sz301591,肯特股份,39.71,2.17,5.781,39.71,39.72,37.54,36.85,41.43,35.88,10617952.0,412648151.0,10:55:15
sz301592,六九一二,102.07,-0.7,-0.681,102.03,102.2,102.77,101.8,103.17,100.54,313562.0,31900941.0,10:55:09
sz301595,太力科技,38.81,0.27,0.701,38.75,38.87,38.54,38.96,39.2,38.14,317596.0,12286023.0,10:55:15
sz301596,瑞迪智驱,46.0,-0.5,-1.075,46.0,46.05,46.5,46.0,46.68,45.31,591180.0,27174044.0,10:55:15
sz301598,博科测试,53.18,-2.28,-4.111,53.1,53.22,55.46,54.9,54.9,50.61,1841671.0,97131544.0,10:55:12
sz301599,理奇智能,33.0,-2.37,-6.701,33.0,33.03,35.37,34.7,35.17,32.98,4837010.0,163900755.0,10:55:15
sz301600,慧翰股份,84.95,1.28,1.53,84.85,85.0,83.67,83.13,85.72,83.01,273400.0,23105831.0,10:55:12
sz301601,惠通科技,16.28,0.25,1.56,16.27,16.3,16.03,15.84,16.43,15.81,1649300.0,26729168.0,10:55:15
sz301602,超研股份,16.16,0.08,0.498,16.16,16.17,16.08,16.09,16.33,15.86,2573880.0,41579034.0,10:55:15
sz301603,乔锋智能,118.8,-0.2,-0.168,118.83,118.91,119.0,119.56,123.98,118.38,2603600.0,314826611.0,10:55:15
sz301606,绿联科技,53.76,4.81,9.826,53.72,53.79,48.95,52.83,55.55,51.39,6034772.0,325171651.0,10:55:15
sz301607,富特科技,41.39,-0.87,-2.059,41.39,41.4,42.26,41.94,42.18,40.38,4260681.0,175483399.0,10:55:09
sz301608,博实结,45.8,0.38,0.837,45.8,45.88,45.42,45.57,46.18,45.01,456473.0,20780198.0,10:55:15
sz301609,山大电力,32.86,-0.14,-0.424,32.83,32.86,33.0,32.68,33.13,32.22,907663.0,29732057.0,10:54:21
sz301611,珂玛科技,97.84,-5.06,-4.917,97.85,97.88,102.9,100.48,101.56,94.24,7078733.0,688194770.0,10:55:15
sz301613,新铝时代,35.7,-0.79,-2.165,35.7,35.74,36.49,35.05,35.98,34.73,962674.0,34015799.0,10:55:09
sz301616,浙江华业,34.58,0.08,0.232,34.58,34.67,34.5,34.45,34.85,34.06,211400.0,7280535.0,10:55:09
sz301617,博苑新材,49.69,1.58,3.284,49.49,49.69,48.11,48.1,49.99,46.38,1657109.0,79452902.0,10:55:15
sz301618,长联科技,32.01,-0.04,-0.125,32.0,32.03,32.05,32.01,32.45,31.51,666600.0,21287632.0,10:55:12
sz301622,英思特,39.77,0.15,0.379,39.77,39.83,39.62,39.6,40.1,38.81,1085400.0,42869790.0,10:55:15
sz301626,苏州天脉,250.85,-1.13,-0.448,250.8,251.0,251.98,247.45,255.5,242.24,735616.0,181644536.0,10:55:15
sz301628,强达电路,88.7,0.2,0.226,88.46,88.7,88.5,87.01,91.4,85.0,1219147.0,107438211.0,10:55:09
sz301629,矽电股份,252.03,-3.76,-1.47,252.03,253.34,255.79,245.0,260.7,240.02,824757.0,207043290.0,10:55:15
sz301630,同宇新材,158.17,-3.76,-2.322,157.63,158.16,161.93,160.0,160.9,154.6,529160.0,83406676.0,10:55:12
sz301631,壹连科技,60.5,0.38,0.632,60.49,60.5,60.12,59.02,61.24,58.69,2001615.0,119797453.0,10:55:15
sz301632,广东建科,13.31,-0.02,-0.15,13.3,13.31,13.33,13.35,13.46,13.28,1555624.0,20795994.0,10:55:15
sz301633,港迪技术,57.17,1.37,2.455,57.17,57.2,55.8,54.58,57.88,54.14,606100.0,34305096.0,10:55:15
sz301636,泽润新能,39.54,-0.44,-1.101,39.54,39.59,39.98,39.62,40.2,39.18,290372.0,11495833.0,10:55:15
sz301638,南网数字,22.09,-0.01,-0.045,22.06,22.09,22.1,21.85,22.22,21.81,2460911.0,54192474.0,10:55:12
sz301655,C绿控,27.88,0.89,3.298,27.88,27.89,26.99,25.38,28.24,25.02,11232571.0,304818734.0,10:55:15
sz301656,联合动力,15.02,-1.41,-8.582,15.01,15.02,16.43,15.6,15.6,14.66,7956801.0,118913422.0,10:55:12
sz301658,首航新能,23.28,-0.57,-2.39,23.27,23.29,23.85,23.54,23.8,23.1,3702889.0,86713310.0,10:55:15
sz301662,宏工科技,69.81,-1.67,-2.336,69.81,69.82,71.48,70.06,73.45,69.8,2417881.0,172449836.0,10:55:15
sz301665,泰禾股份,24.3,0.07,0.289,24.3,24.33,24.23,24.2,25.02,24.05,2587976.0,63710734.0,10:55:15
sz301666,大普微,393.32,-15.34,-3.754,393.32,393.82,408.66,395.15,399.94,383.06,1028972.0,402599622.0,10:55:12
sz301667,纳百川,62.44,0.0,0.0,62.43,62.5,62.44,61.64,62.99,60.58,952239.0,58750033.0,10:55:15
sz301668,昊创瑞通,33.69,-0.29,-0.853,33.62,33.69,33.98,33.67,33.8,33.2,475600.0,15925138.0,10:55:15
sz301669,高特电子,27.51,-0.06,-0.218,27.51,27.53,27.57,27.5,27.8,26.8,2007401.0,54735566.0,10:55:15
sz301677,欣兴工具,53.55,-0.53,-0.98,53.52,53.55,54.08,53.3,53.98,52.84,737683.0,39364179.0,10:55:15
sz301678,新恒汇,43.48,-0.8,-1.807,43.48,43.5,44.28,43.6,44.11,42.73,1087382.0,47258863.0,10:55:09
sz301680,固德电材,95.39,-2.76,-2.812,95.21,95.39,98.15,95.84,97.5,94.2,594402.0,56781095.0,10:55:06
sz301682,宏明电子,107.4,-2.28,-2.079,107.38,107.46,109.68,109.01,109.01,105.7,923977.0,99263786.0,10:55:06
sz301683,慧谷新材,98.02,-1.98,-1.98,98.0,98.09,100.0,98.98,99.18,96.52,321378.0,31483228.0,10:55:06
sz301687,新广益,48.63,0.71,1.482,48.62,48.63,47.92,46.87,50.09,46.75,1659615.0,80414534.0,10:55:09
sz301696,三瑞智能,95.57,-0.11,-0.115,95.41,95.57,95.68,96.0,96.59,94.11,712864.0,67924655.0,10:55:09
sz301707,展芯股份,77.3,-1.12,-1.428,77.28,77.31,78.42,77.0,78.49,76.5,1802514.0,139994217.0,10:55:15
sz301717,超纯应材,376.0,-13.99,-3.587,375.18,376.0,389.99,373.0,389.44,362.94,2176391.0,822567271.0,10:55:15
sz302132,中航成飞,56.13,-0.57,-1.005,56.12,56.13,56.7,56.5,56.98,55.9,2290099.0,129038209.0,10:55:15
