代码,名称,最新价,涨跌额,涨跌幅,买入,卖出,昨收,今开,最高,最低,成交量,成交额,时间戳
bj920000,安徽凤凰,13.64,0.08,0.59,13.6,13.64,13.56,13.46,13.69,13.46,292138.0,3974200.0,14:42:22
bj920001,纬达光电,11.0,0.07,0.64,11.0,11.01,10.93,11.05,11.05,10.65,1205620.0,13081147.0,14:42:22
bj920002,万达轴承,52.8,0.8,1.538,52.62,52.79,52.0,51.5,53.3,50.91,850834.0,44770839.0,14:42:22
bj920003,中诚咨询,15.3,0.11,0.724,15.3,15.32,15.19,15.13,15.41,15.06,233172.0,3544146.0,14:42:22
bj920005,鼎佳精密,22.57,0.15,0.669,22.58,22.61,22.42,22.41,22.67,22.22,188330.0,4228537.0,14:42:22
bj920006,晟楠科技,15.05,0.11,0.736,15.05,15.09,14.94,14.84,15.36,14.82,556319.0,8411210.0,14:42:22
bj920007,酉立智能,32.97,0.32,0.98,32.96,33.03,32.65,32.61,33.4,32.36,129477.0,4265500.0,14:42:22
bj920008,成电光信,19.04,0.28,1.493,18.96,19.06,18.76,18.76,19.15,18.52,207323.0,3930548.0,14:42:22
bj920009,丹娜生物,36.69,0.94,2.629,36.44,36.66,35.75,35.5,36.8,35.05,221957.0,8000925.0,14:42:22
bj920010,凯添燃气,8.52,0.16,1.914,8.52,8.53,8.36,8.39,8.73,8.31,4225908.0,36062191.0,14:42:22
bj920011,晨光电机,18.29,0.16,0.883,18.29,18.3,18.13,18.1,18.32,17.9,431494.0,7850177.0,14:42:22
bj920012,创达新材,53.26,-1.71,-3.111,53.26,53.33,54.97,53.93,54.69,50.65,1094529.0,57166027.0,14:42:22
bj920014,特瑞斯,8.74,0.12,1.392,8.74,8.76,8.62,8.65,8.83,8.65,838744.0,7351163.0,14:42:22
bj920015,锦华新材,39.66,0.17,0.43,39.49,39.63,39.49,39.2,40.0,38.64,880325.0,34748844.0,14:42:22
bj920016,中草香料,12.84,0.17,1.342,12.84,12.86,12.67,12.62,12.9,12.62,305240.0,3908402.0,14:42:22
bj920017,星昊医药,16.56,0.29,1.782,16.57,16.59,16.27,16.25,16.63,16.17,1626557.0,26700916.0,14:42:22
bj920018,宏远股份,14.94,0.14,0.946,14.94,14.97,14.8,14.81,14.98,14.62,539027.0,7979804.0,14:42:22
bj920019,铜冠矿建,14.36,-0.26,-1.778,14.34,14.36,14.62,14.62,14.81,14.12,1626980.0,23470014.0,14:42:22
bj920020,泰凯英,15.18,0.0,0.0,15.18,15.22,15.18,15.18,15.26,15.13,178909.0,2719209.0,14:42:22
bj920021,流金科技,6.63,0.18,2.791,6.62,6.63,6.45,6.48,6.64,6.45,6689966.0,43982567.0,14:42:22
bj920022,世昌股份,18.57,0.44,2.427,18.55,18.56,18.13,18.1,18.79,18.04,122551.0,2257368.0,14:42:22
bj920023,*ST田野,1.84,0.02,1.099,1.84,1.85,1.82,1.81,1.85,1.81,4748985.0,8707036.0,14:42:22
bj920026,卓兆点胶,20.78,-0.15,-0.717,20.77,20.78,20.93,20.79,21.22,20.19,2822442.0,58348120.0,14:42:22
bj920027,交大铁发,11.53,0.1,0.875,11.52,11.56,11.43,11.4,11.57,11.31,525182.0,6028532.0,14:42:22
bj920028,新恒泰,13.66,0.01,0.073,13.65,13.69,13.65,13.62,13.8,13.53,543939.0,7430450.0,14:42:22
bj920029,开发科技,34.9,0.1,0.287,34.91,34.94,34.8,34.6,35.14,34.6,463812.0,16186900.0,14:42:22
bj920030,德众汽车,4.44,0.1,2.304,4.43,4.44,4.34,4.32,4.49,4.32,1226233.0,5447319.0,14:42:22
bj920033,康普化学,14.72,0.06,0.409,14.72,14.74,14.66,14.9,15.0,14.39,985903.0,14507530.0,14:42:22
bj920035,精创电气,23.87,0.74,3.199,23.85,23.87,23.13,22.95,23.96,22.95,587952.0,13890931.0,14:42:22
bj920036,觅睿科技,29.22,0.62,2.168,29.18,29.22,28.6,28.5,29.44,28.3,293264.0,8478469.0,14:42:22
bj920037,广信科技,41.82,-0.53,-1.251,41.81,41.82,42.35,41.72,41.99,40.82,727579.0,30184076.0,14:42:22
bj920038,森合高科,37.75,-1.55,-3.944,37.75,37.81,39.3,39.45,39.86,37.0,4522645.0,171512040.0,14:42:22
bj920039,国义招标,8.54,-0.01,-0.117,8.54,8.56,8.55,8.53,8.74,8.4,703749.0,6042301.0,14:42:22
bj920045,蘅东光,475.0,24.5,5.438,475.0,475.01,450.5,444.03,497.8,425.0,2194560.0,1018024143.0,14:42:22
bj920046,亿能电力,19.88,-0.22,-1.095,19.86,19.88,20.1,19.87,19.99,19.55,1671642.0,33106094.0,14:42:22
bj920047,诺思兰德,16.81,-0.07,-0.415,16.8,16.81,16.88,17.02,17.07,16.73,2310514.0,38997034.0,14:42:22
bj920050,爱伦医疗,29.17,0.42,1.461,29.08,29.17,28.75,28.86,29.26,28.52,158915.0,4609347.0,14:42:22
bj920055,隆源股份,26.96,0.85,3.255,26.87,26.95,26.11,26.31,27.23,25.9,334251.0,8915398.0,14:42:22
bj920056,能之光,16.04,0.39,2.492,16.04,16.07,15.65,15.65,16.08,15.65,164254.0,2605245.0,14:42:22
bj920057,百甲科技,4.9,0.03,0.616,4.89,4.9,4.87,4.84,4.9,4.77,567051.0,2759342.0,14:42:22
bj920058,华洋赛车,28.72,-0.43,-1.475,28.72,28.86,29.15,29.0,29.3,28.51,213121.0,6170113.0,14:42:22
bj920059,双英集团,14.99,0.03,0.201,14.98,14.99,14.96,14.76,15.55,14.72,6555850.0,99432031.0,14:42:22
bj920060,万源通,20.81,0.15,0.726,20.8,20.84,20.66,20.62,21.04,20.6,1169159.0,24290630.0,14:42:22
bj920061,西磁科技,18.23,0.42,2.358,18.23,18.26,17.81,17.78,18.61,17.6,1771838.0,32410565.0,14:42:22
bj920062,科润智控,7.15,0.0,0.0,7.15,7.16,7.15,7.08,7.18,7.02,1183790.0,8430164.0,14:42:22
bj920065,千岸科技,34.31,1.31,3.97,34.29,34.31,33.0,32.9,34.89,32.64,2389492.0,81535649.0,14:42:22
bj920066,科拜尔,17.13,0.4,2.391,17.1,17.13,16.73,16.72,17.17,16.48,334673.0,5672256.0,14:42:22
bj920068,天工股份,15.83,0.31,1.997,15.83,15.86,15.52,15.37,15.94,15.37,1588014.0,24941375.0,14:42:22
bj920069,普昂医疗,33.64,0.46,1.386,33.64,33.67,33.18,33.14,33.73,32.8,231310.0,7687461.0,14:42:22
bj920072,科莱瑞迪,25.06,0.42,1.705,25.04,25.06,24.64,24.79,25.14,24.47,502486.0,12474809.0,14:42:22
bj920075,柏星龙,15.19,0.11,0.729,15.16,15.2,15.08,15.16,15.22,14.95,294405.0,4447404.0,14:42:22
bj920076,国亮新材,12.76,0.08,0.631,12.74,12.76,12.68,12.63,12.78,12.62,275177.0,3502379.0,14:42:22
bj920077,吉林碳谷,13.51,0.05,0.371,13.52,13.58,13.46,13.4,13.65,13.35,2245887.0,30469949.0,14:42:22
bj920078,族兴新材,21.12,-0.37,-1.722,21.12,21.13,21.49,21.0,21.5,20.15,3762547.0,78449173.0,14:42:22
bj920079,乔路铭,13.99,-0.02,-0.143,13.99,14.0,14.01,13.99,14.04,13.76,2438162.0,33910981.0,14:42:22
bj920080,奥美森,21.04,0.29,1.398,21.04,21.07,20.75,20.67,21.15,20.6,131821.0,2765253.0,14:42:22
bj920081,欧伦电气,44.18,3.06,7.442,44.18,44.2,41.12,40.95,44.32,40.63,2824554.0,121401038.0,14:42:22
bj920082,方正阀门,7.87,0.02,0.255,7.85,7.87,7.85,7.66,7.93,7.66,678911.0,5322240.0,14:42:22
bj920083,金戈新材,43.65,-0.85,-1.91,43.65,43.66,44.5,43.0,48.5,43.0,6618075.0,300967496.0,14:42:22
bj920086,科马材料,20.18,0.28,1.407,20.16,20.18,19.9,19.88,20.22,19.8,417088.0,8374854.0,14:42:22
bj920087,秋乐种业,16.39,0.99,6.429,16.38,16.39,15.4,14.8,17.98,14.8,25633144.0,430798224.0,14:42:22
bj920088,科力股份,43.96,-0.24,-0.543,43.96,43.98,44.2,43.69,46.2,43.27,4726104.0,210257996.0,14:42:22
bj920089,禾昌聚合,9.88,0.11,1.126,9.88,9.89,9.77,9.77,9.89,9.71,548082.0,5383941.0,14:42:22
bj920090,*ST同辉,3.75,-0.04,-1.055,3.75,3.76,3.79,3.79,3.79,3.69,1825524.0,6823355.0,14:42:22
bj920091,大鹏工业,28.34,0.47,1.686,28.22,28.36,27.87,27.33,28.5,27.33,307170.0,8590862.0,14:42:22
bj920092,汉鑫科技,27.88,0.62,2.274,27.88,27.9,27.26,26.6,28.39,26.38,1906850.0,52823590.0,14:42:22
bj920093,信胜科技,19.45,0.06,0.309,19.45,19.46,19.39,19.35,19.99,18.88,6198370.0,120936352.0,14:42:22
bj920096,嘉晨智能,33.29,0.09,0.271,33.26,33.29,33.2,33.0,33.54,32.6,552130.0,18261150.0,14:42:22
bj920098,科隆新材,16.58,0.1,0.607,16.55,16.57,16.48,16.36,16.8,16.35,316274.0,5237316.0,14:42:22
bj920099,瑞华技术,17.77,0.01,0.056,17.77,17.88,17.76,17.73,17.97,17.37,338419.0,6012589.0,14:42:22
bj920100,三协电机,31.92,0.46,1.462,31.92,31.95,31.46,31.0,32.21,30.7,959232.0,30172629.0,14:42:22
bj920101,志高机械,16.09,0.14,0.878,16.06,16.1,15.95,15.96,16.13,15.9,158257.0,2535119.0,14:42:22
bj920106,林泰新材,34.95,0.22,0.633,34.86,34.95,34.73,34.74,35.29,34.02,289015.0,10038446.0,14:42:22
bj920107,恒兴股份,21.08,0.38,1.836,21.07,21.08,20.7,20.6,21.39,20.6,2092342.0,44160728.0,14:42:22
bj920108,宏海科技,8.97,0.08,0.9,8.94,8.97,8.89,8.86,9.02,8.8,260079.0,2315847.0,14:42:22
bj920110,雷特科技,25.75,0.34,1.338,25.6,25.75,25.41,25.41,25.8,25.03,56266.0,1440900.0,14:42:22
bj920111,聚星科技,28.55,-0.54,-1.856,28.55,28.57,29.09,29.06,29.36,28.36,2186331.0,62776003.0,14:42:22
bj920112,巴兰仕,15.51,0.17,1.108,15.48,15.49,15.34,15.37,15.52,15.22,187650.0,2889908.0,14:42:22
bj920116,星图测控,43.91,0.99,2.307,43.9,43.96,42.92,42.92,44.2,42.67,1271962.0,55526375.0,14:42:22
bj920117,龙鑫智能,29.56,-0.57,-1.892,29.51,29.56,30.13,29.8,30.19,28.02,3021812.0,87502858.0,14:42:22
bj920118,太湖远大,20.61,0.05,0.243,20.6,20.61,20.56,20.58,20.93,20.39,658993.0,13637709.0,14:42:34
bj920119,美德乐,50.73,-0.79,-1.533,50.74,50.9,51.52,50.83,51.52,49.61,347908.0,17572673.0,14:42:34
bj920121,江天科技,28.76,0.39,1.375,28.66,28.77,28.37,28.33,28.8,28.31,197654.0,5649479.0,14:42:34
bj920122,中纺标,22.32,0.02,0.09,22.3,22.32,22.3,22.0,22.47,21.58,547460.0,12076745.0,14:42:34
bj920123,芭薇股份,10.55,0.36,3.533,10.51,10.54,10.19,10.2,10.61,10.16,1108205.0,11603478.0,14:42:34
bj920124,南特科技,12.33,0.06,0.489,12.33,12.37,12.27,12.21,12.41,12.17,373181.0,4583260.0,14:42:34
bj920125,鸿仕达,118.01,-1.99,-1.658,118.0,118.01,120.0,117.69,119.85,112.68,1022806.0,118675058.0,14:42:34
bj920126,永大股份,10.06,0.19,1.925,10.05,10.06,9.87,9.86,10.15,9.86,1111856.0,11127479.0,14:42:34
bj920128,胜业电气,17.29,0.29,1.706,17.26,17.29,17.0,16.98,17.36,16.87,415030.0,7122995.0,14:42:34
bj920130,立方控股,16.9,0.27,1.624,16.9,16.91,16.63,16.6,17.08,16.4,1258761.0,21238294.0,14:42:34
bj920132,泰鹏智能,8.45,0.2,2.424,8.43,8.45,8.25,8.25,8.48,8.24,361972.0,3041853.0,14:42:34
bj920136,永励精密,21.07,0.84,4.152,21.06,21.07,20.23,20.22,21.12,20.06,1815690.0,37585917.0,14:42:34
bj920138,杰理科技,38.07,0.32,0.848,38.04,38.07,37.75,37.15,38.44,37.13,2387707.0,90827193.0,14:42:34
bj920139,华岭股份,14.77,0.07,0.476,14.77,14.78,14.7,14.66,14.86,14.6,1753913.0,25889057.0,14:42:34
bj920145,恒合股份,9.64,0.01,0.104,9.64,9.69,9.63,9.61,9.88,9.52,491714.0,4756378.0,14:42:34
bj920146,华阳变速,4.98,0.08,1.633,4.98,5.0,4.9,4.88,5.05,4.84,1486766.0,7369630.0,14:42:34
bj920149,旭杰科技,7.67,-0.12,-1.54,7.67,7.69,7.79,7.73,7.94,7.59,1068190.0,8267227.0,14:42:34
bj920152,昆工科技,12.64,-0.13,-1.018,12.62,12.67,12.77,12.8,12.87,12.5,600763.0,7603460.0,14:42:34
bj920156,海昌智能,37.51,-0.27,-0.715,37.51,37.59,37.78,37.77,37.9,36.83,889666.0,33115890.0,14:42:34
bj920158,长江能科,8.03,0.07,0.879,8.03,8.04,7.96,7.99,8.1,7.89,663534.0,5328822.0,14:42:34
bj920159,农大科技,29.45,0.98,3.442,29.44,29.45,28.47,28.05,30.46,27.77,1341090.0,39547870.0,14:42:34
bj920160,北矿检测,20.38,0.01,0.049,20.38,20.42,20.37,20.37,20.49,20.2,203598.0,4147174.0,14:42:34
bj920161,龙辰科技,26.63,-0.88,-3.199,26.63,26.64,27.51,26.97,27.49,26.46,3479030.0,93555303.0,14:42:34
bj920163,方大新材,11.14,0.29,2.673,11.09,11.14,10.85,11.06,11.24,10.9,306279.0,3403569.0,14:42:34
bj920165,珈凯生物,37.93,1.74,4.808,37.9,37.93,36.19,36.19,38.96,36.05,1497966.0,56915705.0,14:42:34
bj920166,海圣医疗,20.43,0.0,0.0,20.39,20.43,20.43,20.01,20.55,19.8,322564.0,6513088.0,14:42:34
bj920167,同享科技,14.41,0.01,0.069,14.41,14.43,14.4,14.34,14.48,14.21,655307.0,9431648.0,14:42:34
bj920168,通宝光电,15.25,0.32,2.143,15.25,15.28,14.93,14.91,15.87,14.85,344340.0,5245259.0,14:42:34
bj920169,七丰精工,19.58,-0.32,-1.608,19.58,19.6,19.9,19.91,20.5,19.33,2540651.0,50275759.0,14:42:34
bj920171,志晟信息,15.97,0.12,0.757,15.93,15.96,15.85,15.71,16.16,15.71,846988.0,13539538.0,14:42:34
bj920174,五新智能,28.68,0.14,0.491,28.62,28.68,28.54,28.78,28.95,28.42,528496.0,15152401.0,14:42:34
bj920175,东方碳素,7.72,0.04,0.521,7.71,7.73,7.68,7.65,7.76,7.63,583587.0,4492406.0,14:42:34
bj920176,维琪科技,59.3,5.81,10.862,59.31,59.63,53.49,53.49,64.45,53.02,3065211.0,183126849.0,14:42:34
bj920177,恒道科技,24.46,0.37,1.536,24.41,24.6,24.09,24.01,24.53,23.97,183854.0,4453903.0,14:42:34
bj920178,锐翔智能,89.7,-3.68,-3.941,89.69,89.7,93.38,92.48,92.48,86.51,778622.0,69546921.0,14:42:34
bj920179,凯德石英,49.8,-1.57,-3.056,49.75,49.8,51.37,50.91,50.91,48.22,2205100.0,108946401.0,14:42:34
bj920180,爱得科技,11.83,0.07,0.595,11.82,11.83,11.76,11.81,11.87,11.71,347144.0,4088755.0,14:42:34
bj920181,赛英电子,75.69,-2.31,-2.962,75.69,75.73,78.0,76.5,77.5,73.51,621981.0,46887239.0,14:42:34
bj920183,海菲曼,27.78,0.03,0.108,27.78,27.84,27.75,27.46,27.97,27.46,89192.0,2478221.0,14:42:34
bj920184,国源科技,10.76,0.11,1.033,10.76,10.8,10.65,10.57,10.85,10.57,656032.0,7067998.0,14:42:34
bj920185,贝特瑞,21.04,0.12,0.574,21.02,21.04,20.92,20.72,21.08,20.7,3360208.0,70165120.0,14:42:34
bj920186,中科仪,72.9,-1.22,-1.646,72.91,73.0,74.12,73.29,73.4,70.55,2385518.0,171907406.0,14:42:34
bj920187,通领科技,19.32,0.52,2.766,19.33,19.36,18.8,18.97,19.41,18.7,580481.0,11122743.0,14:42:34
bj920188,悦龙科技,21.36,0.25,1.184,21.26,21.33,21.11,21.12,21.36,21.0,184513.0,3903258.0,14:42:34
bj920189,康美特,20.95,0.08,0.383,20.91,20.95,20.87,20.49,21.08,20.08,3171776.0,65334886.0,14:42:34
bj920190,雷神科技,26.1,1.15,4.609,26.1,26.11,24.95,25.0,26.54,24.81,6031539.0,156532928.0,14:42:34
bj920191,瑞尔竞达,8.61,0.14,1.653,8.6,8.62,8.47,8.46,8.65,8.45,546725.0,4667008.0,14:42:34
bj920193,吉和昌,31.89,-0.14,-0.437,31.88,31.89,32.03,31.6,32.19,30.7,2320393.0,73036796.0,14:42:34
bj920195,三祥科技,12.18,0.18,1.5,12.18,12.19,12.0,12.01,12.2,11.88,332260.0,4025139.0,14:42:34
bj920198,微创光电,7.57,0.12,1.611,7.56,7.57,7.45,7.6,7.6,7.39,671502.0,5062262.0,14:42:34
bj920199,倍益康,25.78,1.01,4.078,25.78,25.8,24.77,25.59,26.1,25.0,1168264.0,29958217.0,14:42:34
bj920200,振宏股份,26.84,0.04,0.149,26.84,26.86,26.8,26.55,27.06,26.16,659124.0,17571411.0,14:42:34
bj920204,沪江材料,12.63,0.16,1.283,12.6,12.63,12.47,12.4,12.65,12.4,143318.0,1801232.0,14:42:34
bj920206,彩客科技,47.69,0.28,0.591,47.69,47.7,47.41,46.0,55.99,45.9,5671842.0,285860743.0,14:42:34
bj920207,众诚科技,20.75,0.1,0.484,20.74,20.75,20.65,20.44,20.81,20.29,846650.0,17503161.0,14:42:34
bj920208,青矩技术,12.02,0.04,0.334,12.01,12.03,11.98,12.03,12.16,11.87,1567460.0,18873367.0,14:42:34
bj920211,新睿电子,104.2,0.9,0.871,104.2,104.39,103.3,102.84,104.39,101.3,261969.0,27051364.0,14:42:34
bj920212,智新电子,9.61,0.19,2.017,9.62,9.64,9.42,9.42,9.65,9.42,461945.0,4424832.0,14:42:34
bj920218,新天力,16.49,0.23,1.415,16.49,16.5,16.26,16.2,16.53,16.12,563168.0,9231954.0,14:42:34
bj920220,朗信电气,39.6,0.5,1.279,39.59,39.6,39.1,39.0,39.73,38.81,371944.0,14638978.0,14:42:34
bj920221,易实精密,12.61,0.13,1.042,12.6,12.61,12.48,12.39,12.64,12.29,495584.0,6216381.0,14:42:34
bj920222,益坤电气,25.0,0.32,1.297,24.99,25.0,24.68,24.79,25.18,24.43,573363.0,14242705.0,14:42:34
bj920223,荣亿精密,11.35,0.26,2.344,11.3,11.36,11.09,11.09,11.51,10.71,2602578.0,29027939.0,14:42:34
bj920225,利通科技,14.73,0.23,1.586,14.73,14.77,14.5,14.51,14.8,14.3,1086799.0,15855523.0,14:42:34
bj920227,美登科技,47.42,0.64,1.368,47.43,47.48,46.78,46.42,47.95,46.42,102513.0,4856333.0,14:42:34
bj920230,欧康医药,10.42,0.11,1.067,10.39,10.42,10.31,10.4,10.48,10.3,1100274.0,11442882.0,14:42:34
bj920237,力佳科技,11.91,-0.22,-1.814,11.91,11.93,12.13,12.01,12.3,11.83,1130850.0,13613661.0,14:42:34
bj920238,长鹰硬科,69.61,0.82,1.192,69.6,69.61,68.79,68.02,69.86,66.03,2524059.0,171662214.0,14:42:34
bj920239,长虹能源,21.83,-0.22,-0.998,21.83,21.84,22.05,22.19,22.25,21.56,1412828.0,30861688.0,14:42:34
bj920242,建邦科技,13.64,0.23,1.715,13.64,13.68,13.41,13.54,13.75,13.4,232165.0,3169671.0,14:42:34
bj920245,威博液压,12.78,-0.02,-0.156,12.74,12.81,12.8,12.76,12.85,12.36,409880.0,5219964.0,14:42:34
bj920247,华密新材,13.89,0.14,1.018,13.88,13.89,13.75,13.76,13.93,13.61,973877.0,13480001.0,14:42:34
bj920249,利尔达,9.11,0.04,0.441,9.1,9.11,9.07,9.05,9.17,8.98,2663178.0,24209648.0,14:42:34
bj920252,天宏锂电,15.91,-0.3,-1.851,15.9,15.91,16.21,16.0,16.25,15.68,2683432.0,42736016.0,14:42:34
bj920258,聚仁新材,11.54,0.02,0.174,11.54,11.55,11.52,11.41,11.67,11.36,1980306.0,22785485.0,14:42:34
bj920260,中寰股份,7.87,0.04,0.511,7.87,7.88,7.83,7.83,7.9,7.79,342027.0,2684225.0,14:42:34
bj920261,一诺威,13.68,0.1,0.736,13.68,13.7,13.58,13.5,13.79,13.47,554707.0,7599616.0,14:42:34
bj920262,太湖雪,13.48,0.06,0.447,13.47,13.49,13.42,13.33,13.67,13.33,268002.0,3622124.0,14:42:34
bj920263,中航泰达,6.9,0.28,4.23,6.87,6.89,6.62,6.66,6.93,6.62,711248.0,4865572.0,14:42:34
bj920266,生物谷,7.49,0.14,1.905,7.49,7.5,7.35,7.45,7.51,7.29,1854961.0,13734722.0,14:42:34
bj920267,鑫汇科,15.57,0.18,1.17,15.57,15.59,15.39,15.34,15.72,15.28,408308.0,6328243.0,14:42:34
bj920270,天铭科技,12.43,-0.17,-1.349,12.41,12.43,12.6,12.53,12.79,12.35,788866.0,9880385.0,14:42:34
bj920271,邦德股份,8.7,-0.2,-2.247,8.71,8.74,8.9,8.77,8.77,8.55,1368369.0,11887154.0,14:42:34
bj920273,一致魔芋,17.5,0.37,2.16,17.43,17.5,17.13,17.12,17.99,17.12,1383497.0,24357615.0,14:42:34
bj920274,宏裕包材,15.48,-0.13,-0.833,15.48,15.5,15.61,15.61,15.61,15.27,628150.0,9677045.0,14:42:34
bj920275,驱动力,6.3,0.01,0.159,6.29,6.32,6.29,6.26,6.49,6.2,417155.0,2643632.0,14:42:34
bj920278,鹿得医疗,6.27,0.07,1.129,6.27,6.29,6.2,6.19,6.33,6.19,659858.0,4134174.0,14:42:34
bj920284,灵鸽科技,15.96,-0.69,-4.144,15.95,15.96,16.65,16.5,16.53,15.8,3108145.0,50018898.0,14:42:34
bj920299,灿能电力,14.61,-0.13,-0.882,14.6,14.61,14.74,14.74,14.74,14.44,539357.0,7862700.0,14:42:34
bj920300,辰光医疗,9.48,-0.09,-0.94,9.47,9.49,9.57,9.63,9.63,9.31,979764.0,9296470.0,14:42:34
bj920304,迪尔化工,9.69,-0.2,-2.022,9.67,9.69,9.89,9.8,10.4,9.53,5485172.0,55019424.0,14:42:34
bj920339,恒太照明,10.4,-0.13,-1.235,10.39,10.4,10.53,10.45,10.56,10.31,682478.0,7116698.0,14:42:34
bj920344,三元基因,24.43,-0.17,-0.691,24.42,24.43,24.6,23.8,25.64,22.9,7523533.0,183333735.0,14:42:34
bj920346,威贸电子,14.37,0.09,0.63,14.37,14.43,14.28,14.18,14.48,14.17,146495.0,2102325.0,14:42:34
bj920351,华光源海,12.5,-0.3,-2.344,12.49,12.5,12.8,12.91,12.93,12.44,1960337.0,24834682.0,14:42:34
bj920357,雅葆轩,15.18,0.16,1.065,15.16,15.18,15.02,14.99,15.27,14.94,543768.0,8233160.0,14:42:34
bj920363,莱赛激光,10.0,0.08,0.806,9.98,10.0,9.92,9.92,10.04,9.83,366464.0,3646662.0,14:42:34
bj920367,新赣江,27.4,1.31,5.021,27.34,27.4,26.09,25.86,27.88,24.51,5921237.0,158946122.0,14:42:34
bj920368,连城数控,23.17,0.12,0.521,23.12,23.17,23.05,23.09,23.32,22.57,1884536.0,43295743.0,14:42:34
bj920370,新安洁,2.85,0.13,4.779,2.84,2.85,2.72,2.71,2.85,2.7,2430071.0,6794510.0,14:42:34
bj920371,欧福蛋业,7.27,0.45,6.598,7.27,7.28,6.82,6.83,7.6,6.83,5545270.0,40659383.0,14:42:34
bj920374,云里物里,14.56,0.21,1.463,14.52,14.6,14.35,14.26,14.69,14.26,294196.0,4280775.0,14:42:34
bj920375,派诺科技,6.86,0.06,0.882,6.85,6.86,6.8,6.75,6.89,6.75,795440.0,5429325.0,14:42:34
bj920378,泰德股份,6.88,0.08,1.176,6.85,6.88,6.8,6.8,6.89,6.76,191801.0,1312940.0,14:42:34
bj920392,佳合科技,13.46,-0.02,-0.148,13.42,13.53,13.48,13.62,13.62,13.39,103230.0,1394490.0,14:42:34
bj920394,民士达,42.4,0.1,0.236,42.4,42.49,42.3,42.1,43.37,42.1,760413.0,32389843.0,14:42:34
bj920395,朗鸿科技,6.85,0.16,2.392,6.84,6.85,6.69,6.86,6.88,6.66,328921.0,2239634.0,14:42:34
bj920396,常辅股份,19.17,0.14,0.736,19.17,19.19,19.03,19.0,19.26,18.9,512983.0,9817245.0,14:42:34
bj920402,硅烷科技,8.58,0.02,0.234,8.58,8.59,8.56,8.45,8.75,8.45,2343957.0,20052909.0,14:42:34
bj920403,康农种业,20.92,1.03,5.178,20.92,20.93,19.89,19.49,22.05,19.36,7421946.0,156771651.0,14:42:34
bj920405,海希通讯,17.28,0.83,5.046,17.29,17.36,16.45,15.83,17.55,15.78,1349780.0,22499956.0,14:42:34
bj920407,驰诚股份,10.55,0.09,0.86,10.53,10.55,10.46,10.41,10.67,10.41,321441.0,3390218.0,14:42:34
bj920414,欧普泰,7.7,0.04,0.522,7.68,7.7,7.66,7.61,7.83,7.57,595991.0,4590407.0,14:42:34
bj920415,恒拓开源,8.53,0.1,1.186,8.52,8.53,8.43,8.4,8.58,8.38,897346.0,7641587.0,14:42:34
bj920418,苏轴股份,17.94,0.26,1.471,17.93,17.94,17.68,17.68,18.05,17.67,967977.0,17332655.0,14:42:34
bj920419,路斯股份,10.51,0.08,0.767,10.5,10.51,10.43,10.37,10.56,10.27,567917.0,5936664.0,14:42:34
bj920422,润普食品,9.35,0.16,1.741,9.34,9.35,9.19,9.19,9.39,9.14,513968.0,4791817.0,14:42:34
bj920425,乐创技术,14.01,-0.01,-0.071,14.01,14.02,14.02,13.89,14.2,13.85,1437275.0,20093012.0,14:42:34
bj920427,华维设计,8.31,0.0,0.0,8.29,8.31,8.31,8.3,8.37,8.21,559782.0,4640449.0,14:42:34
bj920429,康比特,10.99,0.62,5.979,10.98,10.99,10.37,10.4,11.29,10.4,3269594.0,35757060.0,14:42:34
bj920433,大唐药业,4.91,0.17,3.586,4.9,4.91,4.74,4.76,4.96,4.75,2063193.0,10035824.0,14:42:34
bj920436,大地电气,10.34,0.34,3.4,10.33,10.34,10.0,10.12,10.47,9.92,730513.0,7529246.0,14:42:34
bj920438,戈碧迦,105.4,-0.6,-0.566,105.3,105.4,106.0,107.62,107.62,98.0,4292784.0,441050675.0,14:42:34
bj920445,龙竹科技,6.9,0.0,0.0,6.89,6.9,6.9,6.85,6.98,6.84,982031.0,6803463.0,14:42:34
bj920454,同心传动,10.64,0.09,0.853,10.63,10.68,10.55,10.55,10.71,10.55,224530.0,2386852.0,14:42:34
bj920455,汇隆活塞,5.86,0.15,2.627,5.82,5.85,5.71,5.71,5.86,5.7,508174.0,2948826.0,14:42:34
bj920469,富恒新材,5.53,0.07,1.282,5.5,5.53,5.46,5.42,5.55,5.39,728352.0,4000314.0,14:42:34
bj920471,美邦科技,12.26,0.25,2.082,12.26,12.27,12.01,12.3,12.49,12.05,3623624.0,44448104.0,14:42:34
bj920475,三友科技,12.2,0.07,0.577,12.19,12.21,12.13,12.19,12.29,11.86,423322.0,5145224.0,14:42:34
bj920476,海能技术,25.27,-0.18,-0.707,25.27,25.28,25.45,25.37,25.94,25.0,1221842.0,31129231.0,14:42:34
bj920478,峆一药业,10.76,0.07,0.655,10.75,10.76,10.69,10.65,10.81,10.55,2356814.0,25260792.0,14:42:34
bj920489,佳先股份,12.49,0.11,0.889,12.49,12.5,12.38,12.3,12.62,12.19,1756858.0,21898843.0,14:42:34
bj920491,奥迪威,21.58,0.48,2.275,21.57,21.58,21.1,21.1,21.72,21.01,1436273.0,30926638.0,14:42:34
bj920493,并行科技,112.72,2.15,1.944,112.72,112.73,110.57,108.86,112.88,108.5,829687.0,92577478.0,14:42:34
bj920496,许昌智能,6.15,0.06,0.985,6.14,6.15,6.09,6.04,6.16,6.04,606809.0,3711482.0,14:42:34
bj920504,博迅生物,17.36,0.36,2.118,17.3,17.36,17.0,16.88,17.39,16.87,301005.0,5177735.0,14:42:34
bj920505,九菱科技,29.11,1.05,3.742,29.11,29.12,28.06,29.38,30.45,28.98,1898001.0,56255689.0,14:42:34
bj920508,殷图网联,14.2,0.12,0.852,14.19,14.2,14.08,14.0,14.25,13.62,160904.0,2272997.0,14:42:34
bj920509,同惠电子,19.98,0.04,0.201,19.98,19.99,19.94,19.76,20.0,19.67,1137131.0,22598344.0,14:42:34
bj920510,丰光精密,22.18,0.53,2.448,22.18,22.19,21.65,21.79,22.43,21.4,4532303.0,99627579.0,14:42:34
bj920519,万德股份,9.79,0.12,1.241,9.79,9.8,9.67,9.61,9.82,9.61,307915.0,3000732.0,14:42:34
bj920522,纳科诺尔,18.24,-0.4,-2.146,18.22,18.23,18.64,18.73,18.9,18.15,4630524.0,85157272.0,14:42:34
bj920523,德瑞锂电,15.23,-0.16,-1.04,15.23,15.24,15.39,15.19,15.41,15.11,689523.0,10511985.0,14:42:34
bj920526,凯华材料,19.06,0.0,0.0,19.03,19.06,19.06,19.06,19.2,18.68,729819.0,13803619.0,14:42:34
bj920527,夜光明,13.92,0.51,3.803,13.92,13.94,13.41,13.56,13.98,13.41,826375.0,11397911.0,14:42:34
bj920533,骏创科技,18.42,0.36,1.993,18.4,18.42,18.06,17.9,18.54,17.88,1087553.0,19988996.0,14:42:34
bj920541,铁大科技,9.72,0.06,0.621,9.71,9.72,9.66,9.66,9.73,9.54,254352.0,2458138.0,14:42:34
bj920547,无锡晶海,18.87,0.48,2.61,18.84,18.87,18.39,18.4,18.94,18.2,312080.0,5863372.0,14:42:34
bj920553,凯腾精工,7.02,0.04,0.573,7.01,7.02,6.98,6.98,7.09,6.82,888468.0,6239642.0,14:42:34
bj920556,雅达股份,6.61,0.09,1.38,6.6,6.61,6.52,6.54,6.66,6.47,1095035.0,7190789.0,14:42:34
bj920564,天润科技,12.74,0.1,0.791,12.73,12.74,12.64,12.73,12.84,12.53,424093.0,5386390.0,14:42:34
bj920566,梓橦宫,9.85,0.15,1.546,9.83,9.84,9.7,9.61,9.85,9.57,1310440.0,12777462.0,14:42:34
bj920570,坤博精工,23.84,0.14,0.591,23.81,23.83,23.7,23.7,23.91,23.22,229653.0,5430094.0,14:42:34
bj920571,国航远洋,8.93,-0.27,-2.935,8.93,8.94,9.2,9.31,9.4,8.88,22437086.0,203272461.0,14:42:34
bj920575,*ST康乐,5.52,0.05,0.914,5.53,5.54,5.47,5.48,5.64,5.41,4440647.0,24632171.0,14:42:34
bj920576,天力复合,38.85,0.05,0.129,38.85,38.88,38.8,39.15,39.19,38.25,896334.0,34788843.0,14:42:34
bj920578,巨能股份,16.23,0.18,1.121,16.24,16.31,16.05,15.93,16.44,15.93,491477.0,7978122.0,14:42:34
bj920579,机科股份,14.45,0.21,1.475,14.43,14.45,14.24,14.24,14.48,14.17,400439.0,5755577.0,14:42:34
bj920580,科创新材,10.98,0.27,2.521,10.94,10.98,10.71,10.65,11.05,10.61,711419.0,7756072.0,14:42:34
bj920592,华信永道,19.59,0.59,3.105,19.53,19.59,19.0,19.06,19.75,18.86,994241.0,19319649.0,14:42:34
bj920593,鼎智科技,23.46,0.02,0.085,23.44,23.47,23.44,23.6,23.93,23.21,2065114.0,48804985.0,14:42:28
bj920599,同力股份,17.54,0.05,0.286,17.54,17.55,17.49,17.47,17.6,17.22,3159559.0,55170608.0,14:42:28
bj920608,丰安股份,13.52,0.28,2.115,13.43,13.51,13.24,13.17,13.53,13.12,129562.0,1739696.0,14:42:28
bj920627,力王股份,14.25,-0.13,-0.904,14.24,14.25,14.38,14.28,14.55,14.11,2154742.0,30776279.0,14:42:28
bj920634,新威凌,16.25,-0.51,-3.043,16.24,16.27,16.76,16.51,16.81,16.09,1468193.0,24103002.0,14:42:28
bj920639,晨光电缆,6.16,0.11,1.818,6.15,6.16,6.05,6.05,6.18,6.05,686319.0,4209303.0,14:42:28
bj920640,富士达,25.0,0.45,1.833,24.99,25.0,24.55,24.5,25.13,24.5,1242921.0,30943951.0,14:42:28
bj920641,格利尔,13.57,-0.33,-2.374,13.57,13.58,13.9,13.77,14.35,13.49,1693498.0,23282091.0,14:42:28
bj920642,通易航天,9.74,0.17,1.776,9.73,9.75,9.57,9.56,9.8,9.53,1232596.0,11937172.0,14:42:28
bj920651,天罡股份,25.94,-1.16,-4.28,25.94,25.95,27.1,26.83,26.88,25.51,701614.0,18370843.0,14:42:28
bj920656,海昇药业,14.47,0.0,0.0,14.47,14.48,14.47,14.5,14.55,14.21,369166.0,5321414.0,14:42:28
bj920662,方盛股份,19.76,1.46,7.978,19.71,19.76,18.3,18.03,20.99,18.03,3817366.0,74184300.0,14:42:28
bj920663,明阳科技,12.92,0.09,0.701,12.88,12.92,12.83,12.75,12.97,12.68,247208.0,3181905.0,14:42:28
bj920665,科强股份,8.33,0.08,0.97,8.33,8.34,8.25,8.2,8.36,8.17,446288.0,3701251.0,14:42:28
bj920670,数字人,12.53,0.18,1.457,12.53,12.54,12.35,12.33,12.57,12.33,525185.0,6559134.0,14:42:28
bj920675,秉扬科技,7.2,0.13,1.839,7.2,7.22,7.07,7.03,7.24,7.03,534588.0,3821440.0,14:42:28
bj920679,前进科技,15.41,0.31,2.053,15.33,15.42,15.1,15.01,15.45,14.94,78579.0,1201345.0,14:42:28
bj920682,球冠电缆,5.74,0.07,1.235,5.73,5.74,5.67,5.67,5.75,5.65,1046815.0,5975212.0,14:42:28
bj920685,新芝生物,11.7,0.03,0.257,11.7,11.74,11.67,11.61,11.79,11.61,686296.0,8039523.0,14:42:28
bj920689,克莱特,19.85,0.18,0.915,19.81,19.88,19.67,19.67,19.91,19.48,274963.0,5425044.0,14:42:28
bj920690,捷众科技,16.22,0.03,0.185,16.16,16.22,16.19,16.19,16.3,15.95,605767.0,9782320.0,14:42:28
bj920693,阿为特,22.51,0.33,1.488,22.47,22.51,22.18,22.49,22.55,22.04,308513.0,6897795.0,14:42:28
bj920694,中裕科技,16.61,0.58,3.618,16.57,16.6,16.03,15.92,16.98,15.92,1865393.0,30884054.0,14:42:28
bj920699,海达尔,78.58,-3.02,-3.701,78.59,79.4,81.6,79.96,80.39,75.2,930852.0,72428264.0,14:42:28
bj920701,豪声电子,12.48,-0.6,-4.587,12.48,12.49,13.08,12.96,13.08,12.24,1704974.0,21340073.0,14:42:28
bj920703,广厦环能,9.88,-0.03,-0.303,9.88,9.91,9.91,9.85,10.02,9.82,254097.0,2515419.0,14:42:28
bj920706,铁拓机械,13.38,-0.06,-0.446,13.37,13.38,13.44,13.31,13.49,13.04,454709.0,6071111.0,14:42:28
bj920717,瑞星股份,7.8,0.15,1.961,7.78,7.81,7.65,7.7,7.86,7.51,935334.0,7277864.0,14:42:28
bj920718,合肥高科,9.29,0.02,0.216,9.29,9.31,9.27,9.26,9.39,9.16,246699.0,2293519.0,14:42:28
bj920719,宁新新材,6.98,0.01,0.143,6.97,6.98,6.97,6.97,7.06,6.88,1727141.0,12036159.0,14:42:28
bj920720,吉冈精密,9.35,0.17,1.852,9.34,9.36,9.18,9.15,9.43,9.15,630855.0,5891302.0,14:42:28
bj920725,惠丰钻石,74.01,5.41,7.886,74.01,74.02,68.6,67.07,75.5,64.8,4774172.0,336416106.0,14:42:28
bj920726,朱老六,16.46,0.3,1.856,16.47,16.5,16.16,16.35,16.73,16.29,2449451.0,40368336.0,14:42:28
bj920729,永顺生物,6.77,0.08,1.196,6.78,6.82,6.69,6.66,6.91,6.61,763802.0,5195547.0,14:42:28
bj920735,德源药业,24.28,0.34,1.42,24.22,24.28,23.94,23.94,24.36,23.82,1228381.0,29688255.0,14:42:28
bj920748,路桥信息,25.66,-0.11,-0.427,25.64,25.66,25.77,25.23,26.98,24.55,2168597.0,55594713.0,14:42:28
bj920751,惠同新材,15.64,0.03,0.192,15.62,15.64,15.61,15.61,15.89,15.6,395329.0,6205873.0,14:42:28
bj920753,天纺标,15.19,0.31,2.083,15.16,15.19,14.88,14.78,15.2,14.78,492961.0,7448920.0,14:42:28
bj920765,美之高,13.95,0.01,0.072,13.91,13.94,13.94,13.83,14.1,13.72,353283.0,4916903.0,14:42:28
bj920768,拾比佰,7.04,0.07,1.004,7.04,7.05,6.97,6.96,7.05,6.94,870752.0,6096765.0,14:42:28
bj920770,艾能聚,9.8,0.08,0.823,9.79,9.8,9.72,9.76,9.9,9.65,710401.0,6958076.0,14:42:28
bj920779,武汉蓝电,24.3,-1.17,-4.594,24.3,24.31,25.47,25.0,25.19,24.16,2433962.0,59628545.0,14:42:28
bj920781,瑞奇智造,5.54,0.07,1.28,5.53,5.55,5.47,5.49,5.57,5.4,548850.0,3028960.0,14:42:28
bj920786,骑士乳业,7.29,0.29,4.143,7.28,7.29,7.0,7.01,7.4,7.01,8907584.0,64698209.0,14:42:28
bj920790,联迪信息,21.2,0.48,2.317,21.18,21.2,20.72,20.63,21.9,20.53,1836942.0,39149910.0,14:42:28
bj920792,东和新材,9.82,0.08,0.821,9.76,9.82,9.74,9.68,9.87,9.68,267715.0,2615032.0,14:42:28
bj920799,艾融软件,33.0,3.12,10.442,33.0,33.02,29.88,29.87,33.59,29.6,7577858.0,243524836.0,14:42:28
bj920802,保丽洁,10.35,0.05,0.485,10.36,10.38,10.3,10.38,10.39,10.23,323518.0,3339521.0,14:42:28
bj920806,云星宇,10.32,0.21,2.077,10.31,10.32,10.11,10.14,10.47,10.03,1697647.0,17543816.0,14:42:28
bj920807,奔朗新材,9.4,0.18,1.952,9.4,9.41,9.22,9.39,9.54,9.22,2118977.0,19914229.0,14:42:28
bj920808,曙光数创,65.97,3.68,5.908,65.97,65.98,62.29,60.1,65.99,60.0,3499109.0,223814913.0,14:42:28
bj920809,安达科技,7.57,-0.13,-1.688,7.56,7.57,7.7,7.66,7.74,7.48,7621120.0,57783739.0,14:42:28
bj920810,春光智能,9.37,-0.14,-1.472,9.37,9.38,9.51,9.38,9.53,9.21,807410.0,7580229.0,14:42:28
bj920819,颖泰生物,3.04,0.07,2.357,3.03,3.04,2.97,2.96,3.08,2.96,4910249.0,14957412.0,14:42:28
bj920821,则成电子,17.34,0.08,0.463,17.33,17.34,17.26,17.48,17.56,17.17,1080264.0,18768499.0,14:42:28
bj920826,盖世食品,8.76,0.16,1.86,8.76,8.77,8.6,8.73,9.05,8.5,4073691.0,35942311.0,14:42:28
bj920832,齐鲁华信,6.08,0.09,1.503,6.08,6.09,5.99,6.1,6.12,5.98,229251.0,1393977.0,14:42:28
bj920833,美心翼申,9.9,-0.09,-0.901,9.9,9.93,9.99,10.06,10.15,9.81,837407.0,8339734.0,14:42:28
bj920834,三维装备,9.22,0.0,0.0,9.21,9.22,9.22,9.18,9.39,9.1,684879.0,6315086.0,14:42:28
bj920837,华原股份,9.63,0.25,2.665,9.55,9.63,9.38,9.32,9.73,9.32,590638.0,5636864.0,14:42:28
bj920839,万通液压,24.07,0.38,1.604,24.04,24.12,23.69,23.64,24.38,23.52,257522.0,6186291.0,14:42:28
bj920855,浙江大农,12.44,0.26,2.135,12.36,12.42,12.18,12.11,12.46,12.01,255043.0,3131279.0,14:42:28
bj920856,浩淼科技,12.64,-0.32,-2.469,12.63,12.64,12.96,12.76,12.95,12.56,1802749.0,22941218.0,14:42:28
bj920857,泓禧科技,20.79,-0.45,-2.119,20.69,20.82,21.24,21.2,21.68,20.51,1043843.0,22154359.0,14:42:28
bj920866,绿亨科技,6.29,0.14,2.276,6.27,6.29,6.15,6.09,6.57,6.05,5749166.0,36733973.0,14:42:28
bj920870,恒进感应,11.87,0.18,1.54,11.85,11.87,11.69,11.6,11.88,11.52,729012.0,8577303.0,14:42:28
bj920871,派特尔,10.93,0.05,0.46,10.93,10.95,10.88,10.88,11.01,10.75,276296.0,3014367.0,14:42:28
bj920873,中设咨询,6.88,-0.05,-0.722,6.87,6.88,6.93,6.89,6.95,6.83,464393.0,3199624.0,14:42:28
bj920876,慧为智能,15.65,0.34,2.221,15.66,15.69,15.31,15.22,15.8,15.22,405132.0,6291677.0,14:42:28
bj920879,基康技术,12.56,0.13,1.046,12.54,12.56,12.43,12.57,12.66,12.42,401531.0,5041320.0,14:42:28
bj920885,星辰科技,11.73,0.02,0.171,11.72,11.74,11.71,11.62,11.82,11.55,1071680.0,12549324.0,14:42:28
bj920892,广咨国际,10.0,0.06,0.604,10.03,10.06,9.94,9.87,10.08,9.87,313027.0,3116719.0,14:42:28
bj920895,花溪科技,12.61,0.31,2.52,12.56,12.6,12.3,12.64,12.9,12.27,535287.0,6760900.0,14:42:28
bj920896,旺成科技,11.91,0.13,1.104,11.89,11.91,11.78,11.7,11.97,11.67,171895.0,2037180.0,14:42:28
bj920906,舜宇精工,15.64,0.18,1.164,15.61,15.64,15.46,15.37,15.72,15.37,265881.0,4145854.0,14:42:28
bj920914,远航精密,16.75,0.16,0.964,16.75,16.8,16.59,16.69,16.85,16.44,855207.0,14234635.0,14:42:28
bj920924,广脉科技,14.43,0.39,2.778,14.43,14.45,14.04,14.17,14.45,13.93,933470.0,13341212.0,14:42:28
bj920925,锦好医疗,11.72,0.09,0.774,11.72,11.75,11.63,11.68,11.83,11.57,507042.0,5932683.0,14:42:28
bj920926,鸿智科技,9.95,0.07,0.709,9.92,9.98,9.88,9.87,10.0,9.83,190491.0,1894218.0,14:42:28
bj920931,无锡鼎邦,10.26,0.21,2.09,10.26,10.28,10.05,10.03,10.32,9.92,769019.0,7811225.0,14:42:28
bj920932,科达自控,11.09,0.09,0.818,11.08,11.11,11.0,11.18,11.21,10.95,723011.0,8029807.0,14:42:28
bj920942,恒立钻具,16.48,0.34,2.107,16.49,16.56,16.14,16.07,16.57,16.0,311639.0,5089821.0,14:42:28
bj920943,优机股份,15.33,0.13,0.855,15.3,15.33,15.2,15.33,15.54,15.1,1290240.0,19801743.0,14:42:28
bj920946,森萱医药,10.21,0.51,5.258,10.2,10.21,9.7,9.76,10.25,9.58,9201376.0,91992641.0,14:42:28
bj920950,迅安科技,12.51,0.21,1.707,12.51,12.55,12.3,12.3,12.57,12.2,96172.0,1195747.0,14:42:28
bj920953,国子软件,22.03,0.5,2.322,22.01,22.08,21.53,21.5,22.48,21.33,1197893.0,26443649.0,14:42:28
bj920957,汉维科技,9.7,0.19,1.998,9.7,9.72,9.51,9.44,9.74,9.24,1260131.0,12146330.0,14:42:28
bj920961,创远信科,19.37,0.12,0.623,19.35,19.39,19.25,19.23,19.4,18.89,1107019.0,21207927.0,14:42:28
bj920964,润农节水,4.73,0.12,2.603,4.73,4.74,4.61,4.58,4.95,4.56,5353314.0,25750157.0,14:42:28
bj920970,大禹生物,6.04,0.2,3.425,6.04,6.05,5.84,5.82,6.15,5.82,2718445.0,16389045.0,14:42:28
bj920971,天马新材,25.32,-0.08,-0.315,25.22,25.32,25.4,25.09,25.32,24.47,2116569.0,52557311.0,14:42:28
bj920974,凯大催化,6.15,0.08,1.318,6.14,6.15,6.07,6.09,6.15,6.03,607715.0,3714134.0,14:42:28
bj920976,视声智能,17.76,1.53,9.427,17.75,17.76,16.23,17.81,18.78,17.6,2218610.0,40229731.0,14:42:28
bj920978,开特股份,20.0,0.44,2.249,20.0,20.03,19.56,19.52,20.1,19.52,673455.0,13437742.0,14:42:28
bj920981,晶赛科技,28.74,0.22,0.771,28.72,28.74,28.52,28.0,28.92,27.71,947368.0,26865887.0,14:42:28
bj920982,锦波生物,119.76,1.58,1.337,119.65,119.76,118.18,117.49,119.88,117.0,531849.0,63415174.0,14:42:28
bj920985,海泰新能,4.55,0.05,1.111,4.54,4.55,4.5,4.52,4.55,4.48,1309160.0,5919147.0,14:42:28
bj920992,中科美菱,11.34,0.21,1.887,11.31,11.34,11.13,11.06,11.37,11.05,341201.0,3835388.0,14:42:28
sh600000,浦发银行,9.09,-0.13,-1.41,9.08,9.09,9.22,9.24,9.28,9.06,80939970.0,738786624.0,14:42:32
sh600004,白云机场,7.53,0.08,1.074,7.53,7.54,7.45,7.45,7.59,7.44,8917300.0,67277388.0,14:42:32
sh600006,东风股份,5.38,0.08,1.509,5.38,5.39,5.3,5.3,5.39,5.28,12970192.0,69502006.0,14:42:31
sh600007,中国国贸,18.82,-0.18,-0.947,18.81,18.82,19.0,18.9,19.07,18.77,1666800.0,31439157.0,14:42:32
sh600008,首创环保,2.86,0.02,0.704,2.85,2.86,2.84,2.83,2.87,2.83,44218685.0,126317225.0,14:42:32
sh600009,上海机场,23.39,0.22,0.95,23.38,23.39,23.17,23.16,23.52,23.11,8210600.0,192013577.0,14:42:31
sh600010,包钢股份,2.25,-0.01,-0.442,2.24,2.25,2.26,2.24,2.28,2.23,337774714.0,759869275.0,14:42:30
sh600011,华能国际,6.68,0.04,0.602,6.68,6.69,6.64,6.63,6.69,6.61,42321200.0,281882705.0,14:42:31
sh600012,皖通高速,16.36,0.11,0.677,16.35,16.36,16.25,16.26,16.58,16.16,5281724.0,86624795.0,14:42:32
sh600015,华夏银行,6.73,-0.12,-1.752,6.73,6.74,6.85,6.85,6.89,6.71,97351629.0,662150634.0,14:42:30
sh600016,民生银行,3.49,-0.02,-0.57,3.49,3.5,3.51,3.51,3.53,3.48,207403002.0,727010586.0,14:42:31
sh600017,日照港,2.7,0.02,0.746,2.7,2.71,2.68,2.68,2.72,2.67,30143301.0,81451510.0,14:42:30
sh600018,上港集团,5.25,0.01,0.191,5.24,5.25,5.24,5.22,5.27,5.19,38638400.0,202100709.0,14:42:32
sh600019,宝钢股份,5.86,0.0,0.0,5.86,5.87,5.86,5.86,5.9,5.83,77633480.0,454792397.0,14:42:30
sh600020,中原高速,3.8,0.01,0.264,3.79,3.81,3.79,3.78,3.82,3.77,13518004.0,51378673.0,14:42:26
sh600021,上海电力,13.7,0.17,1.256,13.69,13.7,13.53,13.53,13.84,13.47,19266200.0,263648052.0,14:42:32
sh600022,山东钢铁,1.34,0.02,1.515,1.33,1.34,1.32,1.32,1.34,1.31,57930996.0,77126716.0,14:42:33
sh600023,浙能电力,4.89,0.03,0.617,4.88,4.89,4.86,4.87,4.92,4.84,28775670.0,140592635.0,14:42:32
sh600025,华能水电,9.79,0.11,1.136,9.78,9.79,9.68,9.72,9.84,9.66,30048914.0,293180106.0,14:42:31
sh600026,中远海能,19.07,-0.07,-0.366,19.06,19.07,19.14,19.37,19.43,18.73,54234205.0,1028363800.0,14:42:31
sh600027,华电国际,4.61,0.06,1.319,4.6,4.61,4.55,4.53,4.62,4.53,55377056.0,254043152.0,14:42:31
sh600028,中国石化,5.36,0.03,0.563,5.35,5.36,5.33,5.33,5.4,5.31,280934400.0,1507538874.0,14:42:32
sh600029,南方航空,5.06,0.03,0.596,5.05,5.06,5.03,5.02,5.06,5.01,36725740.0,185225493.0,14:42:32
sh600030,中信证券,27.16,-0.11,-0.403,27.15,27.16,27.27,27.28,27.33,27.05,57983711.0,1572974220.0,14:42:32
sh600031,三一重工,18.93,0.32,1.72,18.93,18.94,18.61,18.71,18.95,18.6,34868303.0,654800230.0,14:42:31
sh600032,浙江新能,6.82,0.06,0.888,6.81,6.82,6.76,6.76,6.84,6.7,10201400.0,69378682.0,14:42:31
sh600033,福建高速,3.51,-0.03,-0.847,3.5,3.51,3.54,3.52,3.55,3.48,28550600.0,100136447.0,14:42:32
sh600035,楚天高速,3.39,0.02,0.593,3.39,3.4,3.37,3.36,3.4,3.36,8622017.0,29189219.0,14:42:32
sh600036,招商银行,39.49,-0.09,-0.227,39.5,39.51,39.58,39.7,39.92,39.42,60224280.0,2386037776.0,14:42:31
sh600037,歌华有线,7.06,0.16,2.319,7.05,7.06,6.9,6.87,7.08,6.86,13754730.0,96337971.0,14:42:31
sh600038,中直股份,27.17,0.22,0.816,27.16,27.17,26.95,26.92,27.19,26.88,4971174.0,134388553.0,14:42:30
sh600039,四川路桥,8.59,0.04,0.468,8.58,8.59,8.55,8.57,8.69,8.53,10429556.0,89669320.0,14:42:32
sh600048,保利发展,5.13,0.07,1.383,5.12,5.13,5.06,5.05,5.15,5.04,88848150.0,453678570.0,14:42:33
sh600050,中国联通,4.34,0.09,2.118,4.33,4.34,4.25,4.25,4.34,4.24,125036251.0,538490100.0,14:42:31
sh600051,宁波联合,6.33,0.06,0.957,6.32,6.33,6.27,6.23,6.35,6.16,5253600.0,32931423.0,14:42:32
sh600052,东望时代,3.91,0.1,2.625,3.9,3.91,3.81,3.81,3.92,3.8,8502900.0,32895901.0,14:42:25
sh600053,*ST九鼎,7.76,0.71,10.071,7.76,0.0,7.05,7.15,7.76,7.12,4143600.0,30935618.0,14:42:29
sh600054,黄山旅游,11.33,0.23,2.072,11.33,11.34,11.1,11.19,11.42,11.15,9835903.0,111368376.0,14:42:31
sh600055,万东医疗,11.15,0.34,3.145,11.15,11.16,10.81,10.82,11.18,10.75,4839900.0,53297923.0,14:42:31
sh600056,中国医药,9.42,0.25,2.726,9.41,9.42,9.17,9.16,9.43,9.13,17695900.0,164999195.0,14:42:32
sh600057,厦门象屿,6.17,-0.01,-0.162,6.16,6.17,6.18,6.12,6.24,6.12,16050003.0,99117515.0,14:42:30
sh600058,五矿发展,10.01,-0.22,-2.151,10.0,10.01,10.23,10.22,10.25,9.9,8506882.0,85301810.0,14:42:25
sh600059,古越龙山,8.13,0.09,1.119,8.12,8.13,8.04,8.07,8.15,8.04,9141800.0,74137005.0,14:42:30
sh600060,海信视像,26.13,0.83,3.281,26.11,26.13,25.3,25.34,26.44,25.34,10283650.0,268269059.0,14:42:32
sh600061,国投资本,6.31,0.05,0.799,6.3,6.31,6.26,6.26,6.31,6.25,17605361.0,110806086.0,14:42:31
sh600062,华润双鹤,16.01,0.18,1.137,16.01,16.02,15.83,15.76,16.05,15.75,6116300.0,97272302.0,14:42:31
sh600063,皖维高新,5.68,0.05,0.888,5.68,5.69,5.63,5.62,5.72,5.6,25801043.0,146005783.0,14:42:27
sh600064,南京高科,7.68,0.09,1.186,7.67,7.68,7.59,7.62,7.7,7.57,13925872.0,106610920.0,14:42:33
sh600066,宇通客车,29.98,-0.38,-1.252,29.98,29.99,30.36,30.49,30.8,29.84,11956157.0,360947845.0,14:42:30
sh600067,冠城新材,2.85,0.09,3.261,2.84,2.85,2.76,2.75,2.86,2.73,15266755.0,43004634.0,14:42:31
sh600071,凤凰光学,15.74,0.14,0.897,15.74,15.75,15.6,15.41,15.77,15.41,1417200.0,22180369.0,14:42:25
sh600072,中船科技,8.79,0.16,1.854,8.78,8.79,8.63,8.62,8.81,8.59,11323500.0,98948021.0,14:42:31
sh600073,光明肉业,5.38,0.09,1.701,5.38,5.39,5.29,5.27,5.4,5.24,11205337.0,59961304.0,14:42:27
sh600075,新疆天业,4.66,0.04,0.866,4.66,4.67,4.62,4.63,4.73,4.6,19830600.0,92867109.0,14:42:30
sh600076,康欣新材,3.15,0.04,1.286,3.15,3.16,3.11,3.09,3.16,3.07,12128410.0,38087423.0,14:42:32
sh600078,澄星股份,10.84,0.01,0.092,10.84,10.85,10.83,10.65,11.05,10.49,19024057.0,206001257.0,14:42:32
sh600079,ST人福,17.99,0.14,0.784,17.99,18.0,17.85,17.85,18.0,17.81,4460000.0,79948496.0,14:42:33
sh600080,ST金花,4.83,0.14,2.985,4.82,4.83,4.69,4.66,4.87,4.66,2299800.0,10996439.0,14:42:32
sh600081,东风科技,10.11,0.08,0.798,10.11,10.12,10.03,9.95,10.21,9.95,2684020.0,27154225.0,14:42:31
sh600082,ST海泰,2.94,0.12,4.255,2.94,2.95,2.82,2.81,3.03,2.8,9869800.0,28910627.0,14:42:25
sh600084,*ST尼雅,4.22,0.14,3.431,4.21,4.22,4.08,4.12,4.25,4.12,4620300.0,19301051.0,14:42:31
sh600085,同仁堂,24.28,0.5,2.103,24.27,24.28,23.78,23.84,24.3,23.79,5582693.0,134487166.0,14:42:31
sh600088,中视传媒,11.56,0.23,2.03,11.55,11.56,11.33,11.3,11.59,11.27,3235320.0,37172205.0,14:42:29
sh600089,特变电工,19.02,0.02,0.105,19.01,19.02,19.0,19.01,19.17,18.81,48432474.0,920482853.0,14:42:30
sh600094,大名城,4.03,0.22,5.774,4.03,4.04,3.81,3.81,4.06,3.79,20098900.0,79513051.0,14:42:32
sh600095,湘财股份,7.87,0.04,0.511,7.87,7.88,7.83,7.78,7.89,7.77,14833186.0,116384983.0,14:42:28
sh600096,云天化,29.78,-0.13,-0.435,29.78,29.79,29.91,30.2,30.68,29.61,37778674.0,1139388439.0,14:42:30
sh600097,开创国际,8.75,0.21,2.459,8.75,8.76,8.54,8.49,8.78,8.49,2573400.0,22414930.0,14:42:26
sh600098,广州发展,6.29,-0.02,-0.317,6.28,6.29,6.31,6.29,6.34,6.25,12731400.0,80291500.0,14:42:31
sh600099,林海股份,9.25,0.24,2.664,9.24,9.25,9.01,9.04,9.28,8.94,2699000.0,24620848.0,14:42:17
sh600100,同方股份,6.73,0.13,1.97,6.72,6.73,6.6,6.58,6.74,6.57,16598957.0,110830992.0,14:42:31
sh600101,明星电力,7.94,0.09,1.146,7.94,7.95,7.85,7.86,7.95,7.81,6016350.0,47520880.0,14:42:31
sh600103,青山纸业,3.15,0.29,10.14,3.15,0.0,2.86,2.86,3.15,2.83,163158013.0,504093131.0,14:42:30
sh600104,上汽集团,10.31,0.12,1.178,10.3,10.31,10.19,10.23,10.32,10.19,32259928.0,330966913.0,14:42:32
sh600105,永鼎股份,38.58,0.53,1.393,38.57,38.58,38.05,36.99,39.63,36.56,106650207.0,4072435677.0,14:42:30
sh600106,重庆路桥,4.28,-0.05,-1.155,4.27,4.28,4.33,4.29,4.3,4.17,14241076.0,60254887.0,14:42:31
sh600107,*ST尔雅,5.85,0.05,0.862,5.85,5.86,5.8,5.8,5.87,5.79,1082000.0,6313132.0,14:42:28
sh600108,亚盛集团,3.38,0.11,3.364,3.37,3.38,3.27,3.23,3.42,3.22,130998570.0,439952360.0,14:42:31
sh600109,国金证券,8.55,0.02,0.234,8.54,8.55,8.53,8.54,8.64,8.49,12322000.0,105162780.0,14:42:31
sh600110,诺德股份,11.16,0.09,0.813,11.16,11.17,11.07,10.78,11.22,10.43,203022241.0,2191609939.0,14:42:30
sh600111,北方稀土,39.88,-0.54,-1.336,39.86,39.88,40.42,40.0,40.84,39.51,35779522.0,1430289820.0,14:42:29
sh600113,浙江东日,29.73,0.04,0.135,29.72,29.73,29.69,29.4,29.85,29.07,3882900.0,114952469.0,14:42:29
sh600114,东睦股份,29.52,0.05,0.17,29.52,29.54,29.47,29.31,29.64,28.5,12377506.0,361677226.0,14:42:29
sh600115,中国东航,3.54,0.06,1.724,3.53,3.54,3.48,3.47,3.56,3.46,126816391.0,444989971.0,14:42:31
sh600116,三峡水利,6.28,-0.03,-0.475,6.27,6.28,6.31,6.26,6.37,6.25,14841393.0,93493965.0,14:42:32
sh600117,西宁特钢,2.28,0.04,1.786,2.27,2.28,2.24,2.24,2.28,2.23,10061100.0,22772535.0,14:42:31
sh600118,中国卫星,60.18,0.78,1.313,60.17,60.18,59.4,58.86,60.4,58.02,20946266.0,1245359573.0,14:42:29
sh600119,*ST长投,4.72,0.06,1.288,4.71,4.72,4.66,4.67,4.77,4.61,1855900.0,8723844.0,14:42:26
sh600120,浙江东方,4.82,0.08,1.688,4.82,4.83,4.74,4.74,4.83,4.73,21369423.0,102476715.0,14:42:31
sh600121,郑州煤电,4.19,0.14,3.457,4.19,4.2,4.05,4.02,4.4,4.02,127960307.0,538035264.0,14:42:29
sh600123,兰花科创,7.29,-0.01,-0.137,7.28,7.29,7.3,7.3,7.44,7.27,22572471.0,165664014.0,14:42:30
sh600125,铁龙物流,5.44,0.03,0.555,5.44,5.45,5.41,5.41,5.47,5.39,13209647.0,71794710.0,14:42:31
sh600126,杭钢股份,6.81,-0.06,-0.873,6.8,6.81,6.87,6.87,6.89,6.61,52099774.0,350359304.0,14:42:31
sh600127,金健米业,9.3,0.84,9.929,9.3,9.31,8.46,8.46,9.31,8.46,286925242.0,2628553657.0,14:42:30
sh600128,苏豪弘业,8.41,0.21,2.561,8.4,8.41,8.2,8.18,8.42,8.13,3331300.0,27688904.0,14:42:25
sh600129,太极集团,14.67,0.46,3.237,14.67,14.68,14.21,14.07,14.72,14.03,14523078.0,210233344.0,14:42:31
sh600130,波导股份,4.36,0.02,0.461,4.35,4.36,4.34,4.27,4.39,4.18,20697401.0,88811176.0,14:42:29
sh600131,国网信通,14.87,-0.05,-0.335,14.87,14.88,14.92,14.93,15.15,14.81,6431000.0,95929531.0,14:42:26
sh600132,重庆啤酒,39.66,0.09,0.227,39.66,39.67,39.57,39.5,39.95,39.5,3329750.0,132043929.0,14:42:29
sh600133,东湖高新,8.28,0.04,0.485,8.27,8.28,8.24,8.22,8.32,8.12,10128248.0,83207401.0,14:42:31
sh600135,乐凯胶片,7.36,0.18,2.507,7.36,7.37,7.18,7.11,7.38,7.11,5192000.0,37789562.0,14:42:32
sh600136,ST明诚,1.46,0.03,2.098,1.45,1.46,1.43,1.42,1.47,1.42,9155000.0,13241197.0,14:42:31
sh600137,浪莎股份,18.21,0.17,0.942,18.2,18.21,18.04,17.86,18.29,17.58,1200100.0,21685963.0,14:42:32
sh600138,中青旅,7.12,0.17,2.446,7.12,7.13,6.95,6.96,7.14,6.94,9879000.0,70022706.0,14:42:30
sh600141,兴发集团,29.57,-0.64,-2.119,29.55,29.57,30.21,30.0,30.47,29.3,29667065.0,883331398.0,14:42:31
sh600143,金发科技,14.2,0.23,1.646,14.19,14.2,13.97,14.39,14.39,14.15,24866803.0,354514109.0,14:42:32
sh600148,长春一东,15.69,0.47,3.088,15.68,15.69,15.22,15.17,15.74,15.1,1587600.0,24568836.0,14:42:20
sh600149,廊坊发展,5.0,0.13,2.669,4.99,5.0,4.87,4.86,5.02,4.82,8513600.0,42097064.0,14:42:32
sh600150,中国船舶,33.84,0.04,0.118,33.84,33.85,33.8,33.73,34.08,33.58,38263591.0,1292211244.0,14:42:29
sh600151,航天机电,10.29,0.51,5.215,10.29,10.3,9.78,9.74,10.34,9.67,30200306.0,303240013.0,14:42:31
sh600152,维科技术,8.26,0.14,1.724,8.25,8.26,8.12,8.0,8.37,7.91,28296700.0,229573480.0,14:42:30
sh600153,建发股份,8.79,0.0,0.0,8.78,8.79,8.79,8.77,8.87,8.75,10644401.0,93586578.0,14:42:31
sh600155,华创云信,5.96,0.18,3.114,5.96,5.97,5.78,5.78,5.98,5.76,25464274.0,150017200.0,14:42:32
sh600156,华升股份,8.22,0.32,4.051,8.22,8.24,7.9,7.84,8.25,7.78,10033400.0,80942128.0,14:42:30
sh600157,永泰能源,1.57,0.0,0.0,1.57,1.58,1.57,1.56,1.58,1.56,242307358.0,380505375.0,14:42:30
sh600158,中体产业,7.05,0.23,3.372,7.04,7.05,6.82,6.81,7.07,6.79,21425804.0,149301921.0,14:42:31
sh600159,大龙地产,2.59,0.1,4.016,2.58,2.59,2.49,2.49,2.6,2.47,16616400.0,42514046.0,14:42:29
sh600160,巨化股份,38.03,0.21,0.555,38.01,38.03,37.82,37.46,38.2,36.99,27030543.0,1017976340.0,14:42:30
sh600161,天坛生物,12.32,0.38,3.183,12.31,12.32,11.94,11.93,12.33,11.92,12936182.0,157587495.0,14:42:30
sh600162,香江控股,4.32,0.26,6.404,4.32,4.33,4.06,4.02,4.47,4.02,178039748.0,756479969.0,14:42:31
sh600163,中闽能源,4.98,0.07,1.426,4.97,4.98,4.91,4.89,4.99,4.89,8619195.0,42728079.0,14:42:29
sh600165,ST宁科,3.27,0.0,0.0,0.0,0.0,3.27,0.0,0.0,0.0,0.0,0.0,14:42:02
sh600166,福田汽车,2.87,0.02,0.702,2.86,2.87,2.85,2.83,2.88,2.82,82806993.0,236317308.0,14:42:30
sh600167,联美控股,5.69,0.07,1.246,5.69,5.7,5.62,5.62,5.73,5.61,5471500.0,31111957.0,14:42:30
sh600168,武汉控股,4.42,0.01,0.227,4.42,4.43,4.41,4.37,4.43,4.37,3208500.0,14162027.0,14:42:28
sh600169,ST太重,2.06,-0.01,-0.483,2.06,2.07,2.07,2.05,2.07,2.03,9253300.0,18954157.0,14:42:25
sh600170,上海建工,2.28,0.03,1.333,2.28,2.29,2.25,2.24,2.29,2.24,99287674.0,225242030.0,14:42:30
sh600171,上海贝岭,22.44,0.27,1.218,22.44,22.45,22.17,22.02,22.49,21.78,8591983.0,190684168.0,14:42:29
sh600172,黄河旋风,13.99,1.27,9.984,13.99,0.0,12.72,12.3,13.99,12.14,182517949.0,2412155229.0,14:42:30
sh600173,卧龙新能,6.15,0.14,2.329,6.14,6.15,6.01,5.98,6.16,5.95,4398207.0,26758555.0,14:42:28
sh600176,中国巨石,39.83,-0.04,-0.1,39.83,39.84,39.87,38.61,40.64,37.83,157742951.0,6162006700.0,14:42:32
sh600177,雅戈尔,7.88,-0.14,-1.746,7.88,7.89,8.02,8.0,8.05,7.83,24252288.0,191601796.0,14:42:29
sh600178,东安动力,9.53,0.3,3.25,9.53,9.54,9.23,9.3,9.55,9.2,7949707.0,75402962.0,14:42:31
sh600179,安通控股,4.43,0.07,1.606,4.42,4.43,4.36,4.43,4.43,4.37,30034324.0,132245006.0,14:42:29
sh600180,*ST瑞茂,1.53,0.0,0.0,1.53,1.54,1.53,1.52,1.56,1.51,12637800.0,19435582.0,14:42:30
sh600182,S佳通,13.62,0.3,2.252,13.61,13.62,13.32,13.26,13.66,13.22,1864859.0,25161082.0,14:42:30
sh600183,生益科技,129.01,2.71,2.146,129.01,129.02,126.3,124.0,132.0,122.05,60203138.0,7707665973.0,14:42:29
sh600184,光电股份,17.58,0.3,1.736,17.57,17.58,17.28,17.01,17.83,16.83,8361802.0,145201961.0,14:42:32
sh600185,珠免集团,4.66,0.16,3.556,4.65,4.66,4.5,4.49,4.67,4.49,20772200.0,95671563.0,14:42:29
sh600186,莲花控股,11.56,0.23,2.03,11.55,11.56,11.33,10.99,11.7,10.8,176138008.0,2006619551.0,14:42:30
sh600187,*ST国中,1.34,-0.01,-0.741,1.34,1.35,1.35,1.34,1.36,1.33,19625500.0,26343887.0,14:42:29
sh600188,兖矿能源,21.68,-0.15,-0.687,21.66,21.68,21.83,21.8,22.66,21.42,47178107.0,1037679300.0,14:42:31
sh600189,泉阳泉,7.51,0.18,2.456,7.5,7.51,7.33,7.33,7.65,7.3,10825200.0,81582486.0,14:42:27
sh600191,华资实业,11.81,0.88,8.051,11.81,11.82,10.93,10.93,11.86,10.8,18382909.0,208904297.0,14:42:28
sh600192,长城电工,7.04,0.1,1.441,7.03,7.04,6.94,6.94,7.05,6.79,7583946.0,52959700.0,14:42:28
sh600195,中牧股份,6.83,0.1,1.486,6.82,6.83,6.73,6.67,6.83,6.67,5673220.0,38481883.0,14:42:28
sh600196,复星医药,23.01,0.22,0.965,23.0,23.01,22.79,22.72,23.03,22.51,21148863.0,482905904.0,14:42:27
sh600197,伊力特,10.05,0.11,1.107,10.04,10.05,9.94,9.92,10.12,9.92,4398710.0,44250714.0,14:42:24
sh600198,大唐电信,7.91,0.06,0.764,7.91,7.92,7.85,7.65,7.97,7.65,29948437.0,235772669.0,14:42:27
sh600199,金种子酒,7.01,0.09,1.301,7.01,7.02,6.92,6.9,7.07,6.9,11202451.0,78226488.0,14:42:29
sh600201,生物股份,12.63,0.2,1.609,12.62,12.63,12.43,12.38,12.66,12.28,14430567.0,179552286.0,14:42:29
sh600202,哈空调,5.14,0.11,2.187,5.14,5.15,5.03,4.99,5.16,4.93,6958200.0,35447864.0,14:42:29
sh600203,福日电子,10.38,0.52,5.274,10.38,10.39,9.86,9.75,10.46,9.71,27384868.0,279097945.0,14:42:27
sh600206,有研新材,51.32,-1.2,-2.285,51.31,51.32,52.52,51.21,53.95,50.2,73392887.0,3789896627.0,14:42:27
sh600207,安彩高科,4.42,0.11,2.552,4.41,4.42,4.31,4.34,4.43,4.26,13818300.0,60465501.0,14:42:29
sh600208,衢州发展,2.91,0.03,1.042,2.91,2.92,2.88,2.87,2.92,2.86,43476300.0,125979332.0,14:42:29
sh600210,紫江企业,6.09,0.05,0.828,6.08,6.09,6.04,6.05,6.09,6.02,7404900.0,44971940.0,14:42:29
sh600211,西藏药业,38.51,0.35,0.917,38.51,38.53,38.16,37.85,38.56,37.66,4337378.0,165919507.0,14:42:29
sh600212,绿能慧充,6.1,0.2,3.39,6.1,6.11,5.9,5.85,6.14,5.71,24230356.0,145069168.0,14:42:27
sh600215,派斯林,6.52,0.1,1.558,6.51,6.52,6.42,6.39,6.58,6.36,5212500.0,33817964.0,14:42:29
sh600216,浙江医药,12.92,0.37,2.948,12.92,12.93,12.55,12.49,13.02,12.32,28832634.0,368398395.0,14:42:26
sh600217,中再资环,3.19,0.08,2.572,3.19,3.2,3.11,3.12,3.2,3.1,11549948.0,36631560.0,14:42:27
sh600218,全柴动力,7.75,0.23,3.059,7.74,7.75,7.52,7.5,7.76,7.47,4586415.0,35210185.0,14:42:27
sh600219,南山铝业,4.81,0.01,0.208,4.81,4.82,4.8,4.81,4.84,4.73,133271062.0,638263297.0,14:42:29
sh600221,海航控股,1.31,0.01,0.769,1.3,1.31,1.3,1.3,1.31,1.29,155853005.0,202755926.0,14:42:27
sh600222,太龙药业,8.01,0.46,6.093,8.01,8.02,7.55,7.56,8.02,7.48,27389230.0,215155040.0,14:42:27
sh600223,福瑞达,5.79,0.24,4.324,5.79,5.8,5.55,5.64,5.97,5.59,21315638.0,123331497.0,14:42:28
sh600226,亨通股份,5.97,-0.09,-1.485,5.96,5.97,6.06,5.96,6.03,5.65,117638571.0,686320471.0,14:42:28
sh600227,赤天化,3.84,-0.11,-2.785,3.83,3.84,3.95,3.9,4.09,3.7,204477619.0,796817679.0,14:42:28
sh600228,返利科技,8.39,0.19,2.317,8.38,8.39,8.2,8.25,8.5,8.08,21755500.0,181520360.0,14:42:28
sh600229,城市传媒,5.18,0.1,1.969,5.17,5.18,5.08,5.05,5.2,5.05,3719800.0,19167256.0,14:42:20
sh600230,沧州大化,14.4,-0.04,-0.277,14.39,14.4,14.44,14.31,14.69,14.21,8431512.0,121771926.0,14:42:28
sh600231,凌钢股份,1.75,0.06,3.55,1.74,1.75,1.69,1.68,1.75,1.68,24091870.0,41678807.0,14:42:27
sh600232,金鹰股份,6.56,0.17,2.66,6.55,6.56,6.39,6.36,6.59,6.32,4636701.0,29960918.0,14:42:28
sh600233,圆通速递,16.91,-0.39,-2.254,16.91,16.92,17.3,17.35,17.43,16.82,18362200.0,313047876.0,14:42:28
sh600234,科新发展,20.71,-0.38,-1.802,20.67,20.71,21.09,20.98,21.0,20.19,1965200.0,40452861.0,14:42:26
sh600235,民丰特纸,5.82,0.08,1.394,5.81,5.82,5.74,5.69,5.83,5.65,5198000.0,29943376.0,14:42:26
sh600236,桂冠电力,9.88,-0.01,-0.101,9.87,9.88,9.89,9.88,9.9,9.74,6329275.0,62326698.0,14:42:28
sh600237,铜峰电子,8.27,0.18,2.225,8.27,8.28,8.09,8.0,8.32,7.87,18255900.0,148601165.0,14:42:28
sh600238,ST椰岛,4.91,-0.11,-2.191,4.9,4.91,5.02,5.15,5.15,4.89,4805500.0,23965210.0,14:42:27
sh600239,ST云城,1.43,-0.02,-1.379,1.43,1.44,1.45,1.44,1.45,1.41,17052075.0,24330046.0,14:42:28
sh600241,时代万恒,7.46,0.18,2.473,7.46,7.47,7.28,7.26,7.5,7.24,3923400.0,28980571.0,14:42:27
sh600243,*ST海华,3.72,0.02,0.541,3.72,3.73,3.7,3.71,3.73,3.66,4367700.0,16149778.0,14:42:11
sh600246,万通发展,11.47,0.1,0.88,11.47,11.48,11.37,11.06,11.54,10.85,71953264.0,807347159.0,14:42:29
sh600248,陕建股份,2.93,0.06,2.091,2.92,2.93,2.87,2.87,2.94,2.86,17699200.0,51652416.0,14:42:28
sh600249,两面针,5.35,0.14,2.687,5.35,5.36,5.21,5.18,5.36,5.18,5706350.0,30228631.0,14:42:29
sh600250,南京商旅,9.55,0.06,0.632,9.55,9.56,9.49,9.49,10.07,9.42,40603729.0,394076399.0,14:42:26
sh600251,冠农股份,10.41,0.24,2.36,10.4,10.41,10.17,10.1,10.53,10.1,17969415.0,185807183.0,14:42:27
sh600252,中恒集团,2.26,0.08,3.67,2.26,2.27,2.18,2.17,2.28,2.15,53095254.0,118424546.0,14:42:28
sh600255,鑫科材料,3.3,0.05,1.538,3.29,3.3,3.25,3.23,3.31,3.2,46924493.0,153242867.0,14:42:29
sh600256,广汇能源,6.2,0.04,0.649,6.19,6.2,6.16,6.14,6.3,6.14,110297183.0,686640484.0,14:42:27
sh600257,大湖股份,5.64,0.13,2.359,5.63,5.64,5.51,5.48,5.66,5.46,11239100.0,62885486.0,14:42:29
sh600258,首旅酒店,12.28,0.11,0.904,12.27,12.28,12.17,12.11,12.37,12.11,12304054.0,151351402.0,14:42:28
sh600259,中稀有色,81.41,-2.7,-3.21,81.41,81.45,84.11,84.03,85.88,80.38,8879875.0,732075294.0,14:42:26
sh600261,阳光照明,3.17,0.09,2.922,3.17,3.18,3.08,3.06,3.18,3.06,17406552.0,54522971.0,14:42:25
sh600262,北方股份,15.83,0.77,5.113,15.82,15.83,15.06,15.76,16.55,15.45,21382445.0,339280469.0,14:42:28
sh600265,*ST景谷,22.95,-0.94,-3.935,22.95,22.99,23.89,23.56,23.7,22.41,1426900.0,32605792.0,14:42:28
sh600266,城建发展,4.12,0.1,2.488,4.12,4.13,4.02,4.01,4.14,4.0,32186138.0,131439624.0,14:42:27
sh600267,海正药业,12.28,0.22,1.824,12.27,12.28,12.06,12.0,12.29,11.83,38673067.0,466444057.0,14:42:27
sh600268,国电南自,10.55,0.06,0.572,10.54,10.55,10.49,10.41,10.57,10.39,6566409.0,68910115.0,14:42:27
sh600269,赣粤高速,3.82,0.04,1.058,3.81,3.82,3.78,3.79,3.85,3.78,17816400.0,67999706.0,14:42:28
sh600271,航天信息,6.83,0.17,2.553,6.82,6.83,6.66,6.63,6.85,6.62,12677468.0,85944605.0,14:42:27
sh600272,开开实业,19.67,1.52,8.375,19.65,19.67,18.15,17.61,19.97,16.67,51252830.0,959054143.0,14:42:27
sh600273,嘉化能源,6.59,0.05,0.765,6.58,6.59,6.54,6.51,6.66,6.49,17484200.0,115508747.0,14:42:26
sh600276,恒瑞医药,46.47,-0.29,-0.62,46.47,46.48,46.76,46.53,46.88,46.22,70176757.0,3265769505.0,14:42:28
sh600278,东方创业,6.28,0.14,2.28,6.27,6.28,6.14,6.11,6.29,6.1,4099500.0,25643516.0,14:42:28
sh600279,重庆港,4.43,0.12,2.784,4.42,4.43,4.31,4.32,4.45,4.31,10424520.0,45875367.0,14:42:27
sh600280,中央商场,3.09,0.17,5.822,3.08,3.09,2.92,2.92,3.09,2.92,36190739.0,109726138.0,14:42:29
sh600281,华阳新材,5.05,0.46,10.022,5.05,0.0,4.59,4.6,5.05,4.5,31883815.0,157841699.0,14:42:25
sh600282,南钢股份,4.74,-0.04,-0.837,4.73,4.74,4.78,4.77,4.81,4.69,29622600.0,140251265.0,14:42:28
sh600283,钱江水利,7.87,0.08,1.027,7.87,7.88,7.79,7.76,7.89,7.73,1743900.0,13643741.0,14:42:09
sh600284,浦东建设,5.11,0.1,1.996,5.11,5.12,5.01,5.0,5.12,4.99,10058707.0,51035662.0,14:42:29
sh600285,羚锐制药,19.67,0.09,0.46,19.67,19.68,19.58,19.58,19.75,19.54,5059486.0,99546292.0,14:42:28
sh600287,苏豪时尚,4.91,0.14,2.935,4.91,4.92,4.77,4.72,4.93,4.72,3409300.0,16576591.0,14:42:12
sh600288,大恒科技,11.14,0.07,0.632,11.14,11.15,11.07,10.91,11.19,10.84,17598600.0,194142007.0,14:42:28
sh600289,ST信通,4.45,0.19,4.46,4.45,4.46,4.26,4.22,4.65,4.22,3267000.0,14652363.0,14:42:18
sh600292,电投水电,12.12,-0.03,-0.247,12.11,12.13,12.15,12.15,12.2,12.0,5488269.0,66529013.0,14:42:26
sh600293,三峡新材,2.85,0.06,2.151,2.85,2.86,2.79,2.78,2.87,2.75,26443938.0,74752457.0,14:42:27
sh600295,鄂尔多斯,12.95,-0.09,-0.69,12.95,12.96,13.04,12.99,13.18,12.92,5474595.0,71371444.0,14:42:24
sh600298,安琪酵母,41.31,0.74,1.824,41.3,41.31,40.57,40.8,41.77,40.5,6875086.0,284384239.0,14:42:28
sh600299,安迪苏,8.38,0.01,0.119,8.38,8.39,8.37,8.34,8.5,8.33,25584409.0,215591967.0,14:42:27
sh600300,维维股份,3.16,-0.02,-0.629,3.16,3.17,3.18,3.15,3.2,3.11,32446284.0,102231399.0,14:42:27
sh600301,华锡有色,45.92,-1.41,-2.979,45.92,45.93,47.33,46.79,46.88,44.76,7536701.0,344753273.0,14:42:32
sh600302,ST标准,6.5,0.19,3.011,6.49,6.51,6.31,6.34,6.54,6.23,2390000.0,15323475.0,14:42:30
sh600303,曙光股份,2.96,0.13,4.594,2.96,2.97,2.83,2.82,2.99,2.8,20788683.0,60437970.0,14:42:34
sh600305,恒顺醋业,6.8,0.1,1.493,6.79,6.8,6.7,6.7,6.86,6.68,9297940.0,63233515.0,14:42:34
sh600307,酒钢宏兴,1.45,0.02,1.399,1.45,1.46,1.43,1.43,1.46,1.42,20907900.0,30216247.0,14:42:33
sh600308,华泰股份,3.25,0.08,2.524,3.25,3.26,3.17,3.16,3.26,3.15,12922940.0,41765484.0,14:42:34
sh600309,万华化学,72.86,-0.33,-0.451,72.86,72.87,73.19,74.03,75.43,72.52,38748438.0,2863336956.0,14:42:34
sh600310,广西能源,4.18,0.07,1.703,4.17,4.18,4.11,4.07,4.19,4.06,29986000.0,124365387.0,14:42:32
sh600312,平高电气,20.09,-0.09,-0.446,20.08,20.09,20.18,20.08,20.26,19.9,13001300.0,260918253.0,14:42:34
sh600313,农发种业,6.92,0.27,4.06,6.92,6.93,6.65,6.62,7.3,6.62,143474439.0,999896061.0,14:42:33
sh600315,上海家化,18.37,0.14,0.768,18.37,18.38,18.23,18.29,18.63,18.22,8707384.0,160475688.0,14:42:33
sh600316,洪都航空,28.83,-0.28,-0.962,28.83,28.84,29.11,29.11,29.37,28.45,6783250.0,194856231.0,14:42:34
sh600318,新力金融,6.59,0.13,2.012,6.58,6.59,6.46,6.42,6.6,6.42,11250353.0,73590627.0,14:42:33
sh600319,亚星化学,6.35,0.09,1.438,6.34,6.35,6.26,6.15,6.4,6.15,8149732.0,51504555.0,14:42:31
sh600320,振华重工,4.14,0.1,2.475,4.13,4.14,4.04,4.05,4.14,4.04,35711654.0,146748051.0,14:42:35
sh600322,津投城开,2.67,0.08,3.089,2.67,2.68,2.59,2.58,2.68,2.57,17163101.0,45316641.0,14:42:34
sh600323,瀚蓝环境,29.72,0.12,0.405,29.71,29.75,29.6,29.79,30.1,29.57,3564764.0,106141865.0,14:42:32
sh600325,华发股份,2.35,0.1,4.444,2.34,2.35,2.25,2.24,2.36,2.23,94905384.0,220273585.0,14:42:32
sh600326,西藏天路,7.11,0.02,0.282,7.1,7.11,7.09,7.05,7.12,6.99,15155179.0,107028951.0,14:42:32
sh600327,大东方,4.1,0.09,2.244,4.09,4.1,4.01,4.02,4.11,3.98,21032200.0,85320757.0,14:42:34
sh600328,中盐化工,6.45,0.09,1.415,6.44,6.45,6.36,6.35,6.47,6.33,14661706.0,94301674.0,14:42:34
sh600329,达仁堂,36.08,0.36,1.008,36.08,36.11,35.72,35.6,36.23,35.6,1694012.0,61053246.0,14:42:32
sh600330,天通股份,27.41,1.34,5.14,27.4,27.41,26.07,25.48,28.68,25.42,172544818.0,4754552779.0,14:42:34
sh600331,宏达股份,12.42,-0.63,-4.828,12.41,12.42,13.05,13.05,13.05,12.28,46300695.0,580486374.0,14:42:34
sh600332,白云山,20.21,0.1,0.497,20.2,20.21,20.11,20.11,20.23,19.98,7685618.0,154879168.0,14:42:35
sh600333,长春燃气,6.27,0.01,0.16,6.27,6.28,6.26,6.25,6.34,6.24,6260334.0,39364600.0,14:42:29
sh600335,国机汽车,5.21,0.17,3.373,5.21,5.22,5.04,5.03,5.22,5.03,30750420.0,158867413.0,14:42:34
sh600336,澳柯玛,6.24,0.2,3.311,6.24,6.25,6.04,6.02,6.25,5.99,6738912.0,41534312.0,14:42:34
sh600337,ST美克,3.29,0.04,1.231,3.28,3.29,3.25,3.18,3.29,3.17,15009100.0,48654229.0,14:42:33
sh600338,西藏珠峰,13.66,-0.27,-1.938,13.65,13.66,13.93,13.91,13.98,13.36,38444040.0,524946220.0,14:42:33
sh600339,中油工程,3.42,0.03,0.885,3.41,3.42,3.39,3.37,3.44,3.37,36443783.0,124343252.0,14:42:33
sh600340,*ST华幸,1.09,0.0,0.0,1.08,1.09,1.09,1.08,1.09,1.07,19287810.0,20873993.0,14:42:32
sh600343,航天动力,18.25,0.45,2.528,18.24,18.25,17.8,17.6,18.32,17.44,13038999.0,234301454.0,14:42:34
sh600345,长江通信,48.0,0.3,0.629,48.0,48.01,47.7,46.7,49.38,45.7,11431392.0,543116642.0,14:42:35
sh600346,恒力石化,18.33,-0.43,-2.292,18.32,18.33,18.76,18.72,19.04,18.18,29293069.0,542398154.0,14:42:34
sh600348,华阳股份,8.96,-0.12,-1.322,8.96,8.97,9.08,9.04,9.19,8.95,28239583.0,255646236.0,14:42:33
sh600350,山东高速,10.91,0.18,1.678,10.9,10.91,10.73,10.75,10.99,10.69,14632287.0,159021672.0,14:42:34
sh600351,亚宝药业,7.01,0.23,3.392,7.0,7.01,6.78,6.75,7.02,6.74,21926427.0,151820102.0,14:42:33
sh600352,浙江龙盛,12.67,-0.27,-2.087,12.67,12.68,12.94,12.81,13.0,12.53,36841337.0,469674238.0,14:42:33
sh600353,旭光电子,35.32,-1.7,-4.592,35.31,35.32,37.02,35.46,36.95,34.9,75452968.0,2697953377.0,14:42:33
sh600354,敦煌种业,7.11,0.48,7.24,7.1,7.11,6.63,6.6,7.29,6.6,110682553.0,783114486.0,14:42:34
sh600356,恒丰纸业,9.04,0.23,2.611,9.04,9.05,8.81,8.76,9.12,8.76,5286016.0,47522782.0,14:42:34
sh600358,国旅联合,5.07,0.08,1.603,5.07,5.08,4.99,4.99,5.11,4.94,3303400.0,16692552.0,14:42:33
sh600359,新农开发,6.8,0.25,3.817,6.8,6.81,6.55,6.49,6.9,6.49,21141279.0,142736143.0,14:42:35
sh600360,华微电子,10.4,-0.06,-0.574,10.4,10.41,10.46,10.25,10.45,10.0,36161000.0,370151187.0,14:42:34
sh600361,创新新材,3.73,0.02,0.539,3.72,3.73,3.71,3.7,3.74,3.67,33018025.0,122601633.0,14:42:34
sh600362,江西铜业,44.22,-1.73,-3.765,44.21,44.22,45.95,45.77,45.77,43.59,50878371.0,2254963859.0,14:42:33
sh600363,联创光电,17.8,0.76,4.46,17.79,17.8,17.04,16.99,18.04,16.97,39321936.0,690249212.0,14:42:34
sh600365,ST通葡,2.84,0.0,0.0,2.84,2.85,2.84,2.82,2.92,2.82,3637400.0,10440073.0,14:42:24
sh600366,宁波韵升,11.54,-0.02,-0.173,11.54,11.55,11.56,11.47,11.68,11.36,25962030.0,299060440.0,14:42:34
sh600367,红星发展,38.22,0.07,0.183,38.21,38.22,38.15,38.15,40.38,36.36,83458258.0,3214736021.0,14:42:33
sh600368,五洲交通,4.13,0.07,1.724,4.13,4.14,4.06,4.05,4.15,4.05,39047329.0,160924146.0,14:42:34
sh600369,西南证券,4.03,0.02,0.499,4.03,4.04,4.01,4.01,4.05,4.01,20238021.0,81620505.0,14:42:33
sh600370,*ST三房,1.52,0.05,3.401,1.51,1.52,1.47,1.47,1.53,1.46,20182700.0,30464938.0,14:42:32
sh600371,万向德农,8.67,0.79,10.025,8.67,0.0,7.88,7.72,8.67,7.72,47331998.0,403858970.0,14:42:34
sh600372,中航机载,10.89,0.07,0.647,10.88,10.89,10.82,10.8,10.9,10.74,13058732.0,141328914.0,14:42:35
sh600373,中文传媒,7.13,0.16,2.296,7.12,7.13,6.97,6.95,7.16,6.94,9096711.0,64508277.0,14:42:34
sh600375,汉马科技,3.82,0.11,2.965,3.82,3.83,3.71,3.69,3.84,3.66,21099492.0,79807760.0,14:42:33
sh600376,首开股份,3.37,0.08,2.432,3.37,3.38,3.29,3.2,3.43,3.2,54014038.0,180050869.0,14:42:34
sh600377,宁沪高速,12.25,0.06,0.492,12.24,12.25,12.19,12.16,12.36,12.15,10517098.0,129065596.0,14:42:34
sh600378,昊华科技,43.33,-0.87,-1.968,43.33,43.34,44.2,42.51,44.2,42.01,34694132.0,1492216390.0,14:42:32
sh600379,宝光股份,14.82,0.17,1.16,14.82,14.83,14.65,14.6,15.1,14.33,20178751.0,296462202.0,14:42:33
sh600380,健康元,9.24,-0.11,-1.176,9.23,9.24,9.35,9.28,9.38,9.16,21175421.0,195292788.0,14:42:35
sh600381,*ST春天,4.83,0.08,1.684,4.83,4.84,4.75,4.68,4.86,4.63,5171314.0,24655072.0,14:42:32
sh600382,广东明珠,6.46,0.02,0.311,6.45,6.46,6.44,6.4,6.47,6.31,10118000.0,64732238.0,14:42:34
sh600383,金地集团,2.23,0.05,2.294,2.23,2.24,2.18,2.18,2.24,2.17,65932384.0,145974894.0,14:42:34
sh600386,北巴传媒,3.47,0.12,3.582,3.46,3.47,3.35,3.35,3.47,3.33,7430600.0,25412677.0,14:42:27
sh600388,紫金龙净,17.45,0.1,0.576,17.45,17.46,17.35,17.36,17.49,17.17,6888402.0,119489592.0,14:42:33
sh600389,江山股份,18.45,0.17,0.93,18.44,18.45,18.28,18.2,19.05,18.18,10908082.0,203321928.0,14:42:34
sh600390,五矿资本,4.98,0.08,1.633,4.98,4.99,4.9,4.89,5.0,4.88,39578723.0,196393493.0,14:42:35
sh600391,航发科技,31.26,0.36,1.165,31.25,31.26,30.9,31.33,31.49,30.3,5258822.0,162918681.0,14:42:33
sh600392,盛和资源,22.32,-0.52,-2.277,22.31,22.32,22.84,22.4,22.95,21.89,46444995.0,1037428078.0,14:42:32
sh600395,盘江股份,5.48,-0.02,-0.364,5.48,5.49,5.5,5.43,5.65,5.43,40800211.0,225937794.0,14:42:32
sh600396,华电辽能,14.15,-0.02,-0.141,14.15,14.16,14.17,14.08,14.59,13.8,108791683.0,1545358436.0,14:42:34
sh600397,江钨装备,17.59,-0.64,-3.511,17.59,17.6,18.23,18.0,18.21,17.2,74773317.0,1320749904.0,14:42:34
sh600398,海澜之家,6.03,0.05,0.836,6.02,6.03,5.98,5.99,6.06,5.98,22526788.0,135499031.0,14:42:32
sh600399,抚顺特钢,4.34,0.16,3.828,4.34,4.35,4.18,4.18,4.36,4.17,41626668.0,178624312.0,14:42:33
sh600400,红豆股份,2.97,-0.02,-0.669,2.97,2.98,2.99,2.99,3.03,2.87,33393185.0,98781832.0,14:42:35
sh600403,大有能源,7.06,-0.24,-3.288,7.06,7.07,7.3,7.23,7.55,6.98,165940641.0,1204419134.0,14:42:34
sh600405,动力源,4.57,0.06,1.33,4.56,4.58,4.51,4.51,4.58,4.46,7487100.0,34016729.0,14:42:34
sh600406,国电南瑞,23.14,-0.13,-0.559,23.14,23.15,23.27,23.27,23.31,23.03,19733514.0,457284886.0,14:42:28
sh600408,安泰集团,2.94,0.08,2.797,2.94,2.95,2.86,2.85,2.98,2.82,78081501.0,227791264.0,14:42:30
sh600409,三友化工,6.95,0.03,0.434,6.94,6.95,6.92,6.89,7.11,6.88,36407300.0,254945424.0,14:42:29
sh600410,华胜天成,13.36,0.38,2.928,13.36,13.37,12.98,12.85,13.4,12.74,34975903.0,459657559.0,14:42:31
sh600415,小商品城,12.14,-0.16,-1.301,12.14,12.15,12.3,12.26,12.43,12.05,51279949.0,624191591.0,14:42:30
sh600416,湘电股份,8.55,0.29,3.511,8.54,8.55,8.26,8.25,8.58,8.2,13074093.0,109737815.0,14:42:29
sh600418,江淮汽车,21.15,1.03,5.119,21.15,21.16,20.12,20.04,21.52,19.85,87926318.0,1825030077.0,14:42:30
sh600419,天润乳业,8.72,0.08,0.926,8.71,8.72,8.64,8.67,8.76,8.63,4078800.0,35553238.0,14:42:29
sh600420,国药现代,8.58,0.13,1.538,8.57,8.58,8.45,8.44,8.6,8.41,7605200.0,64847408.0,14:42:30
sh600422,昆药集团,8.55,0.24,2.888,8.55,8.56,8.31,8.3,8.57,8.28,7533903.0,63748615.0,14:42:30
sh600423,*ST柳化,2.85,0.03,1.064,2.85,2.86,2.82,2.82,2.87,2.8,2444000.0,6961971.0,14:42:22
sh600425,青松建化,3.66,0.04,1.105,3.65,3.66,3.62,3.6,3.67,3.6,16897900.0,61652293.0,14:42:30
sh600426,华鲁恒升,19.98,-0.09,-0.448,19.97,19.98,20.07,20.11,20.69,19.9,39712321.0,805369327.0,14:42:29
sh600428,中远海特,11.41,0.06,0.529,11.41,11.42,11.35,11.36,11.5,11.16,37786683.0,427814626.0,14:42:29
sh600429,三元股份,4.66,0.17,3.786,4.66,4.67,4.49,4.49,4.68,4.49,16117000.0,74243762.0,14:42:26
sh600433,冠豪高新,3.38,0.13,4.0,3.38,3.39,3.25,3.23,3.39,3.23,35162052.0,117372290.0,14:42:30
sh600435,北方导航,10.56,0.24,2.326,10.56,10.57,10.32,10.29,10.68,10.29,14202461.0,149448201.0,14:42:29
sh600436,片仔癀,126.01,2.25,1.818,126.01,126.02,123.76,123.76,126.41,123.0,3153886.0,394329501.0,14:42:30
sh600438,通威股份,12.05,-0.07,-0.578,12.04,12.05,12.12,12.04,12.12,11.9,26475395.0,317908394.0,14:42:29
sh600439,ST瑞贝卡,1.88,0.03,1.622,1.87,1.88,1.85,1.85,1.89,1.84,14337800.0,26755679.0,14:42:26
sh600444,国机通用,14.38,0.33,2.349,14.37,14.38,14.05,14.0,14.44,14.0,2887700.0,41283417.0,14:42:29
sh600446,金证股份,10.73,0.11,1.036,10.72,10.73,10.62,10.66,10.77,10.6,12019700.0,128628619.0,14:42:28
sh600448,华纺股份,2.98,0.06,2.055,2.98,2.99,2.92,2.93,2.99,2.88,13857200.0,40755807.0,14:42:29
sh600449,宁夏建材,12.61,-0.6,-4.542,12.61,12.62,13.21,12.98,13.29,12.56,18448102.0,236730108.0,14:42:31
sh600452,涪陵电力,9.09,0.06,0.664,9.08,9.09,9.03,9.0,9.14,8.96,13180200.0,119600074.0,14:42:28
sh600455,博通股份,24.45,0.62,2.602,24.43,24.45,23.83,23.8,24.55,23.67,1049600.0,25302241.0,14:42:29
sh600456,宝钛股份,27.45,0.22,0.808,27.44,27.45,27.23,27.21,27.55,26.96,3703400.0,101040850.0,14:42:30
sh600458,时代新材,11.56,-0.16,-1.365,11.56,11.57,11.72,11.61,11.65,11.32,17531136.0,201515428.0,14:42:30
sh600459,贵研铂业,21.12,-0.23,-1.077,21.11,21.12,21.35,21.36,21.43,20.66,22314540.0,468290045.0,14:42:29
sh600460,士兰微,34.34,-1.22,-3.431,34.34,34.35,35.56,34.18,35.16,33.05,162840521.0,5545861911.0,14:42:31
sh600461,洪城环境,8.94,0.03,0.337,8.93,8.94,8.91,8.92,9.01,8.9,7683691.0,68808321.0,14:42:31
sh600463,空港股份,8.31,0.28,3.487,8.3,8.31,8.03,8.01,8.37,8.0,4328500.0,35610938.0,14:42:30
sh600467,好当家,2.37,0.05,2.155,2.37,2.38,2.32,2.3,2.38,2.3,22861189.0,53797965.0,14:42:28
sh600468,百利电气,5.97,0.1,1.704,5.97,5.98,5.87,5.88,6.0,5.81,14783500.0,87964500.0,14:42:30
sh600469,风神股份,5.26,0.04,0.766,5.26,5.27,5.22,5.2,5.3,5.19,6858601.0,36064537.0,14:42:30
sh600470,六国化工,5.93,0.54,10.019,5.93,0.0,5.39,5.42,5.93,5.42,35018087.0,204129677.0,14:42:29
sh600475,华光环能,15.27,0.72,4.948,15.27,15.28,14.55,14.55,15.39,14.5,13727051.0,205719350.0,14:42:30
sh600476,*ST湘邮,9.55,0.15,1.596,9.55,9.56,9.4,9.44,9.6,9.36,661600.0,6279605.0,14:42:23
sh600477,杭萧钢构,2.46,0.08,3.361,2.46,2.47,2.38,2.38,2.47,2.36,36111438.0,87767641.0,14:42:28
sh600478,科力远,4.93,0.02,0.407,4.92,4.93,4.91,4.89,4.95,4.83,21388250.0,104675051.0,14:42:29
sh600479,千金药业,10.01,0.21,2.143,10.01,10.02,9.8,9.78,10.03,9.76,6306420.0,62547401.0,14:42:29
sh600480,凌云股份,8.44,0.21,2.552,8.44,8.45,8.23,8.18,8.47,8.16,11222795.0,93683737.0,14:42:29
sh600481,双良节能,4.29,0.1,2.387,4.28,4.29,4.19,4.17,4.3,4.15,37213458.0,157634864.0,14:42:30
sh600482,中国动力,31.91,0.25,0.79,31.91,31.92,31.66,31.1,32.05,31.1,8916487.0,282875731.0,14:42:30
sh600483,福能股份,10.69,-0.14,-1.293,10.68,10.69,10.83,10.78,10.98,10.61,13643036.0,146676033.0,14:42:30
sh600486,扬农化工,54.0,-0.75,-1.37,54.0,54.02,54.75,54.74,56.25,53.81,5194441.0,286422161.0,14:42:29
sh600487,亨通光电,64.83,4.4,7.281,64.81,64.83,60.43,58.2,66.37,57.0,242541432.0,15137911461.0,14:42:31
sh600488,津药药业,5.48,0.31,5.996,5.47,5.48,5.17,5.16,5.55,5.07,65163851.0,347373439.0,14:42:29
sh600489,中金黄金,26.32,-0.94,-3.448,26.31,26.32,27.26,27.45,27.45,25.83,104059292.0,2747731348.0,14:42:30
sh600490,鹏欣资源,7.33,-0.12,-1.611,7.32,7.33,7.45,7.5,7.61,7.14,60830933.0,447627870.0,14:42:31
sh600491,ST龙元,1.78,0.0,0.0,1.77,1.78,1.78,1.75,1.85,1.74,83900800.0,150305286.0,14:42:30
sh600493,凤竹纺织,6.19,0.16,2.653,6.17,6.19,6.03,6.02,6.2,5.94,5437401.0,33142790.0,14:42:29
sh600495,晋西车轴,4.12,0.07,1.728,4.12,4.13,4.05,4.03,4.14,4.01,9229120.0,37689670.0,14:42:30
sh600496,精工钢构,3.41,0.04,1.187,3.41,3.42,3.37,3.35,3.43,3.35,24199970.0,82353855.0,14:42:30
sh600497,驰宏锌锗,9.94,-0.25,-2.453,9.93,9.94,10.19,10.1,10.1,9.75,116814787.0,1154858780.0,14:42:31
sh600498,烽火通信,40.67,1.55,3.962,40.67,40.68,39.12,37.89,41.78,37.33,105632732.0,4211422281.0,14:42:29
sh600499,科达制造,14.28,0.32,2.292,14.28,14.29,13.96,14.1,14.53,14.07,33475828.0,479651647.0,14:42:28
sh600500,中化国际,5.28,-0.09,-1.676,5.27,5.28,5.37,5.27,5.36,5.17,105544989.0,554903130.0,14:42:29
sh600501,航天晨光,14.21,0.47,3.421,14.2,14.21,13.74,13.55,14.25,13.55,4934520.0,69055742.0,14:42:29
sh600502,安徽建工,4.55,0.09,2.018,4.54,4.55,4.46,4.46,4.57,4.45,26952442.0,121892911.0,14:42:30
sh600503,华丽家族,2.2,0.08,3.774,2.2,2.21,2.12,2.12,2.22,2.09,31769100.0,69102986.0,14:42:29
sh600505,西昌电力,10.65,0.2,1.914,10.64,10.65,10.45,10.46,10.66,10.37,5057692.0,53385635.0,14:42:30
sh600506,统一股份,15.26,-0.27,-1.739,15.26,15.27,15.53,15.03,15.47,15.0,12656929.0,191960249.0,14:42:30
sh600507,方大特钢,4.34,0.14,3.333,4.34,4.35,4.2,4.2,4.37,4.18,42551288.0,182817915.0,14:42:28
sh600508,上海能源,10.87,0.99,10.02,10.87,0.0,9.88,10.57,10.87,10.56,38254838.0,414207496.0,14:42:29
sh600509,天富能源,7.41,0.01,0.135,7.4,7.41,7.4,7.37,7.42,7.29,12075800.0,88767564.0,14:42:30
sh600510,黑牡丹,7.23,0.41,6.012,7.22,7.23,6.82,6.7,7.26,6.6,13268432.0,92794744.0,14:42:29
sh600511,国药股份,26.69,0.43,1.637,26.68,26.69,26.26,26.32,26.77,26.25,4405100.0,117226235.0,14:42:24
sh600512,腾达建设,2.05,0.04,1.99,2.04,2.05,2.01,2.0,2.05,2.0,21187000.0,43043570.0,14:42:26
sh600513,联环药业,16.31,0.67,4.284,16.3,16.31,15.64,15.49,16.34,15.32,13066900.0,208527646.0,14:42:30
sh600515,海南机场,2.78,0.03,1.091,2.78,2.79,2.75,2.75,2.8,2.74,59148100.0,164361503.0,14:42:28
sh600516,方大炭素,5.07,0.03,0.595,5.07,5.08,5.04,5.02,5.08,5.01,20330977.0,102789957.0,14:42:28
sh600517,国网英大,4.93,0.08,1.649,4.93,4.94,4.85,4.85,4.95,4.85,14941369.0,73508317.0,14:42:29
sh600518,康美药业,1.37,0.03,2.239,1.37,1.38,1.34,1.34,1.38,1.33,111324717.0,151315060.0,14:42:29
sh600519,贵州茅台,1303.44,-1.22,-0.094,1303.45,1303.71,1304.66,1311.89,1317.0,1301.11,1973564.0,2578190462.0,14:42:29
sh600520,三佳科技,23.98,-0.23,-0.95,23.97,23.99,24.21,23.76,24.15,23.02,4971500.0,117535511.0,14:42:31
sh600521,华海药业,16.44,0.24,1.481,16.43,16.44,16.2,16.08,16.45,15.88,26025097.0,420810149.0,14:42:29
sh600522,中天科技,33.94,1.41,4.334,33.93,33.94,32.53,31.8,34.65,31.31,237054234.0,7880243421.0,14:42:29
sh600523,贵航股份,11.92,0.14,1.188,11.92,11.93,11.78,11.78,11.99,11.68,3116700.0,37072061.0,14:42:30
sh600525,ST长园,5.78,0.0,0.0,0.0,0.0,5.78,0.0,0.0,0.0,0.0,0.0,14:42:13
sh600526,菲达环保,4.7,-0.02,-0.424,4.7,4.71,4.72,4.69,4.74,4.68,9956300.0,46821964.0,14:42:28
sh600527,江南高纤,2.24,0.07,3.226,2.24,2.25,2.17,2.16,2.25,2.16,74988828.0,166520970.0,14:42:30
sh600528,中铁工业,7.05,0.09,1.293,7.05,7.06,6.96,6.92,7.07,6.92,7744115.0,54463552.0,14:42:28
sh600529,山东药玻,19.25,0.53,2.831,19.24,19.25,18.72,18.91,19.35,18.79,10185214.0,195058169.0,14:42:30
sh600530,ST交昂,3.78,0.17,4.709,3.77,3.78,3.61,3.62,3.79,3.58,8859242.0,32852756.0,14:42:29
sh600531,豫光金铅,13.47,-0.42,-3.024,13.46,13.48,13.89,13.82,13.96,13.14,64868207.0,873908000.0,14:42:30
sh600533,栖霞建设,2.2,0.06,2.804,2.19,2.2,2.14,2.13,2.2,2.13,11682402.0,25436343.0,14:42:29
sh600535,天士力,14.73,-0.09,-0.607,14.73,14.74,14.82,14.9,14.91,14.68,11346389.0,167631910.0,14:42:30
sh600536,中国软件,32.57,-0.63,-1.898,32.57,32.58,33.2,33.0,33.2,32.19,22493622.0,732633826.0,14:42:29
sh600537,*ST亿晶,2.11,0.01,0.476,2.1,2.11,2.1,2.08,2.12,2.07,16902800.0,35433017.0,14:42:30
sh600538,国发股份,5.27,0.14,2.729,5.27,5.28,5.13,5.15,5.34,5.05,7928900.0,41454197.0,14:42:30
sh600539,狮头股份,14.87,0.01,0.067,14.86,14.87,14.86,14.72,14.97,14.43,9706001.0,143338550.0,14:42:30
sh600540,新赛股份,4.1,0.05,1.235,4.1,4.11,4.05,4.0,4.17,4.0,39538186.0,162663869.0,14:42:28
sh600543,*ST莫高,4.14,0.06,1.471,4.14,4.15,4.08,4.05,4.19,4.05,2928502.0,12148822.0,14:42:19
sh600545,卓郎智能,4.27,0.19,4.657,4.26,4.27,4.08,4.01,4.28,3.96,66054992.0,273166215.0,14:42:30
sh600546,山煤国际,13.31,-0.35,-2.562,13.31,13.32,13.66,13.66,13.89,13.28,26909400.0,364067435.0,14:42:31
sh600547,山东黄金,35.05,-1.45,-3.973,35.05,35.06,36.5,36.9,37.5,34.24,131398857.0,4605577455.0,14:42:30
sh600548,深高速,8.23,-0.02,-0.242,8.22,8.23,8.25,8.2,8.27,8.2,2371325.0,19529931.0,14:42:30
sh600549,厦门钨业,52.44,-1.49,-2.763,52.45,52.46,53.93,52.6,53.25,51.06,42571718.0,2217477918.0,14:42:29
sh600550,保变电气,10.97,0.06,0.55,10.96,10.97,10.91,10.91,11.03,10.79,11814883.0,129266106.0,14:42:29
sh600551,时代出版,6.9,0.07,1.025,6.9,6.91,6.83,6.84,6.93,6.8,3266088.0,22503249.0,14:42:31
sh600552,凯盛科技,17.83,0.34,1.944,17.83,17.84,17.49,17.08,18.13,16.61,45772857.0,798323565.0,14:42:31
sh600556,天下秀,4.58,0.1,2.232,4.57,4.58,4.48,4.5,4.59,4.46,24839205.0,112753785.0,14:42:31
sh600557,康缘药业,12.23,0.32,2.687,12.22,12.23,11.91,11.94,12.25,11.85,5473087.0,66051827.0,14:42:30
sh600558,大西洋,4.85,0.07,1.464,4.85,4.86,4.78,4.74,4.86,4.74,9396801.0,45337260.0,14:42:30
sh600559,老白干酒,11.69,0.17,1.476,11.68,11.69,11.52,11.57,11.77,11.53,8057204.0,94205996.0,14:42:31
sh600560,金自天正,11.31,0.31,2.818,11.3,11.31,11.0,11.0,11.31,10.91,2267400.0,25392074.0,14:42:15
sh600561,江西长运,5.79,0.13,2.297,5.79,5.8,5.66,5.65,5.82,5.58,3218500.0,18478631.0,14:42:30
sh600562,国睿科技,26.53,0.42,1.609,26.52,26.54,26.11,26.08,26.65,25.69,8720160.0,228646734.0,14:42:29
sh600563,法拉电子,126.51,0.24,0.19,126.51,126.55,126.27,125.29,128.48,123.0,2641695.0,332535111.0,14:42:29
sh600566,济川药业,24.88,0.48,1.967,24.88,24.89,24.4,24.27,25.08,24.27,5686355.0,141279058.0,14:42:30
sh600567,山鹰国际,1.35,0.02,1.504,1.34,1.35,1.33,1.32,1.35,1.32,48642970.0,65154047.0,14:42:28
sh600568,ST中珠,2.17,0.01,0.463,2.16,2.17,2.16,2.15,2.17,2.13,3911489.0,8402505.0,14:42:28
sh600569,安阳钢铁,1.8,0.04,2.273,1.8,1.81,1.76,1.76,1.81,1.75,21376416.0,38220875.0,14:42:30
sh600570,恒生电子,21.33,0.19,0.899,21.33,21.34,21.14,21.06,21.43,20.99,14633888.0,310902759.0,14:42:30
sh600571,信雅达,10.81,0.45,4.344,10.81,10.82,10.36,10.39,11.08,10.33,17748302.0,191830215.0,14:42:28
sh600572,康恩贝,4.32,0.11,2.613,4.31,4.32,4.21,4.19,4.32,4.18,55263613.0,236334513.0,14:42:30
sh600573,惠泉啤酒,9.9,0.14,1.434,9.9,9.91,9.76,9.75,9.92,9.71,3773800.0,37219922.0,14:42:30
sh600575,淮河能源,3.36,0.06,1.818,3.35,3.36,3.3,3.3,3.37,3.29,33539944.0,111962075.0,14:42:31
sh600576,祥源文旅,5.53,0.08,1.468,5.53,5.54,5.45,5.43,5.55,5.43,7019883.0,38772881.0,14:42:30
sh600577,精达股份,8.62,0.07,0.819,8.62,8.63,8.55,8.48,8.69,8.35,85767336.0,730346468.0,14:42:28
sh600578,京能电力,5.57,0.0,0.0,5.56,5.57,5.57,5.53,5.59,5.46,49792119.0,275461120.0,14:42:29
sh600579,中化装备,6.91,0.13,1.917,6.9,6.91,6.78,6.71,6.91,6.7,2606000.0,17838808.0,14:42:26
sh600580,卧龙电驱,29.78,0.26,0.881,29.78,29.79,29.52,29.05,29.93,29.02,25936621.0,768727124.0,14:42:29
sh600581,*ST八钢,2.31,0.02,0.873,2.31,2.32,2.29,2.29,2.32,2.28,4917200.0,11322121.0,14:42:29
sh600582,天地科技,4.9,0.12,2.51,4.9,4.91,4.78,4.78,4.91,4.76,24637514.0,119916411.0,14:42:30
sh600583,海油工程,6.07,-0.03,-0.492,6.07,6.08,6.1,6.07,6.15,6.01,24480406.0,148793981.0,14:42:30
sh600584,长电科技,74.26,0.46,0.623,74.26,74.27,73.8,72.57,75.3,71.06,80760487.0,5920971055.0,14:42:28
sh600585,海螺水泥,17.61,0.04,0.228,17.6,17.61,17.57,17.57,17.68,17.52,14031155.0,246750599.0,14:42:29
sh600586,金晶科技,4.22,0.05,1.199,4.22,4.23,4.17,4.14,4.23,4.13,14067400.0,59009667.0,14:42:31
sh600587,新华医疗,12.48,0.25,2.044,12.47,12.48,12.23,12.24,12.49,12.2,3878324.0,48028401.0,14:42:29
sh600588,用友网络,10.14,0.01,0.099,10.14,10.15,10.13,10.12,10.2,9.95,36982441.0,373078942.0,14:42:29
sh600589,大位科技,7.46,0.04,0.539,7.46,7.47,7.42,7.3,7.5,7.21,33304914.0,245802146.0,14:42:30
sh600590,泰豪科技,8.3,0.19,2.343,8.3,8.31,8.11,7.9,8.33,7.9,16042269.0,131649642.0,14:42:29
sh600592,龙溪股份,14.25,0.45,3.261,14.25,14.26,13.8,13.66,14.28,13.66,4974743.0,69924201.0,14:42:31
sh600593,大连圣亚,40.2,1.04,2.656,40.19,40.2,39.16,39.26,40.83,39.26,4751300.0,190307675.0,14:42:27
sh600594,益佰制药,3.88,-0.21,-5.134,3.87,3.88,4.09,4.05,4.05,3.7,80466602.0,308507706.0,14:42:28
sh600595,中孚实业,6.14,-0.05,-0.808,6.13,6.14,6.19,6.14,6.18,6.08,49621830.0,303875472.0,14:42:29
sh600596,新安股份,10.36,-0.02,-0.193,10.36,10.37,10.38,10.3,10.51,10.23,27344084.0,284017677.0,14:42:29
sh600597,光明乳业,6.79,0.15,2.259,6.79,6.8,6.64,6.66,6.82,6.63,9938358.0,67337054.0,14:42:30
sh600598,北大荒,13.17,0.4,3.132,13.16,13.17,12.77,12.52,13.84,12.52,70548291.0,936916682.0,14:42:30
sh600600,青岛啤酒,51.16,0.44,0.868,51.15,51.16,50.72,50.77,51.22,50.77,2637598.0,134640190.0,14:42:31
sh600601,方正科技,11.55,0.01,0.087,11.55,11.56,11.54,11.27,11.76,11.08,119298802.0,1362751757.0,14:42:31
sh600602,云赛智联,18.65,-0.03,-0.161,18.65,18.66,18.68,18.28,18.93,18.16,25963276.0,484583958.0,14:42:30
sh600603,广汇物流,4.58,0.17,3.855,4.58,4.59,4.41,4.41,4.63,4.38,15561200.0,70514305.0,14:42:30
sh600604,市北高新,4.64,-0.3,-6.073,4.63,4.64,4.94,4.9,4.9,4.55,55559003.0,257058508.0,14:42:30
sh600605,汇通能源,26.58,2.42,10.017,26.58,0.0,24.16,24.52,26.58,23.85,7034099.0,180318406.0,14:42:29
sh600606,绿地控股,1.27,0.02,1.6,1.27,1.28,1.25,1.25,1.28,1.24,74445079.0,94323349.0,14:42:29
sh600609,金杯汽车,3.34,0.13,4.05,3.33,3.34,3.21,3.2,3.35,3.19,24517060.0,80615801.0,14:42:26
sh600610,中毅达,8.91,0.25,2.887,8.9,8.91,8.66,8.66,9.53,8.58,114162474.0,1025942316.0,14:42:30
sh600611,大众交通,4.6,0.04,0.877,4.59,4.6,4.56,4.33,4.71,4.32,81376282.0,365633794.0,14:42:31
sh600612,老凤祥,35.54,-0.1,-0.281,35.52,35.55,35.64,35.64,36.18,35.3,1857900.0,66160462.0,14:42:30
sh600613,神奇制药,10.25,0.35,3.535,10.24,10.25,9.9,9.55,10.25,9.06,153473871.0,1503371125.0,14:42:30
sh600615,鑫源智造,9.52,0.16,1.709,9.52,9.53,9.36,9.37,9.56,9.01,2165200.0,20383727.0,14:42:31
sh600616,金枫酒业,4.37,0.12,2.824,4.37,4.38,4.25,4.23,4.39,4.23,6488748.0,28208698.0,14:42:30
sh600617,国新能源,3.37,0.07,2.121,3.36,3.37,3.3,3.28,3.38,3.25,22314574.0,74491458.0,14:42:29
sh600618,氯碱化工,10.15,0.01,0.099,10.15,10.16,10.14,10.09,10.28,10.06,6195300.0,63097410.0,14:42:29
sh600619,海立股份,14.28,0.01,0.07,14.28,14.29,14.27,14.26,14.48,14.1,14824415.0,211436279.0,14:42:30
sh600620,XD天宸股,4.49,0.15,3.456,4.49,4.5,4.34,4.32,4.5,4.31,4815451.0,21324973.0,14:42:22
sh600621,华鑫股份,12.83,0.13,1.024,12.83,12.84,12.7,12.7,12.85,12.67,3946139.0,50348126.0,14:42:30
sh600622,光大嘉宝,2.27,0.06,2.715,2.27,2.28,2.21,2.2,2.28,2.19,14810200.0,33356584.0,14:42:32
sh600623,华谊集团,8.06,-0.02,-0.248,8.06,8.07,8.08,8.11,8.19,8.02,12520494.0,101400053.0,14:42:33
sh600624,ST复华,4.15,0.08,1.966,4.14,4.15,4.07,4.07,4.16,4.05,2160200.0,8895404.0,14:42:27
sh600626,申达股份,3.64,0.12,3.409,3.63,3.64,3.52,3.53,3.64,3.5,9509543.0,34169929.0,14:42:32
sh600628,新世界,6.27,0.17,2.787,6.27,6.28,6.1,6.07,6.28,6.07,7946348.0,49487985.0,14:42:34
sh600629,华建集团,16.25,0.27,1.69,16.24,16.25,15.98,15.88,16.29,15.63,16735380.0,268427044.0,14:42:34
sh600630,龙头股份,6.82,0.22,3.333,6.81,6.82,6.6,6.56,6.84,6.56,11145477.0,75200301.0,14:42:33
sh600633,浙数文化,10.11,0.15,1.506,10.1,10.11,9.96,9.93,10.12,9.92,11668696.0,117251907.0,14:42:34
sh600635,大众公用,4.59,0.1,2.227,4.59,4.6,4.49,4.49,4.6,4.46,30939450.0,140731184.0,14:42:32
sh600637,东方明珠,8.36,0.36,4.5,8.35,8.36,8.0,8.16,8.4,8.1,66342451.0,550867852.0,14:42:33
sh600638,新黄浦,5.07,0.21,4.321,5.07,5.08,4.86,4.84,5.1,4.84,13225498.0,66130050.0,14:42:33
sh600639,浦东金桥,9.48,0.12,1.282,9.48,9.49,9.36,9.37,9.49,9.33,2835900.0,26767586.0,14:42:32
sh600640,国脉文化,10.58,0.14,1.341,10.57,10.58,10.44,10.28,10.59,10.2,6507200.0,67991026.0,14:42:29
sh600641,先导基电,31.49,-0.68,-2.114,31.48,31.49,32.17,31.21,31.88,29.7,55695570.0,1715079971.0,14:42:34
sh600642,申能股份,8.4,-0.09,-1.06,8.39,8.4,8.49,8.54,8.54,8.38,15731303.0,132603571.0,14:42:33
sh600643,爱建集团,4.07,0.12,3.038,4.07,4.08,3.95,3.94,4.09,3.92,19320402.0,78128593.0,14:42:34
sh600644,乐山电力,8.81,0.05,0.571,8.8,8.81,8.76,8.65,8.82,8.6,11663500.0,101999922.0,14:42:35
sh600645,中源协和,19.64,0.41,2.132,19.63,19.64,19.23,19.13,19.65,18.92,8608850.0,166829197.0,14:42:34
sh600648,外高桥,9.26,0.24,2.661,9.25,9.26,9.02,9.03,9.28,9.0,4119102.0,37917745.0,14:42:32
sh600649,城投控股,3.86,0.05,1.312,3.86,3.87,3.81,3.8,3.89,3.79,27169498.0,104692582.0,14:42:33
sh600650,锦江在线,10.49,0.04,0.383,10.49,10.5,10.45,10.3,10.58,10.29,2241500.0,23400081.0,14:42:19
sh600651,飞乐音响,5.7,0.04,0.707,5.7,5.71,5.66,5.65,5.75,5.59,16768500.0,94855333.0,14:42:32
sh600653,申华控股,1.7,0.04,2.41,1.69,1.7,1.66,1.66,1.7,1.65,16668813.0,28160813.0,14:42:33
sh600654,中安科,2.97,0.1,3.484,2.96,2.97,2.87,2.86,3.04,2.84,63420603.0,186975082.0,14:42:35
sh600655,豫园股份,4.66,0.07,1.525,4.65,4.66,4.59,4.56,4.67,4.56,12648139.0,58554414.0,14:42:34
sh600657,信达地产,2.63,0.08,3.137,2.63,2.64,2.55,2.56,2.66,2.54,23915500.0,62646346.0,14:42:33
sh600658,电子城,4.04,0.14,3.59,4.04,4.05,3.9,3.92,4.07,3.89,12034844.0,48169295.0,14:42:33
sh600660,福耀玻璃,57.65,1.16,2.053,57.63,57.64,56.49,56.8,58.1,56.36,12856232.0,740261050.0,14:42:35
sh600661,昂立教育,8.57,0.08,0.942,8.56,8.58,8.49,8.47,8.63,8.36,5365200.0,45578999.0,14:42:34
sh600662,外服控股,4.25,0.09,2.163,4.24,4.25,4.16,4.17,4.26,4.15,10940607.0,46171327.0,14:42:33
sh600663,陆家嘴,9.4,0.05,0.535,9.39,9.4,9.35,9.26,9.43,9.26,11300239.0,105798322.0,14:42:33
sh600664,哈药股份,8.23,0.01,0.122,8.22,8.23,8.22,8.1,8.39,7.92,262599709.0,2157981732.0,14:42:32
sh600665,天地源,3.46,0.01,0.29,3.45,3.46,3.45,3.45,3.5,3.4,6122000.0,21189181.0,14:42:35
sh600666,奥瑞德,3.44,0.06,1.775,3.43,3.44,3.38,3.34,3.46,3.3,66075320.0,224555074.0,14:42:33
sh600667,太极实业,20.02,-0.28,-1.379,20.01,20.02,20.3,19.5,20.38,19.05,155226583.0,3066278459.0,14:42:32
sh600668,尖峰集团,7.42,0.18,2.486,7.41,7.42,7.24,7.2,7.43,7.2,3562312.0,26156782.0,14:42:14
sh600671,天目药业,19.97,0.13,0.655,19.97,19.98,19.84,19.81,20.16,19.53,1523400.0,30487702.0,14:42:34
sh600673,东阳光,32.19,-0.38,-1.167,32.18,32.19,32.57,31.95,32.56,31.35,20170609.0,644515046.0,14:42:33
sh600674,川投能源,15.56,-0.03,-0.192,15.55,15.56,15.59,15.58,15.66,15.45,19357436.0,301119169.0,14:42:34
sh600675,中华企业,2.25,0.05,2.273,2.25,2.27,2.2,2.19,2.27,2.19,33779207.0,75863410.0,14:42:33
sh600676,久事动娱,6.66,0.17,2.619,6.65,6.67,6.49,6.5,6.71,6.46,5544900.0,36592756.0,14:42:30
sh600678,ST金顶,5.41,0.09,1.692,5.4,5.41,5.32,5.26,5.43,5.23,4355800.0,23318503.0,14:42:33
sh600679,上海凤凰,9.67,0.19,2.004,9.66,9.67,9.48,9.39,9.68,9.39,2964800.0,28550883.0,14:42:30
sh600681,百川能源,3.47,0.07,2.059,3.46,3.47,3.4,3.39,3.48,3.38,18319180.0,63283127.0,14:42:32
sh600682,南京新百,5.77,0.18,3.22,5.77,5.78,5.59,5.64,5.78,5.58,12483992.0,71082883.0,14:42:32
sh600683,京投发展,10.13,0.28,2.843,10.13,10.14,9.85,9.93,10.17,9.56,36457782.0,362303367.0,14:42:33
sh600684,珠江股份,3.54,0.08,2.312,3.54,3.55,3.46,3.44,3.57,3.42,15469740.0,54645006.0,14:42:33
sh600685,中船防务,25.8,0.2,0.781,25.8,25.81,25.6,25.58,26.0,25.51,6842740.0,176682453.0,14:42:33
sh600686,金龙汽车,11.33,0.61,5.69,11.33,11.34,10.72,10.7,11.39,10.68,25979948.0,289265999.0,14:42:34
sh600688,上海石化,2.86,0.02,0.704,2.85,2.86,2.84,2.83,2.88,2.83,69612399.0,198823751.0,14:42:34
sh600689,上海三毛,10.94,0.31,2.916,10.92,10.94,10.63,10.61,10.97,10.54,2323000.0,25083830.0,14:42:32
sh600690,海尔智家,21.25,0.31,1.48,21.25,21.26,20.94,21.08,21.39,20.96,30181257.0,640926719.0,14:42:34
sh600691,潞化科技,2.6,0.05,1.961,2.59,2.6,2.55,2.53,2.63,2.51,34885739.0,90370446.0,14:42:34
sh600692,亚通股份,6.53,0.28,4.48,6.52,6.53,6.25,6.21,6.53,6.21,8379900.0,53706750.0,14:42:33
sh600693,东百集团,9.01,0.5,5.875,9.01,9.02,8.51,8.45,9.29,8.42,60685043.0,541502022.0,14:42:33
sh600694,大商股份,14.62,0.19,1.317,14.61,14.62,14.43,14.44,14.62,14.35,2981426.0,43375534.0,14:42:33
sh600697,欧亚集团,11.02,0.24,2.226,11.01,11.02,10.78,10.69,11.04,10.6,4332900.0,47245039.0,14:42:30
sh600698,湖南天雁,7.28,0.66,9.97,7.28,0.0,6.62,6.77,7.28,6.67,31817216.0,228718645.0,14:42:34
sh600699,均胜电子,19.16,0.07,0.367,19.15,19.16,19.09,18.88,19.2,18.68,15066841.0,285596259.0,14:42:34
sh600702,舍得酒业,35.26,0.13,0.37,35.25,35.26,35.13,35.4,35.66,34.89,4469899.0,157243389.0,14:42:34
sh600703,三安光电,13.23,0.35,2.717,13.23,13.24,12.88,12.65,13.32,12.57,104406064.0,1355095420.0,14:42:33
sh600704,物产中大,4.89,0.01,0.205,4.88,4.89,4.88,4.87,4.91,4.86,27917100.0,136444332.0,14:42:32
sh600706,曲江文旅,8.01,0.19,2.43,8.01,8.02,7.82,7.85,8.05,7.73,7353382.0,58566290.0,14:42:34
sh600707,彩虹股份,9.26,0.02,0.216,9.24,9.26,9.24,9.08,9.34,8.75,82268337.0,744339633.0,14:42:33
sh600708,光明地产,3.05,0.05,1.667,3.05,3.06,3.0,2.97,3.06,2.97,11719390.0,35559451.0,14:42:33
sh600710,苏美达,10.63,0.2,1.918,10.62,10.63,10.43,10.43,10.65,10.39,8773600.0,92857460.0,14:42:32
sh600711,盛屯矿业,11.45,-0.42,-3.538,11.44,11.45,11.87,11.85,11.97,11.15,101633780.0,1165101852.0,14:42:33
sh600712,南宁百货,5.43,0.22,4.223,5.42,5.43,5.21,5.2,5.45,5.16,11308500.0,60351311.0,14:42:32
sh600713,南京医药,5.25,0.09,1.744,5.25,5.26,5.16,5.13,5.26,5.13,7885053.0,41116343.0,14:42:33
sh600714,金瑞矿业,17.26,1.57,10.006,17.26,0.0,15.69,15.63,17.26,14.9,25423800.0,401190125.0,14:42:30
sh600715,文投控股,1.58,0.03,1.935,1.58,1.59,1.55,1.54,1.6,1.53,23269600.0,36494651.0,14:42:34
sh600716,凤凰股份,3.59,0.1,2.865,3.58,3.59,3.49,3.48,3.61,3.46,3744101.0,13304947.0,14:42:33
sh600717,天津港,4.32,0.02,0.465,4.31,4.32,4.3,4.3,4.34,4.28,17590823.0,75915933.0,14:42:32
sh600718,东软集团,8.2,0.21,2.628,8.19,8.2,7.99,8.03,8.21,7.99,7429013.0,60347877.0,14:42:30
sh600719,大连热电,6.95,0.05,0.725,6.95,6.96,6.9,6.85,6.98,6.72,6741326.0,46362435.0,14:42:31
sh600720,中交设计,5.19,0.05,0.973,5.19,5.2,5.14,5.11,5.22,5.11,4738000.0,24576362.0,14:42:34
sh600721,百花医药,14.76,0.57,4.017,14.76,14.77,14.19,13.88,15.08,13.5,119106412.0,1730991648.0,14:42:33
sh600722,金牛化工,14.21,-0.17,-1.182,14.2,14.21,14.38,14.38,15.2,13.75,126040440.0,1822253598.0,14:42:32
sh600724,宁波富达,5.12,0.14,2.811,5.11,5.12,4.98,4.98,5.13,4.95,6524701.0,33059459.0,14:42:33
sh600725,云维股份,3.31,0.14,4.416,3.31,3.32,3.17,3.16,3.33,3.15,31597796.0,103518298.0,14:42:32
sh600726,华电能源,5.56,-0.01,-0.18,5.55,5.56,5.57,5.52,5.6,5.45,66210523.0,366888916.0,14:42:33
sh600727,鲁北化工,7.55,0.11,1.478,7.55,7.56,7.44,7.45,7.58,7.41,12819817.0,96346170.0,14:42:32
sh600728,佳都科技,4.63,0.12,2.661,4.62,4.63,4.51,4.51,4.64,4.49,21946500.0,100905306.0,14:42:32
sh600729,重百集团,19.49,0.39,2.042,19.48,19.49,19.1,19.1,19.55,19.05,3177712.0,61573500.0,14:42:34
sh600730,*ST高科,9.34,-0.35,-3.612,9.33,9.34,9.69,9.59,9.67,9.22,10281400.0,97250591.0,14:42:32
sh600731,湖南海利,5.83,-0.05,-0.85,5.83,5.84,5.88,5.71,5.88,5.66,6746870.0,39151780.0,14:42:26
sh600732,爱旭股份,11.49,0.04,0.349,11.47,11.49,11.45,11.44,11.52,11.23,14166254.0,161607006.0,14:42:34
sh600733,北汽蓝谷,4.97,0.01,0.202,4.97,4.98,4.96,4.94,5.02,4.88,81313112.0,402203266.0,14:42:33
sh600734,*ST实达,1.67,0.03,1.829,1.67,1.68,1.64,1.65,1.68,1.63,19742160.0,32742999.0,14:42:33
sh600735,ST新华锦,6.14,0.16,2.676,6.14,6.15,5.98,5.99,6.15,5.99,2455700.0,14936692.0,14:42:28
sh600736,苏州高新,6.77,0.13,1.958,6.77,6.78,6.64,6.59,6.81,6.58,19691054.0,132514981.0,14:42:31
sh600737,中粮糖业,14.71,0.17,1.169,14.69,14.71,14.54,14.21,15.4,14.21,80624177.0,1204493305.0,14:42:31
sh600738,丽尚国潮,4.14,0.13,3.242,4.13,4.14,4.01,4.02,4.15,4.0,13993400.0,57517436.0,14:42:32
sh600739,辽宁成大,10.79,0.15,1.41,10.78,10.79,10.64,10.63,10.8,10.6,12561996.0,134498361.0,14:42:32
sh600740,山西焦化,3.83,0.08,2.133,3.83,3.84,3.75,3.75,3.93,3.72,71673669.0,276465797.0,14:42:32
sh600741,华域汽车,15.41,-0.07,-0.452,15.4,15.41,15.48,15.49,15.55,15.33,10201502.0,157040265.0,14:42:33
sh600742,富维股份,7.74,0.16,2.111,7.73,7.74,7.58,7.58,7.75,7.56,3971340.0,30508649.0,14:42:31
sh600743,华远控股,2.3,0.08,3.604,2.29,2.3,2.22,2.22,2.31,2.21,24451110.0,55423267.0,14:42:33
sh600744,华银电力,6.46,0.06,0.937,6.46,6.47,6.4,6.4,6.51,6.3,52902183.0,340888497.0,14:42:32
sh600745,*ST闻泰,18.92,1.72,10.0,18.92,0.0,17.2,17.39,18.92,17.32,81986884.0,1517782937.0,14:42:32
sh600746,江苏索普,6.72,0.05,0.75,6.72,6.73,6.67,6.69,6.81,6.63,13727943.0,92239059.0,14:42:34
sh600748,上实发展,3.86,0.1,2.66,3.86,3.87,3.76,3.77,3.89,3.75,13315134.0,51103576.0,14:42:32
sh600749,西藏旅游,14.93,0.81,5.737,14.93,14.94,14.12,14.31,15.5,14.31,21742390.0,326953012.0,14:42:32
sh600750,华润江中,23.16,0.64,2.842,23.15,23.16,22.52,22.52,23.28,22.5,5056219.0,116340643.0,14:42:29
sh600751,海航科技,3.15,0.01,0.318,3.15,3.16,3.14,3.18,3.18,3.11,21504985.0,67522627.0,14:42:34
sh600753,ST海钦,10.0,0.04,0.402,9.98,10.0,9.96,9.99,10.05,9.84,636700.0,6340973.0,14:42:30
sh600754,锦江酒店,18.88,-0.19,-0.996,18.87,18.88,19.07,19.08,19.48,18.87,11180940.0,213311150.0,14:42:31
sh600755,厦门国贸,5.78,0.1,1.761,5.78,5.79,5.68,5.66,5.8,5.66,11825733.0,67946216.0,14:42:31
sh600756,浪潮软件,14.15,0.28,2.019,14.14,14.15,13.87,13.76,14.19,13.71,7772915.0,109211591.0,14:42:31
sh600757,长江传媒,7.78,0.09,1.17,7.77,7.78,7.69,7.66,7.8,7.66,6846700.0,53115968.0,14:42:33
sh600758,辽宁能源,3.56,0.15,4.399,3.56,3.57,3.41,3.4,3.72,3.37,98229548.0,349180089.0,14:42:32
sh600759,ST洲际,2.64,-0.06,-2.222,2.63,2.64,2.7,2.7,2.72,2.62,150897400.0,401664514.0,14:42:33
sh600760,中航沈飞,44.35,-0.71,-1.576,44.35,44.36,45.06,45.0,45.04,44.32,10009103.0,446345082.0,14:42:33
sh600761,安徽合力,16.11,-0.54,-3.243,16.1,16.11,16.65,16.24,16.38,15.95,18807322.0,302448448.0,14:42:31
sh600763,通策医疗,35.4,0.79,2.283,35.39,35.4,34.61,34.5,35.45,34.48,7004747.0,245666489.0,14:42:31
sh600764,中国海防,17.61,0.18,1.033,17.6,17.61,17.43,17.41,17.67,17.37,3380600.0,59324781.0,14:42:32
sh600765,中航重机,13.24,0.07,0.532,13.23,13.24,13.17,13.14,13.25,13.08,6061730.0,79838515.0,14:42:33
sh600768,富邦新材,15.36,0.18,1.186,15.35,15.36,15.18,15.07,15.45,15.04,3127900.0,47634564.0,14:42:33
sh600769,祥龙电业,14.72,0.54,3.808,14.72,14.73,14.18,13.88,14.8,13.68,12680272.0,180318840.0,14:42:34
sh600770,综艺股份,5.09,0.1,2.004,5.08,5.09,4.99,4.96,5.11,4.9,16813266.0,84299368.0,14:42:29
sh600771,广誉远,13.6,0.36,2.719,13.59,13.6,13.24,13.43,13.62,13.15,6730201.0,90106088.0,14:42:32
sh600773,西藏城投,10.43,-0.36,-3.336,10.43,10.44,10.79,10.7,10.78,10.23,25347200.0,264796335.0,14:42:31
sh600774,汉商集团,7.39,0.22,3.068,7.39,7.4,7.17,7.17,7.43,7.07,3682500.0,26950754.0,14:42:32
sh600775,南京熊猫,9.45,0.24,2.606,9.45,9.46,9.21,9.2,9.48,9.12,9789500.0,91618762.0,14:42:32
sh600776,东方通信,12.89,0.37,2.955,12.88,12.89,12.52,12.45,12.95,12.38,13588442.0,173128166.0,14:42:32
sh600777,新潮能源,4.01,-0.02,-0.496,4.0,4.01,4.03,4.04,4.06,3.98,20535305.0,82707004.0,14:42:34
sh600778,友好集团,5.64,0.14,2.545,5.64,5.65,5.5,5.4,5.65,5.4,8550100.0,47512114.0,14:42:34
sh600779,水井坊,27.1,0.27,1.006,27.06,27.1,26.83,26.8,27.13,26.74,1462900.0,39472810.0,14:42:34
sh600780,通宝能源,5.84,0.05,0.864,5.84,5.85,5.79,5.78,5.86,5.76,5962401.0,34743222.0,14:42:33
sh600782,新钢股份,2.83,0.09,3.285,2.83,2.84,2.74,2.73,2.84,2.73,48029075.0,134301942.0,14:42:33
sh600783,鲁信创投,16.42,0.32,1.988,16.42,16.43,16.1,15.87,16.49,15.7,14258807.0,229881353.0,14:42:32
sh600784,鲁银投资,7.7,0.02,0.26,7.69,7.7,7.68,7.63,7.73,7.54,6373900.0,48804582.0,14:42:32
sh600785,新华百货,11.78,1.07,9.991,11.78,0.0,10.71,10.78,11.78,10.12,70898598.0,777839004.0,14:42:32
sh600787,中储股份,4.67,0.13,2.863,4.67,4.68,4.54,4.55,4.69,4.55,20673506.0,95788915.0,14:42:34
sh600789,鲁抗医药,7.4,0.21,2.921,7.39,7.4,7.19,7.16,7.41,7.1,22042761.0,160819922.0,14:42:31
sh600790,轻纺城,3.38,0.04,1.198,3.38,3.39,3.34,3.32,3.39,3.32,12838131.0,43147854.0,14:42:33
sh600791,京能置业,7.72,0.4,5.464,7.71,7.72,7.32,7.23,7.74,7.16,11675610.0,87254386.0,14:42:33
sh600792,云煤能源,3.82,0.08,2.139,3.82,3.83,3.74,3.72,3.86,3.69,33448706.0,126989838.0,14:42:31
sh600793,宜宾纸业,14.39,0.46,3.302,14.38,14.39,13.93,13.99,14.48,13.85,6930973.0,98923991.0,14:42:34
sh600794,保税科技,3.23,0.08,2.54,3.22,3.23,3.15,3.16,3.23,3.14,17021400.0,54495834.0,14:42:33
sh600795,国电电力,5.15,-0.01,-0.194,5.14,5.15,5.16,5.16,5.17,5.09,115443671.0,592396908.0,14:42:31
sh600796,钱江生化,5.17,0.08,1.572,5.16,5.17,5.09,5.04,5.18,5.04,4409911.0,22644393.0,14:42:31
sh600797,浙大网新,6.77,0.11,1.652,6.76,6.77,6.66,6.61,6.78,6.59,10243300.0,68775450.0,14:42:33
sh600798,宁波海运,3.31,0.05,1.534,3.3,3.31,3.26,3.21,3.32,3.21,21658445.0,71254459.0,14:42:33
sh600800,渤海化学,3.36,0.08,2.439,3.36,3.37,3.28,3.25,3.37,3.25,20872500.0,69440077.0,14:42:32
sh600801,华新建材,23.24,-0.35,-1.484,23.24,23.25,23.59,23.25,23.8,23.02,5686242.0,132324096.0,14:42:33
sh600802,福建水泥,4.68,0.13,2.857,4.67,4.68,4.55,4.56,4.69,4.52,5032600.0,23288958.0,14:42:33
sh600803,新奥股份,17.6,0.02,0.114,17.59,17.6,17.58,17.64,17.85,17.49,6732128.0,118785294.0,14:42:30
sh600805,悦达投资,4.64,0.03,0.651,4.63,4.64,4.61,4.56,4.68,4.56,13771181.0,63943352.0,14:42:33
sh600807,济高发展,2.64,0.05,1.931,2.63,2.64,2.59,2.56,2.65,2.56,12245589.0,32240095.0,14:42:32
sh600808,马钢股份,2.61,0.06,2.353,2.61,2.62,2.55,2.54,2.64,2.53,91221799.0,237285489.0,14:42:33
sh600809,山西汾酒,116.78,-0.32,-0.273,116.77,116.78,117.1,117.2,117.88,116.01,3619418.0,421710051.0,14:42:31
sh600810,神马股份,6.35,0.06,0.954,6.34,6.35,6.29,6.28,6.35,6.25,5471708.0,34601731.0,14:42:29
sh600812,华北制药,4.81,0.2,4.338,4.81,4.82,4.61,4.59,4.83,4.58,25371500.0,120237576.0,14:42:32
sh600814,杭州解百,6.83,0.18,2.707,6.83,6.84,6.65,6.64,6.87,6.64,6859930.0,46595142.0,14:42:33
sh600815,厦工股份,3.88,0.02,0.518,3.88,3.89,3.86,3.86,3.92,3.8,37040659.0,143556269.0,14:42:32
sh600816,建元信托,2.52,0.07,2.857,2.51,2.52,2.45,2.45,2.52,2.44,59759611.0,148964220.0,14:42:33
sh600817,宇通重工,9.68,0.13,1.361,9.68,9.69,9.55,9.55,9.69,9.51,1883281.0,18157059.0,14:42:33
sh600818,ST中路,7.39,0.15,2.072,7.39,7.4,7.24,7.13,7.49,7.13,3645900.0,27030114.0,14:42:14
sh600819,耀皮玻璃,5.5,0.08,1.476,5.5,5.51,5.42,5.4,5.52,5.38,5910350.0,32385833.0,14:42:26
sh600820,隧道股份,5.45,0.07,1.301,5.45,5.46,5.38,5.39,5.48,5.39,18970900.0,103206085.0,14:42:30
sh600821,金开新能,5.96,-0.12,-1.974,5.95,5.96,6.08,5.9,5.99,5.86,55299874.0,327654601.0,14:42:31
sh600822,上海物贸,8.52,0.22,2.651,8.51,8.52,8.3,8.26,8.52,8.26,2705100.0,22907595.0,14:42:31
sh600824,益民集团,3.66,0.08,2.235,3.65,3.66,3.58,3.55,3.72,3.55,19895241.0,72730206.0,14:42:32
sh600825,新华传媒,5.02,0.14,2.869,5.01,5.02,4.88,4.83,5.02,4.83,8243760.0,41071717.0,14:42:30
sh600826,兰生股份,7.95,0.07,0.888,7.94,7.96,7.88,7.85,7.98,7.77,3666300.0,29056482.0,14:42:31
sh600827,百联股份,7.7,0.16,2.122,7.69,7.7,7.54,7.54,7.73,7.53,13688265.0,105089073.0,14:42:30
sh600828,茂业商业,4.03,0.15,3.866,4.02,4.03,3.88,3.87,4.04,3.8,13524900.0,53883587.0,14:42:30
sh600829,人民同泰,10.14,0.92,9.978,10.14,0.0,9.22,9.2,10.14,9.1,42420664.0,414704054.0,14:42:27
sh600830,香溢融通,8.34,0.16,1.956,8.33,8.34,8.18,8.14,8.37,8.14,5181447.0,43048274.0,14:42:29
sh600831,广电网络,3.38,0.09,2.736,3.37,3.38,3.29,3.29,3.39,3.26,13449064.0,44812454.0,14:42:28
sh600833,第一医药,10.89,0.43,4.111,10.88,10.89,10.46,10.46,10.92,10.36,8815900.0,93987697.0,14:42:30
sh600834,申通地铁,7.48,0.16,2.186,7.48,7.49,7.32,7.3,7.49,7.29,2160200.0,16050759.0,14:42:27
sh600835,上海机电,18.0,0.56,3.211,18.0,18.01,17.44,17.42,18.3,17.36,4731609.0,84138746.0,14:42:30
sh600838,上海九百,8.02,0.73,10.014,8.02,0.0,7.29,7.29,8.02,7.26,13827368.0,109264509.0,14:42:29
sh600839,四川长虹,6.88,0.05,0.732,6.88,6.89,6.83,6.78,6.89,6.77,34175928.0,233894239.0,14:42:31
sh600841,动力新科,5.7,0.2,3.636,5.7,5.71,5.5,5.45,5.72,5.45,13246300.0,74546486.0,14:42:29
sh600843,上工申贝,7.07,0.22,3.212,7.06,7.07,6.85,6.83,7.09,6.77,5869900.0,40889527.0,14:42:32
sh600844,金煤科技,3.74,0.16,4.469,3.73,3.74,3.58,3.79,3.94,3.69,133865694.0,511468836.0,14:42:29
sh600845,宝信软件,17.33,0.18,1.05,17.32,17.33,17.15,17.13,17.35,17.05,6533681.0,112688622.0,14:42:31
sh600846,同济科技,11.57,0.15,1.313,11.57,11.58,11.42,11.3,11.69,11.19,3075874.0,35267578.0,14:42:29
sh600847,万里股份,12.97,0.4,3.182,12.95,12.97,12.57,12.57,12.99,12.5,1877400.0,23954715.0,14:42:31
sh600848,上海临港,8.54,0.1,1.185,8.53,8.54,8.44,8.44,8.57,8.42,3807900.0,32400374.0,14:42:29
sh600850,电科数字,14.58,0.43,3.039,14.57,14.58,14.15,14.15,14.58,14.09,8630397.0,124511018.0,14:42:31
sh600851,海欣股份,8.59,0.15,1.777,8.59,8.6,8.44,8.37,8.61,8.24,9007400.0,76434469.0,14:42:30
sh600853,龙建股份,3.34,0.07,2.141,3.33,3.34,3.27,3.25,3.34,3.24,9261297.0,30749015.0,14:42:31
sh600854,春兰股份,4.63,0.1,2.208,4.62,4.63,4.53,4.55,4.64,4.5,6113378.0,28102288.0,14:42:22
sh600855,航天长峰,12.08,0.29,2.46,12.07,12.08,11.79,11.68,12.12,11.64,5736400.0,68140011.0,14:42:30
sh600857,宁波中百,20.31,1.01,5.233,20.3,20.31,19.3,19.5,20.32,18.68,5989400.0,116997215.0,14:42:30
sh600858,银座股份,4.93,0.11,2.282,4.92,4.93,4.82,4.75,4.94,4.75,9087500.0,44300433.0,14:42:29
sh600859,王府井,9.94,0.25,2.58,9.94,9.95,9.69,9.7,9.97,9.65,14187203.0,140176480.0,14:42:29
sh600860,京城股份,8.46,-0.11,-1.284,8.45,8.46,8.57,8.39,8.68,8.24,11332276.0,95356689.0,14:42:30
sh600861,北京人力,13.06,0.12,0.927,13.06,13.07,12.94,12.9,13.15,12.88,1544600.0,20177399.0,14:42:31
sh600862,中航高科,17.47,-0.04,-0.228,17.46,17.47,17.51,17.52,17.53,17.33,5467699.0,95241278.0,14:42:29
sh600863,华能蒙电,4.67,-0.06,-1.268,4.66,4.67,4.73,4.63,4.69,4.58,95620054.0,442464014.0,14:42:32
sh600864,哈投股份,5.45,0.01,0.184,5.44,5.45,5.44,5.42,5.47,5.4,18676143.0,101707893.0,14:42:30
sh600865,百大集团,8.8,0.29,3.408,8.8,8.81,8.51,8.44,8.82,8.44,6361800.0,55325163.0,14:42:29
sh600866,星湖科技,4.3,0.07,1.655,4.29,4.3,4.23,4.2,4.31,4.2,17031312.0,72784299.0,14:42:30
sh600867,通化东宝,8.11,0.16,2.013,8.11,8.12,7.95,8.14,8.3,8.07,24278173.0,197844254.0,14:42:29
sh600868,梅雁吉祥,2.79,0.04,1.455,2.79,2.8,2.75,2.74,2.81,2.71,39017550.0,108126444.0,14:42:30
sh600869,远东股份,16.25,0.09,0.557,16.25,16.26,16.16,16.15,16.8,15.15,185815146.0,2964429564.0,14:42:31
sh600871,石化油服,2.23,0.02,0.905,2.23,2.24,2.21,2.19,2.25,2.18,89434000.0,199340369.0,14:42:32
sh600872,中炬高新,18.51,0.33,1.815,18.5,18.51,18.18,18.26,18.55,18.16,9225923.0,169948976.0,14:42:30
sh600873,梅花生物,7.83,-0.04,-0.508,7.83,7.84,7.87,7.85,7.92,7.78,17201700.0,134772461.0,14:42:30
sh600874,创业环保,5.58,0.01,0.18,5.57,5.58,5.57,5.54,5.6,5.52,4587300.0,25546139.0,14:42:31
sh600875,东方电气,25.64,0.21,0.826,25.63,25.64,25.43,25.09,25.81,24.95,19660845.0,498849223.0,14:42:30
sh600876,凯盛新能,7.1,0.13,1.865,7.1,7.11,6.97,6.95,7.12,6.88,2111250.0,14887906.0,14:42:29
sh600877,电科芯片,12.03,0.12,1.008,12.03,12.04,11.91,11.79,12.1,11.61,10453221.0,123846942.0,14:42:31
sh600879,航天电子,14.28,0.23,1.637,14.28,14.29,14.05,13.9,14.32,13.79,50069312.0,705236476.0,14:42:30
sh600880,博瑞传播,3.89,0.11,2.91,3.88,3.89,3.78,3.73,3.9,3.73,12382900.0,47616706.0,14:42:30
sh600881,亚泰集团,1.94,0.07,3.743,1.94,1.95,1.87,1.87,1.95,1.85,147533052.0,280619996.0,14:42:29
sh600882,妙可蓝多,20.36,0.53,2.673,20.36,20.37,19.83,19.69,20.49,19.69,5322915.0,107562789.0,14:42:32
sh600883,博闻科技,7.98,0.27,3.502,7.97,7.98,7.71,7.63,8.01,7.63,5273800.0,41658744.0,14:42:31
sh600884,杉杉股份,12.02,-0.08,-0.661,12.01,12.02,12.1,12.02,12.08,11.86,27385762.0,327678812.0,14:42:29
sh600885,宏发股份,34.38,0.32,0.94,34.36,34.38,34.06,33.75,34.49,33.52,7782961.0,265440166.0,14:42:29
sh600886,国投电力,13.92,-0.02,-0.143,13.91,13.92,13.94,13.99,14.05,13.85,18031000.0,251496796.0,14:42:30
sh600887,伊利股份,25.9,0.06,0.232,25.9,25.91,25.84,25.94,26.1,25.73,38363985.0,992875785.0,14:42:30
sh600888,新疆众和,10.4,-0.13,-1.235,10.4,10.41,10.53,10.59,10.59,10.06,63842719.0,660372300.0,14:42:31
sh600889,*ST京化,13.08,0.17,1.317,13.07,13.08,12.91,13.05,13.21,12.96,1344500.0,17617391.0,14:42:31
sh600892,大晟文化,3.92,0.14,3.704,3.91,3.92,3.78,3.78,3.93,3.72,21193100.0,81606171.0,14:42:30
sh600893,航发动力,36.27,-0.33,-0.902,36.27,36.28,36.6,36.25,36.57,35.5,21800696.0,784608680.0,14:42:30
sh600894,广日股份,7.29,-0.43,-5.57,7.29,7.3,7.72,7.33,7.35,7.05,13280927.0,95715314.0,14:42:30
sh600895,张江高科,30.3,-0.05,-0.165,30.29,30.3,30.35,30.5,31.05,29.86,21059821.0,640865485.0,14:42:31
sh600897,厦门空港,14.67,0.21,1.452,14.65,14.67,14.46,14.4,14.68,14.4,1161240.0,16954195.0,14:42:31
sh600900,长江电力,28.23,0.08,0.284,28.23,28.24,28.15,28.16,28.39,28.12,84901427.0,2398161281.0,14:42:29
sh600901,江苏金租,6.58,-0.05,-0.754,6.57,6.58,6.63,6.65,6.69,6.54,23389820.0,154417358.0,14:42:30
sh600903,贵州燃气,6.24,0.18,2.97,6.23,6.24,6.06,6.05,6.28,6.02,27569880.0,170806944.0,14:42:31
sh600905,三峡能源,3.71,0.01,0.27,3.7,3.71,3.7,3.7,3.73,3.69,68718200.0,255244519.0,14:42:31
sh600906,财达证券,6.43,0.01,0.156,6.43,6.44,6.42,6.4,6.45,6.35,19245493.0,123169112.0,14:42:31
sh600908,无锡银行,5.47,-0.06,-1.085,5.46,5.47,5.53,5.51,5.57,5.44,16901165.0,92675745.0,14:42:30
sh600909,华安证券,8.14,-0.05,-0.611,8.14,8.15,8.19,8.09,8.19,7.96,90772346.0,733155932.0,14:42:31
sh600916,中国黄金,7.96,-0.16,-1.97,7.96,7.97,8.12,8.25,8.5,7.93,83897735.0,682233783.0,14:42:31
sh600917,重庆燃气,4.84,0.05,1.044,4.84,4.85,4.79,4.76,4.85,4.76,4457500.0,21525011.0,14:42:32
sh600918,中泰证券,5.66,0.07,1.252,5.65,5.66,5.59,5.6,5.7,5.6,47248684.0,267344888.0,14:42:30
sh600919,江苏银行,12.03,-0.1,-0.824,12.02,12.03,12.13,12.16,12.19,12.0,86076763.0,1040209193.0,14:42:31
sh600925,苏能股份,4.45,0.0,0.0,4.45,4.46,4.45,4.45,4.5,4.44,14160790.0,63308286.0,14:42:30
sh600926,杭州银行,16.63,-0.19,-1.13,16.63,16.64,16.82,16.85,16.88,16.58,28028233.0,467543634.0,14:42:29
sh600927,永安期货,12.88,0.03,0.233,12.88,12.89,12.85,12.9,13.0,12.83,5295500.0,68362256.0,14:42:30
sh600928,西安银行,3.57,-0.01,-0.279,3.57,3.58,3.58,3.58,3.61,3.55,18611876.0,66625225.0,14:42:29
sh600929,雪天盐业,5.23,0.03,0.577,5.22,5.23,5.2,5.21,5.27,5.16,14465300.0,75679672.0,14:42:30
sh600930,华电新能,3.97,0.01,0.253,3.96,3.97,3.96,3.94,3.97,3.93,63336012.0,250337697.0,14:42:34
sh600933,爱柯迪,13.9,0.06,0.434,13.88,13.9,13.84,13.85,13.95,13.73,5362499.0,74341174.0,14:42:34
sh600935,华塑股份,2.29,0.04,1.778,2.29,2.3,2.25,2.25,2.31,2.24,16344200.0,37295064.0,14:42:33
sh600936,北投科技,5.09,0.46,9.935,5.09,0.0,4.63,4.63,5.09,4.61,93781837.0,466946500.0,14:42:31
sh600938,中国海油,33.53,-0.19,-0.563,33.53,33.54,33.72,33.8,33.95,33.41,33060434.0,1113635775.0,14:42:33
sh600939,重庆建工,2.66,0.08,3.101,2.66,2.67,2.58,2.57,2.67,2.56,9858733.0,26019073.0,14:42:29
sh600941,中国移动,98.95,1.42,1.456,98.94,98.95,97.53,97.6,99.06,97.54,12110029.0,1195355344.0,14:42:31
sh600955,维远股份,12.63,0.18,1.446,12.62,12.63,12.45,12.38,12.66,12.37,2817999.0,35310297.0,14:42:30
sh600956,新天绿能,7.08,0.03,0.426,7.08,7.09,7.05,7.03,7.12,7.01,4451797.0,31507275.0,14:42:33
sh600958,东方证券,8.94,0.01,0.112,8.94,8.95,8.93,8.94,8.97,8.92,25176931.0,225163801.0,14:42:34
sh600959,江苏有线,3.05,0.04,1.329,3.04,3.05,3.01,2.99,3.05,2.98,18062273.0,54728359.0,14:42:33
sh600960,渤海汽车,4.1,0.12,3.015,4.09,4.1,3.98,3.98,4.11,3.95,9629132.0,39045232.0,14:42:32
sh600961,株冶集团,26.21,-1.61,-5.787,26.2,26.21,27.82,27.6,27.7,25.7,57660671.0,1521477897.0,14:42:34
sh600962,国投中鲁,25.98,0.04,0.154,25.97,25.98,25.94,25.6,26.09,24.91,6305376.0,161164648.0,14:42:32
sh600963,岳阳林纸,3.41,0.09,2.711,3.4,3.41,3.32,3.32,3.42,3.31,30258680.0,102340817.0,14:42:33
sh600965,*ST福成,2.76,0.01,0.364,2.76,2.77,2.75,2.72,2.82,2.72,6071260.0,16833561.0,14:42:26
sh600966,博汇纸业,4.92,0.17,3.579,4.91,4.92,4.75,4.74,4.99,4.72,15939922.0,78402200.0,14:42:33
sh600967,内蒙一机,11.01,0.11,1.009,11.01,11.02,10.9,10.83,11.17,10.82,14303798.0,158019986.0,14:42:31
sh600968,海油发展,4.01,-0.01,-0.249,4.0,4.01,4.02,4.0,4.06,3.98,29632183.0,118879852.0,14:42:33
sh600969,郴电国际,8.66,0.1,1.168,8.65,8.66,8.56,8.45,8.67,8.45,4873500.0,42035974.0,14:42:33
sh600970,中材国际,7.85,0.03,0.384,7.85,7.86,7.82,7.82,7.89,7.76,11499412.0,90237672.0,14:42:33
sh600971,恒源煤电,8.74,0.06,0.691,8.73,8.74,8.68,8.68,8.81,8.63,30633689.0,267064655.0,14:42:31
sh600973,宝胜股份,6.21,0.15,2.475,6.21,6.22,6.06,6.03,6.22,6.01,15178471.0,93464784.0,14:42:33
sh600975,新五丰,4.99,0.14,2.887,4.99,5.0,4.85,4.84,5.0,4.84,16222811.0,80473585.0,14:42:32
sh600976,健民集团,27.68,0.1,0.363,27.68,27.69,27.58,27.5,27.78,27.22,1398400.0,38613748.0,14:42:33
sh600977,中国电影,12.21,0.27,2.261,12.21,12.22,11.94,11.94,12.33,11.93,27123631.0,329893599.0,14:42:32
sh600979,广安爱众,3.93,0.05,1.289,3.93,3.94,3.88,3.86,3.96,3.84,17089786.0,66796952.0,14:42:34
sh600980,北矿科技,19.86,-0.07,-0.351,19.86,19.87,19.93,19.69,20.17,19.6,1960092.0,38846836.0,14:42:29
sh600981,苏豪汇鸿,2.47,0.06,2.49,2.47,2.48,2.41,2.4,2.49,2.4,18337400.0,45051934.0,14:42:31
sh600982,宁波能源,4.82,0.06,1.261,4.81,4.82,4.76,4.77,4.84,4.74,10213200.0,49008026.0,14:42:33
sh600983,惠而浦,7.83,-0.07,-0.886,7.82,7.83,7.9,7.81,7.85,7.55,3677900.0,28434685.0,14:42:31
sh600984,建设机械,4.94,0.45,10.022,4.94,0.0,4.49,4.94,4.94,4.94,13795600.0,68150264.0,14:42:32
sh600985,淮北矿业,17.5,-0.49,-2.724,17.5,17.51,17.99,17.93,18.24,17.46,26472087.0,469620073.0,14:42:33
sh600986,浙文互联,7.07,0.18,2.612,7.07,7.08,6.89,6.85,7.09,6.84,35063900.0,245200804.0,14:42:31
sh600987,航民股份,6.61,0.12,1.849,6.61,6.62,6.49,6.47,6.68,6.47,7395695.0,48556325.0,14:42:32
sh600988,赤峰黄金,47.72,-1.05,-2.153,47.69,47.74,48.77,49.01,49.2,46.0,80867816.0,3811578348.0,14:42:33
sh600989,宝丰能源,23.29,0.07,0.301,23.28,23.29,23.22,23.04,23.78,23.02,53062580.0,1242802219.0,14:42:32
sh600990,四创电子,17.86,0.27,1.535,17.85,17.86,17.59,17.5,17.92,17.41,2002800.0,35519017.0,14:42:33
sh600992,贵绳股份,9.85,0.31,3.249,9.85,9.86,9.54,9.54,9.89,9.46,4754900.0,46254586.0,14:42:32
sh600993,马应龙,23.21,0.48,2.112,23.2,23.21,22.73,22.7,23.23,22.62,3510932.0,80823423.0,14:42:33
sh600995,南网储能,12.28,0.04,0.327,12.27,12.28,12.24,12.23,12.34,12.2,6858809.0,84207362.0,14:42:33
sh600996,贵广网络,6.71,0.31,4.844,6.7,6.71,6.4,6.41,6.85,6.36,29312214.0,195784439.0,14:42:32
sh600997,开滦股份,5.67,0.01,0.177,5.67,5.68,5.66,5.65,5.74,5.62,13073000.0,74425670.0,14:42:32
sh600998,九州通,4.92,0.0,0.0,4.91,4.92,4.92,4.9,4.93,4.86,23765582.0,116468670.0,14:42:32
sh600999,招商证券,17.68,-0.18,-1.008,17.68,17.69,17.86,17.85,17.88,17.55,35669715.0,630171439.0,14:42:31
sh601000,唐山港,4.55,0.01,0.22,4.54,4.55,4.54,4.53,4.59,4.51,29481605.0,134105780.0,14:42:34
sh601001,晋控煤业,17.74,0.46,2.662,17.73,17.74,17.28,17.24,18.11,17.24,27900814.0,495532494.0,14:42:33
sh601002,晋亿实业,5.31,0.08,1.53,5.31,5.32,5.23,5.19,5.32,5.18,7662000.0,40398787.0,14:42:33
sh601003,柳钢股份,3.67,0.06,1.662,3.67,3.68,3.61,3.62,3.69,3.59,11410587.0,41645274.0,14:42:33
sh601005,重庆钢铁,1.19,0.0,0.0,1.19,1.2,1.19,1.18,1.2,1.18,38106700.0,45406238.0,14:42:33
sh601006,大秦铁路,4.73,0.03,0.638,4.72,4.73,4.7,4.71,4.76,4.7,101195183.0,478750300.0,14:42:31
sh601007,金陵饭店,6.89,0.19,2.836,6.89,6.9,6.7,6.67,6.93,6.67,8657405.0,59245384.0,14:42:32
sh601008,连云港,4.47,0.11,2.523,4.47,4.48,4.36,4.36,4.51,4.35,24798468.0,110531764.0,14:42:31
sh601009,南京银行,11.62,-0.16,-1.358,11.62,11.63,11.78,11.83,11.85,11.6,57058522.0,667793268.0,14:42:33
sh601010,ST文峰,1.43,0.02,1.418,1.42,1.43,1.41,1.41,1.43,1.4,12372839.0,17495466.0,14:42:31
sh601011,宝泰隆,2.94,-0.06,-2.0,2.94,2.95,3.0,2.9,2.96,2.86,128322303.0,372748424.0,14:42:33
sh601012,隆基绿能,12.17,0.02,0.165,12.17,12.18,12.15,12.09,12.19,12.02,43355036.0,525079380.0,14:42:32
sh601015,陕西黑猫,3.6,-0.08,-2.174,3.59,3.6,3.68,3.65,3.72,3.56,93856402.0,340234812.0,14:42:31
sh601016,节能风电,3.41,0.04,1.187,3.4,3.41,3.37,3.35,3.41,3.34,65827131.0,222505401.0,14:42:31
sh601018,宁波港,3.46,0.03,0.875,3.45,3.46,3.43,3.44,3.47,3.43,48108600.0,166038547.0,14:42:32
sh601019,山东出版,7.04,0.08,1.149,7.04,7.05,6.96,6.98,7.08,6.96,6660943.0,46881938.0,14:42:28
sh601020,华钰矿业,21.83,-1.46,-6.269,21.83,21.84,23.29,23.0,23.07,21.4,37659123.0,831253521.0,14:42:31
sh601021,春秋航空,43.73,0.26,0.598,43.73,43.74,43.47,43.67,43.75,43.28,2253654.0,98191828.0,14:42:30
sh601022,宁波远洋,8.33,-0.12,-1.42,8.33,8.34,8.45,8.41,8.45,8.27,6862300.0,57138866.0,14:42:32
sh601026,道生天合,15.55,0.07,0.452,15.54,15.56,15.48,15.4,15.57,15.22,3091213.0,47746929.0,14:42:32
sh601033,永兴股份,14.19,-0.1,-0.7,14.18,14.19,14.29,14.29,14.39,14.16,2596479.0,36952657.0,14:42:30
sh601038,一拖股份,13.03,0.1,0.773,13.02,13.03,12.93,12.76,13.2,12.76,5695251.0,73750026.0,14:42:34
sh601058,赛轮轮胎,13.81,-0.1,-0.719,13.8,13.81,13.91,13.93,14.13,13.74,14349946.0,199452885.0,14:42:31
sh601059,信达证券,16.41,-0.12,-0.726,16.4,16.41,16.53,16.5,16.57,16.38,7403100.0,121593408.0,14:42:33
sh601061,中信金属,11.45,-0.16,-1.378,11.45,11.46,11.61,11.5,11.97,11.33,21347267.0,248135703.0,14:42:33
sh601065,江盐集团,6.87,0.04,0.586,6.87,6.88,6.83,6.8,6.9,6.79,3445650.0,23653528.0,14:42:33
sh601066,中信建投,24.68,-0.11,-0.444,24.67,24.68,24.79,24.78,24.79,24.41,14054565.0,345167344.0,14:42:32
sh601068,中铝国际,4.53,0.07,1.57,4.52,4.53,4.46,4.45,4.53,4.44,8939500.0,40217715.0,14:42:32
sh601069,西部黄金,31.54,-2.54,-7.453,31.54,31.55,34.08,33.0,33.26,30.68,43895969.0,1395727192.0,14:42:32
sh601077,渝农商行,6.88,-0.16,-2.273,6.87,6.88,7.04,7.03,7.06,6.84,53912871.0,373529772.0,14:42:33
sh601083,锦江航运,13.05,-0.06,-0.458,13.04,13.05,13.11,13.11,13.48,12.64,37219804.0,483726818.0,14:42:32
sh601086,国芳集团,7.62,0.18,2.419,7.61,7.62,7.44,7.35,7.64,7.35,6591300.0,49717965.0,14:42:32
sh601088,中国神华,47.23,0.34,0.725,47.22,47.25,46.89,46.89,47.5,46.73,24121073.0,1138592638.0,14:42:32
sh601089,福元医药,16.31,0.3,1.874,16.31,16.32,16.01,15.85,16.33,15.8,3461035.0,55900921.0,14:42:34
sh601096,宏盛华源,4.21,0.06,1.446,4.21,4.22,4.15,4.14,4.24,4.13,16841192.0,70631732.0,14:42:32
sh601098,中南传媒,10.27,0.06,0.588,10.26,10.27,10.21,10.2,10.32,10.2,6651100.0,68328078.0,14:42:35
sh601099,太平洋,3.4,0.03,0.89,3.39,3.4,3.37,3.35,3.4,3.34,54256010.0,183500956.0,14:42:37
sh601100,恒立液压,100.75,-4.36,-4.148,100.63,100.75,105.11,103.22,105.4,97.25,13036547.0,1315357374.0,14:42:38
sh601101,昊华能源,13.22,-0.29,-2.147,13.21,13.22,13.51,13.44,13.75,12.98,50711723.0,673445347.0,14:42:37
sh601106,中国一重,3.06,0.06,2.0,3.06,3.07,3.0,3.01,3.08,3.0,39658588.0,120872714.0,14:42:39
sh601107,四川成渝,5.77,0.2,3.591,5.77,5.78,5.57,5.57,5.8,5.55,14448001.0,82557654.0,14:42:38
sh601108,财通证券,8.4,0.02,0.239,8.39,8.4,8.38,8.35,8.43,8.33,32803953.0,274852551.0,14:42:37
sh601111,中国国航,5.91,0.03,0.51,5.91,5.92,5.88,5.87,5.93,5.86,37662131.0,222061185.0,14:42:39
sh601112,振石股份,15.17,0.16,1.066,15.17,15.18,15.01,14.98,15.28,14.9,2723660.0,41043161.0,14:42:34
sh601113,华鼎股份,3.46,0.09,2.671,3.46,3.47,3.37,3.38,3.47,3.35,11644400.0,39941761.0,14:42:37
sh601116,三江购物,10.76,0.43,4.163,10.76,10.77,10.33,10.28,10.79,10.25,15988538.0,169882313.0,14:42:37
sh601117,中国化学,7.51,0.01,0.133,7.5,7.51,7.5,7.47,7.56,7.47,40375300.0,303488897.0,14:42:37
sh601118,海南橡胶,6.12,-0.16,-2.548,6.12,6.13,6.28,6.25,6.74,6.08,145535702.0,929277417.0,14:42:38
sh601121,宝地矿业,7.28,-0.14,-1.887,7.28,7.29,7.42,7.39,7.45,7.2,15479722.0,112665085.0,14:42:39
sh601126,四方股份,44.16,0.02,0.045,44.14,44.16,44.14,44.0,45.37,42.21,16582216.0,725176392.0,14:42:38
sh601127,赛力斯,50.76,1.01,2.03,50.75,50.76,49.75,49.51,50.83,49.37,14855218.0,745410496.0,14:42:37
sh601128,常熟银行,6.32,0.01,0.158,6.31,6.32,6.31,6.31,6.35,6.25,42714673.0,268999258.0,14:42:39
sh601133,柏诚股份,24.85,-0.35,-1.389,24.84,24.85,25.2,24.8,25.2,23.88,8266500.0,202745535.0,14:42:39
sh601136,首创证券,13.83,0.13,0.949,13.83,13.84,13.7,13.72,13.86,13.66,4959869.0,68245310.0,14:42:38
sh601137,博威合金,19.73,0.34,1.753,19.73,19.74,19.39,19.85,20.18,18.99,28205053.0,552152261.0,14:42:38
sh601138,工业富联,60.11,-0.29,-0.48,60.1,60.11,60.4,58.75,60.85,58.75,68185509.0,4075887136.0,14:42:38
sh601139,深圳燃气,6.33,0.04,0.636,6.33,6.34,6.29,6.3,6.38,6.29,11240530.0,71221338.0,14:42:38
sh601155,新城控股,11.14,0.29,2.673,11.13,11.14,10.85,10.84,11.2,10.81,15301777.0,169150201.0,14:42:38
sh601156,东航物流,18.61,-0.06,-0.321,18.6,18.61,18.67,18.63,18.92,18.36,9939830.0,184904357.0,14:42:37
sh601158,重庆水务,4.15,0.03,0.728,4.14,4.15,4.12,4.12,4.15,4.11,5256910.0,21725308.0,14:42:37
sh601162,天风证券,3.64,0.03,0.831,3.64,3.65,3.61,3.59,3.65,3.59,75394650.0,273101300.0,14:42:38
sh601163,三角轮胎,12.97,0.15,1.17,12.96,12.97,12.82,12.83,13.0,12.8,1748300.0,22617282.0,14:42:37
sh601166,兴业银行,18.03,-0.25,-1.368,18.03,18.04,18.28,18.28,18.42,18.0,103900524.0,1881623023.0,14:42:38
sh601168,西部矿业,36.5,-0.2,-0.545,36.48,36.49,36.7,37.0,37.16,35.39,47107262.0,1694404581.0,14:42:37
sh601169,北京银行,5.14,-0.03,-0.58,5.13,5.14,5.17,5.17,5.19,5.13,118782460.0,612190851.0,14:42:38
sh601177,杭齿前进,13.61,-0.18,-1.305,13.61,13.62,13.79,13.63,14.1,13.45,15003867.0,204907215.0,14:42:39
sh601179,中国西电,12.82,0.09,0.707,12.82,12.83,12.73,12.72,12.85,12.57,48001343.0,612018166.0,14:42:38
sh601186,中国铁建,6.06,0.03,0.498,6.06,6.07,6.03,6.04,6.07,6.03,22333000.0,135195178.0,14:42:37
sh601187,厦门银行,7.25,-0.16,-2.159,7.24,7.25,7.41,7.45,7.49,7.23,18286461.0,133812210.0,14:42:39
sh601188,龙江交通,2.89,0.05,1.761,2.88,2.89,2.84,2.83,2.9,2.83,15409742.0,44312903.0,14:42:33
sh601198,东兴证券,13.64,-0.03,-0.219,13.64,13.65,13.67,13.65,13.74,13.59,10104102.0,137913654.0,14:42:38
sh601199,江南水务,6.28,-0.11,-1.721,6.28,6.29,6.39,6.4,6.42,6.24,8343800.0,52446744.0,14:42:38
sh601200,上海环境,7.01,0.08,1.154,7.0,7.01,6.93,6.92,7.02,6.9,5468332.0,38228040.0,14:42:38
sh601208,东材科技,44.36,0.64,1.464,44.35,44.36,43.72,42.6,45.0,41.3,46457275.0,1999967841.0,14:42:38
sh601211,国泰海通,17.33,-0.31,-1.757,17.32,17.33,17.64,17.67,17.72,17.24,84830163.0,1477044984.0,14:42:39
sh601212,白银有色,6.62,-0.08,-1.194,6.61,6.62,6.7,7.13,7.13,6.45,654405348.0,4420348295.0,14:42:39
sh601216,君正集团,4.47,0.05,1.131,4.46,4.47,4.42,4.41,4.5,4.41,36516100.0,163029610.0,14:42:37
sh601218,吉鑫科技,4.48,0.23,5.412,4.48,4.49,4.25,4.29,4.5,4.27,32005000.0,141470431.0,14:42:39
sh601222,林洋能源,5.51,0.03,0.547,5.51,5.52,5.48,5.48,5.54,5.45,10941400.0,60261224.0,14:42:37
sh601225,陕西煤业,26.55,0.05,0.189,26.54,26.55,26.5,26.65,26.82,26.29,29783800.0,790224888.0,14:42:39
sh601226,华电科工,6.49,0.36,5.873,6.48,6.49,6.13,6.1,6.59,6.04,20934500.0,133262541.0,14:42:39
sh601228,广州港,3.09,0.04,1.311,3.08,3.09,3.05,3.05,3.11,3.05,20531000.0,63387465.0,14:42:39
sh601229,上海银行,9.73,-0.14,-1.418,9.73,9.74,9.87,9.92,9.95,9.69,52798993.0,516218394.0,14:42:37
sh601231,环旭电子,26.61,0.71,2.741,26.6,26.61,25.9,25.54,26.87,25.01,22136500.0,576550414.0,14:42:38
sh601233,桐昆股份,23.65,-0.85,-3.469,23.64,23.65,24.5,24.5,25.05,23.5,46090674.0,1115541000.0,14:42:39
sh601236,红塔证券,6.82,0.04,0.59,6.82,6.83,6.78,6.76,6.83,6.76,6194599.0,42166013.0,14:42:39
sh601238,广汽集团,5.24,0.12,2.344,5.23,5.24,5.12,5.1,5.24,5.06,31144664.0,161185000.0,14:42:38
sh601279,英利汽车,3.33,0.11,3.416,3.33,3.34,3.22,3.21,3.47,3.19,24291551.0,81357986.0,14:42:37
sh601288,农业银行,6.85,-0.01,-0.146,6.84,6.85,6.86,6.87,6.94,6.82,349097670.0,2400698810.0,14:42:39
sh601298,青岛港,9.01,0.01,0.111,9.0,9.01,9.0,8.98,9.05,8.92,6255928.0,56222993.0,14:42:39
sh601311,骆驼股份,7.4,0.05,0.68,7.4,7.41,7.35,7.31,7.42,7.31,7968820.0,58763687.0,14:42:39
sh601318,中国平安,55.01,0.09,0.164,55.0,55.01,54.92,55.06,55.42,54.65,69509457.0,3817524990.0,14:42:39
sh601319,中国人保,7.09,0.05,0.71,7.08,7.09,7.04,7.03,7.1,7.02,61292739.0,433183173.0,14:42:37
sh601326,秦港股份,3.39,0.0,0.0,3.39,3.4,3.39,3.38,3.43,3.37,16681500.0,56793905.0,14:42:37
sh601328,交通银行,7.15,-0.05,-0.694,7.15,7.16,7.2,7.23,7.25,7.14,131767660.0,945434207.0,14:42:39
sh601330,绿色动力,7.05,0.04,0.571,7.04,7.05,7.01,7.02,7.08,7.0,5420849.0,38207335.0,14:42:37
sh601333,广深铁路,2.95,0.03,1.027,2.94,2.95,2.92,2.91,2.96,2.91,53587082.0,157379050.0,14:42:38
sh601336,新华保险,59.39,-0.04,-0.067,59.38,59.39,59.43,59.5,59.86,58.72,13074401.0,773765183.0,14:42:39
sh601339,百隆东方,7.73,-0.02,-0.258,7.72,7.73,7.75,7.75,7.78,7.67,6259800.0,48285005.0,14:42:39
sh601360,三六零,8.62,0.05,0.583,8.61,8.62,8.57,8.55,8.65,8.51,49464988.0,425161360.0,14:42:37
sh601366,利群股份,3.65,0.14,3.989,3.65,3.66,3.51,3.52,3.74,3.49,23497025.0,85633151.0,14:42:39
sh601368,绿城水务,4.66,0.07,1.525,4.65,4.66,4.59,4.56,4.66,4.56,4023800.0,18620070.0,14:42:38
sh601369,陕鼓动力,8.8,0.06,0.686,8.79,8.8,8.74,8.71,8.81,8.68,5359490.0,46959608.0,14:42:38
sh601375,中原证券,4.04,0.05,1.253,4.04,4.05,3.99,3.99,4.05,3.98,27118136.0,109174267.0,14:42:38
sh601377,兴业证券,5.83,0.02,0.344,5.82,5.83,5.81,5.81,5.83,5.79,28659472.0,166607770.0,14:42:38
sh601388,怡球资源,3.42,0.07,2.09,3.41,3.42,3.35,3.44,3.51,3.35,70023464.0,240412086.0,14:42:36
sh601390,中国中铁,4.38,0.02,0.459,4.38,4.39,4.36,4.35,4.39,4.34,59694896.0,260988116.0,14:42:39
sh601398,工商银行,7.89,0.0,0.0,7.88,7.89,7.89,7.92,7.97,7.87,266035942.0,2103853918.0,14:42:37
sh601399,国机重装,3.16,0.07,2.265,3.15,3.16,3.09,3.08,3.16,3.07,49783196.0,155777426.0,14:42:37
sh601456,国联民生,8.76,0.02,0.229,8.75,8.76,8.74,8.75,8.78,8.72,11619929.0,101665332.0,14:42:37
sh601500,通用股份,4.04,0.06,1.508,4.03,4.04,3.98,3.96,4.04,3.96,10061880.0,40398606.0,14:42:38
sh601512,中新集团,7.73,0.1,1.311,7.73,7.74,7.63,7.58,7.77,7.57,2886900.0,22257042.0,14:42:37
sh601515,衢州东峰,3.39,0.08,2.417,3.38,3.39,3.31,3.31,3.4,3.29,8506755.0,28628078.0,14:42:39
sh601518,吉林高速,2.8,0.04,1.449,2.79,2.8,2.76,2.75,2.8,2.75,15795160.0,43941647.0,14:42:37
sh601519,大智慧,7.96,0.15,1.921,7.96,7.97,7.81,7.78,8.01,7.71,21930030.0,173477264.0,14:42:37
sh601528,瑞丰银行,4.99,0.02,0.402,4.98,4.99,4.97,4.98,5.06,4.94,15581730.0,77733447.0,14:42:33
sh601555,东吴证券,7.87,-0.02,-0.253,7.86,7.87,7.89,7.88,7.98,7.86,20272330.0,160097872.0,14:42:34
sh601566,九牧王,8.4,0.08,0.962,8.4,8.41,8.32,8.25,8.45,8.24,3784500.0,31721801.0,14:42:35
sh601567,三星电气,14.56,0.17,1.181,14.55,14.56,14.39,14.35,14.68,14.3,10468962.0,152203700.0,14:42:35
sh601568,北元化工,3.77,0.01,0.266,3.77,3.78,3.76,3.74,3.8,3.73,12296557.0,46473800.0,14:42:36
sh601577,长沙银行,9.58,-0.1,-1.033,9.57,9.58,9.68,9.69,9.79,9.55,15682000.0,150843338.0,14:42:36
sh601579,会稽山,19.71,-0.5,-2.474,19.71,19.72,20.21,20.22,20.64,19.61,20836423.0,414297414.0,14:42:35
sh601588,北辰实业,1.73,0.05,2.976,1.73,1.74,1.68,1.67,1.74,1.67,37738100.0,64626718.0,14:42:35
sh601595,上海电影,16.47,0.72,4.571,16.47,16.48,15.75,15.7,16.5,15.67,5631020.0,91288580.0,14:42:35
sh601598,中国外运,6.62,0.01,0.151,6.62,6.63,6.61,6.57,6.66,6.56,10557716.0,69860323.0,14:42:33
sh601599,浙文影业,3.07,0.07,2.333,3.07,3.08,3.0,3.0,3.08,2.99,13883024.0,42331436.0,14:42:36
sh601600,中国铝业,9.36,-0.14,-1.474,9.35,9.36,9.5,9.42,9.48,9.22,125278868.0,1170004399.0,14:42:36
sh601601,中国太保,31.51,0.48,1.547,31.51,31.52,31.03,31.01,31.58,30.89,43769746.0,1366038674.0,14:42:35
sh601606,长城军工,31.5,0.97,3.177,31.5,31.51,30.53,30.08,32.98,29.91,38447338.0,1224519717.0,14:42:34
sh601607,上海医药,16.35,0.16,0.988,16.34,16.35,16.19,16.26,16.35,16.15,9181707.0,149596121.0,14:42:34
sh601608,中信重工,4.74,0.1,2.155,4.73,4.74,4.64,4.63,4.75,4.61,24373850.0,114411047.0,14:42:34
sh601609,金田股份,13.48,0.1,0.747,13.48,13.49,13.38,13.12,13.55,13.1,68416644.0,913402118.0,14:42:35
sh601611,中国核建,10.64,0.08,0.758,10.64,10.65,10.56,10.52,10.68,10.46,16494400.0,175130711.0,14:42:34
sh601615,明阳智能,10.82,0.22,2.075,10.81,10.82,10.6,10.51,10.9,10.42,28776442.0,308046048.0,14:42:34
sh601616,广电电气,3.96,0.07,1.799,3.96,3.97,3.89,3.89,4.0,3.82,30849100.0,121366211.0,14:42:35
sh601618,中国中冶,2.58,0.02,0.781,2.58,2.59,2.56,2.56,2.59,2.56,57522793.0,148435979.0,14:42:35
sh601619,嘉泽新能,4.05,0.04,0.998,4.04,4.05,4.01,4.0,4.06,3.99,18993860.0,76765857.0,14:42:34
sh601628,中国人寿,37.61,-0.03,-0.08,37.6,37.61,37.64,37.67,37.88,37.16,26649027.0,999342312.0,14:42:37
sh601633,长城汽车,15.38,0.17,1.118,15.37,15.38,15.21,15.21,15.39,15.19,7167424.0,109493889.0,14:42:35
sh601636,旗滨集团,5.75,0.02,0.349,5.75,5.76,5.73,5.68,5.78,5.63,30453618.0,173953171.0,14:42:34
sh601658,邮储银行,5.04,0.0,0.0,5.03,5.04,5.04,5.05,5.07,5.02,128059710.0,646400575.0,14:42:35
sh601665,齐鲁银行,6.54,-0.02,-0.305,6.53,6.54,6.56,6.55,6.61,6.52,38326079.0,251565406.0,14:42:35
sh601666,平煤股份,9.57,-0.23,-2.347,9.56,9.57,9.8,9.71,9.9,9.55,33584065.0,325525617.0,14:42:34
sh601668,中国建筑,4.46,0.04,0.905,4.46,4.47,4.42,4.42,4.48,4.4,213347729.0,946325104.0,14:42:35
sh601669,中国电建,4.65,0.03,0.649,4.64,4.65,4.62,4.62,4.65,4.6,60950135.0,282348852.0,14:42:34
sh601677,明泰铝业,16.43,0.08,0.489,16.42,16.43,16.35,16.28,16.57,16.18,20709300.0,338549762.0,14:42:34
sh601678,滨化股份,6.23,-0.1,-1.58,6.22,6.23,6.33,6.26,6.33,6.14,75406871.0,470021889.0,14:42:35
sh601686,友发集团,5.24,0.04,0.769,5.23,5.24,5.2,5.17,5.29,5.16,4170577.0,21776948.0,14:42:35
sh601688,华泰证券,18.57,-0.07,-0.376,18.57,18.58,18.64,18.65,18.72,18.46,31754837.0,589055358.0,14:42:34
sh601689,拓普集团,46.87,0.57,1.231,46.86,46.87,46.3,45.8,47.18,45.48,12991496.0,602444209.0,14:42:36
sh601696,中银证券,11.62,0.01,0.086,11.61,11.62,11.61,11.58,11.65,11.45,18111871.0,209074185.0,14:42:36
sh601698,中国卫通,23.82,0.06,0.253,23.82,23.83,23.76,23.51,23.91,23.21,15638855.0,369263187.0,14:42:36
sh601699,潞安环能,16.79,-0.06,-0.356,16.78,16.79,16.85,16.71,17.18,16.65,34265736.0,580366766.0,14:42:35
sh601700,风范股份,7.52,-0.19,-2.464,7.51,7.52,7.71,7.5,8.08,7.4,209133830.0,1613455820.0,14:42:35
sh601702,华峰铝业,15.83,-0.3,-1.86,15.82,15.83,16.13,15.93,16.08,15.68,7355600.0,116831830.0,14:42:35
sh601717,中创智领,15.06,-0.06,-0.397,15.06,15.07,15.12,15.12,15.21,14.99,9625203.0,144907738.0,14:42:35
sh601718,ST际华,1.86,0.02,1.087,1.85,1.86,1.84,1.84,1.87,1.83,11185400.0,20691329.0,14:42:35
sh601727,上海电气,6.5,0.05,0.775,6.5,6.51,6.45,6.45,6.51,6.42,25263433.0,163650035.0,14:42:36
sh601728,中国电信,6.46,-0.01,-0.155,6.46,6.47,6.47,6.49,6.51,6.4,76606746.0,494015164.0,14:42:34
sh601766,中国中车,6.14,0.06,0.987,6.13,6.14,6.08,6.09,6.15,6.06,91951364.0,561624498.0,14:42:36
sh601777,千里科技,8.18,0.19,2.378,8.17,8.18,7.99,8.06,8.19,7.97,19481740.0,157729152.0,14:42:34
sh601778,晶科科技,3.62,0.03,0.836,3.61,3.62,3.59,3.55,3.64,3.51,76620642.0,274971082.0,14:42:34
sh601788,光大证券,14.33,0.08,0.561,14.33,14.34,14.25,14.25,14.37,14.22,10273740.0,146886572.0,14:42:34
sh601789,宁波建工,4.25,0.06,1.432,4.25,4.27,4.19,4.16,4.27,4.15,26145415.0,110611978.0,14:42:36
sh601798,蓝科高新,7.83,0.16,2.086,7.83,7.84,7.67,7.58,7.85,7.58,4566400.0,35414475.0,14:42:35
sh601799,星宇股份,84.5,0.82,0.98,84.46,84.49,83.68,82.84,85.0,81.78,3096875.0,257396044.0,14:42:36
sh601800,中国交建,5.95,0.08,1.363,5.94,5.95,5.87,5.87,5.96,5.87,25903692.0,153529348.0,14:42:35
sh601801,皖新传媒,5.44,0.05,0.928,5.43,5.44,5.39,5.32,5.48,5.32,11398500.0,61941272.0,14:42:36
sh601808,中海油服,12.44,0.05,0.404,12.44,12.45,12.39,12.38,12.54,12.33,12457891.0,155114621.0,14:42:34
sh601811,新华文轩,12.11,0.14,1.17,12.11,12.13,11.97,11.93,12.14,11.93,2178800.0,26341803.0,14:42:30
sh601816,京沪高铁,4.87,-0.04,-0.815,4.86,4.87,4.91,4.92,4.97,4.86,117925401.0,578000180.0,14:42:34
sh601818,光大银行,3.07,0.0,0.0,3.06,3.07,3.07,3.08,3.09,3.05,178586572.0,547853921.0,14:42:35
sh601825,沪农商行,8.81,-0.1,-1.122,8.8,8.81,8.91,8.92,8.97,8.74,30192820.0,267018670.0,14:42:36
sh601827,三峰环境,8.26,0.0,0.0,8.26,8.27,8.26,8.25,8.3,8.23,3686863.0,30463717.0,14:42:37
sh601828,美凯龙,2.17,0.07,3.333,2.16,2.17,2.1,2.08,2.17,2.08,40953371.0,87516667.0,14:42:37
sh601838,成都银行,18.74,-0.14,-0.742,18.74,18.75,18.88,18.9,18.95,18.68,15353309.0,288394023.0,14:42:36
sh601857,中国石油,11.18,0.01,0.09,11.18,11.19,11.17,11.21,11.3,11.14,73188028.0,821265417.0,14:42:34
sh601858,中国科传,21.92,0.18,0.828,21.92,21.93,21.74,21.25,22.21,21.18,8510592.0,183907253.0,14:42:34
sh601860,紫金银行,2.56,0.0,0.0,2.55,2.56,2.56,2.56,2.59,2.54,49057200.0,125647549.0,14:42:37
sh601865,福莱特,10.21,-0.07,-0.681,10.21,10.22,10.28,10.16,10.28,10.11,10347500.0,105484615.0,14:42:35
sh601866,中远海发,2.41,0.01,0.417,2.4,2.41,2.4,2.39,2.41,2.39,40372900.0,96917491.0,14:42:35
sh601868,中国能建,2.53,0.03,1.2,2.52,2.53,2.5,2.49,2.53,2.49,163092419.0,409626890.0,14:42:36
sh601869,长飞光纤,397.61,18.42,4.858,397.58,397.63,379.19,360.0,411.11,345.01,19326678.0,7446880729.0,14:42:36
sh601872,招商轮船,18.91,-0.09,-0.474,18.9,18.91,19.0,19.32,19.4,18.63,85613254.0,1623869359.0,14:42:34
sh601877,正泰电器,25.96,-0.26,-0.992,25.96,25.97,26.22,26.04,26.45,25.8,22355400.0,581156208.0,14:42:35
sh601878,浙商证券,9.21,0.06,0.656,9.2,9.21,9.15,9.15,9.21,9.14,9996038.0,91734399.0,14:42:36
sh601880,辽港股份,1.47,0.02,1.379,1.46,1.47,1.45,1.45,1.47,1.45,46012356.0,67202143.0,14:42:35
sh601881,中国银河,12.03,0.0,0.0,12.03,12.04,12.03,12.02,12.08,11.98,12560077.0,150936088.0,14:42:34
sh601882,海天精工,19.79,0.04,0.203,19.78,19.79,19.75,19.67,19.88,19.42,4057830.0,79895700.0,14:42:36
sh601886,江河集团,13.35,0.12,0.907,13.35,13.36,13.23,13.06,14.0,12.9,27292621.0,366145054.0,14:42:34
sh601888,中国中免,52.62,0.56,1.076,52.61,52.62,52.06,51.93,52.86,51.93,17741584.0,931043457.0,14:42:34
sh601890,亚星锚链,8.7,0.26,3.081,8.7,8.71,8.44,8.49,8.77,8.47,25404654.0,219369284.0,14:42:37
sh601898,中煤能源,15.02,0.21,1.418,15.02,15.03,14.81,14.9,15.2,14.74,65793890.0,987707200.0,14:42:36
sh601899,紫金矿业,33.71,-0.83,-2.403,33.7,33.71,34.54,34.7,34.7,33.4,236800548.0,8007118517.0,14:42:36
sh601900,南方传媒,11.86,0.09,0.765,11.86,11.88,11.77,11.73,11.92,11.73,4648700.0,55045464.0,14:42:35
sh601901,方正证券,6.69,0.04,0.602,6.68,6.69,6.65,6.65,6.72,6.64,39742708.0,265208560.0,14:42:36
sh601908,京运通,3.0,0.05,1.695,3.0,3.01,2.95,2.95,3.01,2.93,23115200.0,68912848.0,14:42:37
sh601916,浙商银行,2.94,-0.01,-0.339,2.93,2.94,2.95,2.95,2.97,2.91,122613277.0,359854123.0,14:42:36
sh601918,新集能源,10.48,-0.44,-4.029,10.48,10.49,10.92,10.72,10.99,10.45,47443040.0,505173921.0,14:42:34
sh601919,中远海控,17.09,-0.33,-1.894,17.09,17.1,17.42,17.4,17.42,16.98,124519512.0,2135180512.0,14:42:34
sh601921,浙版传媒,7.42,0.05,0.678,7.41,7.42,7.37,7.36,7.47,7.34,6342200.0,47067731.0,14:42:36
sh601928,凤凰传媒,8.82,0.01,0.114,8.82,8.83,8.81,8.81,8.89,8.77,8881800.0,78450817.0,14:42:36
sh601929,吉视传媒,2.33,0.07,3.097,2.32,2.33,2.26,2.24,2.34,2.23,69260123.0,159460807.0,14:42:34
sh601933,永辉超市,3.11,0.11,3.667,3.11,3.12,3.0,2.98,3.12,2.98,139743998.0,429696657.0,14:42:34
sh601939,建设银行,10.67,0.01,0.094,10.66,10.67,10.66,10.68,10.76,10.6,115733475.0,1236182345.0,14:42:34
sh601949,中国出版,5.22,0.12,2.353,5.21,5.22,5.1,5.1,5.24,5.08,8975488.0,46599172.0,14:42:36
sh601952,苏垦农发,8.97,0.16,1.816,8.96,8.97,8.81,8.7,9.26,8.68,33351752.0,301134942.0,14:42:35
sh601956,东贝集团,5.01,0.15,3.086,5.01,5.02,4.86,4.81,5.03,4.81,6454960.0,31967229.0,14:42:33
sh601958,金钼股份,22.09,-1.2,-5.152,22.08,22.09,23.29,23.28,23.3,21.8,80504135.0,1800227511.0,14:42:34
sh601963,重庆银行,11.17,-0.04,-0.357,11.16,11.17,11.21,11.21,11.3,11.1,11686124.0,130824163.0,14:42:36
sh601965,中国汽研,14.1,0.2,1.439,14.09,14.1,13.9,13.84,14.23,13.8,4983369.0,70186238.0,14:42:32
sh601966,玲珑轮胎,11.18,0.19,1.729,11.17,11.18,10.99,11.02,11.21,10.96,8895135.0,99045904.0,14:42:36
sh601968,宝钢包装,4.48,0.1,2.283,4.47,4.48,4.38,4.37,4.49,4.36,6866200.0,30592442.0,14:42:33
sh601969,海南矿业,9.42,0.05,0.534,9.42,9.43,9.37,9.44,9.65,9.32,22718800.0,215239512.0,14:42:36
sh601975,招商南油,4.03,0.03,0.75,4.03,4.04,4.0,4.0,4.07,3.94,176498298.0,706596465.0,14:42:35
sh601985,中国核电,8.85,0.08,0.912,8.84,8.85,8.77,8.76,8.85,8.76,74497244.0,657281218.0,14:42:34
sh601988,中国银行,6.15,0.02,0.326,6.14,6.15,6.13,6.14,6.2,6.11,225829146.0,1389533259.0,14:42:34
sh601990,南京证券,6.61,0.04,0.609,6.6,6.61,6.57,6.57,6.61,6.56,6221390.0,41042384.0,14:42:34
sh601991,大唐发电,5.9,0.01,0.17,5.9,5.91,5.89,5.85,5.92,5.77,135570892.0,794738962.0,14:42:36
sh601992,金隅集团,1.38,0.01,0.73,1.38,1.39,1.37,1.37,1.39,1.37,28427700.0,39245664.0,14:42:34
sh601995,中金公司,33.65,0.03,0.089,33.65,33.66,33.62,33.63,33.77,33.47,9550239.0,320748405.0,14:42:35
sh601996,丰林集团,2.59,0.09,3.6,2.59,2.6,2.5,2.48,2.66,2.48,24016216.0,62145486.0,14:42:34
sh601997,贵阳银行,5.47,-0.32,-5.527,5.46,5.47,5.79,5.59,5.6,5.43,139405340.0,764349818.0,14:42:35
sh601998,中信银行,8.55,-0.01,-0.117,8.54,8.55,8.56,8.58,8.66,8.48,96136556.0,823292466.0,14:42:34
sh601999,出版传媒,6.13,0.12,1.997,6.12,6.13,6.01,6.0,6.13,5.96,3707627.0,22539198.0,14:42:34
sh603000,人民网,16.48,0.75,4.768,16.48,16.49,15.73,15.72,16.6,15.68,18011150.0,293346077.0,14:42:34
sh603001,奥康国际,8.11,0.04,0.496,8.11,8.12,8.07,8.02,8.22,7.83,7286900.0,58913535.0,14:42:35
sh603002,宏昌电子,15.51,-0.15,-0.958,15.51,15.52,15.66,15.0,15.78,14.98,40801200.0,626962635.0,14:42:37
sh603004,鼎龙科技,18.85,0.34,1.837,18.85,18.87,18.51,18.39,18.95,18.3,2017999.0,37695584.0,14:42:36
sh603005,晶方科技,30.31,-1.34,-4.234,30.3,30.31,31.65,30.0,30.87,28.98,45154969.0,1349438535.0,14:42:34
sh603006,联明股份,11.53,0.42,3.78,11.53,11.54,11.11,11.11,11.57,11.0,2883700.0,32757655.0,14:42:34
sh603007,顺景科技,4.75,0.23,5.088,4.74,4.75,4.52,4.49,4.76,4.46,20673131.0,96195532.0,14:42:36
sh603008,ST喜临门,8.16,0.02,0.246,8.14,8.16,8.14,8.15,8.22,8.1,3422200.0,27936361.0,14:42:20
sh603009,北特科技,44.91,-0.39,-0.861,44.9,44.91,45.3,44.27,45.25,43.95,4356391.0,194402505.0,14:42:35
sh603010,万盛股份,11.32,-0.13,-1.135,11.31,11.32,11.45,11.28,11.36,10.99,6464440.0,72327695.0,14:42:34
sh603011,合锻智能,22.79,0.1,0.441,22.79,22.8,22.69,22.35,23.18,21.83,21577493.0,485516178.0,14:42:34
sh603012,创力集团,8.78,0.17,1.974,8.77,8.78,8.61,8.59,8.81,8.52,13207260.0,114787380.0,14:42:34
sh603013,亚普股份,16.32,0.21,1.304,16.32,16.33,16.11,16.15,16.38,16.03,1626900.0,26432477.0,14:42:35
sh603014,威高血净,32.28,0.34,1.064,32.26,32.27,31.94,31.8,32.28,31.79,660905.0,21242161.0,14:42:30
sh603015,弘讯科技,10.96,0.42,3.985,10.95,10.96,10.54,10.63,11.03,10.39,5824700.0,62786364.0,14:42:28
sh603016,新宏泰,28.76,-0.09,-0.312,28.77,28.78,28.85,28.57,28.99,28.06,2667661.0,76238914.0,14:42:35
sh603017,中衡设计,9.96,0.57,6.07,9.95,9.96,9.39,9.5,9.98,9.45,10675001.0,104396531.0,14:42:33
sh603018,华设集团,5.31,0.11,2.115,5.3,5.31,5.2,5.2,5.33,5.18,6602002.0,34813177.0,14:42:34
sh603019,中科曙光,83.34,1.16,1.412,83.32,83.33,82.18,81.25,83.67,81.07,19258395.0,1592110500.0,14:42:34
sh603020,爱普股份,9.99,0.13,1.318,9.99,10.0,9.86,9.86,10.03,9.77,3398640.0,33668917.0,14:42:36
sh603021,*ST华鹏,5.44,0.1,1.873,5.44,5.45,5.34,5.26,5.5,5.18,5694200.0,30436402.0,14:42:34
sh603022,新通联,8.97,0.26,2.985,8.97,8.98,8.71,8.7,8.99,8.63,2246700.0,19881279.0,14:42:26
sh603023,威帝股份,4.11,0.13,3.266,4.11,4.12,3.98,3.99,4.13,3.96,7482200.0,30225362.0,14:42:34
sh603025,大豪科技,13.72,0.22,1.63,13.72,13.73,13.5,13.6,13.78,13.45,6867006.0,93698351.0,14:42:36
sh603026,石大胜华,62.2,-1.7,-2.66,62.22,62.24,63.9,63.4,63.91,60.94,6354662.0,394054406.0,14:42:36
sh603027,千禾味业,7.36,0.14,1.939,7.35,7.36,7.22,7.22,7.38,7.22,9389945.0,68704736.0,14:42:36
sh603028,赛福天,7.13,0.17,2.443,7.12,7.13,6.96,6.98,7.17,6.88,3335890.0,23480784.0,14:42:36
sh603029,天鹅股份,16.19,0.3,1.888,16.18,16.2,15.89,15.83,16.29,15.74,2125700.0,34268362.0,14:42:34
sh603030,全筑股份,2.13,0.1,4.926,2.12,2.13,2.03,2.02,2.13,2.02,35588900.0,74174003.0,14:42:34
sh603031,安孚科技,39.34,1.35,3.554,39.34,39.35,37.99,37.37,40.14,36.3,11799619.0,455560151.0,14:42:35
sh603032,德新科技,19.24,-0.98,-4.847,19.25,19.26,20.22,20.2,20.2,18.63,18103069.0,345668284.0,14:42:35
sh603033,三维股份,7.37,-0.02,-0.271,7.37,7.38,7.39,7.35,7.44,7.24,5843155.0,42875885.0,14:42:36
sh603035,常熟汽饰,11.27,0.24,2.176,11.27,11.28,11.03,10.99,11.28,10.99,4062700.0,45394060.0,14:42:34
sh603036,如通股份,15.95,0.45,2.903,15.94,15.95,15.5,15.49,16.1,15.2,10216600.0,160804356.0,14:42:36
sh603037,凯众股份,10.26,0.22,2.191,10.25,10.26,10.04,10.08,10.31,9.92,2379110.0,24241578.0,14:42:36
sh603038,华立股份,17.27,0.37,2.189,17.26,17.27,16.9,16.74,17.32,16.34,8216730.0,138504678.0,14:42:36
sh603039,泛微网络,40.31,-1.43,-3.426,40.31,40.32,41.74,41.5,41.86,40.0,11410931.0,463648596.0,14:42:34
sh603040,新坐标,52.88,0.78,1.497,52.88,52.94,52.1,52.06,53.11,51.08,674560.0,35298704.0,14:42:34
sh603041,美思德,11.23,0.3,2.745,11.22,11.25,10.93,10.93,11.29,10.92,1867780.0,20772343.0,14:42:36
sh603042,华脉科技,13.95,0.25,1.825,13.95,13.96,13.7,13.45,14.08,13.38,6630040.0,91726323.0,14:42:36
sh603043,广州酒家,13.66,0.2,1.486,13.65,13.66,13.46,13.5,13.73,13.48,2502480.0,34115926.0,14:42:32
sh603045,福达合金,54.53,-1.8,-3.195,54.5,54.53,56.33,55.58,56.05,53.19,9952470.0,541116843.0,14:42:36
sh603048,浙江黎明,22.14,1.04,4.929,22.14,22.15,21.1,20.89,22.21,20.79,2728900.0,59134979.0,14:42:25
sh603049,中策橡胶,49.31,0.21,0.428,49.31,49.34,49.1,48.91,49.55,48.88,1293660.0,63599132.0,14:42:35
sh603050,科林电气,17.95,0.37,2.105,17.94,17.95,17.58,17.38,18.09,17.38,2902692.0,51809997.0,14:42:34
sh603051,鹿山新材,20.57,-0.48,-2.28,20.57,20.58,21.05,20.96,20.97,20.27,3022306.0,62078112.0,14:42:33
sh603052,可川科技,56.85,0.03,0.053,56.81,56.84,56.82,54.0,57.78,53.72,6082549.0,339221020.0,14:42:36
sh603053,成都燃气,8.77,0.07,0.805,8.77,8.78,8.7,8.63,8.78,8.63,2086800.0,18245641.0,14:42:35
sh603055,台华新材,9.14,0.34,3.864,9.14,9.15,8.8,8.79,9.23,8.72,8872229.0,79767962.0,14:42:36
sh603057,紫燕食品,21.69,0.35,1.64,21.69,21.72,21.34,21.23,21.78,21.11,1329500.0,28566776.0,14:42:35
sh603058,永吉股份,9.12,0.3,3.401,9.12,9.13,8.82,8.7,9.23,8.68,5758800.0,51760861.0,14:42:36
sh603059,倍加洁,24.94,0.32,1.3,24.94,24.96,24.62,24.62,25.15,24.46,1175800.0,29298149.0,14:42:38
sh603060,国检集团,5.48,0.08,1.481,5.48,5.49,5.4,5.36,5.51,5.36,4639526.0,25347596.0,14:42:37
sh603061,金海通,341.78,-5.52,-1.589,341.34,341.7,347.3,335.0,347.0,328.01,3556714.0,1207594407.0,14:42:39
sh603062,麦加芯彩,38.98,0.45,1.168,38.98,39.1,38.53,38.33,39.15,38.02,190600.0,7386714.0,14:42:35
sh603063,禾望电气,30.69,-0.09,-0.292,30.69,30.7,30.78,30.41,31.13,29.78,12365000.0,377025923.0,14:42:37
sh603065,宿迁联盛,17.8,-1.01,-5.369,17.8,17.82,18.81,18.25,19.12,17.6,44882300.0,818052984.0,14:42:36
sh603066,音飞储存,9.16,0.21,2.346,9.16,9.17,8.95,8.91,9.18,8.9,4272600.0,38730976.0,14:42:28
sh603067,振华股份,33.77,1.13,3.462,33.77,33.78,32.64,32.1,34.25,31.9,18421751.0,610620427.0,14:42:37
sh603068,博通集成,36.67,0.3,0.825,36.67,36.68,36.37,35.8,36.8,35.1,7125288.0,257755549.0,14:42:37
sh603069,海汽集团,13.04,0.23,1.795,13.03,13.04,12.81,12.61,13.14,12.61,3017400.0,39138995.0,14:42:37
sh603070,万控智造,11.64,0.21,1.837,11.64,11.65,11.43,11.41,11.69,11.33,1449100.0,16765877.0,14:42:38
sh603071,物产环能,12.65,0.03,0.238,12.66,12.67,12.62,12.48,12.78,12.47,3924000.0,49652182.0,14:42:36
sh603072,天和磁材,31.56,0.3,0.96,31.56,31.57,31.26,31.26,31.8,31.12,1444834.0,45391808.0,14:42:38
sh603073,彩蝶实业,16.8,0.17,1.022,16.8,16.81,16.63,16.62,16.89,16.41,1110000.0,18593009.0,14:42:36
sh603075,热威股份,19.23,0.19,0.998,19.23,19.24,19.04,18.91,19.3,18.9,1529026.0,29305548.0,14:42:38
sh603076,乐惠国际,20.93,0.65,3.205,20.93,20.94,20.28,20.61,20.97,20.1,1641100.0,33831652.0,14:42:38
sh603077,和邦生物,2.39,-0.03,-1.24,2.39,2.4,2.42,2.38,2.42,2.37,142118960.0,340667187.0,14:42:38
sh603078,江化微,34.69,-0.11,-0.316,34.69,34.7,34.8,34.01,34.91,32.7,22048478.0,742786775.0,14:42:36
sh603079,圣达生物,13.89,1.26,9.976,13.89,0.0,12.63,12.88,13.89,12.61,15736362.0,211006578.0,14:42:35
sh603080,新疆火炬,19.56,-0.08,-0.407,19.56,19.57,19.64,19.56,19.78,19.4,1482900.0,29026787.0,14:42:37
sh603081,大丰实业,9.68,0.31,3.308,9.67,9.68,9.37,9.33,9.71,9.33,2945700.0,28176377.0,14:42:38
sh603082,北自科技,43.5,1.63,3.893,43.5,43.53,41.87,40.87,44.5,40.01,6970290.0,296959811.0,14:42:38
sh603083,剑桥科技,173.61,-1.38,-0.789,173.61,173.65,174.99,169.5,178.11,168.07,16050130.0,2767787704.0,14:42:39
sh603085,天成自控,10.02,0.24,2.454,10.02,10.03,9.78,9.73,10.03,9.58,5377340.0,52745358.0,14:42:36
sh603086,先达股份,5.67,0.1,1.795,5.67,5.68,5.57,5.49,5.69,5.48,8466595.0,47683433.0,14:42:37
sh603087,甘李药业,68.86,3.39,5.178,68.86,68.87,65.47,65.5,69.16,65.1,12110186.0,813289910.0,14:42:37
sh603088,宁波精达,9.81,0.27,2.83,9.8,9.81,9.54,9.54,9.85,9.39,8026800.0,77639103.0,14:42:38
sh603089,正裕工业,11.04,0.51,4.843,11.03,11.04,10.53,10.53,11.48,10.0,21066269.0,221044182.0,14:42:37
sh603090,宏盛股份,38.71,1.43,3.836,38.66,38.71,37.28,36.54,39.11,36.04,2540173.0,95981057.0,14:42:37
sh603091,众鑫股份,49.7,0.41,0.832,49.7,49.78,49.29,49.49,50.19,48.75,416800.0,20666726.0,14:42:30
sh603092,德力佳,41.85,0.61,1.479,41.85,41.86,41.24,41.1,41.94,40.89,1504275.0,62548570.0,14:42:34
sh603093,南华期货,11.56,0.25,2.21,11.55,11.56,11.31,11.33,11.6,11.29,12807505.0,146515610.0,14:42:36
sh603095,越剑智能,16.4,1.49,9.993,16.4,0.0,14.91,14.64,16.4,14.62,17800462.0,285166240.0,14:42:37
sh603096,新经典,15.02,0.16,1.077,15.01,15.02,14.86,14.9,15.06,14.63,1975620.0,29457291.0,14:42:36
sh603097,江苏华辰,19.09,-0.18,-0.934,19.07,19.1,19.27,19.01,19.25,18.8,1611320.0,30689194.0,14:42:34
sh603098,森特股份,10.15,0.02,0.197,10.14,10.15,10.13,10.03,10.22,9.99,3200900.0,32458936.0,14:42:36
sh603099,长白山,38.31,-0.18,-0.468,38.3,38.32,38.49,38.55,39.28,38.09,6675956.0,257600796.0,14:42:37
sh603100,川仪股份,17.53,0.23,1.329,17.51,17.53,17.3,17.3,17.56,17.24,1842700.0,32150901.0,14:42:36
sh603101,汇嘉时代,7.36,0.17,2.364,7.35,7.36,7.19,7.2,7.38,7.14,6779304.0,49562738.0,14:42:35
sh603102,百合股份,40.5,2.73,7.228,40.49,40.5,37.77,37.52,41.55,37.21,5316100.0,210269841.0,14:42:38
sh603103,横店影视,14.88,0.66,4.641,14.88,14.89,14.22,14.25,14.92,14.1,5040792.0,73712519.0,14:42:37
sh603105,芯能科技,7.61,-0.13,-1.68,7.61,7.62,7.74,7.75,8.01,7.54,40295789.0,310287042.0,14:42:36
sh603106,恒银科技,7.47,-0.16,-2.097,7.47,7.48,7.63,7.5,7.58,7.33,18797900.0,140380260.0,14:42:38
sh603107,上海汽配,11.83,-0.1,-0.838,11.83,11.84,11.93,11.7,11.86,11.51,1707500.0,19981630.0,14:42:31
sh603108,润达医疗,9.79,0.24,2.513,9.78,9.79,9.55,9.54,9.8,9.41,8520458.0,82040210.0,14:42:36
sh603109,神驰机电,17.9,0.26,1.474,17.89,17.9,17.64,17.64,17.93,17.4,1978877.0,35080994.0,14:42:38
sh603110,东方材料,24.63,-0.74,-2.917,24.63,24.64,25.37,25.12,25.25,24.08,7595556.0,186620949.0,14:42:38
sh603111,康尼机电,5.86,0.04,0.687,5.85,5.86,5.82,5.8,5.87,5.76,4242400.0,24725255.0,14:42:31
sh603112,华翔股份,16.48,0.52,3.258,16.47,16.48,15.96,15.8,16.6,15.45,13337227.0,214364266.0,14:42:38
sh603113,金能科技,5.48,0.5,10.04,5.48,0.0,4.98,4.88,5.48,4.87,35080285.0,185835471.0,14:42:36
sh603115,海星股份,76.32,1.19,1.584,76.32,76.38,75.13,72.42,77.06,71.31,5430100.0,403248417.0,14:42:37
sh603116,红蜻蜓,6.62,0.13,2.003,6.62,6.63,6.49,6.4,6.64,6.35,5858120.0,38150861.0,14:42:36
sh603117,万林物流,3.91,0.14,3.714,3.9,3.91,3.77,3.76,3.92,3.73,6925920.0,26653707.0,14:42:35
sh603118,共进股份,16.27,0.26,1.624,16.26,16.27,16.01,15.69,16.5,15.41,93254507.0,1496106535.0,14:42:38
sh603119,浙江荣泰,50.05,-0.08,-0.16,50.02,50.05,50.13,49.92,50.41,48.66,5777042.0,286489674.0,14:42:37
sh603120,肯特催化,46.14,-1.06,-2.246,46.13,46.19,47.2,46.75,46.75,44.8,1137665.0,52125254.0,14:42:38
sh603121,华培动力,12.59,0.35,2.859,12.59,12.6,12.24,12.21,12.63,12.07,3025800.0,37379024.0,14:42:33
sh603122,合富中国,12.22,0.84,7.381,12.22,12.23,11.38,11.33,12.27,11.21,19788319.0,234174250.0,14:42:38
sh603123,翠微股份,9.94,0.01,0.101,9.94,9.95,9.93,9.68,10.22,9.43,65163285.0,645238228.0,14:42:37
sh603124,江南新材,127.43,1.21,0.959,127.43,127.55,126.22,125.1,129.07,118.26,4112368.0,509292299.0,14:42:36
sh603125,常青科技,22.81,-0.2,-0.869,22.8,22.82,23.01,22.77,22.99,22.12,3327900.0,75272132.0,14:42:35
sh603126,中材节能,6.11,0.14,2.345,6.1,6.11,5.97,5.95,6.11,5.94,6430301.0,38937594.0,14:42:38
sh603127,昭衍新药,48.41,2.02,4.354,48.41,48.42,46.39,46.0,48.88,45.2,34865282.0,1641754332.0,14:42:38
sh603128,华贸物流,5.54,0.14,2.593,5.54,5.55,5.4,5.43,5.58,5.41,18535880.0,102346851.0,14:42:36
sh603129,春风动力,306.34,-2.24,-0.726,306.34,306.4,308.58,305.53,310.64,303.51,880082.0,269983169.0,14:42:37
sh603130,云中马,41.62,0.41,0.995,41.62,41.63,41.21,41.23,41.78,40.63,867706.0,35817342.0,14:42:37
sh603131,上海沪工,14.5,0.34,2.401,14.5,14.51,14.16,14.03,14.57,13.82,4854500.0,69146839.0,14:42:37
sh603132,金徽股份,18.35,-0.4,-2.133,18.35,18.36,18.75,18.81,18.99,18.08,7234772.0,133569106.0,14:42:38
sh603135,中重科技,9.18,0.25,2.8,9.17,9.19,8.93,8.82,9.2,8.82,5646122.0,51036180.0,14:42:39
sh603136,天目湖,9.26,0.28,3.118,9.25,9.26,8.98,9.1,9.27,9.04,5071965.0,46663712.0,14:42:38
sh603137,恒尚节能,21.82,-0.15,-0.683,21.81,21.83,21.97,21.86,21.99,21.1,11874204.0,256815631.0,14:42:38
sh603138,海量数据,12.78,0.22,1.752,12.78,12.79,12.56,12.42,12.82,12.38,3211398.0,40648173.0,14:42:33
sh603139,康惠股份,34.34,0.42,1.238,34.33,34.34,33.92,33.5,34.53,33.23,1409900.0,47831177.0,14:42:37
sh603150,万朗磁塑,52.03,-0.85,-1.607,52.04,52.13,52.88,51.99,53.04,51.29,915900.0,47923947.0,14:42:37
sh603151,邦基科技,15.27,-0.48,-3.048,15.26,15.27,15.75,15.48,15.95,15.17,2942700.0,45436750.0,14:42:36
sh603153,上海建科,13.22,0.17,1.303,13.21,13.22,13.05,13.02,13.26,12.98,1182900.0,15586541.0,14:42:35
sh603155,新亚强,13.41,-0.41,-2.967,13.41,13.42,13.82,13.59,13.68,13.06,7929848.0,105667109.0,14:42:37
sh603156,养元饮品,42.96,-4.77,-9.994,0.0,42.96,47.73,44.0,45.0,42.96,21744867.0,938646142.0,14:42:36
sh603158,腾龙股份,10.6,0.59,5.894,10.59,10.6,10.01,9.9,10.65,9.84,20456054.0,210654969.0,14:42:38
sh603159,上海亚虹,22.27,0.28,1.273,22.26,22.3,21.99,21.75,22.46,21.22,1972200.0,43326454.0,14:42:33
sh603160,汇顶科技,48.17,0.88,1.861,48.15,48.17,47.29,47.0,48.34,46.59,3907148.0,186039251.0,14:42:37
sh603161,科华控股,16.0,0.0,0.0,16.0,16.01,16.0,15.69,16.07,15.69,2083060.0,33126945.0,14:42:29
sh603162,海通发展,12.02,-0.2,-1.637,12.02,12.03,12.22,12.13,12.64,11.97,29374095.0,358240645.0,14:42:39
sh603163,圣晖集成,79.68,-0.42,-0.524,79.68,79.72,80.1,78.38,80.39,75.72,1566020.0,122431325.0,14:42:37
sh603165,荣晟环保,13.75,0.26,1.927,13.75,13.76,13.49,13.51,13.8,13.42,4207052.0,57232802.0,14:42:39
sh603166,福达股份,10.96,-0.04,-0.364,10.95,10.96,11.0,11.06,11.08,10.74,7210318.0,78356550.0,14:42:37
sh603167,渤海轮渡,8.76,-0.01,-0.114,8.75,8.76,8.77,8.77,8.81,8.75,2648895.0,23250358.0,14:42:35
sh603168,莎普爱思,5.76,0.22,3.971,5.76,5.77,5.54,5.5,5.79,5.48,7132200.0,40585127.0,14:42:39
sh603169,兰石重装,6.4,0.14,2.236,6.4,6.41,6.26,6.22,6.45,6.22,9082514.0,57555517.0,14:42:39
sh603170,宝立食品,12.45,0.12,0.973,12.44,12.45,12.33,12.27,12.48,12.27,1660900.0,20598289.0,14:42:37
sh603171,税友股份,41.14,-0.33,-0.796,41.13,41.14,41.47,41.2,41.46,40.58,4825800.0,197775003.0,14:42:38
sh603172,万丰股份,17.51,0.14,0.806,17.51,17.52,17.37,17.3,17.6,17.13,879100.0,15329655.0,14:42:39
sh603173,福斯达,31.27,0.38,1.23,31.27,31.32,30.89,30.99,31.35,30.59,480800.0,14913988.0,14:42:37
sh603175,超颖电子,88.73,-1.2,-1.334,88.65,88.72,89.93,88.27,90.38,86.78,1191383.0,105016978.0,14:42:39
sh603176,汇通集团,5.13,0.19,3.846,5.12,5.13,4.94,4.9,5.13,4.87,4352200.0,21997326.0,14:42:39
sh603177,德创环保,10.79,0.4,3.85,10.79,10.8,10.39,10.39,10.8,10.23,6132100.0,64716098.0,14:42:38
sh603178,圣龙股份,16.62,0.3,1.838,16.62,16.63,16.32,16.01,16.8,15.7,7140271.0,117415575.0,14:42:37
sh603179,新泉股份,37.59,-0.49,-1.287,37.57,37.59,38.08,37.62,38.1,36.55,16888720.0,631103878.0,14:42:38
sh603180,金牌家居,15.45,0.2,1.311,15.44,15.46,15.25,15.27,15.54,15.17,911500.0,14014465.0,14:42:37
sh603181,皇马科技,12.69,0.16,1.277,12.68,12.7,12.53,12.47,12.73,12.45,3098521.0,39106459.0,14:42:38
sh603182,嘉华股份,13.37,0.3,2.295,13.37,13.38,13.07,13.04,13.4,12.93,2071700.0,27482361.0,14:42:38
sh603183,建研院,4.72,0.06,1.288,4.72,4.73,4.66,4.61,4.78,4.56,10247020.0,47892207.0,14:42:39
sh603185,弘元绿能,16.53,0.0,0.0,16.51,16.52,16.53,16.38,16.62,16.05,5712903.0,93652641.0,14:42:38
sh603186,华正新材,173.51,8.23,4.979,173.5,173.51,165.28,164.0,175.0,163.26,23639300.0,4012282799.0,14:42:37
sh603187,海容冷链,11.13,0.17,1.551,11.12,11.13,10.96,10.91,11.17,10.89,5005777.0,55362331.0,14:42:38
sh603188,亚邦股份,4.76,0.1,2.146,4.75,4.76,4.66,4.6,4.77,4.54,20093000.0,94589261.0,14:42:38
sh603189,*ST网达,9.02,0.13,1.462,8.99,9.01,8.89,8.81,9.05,8.77,1623800.0,14509684.0,14:42:39
sh603190,亚通精工,16.75,0.33,2.01,16.72,16.75,16.42,16.28,16.83,16.26,1516700.0,25219441.0,14:42:39
sh603191,望变电气,14.71,0.29,2.011,14.71,14.72,14.42,14.47,14.81,14.14,7670759.0,111088999.0,14:42:39
sh603192,汇得科技,20.18,0.48,2.437,20.17,20.18,19.7,19.66,20.29,19.5,1107000.0,22142735.0,14:42:38
sh603193,润本股份,21.35,0.67,3.24,21.34,21.35,20.68,20.54,21.55,20.38,4660904.0,98881374.0,14:42:37
sh603194,中力股份,34.2,0.69,2.059,34.19,34.23,33.51,33.3,34.25,33.3,833971.0,28229446.0,14:42:37
sh603195,公牛集团,40.2,0.36,0.904,40.2,40.21,39.84,39.8,40.3,39.76,1839985.0,73662295.0,14:42:39
sh603196,璞源材料,19.39,0.15,0.78,19.37,19.39,19.24,19.07,19.45,18.91,912500.0,17507716.0,14:42:38
sh603197,保隆科技,30.42,0.01,0.033,30.42,30.44,30.41,30.08,30.47,29.79,2146800.0,64715729.0,14:42:39
sh603198,迎驾贡酒,39.48,-0.31,-0.779,39.48,39.49,39.79,39.37,40.19,39.18,3806876.0,150419985.0,14:42:37
sh603199,九华旅游,34.2,0.33,0.974,34.19,34.2,33.87,33.95,34.68,33.8,2735100.0,93600305.0,14:42:38
sh603200,上海洗霸,38.64,-0.49,-1.252,38.63,38.64,39.13,41.0,42.98,38.34,18968734.0,758018158.0,14:42:37
sh603201,常润股份,14.97,0.32,2.184,14.96,14.97,14.65,14.65,15.0,14.52,2407300.0,35566019.0,14:42:37
sh603202,天有为,52.37,0.75,1.453,52.35,52.37,51.62,51.49,52.42,51.02,910795.0,47433834.0,14:42:39
sh603203,快克智能,42.74,-0.11,-0.257,42.73,42.76,42.85,42.16,43.5,40.8,5495060.0,231674062.0,14:42:39
sh603205,健尔康,22.31,0.48,2.199,22.3,22.31,21.83,21.6,22.38,21.43,1473661.0,32473872.0,14:42:36
sh603206,嘉环科技,13.78,0.21,1.548,13.78,13.79,13.57,13.46,13.82,13.41,2350194.0,32208761.0,14:42:39
sh603207,小方制药,23.43,0.65,2.853,23.43,23.44,22.78,22.6,23.46,22.36,2569456.0,59197533.0,14:42:39
sh603208,江山欧派,11.51,0.3,2.676,11.5,11.51,11.21,11.17,11.57,11.13,1335729.0,15196724.0,14:42:36
sh603209,兴通股份,14.37,-0.28,-1.911,14.37,14.38,14.65,14.56,14.69,14.28,7554141.0,108740795.0,14:42:38
sh603210,泰鸿万立,13.4,0.16,1.208,13.39,13.4,13.24,13.24,13.42,13.18,1583086.0,21102332.0,14:42:35
sh603211,晋拓股份,22.24,0.23,1.045,22.23,22.24,22.01,21.99,22.34,21.19,6490980.0,141159988.0,14:42:37
sh603212,赛伍技术,11.68,0.1,0.864,11.68,11.69,11.58,11.55,11.72,11.36,5790000.0,66905274.0,14:42:39
sh603213,镇洋发展,13.99,0.1,0.72,13.98,13.99,13.89,13.89,14.08,13.8,2178333.0,30468428.0,14:42:39
sh603214,爱婴室,13.8,0.06,0.437,13.8,13.81,13.74,13.33,13.86,13.31,3058600.0,41806501.0,14:42:34
sh603215,比依股份,14.49,0.31,2.186,14.48,14.49,14.18,14.11,14.52,14.09,1043900.0,15023066.0,14:42:37
sh603216,梦天家居,20.93,0.38,1.849,20.92,20.93,20.55,20.19,21.0,20.15,2238400.0,46089466.0,14:42:37
sh603217,元利科技,28.39,2.58,9.996,28.39,0.0,25.81,25.81,28.39,25.28,6415963.0,174303770.0,14:42:37
sh603218,日月股份,9.69,0.11,1.148,9.69,9.7,9.58,9.58,9.71,9.48,3547200.0,34213958.0,14:42:37
sh603219,富佳股份,14.05,0.45,3.309,14.04,14.06,13.6,13.5,14.39,13.4,3406100.0,47628233.0,14:42:34
sh603220,中贝通信,18.56,0.43,2.372,18.56,18.57,18.13,18.0,18.66,17.8,17023157.0,312333005.0,14:42:39
sh603221,爱丽家居,26.99,-0.66,-2.387,26.98,26.99,27.65,27.5,27.5,25.8,15782856.0,422060233.0,14:42:38
sh603222,济民健康,8.28,0.22,2.73,8.28,8.29,8.06,8.02,8.32,7.88,12543022.0,102641380.0,14:42:37
sh603223,恒通股份,10.18,-0.15,-1.452,10.18,10.19,10.33,10.33,10.33,10.03,5861556.0,59490227.0,14:42:39
sh603225,新凤鸣,19.0,-0.7,-3.553,18.99,19.0,19.7,19.71,19.83,18.7,17733601.0,337307309.0,14:42:39
sh603226,菲林格尔,36.14,-4.02,-10.01,0.0,36.14,40.16,38.64,38.64,36.14,4136891.0,151817027.0,14:42:37
sh603227,雪峰科技,7.64,-0.01,-0.131,7.64,7.65,7.65,7.61,7.73,7.56,4567962.0,34994106.0,14:42:34
sh603228,景旺电子,91.18,-0.46,-0.502,91.17,91.2,91.64,90.08,92.5,88.6,24320283.0,2206497830.0,14:42:39
sh603229,奥翔药业,8.16,0.22,2.771,8.15,8.16,7.94,7.9,8.17,7.78,7584049.0,60629904.0,14:42:39
sh603230,内蒙新华,9.22,0.06,0.655,9.22,9.23,9.16,9.11,9.25,9.11,1492099.0,13752750.0,14:42:39
sh603231,索宝蛋白,16.38,0.32,1.993,16.36,16.38,16.06,15.93,16.42,15.85,2602174.0,42112673.0,14:42:38
sh603232,格尔软件,14.98,0.36,2.462,14.97,14.98,14.62,14.45,15.03,14.39,4707516.0,69697473.0,14:42:39
sh603233,大参林,18.35,0.99,5.703,18.34,18.35,17.36,17.69,18.63,17.6,12483805.0,227557426.0,14:42:38
sh603235,天新药业,23.19,0.21,0.914,23.18,23.22,22.98,22.99,23.29,22.75,319900.0,7407321.0,14:42:34
sh603236,移远通信,56.67,-0.32,-0.562,56.66,56.67,56.99,56.48,57.26,55.93,7324124.0,414446400.0,14:42:38
sh603237,五芳斋,14.33,0.16,1.129,14.33,14.34,14.17,14.39,14.4,14.13,1010492.0,14470884.0,14:42:37
sh603238,诺邦股份,12.46,0.31,2.551,12.45,12.46,12.15,12.15,12.47,12.07,2050600.0,25288018.0,14:42:36
sh603239,浙江仙通,14.23,0.13,0.922,14.23,14.24,14.1,14.03,14.32,13.96,2311900.0,32682998.0,14:42:39
sh603248,锡华科技,18.4,0.34,1.883,18.4,18.41,18.06,18.07,18.47,18.0,1594235.0,29117478.0,14:42:37
sh603255,鼎际得,30.7,2.3,8.099,30.7,30.71,28.4,28.98,30.84,28.21,3529353.0,104987993.0,14:42:37
sh603256,宏和科技,133.36,-0.54,-0.403,133.36,133.38,133.9,130.53,135.9,127.46,10222979.0,1344210602.0,14:42:37
sh603257,中国瑞林,64.19,0.49,0.769,64.13,64.19,63.7,63.65,64.2,62.54,669099.0,42416529.0,14:42:39
sh603258,电魂网络,12.95,0.39,3.105,12.95,12.96,12.56,12.51,12.99,12.44,2190820.0,28103716.0,14:42:35
sh603259,药明康德,160.8,4.96,3.183,160.78,160.81,155.84,154.13,161.29,154.1,56246992.0,8906020446.0,14:42:34
sh603260,合盛硅业,33.39,-0.24,-0.714,33.38,33.4,33.63,33.4,33.49,32.81,8430817.0,279534673.0,14:42:34
sh603261,立航科技,50.3,0.4,0.802,50.29,50.32,49.9,49.5,50.39,47.64,1246700.0,61496243.0,14:42:34
sh603262,技源集团,18.32,-0.08,-0.435,18.31,18.32,18.4,18.21,18.5,18.1,2758565.0,50405867.0,14:42:36
sh603266,天龙股份,15.87,0.37,2.387,15.87,15.9,15.5,15.5,15.9,15.31,1509341.0,23611874.0,14:42:32
sh603267,鸿远电子,47.52,0.72,1.538,47.52,47.53,46.8,46.19,47.75,45.2,5320789.0,247902346.0,14:42:36
sh603268,松发股份,190.97,10.04,5.549,190.99,191.0,180.93,181.5,192.0,178.0,10518397.0,1969029979.0,14:42:34
sh603269,海鸥股份,18.49,0.26,1.426,18.47,18.49,18.23,18.0,18.65,17.52,20482832.0,371961589.0,14:42:35
sh603270,金帝股份,28.27,0.5,1.801,28.27,28.3,27.77,27.7,28.55,27.22,2587600.0,72303111.0,14:42:34
sh603271,永杰新材,42.92,0.15,0.351,42.92,42.94,42.77,42.53,43.08,42.13,1220919.0,52045013.0,14:42:35
sh603272,*ST联翔,14.19,0.53,3.88,14.19,14.2,13.66,13.54,14.44,13.43,3543200.0,49366742.0,14:42:36
sh603273,天元智能,14.73,0.32,2.221,14.73,14.75,14.41,14.34,14.78,14.29,2019207.0,29465686.0,14:42:34
sh603275,众辰科技,35.82,0.9,2.577,35.75,35.82,34.92,34.82,35.83,34.61,707600.0,24999453.0,14:42:19
sh603276,恒兴新材,15.73,-0.15,-0.945,15.73,15.75,15.88,15.9,15.96,15.61,1686840.0,26622254.0,14:42:34
sh603277,银都股份,12.61,0.05,0.398,12.61,12.62,12.56,12.34,12.92,12.02,5631600.0,70529815.0,14:42:33
sh603278,大业股份,9.2,0.27,3.024,9.2,9.21,8.93,8.81,9.25,8.75,8317400.0,75251205.0,14:42:27
sh603279,景津装备,12.63,0.13,1.04,12.62,12.63,12.5,12.51,12.68,12.38,4359600.0,54964109.0,14:42:34
sh603280,南方路机,26.44,0.09,0.342,26.42,26.44,26.35,25.84,26.44,25.52,1788520.0,46523970.0,14:42:34
sh603281,江瀚新材,18.74,-0.14,-0.742,18.74,18.75,18.88,18.88,18.92,18.55,2663640.0,49969248.0,14:42:28
sh603282,亚光股份,15.79,0.35,2.267,15.74,15.78,15.44,15.44,15.81,15.26,1081700.0,16884966.0,14:42:32
sh603283,赛腾股份,47.06,-0.54,-1.134,47.05,47.06,47.6,47.08,48.38,44.8,22487439.0,1050389336.0,14:42:34
sh603284,林平发展,43.48,1.09,2.571,43.43,43.48,42.39,42.01,43.68,41.81,1649593.0,70986049.0,14:42:35
sh603285,键邦股份,34.71,0.41,1.195,34.71,34.72,34.3,33.85,35.3,33.0,4634580.0,158216426.0,14:42:33
sh603286,日盈电子,41.46,0.54,1.32,41.45,41.47,40.92,40.52,41.62,39.7,1583600.0,64409823.0,14:42:36
sh603288,海天味业,35.98,0.31,0.869,35.98,35.99,35.67,35.8,36.09,35.55,11787026.0,422773559.0,14:42:36
sh603289,泰瑞机器,9.03,0.29,3.318,9.02,9.03,8.74,8.68,9.07,8.61,3827100.0,34073799.0,14:42:33
sh603290,斯达半导,93.0,0.01,0.011,92.96,93.0,92.99,89.98,93.7,88.51,9304969.0,848124811.0,14:42:35
sh603291,联合水务,8.99,-0.07,-0.773,8.98,8.99,9.06,8.99,9.18,8.9,3938700.0,35619498.0,14:42:29
sh603293,埃泰克,35.38,0.6,1.725,35.37,35.38,34.78,34.42,35.44,34.41,868373.0,30403365.0,14:42:28
sh603296,华勤技术,75.0,-0.22,-0.292,75.0,75.03,75.22,74.67,75.96,73.51,14366628.0,1074205039.0,14:42:34
sh603297,永新光学,105.39,0.49,0.467,105.31,105.39,104.9,102.27,105.85,100.88,928075.0,96065868.0,14:42:31
sh603298,杭叉集团,26.03,0.23,0.891,26.03,26.06,25.8,25.55,26.12,25.45,3243754.0,83472184.0,14:42:35
sh603299,苏盐井神,8.72,-0.26,-2.895,8.71,8.72,8.98,8.88,8.89,8.64,13487213.0,117623041.0,14:42:34
sh603300,海南华铁,4.82,0.11,2.335,4.81,4.82,4.71,4.69,4.83,4.68,24544117.0,117092393.0,14:42:33
sh603301,振德医疗,82.16,-0.13,-0.158,82.15,82.25,82.29,82.2,83.07,80.95,1097100.0,90214681.0,14:42:35
sh603303,得邦照明,23.11,-0.36,-1.534,23.06,23.08,23.47,23.58,23.58,22.34,2725500.0,62166794.0,14:42:34
sh603305,旭升集团,11.28,0.2,1.805,11.27,11.28,11.08,11.0,11.32,10.97,11241084.0,125452806.0,14:42:35
sh603306,华懋科技,73.6,0.62,0.85,73.6,73.65,72.98,72.02,74.39,70.57,9550011.0,692674549.0,14:42:34
sh603307,扬州金泉,25.32,-1.18,-4.453,25.33,25.36,26.5,26.49,26.65,24.88,2283380.0,59064976.0,14:42:35
sh603308,应流股份,43.44,0.84,1.972,43.43,43.44,42.6,42.49,44.5,41.19,22708949.0,978718673.0,14:42:35
sh603309,维力医疗,11.43,0.13,1.15,11.43,11.44,11.3,11.3,11.45,11.18,3936360.0,44711254.0,14:42:30
sh603310,巍华新材,14.68,0.09,0.617,14.68,14.69,14.59,14.53,14.72,14.51,1016000.0,14868928.0,14:42:30
sh603311,金海高科,27.98,-0.35,-1.235,27.97,27.98,28.33,27.81,28.28,27.33,2417200.0,67556453.0,14:42:34
sh603312,西典新能,31.94,0.05,0.157,31.94,31.97,31.89,31.89,32.15,31.35,795200.0,25329245.0,14:42:30
sh603313,梦百合,6.11,0.06,0.992,6.11,6.12,6.05,5.98,6.14,5.98,12489751.0,76119109.0,14:42:30
sh603315,福鞍股份,11.71,0.25,2.182,11.7,11.71,11.46,11.3,11.72,11.3,3922000.0,45285678.0,14:42:33
sh603316,诚邦股份,13.92,0.2,1.458,13.92,13.93,13.72,13.5,14.0,13.2,6405100.0,87416450.0,14:42:35
sh603317,天味食品,13.47,0.04,0.298,13.47,13.48,13.43,13.42,13.77,13.33,9958860.0,134859394.0,14:42:34
sh603318,水发燃气,10.24,0.93,9.989,10.24,0.0,9.31,9.42,10.24,9.35,74325303.0,736515175.0,14:42:36
sh603319,美湖股份,26.27,0.82,3.222,26.27,26.3,25.45,25.12,26.36,24.47,9659317.0,246291531.0,14:42:34
sh603320,迪贝电气,17.86,0.77,4.506,17.86,17.87,17.09,16.68,18.61,16.66,7303078.0,127234879.0,14:42:34
sh603321,梅轮电梯,6.41,0.15,2.396,6.4,6.41,6.26,6.25,6.43,6.23,2806100.0,17821668.0,14:42:33
sh603322,超讯科技,25.44,0.43,1.719,25.44,25.46,25.01,25.4,25.57,24.53,2669425.0,67108112.0,14:42:35
sh603323,苏农银行,4.23,-0.02,-0.471,4.22,4.23,4.25,4.25,4.27,4.21,34952779.0,147902259.0,14:42:34
sh603324,盛剑科技,27.19,0.02,0.074,27.18,27.2,27.17,26.98,27.42,25.95,2730500.0,73005974.0,14:42:33
sh603325,博隆技术,53.88,0.61,1.145,53.81,53.88,53.27,53.0,54.15,52.83,347100.0,18581559.0,14:42:35
sh603326,我乐家居,7.18,0.19,2.718,7.17,7.18,6.99,6.95,7.19,6.93,3187400.0,22622384.0,14:42:33
sh603327,福蓉科技,9.61,0.03,0.313,9.61,9.62,9.58,9.5,9.68,9.38,31771395.0,303243891.0,14:42:35
sh603328,依顿电子,10.95,0.31,2.914,10.94,10.95,10.64,10.53,10.98,10.33,16878610.0,181155299.0,14:42:35
sh603329,上海雅仕,10.62,0.18,1.724,10.61,10.62,10.44,10.43,10.67,10.35,3454540.0,36426490.0,14:42:33
sh603330,天洋新材,11.08,0.11,1.003,11.06,11.07,10.97,10.94,11.46,10.35,106742701.0,1172734240.0,14:42:34
sh603331,百达精工,12.81,0.29,2.316,12.8,12.81,12.52,12.36,12.82,12.34,2238800.0,28204252.0,14:42:35
sh603332,苏州龙杰,11.58,0.09,0.783,11.57,11.58,11.49,11.39,11.61,11.38,3178600.0,36607191.0,14:42:35
sh603333,福华尚纬,9.73,0.22,2.313,9.72,9.73,9.51,9.34,9.93,9.25,37043776.0,355226666.0,14:42:34
sh603334,丰倍生物,31.83,0.61,1.954,31.82,31.83,31.22,31.06,32.12,31.0,1249658.0,39573355.0,14:42:25
sh603335,迪生力,6.71,0.09,1.36,6.7,6.71,6.62,6.64,6.75,6.47,9530507.0,63013233.0,14:42:35
sh603336,宏辉果蔬,9.0,-0.07,-0.772,9.0,9.01,9.07,8.91,9.25,8.84,14029665.0,126656059.0,14:42:34
sh603337,杰克科技,39.01,2.09,5.661,39.01,39.03,36.92,37.65,39.19,36.74,6683944.0,255382984.0,14:42:34
sh603338,浙江鼎力,58.28,3.62,6.623,58.28,58.29,54.66,55.2,58.37,54.66,7861993.0,451109014.0,14:42:33
sh603339,四方科技,14.34,0.53,3.838,14.34,14.35,13.81,13.72,14.42,13.58,8944126.0,126709043.0,14:42:34
sh603341,龙旗科技,36.91,0.73,2.018,36.91,36.94,36.18,35.94,37.36,35.69,5490155.0,200998052.0,14:42:36
sh603344,星德胜,23.16,1.0,4.513,23.14,23.16,22.16,22.21,23.45,22.02,2779900.0,63776788.0,14:42:35
sh603345,安井食品,77.21,-1.38,-1.756,77.2,77.21,78.59,78.54,78.54,75.59,10348175.0,796479201.0,14:42:34
sh603348,文灿股份,14.43,0.25,1.763,14.42,14.43,14.18,14.05,14.46,14.05,1742679.0,24976578.0,14:42:33
sh603350,安乃达,28.32,0.42,1.505,28.32,28.35,27.9,27.78,28.37,27.62,322400.0,9036445.0,14:42:33
sh603351,威尔药业,27.32,0.93,3.524,27.32,27.33,26.39,26.3,27.7,26.0,1709200.0,45988528.0,14:42:35
sh603352,至信股份,25.68,0.46,1.824,25.67,25.68,25.22,25.11,25.7,25.06,697300.0,17761939.0,14:42:30
sh603353,和顺石油,31.01,0.83,2.75,31.01,31.03,30.18,29.93,31.48,29.45,3292960.0,100469620.0,14:42:35
sh603355,莱克电气,28.9,0.95,3.399,28.87,28.9,27.95,27.94,29.21,27.48,2579064.0,74201701.0,14:42:33
sh603356,华菱精工,16.97,0.37,2.229,16.96,16.98,16.6,16.45,17.05,16.35,2641900.0,44227121.0,14:42:34
sh603357,设计总院,6.07,0.05,0.831,6.07,6.08,6.02,5.98,6.08,5.98,3185450.0,19249562.0,14:42:33
sh603358,华达科技,46.21,0.11,0.239,46.2,46.21,46.1,45.71,46.5,44.82,4858997.0,222062617.0,14:42:34
sh603359,*ST东珠,2.16,0.05,2.37,2.16,2.17,2.11,2.09,2.17,2.09,4692920.0,10038520.0,14:42:24
sh603360,百傲化学,13.77,1.25,9.984,13.77,0.0,12.52,12.41,13.77,12.4,11356876.0,153583168.0,14:42:27
sh603363,傲农生物,2.9,0.06,2.113,2.9,2.91,2.84,2.82,2.92,2.81,22072533.0,63603744.0,14:42:34
sh603365,水星家纺,17.99,0.63,3.629,17.99,18.01,17.36,17.3,18.08,17.29,2645594.0,47167693.0,14:42:33
sh603366,日出东方,7.41,0.09,1.23,7.41,7.42,7.32,7.2,7.51,7.16,34376603.0,253612589.0,14:42:34
sh603367,辰欣药业,14.73,1.12,8.229,14.73,14.74,13.61,13.91,14.79,13.85,19240330.0,276933845.0,14:42:33
sh603368,柳药集团,15.94,0.2,1.271,15.94,15.95,15.74,15.71,15.97,15.66,3460100.0,54878840.0,14:42:33
sh603369,今世缘,27.78,0.0,0.0,27.77,27.78,27.78,27.8,28.27,27.64,10301900.0,287514996.0,14:42:33
sh603370,华新精科,32.6,0.61,1.907,32.6,32.61,31.99,32.03,32.65,31.68,465622.0,15002223.0,14:42:32
sh603373,安邦护卫,40.23,1.3,3.339,40.23,40.24,38.93,38.55,40.3,38.04,1704212.0,66585009.0,14:42:30
sh603375,盛景微,37.41,0.1,0.268,37.41,37.42,37.31,36.56,37.69,36.11,1165071.0,43213492.0,14:42:29
sh603376,大明电子,26.87,0.5,1.896,26.87,26.88,26.37,26.03,27.08,24.75,3071453.0,79293629.0,14:42:34
sh603377,ST东时,2.9,0.02,0.694,2.9,2.91,2.88,2.87,2.96,2.86,3061168.0,8891335.0,14:42:33
sh603378,*ST亚士,6.71,0.5,8.052,6.7,6.71,6.21,6.07,6.83,6.07,17438165.0,115204808.0,14:42:32
sh603379,三美股份,59.42,-0.48,-0.801,59.38,59.42,59.9,58.0,60.65,57.01,8105445.0,477869937.0,14:42:32
sh603380,易德龙,34.02,0.03,0.088,34.02,34.03,33.99,33.99,34.32,33.0,3330501.0,111857757.0,14:42:33
sh603381,永臻股份,15.77,0.32,2.071,15.76,15.77,15.45,15.35,16.04,15.06,8373770.0,130655328.0,14:42:32
sh603382,海阳科技,19.05,0.74,4.042,19.04,19.05,18.31,18.13,19.38,18.13,6165991.0,116687203.0,14:42:32
sh603383,顶点软件,28.65,0.63,2.248,28.64,28.65,28.02,27.83,28.74,27.72,2544953.0,72033513.0,14:42:32
sh603385,惠达卫浴,5.63,0.17,3.114,5.63,5.64,5.46,5.4,5.65,5.4,2427700.0,13477727.0,14:42:31
sh603386,骏亚科技,13.84,0.29,2.14,13.84,13.85,13.55,13.53,13.87,13.21,4378000.0,59452704.0,14:42:35
sh603387,基蛋生物,9.33,0.15,1.634,9.33,9.34,9.18,9.13,9.35,9.09,7490060.0,69419016.0,14:42:33
sh603389,亚振家居,44.1,1.36,3.182,44.1,44.14,42.74,42.37,44.25,41.64,2771052.0,119668926.0,14:42:35
sh603390,通达电气,9.89,-0.05,-0.503,9.88,9.89,9.94,9.81,9.92,9.45,7178100.0,69774749.0,14:42:33
sh603391,力聚热能,68.79,1.22,1.806,68.8,68.98,67.57,66.81,69.18,66.72,2079300.0,141219860.0,14:42:33
sh603392,万泰生物,28.13,0.04,0.142,28.13,28.14,28.09,27.82,28.17,27.41,8187259.0,227365226.0,14:42:32
sh603393,新天然气,25.32,1.14,4.715,25.31,25.32,24.18,24.25,25.5,24.23,13096965.0,326840931.0,14:42:32
sh603395,红四方,28.55,2.6,10.019,28.55,0.0,25.95,25.77,28.55,25.76,13515458.0,374381126.0,14:42:34
sh603396,金辰股份,25.98,0.45,1.763,25.97,25.98,25.53,25.21,26.06,25.19,2301183.0,59074811.0,14:42:32
sh603398,*ST沐邦,10.17,0.42,4.308,10.17,10.18,9.75,9.43,10.18,9.35,7588947.0,74773534.0,14:42:34
sh603399,永杉锂业,14.57,-0.64,-4.208,14.56,14.57,15.21,14.98,15.2,14.4,53117662.0,780716714.0,14:42:35
sh603400,华之杰,44.07,-1.42,-3.122,44.07,44.08,45.49,45.0,45.0,42.46,3106185.0,135769215.0,14:42:34
sh603402,陕西旅游,63.91,1.75,2.815,63.91,63.93,62.16,62.22,65.45,62.17,2331158.0,149861241.0,14:42:32
sh603406,天富龙,29.3,0.67,2.34,29.29,29.3,28.63,28.63,29.65,28.31,3305900.0,96549379.0,14:42:34
sh603407,长裕集团,55.9,-1.19,-2.084,55.88,55.9,57.09,55.9,56.4,53.7,4623838.0,254746985.0,14:42:33
sh603408,建霖家居,11.43,0.66,6.128,11.42,11.43,10.77,10.67,11.53,10.67,8634090.0,96773748.0,14:42:34
sh603409,汇通控股,18.2,0.22,1.224,18.19,18.2,17.98,17.93,18.25,17.72,1577993.0,28536335.0,14:42:26
sh603416,信捷电气,44.84,1.15,2.632,44.8,44.84,43.69,43.26,44.93,43.0,1334600.0,58770752.0,14:42:34
sh603418,友升股份,43.6,0.35,0.809,43.58,43.6,43.25,43.55,43.6,43.16,524456.0,22756566.0,14:42:33
sh603421,鼎信通讯,5.97,0.15,2.577,5.97,5.98,5.82,5.82,5.98,5.73,5876020.0,34709939.0,14:42:31
sh603429,*ST集友,9.04,0.21,2.378,9.03,9.05,8.83,8.58,9.06,8.58,2971270.0,26471121.0,14:42:29
sh603435,嘉德利,49.19,0.62,1.277,49.15,49.19,48.57,48.42,49.67,46.7,1657587.0,79958239.0,14:42:26
sh603439,三力制药,12.34,0.22,1.815,12.33,12.34,12.12,12.25,12.61,11.88,13434976.0,165682490.0,14:42:34
sh603444,吉比特,385.0,4.18,1.098,385.0,385.03,380.82,379.65,386.48,377.3,941564.0,360553094.0,14:42:32
sh603456,九洲药业,16.51,0.8,5.092,16.5,16.51,15.71,15.51,16.71,15.51,33707513.0,542944333.0,14:42:35
sh603458,勘设股份,9.64,0.42,4.555,9.64,9.65,9.22,9.1,9.75,8.88,17220318.0,162350529.0,14:42:32
sh603459,红板科技,87.19,0.95,1.102,87.18,87.2,86.24,83.55,88.27,81.8,8983859.0,765334417.0,14:42:34
sh603466,风语筑,11.15,0.13,1.18,11.14,11.15,11.02,11.01,11.17,10.85,32016414.0,354035081.0,14:42:34
sh603468,津富士达,23.77,0.09,0.38,23.77,23.78,23.68,23.43,23.84,23.35,2294120.0,54271711.0,14:42:35
sh603477,巨星农牧,14.71,0.48,3.373,14.71,14.72,14.23,14.15,14.73,14.06,13830186.0,200940107.0,14:42:34
sh603486,科沃斯,56.15,1.1,1.998,56.14,56.15,55.05,53.92,57.14,53.63,12443041.0,690058250.0,14:42:33
sh603488,展鹏科技,8.3,0.22,2.723,8.3,8.31,8.08,8.03,8.33,7.94,5410915.0,44224651.0,14:42:34
sh603489,八方股份,28.3,0.29,1.035,28.3,28.31,28.01,27.99,28.35,27.55,1840200.0,51451140.0,14:42:33
sh603496,恒为科技,23.92,0.0,0.0,23.92,23.93,23.92,23.56,24.08,23.51,5288352.0,126135861.0,14:42:33
sh603499,翔港科技,11.82,0.1,0.853,11.81,11.82,11.72,11.64,11.97,11.47,3146780.0,36971543.0,14:42:30
sh603500,祥和实业,9.36,0.12,1.299,9.36,9.37,9.24,9.26,9.43,9.14,3259300.0,30302450.0,14:42:35
sh603501,豪威集团,85.79,3.29,3.988,85.79,85.8,82.5,80.9,85.98,80.1,21191170.0,1767298649.0,14:42:34
sh603505,金石资源,15.2,-0.14,-0.913,15.19,15.2,15.34,15.28,15.3,15.04,7347100.0,111543028.0,14:42:32
sh603506,南都物业,11.14,0.56,5.293,11.13,11.14,10.58,10.4,11.15,10.4,6574600.0,71354969.0,14:42:33
sh603507,振江股份,23.54,0.4,1.729,23.54,23.55,23.14,22.92,24.13,22.51,7278119.0,169948292.0,14:42:34
sh603508,思维列控,21.67,0.27,1.262,21.66,21.67,21.4,21.38,21.74,21.31,2253575.0,48462402.0,14:42:32
sh603511,爱慕股份,12.76,0.15,1.19,12.76,12.77,12.61,12.7,12.76,12.53,1044099.0,13205934.0,14:42:32
sh603515,欧普照明,16.66,0.09,0.543,16.64,16.66,16.57,16.4,16.67,16.4,731749.0,12141669.0,14:42:29
sh603516,淳中科技,99.14,3.26,3.4,99.13,99.14,95.88,94.86,99.68,93.28,5459427.0,529917730.0,14:42:33
sh603517,ST绝味,11.31,0.08,0.712,11.31,11.33,11.23,11.22,11.36,11.14,3192300.0,35952989.0,14:42:33
sh603518,锦泓集团,8.12,0.04,0.495,8.11,8.13,8.08,7.95,8.14,7.69,10581840.0,84189116.0,14:42:32
sh603519,立霸股份,17.34,0.52,3.092,17.33,17.34,16.82,16.0,17.38,15.8,14874260.0,250889526.0,14:42:32
sh603520,司太立,8.92,0.23,2.647,8.92,8.93,8.69,8.69,8.95,8.55,6638800.0,58489805.0,14:42:35
sh603527,众源新材,10.15,0.19,1.908,10.14,10.15,9.96,9.88,10.17,9.85,4983400.0,50015384.0,14:42:34
sh603528,多伦科技,6.34,0.18,2.922,6.34,6.35,6.16,6.11,6.37,6.1,8835271.0,55683963.0,14:42:33
sh603529,爱玛科技,21.35,-0.45,-2.064,21.34,21.35,21.8,21.42,21.87,21.1,8065111.0,172252468.0,14:42:33
sh603530,神马电力,46.92,0.2,0.428,46.91,46.95,46.72,46.3,47.18,45.53,2506340.0,116161735.0,14:42:33
sh603533,掌阅科技,20.91,0.68,3.361,20.9,20.91,20.23,20.23,20.94,19.94,11006500.0,225604314.0,14:42:32
sh603535,嘉诚国际,6.29,0.21,3.454,6.28,6.29,6.08,6.08,6.32,6.02,5540600.0,34627737.0,14:42:33
sh603536,惠发食品,9.52,0.02,0.211,9.52,9.53,9.5,9.42,9.59,9.38,5147600.0,48900213.0,14:42:26
sh603538,美诺华,27.04,0.64,2.424,27.03,27.04,26.4,25.65,27.9,25.6,45004131.0,1199392713.0,14:42:34
sh603551,奥普科技,9.31,0.08,0.867,9.31,9.32,9.23,9.14,9.35,9.03,4701200.0,43385307.0,14:42:29
sh603556,海兴电力,25.4,0.48,1.926,25.39,25.4,24.92,24.8,25.51,24.52,6286485.0,158256715.0,14:42:32
sh603557,*ST起步,3.41,-0.06,-1.729,3.4,3.42,3.47,3.43,3.45,3.33,6410900.0,21761156.0,14:42:25
sh603558,XD健盛集,11.81,-0.1,-0.84,11.8,11.82,11.91,11.88,11.97,11.72,3539200.0,41930257.0,14:42:33
sh603559,中通国脉,9.06,0.02,0.221,9.05,9.06,9.04,8.82,9.1,8.81,6966700.0,62751427.0,14:42:34
sh603565,中谷物流,12.55,-0.97,-7.175,12.54,12.55,13.52,13.7,13.7,12.38,74679442.0,958714806.0,14:42:35
sh603566,普莱柯,10.21,-0.01,-0.098,10.21,10.22,10.22,10.1,10.23,10.06,2664262.0,27032781.0,14:42:33
sh603567,珍宝岛,5.62,0.3,5.639,5.62,5.63,5.32,5.31,5.65,5.22,39795100.0,218112699.0,14:42:34
sh603568,伟明环保,14.69,0.04,0.273,14.68,14.69,14.65,14.7,14.91,14.57,5053823.0,74467731.0,14:42:33
sh603569,长久物流,5.99,0.13,2.218,5.98,5.99,5.86,5.84,5.99,5.84,3791300.0,22515329.0,14:42:33
sh603577,汇金通,10.32,0.12,1.176,10.31,10.32,10.2,10.13,10.45,10.04,4324000.0,44359735.0,14:42:24
sh603578,三星新材,13.42,0.15,1.13,13.41,13.42,13.27,13.24,13.5,12.83,5014690.0,66277816.0,14:42:33
sh603579,荣泰健康,18.22,0.67,3.818,18.21,18.23,17.55,17.38,18.23,17.3,2328700.0,41767904.0,14:42:34
sh603580,艾艾精工,74.8,2.0,2.747,74.8,74.81,72.8,74.62,78.88,70.03,12039587.0,894925539.0,14:42:32
sh603583,捷昌驱动,23.71,0.88,3.855,23.71,23.72,22.83,22.84,23.93,22.72,3627972.0,84921213.0,14:42:34
sh603585,苏利股份,10.21,0.23,2.305,10.21,10.22,9.98,9.9,10.25,9.9,3163180.0,31995670.0,14:42:30
sh603586,金麒麟,13.64,0.34,2.556,13.64,13.65,13.3,13.3,13.69,13.28,1492200.0,20167673.0,14:42:34
sh603587,地素时尚,11.81,0.24,2.074,11.8,11.82,11.57,11.52,11.83,11.52,1367500.0,16042115.0,14:42:33
sh603588,高能环境,13.71,0.23,1.706,13.71,13.72,13.48,13.41,14.06,13.36,58042821.0,796921507.0,14:42:32
sh603589,口子窖,19.17,0.23,1.214,19.17,19.18,18.94,19.1,19.2,18.99,2925831.0,55951042.0,14:42:31
sh603590,康辰药业,30.97,0.85,2.822,30.97,30.98,30.12,30.11,31.07,29.59,3400600.0,103587444.0,14:42:33
sh603595,ST东尼,26.62,0.63,2.424,26.61,26.62,25.99,25.99,26.96,25.33,2106900.0,55662636.0,14:42:34
sh603596,伯特利,25.75,0.0,0.0,25.75,25.76,25.75,25.5,25.83,25.1,9807529.0,250058705.0,14:42:34
sh603598,引力传媒,16.92,0.36,2.174,16.91,16.92,16.56,16.47,16.95,16.29,7057900.0,117521592.0,14:42:33
sh603599,广信股份,10.08,0.07,0.699,10.07,10.08,10.01,10.0,10.25,9.9,10995300.0,111099100.0,14:42:34
sh603600,永艺股份,9.68,0.13,1.361,9.68,9.69,9.55,9.47,9.72,9.47,3077200.0,29639916.0,14:42:27
sh603601,再升科技,9.01,0.29,3.326,9.01,9.02,8.72,8.67,9.05,8.52,42819540.0,378387870.0,14:42:32
sh603602,纵横通信,11.7,0.26,2.273,11.7,11.71,11.44,11.36,11.74,11.35,2809271.0,32471901.0,14:42:34
sh603605,珀莱雅,61.04,4.48,7.921,61.05,61.11,56.56,57.64,62.12,57.63,16484352.0,993067881.0,14:42:33
sh603606,东方电缆,34.77,0.62,1.816,34.77,34.78,34.15,34.64,34.95,34.4,11846881.0,411229349.0,14:42:32
sh603607,京华激光,21.44,0.01,0.047,21.43,21.44,21.43,21.26,21.56,20.98,2417900.0,51521013.0,14:42:33
sh603608,天创时尚,17.79,-0.21,-1.167,17.79,17.8,18.0,17.88,18.01,17.1,10650320.0,187605717.0,14:42:32
sh603609,禾丰股份,6.44,0.12,1.899,6.42,6.44,6.32,6.34,6.45,6.3,3143434.0,20161422.0,14:42:29
sh603610,麒盛科技,15.2,0.24,1.604,15.2,15.21,14.96,14.9,15.32,14.73,4768108.0,71747631.0,14:42:32
sh603611,诺力股份,17.17,0.23,1.358,17.17,17.19,16.94,16.8,17.24,16.75,1765100.0,30061001.0,14:42:33
sh603612,索通发展,16.85,0.24,1.445,16.84,16.85,16.61,16.64,16.93,16.46,7536600.0,126068255.0,14:42:33
sh603613,国联股份,18.12,0.21,1.173,18.12,18.13,17.91,17.81,18.15,17.76,5189632.0,93657976.0,14:42:34
sh603615,茶花股份,16.86,0.44,2.68,16.85,16.86,16.42,16.3,16.89,16.17,2440200.0,40336637.0,14:42:34
sh603616,韩建河山,5.56,0.15,2.773,5.55,5.56,5.41,5.37,5.58,5.31,7833700.0,42990199.0,14:42:32
sh603617,君禾股份,6.8,0.13,1.949,6.8,6.81,6.67,6.65,6.82,6.63,4055200.0,27371701.0,14:42:33
sh603618,杭电股份,29.02,1.22,4.388,29.01,29.02,27.8,27.02,29.98,26.22,78246634.0,2228557766.0,14:42:33
sh603619,中曼石油,23.0,-0.57,-2.418,22.99,23.0,23.57,23.37,23.77,22.89,29147824.0,680353655.0,14:42:34
sh603626,科森科技,20.07,0.59,3.029,20.07,20.08,19.48,19.3,20.26,18.33,75211813.0,1451725906.0,14:42:33
sh603628,清源股份,9.73,0.18,1.885,9.73,9.74,9.55,9.65,9.75,9.5,2309404.0,22321476.0,14:42:33
sh603629,利通电子,119.46,-2.32,-1.905,119.46,119.5,121.78,117.1,122.32,115.66,25234865.0,3009074381.0,14:42:35
sh603630,拉芳家化,13.95,-0.09,-0.641,13.95,13.96,14.04,14.04,14.23,13.58,6639800.0,92314322.0,14:42:33
sh603633,徕木股份,6.52,0.22,3.492,6.52,6.53,6.3,6.3,6.55,6.23,5806783.0,37369561.0,14:42:31
sh603636,南威软件,6.96,0.18,2.655,6.96,6.97,6.78,6.77,7.01,6.68,6600300.0,45444032.0,14:42:32
sh603637,镇海股份,14.03,1.28,10.039,14.03,0.0,12.75,12.55,14.03,12.55,11818569.0,161039577.0,14:42:34
sh603638,艾迪精密,18.93,0.31,1.665,18.93,18.95,18.62,18.5,18.97,18.46,5782632.0,108216220.0,14:42:33
sh603639,海利尔,10.73,0.09,0.846,10.73,10.74,10.64,10.61,10.76,10.58,1353456.0,14512454.0,14:42:33
sh603648,畅联股份,9.45,0.04,0.425,9.44,9.46,9.41,9.41,9.48,9.34,1697300.0,16017144.0,14:42:32
sh603650,彤程新材,62.31,-1.64,-2.565,62.26,62.31,63.95,62.31,63.18,59.84,14491636.0,890923459.0,14:42:32
sh603655,朗博科技,32.9,1.79,5.754,32.89,32.9,31.11,31.24,33.04,30.59,1508699.0,47864675.0,14:42:34
sh603656,泰禾智能,17.37,0.21,1.224,17.36,17.37,17.16,17.16,17.38,17.04,962500.0,16624175.0,14:42:27
sh603657,春光科技,24.72,-0.45,-1.788,24.71,24.72,25.17,24.02,26.25,24.02,5398220.0,135357684.0,14:42:33
sh603658,安图生物,34.17,0.09,0.264,34.17,34.18,34.08,33.51,34.19,32.73,4234281.0,142744261.0,14:42:34
sh603659,璞泰来,23.73,-0.69,-2.826,23.72,23.73,24.42,24.29,24.47,23.39,24884393.0,591420928.0,14:42:33
sh603660,苏州科达,10.7,-0.25,-2.283,10.7,10.71,10.95,11.0,11.0,10.53,14750400.0,157656554.0,14:42:32
sh603661,恒林股份,32.84,0.03,0.091,32.84,32.86,32.81,32.65,32.97,32.3,1163000.0,38042536.0,14:42:33
sh603662,柯力传感,49.01,1.04,2.168,49.01,49.02,47.97,47.5,49.4,46.96,3525700.0,169933579.0,14:42:33
sh603663,三祥新材,41.26,-0.35,-0.841,41.25,41.26,41.61,41.31,42.5,39.82,20415160.0,835312612.0,14:42:33
sh603665,康隆达,20.69,0.16,0.779,20.69,20.72,20.53,20.4,20.9,20.0,2979700.0,61009075.0,14:42:34
sh603666,亿嘉和,26.12,-0.34,-1.285,26.13,26.15,26.46,26.28,26.4,25.07,3952100.0,102217353.0,14:42:33
sh603667,五洲新春,51.1,-0.25,-0.487,51.08,51.1,51.35,50.43,51.66,49.76,9465654.0,479187968.0,14:42:34
sh603668,天马科技,9.98,0.02,0.201,9.98,9.99,9.96,9.98,10.11,9.93,3821620.0,38249415.0,14:42:32
sh603669,灵康药业,5.63,0.24,4.453,5.63,5.64,5.39,5.31,5.72,5.31,25843917.0,143646916.0,14:42:35
sh603676,卫信康,9.38,0.24,2.626,9.36,9.37,9.14,9.11,9.39,9.01,1922150.0,17813922.0,14:42:33
sh603677,奇精机械,13.63,0.22,1.641,13.63,13.64,13.41,13.41,13.72,13.25,1265900.0,17187856.0,14:42:27
sh603678,火炬电子,45.65,-1.08,-2.311,45.63,45.65,46.73,46.57,46.63,44.01,14341095.0,650232108.0,14:42:34
sh603679,华体科技,22.41,-0.11,-0.488,22.39,22.41,22.52,22.66,22.66,21.7,5129100.0,113439055.0,14:42:34
sh603680,今创集团,10.38,0.2,1.965,10.37,10.38,10.18,10.08,10.44,10.05,3519100.0,36115578.0,14:42:30
sh603681,永冠新材,18.25,0.21,1.164,18.24,18.25,18.04,18.05,18.26,17.72,3772698.0,67919595.0,14:42:33
sh603682,锦和商管,11.64,0.37,3.283,11.64,11.65,11.27,11.16,11.69,11.02,13608900.0,154850037.0,14:42:33
sh603683,晶华新材,15.76,0.23,1.481,15.76,15.77,15.53,15.38,15.79,15.1,12438400.0,192083873.0,14:42:33
sh603685,晨丰科技,24.65,0.19,0.777,24.64,24.65,24.46,24.46,24.7,23.89,1136000.0,27514760.0,14:42:35
sh603686,福龙马,12.93,0.49,3.939,12.93,12.94,12.44,12.4,12.96,12.34,9901700.0,126422399.0,14:42:33
sh603687,大胜达,14.41,1.31,10.0,14.41,0.0,13.1,12.93,14.41,12.73,15612075.0,211831176.0,14:42:30
sh603688,石英股份,46.74,-0.56,-1.184,46.75,46.76,47.3,46.5,47.6,44.84,10425310.0,481737634.0,14:42:33
sh603689,皖天然气,7.59,0.05,0.663,7.59,7.6,7.54,7.5,7.61,7.5,2395400.0,18139653.0,14:42:34
sh603690,至纯科技,25.71,0.21,0.824,25.7,25.71,25.5,24.68,26.0,24.11,26736006.0,671232124.0,14:42:34
sh603693,江苏新能,11.23,0.04,0.357,11.23,11.24,11.19,11.19,11.29,11.11,3549570.0,39799392.0,14:42:34
sh603696,安记食品,13.28,0.51,3.994,13.27,13.28,12.77,12.75,13.33,12.66,11070480.0,144928502.0,14:42:36
sh603697,有友食品,9.54,0.36,3.922,9.53,9.54,9.18,9.2,9.56,9.18,4907398.0,46097456.0,14:42:36
sh603698,航天工程,21.59,0.39,1.84,21.58,21.59,21.2,21.21,21.69,20.74,9693244.0,206116510.0,14:42:35
sh603699,纽威股份,52.83,1.3,2.523,52.82,52.83,51.53,51.5,53.3,50.65,5033039.0,262490432.0,14:42:34
sh603700,宁水集团,11.78,0.44,3.88,11.76,11.78,11.34,11.34,11.79,11.29,4942100.0,57254073.0,14:42:34
sh603701,德宏股份,19.34,0.17,0.887,19.34,19.35,19.17,18.9,19.39,18.8,2233200.0,42712681.0,14:42:37
sh603703,盛洋科技,10.05,0.43,4.47,10.05,10.06,9.62,9.5,10.12,9.45,17345396.0,170230894.0,14:42:36
sh603706,东方环宇,19.25,-0.18,-0.926,19.24,19.25,19.43,19.33,19.57,19.19,911314.0,17614317.0,14:42:34
sh603707,健友股份,8.14,0.36,4.627,8.13,8.14,7.78,7.76,8.14,7.74,9824731.0,78174652.0,14:42:36
sh603708,家家悦,9.27,0.22,2.431,9.27,9.28,9.05,9.05,9.33,9.03,8264078.0,76261695.0,14:42:35
sh603709,中源家居,12.19,0.38,3.218,12.19,12.2,11.81,11.79,12.24,11.73,3331440.0,40129542.0,14:42:35
sh603711,香飘飘,11.58,0.15,1.312,11.57,11.58,11.43,11.45,11.66,11.28,4232400.0,48772267.0,14:42:36
sh603712,七一二,10.97,0.19,1.763,10.97,10.98,10.78,10.78,11.0,10.65,12269652.0,133152167.0,14:42:31
sh603713,密尔克卫,63.88,0.28,0.44,63.82,63.88,63.6,63.63,64.57,62.33,1525052.0,96984733.0,14:42:35
sh603716,塞力医疗,16.13,1.06,7.034,16.13,16.15,15.07,15.03,16.32,14.69,19579051.0,305798133.0,14:42:35
sh603717,天域生物,6.56,0.25,3.962,6.55,6.56,6.31,6.29,6.59,6.28,7825299.0,50313707.0,14:42:36
sh603718,*ST海利,3.01,0.08,2.73,3.0,3.01,2.93,2.9,3.01,2.9,4614950.0,13685726.0,14:42:28
sh603719,良品铺子,9.43,0.1,1.072,9.43,9.44,9.33,9.29,9.5,9.23,4408300.0,41406160.0,14:42:34
sh603721,中广天择,18.01,0.73,4.225,18.01,18.02,17.28,17.32,18.05,17.32,2928800.0,51831071.0,14:42:34
sh603722,阿科力,29.93,0.9,3.1,29.92,29.95,29.03,29.0,30.49,28.7,1388100.0,41080128.0,14:42:23
sh603725,天安新材,12.38,0.82,7.093,12.38,12.39,11.56,11.6,12.45,11.4,18583100.0,225618661.0,14:42:35
sh603726,朗迪集团,24.06,0.87,3.752,24.06,24.08,23.19,23.2,24.14,22.54,4812887.0,112538926.0,14:42:35
sh603727,博迈科,18.35,0.5,2.801,18.35,18.36,17.85,17.51,18.5,17.51,2632683.0,47851801.0,14:42:34
sh603728,鸣志电器,46.9,0.99,2.156,46.89,46.9,45.91,45.5,47.0,45.36,4135409.0,191562458.0,14:42:34
sh603729,ST龙韵,11.41,0.31,2.793,11.41,11.43,11.1,11.1,11.44,10.95,738351.0,8326492.0,14:42:29
sh603730,岱美股份,10.69,0.11,1.04,10.69,10.7,10.58,10.49,10.74,10.13,16723750.0,174787971.0,14:42:35
sh603733,仙鹤股份,20.8,-0.34,-1.608,20.78,20.8,21.14,21.08,21.25,20.72,5069800.0,105965407.0,14:42:34
sh603737,三棵树,25.11,0.04,0.16,25.11,25.12,25.07,25.0,25.3,24.7,7365429.0,184370326.0,14:42:36
sh603738,泰晶科技,37.76,1.83,5.093,37.74,37.78,35.93,34.78,38.21,34.54,36363427.0,1331108003.0,14:42:36
sh603739,蔚蓝生物,12.53,0.48,3.983,12.52,12.53,12.05,12.2,12.54,12.0,4916040.0,60732569.0,14:42:35
sh603755,日辰股份,23.64,0.58,2.515,23.63,23.65,23.06,23.06,23.7,23.02,780700.0,18263727.0,14:42:34
sh603757,大元泵业,66.12,2.62,4.126,66.12,66.13,63.5,61.08,67.36,61.08,16008831.0,1044612175.0,14:42:36
sh603758,秦安股份,11.96,0.94,8.53,11.94,11.96,11.02,10.91,12.12,10.91,37873028.0,440231136.0,14:42:34
sh603759,海天股份,7.55,0.14,1.889,7.55,7.56,7.41,7.4,7.56,7.37,2914739.0,21820059.0,14:42:37
sh603766,隆鑫通用,14.87,0.3,2.059,14.87,14.88,14.57,14.5,15.08,14.49,25797751.0,384220819.0,14:42:36
sh603767,中马传动,14.52,0.41,2.906,14.52,14.53,14.11,14.01,14.6,13.93,4333622.0,62243980.0,14:42:35
sh603768,常青股份,11.79,0.55,4.893,11.78,11.79,11.24,11.25,11.88,11.15,3759100.0,43568943.0,14:42:35
sh603773,沃格光电,95.71,1.13,1.195,95.69,95.72,94.58,90.07,96.59,88.81,15533641.0,1446292936.0,14:42:35
sh603776,永安行,20.43,-0.19,-0.921,20.42,20.43,20.62,20.28,20.55,20.18,1143809.0,23261029.0,14:42:35
sh603777,来伊份,13.49,0.27,2.042,13.48,13.49,13.22,13.09,13.61,12.88,3521905.0,46894811.0,14:42:36
sh603778,国晟科技,9.4,0.13,1.402,9.4,9.41,9.27,9.19,9.45,9.01,19567300.0,181576421.0,14:42:34
sh603779,威龙股份,7.99,0.09,1.139,7.98,7.99,7.9,7.87,8.02,7.71,13174400.0,104171039.0,14:42:36
sh603786,科博达,39.57,0.13,0.33,39.56,39.57,39.44,39.4,39.67,38.7,1380720.0,54238605.0,14:42:35
sh603787,新日股份,10.35,0.22,2.172,10.35,10.36,10.13,10.08,10.38,10.05,2790900.0,28703075.0,14:42:36
sh603788,宁波高发,14.02,0.18,1.301,14.02,14.03,13.84,13.77,14.03,13.75,849980.0,11852897.0,14:42:36
sh603789,ST星农,6.18,0.06,0.98,6.18,6.19,6.12,6.13,6.27,6.13,2199000.0,13640394.0,14:42:31
sh603790,雅运股份,24.17,-0.2,-0.821,24.17,24.19,24.37,24.26,24.27,23.76,2459600.0,59052005.0,14:42:35
sh603797,联泰环保,4.76,0.02,0.422,4.76,4.77,4.74,4.68,4.78,4.68,6398500.0,30355237.0,14:42:34
sh603798,康普顿,13.2,0.63,5.012,13.19,13.2,12.57,12.58,13.25,12.47,4205600.0,54517882.0,14:42:35
sh603799,华友钴业,39.16,-1.04,-2.587,39.16,39.17,40.2,39.9,40.0,38.67,48820687.0,1915115392.0,14:42:36
sh603800,洪田股份,66.06,0.64,0.978,66.06,66.07,65.42,64.7,67.4,62.87,3426280.0,223181666.0,14:42:34
sh603801,志邦家居,6.78,-0.17,-2.446,6.77,6.78,6.95,6.56,6.86,6.26,43594327.0,286210985.0,14:42:36
sh603803,瑞斯康达,11.24,0.11,0.988,11.23,11.24,11.13,10.87,11.3,10.87,35212936.0,391632173.0,14:42:36
sh603806,福斯特,15.38,0.17,1.118,15.37,15.38,15.21,15.15,15.43,14.93,20337544.0,310184664.0,14:42:35
sh603808,歌力思,8.61,0.16,1.893,8.6,8.61,8.45,8.45,8.64,8.42,3124600.0,26678006.0,14:42:36
sh603809,豪能股份,9.05,0.26,2.958,9.04,9.05,8.79,8.76,9.06,8.76,8377842.0,74734334.0,14:42:36
sh603810,丰山集团,12.4,0.24,1.974,12.39,12.4,12.16,12.17,12.46,12.07,1576200.0,19445539.0,14:42:36
sh603811,诚意药业,7.44,0.2,2.762,7.44,7.45,7.24,7.21,7.46,7.16,5139817.0,37733951.0,14:42:34
sh603813,原尚股份,28.84,0.36,1.264,28.84,28.99,28.48,25.85,30.5,25.85,619900.0,17643259.0,14:42:26
sh603815,交建股份,5.43,0.0,0.0,5.42,5.43,5.43,5.42,5.47,5.34,8544600.0,46343778.0,14:42:32
sh603816,顾家家居,25.11,0.33,1.332,25.09,25.1,24.78,24.82,25.25,24.8,5135680.0,128569058.0,14:42:35
sh603817,海峡环保,5.75,0.09,1.59,5.74,5.75,5.66,5.64,5.76,5.63,6968200.0,39777894.0,14:42:34
sh603818,曲美家居,3.72,-0.01,-0.268,3.72,3.73,3.73,3.68,3.76,3.68,11142300.0,41479644.0,14:42:36
sh603819,神力股份,13.76,0.15,1.102,13.76,13.77,13.61,13.45,13.8,13.4,3089600.0,42086854.0,14:42:25
sh603822,ST嘉澳,57.58,0.02,0.035,57.49,57.58,57.56,57.5,57.99,56.52,303600.0,17372533.0,14:42:35
sh603823,百合花,67.63,-2.35,-3.358,67.63,67.66,69.98,67.01,71.44,65.56,23887650.0,1617355329.0,14:42:35
sh603825,ST华扬,8.11,0.08,0.996,8.1,8.11,8.03,8.03,8.17,8.01,946300.0,7665224.0,14:42:34
sh603826,坤彩科技,15.83,-0.25,-1.555,15.82,15.83,16.08,16.09,16.15,15.6,6940260.0,109983394.0,14:42:36
sh603828,*ST利达,5.13,0.2,4.057,5.13,5.14,4.93,4.9,5.13,4.87,2928030.0,14716516.0,14:42:36
sh603829,洛凯股份,15.43,0.44,2.935,15.43,15.44,14.99,14.96,15.49,14.79,2983000.0,45411244.0,14:42:32
sh603833,欧派家居,32.47,0.66,2.075,32.48,32.5,31.81,31.8,32.69,31.63,2842798.0,91648151.0,14:42:35
sh603836,海程邦达,9.21,0.13,1.432,9.21,9.22,9.08,9.01,9.24,8.91,2259820.0,20648703.0,14:42:34
sh603838,*ST四通,11.8,-0.06,-0.506,11.77,11.8,11.86,11.87,11.99,11.38,4008200.0,46659353.0,14:42:31
sh603839,安正时尚,7.27,0.19,2.684,7.27,7.29,7.08,7.18,7.3,7.02,3728500.0,26801427.0,14:42:32
sh603843,*ST正平,7.3,0.29,4.137,7.29,7.3,7.01,7.06,7.35,7.01,10542560.0,75874328.0,14:42:34
sh603848,好太太,13.37,0.58,4.535,13.36,13.38,12.79,12.72,13.56,12.69,5028400.0,66379096.0,14:42:36
sh603855,华荣股份,16.01,0.06,0.376,16.0,16.01,15.95,15.98,16.05,15.84,754100.0,12036968.0,14:42:36
sh603856,东宏股份,11.37,-0.04,-0.351,11.37,11.38,11.41,11.38,11.4,11.25,3445130.0,39013371.0,14:42:33
sh603858,步长制药,15.32,0.14,0.922,15.31,15.32,15.18,15.1,15.33,15.1,3342240.0,50978939.0,14:42:36
sh603859,能科科技,37.74,0.54,1.452,37.74,37.75,37.2,36.7,37.77,36.43,3248868.0,120820099.0,14:42:36
sh603860,中公高科,26.73,0.63,2.414,26.69,26.73,26.1,25.93,26.77,25.93,858070.0,22729211.0,14:42:24
sh603861,白云电器,11.96,0.01,0.084,11.96,11.97,11.95,11.81,12.0,11.7,4657000.0,55413318.0,14:42:39
sh603863,松炀资源,12.85,0.4,3.213,12.84,12.85,12.45,12.43,13.03,12.26,5922700.0,75250923.0,14:42:39
sh603866,桃李面包,4.27,0.1,2.398,4.26,4.27,4.17,4.17,4.3,4.16,10888645.0,46374008.0,14:42:37
sh603867,新化股份,28.99,-0.35,-1.193,28.99,29.01,29.34,29.03,29.21,28.41,5933220.0,170702384.0,14:42:36
sh603868,飞科电器,30.26,0.38,1.272,30.26,30.3,29.88,29.87,30.36,29.84,594600.0,17972719.0,14:42:38
sh603869,ST智知,8.7,-0.04,-0.458,8.7,8.72,8.74,8.66,8.78,8.55,616132.0,5342701.0,14:42:31
sh603871,嘉友国际,12.84,0.16,1.262,12.84,12.85,12.68,12.65,12.92,12.62,7519194.0,96268753.0,14:42:38
sh603876,鼎胜新材,22.56,-0.66,-2.842,22.56,22.58,23.22,23.22,23.66,22.38,19891005.0,453430038.0,14:42:39
sh603877,太平鸟,12.6,0.09,0.719,12.59,12.6,12.51,12.48,12.76,12.41,1096700.0,13817044.0,14:42:39
sh603878,武进不锈,5.15,0.15,3.0,5.15,5.16,5.0,4.95,5.17,4.95,11630074.0,59284309.0,14:42:39
sh603879,永悦科技,5.6,0.09,1.633,5.59,5.6,5.51,5.5,5.62,5.4,6707630.0,37219009.0,14:42:40
sh603880,南卫股份,9.19,0.51,5.876,9.19,9.2,8.68,8.6,9.25,8.6,11230600.0,100001481.0,14:42:40
sh603881,数据港,25.19,-0.01,-0.04,25.19,25.2,25.2,24.51,25.44,24.07,33891695.0,838701671.0,14:42:39
sh603882,金域医学,29.31,-0.42,-1.413,29.31,29.32,29.73,29.59,29.81,28.91,11361660.0,333800973.0,14:42:40
sh603883,老百姓,13.21,0.2,1.537,13.2,13.22,13.01,13.01,13.26,12.92,9555882.0,125740086.0,14:42:40
sh603885,吉祥航空,10.53,0.11,1.056,10.53,10.54,10.42,10.44,10.55,10.39,6080600.0,63713330.0,14:42:38
sh603886,元祖股份,12.13,0.33,2.797,12.12,12.13,11.8,11.8,12.17,11.5,7694304.0,91626590.0,14:42:38
sh603887,城地香江,9.28,0.05,0.542,9.28,9.29,9.23,9.07,9.57,8.78,39127421.0,360179513.0,14:42:40
sh603888,新华网,16.21,0.42,2.66,16.21,16.22,15.79,15.79,16.25,15.77,5931333.0,95389814.0,14:42:40
sh603889,新澳股份,5.72,0.11,1.961,5.72,5.73,5.61,5.57,5.74,5.57,11208440.0,63593583.0,14:42:39
sh603890,春秋电子,18.14,-0.43,-2.316,18.14,18.15,18.57,17.85,18.63,17.59,28212831.0,511750720.0,14:42:39
sh603893,瑞芯微,175.05,0.45,0.258,175.05,175.06,174.6,171.23,176.5,170.88,6163341.0,1074766512.0,14:42:38
sh603895,天永智能,24.98,-0.11,-0.438,24.98,24.99,25.09,24.92,25.25,24.11,1178600.0,29166970.0,14:42:39
sh603896,寿仙谷,15.14,0.36,2.436,15.14,15.15,14.78,14.73,15.18,14.67,1840836.0,27765029.0,14:42:38
sh603897,长城科技,30.85,0.65,2.152,30.85,30.86,30.2,29.5,31.08,29.2,8946199.0,272423366.0,14:42:40
sh603898,好莱客,11.3,0.14,1.254,11.3,11.31,11.16,11.17,11.34,11.15,1652900.0,18632446.0,14:42:38
sh603899,晨光股份,22.6,0.14,0.623,22.59,22.6,22.46,22.46,22.77,22.31,2193400.0,49664733.0,14:42:38
sh603900,莱绅通灵,6.61,0.27,4.259,6.61,6.62,6.34,6.58,6.97,6.36,33915456.0,224247172.0,14:42:40
sh603901,永创智能,9.52,0.27,2.919,9.51,9.52,9.25,9.29,9.54,9.17,5701658.0,53536123.0,14:42:40
sh603903,中持股份,14.23,-0.16,-1.112,14.22,14.23,14.39,14.29,14.4,13.89,7456100.0,105381162.0,14:42:38
sh603906,龙蟠科技,19.26,-0.52,-2.629,19.26,19.27,19.78,19.69,19.8,18.93,16077625.0,309704221.0,14:42:39
sh603908,牧高笛,19.42,0.32,1.675,19.4,19.42,19.1,18.98,19.5,18.9,977340.0,18819160.0,14:42:38
sh603909,建发合诚,9.79,0.22,2.299,9.79,9.8,9.57,9.43,9.85,9.43,1516500.0,14685792.0,14:42:40
sh603912,佳力图,9.08,0.83,10.061,9.08,0.0,8.25,8.07,9.08,8.07,38959000.0,339779911.0,14:42:40
sh603915,国茂股份,13.2,0.26,2.009,13.19,13.21,12.94,12.86,13.23,12.84,3078500.0,40222238.0,14:42:35
sh603916,苏博特,11.54,0.08,0.698,11.53,11.54,11.46,11.38,11.61,11.28,6399500.0,73337101.0,14:42:39
sh603917,合力科技,12.68,0.49,4.02,12.67,12.68,12.19,12.19,12.7,12.08,2689700.0,33609604.0,14:42:39
sh603918,金桥信息,10.92,0.58,5.609,10.91,10.92,10.34,10.25,10.98,10.13,22337207.0,239876887.0,14:42:40
sh603919,金徽酒,16.46,0.35,2.173,16.45,16.46,16.11,16.13,16.77,16.09,6565000.0,108166212.0,14:42:39
sh603920,世运电路,37.14,-0.01,-0.027,37.14,37.15,37.15,36.17,37.55,35.84,14728633.0,541145279.0,14:42:38
sh603922,ST金鸿顺,13.88,-0.08,-0.573,13.85,13.88,13.96,13.96,14.05,13.7,917700.0,12757631.0,14:42:37
sh603926,铁流股份,16.05,0.31,1.97,16.03,16.05,15.74,15.95,16.2,15.44,5053840.0,80127997.0,14:42:40
sh603927,中科软,13.45,0.31,2.359,13.44,13.45,13.14,13.1,13.46,13.1,8550300.0,114212951.0,14:42:40
sh603928,兴业股份,12.28,-0.18,-1.445,12.27,12.28,12.46,12.23,12.31,11.85,8966360.0,108389629.0,14:42:39
sh603929,亚翔集成,161.05,-4.77,-2.877,161.04,161.05,165.82,160.39,164.33,156.64,5224900.0,836425114.0,14:42:38
sh603931,格林达,35.15,0.2,0.572,35.14,35.15,34.95,34.3,35.47,33.38,3827900.0,132170688.0,14:42:40
sh603933,睿能科技,19.13,0.35,1.864,19.12,19.13,18.78,18.53,19.21,18.34,3271340.0,61492460.0,14:42:40
sh603936,博敏电子,17.22,0.01,0.058,17.21,17.22,17.21,16.57,17.44,16.56,40514503.0,688449750.0,14:42:38
sh603937,丽岛新材,11.93,0.22,1.879,11.93,11.94,11.71,11.63,11.96,11.53,3779800.0,44477853.0,14:42:38
sh603938,三孚股份,41.58,0.17,0.411,41.58,41.59,41.41,40.37,42.33,39.1,12519000.0,509436187.0,14:42:39
sh603939,益丰药房,23.74,0.09,0.381,23.73,23.75,23.65,23.71,23.97,23.49,7133080.0,169322085.0,14:42:38
sh603948,建业股份,20.53,0.21,1.033,20.53,20.55,20.32,20.21,20.65,20.13,746000.0,15245031.0,14:42:35
sh603949,雪龙集团,14.16,0.42,3.057,14.16,14.18,13.74,13.8,14.19,13.62,2298600.0,32112223.0,14:42:36
sh603950,长源东谷,64.82,3.72,6.088,64.8,64.82,61.1,60.0,65.56,59.01,8667857.0,545571631.0,14:42:40
sh603955,大千生态,19.94,0.8,4.18,19.94,19.95,19.14,19.14,20.12,19.02,2323483.0,45491174.0,14:42:39
sh603956,威派格,6.14,0.11,1.824,6.13,6.14,6.03,5.97,6.15,5.92,16524699.0,100028220.0,14:42:38
sh603958,哈森股份,22.4,-0.21,-0.929,22.4,22.41,22.61,22.61,24.44,21.88,41866078.0,971959137.0,14:42:37
sh603959,ST百利,5.17,0.09,1.772,5.17,5.18,5.08,5.03,5.19,4.95,6801900.0,34518888.0,14:42:39
sh603960,克来机电,15.96,0.36,2.308,15.95,15.96,15.6,15.49,16.03,15.41,2676022.0,42291376.0,14:42:39
sh603966,法兰泰克,7.99,0.28,3.632,7.99,8.0,7.71,7.71,8.16,7.66,8702886.0,69552886.0,14:42:34
sh603967,中创物流,11.83,0.54,4.783,11.81,11.83,11.29,11.31,11.9,11.28,6153600.0,72207078.0,14:42:40
sh603968,醋化股份,10.57,0.2,1.929,10.57,10.58,10.37,10.27,10.6,10.21,1718200.0,17981214.0,14:42:35
sh603969,银龙股份,7.39,0.29,4.085,7.39,7.4,7.1,7.06,7.59,7.05,31016288.0,228552214.0,14:42:40
sh603970,中农立华,10.76,0.16,1.509,10.75,10.76,10.6,10.53,10.86,10.53,2139208.0,23027163.0,14:42:39
sh603976,正川股份,28.13,0.37,1.333,28.11,28.12,27.76,27.5,28.45,27.13,3074700.0,85840208.0,14:42:38
sh603977,国泰集团,11.5,-0.26,-2.211,11.5,11.51,11.76,11.3,11.54,11.01,9243342.0,104797479.0,14:42:36
sh603978,深圳新星,19.06,0.2,1.06,19.06,19.07,18.86,18.95,19.16,18.33,4989401.0,93777916.0,14:42:40
sh603979,金诚信,73.45,-0.89,-1.197,73.41,73.46,74.34,74.25,75.12,72.21,6238690.0,459800998.0,14:42:38
sh603980,吉华集团,6.55,-0.17,-2.53,6.54,6.55,6.72,6.7,6.7,6.4,22187000.0,145149555.0,14:42:39
sh603982,泉峰汽车,6.22,0.17,2.81,6.21,6.22,6.05,6.04,6.23,6.0,2893226.0,17785169.0,14:42:39
sh603983,丸美生物,26.35,0.07,0.266,26.35,26.36,26.28,26.36,26.57,25.95,1938806.0,50930138.0,14:42:40
sh603985,恒润股份,16.4,0.14,0.861,16.4,16.41,16.26,16.07,16.5,15.76,6643958.0,107546012.0,14:42:38
sh603986,兆易创新,396.7,15.04,3.941,396.69,396.7,381.66,367.0,398.5,367.0,37284320.0,14406511011.0,14:42:40
sh603987,康德莱,7.54,0.08,1.072,7.54,7.55,7.46,7.38,7.56,7.38,4863700.0,36464415.0,14:42:38
sh603988,中电电机,20.12,-0.64,-3.083,20.12,20.13,20.76,20.67,21.1,19.67,8687700.0,176661659.0,14:42:38
sh603989,艾华集团,27.4,0.07,0.256,27.39,27.4,27.33,26.82,27.84,25.98,12178051.0,327740228.0,14:42:40
sh603990,麦迪科技,23.2,0.45,1.978,23.16,23.2,22.75,22.62,23.25,22.31,10836059.0,246915187.0,14:42:39
sh603991,领先股份,133.93,1.68,1.27,133.93,134.1,132.25,130.0,134.5,126.5,1543100.0,201361107.0,14:42:38
sh603992,松霖科技,21.44,0.31,1.467,21.43,21.44,21.13,21.19,21.48,20.87,2941143.0,62408705.0,14:42:40
sh603993,洛阳钼业,18.46,-0.53,-2.791,18.45,18.46,18.99,18.8,18.94,18.18,175237626.0,3236150186.0,14:42:37
sh603995,甬金股份,24.49,-0.27,-1.09,24.49,24.5,24.76,24.39,25.04,24.13,4584900.0,112000937.0,14:42:38
sh603997,继峰股份,11.45,0.06,0.527,11.45,11.46,11.39,11.38,11.5,11.25,10833521.0,123500566.0,14:42:38
sh603998,方盛制药,10.09,0.39,4.021,10.09,10.1,9.7,9.66,10.12,9.6,11316513.0,112456719.0,14:42:38
sh603999,读者传媒,5.71,0.19,3.442,5.7,5.71,5.52,5.51,5.71,5.49,6115780.0,34498150.0,14:42:37
sh605001,威奥股份,6.03,0.3,5.236,6.02,6.03,5.73,5.78,6.04,5.73,9684930.0,57292295.0,14:42:39
sh605003,众望布艺,22.5,0.59,2.693,22.5,22.53,21.91,21.66,22.58,21.66,1255600.0,27975885.0,14:42:37
sh605005,合兴股份,16.06,0.28,1.774,16.05,16.06,15.78,15.75,16.12,15.43,1726500.0,27248236.0,14:42:39
sh605006,山东玻纤,13.75,0.0,0.0,13.74,13.75,13.75,13.47,13.91,13.09,16119724.0,217697496.0,14:42:37
sh605007,五洲特纸,14.9,0.08,0.54,14.9,14.91,14.82,14.83,14.97,14.72,2815500.0,41820050.0,14:42:37
sh605008,长鸿高科,12.91,-0.3,-2.271,12.9,12.91,13.21,13.14,13.33,12.65,6638200.0,85391640.0,14:42:37
sh605009,豪悦护理,24.95,0.54,2.212,24.94,24.95,24.41,24.37,25.0,24.37,1834241.0,45369220.0,14:42:33
sh605011,杭州热电,16.62,0.13,0.788,16.62,16.63,16.49,16.59,16.68,16.38,2014800.0,33400781.0,14:42:37
sh605016,百龙创园,20.16,0.52,2.648,20.11,20.15,19.64,19.64,20.26,19.3,5531500.0,109618738.0,14:42:39
sh605018,长华集团,12.23,0.14,1.158,12.23,12.24,12.09,11.88,12.28,11.82,5947200.0,71866398.0,14:42:37
sh605020,永和股份,31.01,-0.31,-0.99,30.99,31.0,31.32,31.19,31.3,30.44,7933012.0,244614944.0,14:42:38
sh605028,世茂能源,24.32,0.22,0.913,24.3,24.32,24.1,24.2,24.38,23.79,513000.0,12378603.0,14:42:32
sh605033,美邦股份,19.26,0.01,0.052,19.26,19.27,19.25,18.9,19.47,18.82,3413395.0,65596576.0,14:42:39
sh605050,福然德,10.3,0.15,1.478,10.29,10.3,10.15,10.13,10.32,10.13,1170200.0,12002819.0,14:42:37
sh605055,迎丰股份,9.87,0.13,1.335,9.86,9.87,9.74,9.61,9.95,9.58,3459100.0,33841499.0,14:42:37
sh605056,咸亨国际,14.14,0.4,2.911,14.13,14.14,13.74,13.76,14.17,13.6,5084600.0,70972281.0,14:42:36
sh605058,澳弘电子,26.96,0.46,1.736,26.94,26.96,26.5,26.59,27.05,25.55,2155800.0,57274878.0,14:42:38
sh605060,联德股份,42.66,0.47,1.114,42.66,42.67,42.19,41.74,43.3,40.79,3764280.0,159018298.0,14:42:37
sh605066,天正电气,7.23,0.0,0.0,7.23,7.24,7.23,7.21,7.25,7.1,6536427.0,46996799.0,14:42:37
sh605068,明新旭腾,17.64,0.72,4.255,17.64,17.65,16.92,16.85,17.76,16.76,4417000.0,76104053.0,14:42:38
sh605069,正和生态,10.87,0.43,4.119,10.88,10.89,10.44,10.37,10.94,10.36,4016860.0,42906162.0,14:42:39
sh605077,华康股份,10.99,0.21,1.948,10.99,11.0,10.78,10.71,11.02,10.68,2934142.0,31964341.0,14:42:39
sh605080,浙江自然,22.21,-0.49,-2.159,22.2,22.22,22.7,22.49,22.8,21.87,3371200.0,74718565.0,14:42:38
sh605086,龙高股份,25.69,0.61,2.432,25.69,25.7,25.08,24.75,25.76,24.61,1920499.0,48524263.0,14:42:37
sh605088,冠盛股份,20.31,-0.29,-1.408,20.3,20.31,20.6,20.0,20.4,19.6,4702800.0,94050708.0,14:42:39
sh605089,味知香,20.39,0.5,2.514,20.39,20.41,19.89,20.0,20.45,19.82,806011.0,16285141.0,14:42:39
sh605090,九丰能源,35.19,0.57,1.646,35.19,35.2,34.62,34.6,35.36,34.35,8017545.0,281208700.0,14:42:37
sh605098,行动教育,57.04,1.46,2.627,57.02,57.04,55.58,55.4,57.19,54.8,872540.0,49078889.0,14:42:39
sh605099,共创草坪,33.13,-0.9,-2.645,33.12,33.13,34.03,33.08,33.45,30.63,4038231.0,128821742.0,14:42:38
sh605100,华丰股份,33.81,0.05,0.148,33.81,33.89,33.76,33.97,35.1,33.38,4085078.0,140528804.0,14:42:38
sh605108,同庆楼,12.79,0.46,3.731,12.79,12.8,12.33,12.23,12.84,12.23,3249200.0,41137246.0,14:42:38
sh605111,新洁能,58.75,-0.75,-1.261,58.75,58.78,59.5,56.44,59.96,56.09,19530450.0,1133350084.0,14:42:39
sh605116,奥锐特,20.0,0.52,2.669,19.99,20.0,19.48,19.48,20.03,19.19,3331100.0,65736547.0,14:42:38
sh605117,德业股份,95.33,1.02,1.082,95.29,95.33,94.31,92.88,96.5,91.66,9632744.0,910571226.0,14:42:37
sh605118,力鼎光电,28.69,0.1,0.35,28.68,28.7,28.59,28.5,28.82,27.83,1592700.0,45174828.0,14:42:37
sh605122,四方新材,11.7,0.16,1.386,11.69,11.7,11.54,11.41,11.74,11.41,2422520.0,28191288.0,14:42:38
sh605123,派克新材,76.5,1.17,1.553,76.51,76.6,75.33,74.91,76.92,74.29,1168373.0,88413407.0,14:42:37
sh605128,上海沿浦,23.3,0.04,0.172,23.29,23.3,23.26,23.1,23.66,22.87,2424290.0,56315367.0,14:42:37
sh605133,嵘泰股份,27.91,-0.17,-0.605,27.91,27.92,28.08,27.8,28.45,27.5,4137000.0,115491559.0,14:42:38
sh605136,丽人丽妆,8.16,0.25,3.161,8.16,8.17,7.91,7.85,8.22,7.78,6281600.0,50711722.0,14:42:38
sh605138,盛泰集团,5.83,0.06,1.04,5.82,5.83,5.77,5.72,5.84,5.55,6642200.0,37789428.0,14:42:38
sh605151,西上海,19.49,0.31,1.616,19.49,19.5,19.18,19.0,19.54,19.0,1000014.0,19304127.0,14:42:38
sh605155,西大门,14.17,0.27,1.942,14.16,14.17,13.9,13.83,14.19,13.8,1215028.0,17040298.0,14:42:31
sh605158,华达新材,7.91,0.36,4.768,7.9,7.91,7.55,7.57,7.94,7.53,7203965.0,55784778.0,14:42:37
sh605162,新中港,8.94,0.02,0.224,8.94,8.95,8.92,8.71,9.39,8.71,24894947.0,223880839.0,14:42:38
sh605166,聚合顺,8.36,0.19,2.326,8.36,8.37,8.17,8.17,8.38,8.12,4038000.0,33371284.0,14:42:38
sh605167,利柏特,14.58,-0.29,-1.95,14.57,14.58,14.87,14.51,14.84,14.08,7100900.0,102482032.0,14:42:38
sh605168,三人行,47.2,-0.3,-0.632,47.19,47.2,47.5,47.5,48.31,46.05,5108437.0,240968444.0,14:42:36
sh605169,洪通燃气,11.28,0.49,4.541,11.28,11.29,10.79,10.73,11.38,10.71,5186116.0,57961376.0,14:42:39
sh605177,东亚药业,20.51,-0.13,-0.63,20.51,20.52,20.64,20.59,20.63,19.9,3577400.0,72770693.0,14:42:38
sh605178,时空科技,66.09,0.74,1.132,66.08,66.09,65.35,64.88,66.17,63.23,2437020.0,157992618.0,14:42:34
sh605179,一鸣食品,29.42,1.02,3.592,29.42,29.43,28.4,27.81,30.13,27.81,24392394.0,713337662.0,14:42:39
sh605180,华生科技,13.05,0.5,3.984,13.05,13.06,12.55,12.3,13.09,12.3,3499000.0,44801848.0,14:42:37
sh605183,确成股份,14.22,-0.2,-1.387,14.22,14.24,14.42,14.37,14.48,14.22,1362600.0,19520059.0,14:42:35
sh605186,健麾信息,25.88,0.28,1.094,25.88,25.9,25.6,25.72,26.0,25.09,1305900.0,33473025.0,14:42:37
sh605188,国光连锁,12.04,-0.14,-1.149,12.04,12.05,12.18,12.06,12.24,11.84,5243500.0,63005970.0,14:42:38
sh605189,富春染织,14.84,-0.19,-1.264,14.83,14.84,15.03,14.8,14.9,14.1,8945879.0,130763026.0,14:42:38
sh605196,华通线缆,33.51,-0.64,-1.874,33.5,33.51,34.15,34.2,34.2,32.75,10663617.0,354647743.0,14:42:37
sh605198,安德利,64.46,-0.33,-0.509,64.45,64.46,64.79,63.79,67.55,61.75,7019266.0,450262149.0,14:42:38
sh605199,ST葫芦娃,5.94,0.17,2.946,5.93,5.94,5.77,5.77,5.96,5.77,707000.0,4150284.0,14:42:37
sh605208,永茂泰,14.13,0.34,2.466,14.11,14.13,13.79,13.79,14.28,13.61,9381935.0,130840930.0,14:42:37
sh605218,伟时电子,14.69,0.42,2.943,14.69,14.7,14.27,14.19,14.78,14.16,1772412.0,25783726.0,14:42:38
sh605222,起帆电缆,20.06,0.75,3.884,20.05,20.06,19.31,19.31,20.35,19.24,7005500.0,139030018.0,14:42:38
sh605228,神通科技,10.51,0.23,2.237,10.5,10.51,10.28,10.23,10.53,10.15,3611942.0,37546399.0,14:42:37
sh605255,天普股份,67.07,0.79,1.192,67.07,67.09,66.28,66.18,67.48,66.01,335000.0,22409012.0,14:42:29
sh605258,协和电子,28.3,0.53,1.909,28.3,28.31,27.77,27.1,28.43,27.0,2413000.0,67710617.0,14:42:38
sh605259,绿田机械,17.57,0.24,1.385,17.55,17.58,17.33,17.32,17.67,17.24,527846.0,9252383.0,14:42:38
sh605266,健之佳,16.83,0.37,2.248,16.83,16.84,16.46,16.44,16.85,16.3,1204248.0,20085642.0,14:42:38
sh605268,王力安防,9.47,0.12,1.283,9.46,9.47,9.35,9.26,9.51,9.17,4281765.0,40335138.0,14:42:37
sh605277,新亚电子,15.2,0.69,4.755,15.2,15.21,14.51,14.51,15.3,14.4,6523483.0,97691980.0,14:42:38
sh605286,同力天启,26.84,-0.57,-2.08,26.83,26.84,27.41,26.86,27.29,25.55,10130534.0,265864509.0,14:42:38
sh605287,德才股份,38.88,0.21,0.543,38.88,38.89,38.67,38.5,39.2,38.1,2358125.0,91433484.0,14:42:37
sh605288,凯迪股份,56.2,-0.57,-1.004,56.12,56.2,56.77,56.1,56.56,54.5,1179676.0,65471675.0,14:42:39
sh605289,罗曼股份,106.95,0.15,0.14,106.81,106.96,106.8,105.03,108.0,102.7,2856320.0,301261365.0,14:42:37
sh605296,神农集团,32.08,1.3,4.224,32.08,32.11,30.78,30.79,32.31,30.7,3849310.0,122037541.0,14:42:39
sh605298,必得科技,47.82,0.78,1.658,47.81,47.82,47.04,47.04,47.9,46.21,674400.0,31818007.0,14:42:32
sh605299,舒华体育,12.85,0.37,2.965,12.84,12.85,12.48,12.5,12.88,12.33,8813183.0,111821493.0,14:42:33
sh605300,佳禾食品,9.8,0.25,2.618,9.79,9.8,9.55,9.51,9.82,9.51,1946100.0,18952815.0,14:42:32
sh605303,园林股份,22.85,2.08,10.014,22.85,0.0,20.77,21.28,22.85,20.8,3668600.0,83113257.0,14:42:30
sh605305,中际联合,37.65,1.4,3.862,37.64,37.65,36.25,36.3,37.65,36.1,2670040.0,98853878.0,14:42:28
sh605318,法狮龙,73.87,-1.27,-1.69,73.85,73.87,75.14,73.2,74.84,72.08,919000.0,67390469.0,14:42:31
sh605319,无锡振华,25.77,1.36,5.571,25.76,25.77,24.41,24.4,25.91,24.22,5602440.0,141766335.0,14:42:31
sh605333,沪光股份,17.24,0.08,0.466,17.23,17.24,17.16,16.87,17.28,16.58,4716800.0,79884155.0,14:42:33
sh605336,*ST帅电,10.81,0.05,0.465,10.79,10.81,10.76,10.66,10.85,10.66,643600.0,6929992.0,14:42:32
sh605337,李子园,9.36,0.21,2.295,9.35,9.36,9.15,9.1,9.38,9.1,2660160.0,24711016.0,14:42:32
sh605338,巴比食品,18.57,-0.23,-1.223,18.56,18.58,18.8,18.68,18.8,18.44,1796811.0,33441082.0,14:42:29
sh605339,南侨食品,14.03,0.2,1.446,14.0,14.03,13.83,13.71,14.08,13.71,1134500.0,15817813.0,14:42:28
sh605358,立昂微,43.23,-1.24,-2.788,43.21,43.23,44.47,43.01,43.89,41.52,38160399.0,1631431170.0,14:42:31
sh605365,立达信,14.34,-0.01,-0.07,14.33,14.34,14.35,14.08,14.4,14.0,7964100.0,112992207.0,14:42:31
sh605366,宏柏新材,7.76,0.02,0.258,7.76,7.77,7.74,7.74,7.82,7.47,13307512.0,101849556.0,14:42:31
sh605368,蓝天燃气,6.72,-0.01,-0.149,6.72,6.74,6.73,6.74,6.78,6.71,3219803.0,21727369.0,14:42:32
sh605369,拱东医疗,16.77,-0.2,-1.179,16.77,16.8,16.97,16.95,16.95,16.32,1501445.0,24970328.0,14:42:29
sh605376,博迁新材,147.81,0.27,0.183,147.78,147.81,147.54,144.92,150.3,138.88,8695467.0,1263468541.0,14:42:31
sh605377,华旺科技,8.84,-0.09,-1.008,8.84,8.85,8.93,8.93,9.28,8.72,12994491.0,116408565.0,14:42:33
sh605378,野马电池,14.37,0.28,1.987,14.37,14.38,14.09,13.96,14.42,13.92,1890929.0,26940239.0,14:42:28
sh605388,均瑶健康,6.12,0.23,3.905,6.11,6.12,5.89,5.87,6.14,5.84,7991820.0,48269385.0,14:42:32
sh605389,长龄液压,69.66,0.19,0.273,69.6,69.79,69.47,69.28,70.6,67.87,561080.0,38825748.0,14:42:31
sh605398,新炬网络,20.35,0.49,2.467,20.35,20.36,19.86,19.8,20.4,19.66,1055000.0,21211966.0,14:42:33
sh605399,晨光新材,10.74,0.03,0.28,10.72,10.74,10.71,10.63,10.79,10.5,2638090.0,28104609.0,14:42:29
sh605488,福莱新材,30.08,0.49,1.656,30.08,30.09,29.59,29.32,30.54,29.06,4882340.0,145738981.0,14:42:33
sh605499,东鹏饮料,123.45,2.46,2.033,123.45,123.46,120.99,121.0,124.5,120.33,6175047.0,761709513.0,14:42:32
sh605500,森林包装,7.14,0.22,3.179,7.14,7.15,6.92,6.87,7.16,6.87,4929700.0,34894019.0,14:42:33
sh605507,国邦医药,15.39,0.01,0.065,15.38,15.39,15.38,15.36,15.54,15.29,2658060.0,41015340.0,14:42:32
sh605555,德昌股份,12.04,-0.12,-0.987,12.03,12.04,12.16,11.91,12.25,11.91,5179964.0,62620554.0,14:42:34
sh605566,福莱蒽特,25.63,0.53,2.112,25.62,25.65,25.1,24.98,25.75,24.97,2015000.0,51082380.0,14:42:33
sh605567,春雪食品,9.27,0.25,2.772,9.26,9.28,9.02,9.02,9.28,8.92,1973308.0,18106143.0,14:42:33
sh605577,龙版传媒,9.97,0.27,2.784,9.96,9.97,9.7,9.61,10.12,9.61,6512524.0,64373420.0,14:42:32
sh605580,恒盛能源,17.42,0.07,0.403,17.42,17.43,17.35,17.2,17.58,16.92,2854200.0,49174705.0,14:42:33
sh605588,冠石科技,46.9,-0.31,-0.657,46.9,46.94,47.21,46.82,47.11,44.94,1036042.0,47763375.0,14:42:33
sh605589,圣泉集团,37.34,-0.18,-0.48,37.32,37.34,37.52,36.72,37.79,35.86,20338481.0,748516305.0,14:42:32
sh605598,上海港湾,26.93,1.04,4.017,26.92,26.93,25.89,25.8,26.99,25.42,3156102.0,83453400.0,14:42:33
sh605599,菜百股份,16.51,-0.59,-3.45,16.5,16.52,17.1,17.3,17.46,16.34,12956263.0,217265315.0,14:42:29
sh688001,华兴源创,51.33,0.05,0.098,51.26,51.33,51.28,50.64,52.18,48.64,5981839.0,302062333.0,14:42:33
sh688002,睿创微纳,158.51,0.11,0.069,158.5,158.51,158.4,156.1,159.08,153.41,8256963.0,1287471067.0,14:42:33
sh688003,天准科技,81.45,-1.29,-1.559,81.45,81.46,82.74,81.41,82.73,77.86,4480474.0,360911187.0,14:42:33
sh688004,博汇科技,21.62,0.42,1.981,21.6,21.62,21.2,21.35,21.73,20.95,1396143.0,29840893.0,14:42:30
sh688005,容百科技,26.11,-0.76,-2.828,26.11,26.13,26.87,26.74,26.97,25.88,9786938.0,257163469.0,14:42:33
sh688006,杭可科技,22.17,-0.27,-1.203,22.16,22.17,22.44,22.43,22.43,21.58,8264996.0,181597563.0,14:42:32
sh688007,光峰科技,10.39,0.45,4.527,10.38,10.39,9.94,9.96,10.42,9.88,5502948.0,56104253.0,14:42:28
sh688008,澜起科技,193.37,1.54,0.803,193.32,193.37,191.83,189.48,196.16,186.5,21661941.0,4147350837.0,14:42:32
sh688009,中国通号,4.97,0.0,0.0,4.96,4.97,4.97,4.96,4.98,4.89,26763949.0,132233245.0,14:42:33
sh688010,福光股份,26.32,0.3,1.153,26.31,26.32,26.02,25.57,26.45,24.89,2523813.0,64933603.0,14:42:31
sh688011,新光光电,77.87,0.07,0.09,77.62,77.87,77.8,77.72,78.49,74.16,1607925.0,122905844.0,14:42:31
sh688012,中微公司,353.8,-3.85,-1.076,353.62,353.8,357.65,356.34,359.36,341.64,13424172.0,4720136612.0,14:42:34
sh688013,天臣医疗,25.56,0.34,1.348,25.54,25.56,25.22,25.13,25.71,24.8,695043.0,17589973.0,14:42:34
sh688015,交控科技,15.85,0.36,2.324,15.84,15.86,15.49,15.41,15.89,15.33,1138617.0,17870375.0,14:42:33
sh688016,心脉医疗,91.61,1.23,1.361,91.47,91.62,90.38,90.4,91.74,89.8,930222.0,84584411.0,14:42:34
sh688017,绿的谐波,302.31,7.16,2.426,302.31,302.36,295.15,292.5,305.66,290.58,6032045.0,1800892777.0,14:42:31
sh688018,乐鑫科技,109.0,0.69,0.637,109.0,109.06,108.31,106.88,111.41,106.8,2463473.0,269424805.0,14:42:32
sh688019,安集科技,233.88,-8.44,-3.483,233.88,234.11,242.32,238.0,238.23,228.38,5479276.0,1279733575.0,14:42:33
sh688020,方邦股份,122.55,4.0,3.374,122.56,122.57,118.55,116.0,123.3,111.97,3470480.0,410796366.0,14:42:31
sh688021,奥福科技,21.22,0.82,4.02,21.19,21.22,20.4,20.36,21.38,20.08,2129980.0,44561283.0,14:42:31
sh688022,ST瀚川,8.58,0.05,0.586,8.58,8.59,8.53,8.58,8.64,8.44,1361792.0,11617563.0,14:42:14
sh688023,安恒信息,37.94,0.59,1.58,37.93,37.94,37.35,37.35,38.06,36.93,1346515.0,50692251.0,14:42:31
sh688025,杰普特,416.81,7.51,1.835,416.81,416.99,409.3,401.12,423.88,393.0,3853300.0,1576611888.0,14:42:32
sh688026,洁特生物,16.02,0.48,3.089,16.02,16.03,15.54,15.34,16.05,15.15,4267618.0,66688271.0,14:42:32
sh688027,国盾量子,374.78,5.68,1.539,374.74,375.25,369.1,364.43,377.58,361.0,1027803.0,380514324.0,14:42:33
sh688028,沃尔德,89.7,1.87,2.129,89.68,89.7,87.83,85.35,90.8,83.88,4341759.0,381597827.0,14:42:28
sh688029,南微医学,76.79,2.94,3.981,76.74,76.79,73.85,73.8,77.01,73.3,2712523.0,205566073.0,14:42:32
sh688030,山石网科,16.66,0.5,3.094,16.64,16.66,16.16,16.18,16.7,16.0,2135967.0,35117927.0,14:42:33
sh688031,星环科技,101.93,-0.26,-0.254,101.94,101.98,102.19,101.51,102.19,97.6,2688949.0,268962804.0,14:42:33
sh688032,禾迈股份,74.11,0.22,0.298,74.1,74.12,73.89,73.89,74.42,72.44,760456.0,56079464.0,14:42:32
sh688033,*ST天宜,6.09,0.01,0.164,6.08,6.09,6.08,6.11,6.12,6.01,2802655.0,17014240.0,14:42:32
sh688035,德邦科技,64.75,-0.35,-0.538,64.68,64.75,65.1,63.9,65.5,61.6,4335972.0,275699248.0,14:42:31
sh688036,传音控股,59.38,2.67,4.708,59.38,59.42,56.71,56.88,59.49,56.6,11808131.0,688267752.0,14:42:31
sh688037,芯源微,357.07,-9.88,-2.692,357.06,357.76,366.95,358.0,366.0,337.01,4997567.0,1746969585.0,14:42:32
sh688038,中科通达,18.04,0.17,0.951,18.03,18.04,17.87,17.9,18.23,17.58,1521772.0,27347460.0,14:42:29
sh688039,当虹科技,33.06,0.24,0.731,33.06,33.09,32.82,32.56,33.33,31.98,1401097.0,45682753.0,14:42:31
sh688041,海光信息,232.8,1.99,0.862,232.8,232.81,230.81,226.98,234.59,225.75,16856663.0,3898259633.0,14:42:34
sh688045,必易微,57.7,-0.3,-0.517,57.7,57.8,58.0,57.0,58.2,54.74,1564884.0,88544667.0,14:42:33
sh688046,药康生物,34.79,0.91,2.686,34.79,34.81,33.88,32.68,35.05,32.4,15794174.0,533151771.0,14:42:33
sh688047,龙芯中科,103.64,0.91,0.886,103.64,103.68,102.73,101.97,103.88,100.7,2434607.0,249304220.0,14:42:31
sh688048,长光华芯,289.63,-4.37,-1.486,289.81,289.98,294.0,287.52,296.15,279.0,6064000.0,1744675298.0,14:42:32
sh688049,炬芯科技,39.89,1.42,3.691,39.88,39.89,38.47,38.0,39.98,37.69,6116761.0,237952824.0,14:42:33
sh688050,爱博医疗,41.75,2.53,6.451,41.75,41.76,39.22,39.18,41.86,39.02,3667330.0,149196225.0,14:42:33
sh688051,佳华科技,24.87,0.63,2.599,24.85,24.87,24.24,23.98,24.95,23.62,751881.0,18397130.0,14:42:40
sh688052,纳芯微,235.73,3.73,1.608,235.73,236.18,232.0,229.14,237.36,224.73,2652229.0,615858231.0,14:42:39
sh688053,ST思科瑞,36.63,1.92,5.532,36.4,36.63,34.71,34.29,36.65,34.29,592151.0,20992814.0,14:42:40
sh688055,龙腾光电,3.71,0.0,0.0,3.71,3.72,3.71,3.7,3.72,3.58,10433006.0,38149445.0,14:42:40
sh688056,莱伯泰科,41.74,0.74,1.805,41.74,41.75,41.0,40.86,42.26,39.84,694000.0,28503478.0,14:42:40
sh688057,金达莱,18.24,0.68,3.872,18.23,18.24,17.56,17.23,18.43,17.23,4284925.0,76980545.0,14:42:41
sh688058,宝兰德,22.85,0.35,1.556,22.83,22.86,22.5,22.3,23.05,22.1,615837.0,13925291.0,14:42:40
sh688059,华锐精密,85.8,-1.17,-1.345,85.71,85.8,86.97,86.0,86.5,81.56,3917651.0,330932532.0,14:42:41
sh688060,云涌科技,35.29,1.17,3.429,35.29,35.33,34.12,33.96,35.6,33.33,363749.0,12630568.0,14:42:39
sh688061,灿瑞科技,37.97,2.01,5.59,37.92,37.97,35.96,35.04,38.84,34.55,2038866.0,75598176.0,14:42:40
sh688062,迈威生物,30.01,0.78,2.668,30.0,30.01,29.23,29.13,30.2,28.52,9201273.0,269417531.0,14:42:40
sh688063,派能科技,43.56,-0.22,-0.503,43.55,43.56,43.78,43.49,43.93,42.5,4560087.0,197263222.0,14:42:40
sh688065,凯赛生物,43.25,-0.75,-1.705,43.21,43.25,44.0,42.84,43.47,42.35,4500986.0,193338898.0,14:42:39
sh688066,*ST航图,8.17,0.21,2.638,8.16,8.17,7.96,7.94,8.2,7.79,4222902.0,33977013.0,14:42:35
sh688067,爱威科技,23.19,0.64,2.838,23.19,23.21,22.55,22.3,23.25,22.18,856751.0,19532848.0,14:42:40
sh688068,热景生物,99.03,-0.26,-0.262,99.04,99.23,99.29,98.05,99.9,94.5,2900031.0,281539550.0,14:42:40
sh688069,德林海,36.11,1.24,3.556,36.11,36.12,34.87,34.6,36.83,33.97,3733634.0,132737696.0,14:42:33
sh688070,纵横股份,33.96,0.75,2.258,33.96,33.99,33.21,33.5,34.25,32.62,1301453.0,43859837.0,14:42:39
sh688071,华依科技,32.74,0.59,1.835,32.75,32.85,32.15,32.02,34.15,31.4,2394298.0,78383863.0,14:42:38
sh688072,拓荆科技,657.49,-26.64,-3.894,656.74,657.41,684.13,677.57,677.97,633.35,5495468.0,3575751978.0,14:42:41
sh688073,毕得医药,65.01,-1.09,-1.649,65.0,65.01,66.1,64.55,65.8,62.01,4954978.0,316735840.0,14:42:37
sh688075,安旭生物,29.77,0.69,2.373,29.76,29.78,29.08,29.3,29.81,28.94,474913.0,13983959.0,14:42:41
sh688076,ST诺泰,27.96,0.82,3.021,27.92,27.96,27.14,27.21,28.12,27.01,2429273.0,67059121.0,14:42:41
sh688077,大地熊,29.41,0.9,3.157,29.38,29.4,28.51,28.23,29.67,28.02,3438222.0,99433825.0,14:42:39
sh688078,龙软科技,23.76,0.98,4.302,23.77,23.8,22.78,22.82,23.88,22.59,996538.0,23382678.0,14:42:41
sh688079,美迪凯,15.65,0.08,0.514,15.65,15.66,15.57,15.25,15.85,14.65,12332629.0,189089336.0,14:42:39
sh688080,映翰通,36.76,0.78,2.168,36.73,36.76,35.98,35.7,36.78,35.44,644941.0,23381863.0,14:42:33
sh688081,兴图新科,28.83,0.53,1.873,28.83,28.88,28.3,28.3,29.09,27.62,1082110.0,30814848.0,14:42:39
sh688082,盛美上海,292.0,-9.4,-3.119,292.0,292.24,301.4,295.22,298.99,283.31,4254661.0,1241024532.0,14:42:40
sh688083,中望软件,53.37,1.48,2.852,53.34,53.37,51.89,51.62,53.63,50.81,2256107.0,118151035.0,14:42:39
sh688084,晶品特装,42.7,-0.24,-0.559,42.66,42.75,42.94,41.05,42.96,39.58,1964450.0,80812048.0,14:42:36
sh688085,三友医疗,13.34,0.29,2.222,13.34,13.35,13.05,13.11,13.37,12.92,2024654.0,26722387.0,14:42:29
sh688087,英科再生,41.88,0.9,2.196,41.88,41.97,40.98,41.1,43.07,40.31,2907966.0,122702077.0,14:42:40
sh688088,虹软科技,29.31,-1.11,-3.649,29.32,29.33,30.42,29.7,29.88,28.4,8704604.0,252110950.0,14:42:39
sh688089,ST嘉必优,7.78,0.22,2.91,7.78,7.79,7.56,7.5,7.83,7.5,1814790.0,14046673.0,14:42:33
sh688090,瑞松科技,71.81,4.61,6.86,71.82,71.84,67.2,65.99,72.59,65.99,9398656.0,652990562.0,14:42:40
sh688091,上海谊众,36.85,-0.11,-0.298,36.86,36.88,36.96,36.88,37.26,36.13,3552362.0,130313436.0,14:42:41
sh688092,爱科科技,22.89,0.31,1.373,22.87,22.89,22.58,22.58,22.94,22.17,619722.0,14048060.0,14:42:24
sh688093,世华科技,21.62,-3.26,-13.103,21.6,21.61,24.88,21.98,21.98,20.03,8808212.0,183722719.0,14:42:41
sh688095,福昕软件,58.22,1.13,1.979,58.18,58.21,57.09,56.21,58.39,55.89,1878346.0,107615408.0,14:42:38
sh688096,京源环保,8.6,0.29,3.49,8.59,8.6,8.31,8.29,8.64,8.18,5482234.0,46403694.0,14:42:35
sh688097,博众精工,47.59,-0.78,-1.613,47.59,47.6,48.37,48.11,48.37,45.55,5941328.0,278858387.0,14:42:40
sh688098,申联生物,8.12,0.12,1.5,8.12,8.13,8.0,7.92,8.14,7.88,1975482.0,15896524.0,14:42:40
sh688099,晶晨股份,91.72,2.22,2.48,91.65,91.72,89.5,89.5,92.39,88.0,7534716.0,682388698.0,14:42:41
sh688100,威胜信息,25.93,0.71,2.815,25.93,25.95,25.22,25.02,26.07,25.02,3079500.0,78653705.0,14:42:39
sh688101,三达膜,14.67,0.16,1.103,14.67,14.68,14.51,14.38,14.69,14.3,2208713.0,32049133.0,14:42:40
sh688102,斯瑞新材,32.59,0.67,2.099,32.58,32.59,31.92,31.33,32.68,31.23,11992754.0,383692251.0,14:42:39
sh688103,国力电子,73.8,-0.33,-0.445,73.81,73.85,74.13,74.53,74.53,70.46,1902851.0,138153110.0,14:42:39
sh688105,诺唯赞,22.51,0.0,0.0,22.51,22.52,22.51,22.12,22.97,22.0,14476338.0,324908368.0,14:42:41
sh688106,金宏气体,26.98,-0.03,-0.111,26.98,26.99,27.01,26.8,27.13,26.01,12112535.0,322335320.0,14:42:39
sh688107,安路科技,30.27,0.27,0.9,30.26,30.3,30.0,29.76,30.4,29.2,5123257.0,152918367.0,14:42:36
sh688108,赛诺医疗,17.54,-0.09,-0.51,17.54,17.55,17.63,17.22,17.62,17.01,6574909.0,114004735.0,14:42:40
sh688109,品茗科技,71.13,-0.36,-0.504,71.1,71.19,71.49,71.26,72.41,69.2,491149.0,34596899.0,14:42:36
sh688110,东芯股份,114.3,-1.8,-1.55,114.26,114.3,116.1,112.81,114.93,110.1,16381781.0,1850016312.0,14:42:40
sh688111,金山办公,235.3,2.0,0.857,235.22,235.29,233.3,231.0,237.0,231.0,4292161.0,1006679833.0,14:42:39
sh688112,鼎阳科技,69.18,0.97,1.422,69.16,69.18,68.21,68.16,69.85,65.13,3306100.0,223939221.0,14:42:39
sh688113,联测科技,37.36,1.81,5.091,37.35,37.36,35.55,35.55,37.47,34.91,755206.0,27610579.0,14:42:38
sh688114,华大智造,69.29,-1.27,-1.8,69.27,69.29,70.56,69.21,71.9,67.17,14295535.0,995634098.0,14:42:39
sh688115,思林杰,64.02,-1.7,-2.587,64.02,64.03,65.72,64.67,66.0,62.15,2227895.0,141770890.0,14:42:41
sh688116,天奈科技,32.37,0.7,2.21,32.35,32.37,31.67,33.01,33.28,31.98,6928426.0,225428120.0,14:42:40
sh688117,圣诺生物,24.6,0.4,1.653,24.6,24.61,24.2,24.1,24.67,23.46,6231957.0,150211818.0,14:42:40
sh688118,普元信息,20.44,0.63,3.18,20.43,20.44,19.81,19.81,20.55,19.6,1833707.0,36800175.0,14:42:41
sh688119,中钢洛耐,3.97,0.14,3.655,3.97,3.98,3.83,3.85,3.98,3.82,9422396.0,36914195.0,14:42:39
sh688120,华海清科,263.3,-3.36,-1.26,262.88,263.29,266.66,264.07,268.18,254.07,8171844.0,2126757892.0,14:42:40
sh688121,*ST卓然,1.83,-0.04,-2.139,1.83,1.84,1.87,1.86,1.89,1.81,5307324.0,9727096.0,14:42:39
sh688122,西部超导,48.28,0.38,0.793,48.28,48.34,47.9,47.89,48.76,47.68,5512832.0,265415987.0,14:42:40
sh688123,聚辰股份,130.14,-2.27,-1.714,130.14,130.26,132.41,130.72,132.17,124.0,6555698.0,841446579.0,14:42:38
sh688125,安达智能,119.89,1.15,0.969,119.89,120.22,118.74,116.12,121.2,112.0,811856.0,95049920.0,14:42:39
sh688126,沪硅产业,24.19,-0.54,-2.184,24.2,24.22,24.73,24.0,24.52,23.02,57611915.0,1368348575.0,14:42:41
sh688127,蓝特光学,62.33,0.5,0.809,62.33,62.34,61.83,61.08,63.32,59.21,7302829.0,446117650.0,14:42:41
sh688128,中国电研,21.24,-0.33,-1.53,21.24,21.25,21.57,21.37,21.44,20.81,3171316.0,66875391.0,14:42:41
sh688129,东来技术,21.78,0.91,4.36,21.78,21.85,20.87,20.87,21.99,20.57,1340824.0,28726023.0,14:42:41
sh688130,晶华微,23.62,0.16,0.682,23.62,23.66,23.46,23.58,23.8,22.69,1664915.0,38854051.0,14:42:40
sh688131,皓元医药,98.17,6.51,7.102,98.17,98.19,91.66,91.38,98.89,90.6,6670693.0,636098391.0,14:42:40
sh688132,邦彦技术,13.53,0.33,2.5,13.52,13.54,13.2,13.2,13.58,13.07,827772.0,11047965.0,14:42:41
sh688133,泰坦科技,23.65,1.35,6.054,23.64,23.66,22.3,22.1,23.85,21.66,5265940.0,120285246.0,14:42:41
sh688135,利扬芯片,25.42,0.43,1.721,25.42,25.43,24.99,24.36,25.53,23.88,8622597.0,213500519.0,14:42:41
sh688136,科兴制药,22.98,-0.62,-2.627,22.98,23.0,23.6,23.6,24.34,21.81,21931185.0,496671755.0,14:42:39
sh688137,近岸蛋白,82.25,6.76,8.955,82.24,82.25,75.49,74.0,87.0,71.0,6973462.0,560310479.0,14:42:41
sh688138,清溢光电,33.88,-0.33,-0.965,33.87,33.88,34.21,33.5,34.25,31.99,6500350.0,215663903.0,14:42:39
sh688139,海尔生物,30.01,1.01,3.483,30.03,30.05,29.0,29.09,30.16,28.67,3889384.0,115598029.0,14:42:39
sh688141,杰华特,117.05,1.98,1.721,116.99,117.05,115.07,113.2,118.33,108.75,11908463.0,1357135075.0,14:42:41
sh688143,长盈通,167.39,17.17,11.43,167.39,167.5,150.22,141.4,171.24,141.2,20020246.0,3197955557.0,14:42:40
sh688146,中船特气,248.3,-1.78,-0.712,248.22,248.3,250.08,242.88,250.8,238.0,9943104.0,2429302310.0,14:42:42
sh688147,微导纳米,111.83,-5.47,-4.663,111.8,111.83,117.3,116.36,116.36,108.51,10033739.0,1116867574.0,14:42:41
sh688148,芳源股份,6.29,0.0,0.0,6.28,6.29,6.29,6.2,6.34,6.12,14363033.0,89269285.0,14:42:42
sh688150,莱特光电,37.9,-0.54,-1.405,37.89,37.9,38.44,37.99,38.2,36.37,5775602.0,215513656.0,14:42:42
sh688151,华强科技,16.03,0.4,2.559,16.02,16.03,15.63,15.74,16.22,15.54,2448283.0,38993486.0,14:42:40
sh688152,麒麟信安,31.49,-0.33,-1.037,31.49,31.5,31.82,31.28,31.72,30.6,3327758.0,103528859.0,14:42:42
sh688153,唯捷创芯,24.94,-0.27,-1.071,24.93,24.94,25.21,24.26,25.03,23.36,6151383.0,148850901.0,14:42:39
sh688155,先惠技术,59.77,-0.23,-0.383,59.76,59.77,60.0,59.29,60.04,57.82,2219008.0,130694712.0,14:42:42
sh688156,路德科技,19.73,0.49,2.547,19.73,19.74,19.24,19.12,19.82,18.98,2293994.0,44529680.0,14:42:39
sh688157,松井股份,19.52,0.24,1.245,19.5,19.52,19.28,19.15,19.6,18.8,1842109.0,35388218.0,14:42:42
sh688158,优刻得,29.88,-0.12,-0.4,29.86,29.88,30.0,29.3,30.03,28.8,13324106.0,392128879.0,14:42:41
sh688159,有方科技,32.56,0.86,2.713,32.55,32.59,31.7,31.55,32.96,30.66,2626253.0,84058436.0,14:42:39
sh688160,步科股份,99.58,5.25,5.566,99.58,99.77,94.33,94.0,100.53,91.51,1560490.0,150250509.0,14:42:40
sh688161,威高骨科,22.36,0.65,2.994,22.32,22.36,21.71,21.71,22.38,21.52,1149833.0,25350477.0,14:42:40
sh688162,巨一科技,24.31,1.43,6.25,24.31,24.35,22.88,23.24,24.43,23.2,2144493.0,51230565.0,14:42:40
sh688163,赛伦生物,34.28,-0.37,-1.068,34.27,34.28,34.65,34.1,34.85,33.3,996726.0,33985150.0,14:42:35
sh688165,埃夫特,16.55,0.58,3.632,16.55,16.57,15.97,15.83,16.65,15.73,5866465.0,95199474.0,14:42:42
sh688166,博瑞医药,34.88,0.33,0.955,34.87,34.88,34.55,34.31,35.04,33.78,10364445.0,357073769.0,14:42:42
sh688167,炬光科技,265.49,-6.81,-2.501,265.29,265.48,272.3,264.23,269.0,253.0,6463013.0,1688300942.0,14:42:40
sh688168,安博通,35.41,0.64,1.841,35.41,35.43,34.77,34.06,35.59,33.52,2593933.0,89751601.0,14:42:38
sh688169,石头科技,135.0,22.5,20.0,135.0,0.0,112.5,125.0,135.0,125.0,19309587.0,2545710460.0,14:42:41
sh688170,德龙激光,52.51,-0.21,-0.398,52.48,52.51,52.72,51.81,53.28,49.6,2888977.0,148785987.0,14:42:39
sh688171,纬德信息,27.78,1.42,5.387,27.77,27.78,26.36,26.1,28.12,25.89,1617576.0,43995157.0,14:42:40
sh688172,燕东微,52.15,-1.1,-2.066,52.12,52.15,53.25,53.0,53.3,49.28,10717368.0,551095342.0,14:42:41
sh688173,希荻微,13.73,-0.04,-0.29,13.72,13.73,13.77,13.5,13.8,13.15,8274059.0,112114521.0,14:42:41
sh688175,高凌信息,19.73,0.82,4.336,19.73,19.74,18.91,18.47,19.8,18.47,2215168.0,42738653.0,14:42:41
sh688176,亚虹医药,11.83,0.34,2.959,11.83,11.84,11.49,11.48,11.89,11.28,9314777.0,108533486.0,14:42:40
sh688177,百奥泰,20.12,0.15,0.751,20.11,20.13,19.97,19.97,20.23,19.57,2777866.0,55372119.0,14:42:42
sh688178,万德斯,27.28,-0.69,-2.467,27.26,27.27,27.97,27.36,28.1,26.4,1852594.0,50202274.0,14:42:32
sh688179,阿拉丁,20.22,-0.84,-3.989,20.21,20.22,21.06,20.85,20.95,19.62,13977516.0,280321273.0,14:42:40
sh688180,君实生物,35.23,0.38,1.09,35.2,35.22,34.85,34.54,35.32,34.08,15099582.0,524527576.0,14:42:40
sh688181,八亿时空,38.06,-0.01,-0.026,38.05,38.06,38.07,37.55,38.23,36.25,3491450.0,130193213.0,14:42:41
sh688182,灿勤科技,28.01,0.22,0.792,28.01,28.04,27.79,27.36,28.3,26.72,4667391.0,128622002.0,14:42:41
sh688183,生益电子,103.12,0.82,0.802,103.13,103.16,102.3,100.48,105.9,99.11,9690602.0,991160948.0,14:42:40
sh688184,ST帕瓦,10.97,0.04,0.366,10.97,10.99,10.93,10.88,11.01,10.83,623179.0,6812509.0,14:42:39
sh688185,康希诺,71.94,-3.56,-4.715,71.93,71.94,75.5,72.52,73.8,68.0,12146863.0,868461082.0,14:42:41
sh688186,广大特材,13.82,0.28,2.068,13.81,13.82,13.54,13.12,13.84,12.7,4954266.0,66330380.0,14:42:41
sh688187,时代电气,47.57,-0.05,-0.105,47.56,47.57,47.62,47.59,47.8,46.77,2894540.0,137046427.0,14:42:42
sh688188,柏楚电子,100.12,1.57,1.593,100.1,100.12,98.55,97.8,100.49,97.21,1673390.0,166664476.0,14:42:40
sh688189,ST南新,6.51,0.16,2.52,6.5,6.51,6.35,6.35,6.52,6.32,1880899.0,12084438.0,14:42:35
sh688190,云路股份,72.63,0.89,1.241,72.52,72.62,71.74,71.11,72.8,71.07,527044.0,37924323.0,14:42:40
sh688191,智洋创新,21.44,0.14,0.657,21.44,21.45,21.3,21.3,21.49,20.26,5288171.0,110885118.0,14:42:42
sh688192,迪哲医药,60.55,1.38,2.332,60.53,60.55,59.17,59.0,61.68,58.22,7265440.0,439061613.0,14:42:42
sh688193,仁度生物,48.15,1.57,3.371,48.15,48.26,46.58,46.55,48.27,46.03,294724.0,13945167.0,14:42:31
sh688195,腾景科技,166.76,-3.54,-2.079,166.77,166.87,170.3,162.5,169.58,161.0,7509262.0,1239657178.0,14:42:41
sh688196,卓越新能,35.81,1.65,4.83,35.8,35.81,34.16,34.16,35.95,33.7,2243696.0,78740406.0,14:42:38
sh688197,首药控股,35.78,-0.42,-1.16,35.75,35.78,36.2,34.86,36.8,34.86,1568457.0,55914731.0,14:42:42
sh688198,佰仁医疗,76.5,0.42,0.552,76.46,76.58,76.08,76.1,76.99,75.5,405636.0,30992863.0,14:42:40
sh688199,久日新材,23.03,0.15,0.656,23.03,23.04,22.88,22.88,23.13,22.14,2957853.0,67014407.0,14:42:38
sh688200,华峰测控,383.87,-22.12,-5.448,383.11,383.87,405.99,404.4,404.41,372.01,5545236.0,2116047877.0,14:42:40
sh688201,ST信安,7.2,0.19,2.71,7.2,7.21,7.01,7.0,7.23,6.96,1912716.0,13635569.0,14:42:30
sh688202,美迪西,103.8,9.1,9.609,103.8,103.88,94.7,93.89,105.88,93.0,10325833.0,1036691906.0,14:42:40
sh688203,海正生材,13.01,1.57,13.724,13.01,13.02,11.44,12.8,13.64,12.0,13939563.0,177660873.0,14:42:40
sh688205,德科立,153.35,-2.65,-1.699,153.32,153.34,156.0,151.0,155.86,149.6,6247585.0,950955608.0,14:42:41
sh688206,概伦电子,41.42,0.13,0.315,41.42,41.43,41.29,40.82,41.61,39.4,6739883.0,273619827.0,14:42:41
sh688207,格灵深瞳,17.92,0.2,1.129,17.9,17.92,17.72,17.58,18.07,17.18,7658308.0,135158351.0,14:42:38
sh688208,道通科技,25.43,0.86,3.5,25.43,25.45,24.57,24.57,25.7,24.56,8288395.0,209586913.0,14:42:39
sh688209,英集芯,22.55,0.25,1.121,22.55,22.56,22.3,21.95,22.66,21.2,8005786.0,175609789.0,14:42:41
sh688210,统联精密,31.07,-0.04,-0.129,31.06,31.07,31.11,30.12,31.45,29.72,4580047.0,140822028.0,14:42:40
sh688211,中科微至,31.21,0.5,1.628,31.21,31.22,30.71,30.45,31.29,30.42,414264.0,12773767.0,14:42:41
sh688212,澳华内镜,28.18,1.03,3.794,28.15,28.18,27.15,27.28,28.45,26.84,2830806.0,79243024.0,14:42:40
sh688213,思特威,99.2,2.42,2.501,99.2,99.27,96.78,96.5,100.15,95.23,5222838.0,513355801.0,14:42:40
sh688215,瑞晟智能,44.94,0.29,0.649,44.94,44.98,44.65,45.05,45.95,43.02,1033209.0,46183136.0,14:42:22
sh688216,气派科技,29.84,-0.05,-0.167,29.83,29.84,29.89,29.36,30.1,28.3,2693121.0,79036791.0,14:42:38
sh688217,睿昂基因,24.97,0.69,2.842,24.91,24.97,24.28,24.14,25.2,23.62,737990.0,18006570.0,14:42:37
sh688218,江苏北人,41.71,1.29,3.191,41.7,41.71,40.42,41.23,41.97,38.52,3368095.0,135920794.0,14:42:42
sh688219,会通股份,10.47,0.22,2.146,10.47,10.48,10.25,10.19,10.48,10.17,3876644.0,40239215.0,14:42:38
sh688220,翱捷科技,91.3,2.04,2.285,91.28,91.33,89.26,88.0,92.13,86.69,5375869.0,481693278.0,14:42:41
sh688221,前沿生物,19.38,0.22,1.148,19.37,19.38,19.16,18.96,19.51,18.45,11857346.0,224733524.0,14:42:40
sh688222,成都先导,34.96,0.28,0.807,34.95,34.96,34.68,34.34,35.53,33.63,17827238.0,617605331.0,14:42:41
sh688223,晶科能源,4.33,0.0,0.0,4.33,4.34,4.33,4.33,4.36,4.28,42482738.0,183614760.0,14:42:40
sh688225,亚信安全,12.06,0.29,2.464,12.05,12.06,11.77,11.85,12.1,11.66,3417302.0,40701596.0,14:42:38
sh688226,威腾电气,29.24,0.31,1.072,29.22,29.24,28.93,28.5,29.48,27.98,2810480.0,80703669.0,14:42:41
sh688227,品高股份,69.16,0.36,0.523,69.16,69.19,68.8,68.0,69.54,66.1,1666979.0,113441494.0,14:42:40
sh688228,开普云,81.4,-1.04,-1.262,81.4,81.47,82.44,82.28,83.68,79.05,2138441.0,173613928.0,14:42:37
sh688229,博睿数据,64.68,1.05,1.65,64.68,64.72,63.63,63.63,65.2,62.03,315868.0,20242935.0,14:42:40
sh688230,芯导科技,54.15,0.99,1.862,54.12,54.15,53.16,52.07,54.54,51.44,1018005.0,53962580.0,14:42:31
sh688231,隆达股份,31.06,2.2,7.623,31.05,31.09,28.86,28.64,31.42,28.0,5375995.0,160560598.0,14:42:34
sh688232,新点软件,18.13,0.22,1.228,18.12,18.13,17.91,17.88,18.24,17.75,1357461.0,24457160.0,14:42:28
sh688233,神工股份,107.88,-2.97,-2.679,107.85,107.86,110.85,106.66,109.6,103.0,6539706.0,698166044.0,14:42:34
sh688234,天岳先进,106.34,1.29,1.228,106.32,106.34,105.05,102.68,108.2,101.68,9650704.0,1015875710.0,14:42:34
sh688235,百济神州,275.36,-1.31,-0.473,275.35,275.44,276.67,274.58,279.87,272.01,3197536.0,883768713.0,14:42:36
sh688236,春立医疗,14.53,0.29,2.037,14.52,14.53,14.24,14.3,14.55,14.11,1554535.0,22358378.0,14:42:32
sh688237,超卓航科,55.18,0.07,0.127,55.12,55.17,55.11,55.0,55.73,54.11,885605.0,48651223.0,14:42:36
sh688238,和元生物,7.34,0.54,7.941,7.34,7.35,6.8,6.62,7.45,6.59,39544769.0,277714667.0,14:42:35
sh688239,航宇科技,50.76,4.46,9.633,50.76,50.78,46.3,47.48,50.98,44.6,19844633.0,957417356.0,14:42:35
sh688244,永信至诚,15.32,0.37,2.475,15.32,15.34,14.95,14.69,15.39,14.69,1896851.0,28743237.0,14:42:19
sh688246,嘉和美康,17.51,0.45,2.638,17.5,17.51,17.06,17.13,17.54,16.83,1344734.0,23167899.0,14:42:36
sh688247,宣泰医药,9.93,0.49,5.191,9.93,9.94,9.44,9.26,9.99,9.26,7384993.0,71113765.0,14:42:31
sh688248,南网科技,40.72,0.09,0.222,40.71,40.72,40.63,40.81,40.88,39.62,2317886.0,93354692.0,14:42:34
sh688249,晶合集成,37.47,-0.99,-2.574,37.46,37.47,38.46,37.5,37.96,35.98,20508807.0,761251953.0,14:42:36
sh688251,井松智能,21.33,0.65,3.143,21.33,21.35,20.68,20.66,21.45,20.36,1619691.0,33965299.0,14:42:34
sh688252,天德钰,19.58,0.22,1.136,19.58,19.6,19.36,19.2,19.66,18.94,3927076.0,76104646.0,14:42:36
sh688253,英诺特,54.94,-0.31,-0.561,54.94,54.99,55.25,54.76,55.5,53.85,1583978.0,86421133.0,14:42:28
sh688255,凯尔达,25.89,0.87,3.477,25.88,25.89,25.02,24.65,26.1,24.63,2631281.0,66911182.0,14:42:34
sh688256,寒武纪,1012.52,43.47,4.486,1012.31,1013.0,969.05,970.0,1029.24,953.0,11854626.0,11863448618.0,14:42:37
sh688257,新锐股份,54.29,-0.35,-0.641,54.29,54.3,54.64,53.75,55.26,51.68,12633848.0,675265247.0,14:42:36
sh688258,卓易信息,92.76,0.03,0.032,92.76,92.81,92.73,91.7,93.5,88.18,1979813.0,180488416.0,14:42:35
sh688259,创耀科技,29.7,-0.33,-1.099,29.7,29.73,30.03,29.01,29.75,28.21,1523296.0,44318010.0,14:42:35
sh688260,昀冢科技,101.6,-2.4,-2.308,101.61,101.73,104.0,100.0,103.72,93.59,5610816.0,553790389.0,14:42:36
sh688261,东微半导,69.91,-1.73,-2.415,69.9,69.92,71.64,68.5,70.65,67.01,4926343.0,338829601.0,14:42:35
sh688262,国芯科技,26.46,0.12,0.456,26.42,26.46,26.34,26.0,26.55,25.35,6105266.0,158846782.0,14:42:34
sh688265,南模生物,41.19,1.16,2.898,41.18,41.19,40.03,39.8,41.49,38.91,2392627.0,96405464.0,14:42:34
sh688266,泽璟制药,119.44,1.61,1.366,119.38,119.39,117.83,116.56,120.84,114.81,4341852.0,514056391.0,14:42:35
sh688267,中触媒,18.47,0.02,0.108,18.46,18.5,18.45,18.51,18.6,18.16,888400.0,16351370.0,14:42:32
sh688268,华特气体,142.46,-0.29,-0.203,142.25,142.46,142.75,139.5,144.4,134.51,4415203.0,615922506.0,14:42:35
sh688269,凯立新材,30.98,-0.29,-0.927,30.98,31.0,31.27,31.31,31.47,30.45,1104153.0,34112349.0,14:42:31
sh688270,ST臻镭,59.2,0.41,0.697,59.19,59.2,58.79,57.65,59.43,56.77,4277228.0,249681957.0,14:42:32
sh688271,联影医疗,106.86,1.46,1.385,106.8,106.86,105.4,105.98,106.92,105.3,2862204.0,304452859.0,14:42:34
sh688272,富吉瑞,28.57,0.69,2.475,28.56,28.6,27.88,27.5,28.73,27.16,1072948.0,30107393.0,14:42:36
sh688273,麦澜德,29.92,0.86,2.959,29.92,29.94,29.06,28.0,30.11,28.0,1144580.0,33570371.0,14:42:29
sh688275,万润新能,81.1,-6.15,-7.049,81.1,81.11,87.25,86.23,86.23,80.05,6045576.0,496808351.0,14:42:35
sh688276,百克生物,16.92,0.7,4.316,16.91,16.93,16.22,16.25,17.23,16.0,7905663.0,131727108.0,14:42:34
sh688277,天智航,15.68,0.56,3.704,15.67,15.69,15.12,15.12,15.75,14.89,5341458.0,82785270.0,14:42:37
sh688278,特宝生物,59.9,0.43,0.723,59.9,59.91,59.47,59.0,60.76,58.68,3205334.0,191467788.0,14:42:35
sh688279,峰岹科技,183.32,4.2,2.345,183.19,183.32,179.12,175.72,183.88,173.0,1982060.0,354214331.0,14:42:35
sh688280,精进电动,5.46,0.1,1.866,5.45,5.46,5.36,5.3,5.48,5.28,8007593.0,43151465.0,14:42:35
sh688281,华秦科技,45.27,0.77,1.73,45.23,45.27,44.5,44.51,45.45,43.6,2171125.0,96639245.0,14:42:34
sh688282,理工导航,55.59,0.41,0.743,55.59,55.65,55.18,55.43,56.32,53.68,601452.0,33241653.0,14:42:21
sh688283,坤恒顺维,28.26,0.54,1.948,28.27,28.29,27.72,27.31,28.47,27.05,967857.0,26872998.0,14:42:32
sh688285,高铁电气,7.69,0.15,1.989,7.68,7.69,7.54,7.52,7.7,7.45,1826806.0,13939630.0,14:42:33
sh688286,敏芯股份,46.27,-0.87,-1.846,46.27,46.36,47.14,45.91,46.8,43.5,5406901.0,244552787.0,14:42:34
sh688288,鸿泉技术,18.9,0.71,3.903,18.9,18.91,18.19,18.08,19.0,17.88,1000611.0,18528846.0,14:42:27
sh688289,圣湘生物,15.75,0.85,5.705,15.69,15.74,14.9,14.71,15.75,14.71,10416336.0,158012744.0,14:42:36
sh688290,景业智能,65.95,-0.33,-0.498,65.84,65.95,66.28,67.05,67.05,63.58,677660.0,44233289.0,14:42:27
sh688291,金橙子,42.25,0.02,0.047,42.23,42.25,42.23,41.98,42.49,40.5,1609213.0,67024234.0,14:42:35
sh688292,浩瀚深度,17.67,0.67,3.941,17.66,17.67,17.0,16.8,17.73,16.62,3208407.0,55600891.0,14:42:36
sh688293,奥浦迈,59.47,1.29,2.217,59.46,59.47,58.18,57.57,60.43,56.9,3925401.0,230061740.0,14:42:34
sh688295,中复神鹰,37.89,-0.43,-1.122,37.89,37.92,38.32,37.7,38.31,37.13,3018488.0,113679125.0,14:42:36
sh688296,和达科技,25.13,1.02,4.231,25.13,25.14,24.11,23.99,25.49,23.3,6007389.0,148158834.0,14:42:35
sh688297,中无人机,38.46,0.17,0.444,38.46,38.47,38.29,38.01,38.64,38.01,3089939.0,118618289.0,14:42:34
sh688298,东方生物,19.24,0.53,2.833,19.24,19.25,18.71,18.6,19.27,18.48,1424077.0,27020955.0,14:42:20
sh688299,长阳科技,12.95,0.22,1.728,12.94,12.95,12.73,12.61,13.0,12.54,3810872.0,48875624.0,14:42:36
sh688300,联瑞新材,145.61,6.47,4.65,145.6,145.61,139.14,135.1,146.04,130.22,13618322.0,1893172788.0,14:42:35
sh688301,奕瑞科技,96.84,-0.31,-0.319,96.84,96.85,97.15,95.6,98.1,94.61,3152329.0,304260913.0,14:42:36
sh688302,海创药业,35.11,0.45,1.298,35.11,35.13,34.66,34.7,35.16,33.6,1159691.0,40009839.0,14:42:32
sh688303,大全能源,17.6,-0.03,-0.17,17.6,17.62,17.63,17.73,17.75,17.52,4643005.0,81799366.0,14:42:36
sh688305,科德数控,61.63,-0.45,-0.725,61.61,61.63,62.08,61.47,62.45,60.5,2426885.0,149204847.0,14:42:32
sh688306,均普智能,8.67,0.19,2.241,8.67,8.68,8.48,8.44,8.68,8.4,5626373.0,48319840.0,14:42:35
sh688307,中润光学,48.85,0.75,1.559,48.85,48.87,48.1,48.1,49.48,45.9,4226209.0,201570117.0,14:42:34
sh688308,欧科亿,92.87,-1.23,-1.307,92.87,92.88,94.1,93.84,94.78,88.44,6053824.0,552654765.0,14:42:35
sh688309,恒誉科技,72.5,-0.5,-0.685,72.26,72.53,73.0,72.5,73.34,70.18,1210233.0,86898308.0,14:42:30
sh688310,迈得医疗,15.85,0.8,5.316,15.85,15.88,15.05,14.91,17.04,14.91,5795214.0,93306523.0,14:42:33
sh688311,盟升电子,22.87,0.71,3.204,22.85,22.87,22.16,22.1,23.0,21.73,3492423.0,78035746.0,14:42:31
sh688312,燕麦科技,48.23,-0.13,-0.269,48.24,48.28,48.36,47.48,49.3,46.0,4014048.0,191187850.0,14:42:34
sh688313,仕佳光子,152.22,-1.83,-1.188,152.2,152.21,154.05,149.0,154.78,146.68,15815186.0,2394725456.0,14:42:34
sh688314,康拓医疗,31.63,0.87,2.828,31.61,31.66,30.76,30.6,31.67,30.33,525457.0,16413158.0,14:42:34
sh688315,诺禾致源,16.11,-0.82,-4.843,16.11,16.12,16.93,17.01,17.01,15.76,16403572.0,263879568.0,14:42:34
sh688316,青云科技,46.9,0.75,1.625,46.9,46.92,46.15,45.99,47.07,44.8,1598835.0,73730601.0,14:42:31
sh688317,之江生物,17.42,0.25,1.456,17.41,17.43,17.17,17.06,17.44,16.77,1975994.0,33847530.0,14:42:31
sh688318,财富趋势,74.12,0.52,0.707,74.04,74.12,73.6,73.48,75.08,72.72,2730633.0,201836183.0,14:42:36
sh688319,欧林生物,28.13,0.31,1.114,28.11,28.13,27.82,27.58,28.45,27.04,4422640.0,122882866.0,14:42:34
sh688320,禾川科技,34.72,1.27,3.797,34.71,34.72,33.45,33.5,34.98,32.89,3057843.0,104880359.0,14:42:34
sh688321,微芯生物,25.92,0.03,0.116,25.91,25.92,25.89,25.78,26.09,25.25,10974588.0,281830385.0,14:42:35
sh688322,奥比中光,97.34,4.84,5.232,97.3,97.34,92.5,90.7,97.78,90.69,10652503.0,1005510062.0,14:42:34
sh688323,瑞华泰,27.22,0.27,1.002,27.21,27.22,26.95,26.66,28.04,25.32,13505919.0,357489920.0,14:42:36
sh688325,赛微微电,105.94,-0.06,-0.057,105.94,106.35,106.0,105.47,107.5,103.02,543368.0,57305147.0,14:42:36
sh688326,经纬恒润,64.64,1.94,3.094,64.64,64.68,62.7,62.32,64.76,61.8,1248641.0,79094708.0,14:42:35
sh688327,云从科技,9.85,0.2,2.073,9.85,9.86,9.65,9.6,9.94,9.46,16060334.0,155630468.0,14:42:36
sh688328,深科达,88.6,-0.5,-0.561,88.52,88.58,89.1,88.66,91.29,83.34,8639893.0,760865011.0,14:42:34
sh688329,艾隆科技,21.89,1.68,8.313,21.89,21.91,20.21,20.71,22.07,20.6,2794542.0,59936727.0,14:42:36
sh688330,宏力达,33.96,0.88,2.66,33.95,33.97,33.08,32.79,34.5,32.7,1333062.0,45065223.0,14:42:34
sh688331,荣昌生物,122.16,5.74,4.93,122.16,122.19,116.42,116.53,123.3,116.51,10892927.0,1311713271.0,14:42:36
sh688332,中科蓝讯,88.24,-0.62,-0.698,88.24,88.4,88.86,86.01,88.98,83.82,4542205.0,392983530.0,14:42:36
sh688333,铂力特,106.51,1.6,1.525,106.51,106.61,104.91,97.92,108.8,96.91,14239088.0,1460558274.0,14:42:34
sh688334,西高院,17.92,0.16,0.901,17.9,17.92,17.76,17.66,17.93,17.66,773685.0,13812240.0,14:42:34
sh688335,复洁科技,20.12,0.65,3.338,20.1,20.13,19.47,19.53,20.2,19.18,1732939.0,34304152.0,14:42:34
sh688336,三生国健,43.5,0.05,0.115,43.5,43.55,43.45,43.37,44.2,42.01,7322889.0,316489374.0,14:42:34
sh688337,普源精电,43.74,0.79,1.839,43.72,43.74,42.95,42.3,43.95,40.88,3324601.0,141612072.0,14:42:36
sh688338,赛科希德,31.34,0.68,2.218,31.34,31.36,30.66,31.0,31.63,30.29,1586226.0,49527766.0,14:42:31
sh688339,亿华通,17.07,0.46,2.769,17.05,17.07,16.61,16.61,17.11,16.41,2125158.0,35656092.0,14:42:34
sh688343,云天励飞,55.67,0.62,1.126,55.68,55.69,55.05,54.77,56.28,54.1,5303974.0,292972091.0,14:42:33
sh688345,博力威,51.53,-1.66,-3.121,51.53,51.55,53.19,52.1,52.68,50.11,1389292.0,70994347.0,14:42:34
sh688347,华虹宏力,227.01,-2.02,-0.882,227.0,227.07,229.03,224.57,229.11,219.17,11040029.0,2478006278.0,14:42:34
sh688348,昱能科技,32.06,0.38,1.199,32.05,32.06,31.68,31.87,32.18,31.11,972595.0,30847814.0,14:42:33
sh688349,三一重能,13.76,-0.08,-0.578,13.75,13.76,13.84,13.78,13.97,13.73,6214549.0,86074924.0,14:42:36
sh688350,富淼科技,29.3,-0.1,-0.34,29.31,29.35,29.4,29.11,29.64,28.51,977366.0,28465891.0,14:42:35
sh688351,微电生理,20.23,0.3,1.505,20.21,20.23,19.93,19.96,20.35,19.5,2419675.0,48605194.0,14:42:35
sh688352,颀中科技,17.55,-0.49,-2.716,17.55,17.56,18.04,17.8,17.98,16.8,19747217.0,344440824.0,14:42:36
sh688353,华盛锂电,88.74,-3.16,-3.439,88.7,88.74,91.9,90.5,91.51,86.35,5341925.0,471794674.0,14:42:34
sh688355,明志科技,17.64,0.25,1.438,17.63,17.65,17.39,17.12,17.7,16.97,1313839.0,22880676.0,14:42:36
sh688356,键凯科技,131.59,7.59,6.121,131.6,131.75,124.0,124.0,134.0,118.05,12428601.0,1579688880.0,14:42:34
sh688357,建龙微纳,26.77,0.21,0.791,26.75,26.77,26.56,26.15,26.92,25.9,758435.0,20093665.0,14:42:28
sh688358,祥生医疗,28.48,0.44,1.569,28.48,28.49,28.04,27.8,28.57,27.51,611158.0,17224086.0,14:42:34
sh688359,三孚新科,92.74,-1.84,-1.945,92.69,92.74,94.58,93.64,94.6,87.23,3749097.0,340922619.0,14:42:36
sh688360,德马科技,15.37,-0.05,-0.324,15.37,15.38,15.42,15.02,15.48,14.97,2850454.0,43399053.0,14:42:36
sh688361,中科飞测,339.57,-9.93,-2.841,339.57,339.92,349.5,333.41,346.9,327.75,8268730.0,2786638516.0,14:42:35
sh688362,甬矽电子,61.76,-1.48,-2.34,61.76,61.77,63.24,61.93,63.08,58.5,18041789.0,1097475990.0,14:42:35
sh688363,华熙生物,36.05,0.72,2.038,36.05,36.06,35.33,35.3,36.14,35.3,1974138.0,70766555.0,14:42:33
sh688365,光云科技,14.25,0.29,2.077,14.24,14.25,13.96,13.85,14.32,13.53,6875693.0,96008374.0,14:42:36
sh688366,昊海生科,30.03,0.58,1.969,30.03,30.04,29.45,29.89,30.05,29.11,731020.0,21663076.0,14:42:33
sh688367,工大高科,29.84,0.9,3.11,29.81,29.84,28.94,28.5,30.38,28.5,1142075.0,33770930.0,14:42:35
sh688368,晶丰明源,118.17,-3.83,-3.139,118.17,118.18,122.0,116.0,120.17,111.16,4095898.0,476020101.0,14:42:34
sh688369,致远互联,20.17,1.0,5.216,20.17,20.18,19.17,19.13,20.35,18.89,4148356.0,81651219.0,14:42:33
sh688370,丛麟科技,23.46,0.29,1.252,23.44,23.46,23.17,23.3,23.47,22.55,561945.0,13005844.0,14:42:26
sh688371,菲沃泰,27.03,0.03,0.111,26.99,27.03,27.0,26.48,27.18,25.31,5452505.0,143629691.0,14:42:34
sh688372,伟测科技,122.05,-0.17,-0.139,122.04,122.05,122.22,120.94,123.6,115.36,6129241.0,736456362.0,14:42:34
sh688373,盟科药业,5.93,0.69,13.168,5.93,5.94,5.24,5.24,6.0,5.2,37751125.0,214681574.0,14:42:35
sh688375,国博电子,77.77,0.36,0.465,77.7,77.77,77.41,76.64,79.4,75.39,2427532.0,187985373.0,14:42:35
sh688376,美埃科技,66.04,-0.45,-0.677,65.93,66.1,66.49,65.7,66.86,63.03,1119587.0,72852841.0,14:42:34
sh688377,迪威尔,19.43,0.57,3.022,19.4,19.43,18.86,18.53,19.73,18.42,2630973.0,50212902.0,14:42:34
sh688378,奥来德,42.11,-1.56,-3.572,42.08,42.11,43.67,42.48,43.46,41.11,7051615.0,296359782.0,14:42:36
sh688379,华光新材,55.96,1.88,3.476,55.96,56.0,54.08,53.48,56.18,51.61,3438030.0,185169813.0,14:42:34
sh688380,中微半导,41.44,-0.05,-0.121,41.43,41.44,41.49,40.7,42.05,39.58,9904709.0,402314159.0,14:42:34
sh688381,帝奥微,33.38,0.7,2.142,33.4,33.41,32.68,32.06,33.75,31.45,10651125.0,349114509.0,14:42:34
sh688382,益方生物,19.12,0.06,0.315,19.13,19.14,19.06,19.08,19.45,18.23,14004883.0,264510950.0,14:42:37
sh688383,新益昌,120.44,-2.33,-1.898,120.41,120.52,122.77,120.0,122.3,116.18,1277135.0,152235953.0,14:42:36
sh688385,复旦微电,52.25,-0.28,-0.533,52.24,52.25,52.53,51.51,53.1,50.92,8082539.0,421081186.0,14:42:36
sh688386,泛亚微透,49.64,-0.15,-0.301,49.63,49.64,49.79,48.88,50.78,48.53,1359579.0,67590700.0,14:42:35
sh688387,信科移动,12.56,0.26,2.114,12.55,12.56,12.3,12.02,12.62,11.95,27258431.0,336184135.0,14:42:36
sh688388,嘉元科技,28.3,-1.48,-4.97,28.31,28.32,29.78,28.95,29.02,27.62,35650102.0,1008646679.0,14:42:34
sh688389,普门科技,10.95,0.15,1.389,10.94,10.95,10.8,10.8,10.98,10.71,1917032.0,20899748.0,14:42:30
sh688390,固德威,63.87,-0.63,-0.977,63.84,63.86,64.5,63.22,64.42,61.93,5565286.0,351627338.0,14:42:35
sh688391,钜泉科技,25.42,0.46,1.843,25.41,25.42,24.96,24.94,25.48,24.38,908933.0,22725868.0,14:42:29
sh688392,骄成超声,188.05,-5.05,-2.615,188.05,188.08,193.1,189.24,191.5,179.07,4244716.0,786874231.0,14:42:35
sh688393,安必平,20.44,0.86,4.392,20.41,20.44,19.58,19.58,20.48,19.36,1558413.0,31214287.0,14:42:29
sh688395,正弦电气,22.97,1.06,4.838,22.97,22.98,21.91,21.96,23.18,21.71,1687881.0,38046018.0,14:42:35
sh688396,华润微,58.75,-2.47,-4.035,58.73,58.75,61.22,59.05,59.86,56.69,24536167.0,1434212715.0,14:42:36
sh688398,赛特新材,20.85,1.02,5.144,20.82,20.86,19.83,19.74,21.18,19.49,2722189.0,55857876.0,14:42:35
sh688399,硕世生物,28.43,0.58,2.083,28.39,28.43,27.85,27.83,28.5,27.21,1262514.0,35344968.0,14:42:25
sh688400,凌云光,46.28,0.38,0.828,46.26,46.28,45.9,45.37,46.79,44.51,5771536.0,264047437.0,14:42:34
sh688401,路维光电,66.09,-2.93,-4.245,65.98,66.06,69.02,68.1,68.11,64.0,4737972.0,313429232.0,14:42:35
sh688403,汇成股份,22.58,-0.72,-3.09,22.57,22.58,23.3,23.0,23.1,21.72,41066808.0,916030463.0,14:42:34
sh688408,中信博,24.87,-0.03,-0.12,24.86,24.87,24.9,24.91,25.14,24.47,2124276.0,52715116.0,14:42:34
sh688409,富创精密,200.03,-7.22,-3.484,200.03,200.39,207.25,205.0,205.0,192.0,7373226.0,1461240499.0,14:42:36
sh688410,山外山,11.02,0.15,1.38,11.02,11.03,10.87,10.88,11.08,10.71,6981737.0,76187701.0,14:42:35
sh688411,海博思创,197.71,-3.6,-1.788,197.7,197.71,201.31,198.88,200.72,194.57,1200459.0,237166930.0,14:42:34
sh688416,恒烁股份,76.1,3.23,4.433,76.1,76.18,72.87,71.22,76.5,69.0,4993314.0,364755990.0,14:42:34
sh688418,震有科技,32.25,0.13,0.405,32.23,32.25,32.12,32.0,32.5,30.7,3286368.0,103880746.0,14:42:31
sh688419,耐科装备,56.04,-0.74,-1.303,56.02,56.05,56.78,56.51,56.79,52.58,6918670.0,379073869.0,14:42:35
sh688420,美腾科技,22.59,0.54,2.449,22.63,22.68,22.05,22.05,22.7,21.86,515503.0,11557519.0,14:42:26
sh688425,铁建重工,4.06,0.04,0.995,4.05,4.06,4.02,4.01,4.06,4.01,8850702.0,35802693.0,14:42:35
sh688426,康为世纪,21.08,-0.14,-0.66,21.05,21.08,21.22,20.95,21.2,20.62,1865884.0,38975469.0,14:42:27
sh688428,诺诚健华,28.77,1.23,4.466,28.77,28.78,27.54,27.7,28.82,27.12,11069992.0,307726176.0,14:42:35
sh688429,时创能源,10.6,0.07,0.665,10.6,10.61,10.53,10.53,10.65,10.3,1051011.0,11042586.0,14:42:27
sh688432,有研硅,45.85,-2.44,-5.053,45.82,45.84,48.29,46.07,46.93,43.92,50767159.0,2296673709.0,14:42:34
sh688433,华曙高科,99.23,-6.77,-6.387,99.22,99.23,106.0,104.05,105.42,92.92,10932918.0,1088736094.0,14:42:36
sh688435,英方软件,29.61,-0.24,-0.804,29.61,29.62,29.85,28.3,29.65,28.29,1772952.0,51329878.0,14:42:38
sh688439,振华风光,38.4,0.28,0.735,38.4,38.45,38.12,37.81,38.5,37.72,1584114.0,60241133.0,14:42:41
sh688443,智翔金泰,24.79,0.19,0.772,24.78,24.79,24.6,24.44,24.86,24.0,3636534.0,88921958.0,14:42:42
sh688448,磁谷科技,65.92,1.34,2.075,65.75,65.91,64.58,64.15,66.24,61.33,2223208.0,141484917.0,14:42:40
sh688449,联芸科技,67.01,0.97,1.469,67.01,67.02,66.04,65.0,68.29,63.79,8689396.0,577153027.0,14:42:40
sh688450,光格科技,33.7,1.02,3.121,33.69,33.7,32.68,31.86,33.87,31.86,1504265.0,49493467.0,14:42:40
sh688455,科捷智能,16.68,-0.08,-0.477,16.68,16.69,16.76,16.68,17.2,15.82,6034026.0,98480710.0,14:42:40
sh688456,有研粉材,79.49,-1.29,-1.597,79.5,79.52,80.78,78.38,80.38,75.03,5276723.0,410695400.0,14:42:42
sh688458,美芯晟,33.31,-0.01,-0.03,33.31,33.32,33.32,33.06,33.48,32.25,996391.0,32734510.0,14:42:36
sh688459,哈铁科技,8.01,0.08,1.009,7.99,8.01,7.93,7.94,8.03,7.89,784542.0,6272361.0,14:42:36
sh688466,金科环境,14.25,0.47,3.411,14.25,14.27,13.78,13.64,14.3,13.64,1045387.0,14723913.0,14:42:33
sh688468,科美诊断,6.39,0.14,2.24,6.39,6.4,6.25,6.2,6.41,6.13,2352646.0,14876665.0,14:42:37
sh688469,芯联集成,8.53,-0.15,-1.728,8.53,8.54,8.68,8.58,8.62,8.36,91871415.0,783097425.0,14:42:42
sh688472,阿特斯,10.14,-0.11,-1.073,10.14,10.15,10.25,10.25,10.26,9.98,23527296.0,237819942.0,14:42:42
sh688475,萤石网络,29.07,-0.01,-0.034,29.07,29.08,29.08,28.89,29.31,28.75,2916019.0,84832037.0,14:42:40
sh688478,晶升股份,47.68,-0.37,-0.77,47.66,47.68,48.05,46.59,48.6,45.04,4457674.0,209184604.0,14:42:41
sh688479,友车科技,33.01,0.56,1.726,33.01,33.05,32.45,32.46,33.46,31.38,2363791.0,76543424.0,14:42:40
sh688480,赛恩斯,75.19,-2.49,-3.205,75.19,75.25,77.68,76.05,76.96,73.7,847842.0,63590141.0,14:42:41
sh688484,南芯科技,34.62,-0.23,-0.66,34.64,34.68,34.85,34.57,34.86,33.64,4754363.0,162581754.0,14:42:38
sh688485,九州一轨,85.62,4.27,5.249,85.62,85.78,81.35,80.85,88.39,78.5,7216051.0,604391421.0,14:42:40
sh688486,龙迅股份,43.01,-0.07,-0.162,42.97,43.01,43.08,42.65,43.14,41.21,3810330.0,161213433.0,14:42:36
sh688488,艾迪药业,15.68,-0.25,-1.569,15.68,15.72,15.93,15.51,15.97,15.4,5694017.0,89474806.0,14:42:40
sh688489,三未信安,23.62,0.38,1.635,23.58,23.63,23.24,23.0,23.71,22.92,1014287.0,23684766.0,14:42:37
sh688496,*ST清越,0.91,-0.01,-1.087,0.91,0.92,0.92,0.92,0.93,0.9,3592012.0,3280567.0,14:42:36
sh688498,源杰科技,1562.11,21.11,1.37,1562.11,1563.0,1541.0,1500.0,1589.99,1485.2,2858723.0,4422584512.0,14:42:40
sh688499,利元亨,35.0,-0.55,-1.547,34.98,35.0,35.55,35.18,35.34,34.0,3226931.0,112065874.0,14:42:37
sh688500,慧辰股份,36.73,1.01,2.828,36.67,36.7,35.72,35.31,36.74,35.06,911589.0,32708786.0,14:42:31
sh688501,青达环保,13.46,0.42,3.221,13.45,13.47,13.04,12.97,13.48,12.92,2471357.0,32738431.0,14:42:38
sh688502,茂莱光学,430.1,-6.5,-1.489,430.09,430.1,436.6,422.0,434.76,403.28,1670775.0,698265791.0,14:42:42
sh688503,聚和材料,86.5,-2.3,-2.59,86.34,86.49,88.8,87.24,87.74,82.71,14162138.0,1210273689.0,14:42:41
sh688505,复旦张江,8.55,0.17,2.029,8.55,8.56,8.38,8.34,8.58,8.16,10101626.0,84830193.0,14:42:42
sh688506,百利天恒,265.23,0.25,0.094,265.24,265.39,264.98,266.67,266.67,259.47,1296471.0,340530428.0,14:42:41
sh688507,索辰科技,151.5,2.33,1.562,151.49,151.5,149.17,146.51,153.05,143.8,3079429.0,457880859.0,14:42:42
sh688508,芯朋微,85.66,4.16,5.104,85.66,85.67,81.5,79.7,89.11,79.0,9486963.0,811253721.0,14:42:40
sh688509,正元地信,4.24,0.11,2.663,4.23,4.25,4.13,4.13,4.25,4.09,4036505.0,16916729.0,14:42:41
sh688510,航亚科技,24.15,0.63,2.679,24.15,24.16,23.52,23.94,24.17,23.05,2957275.0,70103303.0,14:42:40
sh688511,天微电子,21.2,0.3,1.435,21.21,21.23,20.9,21.0,21.39,20.29,1161995.0,24233894.0,14:42:41
sh688512,慧智微,13.5,-0.25,-1.818,13.5,13.51,13.75,13.68,13.69,13.2,8336712.0,112573518.0,14:42:42
sh688513,苑东生物,44.02,1.11,2.587,44.05,44.09,42.91,42.96,44.19,42.15,2525989.0,108989681.0,14:42:37
sh688515,裕太微,148.8,0.0,0.0,148.8,148.89,148.8,145.0,149.49,140.12,2758286.0,401270788.0,14:42:41
sh688516,奥特维,43.81,1.31,3.082,43.81,43.83,42.5,42.3,44.3,40.85,13339210.0,574426983.0,14:42:39
sh688517,金冠电气,16.16,0.44,2.799,16.16,16.17,15.72,15.77,16.22,15.6,2346308.0,37650908.0,14:42:40
sh688518,联赢激光,20.06,-0.06,-0.298,20.05,20.06,20.12,19.8,20.07,19.4,9793090.0,193538292.0,14:42:42
sh688519,南亚新材,288.19,9.99,3.591,288.14,288.19,278.2,273.45,297.36,271.0,5878321.0,1675091106.0,14:42:41
sh688520,神州细胞,36.59,0.2,0.55,36.56,36.59,36.39,36.02,37.09,35.62,3193019.0,116259112.0,14:42:42
sh688521,芯原股份,164.67,-3.99,-2.366,164.67,164.68,168.66,166.33,168.0,161.37,13264188.0,2186396854.0,14:42:42
sh688522,纳睿雷达,18.16,0.36,2.022,18.15,18.16,17.8,17.7,18.22,17.65,2741808.0,49241847.0,14:42:35
sh688523,航天环宇,40.44,-0.16,-0.394,40.41,40.44,40.6,40.68,40.94,39.18,2908160.0,116420611.0,14:42:40
sh688525,佰维存储,228.23,2.64,1.17,228.2,228.23,225.59,220.0,230.26,219.09,14032253.0,3158816906.0,14:42:40
sh688526,科前生物,13.13,0.16,1.234,13.12,13.13,12.97,13.04,13.17,12.91,1007334.0,13221117.0,14:42:38
sh688528,秦川物联,10.21,0.56,5.803,10.21,10.22,9.65,9.65,10.28,9.56,2291363.0,22899290.0,14:42:41
sh688529,豪森智能,16.21,0.48,3.051,16.2,16.21,15.73,15.75,16.29,15.59,1370353.0,21994075.0,14:42:38
sh688530,欧莱新材,62.23,-0.69,-1.097,62.22,62.23,62.92,61.19,63.63,58.21,8082824.0,493443743.0,14:42:39
sh688531,日联科技,133.87,1.08,0.813,133.87,133.97,132.79,130.44,136.15,126.1,3397200.0,445996137.0,14:42:38
sh688533,上声电子,21.13,0.49,2.374,21.12,21.13,20.64,20.66,21.13,20.41,689031.0,14389428.0,14:42:41
sh688535,华海诚科,98.38,-1.16,-1.165,98.37,98.38,99.54,96.6,99.26,93.9,3984653.0,385036217.0,14:42:42
sh688536,思瑞浦,315.44,13.75,4.558,315.44,315.86,301.69,299.0,320.65,296.01,5829118.0,1793824477.0,14:42:42
sh688538,和辉光电,2.32,0.03,1.31,2.31,2.32,2.29,2.29,2.32,2.28,43180486.0,99452042.0,14:42:39
sh688539,高华科技,25.31,0.53,2.139,25.3,25.31,24.78,24.51,25.4,24.02,1450800.0,35828406.0,14:42:29
sh688543,国科军工,38.35,0.16,0.419,38.35,38.36,38.19,37.68,38.95,37.25,3957807.0,151271538.0,14:42:37
sh688545,兴福电子,76.7,-4.77,-5.855,76.7,76.79,81.47,78.5,79.8,74.0,10855462.0,829136943.0,14:42:41
sh688548,广钢气体,34.26,-0.84,-2.393,34.26,34.29,35.1,34.5,34.99,33.44,18060922.0,616813622.0,14:42:40
sh688549,中巨芯,24.54,-0.69,-2.735,24.54,24.55,25.23,24.28,24.9,23.61,51907357.0,1261424456.0,14:42:41
sh688550,瑞联新材,37.63,-0.24,-0.634,37.62,37.63,37.87,37.53,38.08,36.51,3073297.0,114357220.0,14:42:35
sh688551,科威尔,38.42,0.37,0.972,38.43,38.44,38.05,37.21,38.85,36.1,2962026.0,111553145.0,14:42:41
sh688552,航天南湖,25.98,0.11,0.425,25.98,25.99,25.87,25.87,26.05,25.28,1274389.0,32785654.0,14:42:42
sh688553,汇宇制药,12.0,-0.04,-0.332,11.99,12.0,12.04,12.07,12.2,11.71,11174783.0,133453739.0,14:42:42
sh688556,高测股份,8.16,0.18,2.256,8.15,8.16,7.98,7.85,8.19,7.77,16765499.0,133964125.0,14:42:42
sh688557,兰剑智能,20.91,0.41,2.0,20.91,20.94,20.5,20.5,21.2,20.1,1604476.0,33188910.0,14:42:40
sh688558,国盛智科,31.08,-0.07,-0.225,31.08,31.1,31.15,31.04,31.41,30.41,953024.0,29430944.0,14:42:39
sh688559,海目星,55.04,-0.41,-0.739,55.04,55.05,55.45,55.39,55.84,53.1,9018533.0,491598732.0,14:42:40
sh688560,明冠新材,12.24,0.31,2.598,12.24,12.26,11.93,11.84,12.28,11.78,2336040.0,28151325.0,14:42:37
sh688561,奇安信,24.97,0.34,1.38,24.97,25.0,24.63,24.6,25.03,24.5,2475220.0,61429966.0,14:42:39
sh688562,航天软件,14.13,0.23,1.655,14.13,14.14,13.9,13.8,14.19,13.71,2060175.0,28849052.0,14:42:37
sh688563,航材股份,49.48,0.23,0.467,49.49,49.52,49.25,49.1,49.58,48.88,670059.0,33054261.0,14:42:40
sh688565,力源科技,11.17,0.16,1.453,11.17,11.19,11.01,11.0,11.22,10.88,1410249.0,15592516.0,14:42:40
sh688566,吉贝尔,25.58,0.17,0.669,25.57,25.58,25.41,25.36,25.7,24.87,1160789.0,29484950.0,14:42:36
sh688567,孚能科技,9.58,0.06,0.63,9.57,9.58,9.52,9.53,9.64,9.41,6698988.0,63903133.0,14:42:40
sh688568,中科星图,30.95,-0.05,-0.161,30.95,30.96,31.0,30.85,31.63,30.63,7953564.0,247748447.0,14:42:40
sh688569,铁科轨道,18.42,-0.03,-0.163,18.42,18.44,18.45,18.67,18.67,18.13,1082240.0,19886438.0,14:42:36
sh688570,天玛智控,15.44,0.24,1.579,15.44,15.45,15.2,15.17,15.47,15.15,603721.0,9277771.0,14:42:30
sh688571,杭华股份,8.46,0.14,1.683,8.46,8.48,8.32,8.36,8.51,8.2,5839546.0,48802587.0,14:42:36
sh688573,信宇人,16.63,0.38,2.338,16.63,16.64,16.25,16.25,16.69,15.91,1022469.0,16681762.0,14:42:28
sh688575,亚辉龙,9.38,0.18,1.957,9.38,9.39,9.2,9.18,9.39,9.11,5302034.0,49239440.0,14:42:36
sh688576,西山科技,41.59,0.98,2.413,41.56,41.8,40.61,40.73,41.87,40.33,355830.0,14682553.0,14:42:34
sh688577,浙海德曼,42.54,0.67,1.6,42.52,42.54,41.87,41.87,42.6,41.26,738083.0,31009606.0,14:42:28
sh688578,艾力斯,114.09,1.9,1.694,114.09,114.17,112.19,112.0,114.52,110.69,4279949.0,485170577.0,14:42:36
sh688579,地纬智能,8.02,0.36,4.7,8.02,8.03,7.66,7.61,8.06,7.58,4696791.0,37028594.0,14:42:35
sh688580,伟思医疗,47.04,1.36,2.977,47.03,47.12,45.68,45.52,47.17,45.03,1124187.0,52093434.0,14:42:32
sh688581,安杰思,51.97,0.89,1.742,51.92,51.97,51.08,51.25,51.99,50.81,351511.0,18164268.0,14:42:36
sh688582,芯动联科,41.58,0.02,0.048,41.56,41.6,41.56,41.12,42.19,40.91,3154394.0,130981250.0,14:42:36
sh688583,思看科技,85.71,3.71,4.524,85.44,85.71,82.0,81.63,88.22,79.79,2164451.0,184643487.0,14:42:31
sh688584,上海合晶,29.05,-0.74,-2.484,29.04,29.05,29.79,29.38,29.38,27.35,12875030.0,365661430.0,14:42:35
sh688585,上纬新材,144.38,-5.09,-3.405,144.33,144.38,149.47,145.03,147.0,137.5,4508924.0,639835508.0,14:42:35
sh688586,江航装备,10.93,-0.13,-1.175,10.93,10.94,11.06,10.98,11.15,10.85,8833978.0,97027738.0,14:42:34
sh688588,凌志软件,9.65,0.32,3.43,9.63,9.65,9.33,9.41,9.66,9.25,2435163.0,23171163.0,14:42:36
sh688589,力合微,19.68,0.15,0.768,19.67,19.68,19.53,19.31,19.82,19.06,3342995.0,65111800.0,14:42:31
sh688590,新致软件,12.68,0.37,3.006,12.66,12.68,12.31,12.28,12.73,12.16,3709089.0,46272469.0,14:42:36
sh688591,泰凌微,29.16,2.46,9.213,29.16,29.19,26.7,27.56,29.58,27.5,11082481.0,316893905.0,14:42:34
sh688592,司南导航,24.81,1.16,4.905,24.8,24.82,23.65,23.33,25.07,23.33,1228905.0,30041487.0,14:42:35
sh688593,新相微,31.18,-0.32,-1.016,31.18,31.2,31.5,30.9,31.8,29.67,10760428.0,330628306.0,14:42:34
sh688595,芯海科技,27.5,0.35,1.289,27.5,27.51,27.15,27.01,27.67,26.32,2030149.0,54896520.0,14:42:35
sh688596,正帆科技,70.69,-0.46,-0.647,70.69,70.71,71.15,69.19,72.1,64.3,29257636.0,2008349220.0,14:42:35
sh688597,煜邦电力,6.87,0.22,3.308,6.87,6.88,6.65,6.75,6.9,6.58,5420041.0,36720038.0,14:42:36
sh688598,金博股份,35.91,-0.96,-2.604,35.88,35.91,36.87,36.03,36.79,35.03,15214638.0,547837778.0,14:42:36
sh688599,天合光能,12.69,0.05,0.396,12.68,12.69,12.64,12.53,12.72,12.47,12158946.0,153560129.0,14:42:34
sh688600,皖仪科技,27.23,0.4,1.491,27.23,27.25,26.83,26.46,27.38,25.91,1976902.0,52985134.0,14:42:32
sh688601,力芯微,49.79,0.39,0.789,49.79,49.88,49.4,48.96,49.96,47.19,3128075.0,152271709.0,14:42:34
sh688602,康鹏科技,6.63,0.1,1.531,6.62,6.63,6.53,6.54,6.65,6.42,4375553.0,28609382.0,14:42:31
sh688603,天承科技,103.52,-0.86,-0.824,103.52,103.62,104.38,97.56,104.84,96.18,4183530.0,420522816.0,14:42:36
sh688605,先锋精科,69.83,-1.67,-2.336,69.83,69.85,71.5,70.03,71.2,67.48,3605696.0,248767195.0,14:42:32
sh688606,奥泰生物,48.25,0.61,1.28,48.2,48.25,47.64,47.25,48.25,47.25,184748.0,8837417.0,14:42:36
sh688607,康众医疗,41.34,0.08,0.194,41.32,41.35,41.26,41.38,41.76,38.87,1018094.0,41523944.0,14:42:35
sh688608,恒玄科技,104.16,1.78,1.739,104.16,104.33,102.38,101.47,104.99,101.0,2164417.0,224153955.0,14:42:35
sh688609,九联科技,8.95,0.21,2.403,8.95,8.96,8.74,8.67,8.97,8.55,10459316.0,91953717.0,14:42:36
sh688610,埃科光电,174.5,5.5,3.254,174.5,174.51,169.0,166.05,177.17,160.17,1984423.0,335420337.0,14:42:34
sh688611,杭州柯林,61.63,0.17,0.277,61.36,61.62,61.46,61.61,62.75,60.18,852536.0,52516861.0,14:42:28
sh688612,威迈斯,34.54,1.56,4.73,34.54,34.56,32.98,32.78,34.66,32.66,6208182.0,210536235.0,14:42:29
sh688613,奥精医疗,15.65,0.58,3.849,15.64,15.65,15.07,14.99,15.74,14.9,2261907.0,34795477.0,14:42:31
sh688615,合合信息,92.28,2.55,2.842,92.28,92.29,89.73,88.67,92.64,86.1,5809171.0,519909114.0,14:42:36
sh688616,西力科技,10.99,0.21,1.948,10.98,10.99,10.78,10.78,11.03,10.65,1434858.0,15605065.0,14:42:35
sh688617,惠泰医疗,252.62,-5.95,-2.301,252.71,252.92,258.57,258.49,262.79,252.02,1656935.0,424122589.0,14:42:36
sh688618,三旺通信,30.42,0.3,0.996,30.39,30.42,30.12,29.98,30.83,28.7,1821498.0,54179990.0,14:42:33
sh688619,罗普特,14.26,-0.15,-1.041,14.25,14.26,14.41,14.27,14.57,13.86,2703632.0,38666180.0,14:42:35
sh688620,安凯微,15.13,-0.47,-3.013,15.13,15.14,15.6,15.34,15.43,14.61,14476746.0,217080040.0,14:42:36
sh688621,阳光诺和,64.31,-0.69,-1.062,64.32,64.58,65.0,66.0,66.0,63.2,1910522.0,123050142.0,14:42:34
sh688622,*ST禾信,97.69,0.12,0.123,97.69,97.7,97.57,95.0,99.98,89.8,582950.0,54651273.0,14:42:35
sh688623,双元科技,58.2,0.48,0.832,58.12,58.2,57.72,57.01,58.42,56.81,349324.0,20174147.0,14:42:34
sh688625,呈和科技,52.2,-0.75,-1.416,52.19,52.21,52.95,51.82,53.0,50.01,3878616.0,199875272.0,14:42:34
sh688626,翔宇医疗,42.72,1.03,2.471,42.7,42.72,41.69,42.36,42.79,41.33,1350984.0,56892223.0,14:42:36
sh688627,精智达,448.93,-16.36,-3.516,448.04,448.95,465.29,450.0,458.87,431.79,4168648.0,1856421331.0,14:42:36
sh688628,优利德,80.92,-2.79,-3.333,80.91,80.97,83.71,81.0,82.8,78.85,4450621.0,359886744.0,14:42:34
sh688629,华丰科技,133.53,-0.42,-0.314,133.51,133.55,133.95,130.04,135.72,129.05,7437296.0,985114030.0,14:42:34
sh688630,芯碁微装,415.05,-11.1,-2.605,415.05,416.03,426.15,416.11,420.0,396.8,4902543.0,2003921590.0,14:42:35
sh688631,莱斯信息,39.84,0.59,1.503,39.82,39.84,39.25,39.01,39.95,38.68,678656.0,26688608.0,14:42:34
sh688633,星球石墨,24.35,0.87,3.705,24.35,24.37,23.48,23.62,24.43,23.31,2402215.0,57583132.0,14:42:36
sh688635,长进光子,319.0,3.85,1.222,319.0,319.01,315.15,302.0,333.0,302.0,1946187.0,620200932.0,14:42:35
sh688636,智明达,19.83,0.34,1.744,19.83,19.85,19.49,19.48,19.97,19.02,4625140.0,90144856.0,14:42:30
sh688638,誉辰智能,34.42,1.33,4.019,34.42,34.46,33.09,32.43,34.52,32.43,473581.0,15935857.0,14:42:25
sh688639,华恒生物,16.59,0.51,3.172,16.58,16.6,16.08,16.4,16.74,16.14,5757609.0,94510859.0,14:42:36
sh688646,逸飞激光,69.88,-0.32,-0.456,69.51,69.86,70.2,69.52,70.5,66.25,1292132.0,88274416.0,14:42:29
sh688648,中邮科技,33.19,1.7,5.399,33.18,33.19,31.49,31.55,33.77,30.81,3223007.0,105921662.0,14:42:35
sh688651,盛邦安全,23.03,0.73,3.274,23.03,23.05,22.3,22.01,23.16,21.92,1195953.0,27047795.0,14:42:34
sh688652,京仪装备,144.06,-4.52,-3.042,144.0,144.06,148.58,146.0,147.0,137.81,4688284.0,666986012.0,14:42:30
sh688653,康希通信,13.92,-1.4,-9.138,13.92,13.93,15.32,15.11,15.4,13.72,28516304.0,404857765.0,14:42:35
sh688655,迅捷兴,45.38,3.59,8.591,45.32,45.38,41.79,40.5,46.72,40.5,14377100.0,640875013.0,14:42:36
sh688656,浩欧博,93.58,-1.3,-1.37,93.58,93.6,94.88,93.11,93.81,90.87,655236.0,60524482.0,14:42:29
sh688657,浩辰软件,32.78,0.32,0.986,32.77,32.78,32.46,32.46,32.89,31.8,739931.0,23985218.0,14:42:28
sh688658,悦康药业,13.81,0.6,4.542,13.8,13.81,13.21,13.0,13.84,12.86,20098083.0,267601251.0,14:42:35
sh688659,元琛科技,10.65,0.19,1.816,10.64,10.65,10.46,10.22,10.73,10.22,2007790.0,21160922.0,14:42:33
sh688660,电气风电,7.45,0.09,1.223,7.45,7.46,7.36,7.38,7.49,7.18,13456852.0,98693220.0,14:42:30
sh688661,和林微纳,98.73,-1.98,-1.966,98.73,98.95,100.71,97.81,99.81,91.0,3851867.0,366827403.0,14:42:36
sh688662,富信科技,87.42,-2.03,-2.269,87.38,87.43,89.45,88.0,88.99,83.8,7608206.0,658457330.0,14:42:36
sh688663,新风光,53.83,0.24,0.448,53.86,53.92,53.59,52.99,54.47,51.0,2011311.0,106395975.0,14:42:36
sh688665,四方光电,43.8,0.65,1.506,43.8,43.84,43.15,42.98,44.02,42.35,380803.0,16439226.0,14:42:32
sh688667,菱电电控,86.83,1.33,1.556,86.59,86.78,85.5,83.25,86.99,82.87,395758.0,33824549.0,14:42:30
sh688668,鼎通科技,248.32,0.32,0.129,248.08,248.31,248.0,239.9,254.5,238.16,3726144.0,915559469.0,14:42:35
sh688669,聚石化学,76.81,1.11,1.466,76.81,76.95,75.7,75.0,77.55,73.05,2951668.0,223111557.0,14:42:36
sh688670,金迪克,16.63,1.62,10.793,16.63,16.65,15.01,14.8,17.78,14.5,5723600.0,91519559.0,14:42:34
sh688671,碧兴物联,24.88,0.96,4.013,24.89,24.91,23.92,24.05,25.2,23.62,938082.0,22837202.0,14:42:34
sh688676,金盘科技,74.17,-1.18,-1.566,74.16,74.17,75.35,74.66,75.1,72.02,10404561.0,767111291.0,14:42:42
sh688677,海泰新光,85.62,1.37,1.626,85.63,86.1,84.25,82.45,86.7,78.94,8715029.0,723439148.0,14:42:42
sh688678,福立旺,19.98,0.44,2.252,19.97,19.99,19.54,19.3,20.4,18.91,16518055.0,325451957.0,14:42:44
sh688679,通源环境,39.41,0.74,1.914,39.39,39.4,38.67,38.53,39.99,37.34,3006553.0,116394901.0,14:42:42
sh688680,海优新材,33.87,0.72,2.172,33.87,33.88,33.15,32.95,33.96,32.49,910287.0,30452929.0,14:42:42
sh688681,科汇股份,17.14,0.31,1.842,17.13,17.14,16.83,16.82,17.17,16.51,1287726.0,21857356.0,14:42:42
sh688682,霍莱沃,32.1,1.21,3.917,32.1,32.18,30.89,30.92,32.49,30.36,1340070.0,42327316.0,14:42:43
sh688683,莱尔科技,30.05,0.02,0.067,30.06,30.12,30.03,30.08,30.17,28.89,937821.0,27657640.0,14:42:41
sh688685,迈信林,39.48,-1.0,-2.47,39.44,39.54,40.48,39.54,40.23,38.52,2444165.0,95675335.0,14:42:43
sh688686,奥普特,127.76,8.53,7.154,127.77,127.84,119.23,117.18,128.93,116.79,2846624.0,354803422.0,14:42:43
sh688687,凯因科技,18.34,0.29,1.607,18.32,18.34,18.05,18.1,18.38,17.7,3550614.0,64529148.0,14:42:38
sh688689,银河微电,39.45,0.05,0.127,39.45,39.47,39.4,38.7,39.78,37.42,4186951.0,161973634.0,14:42:41
sh688690,纳微科技,40.86,0.29,0.715,40.85,40.86,40.57,40.6,41.0,38.68,11529465.0,459182874.0,14:42:43
sh688691,灿芯股份,63.45,0.43,0.682,63.45,63.49,63.02,62.5,63.76,60.22,2597714.0,161058021.0,14:42:42
sh688692,达梦数据,238.06,4.39,1.879,238.06,238.21,233.67,230.18,238.88,229.32,616095.0,144497883.0,14:42:42
sh688693,锴威特,75.06,-0.57,-0.754,75.11,75.29,75.63,73.7,75.78,70.33,2270455.0,166127843.0,14:42:43
sh688695,中创股份,19.62,0.57,2.992,19.61,19.62,19.05,18.88,19.69,18.82,859993.0,16614635.0,14:42:44
sh688696,极米科技,70.05,2.76,4.102,69.87,70.05,67.29,67.08,70.21,66.68,620598.0,42917227.0,14:42:43
sh688697,纽威数控,14.41,-0.28,-1.906,14.4,14.41,14.69,14.51,14.6,14.03,5488854.0,78780129.0,14:42:42
sh688698,伟创电气,44.73,0.41,0.925,44.72,44.73,44.32,43.68,45.29,43.45,1966025.0,87246153.0,14:42:42
sh688699,明微电子,58.69,-0.46,-0.778,58.69,58.7,59.15,57.62,59.3,55.33,3095582.0,178093815.0,14:42:42
sh688700,东威科技,55.15,-0.48,-0.863,55.15,55.22,55.63,54.67,56.2,52.8,7349659.0,401407008.0,14:42:44
sh688701,卓锦股份,8.8,0.53,6.409,8.79,8.8,8.27,8.16,8.85,8.16,2153695.0,18395410.0,14:42:43
sh688702,盛科通信,356.75,5.36,1.525,356.6,356.8,351.39,348.99,361.68,337.35,5205980.0,1826028291.0,14:42:43
sh688707,振华新材,10.4,-0.14,-1.328,10.39,10.4,10.54,10.54,10.61,10.34,7366662.0,77006968.0,14:42:42
sh688708,佳驰科技,39.93,-1.33,-3.223,39.89,39.93,41.26,41.17,41.17,38.5,3017121.0,119267342.0,14:42:43
sh688709,成都华微,25.09,0.13,0.521,25.08,25.1,24.96,24.69,25.16,24.18,2545006.0,62831594.0,14:42:42
sh688710,益诺思,98.69,8.8,9.79,98.63,98.69,89.89,89.55,98.97,88.08,4591552.0,433799030.0,14:42:40
sh688711,宏微科技,25.33,0.35,1.401,25.33,25.35,24.98,24.46,25.45,23.68,8042669.0,198890354.0,14:42:42
sh688712,北芯生命,32.87,0.69,2.144,32.87,32.88,32.18,33.2,33.8,32.33,2995317.0,98919823.0,14:42:40
sh688716,中研股份,27.6,0.46,1.695,27.6,27.63,27.14,27.14,27.72,26.45,1074569.0,29133729.0,14:42:44
sh688717,艾罗能源,49.33,-9.22,-15.747,49.33,49.34,58.55,51.22,52.7,47.34,14382283.0,706677502.0,14:42:42
sh688718,唯赛勃,14.26,0.23,1.639,14.26,14.28,14.03,13.94,14.32,13.81,1181729.0,16609362.0,14:42:44
sh688719,爱科赛博,48.88,-0.3,-0.61,48.88,48.93,49.18,48.64,49.86,47.07,2295310.0,111337836.0,14:42:43
sh688720,艾森股份,64.82,-0.48,-0.735,64.79,64.82,65.3,64.01,65.56,61.04,3806309.0,241337495.0,14:42:44
sh688721,龙图光罩,41.16,-0.83,-1.977,41.15,41.16,41.99,41.0,41.8,39.38,2525208.0,102655660.0,14:42:42
sh688722,同益中,13.65,0.2,1.487,13.65,13.67,13.45,13.32,13.7,13.25,1808012.0,24491052.0,14:42:41
sh688726,拉普拉斯,46.44,-0.58,-1.234,46.44,46.45,47.02,47.49,47.49,42.84,12994657.0,587162131.0,14:42:42
sh688727,恒坤新材,48.68,-0.91,-1.835,48.68,48.69,49.59,48.57,49.21,45.8,4212069.0,200389261.0,14:42:44
sh688728,格科微,15.29,0.01,0.065,15.28,15.29,15.28,15.03,15.33,14.66,17985203.0,269728994.0,14:42:42
sh688729,屹唐股份,22.87,-0.43,-1.845,22.85,22.87,23.3,22.9,23.23,22.03,25746441.0,583046374.0,14:42:43
sh688733,壹石通,30.04,-0.14,-0.464,30.04,30.05,30.18,29.7,30.3,28.65,4269536.0,125611926.0,14:42:40
sh688737,中自科技,18.16,0.5,2.831,18.15,18.16,17.66,17.54,18.23,17.45,946134.0,16910282.0,14:42:44
sh688739,成大生物,20.94,0.38,1.848,20.92,20.94,20.56,20.55,20.95,20.45,2053494.0,42659071.0,14:42:39
sh688750,金天钛业,14.01,0.17,1.228,14.01,14.03,13.84,13.71,14.06,13.71,1437728.0,20019862.0,14:42:43
sh688755,汉邦科技,26.87,0.01,0.037,26.86,26.87,26.86,26.76,26.95,26.21,791753.0,21084882.0,14:42:40
sh688757,胜科纳米,31.1,0.39,1.27,31.1,31.11,30.71,30.3,31.44,28.98,6111646.0,184693259.0,14:42:42
sh688758,赛分科技,26.42,-0.13,-0.49,26.41,26.42,26.55,25.81,26.55,25.55,7697034.0,200965569.0,14:42:44
sh688759,必贝特,25.46,0.31,1.233,25.46,25.48,25.15,24.71,25.5,24.3,3215711.0,80493316.0,14:42:42
sh688765,禾元生物,36.07,0.58,1.634,36.07,36.09,35.49,35.49,36.13,34.99,2338278.0,83131025.0,14:42:42
sh688766,普冉股份,413.61,2.61,0.635,413.61,413.99,411.0,385.05,418.8,385.05,10060371.0,4011212444.0,14:42:42
sh688767,博拓生物,36.44,1.28,3.641,36.44,36.47,35.16,34.81,36.73,34.03,2429161.0,86238231.0,14:42:42
sh688768,容知日新,41.72,1.42,3.524,41.66,41.72,40.3,40.46,41.86,39.9,693847.0,28317515.0,14:42:44
sh688772,珠海冠宇,14.17,-0.23,-1.597,14.17,14.18,14.4,14.3,14.39,13.84,23743441.0,335867262.0,14:42:42
sh688775,影石创新,123.0,6.37,5.462,122.86,122.99,116.63,115.5,123.88,115.37,3736986.0,450422909.0,14:42:41
sh688776,国光电气,46.8,0.85,1.85,46.79,46.82,45.95,45.03,46.94,44.93,873739.0,40230233.0,14:42:42
sh688777,中控技术,88.93,0.62,0.702,88.86,88.93,88.31,88.0,90.26,87.05,9225373.0,821159552.0,14:42:42
sh688778,厦钨新能,45.57,-1.32,-2.815,45.57,45.58,46.89,46.6,46.79,44.98,4729149.0,216235260.0,14:42:41
sh688779,五矿新能,8.05,-0.1,-1.227,8.05,8.06,8.15,8.12,8.17,7.93,20543955.0,165164150.0,14:42:44
sh688781,视涯科技,37.29,0.7,1.913,37.29,37.3,36.59,35.87,37.9,35.87,1434047.0,53105086.0,14:42:42
sh688783,西安奕材,31.03,-0.58,-1.835,31.03,31.05,31.61,30.53,31.45,29.27,25785398.0,781119243.0,14:42:42
sh688785,恒运昌,269.5,-4.0,-1.463,267.96,269.49,273.5,267.0,272.6,252.01,423897.0,111822508.0,14:42:40
sh688786,悦安新材,26.58,-0.55,-2.027,26.56,26.59,27.13,26.21,26.9,25.25,4816976.0,125793145.0,14:42:42
sh688787,海天瑞声,100.28,-0.97,-0.958,100.28,100.29,101.25,100.0,101.19,97.13,970986.0,96500361.0,14:42:39
sh688788,科思科技,30.54,-0.13,-0.424,30.51,30.54,30.67,30.99,30.99,28.5,3577514.0,105917371.0,14:42:44
sh688789,宏华数科,47.19,1.83,4.034,47.19,47.25,45.36,45.5,47.38,45.2,1029985.0,47858126.0,14:42:41
sh688790,昂瑞微,95.51,1.52,1.617,95.51,95.66,93.99,92.15,95.98,92.11,208858.0,19698958.0,14:42:32
sh688793,倍轻松,19.89,-0.26,-1.29,19.88,19.89,20.15,19.97,20.5,19.69,2047379.0,41011882.0,14:42:42
sh688795,摩尔线程,531.7,4.04,0.766,531.67,531.7,527.66,523.5,533.98,516.23,620927.0,327984803.0,14:42:38
sh688796,百奥赛图,124.85,-0.07,-0.056,124.85,124.91,124.92,124.35,127.86,121.35,1985900.0,246086628.0,14:42:42
sh688797,臻宝科技,304.32,-9.87,-3.141,304.05,304.31,314.19,300.9,308.86,280.3,3204099.0,936907829.0,14:42:44
sh688798,艾为电子,55.1,2.52,4.793,55.1,55.14,52.58,52.01,55.57,51.3,2670946.0,142313711.0,14:42:42
sh688799,华纳药厂,43.06,-0.27,-0.623,43.06,43.12,43.33,42.53,43.46,42.08,2200676.0,94281737.0,14:42:44
sh688800,瑞可达,61.79,-2.41,-3.754,61.8,61.82,64.2,63.56,65.85,61.65,12898994.0,813992814.0,14:42:41
sh688802,沐曦股份,654.52,-9.48,-1.428,654.52,655.68,664.0,657.99,666.68,643.88,771144.0,505316292.0,14:42:44
sh688805,健信超导,38.45,-1.35,-3.392,38.41,38.45,39.8,38.88,39.38,37.77,1435179.0,54946129.0,14:42:44
sh688806,泰诺麦博,24.07,0.15,0.627,24.06,24.07,23.92,23.83,24.11,23.48,3118212.0,74369217.0,14:42:44
sh688807,优迅股份,340.4,5.4,1.612,340.39,340.4,335.0,320.0,340.89,301.03,2387527.0,770599983.0,14:42:42
sh688808,联讯仪器,2207.0,-58.99,-2.603,2201.81,2207.0,2265.99,2208.0,2283.8,2175.0,538124.0,1195298490.0,14:42:44
sh688809,强一股份,420.57,-17.93,-4.089,420.57,420.58,438.5,430.0,435.5,410.0,1347119.0,562694007.0,14:42:41
sh688811,有研复材,21.03,-0.06,-0.284,21.01,21.03,21.09,20.93,21.1,20.31,2853063.0,59264015.0,14:42:43
sh688813,泰金新能,107.5,-2.6,-2.361,107.44,107.5,110.1,109.0,109.68,103.62,2326570.0,248394582.0,14:42:43
sh688816,易思维,48.24,1.22,2.595,48.23,48.24,47.02,47.1,48.33,46.9,247379.0,11818295.0,14:42:29
sh688818,电科蓝天,45.53,0.81,1.811,45.53,45.55,44.72,44.11,45.57,43.05,5258355.0,233970765.0,14:42:44
sh688819,天能股份,21.98,0.16,0.733,21.98,22.0,21.82,21.79,22.04,21.5,1534781.0,33593529.0,14:42:39
sh688820,盛合晶微,121.08,-1.36,-1.111,121.06,121.08,122.44,122.41,123.0,117.78,6551327.0,789277266.0,14:42:43
sh688825,长鑫科技,56.87,0.27,0.477,56.86,56.87,56.6,55.35,57.19,54.91,222556632.0,12507274324.0,14:42:43
sh688826,频准激光,979.0,0.0,0.0,979.0,979.28,979.0,957.0,1008.98,950.95,1319117.0,1289831013.0,14:42:42
sh688828,国仪公司,101.14,4.14,4.268,101.08,101.12,97.0,92.33,105.88,90.0,7759970.0,770760153.0,14:42:44
sh688835,N高凯,235.33,173.97,283.523,235.33,235.87,61.36,209.0,262.0,200.01,14417563.0,3296033906.0,14:42:41
sh688836,C宇树,605.78,2.7,0.448,605.65,605.82,603.08,588.0,625.89,588.0,4773378.0,2913983578.0,14:42:42
sh688981,中芯国际,120.23,-0.35,-0.29,120.21,120.23,120.58,118.58,121.64,117.88,29216417.0,3496804916.0,14:42:42
sz000001,平安银行,11.56,0.0,0.0,11.56,11.57,11.56,11.57,11.64,11.53,91719099.0,1062352421.0,14:42:42
sz000002,万 科Ａ,3.09,0.04,1.311,3.08,3.09,3.05,3.05,3.1,3.03,58728264.0,180419757.0,14:42:42
sz000006,深振业Ａ,7.18,0.3,4.36,7.17,7.18,6.88,6.88,7.25,6.85,17759786.0,125760908.0,14:42:42
sz000007,全新好,12.85,0.11,0.863,12.84,12.85,12.74,12.49,12.91,12.41,11951525.0,152015210.0,14:42:42
sz000008,神州高铁,2.5,0.05,2.041,2.5,2.51,2.45,2.46,2.52,2.45,50163200.0,125044774.0,14:42:45
sz000009,中国宝安,7.27,0.04,0.553,7.26,7.27,7.23,7.25,7.29,7.17,15785842.0,114181854.0,14:42:42
sz000010,*ST美丽,1.54,0.01,0.654,1.53,1.54,1.53,1.51,1.55,1.51,15812300.0,24226480.0,14:42:42
sz000011,深物业A,8.09,0.12,1.506,8.09,8.1,7.97,7.97,8.16,7.93,4917700.0,39712476.0,14:42:45
sz000012,南 玻Ａ,3.75,0.05,1.351,3.75,3.76,3.7,3.7,3.77,3.68,15312863.0,57196440.0,14:42:45
sz000014,沙河股份,10.42,0.47,4.724,10.41,10.42,9.95,9.89,10.45,9.87,6671766.0,68427030.0,14:42:45
sz000016,*ST康佳A,0.0,0.0,0.0,0.0,0.0,2.33,0.0,0.0,0.0,0.0,0.0,14:42:30
sz000017,深中华A,8.6,0.78,9.974,8.6,0.0,7.82,8.6,8.6,8.48,57229592.0,492097735.0,14:42:42
sz000019,深粮控股,6.65,0.23,3.583,6.65,6.66,6.42,6.39,6.86,6.37,29642685.0,197286661.0,14:42:42
sz000020,深华发Ａ,12.59,0.29,2.358,12.59,12.6,12.3,11.85,12.66,11.56,18664470.0,227961618.0,14:42:45
sz000021,深科技,36.9,0.11,0.299,36.89,36.9,36.79,36.04,37.33,35.09,58500976.0,2125823646.0,14:42:45
sz000025,特 力Ａ,15.98,0.32,2.043,15.98,15.99,15.66,15.71,16.53,15.71,14723984.0,236923337.0,14:42:45
sz000026,飞亚达,20.36,0.65,3.298,20.33,20.36,19.71,19.5,20.5,19.1,11068799.0,219192598.0,14:42:42
sz000027,深圳能源,6.16,0.02,0.326,6.16,6.17,6.14,6.14,6.19,6.13,17484754.0,107751148.0,14:42:45
sz000028,国药一致,19.85,0.26,1.327,19.84,19.85,19.59,19.52,19.85,19.52,2163843.0,42725297.0,14:42:45
sz000029,深深房Ａ,22.54,-0.08,-0.354,22.53,22.54,22.62,22.63,22.79,22.18,3909800.0,87634444.0,14:42:45
sz000030,富奥股份,4.32,0.06,1.408,4.32,4.33,4.26,4.24,4.33,4.24,5737820.0,24695013.0,14:42:45
sz000031,大悦城,2.2,0.08,3.774,2.2,2.21,2.12,2.11,2.21,2.11,45333960.0,98760256.0,14:42:45
sz000032,深桑达Ａ,14.35,0.09,0.631,14.34,14.35,14.26,14.1,14.44,13.98,25665358.0,364935412.0,14:42:42
sz000034,神州数码,23.27,0.28,1.218,23.26,23.27,22.99,22.68,23.34,22.6,12561063.0,289530106.0,14:42:45
sz000035,中国天楹,4.62,0.0,0.0,4.61,4.62,4.62,4.62,4.65,4.59,19876001.0,91809715.0,14:42:42
sz000036,华联控股,4.06,0.06,1.5,4.05,4.06,4.0,3.99,4.07,3.97,14380780.0,57978929.0,14:42:45
sz000037,深南电A,9.39,0.1,1.076,9.38,9.39,9.29,9.28,9.4,9.16,8279392.0,77000564.0,14:42:42
sz000039,中集集团,9.1,-0.15,-1.622,9.1,9.11,9.25,9.19,9.28,9.03,24263993.0,221369773.0,14:42:42
sz000042,中洲控股,8.45,0.32,3.936,8.44,8.45,8.13,8.11,8.48,8.09,9006870.0,75200823.0,14:42:42
sz000045,深纺织Ａ,10.77,0.22,2.085,10.77,10.78,10.55,10.52,10.82,10.41,8446720.0,90284295.0,14:42:42
sz000048,京基智农,21.53,-0.57,-2.579,21.53,21.55,22.1,21.88,22.19,21.31,9705762.0,210077955.0,14:42:45
sz000049,德赛电池,23.4,-0.04,-0.171,23.38,23.4,23.44,23.29,23.49,23.13,5208737.0,121508630.0,14:42:42
sz000050,深天马Ａ,6.54,0.13,2.028,6.53,6.54,6.41,6.37,6.56,6.35,17638975.0,113870660.0,14:42:42
sz000055,方大集团,3.59,0.08,2.279,3.58,3.59,3.51,3.5,3.6,3.48,10489700.0,37317963.0,14:42:42
sz000056,*ST皇庭,2.07,0.03,1.471,2.06,2.07,2.04,2.01,2.18,2.01,29902100.0,62695124.0,14:42:42
sz000058,深 赛 格,6.94,0.22,3.274,6.93,6.94,6.72,6.71,6.96,6.7,6427598.0,44016740.0,14:42:45
sz000059,华锦股份,4.77,0.11,2.361,4.76,4.77,4.66,4.65,4.83,4.62,46401857.0,220915734.0,14:42:45
sz000060,中金岭南,6.59,-0.07,-1.051,6.58,6.59,6.66,6.61,6.67,6.44,95185796.0,623045144.0,14:42:45
sz000061,农 产 品,6.04,0.32,5.594,6.04,6.05,5.72,5.76,6.08,5.74,52447971.0,313503524.0,14:42:45
sz000062,深圳华强,22.18,0.31,1.417,22.17,22.18,21.87,21.58,22.22,21.4,10082045.0,220680680.0,14:42:45
sz000063,中兴通讯,33.43,0.3,0.906,33.42,33.43,33.13,32.92,33.5,32.83,39900579.0,1327799456.0,14:42:45
sz000065,北方国际,9.95,-0.03,-0.301,9.94,9.95,9.98,9.98,10.14,9.75,62124525.0,617210196.0,14:42:42
sz000066,中国长城,14.07,0.19,1.369,14.07,14.08,13.88,13.76,14.1,13.73,41518172.0,579661372.0,14:42:42
sz000068,华控赛格,3.15,0.07,2.273,3.15,3.16,3.08,3.1,3.16,3.08,10840300.0,33867982.0,14:42:45
sz000069,华侨城Ａ,1.77,0.03,1.724,1.77,1.78,1.74,1.73,1.79,1.73,33122049.0,58511423.0,14:42:42
sz000070,特发信息,16.07,1.46,9.993,16.07,0.0,14.61,14.27,16.07,14.16,52591174.0,817368384.0,14:42:42
sz000078,ST海王,1.62,0.03,1.887,1.62,1.63,1.59,1.58,1.63,1.56,46927202.0,75229712.0,14:42:42
sz000088,盐 田 港,4.51,0.02,0.445,4.51,4.52,4.49,4.47,4.54,4.47,22204508.0,100256938.0,14:42:45
sz000089,深圳机场,6.6,0.09,1.382,6.59,6.6,6.51,6.52,6.65,6.49,20346900.0,134189864.0,14:42:42
sz000090,天健集团,3.49,0.07,2.047,3.49,3.5,3.42,3.38,3.51,3.38,14618221.0,50801853.0,14:42:33
sz000096,广聚能源,8.1,0.17,2.144,8.09,8.1,7.93,7.91,8.1,7.88,6939400.0,55904623.0,14:42:45
sz000099,中信海直,13.59,-0.1,-0.73,13.59,13.6,13.69,13.61,13.67,13.24,8260418.0,111105317.0,14:42:42
sz000100,TCL科技,4.91,-0.01,-0.203,4.91,4.92,4.92,4.87,4.93,4.83,235726764.0,1150951667.0,14:42:45
sz000151,中成股份,10.05,0.16,1.618,10.05,10.06,9.89,9.85,10.09,9.83,5152481.0,51534679.0,14:42:39
sz000153,丰原药业,6.18,0.26,4.392,6.18,6.19,5.92,5.89,6.21,5.86,29134800.0,177343288.0,14:42:45
sz000155,川能动力,12.01,-0.1,-0.826,12.0,12.01,12.11,12.05,12.33,11.84,32899053.0,396270176.0,14:42:45
sz000156,华数传媒,6.86,0.19,2.849,6.85,6.86,6.67,6.7,6.87,6.67,8267306.0,56334072.0,14:42:45
sz000157,中联重科,7.09,0.02,0.283,7.08,7.09,7.07,7.04,7.11,7.02,25411150.0,179356071.0,14:42:45
sz000158,常山北明,12.59,0.2,1.614,12.59,12.6,12.39,12.47,12.64,12.37,14022280.0,175451345.0,14:42:45
sz000159,国际实业,6.0,0.12,2.041,5.99,6.0,5.88,5.86,6.01,5.83,12943706.0,77074579.0,14:42:39
sz000166,申万宏源,4.46,0.02,0.45,4.46,4.47,4.44,4.43,4.47,4.43,38262520.0,170454659.0,14:42:45
sz000301,东方盛虹,13.05,-0.29,-2.174,13.04,13.05,13.34,13.3,13.5,12.97,24236779.0,319345768.0,14:42:45
sz000333,美的集团,86.7,0.71,0.826,86.69,86.71,85.99,86.2,87.4,86.03,23412848.0,2031580552.0,14:42:45
sz000338,潍柴动力,27.11,0.12,0.445,27.11,27.12,26.99,26.84,27.55,26.5,78035112.0,2114133001.0,14:42:42
sz000400,许继电气,22.28,0.41,1.875,22.27,22.28,21.87,21.87,22.36,21.82,12501861.0,277444964.0,14:42:45
sz000401,金隅冀东,3.58,0.05,1.416,3.57,3.58,3.53,3.53,3.59,3.51,7230770.0,25813707.0,14:42:42
sz000402,金 融 街,2.49,0.06,2.469,2.48,2.49,2.43,2.42,2.49,2.42,35003268.0,86293372.0,14:42:45
sz000403,派林生物,10.95,0.69,6.725,10.95,10.96,10.26,10.25,11.03,10.24,16047607.0,171929349.0,14:42:42
sz000404,长虹华意,7.13,0.08,1.135,7.13,7.14,7.05,7.05,7.15,7.01,7333856.0,52166686.0,14:42:36
sz000407,胜利股份,4.15,0.09,2.217,4.14,4.15,4.06,4.05,4.16,4.05,16513190.0,68018154.0,14:42:36
sz000408,藏格矿业,75.8,-1.6,-2.067,75.8,75.81,77.4,78.8,78.85,75.18,11477776.0,877128907.0,14:42:36
sz000409,云鼎科技,8.71,0.18,2.11,8.7,8.71,8.53,8.53,8.72,8.46,3984095.0,34398912.0,14:42:36
sz000410,沈阳机床,5.13,0.09,1.786,5.12,5.13,5.04,5.03,5.14,5.0,12943200.0,65700966.0,14:42:36
sz000411,英特集团,9.81,0.23,2.401,9.81,9.82,9.58,9.51,9.83,9.51,2972000.0,28945807.0,14:42:36
sz000415,渤海租赁,4.47,-0.03,-0.667,4.47,4.48,4.5,4.52,4.61,4.43,49137743.0,220499082.0,14:42:36
sz000417,合百集团,5.67,0.17,3.091,5.66,5.67,5.5,5.47,5.68,5.44,19707927.0,110253545.0,14:42:36
sz000419,通程控股,4.99,0.13,2.675,4.98,4.99,4.86,4.86,4.99,4.84,6326601.0,31260698.0,14:42:36
sz000420,吉林化纤,3.71,0.07,1.923,3.7,3.71,3.64,3.63,3.71,3.61,35075500.0,129056076.0,14:42:36
sz000421,南京公用,5.66,0.14,2.536,5.65,5.66,5.52,5.5,5.71,5.48,16018525.0,90025362.0,14:42:36
sz000422,湖北宜化,12.34,0.06,0.489,12.33,12.34,12.28,12.2,12.38,12.16,14030726.0,172826533.0,14:42:36
sz000423,东阿阿胶,48.9,0.9,1.875,48.9,48.91,48.0,48.18,49.06,48.18,6312833.0,307263835.0,14:42:33
sz000425,徐工机械,8.0,0.06,0.756,8.0,8.01,7.94,7.93,8.03,7.92,49214404.0,393648870.0,14:42:36
sz000426,兴业银锡,39.67,-2.62,-6.195,39.66,39.69,42.29,41.5,41.5,38.79,89239231.0,3552673013.0,14:42:36
sz000428,华天酒店,4.32,0.39,9.924,4.32,0.0,3.93,4.01,4.32,4.0,17913651.0,75858078.0,14:42:30
sz000429,粤高速Ａ,13.44,0.07,0.524,13.43,13.44,13.37,13.29,13.51,13.27,8583203.0,114851478.0,14:42:36
sz000430,张家界,6.81,0.09,1.339,6.81,6.82,6.72,6.74,6.93,6.74,14155700.0,97058564.0,14:42:36
sz000488,ST晨鸣,1.89,0.03,1.613,1.88,1.89,1.86,1.85,1.89,1.84,9156391.0,17114583.0,14:42:15
sz000498,山东路桥,5.01,0.03,0.602,5.01,5.02,4.98,4.98,5.02,4.97,9737128.0,48710850.0,14:42:36
sz000501,武商集团,7.27,0.23,3.267,7.26,7.27,7.04,7.01,7.28,7.0,9221100.0,66389410.0,14:42:30
sz000503,国新健康,6.9,0.2,2.985,6.89,6.9,6.7,6.67,6.92,6.66,10151727.0,69154925.0,14:42:36
sz000504,南华生物,8.29,0.15,1.843,8.29,8.3,8.14,8.17,8.32,8.05,2720800.0,22378809.0,14:42:36
sz000505,京粮控股,7.04,0.38,5.706,7.04,7.05,6.66,6.57,7.28,6.52,90444219.0,633163941.0,14:42:36
sz000506,招金黄金,20.84,-1.5,-6.714,20.84,20.85,22.34,22.3,22.3,20.3,92288059.0,1949407104.0,14:42:36
sz000507,珠海港,5.01,0.04,0.805,5.0,5.01,4.97,4.95,5.02,4.95,6949639.0,34736170.0,14:42:36
sz000509,华塑控股,3.46,0.06,1.765,3.45,3.46,3.4,3.36,3.47,3.35,23500000.0,80617648.0,14:42:36
sz000510,新金路,16.37,-0.25,-1.504,16.37,16.38,16.62,16.45,16.7,15.6,35848927.0,577877501.0,14:42:36
sz000513,丽珠集团,25.99,-0.35,-1.329,25.98,25.99,26.34,26.05,26.36,25.74,10329741.0,267957919.0,14:42:36
sz000514,渝 开 发,4.06,0.12,3.046,4.06,4.07,3.94,3.93,4.07,3.92,11467038.0,46060415.0,14:42:36
sz000516,国际医学,4.17,0.08,1.956,4.17,4.18,4.09,4.09,4.18,4.07,14501805.0,60026087.0,14:42:36
sz000517,荣安地产,2.32,0.0,0.0,2.31,2.32,2.32,2.32,2.34,2.24,46601562.0,106611840.0,14:42:36
sz000518,四环生物,3.83,0.13,3.514,3.82,3.83,3.7,3.71,3.86,3.62,58545911.0,219549181.0,14:42:36
sz000519,中兵红箭,14.09,0.17,1.221,14.08,14.09,13.92,13.74,14.11,13.73,26076223.0,364432553.0,14:42:36
sz000520,凤凰航运,4.23,-0.03,-0.704,4.23,4.24,4.26,4.29,4.31,4.13,28496700.0,120326753.0,14:42:36
sz000521,长虹美菱,4.87,0.06,1.247,4.87,4.88,4.81,4.83,4.88,4.81,5069038.0,24611012.0,14:42:36
sz000523,红棉股份,3.24,0.17,5.537,3.24,3.25,3.07,3.1,3.38,3.09,129645872.0,428498925.0,14:42:36
sz000524,岭南控股,10.12,0.23,2.326,10.12,10.13,9.89,9.89,10.2,9.88,20518004.0,207038820.0,14:42:36
sz000525,红太阳,4.43,0.12,2.784,4.42,4.43,4.31,4.25,4.45,4.18,28536667.0,124153561.0,14:42:36
sz000526,学大教育,36.31,1.73,5.003,36.31,36.32,34.58,34.58,37.3,33.71,7004400.0,248757226.0,14:42:36
sz000528,柳 工,8.11,0.06,0.745,8.1,8.11,8.05,8.02,8.12,8.02,17549190.0,142063557.0,14:42:30
sz000529,广弘控股,5.04,0.11,2.231,5.04,5.05,4.93,4.92,5.06,4.89,3775010.0,18918158.0,14:42:30
sz000530,冰山冷热,5.17,0.18,3.607,5.16,5.17,4.99,4.97,5.18,4.93,21219165.0,107978521.0,14:42:33
sz000531,穗恒运Ａ,5.65,0.05,0.893,5.64,5.65,5.6,5.58,5.65,5.58,4228512.0,23798957.0,14:42:36
sz000532,华金资本,11.34,0.22,1.978,11.33,11.34,11.12,11.02,11.38,11.01,5853400.0,65913159.0,14:42:36
sz000533,顺钠股份,10.56,-0.02,-0.189,10.56,10.57,10.58,10.5,10.6,10.29,28304241.0,296443602.0,14:42:36
sz000534,万泽股份,24.2,-0.13,-0.534,24.19,24.2,24.33,23.91,24.75,23.02,15885441.0,375706110.0,14:42:36
sz000536,华映科技,3.25,0.09,2.848,3.25,3.26,3.16,3.14,3.29,3.12,42202520.0,136150715.0,14:42:36
sz000537,绿发电力,7.58,0.06,0.798,7.58,7.59,7.52,7.5,7.6,7.45,11307020.0,85370673.0,14:42:36
sz000538,云南白药,50.01,0.51,1.03,50.01,50.02,49.5,49.5,50.02,49.49,6344470.0,316116413.0,14:42:36
sz000539,粤电力Ａ,5.33,0.01,0.188,5.33,5.34,5.32,5.28,5.34,5.24,30042251.0,159318774.0,14:42:36
sz000541,佛山照明,4.93,0.02,0.407,4.92,4.93,4.91,4.88,4.94,4.87,4106032.0,20209165.0,14:42:36
sz000543,皖能电力,7.46,0.03,0.404,7.46,7.47,7.43,7.44,7.49,7.4,13186671.0,98382749.0,14:42:36
sz000544,中原环保,7.28,0.11,1.534,7.28,7.29,7.17,7.13,7.3,7.11,3545300.0,25649783.0,14:42:36
sz000545,金浦钛业,2.58,0.06,2.381,2.58,2.59,2.52,2.5,2.6,2.48,40904140.0,104636657.0,14:42:36
sz000546,金圆股份,4.81,0.03,0.628,4.81,4.82,4.78,4.74,4.83,4.71,11549800.0,55198780.0,14:42:36
sz000547,航天发展,13.85,0.39,2.897,13.84,13.85,13.46,13.38,13.91,13.25,41177859.0,561150560.0,14:42:36
sz000548,湖南投资,4.54,0.09,2.022,4.53,4.54,4.45,4.45,4.54,4.42,5716300.0,25706521.0,14:42:36
sz000550,江铃汽车,15.76,0.14,0.896,15.75,15.76,15.62,15.6,15.83,15.54,3008583.0,47348369.0,14:42:36
sz000551,创元科技,12.4,0.14,1.142,12.39,12.4,12.26,12.1,12.41,12.02,12177156.0,149100394.0,14:42:33
sz000552,甘肃能化,2.63,0.01,0.382,2.63,2.64,2.62,2.6,2.69,2.6,89806907.0,237666767.0,14:42:36
sz000553,安道麦A,5.48,0.02,0.366,5.48,5.49,5.46,5.41,5.54,5.41,7227900.0,39778302.0,14:42:36
sz000554,泰山石油,6.54,0.13,2.028,6.53,6.54,6.41,6.36,6.55,6.36,14789361.0,96071821.0,14:42:36
sz000555,神州信息,10.52,0.32,3.137,10.51,10.52,10.2,10.18,10.55,10.13,17393600.0,181173291.0,14:42:36
sz000557,西部创业,3.68,0.07,1.939,3.67,3.68,3.61,3.61,3.69,3.59,8564600.0,31331587.0,14:42:36
sz000558,天府文旅,3.53,0.15,4.438,3.52,3.53,3.38,3.39,3.62,3.39,47696566.0,168333731.0,14:42:36
sz000559,万向钱潮,11.2,0.36,3.321,11.19,11.2,10.84,10.84,11.27,10.77,29741369.0,330046994.0,14:42:36
sz000560,我爱我家,2.39,0.22,10.138,2.39,0.0,2.17,2.15,2.39,2.15,282565034.0,652109941.0,14:42:36
sz000561,烽火电子,7.8,0.29,3.862,7.8,7.81,7.51,7.5,7.84,7.44,12555800.0,96842354.0,14:42:36
sz000563,陕国投Ａ,3.04,0.07,2.357,3.04,3.05,2.97,2.97,3.05,2.96,61218670.0,184971620.0,14:42:36
sz000564,供销大集,1.45,0.03,2.113,1.45,1.46,1.42,1.42,1.47,1.42,244632955.0,355177911.0,14:42:36
sz000565,渝三峡Ａ,6.03,0.1,1.686,6.03,6.04,5.93,5.89,6.05,5.82,9700428.0,58055847.0,14:42:36
sz000566,海南海药,4.97,0.45,9.956,4.97,0.0,4.52,4.5,4.97,4.47,100472721.0,483444441.0,14:42:36
sz000567,海德股份,6.02,0.15,2.555,6.02,6.03,5.87,5.86,6.04,5.84,14218848.0,84590465.0,14:42:36
sz000568,泸州老窖,84.8,-0.71,-0.83,84.77,84.83,85.51,85.53,86.29,84.0,8188212.0,693052917.0,14:42:36
sz000570,苏常柴Ａ,5.13,0.1,1.988,5.13,5.14,5.03,4.99,5.15,4.98,13891323.0,70752343.0,14:42:36
sz000571,新大洲A,6.14,0.17,2.848,6.14,6.15,5.97,5.93,6.21,5.86,18649632.0,112636657.0,14:42:36
sz000572,海马汽车,3.88,0.13,3.467,3.88,3.89,3.75,3.79,3.9,3.73,44727106.0,171447369.0,14:42:36
sz000573,粤宏远Ａ,3.71,0.09,2.486,3.7,3.71,3.62,3.61,3.72,3.58,14692522.0,53732010.0,14:42:36
sz000576,甘化科工,7.25,0.14,1.969,7.24,7.25,7.11,7.03,7.29,7.01,7661816.0,54993782.0,14:42:36
sz000581,威孚高科,17.53,0.23,1.329,17.52,17.53,17.3,17.28,17.54,17.21,4561376.0,79312463.0,14:42:36
sz000582,北部湾港,10.83,0.41,3.935,10.82,10.83,10.42,10.34,11.0,10.31,39693316.0,427230490.0,14:42:36
sz000586,汇源通信,12.91,0.17,1.334,12.91,12.93,12.74,12.58,13.07,12.32,6770600.0,86772109.0,14:42:36
sz000589,贵州轮胎,4.32,0.07,1.647,4.31,4.32,4.25,4.24,4.33,4.24,18939663.0,81202193.0,14:42:36
sz000590,古汉医药,9.42,0.37,4.088,9.42,9.43,9.05,9.0,9.45,8.95,6083900.0,56093856.0,14:42:36
sz000591,太阳能,4.28,0.03,0.706,4.27,4.28,4.25,4.25,4.29,4.23,21537085.0,91837845.0,14:42:36
sz000592,平潭发展,6.19,0.28,4.738,6.18,6.19,5.91,5.85,6.25,5.81,117401069.0,711624719.0,14:42:36
sz000593,德龙汇能,23.18,0.62,2.748,23.18,23.19,22.56,22.4,23.35,21.78,16285134.0,367531490.0,14:42:36
sz000595,新能股份,5.77,0.13,2.305,5.76,5.77,5.64,5.66,5.99,5.44,47137100.0,269776145.0,14:42:36
sz000596,古井贡酒,90.96,0.31,0.342,90.96,90.97,90.65,91.51,92.69,90.0,2636461.0,239514904.0,14:42:36
sz000597,东北制药,5.0,0.12,2.459,5.0,5.01,4.88,4.84,5.01,4.78,21707747.0,107017155.0,14:42:36
sz000598,兴蓉环境,7.14,-0.01,-0.14,7.13,7.15,7.15,7.16,7.23,7.1,11127900.0,79567236.0,14:42:33
sz000599,青岛双星,4.73,0.12,2.603,4.73,4.74,4.61,4.6,4.75,4.57,8778804.0,41101760.0,14:42:36
sz000600,建投能源,7.96,0.04,0.505,7.95,7.96,7.92,7.93,7.96,7.86,9451000.0,74944272.0,14:42:36
sz000601,韶能股份,6.13,-0.03,-0.487,6.13,6.14,6.16,6.06,6.2,6.0,28427272.0,173569749.0,14:42:36
sz000603,盛达资源,36.6,-3.26,-8.179,36.57,36.6,39.86,39.7,39.7,35.95,87801985.0,3247075442.0,14:42:36
sz000605,渤海股份,5.99,0.13,2.218,5.99,6.0,5.86,5.84,6.01,5.71,3334201.0,19693920.0,14:42:33
sz000607,华媒控股,3.74,0.1,2.747,3.74,3.75,3.64,3.63,3.76,3.61,11622700.0,42993603.0,14:42:36
sz000608,阳光股份,7.23,-0.01,-0.138,7.24,7.25,7.24,7.11,7.35,7.0,14045716.0,101682755.0,14:42:36
sz000609,*ST中迪,10.07,0.08,0.801,10.04,10.07,9.99,9.9,10.24,9.66,4989000.0,49316894.0,14:42:33
sz000610,*ST西旅,6.13,0.04,0.657,6.13,6.14,6.09,6.03,6.23,6.03,2305900.0,14149896.0,14:42:33
sz000612,焦作万方,10.98,-0.13,-1.17,10.97,10.98,11.11,11.06,11.15,10.8,23814406.0,261333053.0,14:42:36
sz000615,*ST美谷,3.29,-0.01,-0.303,3.29,3.3,3.3,3.27,3.31,3.27,2959390.0,9734268.0,14:42:21
sz000617,中油资本,7.47,0.32,4.476,7.46,7.47,7.15,7.21,7.8,7.17,301529904.0,2254321541.0,14:42:36
sz000619,海螺新材,4.95,0.14,2.911,4.95,4.96,4.81,4.8,4.97,4.78,4287900.0,20999373.0,14:42:36
sz000620,盈新发展,3.5,0.03,0.865,3.49,3.5,3.47,3.31,3.64,3.26,579604384.0,1995768385.0,14:42:36
sz000623,吉林敖东,18.05,0.07,0.389,18.04,18.05,17.98,17.92,18.06,17.92,7204321.0,129561820.0,14:42:36
sz000625,长安汽车,7.11,0.06,0.851,7.1,7.11,7.05,7.03,7.11,7.02,24841459.0,175627851.0,14:42:36
sz000626,远大控股,8.26,0.2,2.481,8.25,8.26,8.06,8.02,8.35,7.93,13891200.0,113802818.0,14:42:36
sz000628,高新发展,47.85,0.09,0.188,47.84,47.85,47.76,47.37,48.11,45.83,14671021.0,689248272.0,14:42:36
sz000629,钒钛股份,3.03,-0.01,-0.329,3.02,3.03,3.04,3.02,3.04,3.0,71806955.0,217050627.0,14:42:36
sz000630,铜陵有色,6.43,-0.2,-3.017,6.43,6.44,6.63,6.6,6.65,6.36,242213654.0,1562903449.0,14:42:36
sz000631,顺发恒能,2.97,0.05,1.712,2.97,2.98,2.92,2.92,2.98,2.9,8118187.0,23984453.0,14:42:27
sz000632,ST三木,3.67,0.02,0.548,3.67,3.68,3.65,3.66,3.74,3.57,5181300.0,19095302.0,14:42:36
sz000633,合金投资,5.38,0.09,1.701,5.37,5.38,5.29,5.23,5.39,5.2,5612600.0,29903785.0,14:42:36
sz000635,英 力 特,6.46,0.16,2.54,6.45,6.47,6.3,6.3,6.48,6.22,3973800.0,25353144.0,14:42:30
sz000636,风华高科,51.32,-0.59,-1.137,51.32,51.35,51.91,50.79,52.59,49.46,76986888.0,3924223364.0,14:42:36
sz000637,茂化实华,4.11,0.12,3.008,4.1,4.11,3.99,4.0,4.12,3.98,7031800.0,28646352.0,14:42:21
sz000639,ST西王,1.78,-0.08,-4.301,1.77,1.78,1.86,1.82,1.86,1.75,79808823.0,143874664.0,14:42:36
sz000650,仁和药业,5.49,0.15,2.809,5.48,5.49,5.34,5.32,5.5,5.31,21371312.0,116063309.0,14:42:36
sz000651,格力电器,41.7,0.25,0.603,41.7,41.71,41.45,41.46,41.98,41.41,44228803.0,1842910998.0,14:42:36
sz000652,泰达股份,3.47,0.07,2.059,3.46,3.47,3.4,3.38,3.48,3.37,9499344.0,32741456.0,14:42:36
sz000655,金岭矿业,7.12,0.06,0.85,7.11,7.12,7.06,7.06,7.17,7.0,9062450.0,64374778.0,14:42:33
sz000656,金科股份,1.26,0.01,0.8,1.25,1.26,1.25,1.24,1.28,1.23,142013778.0,177734625.0,14:42:36
sz000657,中钨高新,63.95,-2.81,-4.209,63.94,63.95,66.76,65.7,65.86,62.0,73592718.0,4694158494.0,14:42:36
sz000659,珠海中富,2.85,0.26,10.039,2.85,0.0,2.59,2.58,2.85,2.57,37847382.0,102732896.0,14:42:33
sz000661,长春高新,80.08,3.97,5.216,80.09,80.11,76.11,76.0,80.49,75.7,8873992.0,698031116.0,14:42:36
sz000663,永安林业,5.81,0.17,3.014,5.8,5.81,5.64,5.59,5.81,5.59,4972199.0,28428095.0,14:42:33
sz000665,湖北广电,3.91,0.1,2.625,3.9,3.91,3.81,3.77,3.92,3.76,15591958.0,60320251.0,14:42:33
sz000668,荣丰控股,22.85,0.82,3.722,22.84,22.86,22.03,22.03,23.0,21.6,2896700.0,64737695.0,14:42:36
sz000669,ST金鸿,4.18,0.08,1.951,4.17,4.18,4.1,4.12,4.21,4.1,6314700.0,26226422.0,14:42:36
sz000670,盈方微,7.01,-0.3,-4.104,7.0,7.01,7.31,7.05,7.1,6.58,63596826.0,434316879.0,14:42:36
sz000672,上峰材料,13.86,-0.19,-1.352,13.86,13.87,14.05,13.89,14.03,13.48,16824075.0,231249355.0,14:42:36
sz000676,智度股份,6.72,0.28,4.348,6.72,6.73,6.44,6.4,6.75,6.38,68465818.0,454151385.0,14:42:36
sz000677,ST海龙,1.73,0.03,1.765,1.72,1.73,1.7,1.68,1.74,1.68,18990897.0,32517629.0,14:42:33
sz000678,襄阳轴承,8.68,0.36,4.327,8.68,8.69,8.32,8.27,8.85,8.21,21482525.0,184259746.0,14:42:36
sz000679,大连友谊,6.17,0.17,2.833,6.16,6.17,6.0,5.99,6.18,5.98,5332900.0,32517668.0,14:42:36
sz000680,山推股份,10.33,0.08,0.78,10.33,10.34,10.25,10.24,10.37,10.23,9927600.0,102199521.0,14:42:36
sz000681,视觉中国,16.85,0.41,2.494,16.85,16.86,16.44,16.44,16.89,16.29,14912786.0,248676580.0,14:42:36
sz000682,东方电子,11.53,0.05,0.436,11.53,11.54,11.48,11.47,11.56,11.44,7570036.0,87075169.0,14:42:36
sz000683,博源化工,6.17,0.03,0.489,6.16,6.17,6.14,6.15,6.22,6.06,63846091.0,391581548.0,14:42:36
sz000685,中山公用,11.13,0.02,0.18,11.12,11.13,11.11,11.15,11.3,11.07,9223330.0,102782349.0,14:42:36
sz000686,东北证券,7.85,0.05,0.641,7.84,7.85,7.8,7.79,7.86,7.78,11043755.0,86394496.0,14:42:36
sz000688,国城矿业,31.0,-2.9,-8.555,31.0,31.01,33.9,33.56,33.68,30.51,29241781.0,924903454.0,14:42:36
sz000690,宝新能源,4.93,-0.07,-1.4,4.93,4.94,5.0,4.94,4.98,4.88,64275470.0,316584929.0,14:42:36
sz000691,亚太实业,10.19,0.01,0.098,10.18,10.19,10.18,10.12,10.44,10.05,4300790.0,43899368.0,14:42:33
sz000692,惠天热电,4.25,0.06,1.432,4.25,4.26,4.19,4.17,4.26,4.11,15807554.0,66428001.0,14:42:36
sz000695,滨海能源,15.35,1.4,10.036,15.35,0.0,13.95,13.86,15.35,13.74,19860201.0,298192121.0,14:42:27
sz000697,炼石航空,8.26,-0.08,-0.959,8.26,8.27,8.34,8.22,8.33,8.15,4496300.0,37044752.0,14:42:30
sz000698,ST沈化,3.56,0.04,1.136,3.56,3.57,3.52,3.52,3.57,3.5,2868200.0,10161722.0,14:41:57
sz000700,模塑科技,10.93,0.19,1.769,10.93,10.94,10.74,10.62,10.98,10.47,21076705.0,227411943.0,14:42:36
sz000701,厦门信达,5.06,0.09,1.811,5.05,5.06,4.97,4.98,5.07,4.93,9343500.0,46848101.0,14:42:36
sz000702,正虹科技,5.66,0.21,3.853,5.65,5.66,5.45,5.43,5.66,5.4,5983100.0,33243378.0,14:42:36
sz000703,恒逸石化,18.32,-0.7,-3.68,18.31,18.32,19.02,19.29,19.38,18.0,107790924.0,2000567902.0,14:42:36
sz000705,浙江震元,7.22,0.29,4.185,7.21,7.22,6.93,6.93,7.24,6.9,6939000.0,49297829.0,14:42:36
sz000707,双环科技,4.65,0.08,1.751,4.65,4.66,4.57,4.57,4.68,4.55,8070500.0,37450220.0,14:42:36
sz000708,中信特钢,13.86,-0.08,-0.574,13.85,13.86,13.94,13.94,13.98,13.66,10185060.0,140459513.0,14:42:36
sz000709,河钢股份,2.12,0.02,0.952,2.11,2.12,2.1,2.09,2.12,2.09,53459900.0,112692775.0,14:42:36
sz000710,贝瑞基因,9.5,-0.2,-2.062,9.5,9.51,9.7,9.61,9.8,9.33,37395630.0,354830945.0,14:42:36
sz000711,ST京蓝,6.26,-0.34,-5.152,6.25,6.26,6.6,6.54,6.67,6.18,140114833.0,895236514.0,14:42:36
sz000712,锦龙股份,8.88,-0.18,-1.987,8.87,8.88,9.06,8.89,9.2,8.74,36147237.0,319952287.0,14:42:42
sz000713,国投丰乐,6.25,0.17,2.796,6.24,6.25,6.08,6.0,6.44,5.95,26407054.0,165436705.0,14:42:42
sz000715,中兴商业,5.32,0.17,3.301,5.32,5.33,5.15,5.16,5.35,5.14,11583300.0,61018216.0,14:42:42
sz000716,黑芝麻,5.0,0.28,5.932,4.99,5.0,4.72,4.68,5.19,4.67,66440324.0,331765637.0,14:42:42
sz000717,中南股份,2.3,0.09,4.072,2.29,2.3,2.21,2.22,2.3,2.21,31487761.0,71388439.0,14:42:39
sz000718,苏宁环球,1.91,0.06,3.243,1.91,1.92,1.85,1.84,1.92,1.84,25071090.0,47483200.0,14:42:42
sz000719,中原传媒,12.09,0.39,3.333,12.09,12.1,11.7,11.7,12.13,11.7,5539726.0,66168670.0,14:42:42
sz000720,新能泰山,3.72,0.08,2.198,3.72,3.73,3.64,3.6,3.74,3.56,31621800.0,116102813.0,14:42:42
sz000721,西安饮食,6.66,0.26,4.062,6.66,6.67,6.4,6.37,6.71,6.37,16154169.0,106617793.0,14:42:42
sz000722,湖南发展,12.92,0.11,0.859,12.92,12.93,12.81,12.83,12.96,12.6,7318011.0,93862091.0,14:42:42
sz000723,美锦能源,3.88,-0.01,-0.257,3.87,3.88,3.89,3.92,4.09,3.86,259938929.0,1030357899.0,14:42:42
sz000725,京东方Ａ,5.75,0.0,0.0,5.75,5.76,5.75,5.65,5.79,5.53,938050402.0,5316049238.0,14:42:42
sz000726,鲁 泰Ａ,5.95,0.05,0.847,5.94,5.95,5.9,5.87,5.96,5.84,3887801.0,23045466.0,14:42:42
sz000727,冠捷科技,2.27,0.1,4.608,2.27,2.28,2.17,2.17,2.31,2.16,133088070.0,300049672.0,14:42:42
sz000728,国元证券,7.36,0.27,3.808,7.36,7.37,7.09,7.23,7.4,7.21,68453801.0,501797804.0,14:42:42
sz000729,燕京啤酒,11.41,0.01,0.088,11.4,11.41,11.4,11.38,11.61,11.3,20212051.0,231374115.0,14:42:42
sz000731,四川美丰,6.2,-0.01,-0.161,6.19,6.2,6.21,6.2,6.24,6.11,7119200.0,44026642.0,14:42:42
sz000733,振华科技,39.65,0.55,1.407,39.64,39.65,39.1,38.71,39.76,38.58,7561991.0,297243853.0,14:42:42
sz000735,罗 牛 山,5.49,0.17,3.195,5.49,5.5,5.32,5.25,5.51,5.24,69372285.0,374553345.0,14:42:42
sz000736,中交发展,4.46,0.21,4.941,4.46,4.47,4.25,4.27,4.64,4.24,30930133.0,137926770.0,14:42:42
sz000737,北方铜业,14.52,-0.39,-2.616,14.51,14.52,14.91,14.9,15.05,14.29,68443558.0,999007872.0,14:42:42
sz000738,航发控制,17.77,-0.05,-0.281,17.76,17.78,17.82,17.74,17.92,17.53,6637414.0,117608681.0,14:42:42
sz000739,普洛药业,20.93,1.22,6.19,20.92,20.93,19.71,19.65,20.95,19.32,25866255.0,525235890.0,14:42:42
sz000750,国海证券,3.71,0.01,0.27,3.71,3.72,3.7,3.69,3.72,3.68,20423575.0,75779957.0,14:42:42
sz000751,锌业股份,5.12,-0.17,-3.214,5.12,5.13,5.29,5.22,5.3,5.05,78542936.0,403211134.0,14:42:42
sz000752,*ST西发,8.82,-0.05,-0.564,8.82,8.83,8.87,8.82,8.95,8.82,1539200.0,13628370.0,14:42:42
sz000753,漳州发展,4.77,0.14,3.024,4.76,4.77,4.63,4.59,4.79,4.57,17497122.0,82330109.0,14:42:42
sz000755,山西高速,4.79,-0.01,-0.208,4.79,4.8,4.8,4.75,4.82,4.75,3259010.0,15589744.0,14:42:42
sz000756,新华制药,13.53,0.36,2.733,13.52,13.53,13.17,13.05,13.57,12.99,9839013.0,131579121.0,14:42:42
sz000757,浩物股份,4.44,0.16,3.738,4.43,4.44,4.28,4.28,4.44,4.26,9503700.0,41515718.0,14:42:39
sz000758,中色股份,6.1,-0.04,-0.651,6.1,6.11,6.14,6.13,6.17,6.0,23710438.0,144321711.0,14:42:42
sz000759,中百集团,6.13,0.47,8.304,6.13,6.14,5.66,5.59,6.23,5.57,97154735.0,587082712.0,14:42:42
sz000761,本钢板材,2.39,0.07,3.017,2.39,2.4,2.32,2.33,2.4,2.31,17462698.0,41451515.0,14:42:42
sz000762,西藏矿业,22.81,-0.57,-2.438,22.81,22.82,23.38,23.15,23.37,22.43,14072480.0,321917939.0,14:42:42
sz000766,通化金马,16.07,0.39,2.487,16.07,16.08,15.68,15.65,16.17,15.56,19018153.0,302126290.0,14:42:42
sz000767,晋控电力,3.45,0.03,0.877,3.45,3.46,3.42,3.4,3.48,3.38,55790596.0,192095862.0,14:42:42
sz000768,中航西飞,20.48,-0.88,-4.12,20.47,20.48,21.36,20.7,20.9,20.32,31272627.0,642773061.0,14:42:42
sz000776,广发证券,20.46,-0.18,-0.872,20.45,20.46,20.64,20.51,20.63,20.28,32743100.0,668318534.0,14:42:42
sz000777,中核科技,17.33,0.47,2.788,17.33,17.34,16.86,16.91,17.35,16.82,6034142.0,103607609.0,14:42:42
sz000778,新兴铸管,3.65,-0.07,-1.882,3.64,3.65,3.72,3.61,3.68,3.58,70441287.0,255362681.0,14:42:42
sz000779,甘咨询,10.01,0.91,10.0,10.01,0.0,9.1,9.02,10.01,8.85,62561735.0,601596558.0,14:42:42
sz000782,恒申新材,7.86,-0.13,-1.627,7.85,7.86,7.99,7.91,7.94,7.64,14929375.0,116369759.0,14:42:39
sz000783,长江证券,8.6,-0.03,-0.348,8.59,8.6,8.63,8.57,8.64,8.47,60291915.0,515204344.0,14:42:42
sz000785,居然智家,2.29,0.06,2.691,2.28,2.29,2.23,2.23,2.31,2.23,67120100.0,153000290.0,14:42:42
sz000786,北新建材,16.96,-0.13,-0.761,16.96,16.97,17.09,16.99,17.19,16.86,18536728.0,314991649.0,14:42:42
sz000788,北大医药,5.7,0.19,3.448,5.7,5.71,5.51,5.47,5.73,5.42,23418277.0,131306168.0,14:42:42
sz000789,万年青,4.14,0.06,1.471,4.13,4.14,4.08,4.07,4.14,4.05,3092100.0,12740643.0,14:42:36
sz000790,华神科技,4.16,0.14,3.483,4.15,4.16,4.02,4.02,4.17,3.99,15051902.0,61524697.0,14:42:42
sz000791,甘肃能源,7.21,-0.06,-0.825,7.2,7.21,7.27,7.23,7.29,7.18,14284066.0,103040506.0,14:42:42
sz000792,盐湖股份,27.42,-1.06,-3.722,27.42,27.43,28.48,28.38,28.59,27.28,70847035.0,1966345947.0,14:42:42
sz000793,ST华闻,2.14,0.0,0.0,2.14,2.15,2.14,2.14,2.15,2.12,7054510.0,15064607.0,14:42:42
sz000795,英洛华,9.08,0.52,6.075,9.07,9.08,8.56,8.63,9.42,8.6,56117754.0,514921508.0,14:42:42
sz000796,凯撒旅业,4.18,0.38,10.0,4.18,0.0,3.8,3.82,4.18,3.8,39620876.0,163020553.0,14:42:42
sz000797,中国武夷,2.45,0.08,3.376,2.44,2.45,2.37,2.36,2.45,2.36,25090452.0,60613622.0,14:42:42
sz000798,中水渔业,9.0,0.3,3.448,8.99,9.0,8.7,8.62,9.06,8.6,17445203.0,155775427.0,14:42:42
sz000799,酒鬼酒,38.91,0.54,1.407,38.9,38.91,38.37,38.5,39.34,38.35,5415186.0,210127665.0,14:42:42
sz000800,一汽解放,6.24,0.11,1.794,6.23,6.24,6.13,6.13,6.25,6.11,12233159.0,75992592.0,14:42:42
sz000801,四川九洲,11.39,0.28,2.52,11.39,11.4,11.11,11.09,11.43,11.01,9885399.0,111626845.0,14:42:42
sz000802,北京文化,3.91,0.08,2.089,3.91,3.92,3.83,3.8,3.94,3.79,78738669.0,306231730.0,14:42:42
sz000803,山高环能,7.29,-0.06,-0.816,7.29,7.3,7.35,7.26,7.48,7.26,5853700.0,42994638.0,14:42:42
sz000807,云铝股份,26.15,-0.14,-0.533,26.15,26.16,26.29,26.16,26.35,25.77,41574083.0,1083173785.0,14:42:42
sz000809,和展能源,3.45,0.07,2.071,3.45,3.46,3.38,3.39,3.47,3.33,10390000.0,35577946.0,14:42:42
sz000810,创维数字,9.7,0.37,3.966,9.7,9.71,9.33,9.28,9.75,9.23,18775345.0,179396530.0,14:42:42
sz000811,冰轮环境,42.92,1.52,3.671,42.91,42.92,41.4,39.91,43.92,39.18,57216966.0,2393050860.0,14:42:42
sz000812,陕西金叶,3.62,0.08,2.26,3.62,3.63,3.54,3.54,3.64,3.52,11116496.0,39997483.0,14:42:36
sz000813,德展健康,3.31,0.14,4.416,3.31,3.32,3.17,3.17,3.33,3.14,36374290.0,117889265.0,14:42:42
sz000815,美利云,16.7,0.65,4.05,16.69,16.7,16.05,15.66,17.29,15.53,73559472.0,1221066664.0,14:42:42
sz000816,智慧农业,2.83,0.05,1.799,2.82,2.83,2.78,2.78,2.84,2.75,23796200.0,67014832.0,14:42:42
sz000818,航锦科技,12.04,0.34,2.906,12.03,12.04,11.7,11.56,12.08,11.55,14350626.0,170363619.0,14:42:39
sz000819,岳阳兴长,12.05,0.13,1.091,12.05,12.06,11.92,11.92,12.09,11.75,3308068.0,39507858.0,14:42:39
sz000820,神雾节能,3.59,0.14,4.058,3.59,3.6,3.45,3.44,3.72,3.42,24486900.0,86870337.0,14:42:42
sz000821,ST京机,7.11,0.18,2.597,7.11,7.12,6.93,6.92,7.15,6.89,5730700.0,40333030.0,14:42:42
sz000822,山东海化,4.41,0.11,2.558,4.4,4.41,4.3,4.25,4.41,4.25,14664800.0,64084010.0,14:42:39
sz000823,超声电子,14.9,0.25,1.706,14.89,14.9,14.65,14.3,14.98,14.03,30607782.0,446369464.0,14:42:42
sz000825,太钢不锈,3.51,0.05,1.445,3.51,3.52,3.46,3.45,3.52,3.44,29004100.0,101223961.0,14:42:42
sz000826,*ST启环,1.99,0.04,2.051,1.98,1.99,1.95,2.01,2.04,1.97,21339924.0,42614756.0,14:42:42
sz000828,东莞控股,10.04,0.11,1.108,10.03,10.04,9.93,9.89,10.04,9.87,8951140.0,89226171.0,14:42:42
sz000829,天音控股,8.56,0.3,3.632,8.55,8.56,8.26,8.23,8.58,8.19,19249332.0,162364549.0,14:42:42
sz000830,鲁西化工,11.89,0.1,0.848,11.88,11.89,11.79,11.74,12.11,11.73,28625198.0,342191788.0,14:42:42
sz000831,中国稀土,57.89,-0.33,-0.567,57.89,57.9,58.22,58.22,59.85,57.13,30431968.0,1770428396.0,14:42:42
sz000833,粤桂股份,20.92,-0.35,-1.646,20.92,20.93,21.27,21.0,21.55,20.8,19995616.0,421305860.0,14:42:45
sz000837,秦川机床,10.13,0.35,3.579,10.12,10.13,9.78,9.7,10.19,9.69,16589310.0,165644121.0,14:42:45
sz000838,*ST发展,2.96,-0.02,-0.671,2.96,2.97,2.98,3.0,3.11,2.88,51435050.0,154076841.0,14:42:45
sz000839,国安股份,2.73,0.01,0.368,2.73,2.74,2.72,2.7,2.75,2.69,33863000.0,92576165.0,14:42:45
sz000848,承德露露,8.55,0.12,1.423,8.55,8.56,8.43,8.44,8.62,8.43,11932101.0,102222015.0,14:42:45
sz000850,华茂股份,4.39,0.17,4.028,4.38,4.39,4.22,4.25,4.41,4.22,15404204.0,66904153.0,14:42:45
sz000852,石化机械,5.36,0.2,3.876,5.35,5.36,5.16,5.1,5.37,5.08,21825119.0,115548482.0,14:42:45
sz000856,冀东装备,8.59,0.28,3.369,8.59,8.6,8.31,8.24,8.63,8.24,7856299.0,66400575.0,14:42:45
sz000858,五 粮 液,71.48,0.0,0.0,71.48,71.49,71.48,71.5,71.8,71.19,16309258.0,1164970442.0,14:42:45
sz000859,国风新材,8.7,0.03,0.346,8.7,8.71,8.67,8.55,8.74,8.46,22137988.0,190975603.0,14:42:45
sz000860,顺鑫农业,10.44,0.26,2.554,10.44,10.45,10.18,10.26,10.53,10.21,8386548.0,87524833.0,14:42:45
sz000862,银星能源,5.23,0.08,1.553,5.22,5.23,5.15,5.13,5.25,5.1,13487200.0,70122038.0,14:42:45
sz000863,三湘印象,4.25,0.12,2.906,4.24,4.25,4.13,4.09,4.25,4.09,14438139.0,60487809.0,14:42:45
sz000868,安凯客车,3.54,0.07,2.017,3.54,3.55,3.47,3.48,3.55,3.45,9828466.0,34545909.0,14:42:45
sz000869,张 裕Ａ,16.03,0.1,0.628,16.03,16.04,15.93,15.92,16.13,15.88,1764898.0,28264398.0,14:42:45
sz000875,电投绿能,4.91,-0.13,-2.579,4.9,4.91,5.04,5.03,5.06,4.88,43584400.0,215089714.0,14:42:45
sz000876,新 希 望,7.03,0.17,2.478,7.03,7.04,6.86,6.84,7.05,6.84,33786647.0,235962285.0,14:42:45
sz000877,天山股份,3.7,0.05,1.37,3.69,3.7,3.65,3.65,3.71,3.62,8185183.0,30153506.0,14:42:42
sz000878,云南铜业,16.18,-0.36,-2.177,16.18,16.19,16.54,16.5,16.67,15.83,38602397.0,622764070.0,14:42:45
sz000880,潍柴重机,23.02,-0.02,-0.087,23.03,23.04,23.04,22.86,23.32,22.66,4705163.0,108182419.0,14:42:45
sz000881,中广核技,6.43,0.08,1.26,6.43,6.44,6.35,6.34,6.45,6.32,5511790.0,35242424.0,14:42:42
sz000882,华联股份,1.47,0.05,3.521,1.47,1.48,1.42,1.41,1.48,1.41,60803400.0,88268716.0,14:42:45
sz000883,湖北能源,4.55,0.06,1.336,4.54,4.55,4.49,4.48,4.57,4.48,20513653.0,93118380.0,14:42:45
sz000885,城发环境,12.17,0.07,0.579,12.16,12.17,12.1,12.09,12.18,12.05,4726420.0,57301317.0,14:42:45
sz000886,海南高速,4.68,0.13,2.857,4.67,4.69,4.55,4.53,4.69,4.51,14698350.0,68024087.0,14:42:45
sz000887,中鼎股份,20.98,-0.09,-0.427,20.96,20.98,21.07,20.96,21.19,20.37,33934726.0,707197127.0,14:42:45
sz000888,峨眉山Ａ,9.97,0.19,1.943,9.97,9.98,9.78,9.78,10.04,9.78,11163660.0,111038609.0,14:42:45
sz000889,中嘉博创,4.02,0.13,3.342,4.01,4.02,3.89,3.85,4.05,3.82,50914460.0,201291276.0,14:42:45
sz000890,法尔胜,7.29,0.25,3.551,7.29,7.3,7.04,6.93,7.32,6.92,9111700.0,65306587.0,14:42:45
sz000892,欢瑞世纪,3.75,0.1,2.74,3.75,3.76,3.65,3.64,3.77,3.6,26879900.0,99350174.0,14:42:45
sz000893,亚钾国际,46.41,-0.12,-0.258,46.4,46.41,46.53,46.39,48.81,46.28,15530991.0,739391701.0,14:42:45
sz000895,双汇发展,25.17,-0.21,-0.827,25.16,25.17,25.38,25.39,25.58,25.06,9166784.0,231700077.0,14:42:45
sz000897,津滨发展,1.81,0.05,2.841,1.8,1.81,1.76,1.75,1.82,1.75,32630840.0,58597398.0,14:42:45
sz000898,鞍钢股份,2.03,0.03,1.5,2.02,2.03,2.0,1.99,2.03,1.99,25946726.0,52328759.0,14:42:45
sz000899,赣能股份,9.5,0.05,0.529,9.5,9.51,9.45,9.3,9.53,9.25,9765500.0,92015893.0,14:42:45
sz000900,现代投资,3.69,0.05,1.374,3.69,3.7,3.64,3.63,3.71,3.63,12598747.0,46341437.0,14:42:45
sz000901,航天科技,13.73,0.42,3.156,13.72,13.73,13.31,13.25,13.77,13.11,12213653.0,165421843.0,14:42:45
sz000902,新洋丰,13.71,-0.04,-0.291,13.71,13.72,13.75,13.82,13.95,13.58,12050700.0,165679158.0,14:42:45
sz000903,ST云动,1.88,0.02,1.075,1.88,1.89,1.86,1.87,1.89,1.85,11172100.0,20917627.0,14:42:45
sz000905,厦门港务,8.88,0.34,3.981,8.88,8.89,8.54,8.46,8.97,8.46,16404331.0,144678984.0,14:42:45
sz000906,浙商中拓,5.41,0.13,2.462,5.41,5.42,5.28,5.27,5.42,5.26,7782917.0,41690443.0,14:42:45
sz000908,石药景峰,6.52,0.1,1.558,6.51,6.52,6.42,6.38,6.53,6.33,14477400.0,93184413.0,14:42:45
sz000909,*ST数源,4.25,0.12,2.906,4.24,4.27,4.13,4.13,4.29,4.1,1723855.0,7283180.0,14:42:33
sz000910,大亚圣象,5.44,0.15,2.836,5.43,5.44,5.29,5.29,5.45,5.27,4918100.0,26496208.0,14:42:45
sz000911,*ST广糖,4.95,0.0,0.0,4.95,4.96,4.95,4.97,5.12,4.86,7657501.0,38251500.0,14:42:39
sz000912,泸天化,3.91,0.1,2.625,3.9,3.91,3.81,3.82,4.03,3.78,60603087.0,237307163.0,14:42:45
sz000913,钱江摩托,11.72,0.32,2.807,11.71,11.72,11.4,11.4,11.73,11.36,3417540.0,39467354.0,14:42:39
sz000915,华特达因,24.25,0.45,1.891,24.24,24.25,23.8,23.64,24.26,23.55,3281060.0,78987491.0,14:42:45
sz000917,电广传媒,7.04,0.16,2.326,7.03,7.04,6.88,6.85,7.05,6.81,17097200.0,119029678.0,14:42:45
sz000919,金陵药业,6.72,0.21,3.226,6.71,6.72,6.51,6.51,6.73,6.43,15727615.0,104131881.0,14:42:45
sz000920,沃顿科技,11.46,0.14,1.237,11.45,11.46,11.32,11.25,11.48,11.12,4660800.0,52747628.0,14:42:45
sz000921,海信家电,25.64,0.86,3.471,25.64,25.65,24.78,24.8,25.7,24.78,7572678.0,192082105.0,14:42:45
sz000922,佳电股份,11.84,0.04,0.339,11.84,11.86,11.8,11.71,11.88,11.7,4052844.0,47823703.0,14:42:45
sz000923,河钢资源,15.63,-0.08,-0.509,15.63,15.64,15.71,15.8,15.95,15.1,16764500.0,259740977.0,14:42:45
sz000925,众合科技,8.36,-0.61,-6.8,8.36,8.37,8.97,9.01,9.01,8.19,80372423.0,678731503.0,14:42:45
sz000926,福星股份,2.22,0.05,2.304,2.21,2.22,2.17,2.18,2.23,2.17,25927582.0,57291839.0,14:42:45
sz000927,中国铁物,2.47,0.06,2.49,2.47,2.48,2.41,2.42,2.48,2.41,50929344.0,125177244.0,14:42:45
sz000928,中钢国际,5.11,0.06,1.188,5.1,5.11,5.05,5.03,5.12,5.02,13089878.0,66720154.0,14:42:45
sz000929,兰州黄河,9.04,0.28,3.196,9.04,9.05,8.76,8.74,9.06,8.7,2137900.0,19049830.0,14:42:45
sz000930,中粮科技,4.89,0.11,2.301,4.88,4.89,4.78,4.77,4.91,4.75,25016747.0,121822911.0,14:42:45
sz000931,中 关 村,5.25,-0.35,-6.25,5.24,5.25,5.6,5.49,5.52,5.04,119081175.0,621710232.0,14:42:45
sz000932,华菱钢铁,3.66,0.02,0.549,3.65,3.66,3.64,3.63,3.66,3.61,56945603.0,207061885.0,14:42:45
sz000933,神火股份,25.97,-0.11,-0.422,25.97,25.98,26.08,25.9,26.22,25.65,26706068.0,692748637.0,14:42:45
sz000935,四川双马,22.54,0.44,1.991,22.53,22.54,22.1,21.95,22.7,21.94,3034454.0,67887530.0,14:42:45
sz000936,华西股份,5.63,0.18,3.303,5.63,5.64,5.45,5.39,5.71,5.37,34540551.0,192679640.0,14:42:45
sz000937,冀中能源,4.86,0.04,0.83,4.86,4.87,4.82,4.81,4.92,4.8,24483137.0,119298785.0,14:42:45
sz000938,紫光股份,35.15,0.66,1.914,35.15,35.16,34.49,34.0,35.34,33.96,99368668.0,3458141313.0,14:42:45
sz000948,南天信息,14.38,0.69,5.04,14.37,14.38,13.69,13.56,14.46,13.48,13958134.0,198208921.0,14:42:45
sz000949,新乡化纤,7.04,0.09,1.295,7.04,7.05,6.95,6.91,7.18,6.81,41932706.0,294361635.0,14:42:45
sz000950,重药控股,5.59,0.18,3.327,5.58,5.59,5.41,5.4,5.6,5.37,33310473.0,183487132.0,14:42:45
sz000951,中国重汽,20.09,0.37,1.876,20.09,20.1,19.72,19.78,20.13,19.64,6447263.0,128154764.0,14:42:45
sz000952,广济药业,6.54,0.22,3.481,6.54,6.55,6.32,6.33,6.57,6.22,6164404.0,39710192.0,14:42:45
sz000953,中哲精化,6.4,0.24,3.896,6.39,6.4,6.16,6.18,6.42,6.1,8396000.0,52683905.0,14:42:45
sz000955,欣龙控股,4.23,0.14,3.423,4.23,4.24,4.09,4.07,4.24,4.03,12955250.0,53906441.0,14:42:45
sz000957,中通客车,10.43,0.09,0.87,10.42,10.43,10.34,10.31,10.45,10.27,5940300.0,61700555.0,14:42:42
sz000958,电投产融,5.32,0.07,1.333,5.31,5.32,5.25,5.25,5.32,5.24,9132937.0,48226099.0,14:42:45
sz000959,首钢股份,3.56,0.03,0.85,3.56,3.57,3.53,3.52,3.58,3.51,27242624.0,96553831.0,14:42:45
sz000960,锡业股份,34.95,-1.08,-2.998,34.95,34.96,36.03,35.46,35.98,34.22,46338859.0,1612222357.0,14:42:45
sz000962,东方钽业,52.02,0.62,1.206,52.01,52.02,51.4,50.01,54.04,50.01,24191807.0,1268889418.0,14:42:45
sz000963,华东医药,27.28,0.13,0.479,27.27,27.28,27.15,27.05,27.32,26.93,11775318.0,320001008.0,14:42:45
sz000965,天保基建,3.21,0.09,2.885,3.21,3.22,3.12,3.11,3.23,3.11,18259829.0,58209995.0,14:42:33
sz000966,长源电力,4.01,0.03,0.754,4.01,4.02,3.98,3.97,4.02,3.96,23343587.0,93273758.0,14:42:45
sz000967,盈峰环境,8.16,-0.05,-0.609,8.16,8.17,8.21,8.08,8.24,7.95,39784452.0,322858693.0,14:42:45
sz000968,蓝焰控股,7.17,0.11,1.558,7.16,7.17,7.06,7.0,7.2,6.97,23644135.0,168693870.0,14:42:45
sz000969,安泰科技,16.66,0.14,0.847,16.65,16.66,16.52,16.38,16.69,16.23,13467075.0,222113305.0,14:42:45
sz000970,中科三环,12.13,0.04,0.331,12.12,12.13,12.09,12.09,12.26,11.97,20323938.0,246193668.0,14:42:45
sz000972,中基健康,3.66,0.11,3.099,3.65,3.66,3.55,3.52,3.67,3.51,12814701.0,46507709.0,14:42:45
sz000973,佛塑科技,14.13,-0.54,-3.681,14.13,14.14,14.67,14.4,14.58,13.91,42483799.0,601186373.0,14:42:45
sz000975,山金国际,27.82,-1.44,-4.921,27.82,27.83,29.26,29.26,29.39,27.5,53101140.0,1494030102.0,14:42:45
sz000977,浪潮信息,74.18,0.96,1.311,74.18,74.19,73.22,71.43,74.99,71.42,37441438.0,2741206534.0,14:42:45
sz000978,桂林旅游,6.2,0.1,1.639,6.19,6.2,6.1,6.09,6.23,6.09,6081000.0,37635768.0,14:42:45
sz000980,众泰汽车,1.66,0.04,2.469,1.66,1.67,1.62,1.62,1.67,1.61,82779197.0,136428221.0,14:42:45
sz000981,山子高科,2.69,0.05,1.894,2.68,2.69,2.64,2.61,2.7,2.6,163165971.0,434605153.0,14:42:45
sz000983,山西焦煤,7.32,-0.12,-1.613,7.32,7.33,7.44,7.38,7.54,7.29,106441116.0,787555890.0,14:42:45
sz000985,大庆华科,15.92,0.21,1.337,15.91,15.92,15.71,15.71,16.1,15.64,2104600.0,33410006.0,14:42:42
sz000987,越秀资本,7.55,0.06,0.801,7.55,7.56,7.49,7.48,7.56,7.45,21105562.0,158624167.0,14:42:45
sz000988,华工科技,105.33,1.98,1.916,105.34,105.39,103.35,101.06,106.49,100.02,32530070.0,3363931073.0,14:42:45
sz000989,九芝堂,8.87,0.21,2.425,8.87,8.88,8.66,8.6,8.9,8.52,19790600.0,173364980.0,14:42:45
sz000990,诚志股份,6.38,0.07,1.109,6.38,6.39,6.31,6.28,6.45,6.26,26020390.0,165785796.0,14:42:45
sz000993,闽东电力,9.83,0.08,0.821,9.82,9.83,9.75,9.62,9.85,9.62,3591829.0,35098463.0,14:42:45
sz000995,皇台酒业,11.08,0.18,1.651,11.08,11.09,10.9,10.87,11.24,10.7,12588900.0,139062320.0,14:42:45
sz000997,新 大 陆,18.8,0.48,2.62,18.79,18.8,18.32,18.28,18.98,18.28,21643577.0,407098282.0,14:42:45
sz000998,隆平高科,8.93,0.26,2.999,8.93,8.94,8.67,8.68,9.27,8.6,67684339.0,608285983.0,14:42:45
sz000999,华润三九,24.11,0.51,2.161,24.1,24.11,23.6,23.55,24.13,23.47,8947630.0,213714543.0,14:42:45
sz001201,东瑞股份,12.06,0.25,2.117,12.04,12.06,11.81,11.86,12.07,11.76,2763100.0,33146834.0,14:42:36
sz001202,炬申股份,13.63,0.15,1.113,13.63,13.64,13.48,13.54,13.7,13.13,2168292.0,29336769.0,14:42:45
sz001203,大中矿业,26.07,-1.8,-6.459,26.07,26.08,27.87,27.41,27.75,25.8,25191099.0,669110331.0,14:42:45
sz001205,盛航股份,14.58,-0.02,-0.137,14.58,14.6,14.6,14.55,14.69,14.48,2142800.0,31186770.0,14:42:45
sz001206,依依股份,16.67,0.43,2.648,16.66,16.67,16.24,16.12,16.73,16.06,3812700.0,63150030.0,14:42:45
sz001207,联科科技,16.81,0.01,0.06,16.81,16.82,16.8,16.68,16.87,16.27,3576720.0,59407054.0,14:42:45
sz001208,华菱线缆,13.54,0.41,3.123,13.54,13.55,13.13,13.02,13.6,12.95,10306044.0,137626970.0,14:42:45
sz001209,洪兴股份,17.53,0.03,0.171,17.5,17.53,17.5,17.5,17.67,17.35,1602800.0,28043651.0,14:42:45
sz001210,金房能源,27.0,0.58,2.195,26.99,27.0,26.42,26.29,27.2,25.79,9097456.0,241555360.0,14:42:45
sz001211,双枪科技,23.95,-0.35,-1.44,23.95,23.96,24.3,24.19,24.33,23.84,2440474.0,58673403.0,14:42:45
sz001212,中旗新材,32.89,0.09,0.274,32.87,32.89,32.8,32.3,32.98,32.05,2240188.0,72858193.0,14:42:42
sz001213,中铁特货,3.54,0.04,1.143,3.54,3.55,3.5,3.49,3.56,3.49,6216500.0,21980732.0,14:42:45
sz001215,千味央厨,31.38,0.48,1.553,31.36,31.38,30.9,30.76,31.47,30.52,1334700.0,41535318.0,14:42:45
sz001216,华瓷股份,14.51,0.11,0.764,14.51,14.53,14.4,14.31,14.6,14.31,1378700.0,19986322.0,14:42:45
sz001217,华尔泰,10.08,0.12,1.205,10.07,10.09,9.96,9.91,10.11,9.9,3300600.0,33161062.0,14:42:42
sz001218,丽臣实业,24.14,0.73,3.118,24.13,24.15,23.41,23.23,24.22,23.23,2251640.0,53357825.0,14:42:42
sz001219,青岛食品,12.63,0.21,1.691,12.62,12.63,12.42,12.33,12.63,12.3,1901945.0,23868035.0,14:42:45
sz001220,世盟股份,31.87,0.11,0.346,31.87,31.91,31.76,31.63,32.0,31.45,584627.0,18565994.0,14:42:39
sz001221,悍高集团,38.39,0.28,0.735,38.37,38.4,38.11,37.8,38.5,37.21,1678419.0,63585346.0,14:42:42
sz001222,源飞宠物,14.53,0.3,2.108,14.53,14.54,14.23,14.13,14.58,14.05,2710114.0,39062816.0,14:42:45
sz001223,欧克科技,40.16,-0.04,-0.1,40.16,40.17,40.2,40.2,40.47,39.1,1116232.0,44395554.0,14:42:42
sz001225,和泰机电,49.55,3.53,7.671,49.53,49.59,46.02,46.1,50.16,45.66,2112600.0,101712636.0,14:42:45
sz001226,拓山重工,46.62,-0.57,-1.208,46.62,46.76,47.19,47.97,47.97,45.61,561800.0,26021256.0,14:42:45
sz001227,兰州银行,2.15,0.03,1.415,2.15,2.16,2.12,2.13,2.17,2.12,99409041.0,213524753.0,14:42:45
sz001228,永泰运,29.4,0.26,0.892,29.39,29.4,29.14,29.08,29.46,28.85,1556000.0,45580632.0,14:42:45
sz001229,魅视科技,42.41,-1.09,-2.506,42.4,42.41,43.5,43.56,44.03,41.89,3863360.0,164874734.0,14:42:42
sz001230,劲旅环境,23.79,0.38,1.623,23.79,23.81,23.41,23.17,24.25,23.09,14446368.0,342356400.0,14:42:45
sz001231,农心科技,20.82,0.11,0.531,20.82,20.83,20.71,20.6,21.12,20.57,1215100.0,25358501.0,14:42:45
sz001232,嘉立创,149.7,6.62,4.627,149.7,149.71,143.08,140.51,154.36,140.51,5500562.0,813864130.0,14:42:45
sz001233,海安集团,44.02,0.87,2.016,44.02,44.03,43.15,43.09,44.1,42.81,826720.0,36071685.0,14:42:45
sz001234,泰慕士,22.22,0.32,1.461,22.21,22.23,21.9,21.72,22.31,21.67,1384000.0,30529029.0,14:42:45
sz001236,弘业期货,7.83,0.2,2.621,7.82,7.83,7.63,7.64,7.89,7.64,13277016.0,103594171.0,14:42:45
sz001237,惠康科技,52.45,1.02,1.983,52.45,52.46,51.43,51.3,52.53,51.05,1072279.0,55690990.0,14:42:45
sz001238,浙江正特,25.26,0.6,2.433,25.25,25.26,24.66,24.68,25.36,24.66,444098.0,11131179.0,14:42:39
sz001239,永达股份,12.18,0.3,2.525,12.17,12.18,11.88,11.93,12.2,11.81,1742800.0,21051017.0,14:42:42
sz001248,华润新能,12.1,0.07,0.582,12.1,12.11,12.03,12.01,12.12,11.9,31019743.0,372718108.0,14:42:45
sz001255,博菲电气,26.15,0.35,1.357,26.15,26.16,25.8,25.7,26.29,25.27,1071908.0,27623465.0,14:42:45
sz001256,炜冈科技,22.6,0.2,0.893,22.6,22.61,22.4,22.23,22.87,21.97,3099000.0,69905020.0,14:42:45
sz001257,盛龙股份,25.61,-0.36,-1.386,25.61,25.62,25.97,25.36,26.0,24.73,25312855.0,641125021.0,14:42:45
sz001258,立新能源,12.36,-0.21,-1.671,12.36,12.37,12.57,12.31,12.75,11.85,99175172.0,1212916379.0,14:42:45
sz001259,利仁科技,46.19,0.84,1.852,46.19,46.2,45.35,44.8,46.39,44.11,1028661.0,46682810.0,14:42:42
sz001260,坤泰股份,18.05,0.09,0.501,18.05,18.06,17.96,17.64,18.23,17.4,3448651.0,61581490.0,14:42:45
sz001266,宏英智能,34.56,0.76,2.249,34.54,34.56,33.8,33.57,34.73,32.95,1600620.0,54304904.0,14:42:42
sz001267,汇绿生态,38.1,-1.04,-2.657,38.1,38.12,39.14,37.91,38.7,36.5,32667507.0,1229243606.0,14:42:45
sz001268,联合精密,22.48,0.06,0.268,22.47,22.48,22.42,23.39,24.66,22.13,13165953.0,309351717.0,14:42:45
sz001269,欧晶科技,19.16,0.2,1.055,19.15,19.17,18.96,18.92,19.23,18.73,1084300.0,20579943.0,14:42:42
sz001270,铖昌科技,100.51,2.01,2.041,100.5,100.51,98.5,97.83,101.25,96.58,4917667.0,488235379.0,14:42:45
sz001277,速达股份,33.6,1.71,5.362,33.52,33.6,31.89,30.81,34.4,30.81,10280794.0,332467061.0,14:42:45
sz001278,一彬科技,16.35,0.48,3.025,16.33,16.35,15.87,15.83,16.39,15.62,2578000.0,41693634.0,14:42:45
sz001279,强邦新材,25.49,0.4,1.594,25.47,25.49,25.09,25.0,25.5,24.96,547800.0,13872889.0,14:42:45
sz001280,中国铀业,69.12,-0.48,-0.69,69.12,69.13,69.6,69.6,69.61,67.08,8460304.0,578596346.0,14:42:45
sz001282,三联锻造,16.22,0.39,2.464,16.22,16.23,15.83,15.78,16.25,15.63,1652253.0,26452261.0,14:42:45
sz001283,豪鹏科技,44.05,-1.2,-2.652,44.04,44.05,45.25,44.35,44.9,42.3,5071360.0,220574512.0,14:42:45
sz001285,瑞立科密,42.09,1.49,3.67,42.09,42.1,40.6,40.44,42.3,40.16,1538248.0,63806790.0,14:42:45
sz001286,陕西能源,9.43,0.05,0.533,9.43,9.44,9.38,9.38,9.54,9.35,17700880.0,167157653.0,14:42:45
sz001287,中电港,22.56,0.31,1.393,22.56,22.57,22.25,21.95,22.72,21.56,15366943.0,340893063.0,14:42:45
sz001288,运机集团,26.53,0.52,1.999,26.52,26.53,26.01,25.6,26.77,25.58,4146781.0,109019501.0,14:42:39
sz001289,龙源电力,15.69,-0.03,-0.191,15.69,15.7,15.72,15.67,15.78,15.67,3002918.0,47196566.0,14:42:39
sz001296,长江材料,19.59,0.32,1.661,19.59,19.61,19.27,19.17,19.69,19.04,1289400.0,25038095.0,14:42:39
sz001298,好上好,17.74,0.4,2.307,17.74,17.75,17.34,17.11,17.8,17.02,5407071.0,94607224.0,14:42:39
sz001299,美能能源,10.0,0.07,0.705,10.0,10.01,9.93,9.94,10.08,9.89,2428864.0,24304108.0,14:42:39
sz001300,三柏硕,11.88,0.4,3.484,11.87,11.88,11.48,11.42,11.9,11.3,4989700.0,58153306.0,14:42:36
sz001301,尚太科技,63.29,-0.53,-0.83,63.24,63.29,63.82,63.51,63.79,61.39,5357555.0,334236319.0,14:42:39
sz001306,夏厦精密,54.55,1.79,3.393,54.5,54.55,52.76,53.04,54.7,52.18,450800.0,24185483.0,14:42:39
sz001308,康冠科技,17.96,0.24,1.354,17.95,17.96,17.72,17.6,18.0,17.49,1696490.0,30160660.0,14:42:33
sz001309,德明利,398.6,-1.76,-0.44,398.56,398.6,400.36,390.0,406.85,386.15,9394478.0,3727537434.0,14:42:39
sz001311,多利科技,17.59,-0.13,-0.734,17.58,17.59,17.72,17.5,17.77,17.33,3138960.0,55129190.0,14:42:39
sz001312,福恩股份,17.39,0.27,1.577,17.39,17.4,17.12,17.13,17.4,17.06,1152391.0,19905752.0,14:42:39
sz001313,粤海饲料,7.74,0.11,1.442,7.73,7.74,7.63,7.63,7.78,7.56,10634100.0,81766039.0,14:42:39
sz001314,亿道信息,51.07,-1.43,-2.724,51.06,51.07,52.5,53.35,53.4,49.85,4122370.0,210887690.0,14:42:39
sz001316,润贝航科,26.75,-0.05,-0.187,26.73,26.74,26.8,26.54,26.88,25.82,2936503.0,77527796.0,14:42:39
sz001317,三羊马,51.05,3.08,6.421,51.04,51.08,47.97,47.0,51.16,46.53,6726826.0,331474897.0,14:42:39
sz001318,阳光乳业,11.39,0.46,4.209,11.38,11.39,10.93,10.95,11.61,10.94,5501599.0,62045088.0,14:42:33
sz001319,铭科精技,19.88,0.38,1.949,19.87,19.88,19.5,19.29,19.93,19.2,2302800.0,45163058.0,14:42:39
sz001322,箭牌家居,6.27,0.09,1.456,6.26,6.27,6.18,6.16,6.27,6.13,2202300.0,13733454.0,14:42:39
sz001323,慕思股份,19.48,0.98,5.297,19.48,19.49,18.5,18.46,19.52,18.18,3284756.0,61857915.0,14:42:36
sz001324,长青科技,18.67,1.07,6.08,18.66,18.67,17.6,17.5,18.73,17.35,4178600.0,75715479.0,14:42:33
sz001325,元创股份,40.76,1.22,3.085,40.76,40.77,39.54,39.2,41.0,38.72,1996049.0,79750558.0,14:42:39
sz001326,联域股份,66.0,1.65,2.564,65.99,66.02,64.35,64.99,67.0,61.8,2925602.0,189389412.0,14:42:39
sz001328,登康口腔,28.88,0.92,3.29,28.88,28.89,27.96,27.89,28.96,27.8,1664301.0,47763616.0,14:42:36
sz001330,博纳影业,4.94,0.26,5.556,4.93,4.94,4.68,4.68,4.96,4.62,73817099.0,359362711.0,14:42:39
sz001331,胜通能源,43.3,-0.37,-0.847,43.3,43.33,43.67,44.0,44.5,41.8,5799146.0,248418212.0,14:42:39
sz001332,锡装股份,28.5,-1.76,-5.816,28.49,28.5,30.26,28.15,29.66,27.23,4250519.0,117908662.0,14:42:39
sz001333,光华股份,20.42,-0.39,-1.874,20.42,20.43,20.81,20.45,20.64,19.88,3413500.0,69217173.0,14:42:39
sz001335,信凯科技,32.07,1.07,3.452,32.05,32.07,31.0,31.01,32.24,30.81,775800.0,24522945.0,14:42:36
sz001336,楚环科技,18.87,0.34,1.835,18.86,18.87,18.53,18.45,18.92,18.21,1099770.0,20550673.0,14:42:39
sz001337,四川黄金,56.01,-0.59,-1.042,55.97,56.0,56.6,56.71,59.05,54.07,33955740.0,1914490881.0,14:42:39
sz001338,永顺泰,8.82,0.22,2.558,8.82,8.83,8.6,8.6,9.18,8.6,13091900.0,115735907.0,14:42:39
sz001339,智微智能,75.72,0.92,1.23,75.7,75.72,74.8,73.31,76.09,71.85,5065016.0,374610567.0,14:42:39
sz001356,富岭股份,9.28,-0.17,-1.799,9.27,9.28,9.45,9.29,9.36,9.21,7047385.0,65256391.0,14:42:39
sz001358,兴欣新材,25.78,0.58,2.302,25.78,25.79,25.2,25.37,25.88,24.93,2084504.0,53059552.0,14:42:39
sz001359,平安电工,87.1,-1.58,-1.782,87.1,87.14,88.68,87.65,87.71,83.6,3394942.0,290177550.0,14:42:39
sz001360,南矿集团,17.93,-0.25,-1.375,17.92,17.93,18.18,18.0,18.17,17.11,9427354.0,164987061.0,14:42:39
sz001365,天海电子,34.63,0.51,1.495,34.63,34.64,34.12,33.8,34.67,33.45,3301493.0,112637412.0,14:42:39
sz001366,播恩集团,12.48,0.36,2.97,12.47,12.48,12.12,12.04,12.55,11.88,5959409.0,73331887.0,14:42:39
sz001367,海森药业,20.6,0.16,0.783,20.59,20.61,20.44,20.37,20.87,20.01,6114530.0,125318299.0,14:42:39
sz001368,通达创智,23.17,-0.08,-0.344,23.16,23.17,23.25,23.25,23.38,22.74,1804300.0,41512232.0,14:42:39
sz001369,双欣材料,12.47,0.17,1.382,12.46,12.47,12.3,12.29,12.58,12.24,4550693.0,56562563.0,14:42:39
sz001373,翔腾新材,28.92,0.82,2.918,28.9,28.92,28.1,27.73,29.16,27.53,1431300.0,40879589.0,14:42:33
sz001376,百通能源,10.49,0.17,1.647,10.48,10.49,10.32,10.34,10.56,10.24,7250500.0,75367758.0,14:42:39
sz001378,德冠新材,20.93,0.88,4.389,20.9,20.93,20.05,20.01,21.0,19.7,3923873.0,79908431.0,14:42:39
sz001379,腾达科技,16.18,0.28,1.761,16.17,16.18,15.9,15.75,16.2,15.72,1716300.0,27429627.0,14:42:39
sz001380,华纬科技,17.11,0.35,2.088,17.1,17.11,16.76,16.72,17.2,16.55,1486380.0,25175740.0,14:42:36
sz001382,新亚电缆,16.87,0.14,0.837,16.86,16.88,16.73,16.47,16.96,16.3,2032573.0,33881966.0,14:42:39
sz001386,马可波罗,15.35,0.17,1.12,15.35,15.36,15.18,15.12,15.43,15.12,2007494.0,30784201.0,14:42:39
sz001387,雪祺电气,12.29,0.34,2.845,12.29,12.31,11.95,11.94,12.35,11.84,2542872.0,30877811.0,14:42:39
sz001388,信通电子,21.34,0.39,1.862,21.34,21.35,20.95,20.7,21.42,20.65,3220010.0,68097154.0,14:42:39
sz001389,广合科技,151.15,1.55,1.036,151.09,151.15,149.6,149.29,154.68,145.31,5015743.0,751751227.0,14:42:39
sz001390,古麒绒材,17.28,0.04,0.232,17.28,17.29,17.24,17.11,17.34,17.11,936700.0,16172639.0,14:42:33
sz001391,国货航,4.15,0.06,1.467,4.14,4.15,4.09,4.09,4.15,4.08,16815357.0,69409844.0,14:42:39
sz001393,维通利,41.67,0.51,1.239,41.67,41.68,41.16,41.16,41.87,40.52,1577366.0,65220372.0,14:42:39
sz001395,亚联机械,28.79,0.34,1.195,28.79,28.81,28.45,28.25,28.97,28.16,1210268.0,34645558.0,14:42:39
sz001396,誉帆科技,34.48,0.9,2.68,34.45,34.49,33.58,33.26,34.5,33.26,698522.0,23735911.0,14:42:39
sz001399,惠科股份,22.65,0.07,0.31,22.64,22.65,22.58,22.35,22.69,21.95,18168064.0,405231042.0,14:42:39
sz001400,江顺科技,81.88,0.73,0.9,81.88,81.89,81.15,78.61,84.5,78.58,4358389.0,356221019.0,14:42:39
sz001696,宗申动力,15.01,0.17,1.146,15.01,15.02,14.84,14.67,15.1,14.56,26101245.0,388447267.0,14:42:39
sz001872,招商港口,23.32,0.15,0.647,23.32,23.33,23.17,23.39,23.72,23.05,3119800.0,72726559.0,14:42:36
sz001896,豫能控股,11.88,-0.03,-0.252,11.87,11.88,11.91,11.8,11.99,11.67,42131450.0,499146027.0,14:42:39
sz001914,招商积余,8.83,0.16,1.845,8.83,8.84,8.67,8.65,8.86,8.63,4646000.0,40820692.0,14:42:39
sz001965,招商公路,9.64,0.35,3.767,9.64,9.65,9.29,9.35,9.75,9.35,37772250.0,360985647.0,14:42:39
sz001979,招商蛇口,7.18,-0.06,-0.829,7.18,7.19,7.24,7.2,7.28,7.11,78734141.0,564943571.0,14:42:39
sz002001,新 和 成,26.29,-0.03,-0.114,26.29,26.3,26.32,26.26,26.54,26.13,22861522.0,601935185.0,14:42:39
sz002003,伟星股份,10.89,0.14,1.302,10.88,10.89,10.75,10.75,10.91,10.62,12402810.0,133533150.0,14:42:39
sz002004,华邦健康,4.55,0.08,1.79,4.55,4.56,4.47,4.44,4.57,4.44,22532288.0,101720649.0,14:42:39
sz002005,德豪润达,2.37,0.0,0.0,2.37,2.38,2.37,2.36,2.4,2.35,11387900.0,27056532.0,14:42:39
sz002006,精工科技,13.19,0.33,2.566,13.19,13.2,12.86,12.85,13.22,12.78,4851856.0,63194910.0,14:42:33
sz002007,华兰生物,13.13,0.29,2.259,13.13,13.14,12.84,12.8,13.14,12.79,10281093.0,133574974.0,14:42:39
sz002008,大族激光,85.12,-0.98,-1.138,85.12,85.13,86.1,84.04,86.66,82.33,28788499.0,2425892615.0,14:42:39
sz002009,天奇股份,16.73,0.42,2.575,16.72,16.73,16.31,16.11,16.84,16.08,8969766.0,148431402.0,14:42:39
sz002010,传化智联,4.7,0.06,1.293,4.7,4.71,4.64,4.64,4.71,4.62,10683811.0,49957267.0,14:42:39
sz002011,盾安环境,10.06,0.27,2.758,10.05,10.06,9.79,9.79,10.08,9.79,9505426.0,94617804.0,14:42:39
sz002012,凯恩股份,6.9,0.3,4.545,6.9,6.91,6.6,6.68,7.0,6.51,16946925.0,115166685.0,14:42:39
sz002014,永新股份,11.19,0.23,2.099,11.19,11.2,10.96,10.92,11.2,10.92,4245581.0,47050564.0,14:42:39
sz002015,协鑫能科,15.94,0.37,2.376,15.93,15.94,15.57,15.85,17.12,15.74,181027585.0,2947101685.0,14:42:39
sz002016,世荣兆业,4.58,0.11,2.461,4.57,4.58,4.47,4.46,4.59,4.46,6353203.0,28837471.0,14:42:39
sz002017,东信和平,16.65,0.67,4.193,16.65,16.66,15.98,15.39,17.27,15.23,91940106.0,1494745103.0,14:42:39
sz002019,亿帆医药,10.02,0.18,1.829,10.01,10.02,9.84,9.84,10.03,9.77,8348002.0,82930299.0,14:42:45
sz002020,京新药业,12.94,0.25,1.97,12.93,12.94,12.69,12.65,12.94,12.64,6895887.0,88102064.0,14:42:45
sz002021,中捷资源,2.68,0.07,2.682,2.68,2.69,2.61,2.61,2.69,2.58,24966176.0,66301626.0,14:42:45
sz002022,科华生物,5.66,0.13,2.351,5.65,5.66,5.53,5.51,5.68,5.45,6656200.0,37212029.0,14:42:42
sz002023,海特高新,10.06,0.27,2.758,10.06,10.07,9.79,9.75,10.1,9.61,13370957.0,132374620.0,14:42:45
sz002024,ST易购,1.18,0.0,0.0,1.18,1.19,1.18,1.17,1.19,1.17,12614101.0,14888558.0,14:42:45
sz002025,航天电器,60.9,1.53,2.577,60.9,60.91,59.37,58.59,61.5,57.88,10289328.0,616942548.0,14:42:45
sz002026,山东威达,10.83,0.6,5.865,10.83,10.84,10.23,10.03,11.11,9.8,14649019.0,154372015.0,14:42:45
sz002027,分众传媒,4.98,0.1,2.049,4.97,4.98,4.88,4.89,4.98,4.88,121771916.0,600837439.0,14:42:45
sz002028,思源电气,170.43,-4.77,-2.723,170.43,170.45,175.2,173.2,175.0,169.19,4814937.0,824847466.0,14:42:45
sz002029,七 匹 狼,8.82,0.33,3.887,8.82,8.83,8.49,8.46,8.84,8.45,14924536.0,129144949.0,14:42:45
sz002030,达安基因,5.56,0.17,3.154,5.56,5.57,5.39,5.38,5.57,5.32,25397233.0,138939136.0,14:42:45
sz002031,巨轮智能,5.17,0.14,2.783,5.16,5.17,5.03,4.98,5.18,4.96,78391138.0,399379393.0,14:42:45
sz002032,苏 泊 尔,40.73,0.29,0.717,40.71,40.73,40.44,40.5,40.98,40.48,1294100.0,52701416.0,14:42:45
sz002033,丽江股份,9.14,0.19,2.123,9.13,9.14,8.95,9.0,9.16,8.95,21889213.0,199308830.0,14:42:45
sz002034,旺能环境,13.67,0.19,1.409,13.67,13.68,13.48,13.5,13.74,13.48,5613237.0,76617450.0,14:42:45
sz002035,华帝股份,4.84,0.13,2.76,4.84,4.85,4.71,4.69,4.85,4.69,15624900.0,75078543.0,14:42:45
sz002036,联创电子,6.84,0.32,4.908,6.83,6.84,6.52,6.5,6.85,6.41,50150840.0,335641442.0,14:42:45
sz002037,保利联合,6.8,0.11,1.644,6.8,6.81,6.69,6.68,6.82,6.68,3179216.0,21535071.0,14:42:45
sz002038,双鹭药业,6.38,0.01,0.157,6.37,6.38,6.37,6.08,6.41,5.99,86390426.0,537973907.0,14:42:45
sz002039,黔源电力,19.47,-0.01,-0.051,19.46,19.48,19.48,19.4,19.58,19.28,4569670.0,88631288.0,14:42:45
sz002040,南 京 港,8.89,0.19,2.184,8.88,8.89,8.7,8.71,9.48,8.71,26242726.0,237985030.0,14:42:45
sz002041,登海种业,11.21,1.02,10.01,11.21,0.0,10.19,10.18,11.21,10.16,77568505.0,849733570.0,14:42:45
sz002042,华孚时尚,3.87,0.13,3.476,3.86,3.87,3.74,3.74,3.89,3.73,24519782.0,93750206.0,14:42:45
sz002043,兔 宝 宝,12.89,-0.43,-3.228,12.89,12.9,13.32,13.31,13.38,12.87,8458200.0,110278433.0,14:42:45
sz002044,美年健康,4.68,0.07,1.518,4.67,4.68,4.61,4.58,4.68,4.58,40836854.0,188945929.0,14:42:45
sz002045,国光电器,9.02,0.22,2.5,9.01,9.02,8.8,8.7,9.07,8.7,33380979.0,297587843.0,14:42:45
sz002046,国机精工,49.93,2.13,4.456,49.92,49.97,47.8,46.7,50.0,46.07,11174524.0,542229118.0,14:42:45
sz002047,宝鹰股份,3.32,0.11,3.427,3.31,3.32,3.21,3.17,3.34,3.15,41952559.0,136532519.0,14:42:45
sz002048,宁波华翔,19.15,0.19,1.002,19.14,19.15,18.96,18.88,19.24,18.55,10409789.0,197167786.0,14:42:45
sz002049,紫光国微,61.5,0.51,0.836,61.49,61.5,60.99,60.3,61.69,60.2,9755269.0,595466349.0,14:42:45
sz002050,三花智控,36.04,0.33,0.924,36.04,36.05,35.71,35.48,36.27,35.13,30714459.0,1098971882.0,14:42:45
sz002051,中工国际,8.48,0.04,0.474,8.47,8.48,8.44,8.36,8.5,8.31,14248887.0,120039846.0,14:42:42
sz002052,同洲电子,8.79,-0.29,-3.194,8.79,8.8,9.08,8.9,9.0,8.61,23355202.0,204930822.0,14:42:45
sz002053,云南能投,9.2,0.04,0.437,9.2,9.21,9.16,9.19,9.26,9.13,3935820.0,36219737.0,14:42:45
sz002054,德美化工,7.24,0.08,1.117,7.23,7.24,7.16,7.11,7.26,7.05,10191337.0,73325682.0,14:42:45
sz002055,ST得润,6.15,0.17,2.843,6.15,6.16,5.98,5.92,6.18,5.92,10423119.0,63287309.0,14:42:45
sz002056,横店东磁,21.24,-0.07,-0.328,21.23,21.24,21.31,21.21,21.49,20.63,14431518.0,304465764.0,14:42:45
sz002057,中钢天源,8.82,0.09,1.031,8.81,8.82,8.73,8.68,8.83,8.61,13710312.0,119558138.0,14:42:45
sz002058,威尔泰,16.41,0.48,3.013,16.39,16.41,15.93,15.63,16.44,15.63,1771100.0,28575004.0,14:42:45
sz002059,云南旅游,4.55,0.1,2.247,4.54,4.55,4.45,4.45,4.6,4.45,15194100.0,69159965.0,14:42:42
sz002060,广东建工,3.21,0.09,2.885,3.2,3.21,3.12,3.11,3.22,3.1,23242891.0,73851726.0,14:42:42
sz002061,浙江交科,3.54,0.07,2.017,3.53,3.54,3.47,3.48,3.56,3.47,16714569.0,58960821.0,14:42:45
sz002062,宏润建设,8.03,0.24,3.081,8.03,8.04,7.79,7.79,8.15,7.68,14105861.0,112450100.0,14:42:45
sz002063,远光软件,5.39,0.12,2.277,5.38,5.39,5.27,5.27,5.39,5.26,15820509.0,84413364.0,14:42:45
sz002064,华峰化学,11.2,-0.19,-1.668,11.2,11.21,11.39,11.34,11.53,11.1,30008989.0,338772205.0,14:42:45
sz002065,东华软件,6.88,0.08,1.176,6.87,6.88,6.8,6.76,6.88,6.76,21540000.0,147238244.0,14:42:45
sz002066,瑞泰科技,22.25,0.58,2.677,22.25,22.26,21.67,21.5,22.5,21.5,3927300.0,87361323.0,14:42:42
sz002067,景兴纸业,4.03,0.09,2.284,4.02,4.03,3.94,3.91,4.03,3.9,28703386.0,114668553.0,14:42:45
sz002068,黑猫股份,7.83,0.08,1.032,7.83,7.84,7.75,7.66,7.87,7.62,13196700.0,102568596.0,14:42:45
sz002069,獐子岛,3.57,0.08,2.292,3.57,3.58,3.49,3.48,3.58,3.48,10261001.0,36308417.0,14:42:45
sz002072,凯瑞德,7.34,0.04,0.548,7.33,7.34,7.3,7.27,7.35,7.2,4219191.0,30690899.0,14:42:45
sz002073,软控股份,5.95,-0.04,-0.668,5.95,5.96,5.99,5.95,6.0,5.92,20568790.0,122348700.0,14:42:45
sz002074,国轩高科,26.98,-0.19,-0.699,26.97,26.98,27.17,27.17,27.73,26.85,23483093.0,638344795.0,14:42:45
sz002075,沙钢股份,3.68,0.09,2.507,3.68,3.69,3.59,3.58,3.69,3.57,25657754.0,93538279.0,14:42:45
sz002076,星光股份,2.13,0.07,3.398,2.12,2.13,2.06,2.05,2.13,2.04,28287400.0,59284128.0,14:42:45
sz002077,大港股份,12.15,0.07,0.579,12.15,12.16,12.08,11.92,12.2,11.71,14251727.0,170749047.0,14:42:45
sz002078,太阳纸业,13.88,0.13,0.945,13.87,13.88,13.75,13.66,13.94,13.66,9126636.0,126362693.0,14:42:42
sz002079,苏州固锝,9.4,0.02,0.213,9.39,9.4,9.38,9.23,9.42,8.99,24312451.0,224026852.0,14:42:45
sz002080,中材科技,48.98,-0.45,-0.91,48.98,49.0,49.43,48.3,49.67,46.59,55052475.0,2655274446.0,14:42:45
sz002081,金 螳 螂,5.5,0.5,10.0,5.5,0.0,5.0,4.96,5.5,4.82,217390470.0,1133434658.0,14:42:45
sz002082,ST万邦,9.63,0.19,2.013,9.62,9.63,9.44,9.35,9.64,9.34,5643200.0,53754404.0,14:42:45
sz002083,孚日股份,10.18,-0.21,-2.021,10.18,10.19,10.39,10.25,10.3,10.02,28384601.0,288685881.0,14:42:45
sz002084,海鸥住工,4.35,0.4,10.127,4.35,0.0,3.95,4.35,4.35,4.35,2471577.0,10751360.0,14:42:45
sz002085,万丰奥威,10.35,0.18,1.77,10.34,10.35,10.17,10.14,10.36,10.09,14484991.0,148713382.0,14:42:45
sz002086,东方海洋,2.08,0.07,3.483,2.08,2.09,2.01,2.0,2.09,1.99,56550713.0,115889508.0,14:42:45
sz002088,鲁阳节能,8.43,0.21,2.555,8.42,8.43,8.22,8.12,8.52,8.11,3228369.0,26982351.0,14:42:42
sz002090,金智科技,9.54,0.04,0.421,9.53,9.54,9.5,9.45,9.66,9.35,7315600.0,69828862.0,14:42:45
sz002091,江苏国泰,7.78,0.08,1.039,7.78,7.79,7.7,7.65,7.81,7.65,8014564.0,62244466.0,14:42:45
sz002092,中泰化学,4.47,0.04,0.903,4.47,4.48,4.43,4.4,4.52,4.4,40837100.0,182428923.0,14:42:45
sz002093,国脉科技,6.87,0.24,3.62,6.86,6.87,6.63,6.6,6.88,6.57,10710450.0,72587938.0,14:42:45
sz002094,青岛金王,5.14,0.47,10.064,5.14,0.0,4.67,4.68,5.14,4.62,36761545.0,182691901.0,14:42:42
sz002095,生 意 宝,14.31,0.36,2.581,14.3,14.31,13.95,13.95,14.32,13.88,2105300.0,29831028.0,14:42:45
sz002096,易普力,9.3,0.06,0.649,9.29,9.3,9.24,9.28,9.3,9.2,2587800.0,23968104.0,14:42:45
sz002097,山河智能,7.3,0.18,2.528,7.29,7.3,7.12,7.15,7.31,7.09,18613700.0,134857846.0,14:42:45
sz002098,浔兴股份,7.16,0.16,2.286,7.16,7.17,7.0,7.0,7.18,6.95,2893400.0,20558953.0,14:42:45
sz002099,海翔药业,5.19,0.14,2.772,5.19,5.2,5.05,5.06,5.2,5.02,11254518.0,57768903.0,14:42:45
sz002100,天康生物,7.26,0.09,1.255,7.25,7.26,7.17,7.16,7.32,7.13,15559343.0,112841672.0,14:42:45
sz002101,广东鸿图,8.79,0.27,3.169,8.79,8.8,8.52,8.6,8.81,8.54,6112000.0,53414752.0,14:42:45
sz002102,ST能特,2.26,0.01,0.444,2.26,2.27,2.25,2.27,2.27,2.22,8452500.0,18970996.0,14:42:45
sz002103,广博股份,6.66,0.24,3.738,6.65,6.66,6.42,6.45,6.66,6.38,6972300.0,45820394.0,14:42:42
sz002104,恒宝股份,11.47,-0.04,-0.348,11.46,11.47,11.51,11.22,11.89,10.95,102888191.0,1175290083.0,14:42:42
sz002105,信隆健康,6.04,0.19,3.248,6.04,6.05,5.85,5.72,6.07,5.72,7856400.0,46629330.0,14:42:42
sz002106,莱宝高科,10.31,0.15,1.476,10.31,10.32,10.16,10.0,10.34,9.89,11064411.0,112117170.0,14:42:42
sz002107,沃华医药,6.33,0.23,3.77,6.32,6.33,6.1,6.1,6.34,6.03,9184461.0,57249723.0,14:42:42
sz002108,沧州明珠,4.45,0.1,2.299,4.45,4.46,4.35,4.35,4.49,4.33,35637201.0,157428160.0,14:42:42
sz002109,ST兴化,2.77,0.12,4.528,2.76,2.77,2.65,2.68,2.8,2.68,7733550.0,21277198.0,14:42:39
sz002110,三钢闽光,3.02,0.07,2.373,3.02,3.03,2.95,2.94,3.03,2.94,23586400.0,70476177.0,14:42:42
sz002111,威海广泰,9.54,0.1,1.059,9.53,9.54,9.44,9.35,9.54,9.35,5689540.0,53864918.0,14:42:39
sz002112,三变科技,15.29,0.07,0.46,15.29,15.3,15.22,15.2,15.32,14.85,8994408.0,136068780.0,14:42:42
sz002114,罗平锌电,7.48,0.04,0.538,7.47,7.48,7.44,7.33,7.5,7.29,7092701.0,52504650.0,14:42:42
sz002115,三维通信,10.72,-0.1,-0.924,10.72,10.73,10.82,10.52,10.75,10.25,55759393.0,585295045.0,14:42:42
sz002116,中国海诚,7.24,0.16,2.26,7.23,7.24,7.08,7.03,7.25,7.03,3879206.0,27943324.0,14:42:39
sz002117,东港股份,8.16,0.03,0.369,8.16,8.17,8.13,8.04,8.19,7.97,8314700.0,67324767.0,14:42:42
sz002119,康强电子,22.65,-0.39,-1.693,22.65,22.66,23.04,22.53,22.96,21.65,23046889.0,514266002.0,14:42:42
sz002120,韵达股份,6.61,-0.01,-0.151,6.61,6.62,6.62,6.6,6.63,6.57,20790000.0,137319965.0,14:42:42
sz002121,科陆电子,5.04,0.06,1.205,5.04,5.05,4.98,4.96,5.08,4.94,22348650.0,112141336.0,14:42:42
sz002122,ST汇洲,2.76,0.05,1.845,2.76,2.77,2.71,2.71,2.77,2.67,12954010.0,35470090.0,14:42:42
sz002123,梦网科技,7.89,0.19,2.468,7.89,7.9,7.7,7.67,7.91,7.64,13308800.0,103780248.0,14:42:42
sz002124,天邦食品,2.29,0.05,2.232,2.28,2.29,2.24,2.21,2.29,2.18,68992196.0,155751495.0,14:42:42
sz002125,湘潭电化,12.9,-0.4,-3.008,12.9,12.91,13.3,13.2,13.23,12.66,36399122.0,467716570.0,14:42:42
sz002126,银轮股份,41.1,2.7,7.031,41.11,41.16,38.4,38.04,41.79,37.8,22501246.0,902800157.0,14:42:42
sz002127,南极电商,2.9,0.1,3.571,2.89,2.9,2.8,2.8,2.91,2.77,27796900.0,79555280.0,14:42:42
sz002128,电投能源,26.91,-0.67,-2.429,26.9,26.91,27.58,27.4,27.77,26.89,9477910.0,257714989.0,14:42:42
sz002129,TCL中环,9.23,-0.12,-1.283,9.22,9.23,9.35,9.25,9.32,9.12,59966304.0,553590087.0,14:42:42
sz002130,沃尔核材,17.03,1.16,7.309,17.03,17.04,15.87,16.29,17.2,16.2,48044188.0,804130045.0,14:42:42
sz002131,利欧股份,4.5,0.1,2.273,4.5,4.51,4.4,4.37,4.52,4.34,275369527.0,1221637544.0,14:42:42
sz002132,恒星科技,4.81,-0.39,-7.5,4.8,4.81,5.2,5.19,5.24,4.68,215894107.0,1046426170.0,14:42:42
sz002133,广宇集团,2.78,0.09,3.346,2.78,2.79,2.69,2.69,2.79,2.67,12460881.0,34315476.0,14:42:42
sz002134,天津普林,20.88,0.14,0.675,20.86,20.88,20.74,20.18,20.99,19.92,4796400.0,98180662.0,14:42:42
sz002135,东南网架,6.58,0.2,3.135,6.57,6.58,6.38,6.5,6.72,6.29,29417263.0,192326793.0,14:42:42
sz002136,安 纳 达,12.62,0.29,2.352,12.61,12.62,12.33,12.2,12.7,12.2,7266825.0,90911141.0,14:42:42
sz002137,实益达,7.59,0.14,1.879,7.59,7.6,7.45,7.32,7.61,7.27,14205900.0,106495862.0,14:42:42
sz002138,顺络电子,47.08,-0.58,-1.217,47.08,47.09,47.66,47.0,48.23,45.76,19186240.0,901565220.0,14:42:42
sz002139,拓邦股份,9.71,0.32,3.408,9.71,9.72,9.39,9.48,9.75,9.4,15909061.0,153893856.0,14:42:42
sz002140,东华科技,9.12,0.18,2.013,9.11,9.12,8.94,8.9,9.18,8.9,5109200.0,46558059.0,14:42:42
sz002141,贤丰控股,6.13,0.15,2.508,6.13,6.14,5.98,5.82,6.2,5.66,103155235.0,620066232.0,14:42:42
sz002142,宁波银行,33.61,-0.29,-0.855,33.6,33.61,33.9,33.91,34.12,33.48,22423852.0,755408168.0,14:42:42
sz002144,宏达高科,11.31,0.56,5.209,11.3,11.31,10.75,10.75,11.32,10.71,7169650.0,79687951.0,14:42:42
sz002145,钛能化学,4.34,0.04,0.93,4.33,4.34,4.3,4.29,4.35,4.28,27778210.0,120056569.0,14:42:42
sz002146,荣盛发展,1.16,0.03,2.655,1.16,1.17,1.13,1.13,1.17,1.12,91337415.0,105462511.0,14:42:42
sz002148,北纬科技,6.29,0.21,3.454,6.29,6.3,6.08,6.08,6.33,5.99,13302031.0,82596737.0,14:42:42
sz002149,西部材料,36.41,-0.26,-0.709,36.4,36.41,36.67,36.03,36.82,35.13,20103688.0,723651006.0,14:42:42
sz002150,正泰电源,21.86,-0.04,-0.183,21.85,21.86,21.9,21.72,22.02,21.05,5105610.0,109880197.0,14:42:42
sz002151,北斗星通,28.44,0.72,2.597,28.44,28.45,27.72,27.61,28.68,27.37,8609656.0,240840299.0,14:42:42
sz002152,广电运通,9.75,0.24,2.524,9.74,9.75,9.51,9.48,9.77,9.45,22825365.0,220465091.0,14:42:42
sz002153,石基信息,7.74,0.16,2.111,7.74,7.75,7.58,7.55,7.8,7.5,16407012.0,125913816.0,14:42:42
sz002154,报 喜 鸟,4.1,0.09,2.244,4.09,4.1,4.01,4.0,4.1,3.98,23798360.0,96404023.0,14:42:42
sz002155,湖南黄金,0.0,0.0,0.0,0.0,0.0,24.56,0.0,0.0,0.0,0.0,0.0,14:42:09
sz002156,通富微电,61.05,-0.19,-0.31,61.04,61.05,61.24,60.0,62.06,59.33,58501914.0,3554581773.0,14:42:42
sz002157,正邦科技,2.96,0.03,1.024,2.95,2.96,2.93,2.93,2.97,2.92,89984756.0,265074332.0,14:42:42
sz002158,汉钟精机,26.58,0.62,2.388,26.57,26.59,25.96,25.73,26.93,24.96,7006529.0,181449230.0,14:42:42
sz002159,三特索道,13.54,0.31,2.343,13.53,13.54,13.23,13.23,13.59,13.23,2966650.0,39928989.0,14:42:42
sz002160,常铝股份,4.03,0.05,1.256,4.03,4.04,3.98,3.95,4.05,3.93,14506890.0,58038622.0,14:42:42
sz002161,远 望 谷,5.96,0.17,2.936,5.95,5.96,5.79,5.67,6.0,5.62,15270150.0,89207431.0,14:42:42
sz002162,悦心健康,4.04,0.12,3.061,4.04,4.05,3.92,3.9,4.06,3.88,11179740.0,44701007.0,14:42:42
sz002163,海南发展,8.2,0.35,4.459,8.2,8.21,7.85,7.82,8.26,7.77,26928969.0,218840823.0,14:42:42
sz002164,宁波东力,11.13,0.21,1.923,11.13,11.14,10.92,10.84,11.15,10.76,6198700.0,68154716.0,14:42:42
sz002165,红 宝 丽,7.92,-0.15,-1.859,7.91,7.92,8.07,7.92,8.38,7.85,140589556.0,1139116251.0,14:42:42
sz002166,莱茵生物,6.78,0.18,2.727,6.77,6.78,6.6,6.57,6.79,6.56,8345270.0,55912318.0,14:42:42
sz002167,东方锆业,16.22,-0.29,-1.757,16.22,16.23,16.51,16.53,17.01,15.73,54855741.0,895775033.0,14:42:42
sz002168,ST惠程,3.96,-0.01,-0.252,3.96,3.97,3.97,3.96,4.05,3.95,6052500.0,24141826.0,14:42:39
sz002169,智光电气,12.23,0.0,0.0,12.23,12.25,12.23,12.16,12.31,11.87,13766602.0,166398090.0,14:42:42
sz002170,芭田股份,11.17,0.05,0.45,11.16,11.17,11.12,11.1,11.37,11.07,14946200.0,167661805.0,14:42:42
sz002171,楚江新材,9.7,-0.07,-0.716,9.7,9.71,9.77,9.62,9.75,9.45,34949499.0,335829115.0,14:42:42
sz002172,澳洋健康,4.73,0.29,6.532,4.73,4.74,4.44,4.6,4.88,4.5,223248273.0,1049008737.0,14:42:42
sz002173,创新医疗,18.59,0.92,5.207,18.59,18.6,17.67,18.21,19.0,18.15,48442264.0,898135822.0,14:42:42
sz002174,游族网络,12.13,0.16,1.337,12.13,12.14,11.97,11.92,12.17,11.77,17025253.0,203552159.0,14:42:42
sz002175,*ST东智,2.57,0.04,1.581,2.57,2.58,2.53,2.51,2.58,2.51,9183400.0,23433088.0,14:42:42
sz002176,江特电机,9.43,0.28,3.06,9.43,9.44,9.15,10.07,10.07,9.36,165792905.0,1599459083.0,14:42:42
sz002177,御银股份,5.97,0.16,2.754,5.96,5.97,5.81,5.79,6.02,5.72,62131636.0,369190688.0,14:42:42
sz002178,延华智能,4.61,0.13,2.902,4.61,4.62,4.48,4.48,4.62,4.43,13020400.0,59302215.0,14:42:42
sz002179,中航光电,33.47,0.46,1.394,33.47,33.48,33.01,32.87,33.92,32.37,20389008.0,674699825.0,14:42:42
sz002180,奔图科技,17.11,0.36,2.149,17.11,17.12,16.75,16.51,17.17,16.43,6372800.0,107913781.0,14:42:42
sz002181,粤 传 媒,8.36,0.28,3.465,8.36,8.37,8.08,8.04,8.4,7.99,19284100.0,158969919.0,14:42:42
sz002182,宝武镁业,12.01,0.51,4.435,12.0,12.01,11.5,11.47,12.13,11.39,23321323.0,276552021.0,14:42:42
sz002183,怡 亚 通,4.46,0.09,2.059,4.46,4.47,4.37,4.33,4.48,4.32,37390720.0,165042922.0,14:42:42
sz002184,海得控制,10.18,0.43,4.41,10.17,10.18,9.75,9.8,10.2,9.66,7046970.0,70667299.0,14:42:42
sz002185,华天科技,16.83,-0.05,-0.296,16.83,16.84,16.88,16.5,17.06,16.0,176840365.0,2930117029.0,14:42:42
sz002186,全 聚 德,9.5,0.32,3.486,9.49,9.5,9.18,9.17,9.52,9.12,4681862.0,43971312.0,14:42:42
sz002187,广百股份,5.47,0.19,3.598,5.47,5.48,5.28,5.3,5.48,5.25,10370000.0,56068679.0,14:42:45
sz002188,中天服务,5.58,0.18,3.333,5.58,5.59,5.4,5.34,5.6,5.31,9061401.0,49646538.0,14:42:45
sz002189,中光学,18.52,0.47,2.604,18.51,18.52,18.05,17.82,18.55,17.81,2187633.0,40265293.0,14:42:45
sz002190,成飞集成,22.83,0.15,0.661,22.82,22.83,22.68,22.53,23.02,22.4,3483700.0,79147228.0,14:42:42
sz002191,劲嘉股份,3.69,0.06,1.653,3.69,3.7,3.63,3.61,3.72,3.6,8894675.0,32722292.0,14:42:45
sz002192,融捷股份,72.07,-4.78,-6.22,72.07,72.1,76.85,75.2,75.88,71.63,31335882.0,2299670456.0,14:42:45
sz002193,ST如意,4.91,0.22,4.691,4.9,4.91,4.69,4.72,4.95,4.65,6402503.0,31227579.0,14:42:45
sz002194,武汉凡谷,10.13,0.2,2.014,10.12,10.13,9.93,9.74,10.17,9.7,23679620.0,237639530.0,14:42:45
sz002195,岩山科技,6.33,0.17,2.76,6.33,6.34,6.16,6.16,6.34,6.11,90861058.0,568369762.0,14:42:45
sz002196,方正电机,10.52,0.26,2.534,10.52,10.53,10.26,10.2,10.57,10.12,15165700.0,157442161.0,14:42:45
sz002197,证通电子,6.68,0.25,3.888,6.67,6.68,6.43,6.46,6.71,6.34,19812500.0,130297928.0,14:42:45
sz002198,ST嘉应,3.37,0.05,1.506,3.37,3.39,3.32,3.33,3.39,3.31,2731100.0,9181881.0,14:42:45
sz002199,东晶电子,12.24,0.24,2.0,12.23,12.24,12.0,12.12,12.28,11.83,4606505.0,55699898.0,14:42:39
sz002200,交投生态,6.83,0.29,4.434,6.82,6.83,6.54,6.54,6.86,6.48,4361920.0,29202410.0,14:42:45
sz002201,九鼎新材,8.15,0.17,2.13,8.14,8.15,7.98,7.85,8.17,7.81,10416910.0,83408217.0,14:42:45
sz002202,金风科技,18.47,0.17,0.929,18.46,18.47,18.3,18.13,18.62,18.08,73546573.0,1355809398.0,14:42:45
sz002203,海亮股份,19.14,-0.18,-0.932,19.14,19.15,19.32,19.13,19.43,18.52,23392526.0,447394318.0,14:42:45
sz002204,大连重工,5.16,0.06,1.176,5.15,5.16,5.1,5.1,5.16,5.09,13763794.0,70665656.0,14:42:45
sz002205,国统股份,10.84,0.35,3.337,10.84,10.85,10.49,10.34,10.88,10.34,2215600.0,23666178.0,14:42:45
sz002206,海 利 得,5.23,0.02,0.384,5.23,5.24,5.21,5.2,5.26,5.18,5788000.0,30309461.0,14:42:45
sz002207,*ST准油,5.72,0.12,2.143,5.72,5.73,5.6,5.55,5.76,5.52,4992300.0,28177233.0,14:42:39
sz002208,合肥城建,10.5,0.06,0.575,10.5,10.51,10.44,10.4,10.54,10.04,27042128.0,278641517.0,14:42:45
sz002209,达 意 隆,13.51,0.61,4.729,13.51,13.52,12.9,12.73,13.55,12.66,17258400.0,227165492.0,14:42:45
sz002210,飞马国际,2.28,0.08,3.636,2.28,2.29,2.2,2.2,2.29,2.18,72594974.0,163647992.0,14:42:45
sz002211,ST宏达,3.87,0.1,2.653,3.86,3.87,3.77,3.81,3.91,3.77,6433500.0,24720108.0,14:42:39
sz002212,天融信,6.25,0.21,3.477,6.25,6.26,6.04,6.06,6.28,6.05,27071587.0,167569052.0,14:42:45
sz002213,大为股份,32.66,1.15,3.65,32.65,32.67,31.51,30.4,33.28,29.65,21385092.0,673876148.0,14:42:45
sz002214,大立科技,15.03,0.05,0.334,15.03,15.04,14.98,14.76,15.09,14.71,5833847.0,86967355.0,14:42:42
sz002215,诺 普 信,9.55,0.09,0.951,9.54,9.55,9.46,9.44,9.7,9.41,28973602.0,277513929.0,14:42:45
sz002216,三全食品,11.91,-0.49,-3.952,11.91,11.92,12.4,12.0,12.12,11.71,9984300.0,119241211.0,14:42:45
sz002217,ST合力泰,1.46,0.01,0.69,1.45,1.46,1.45,1.44,1.46,1.43,63434488.0,91793698.0,14:42:45
sz002218,拓日新能,3.95,0.11,2.865,3.95,3.96,3.84,3.8,3.96,3.79,27802600.0,108298505.0,14:42:45
sz002219,新里程,2.19,0.06,2.817,2.19,2.2,2.13,2.13,2.21,2.11,112746149.0,244410271.0,14:42:45
sz002221,东华能源,5.54,0.14,2.593,5.54,5.55,5.4,5.37,5.6,5.33,25298150.0,139583326.0,14:42:45
sz002222,福晶科技,63.91,1.31,2.093,63.9,63.92,62.6,61.44,64.46,60.22,19529862.0,1219782925.0,14:42:45
sz002223,鱼跃医疗,26.41,0.42,1.616,26.4,26.41,25.99,25.92,26.49,25.8,8113763.0,212543952.0,14:42:42
sz002224,三 力 士,3.71,0.09,2.486,3.7,3.71,3.62,3.61,3.72,3.58,14559875.0,53435995.0,14:42:45
sz002225,濮耐股份,3.61,0.07,1.977,3.61,3.62,3.54,3.54,3.62,3.51,14060600.0,50374317.0,14:42:45
sz002226,江南化工,5.06,0.01,0.198,5.06,5.07,5.05,5.0,5.08,4.88,16575700.0,82575326.0,14:42:45
sz002227,*ST特迅,6.35,0.11,1.763,6.35,6.36,6.24,6.2,6.39,6.19,1672500.0,10533837.0,14:42:45
sz002228,合兴包装,3.18,0.1,3.247,3.17,3.18,3.08,3.07,3.18,3.06,21561980.0,67784465.0,14:42:45
sz002229,鸿博股份,10.92,0.25,2.343,10.92,10.93,10.67,10.4,10.98,10.3,37714983.0,402901561.0,14:42:45
sz002230,科大讯飞,39.32,0.39,1.002,39.32,39.33,38.93,38.87,39.35,38.73,18994154.0,743246742.0,14:42:45
sz002232,启明信息,14.16,0.18,1.288,14.16,14.17,13.98,13.98,14.33,13.87,3718500.0,52693508.0,14:42:39
sz002233,塔牌集团,7.22,0.08,1.12,7.21,7.22,7.14,7.11,7.24,7.1,8034614.0,57659314.0,14:42:45
sz002234,民和股份,7.99,0.18,2.305,7.99,8.0,7.81,7.76,8.01,7.76,5926500.0,47078207.0,14:42:45
sz002235,安妮股份,8.79,0.71,8.787,8.79,8.8,8.08,8.08,8.85,7.92,42417094.0,358236893.0,14:42:45
sz002236,大华股份,16.17,0.07,0.435,16.17,16.18,16.1,16.02,16.21,15.99,19258517.0,310346975.0,14:42:45
sz002237,恒邦股份,14.91,-0.28,-1.843,14.91,14.92,15.19,15.4,15.45,14.64,43306800.0,650307848.0,14:42:45
sz002238,天威视讯,6.59,0.21,3.292,6.58,6.59,6.38,6.32,6.68,6.28,14805172.0,96695929.0,14:42:45
sz002239,奥特佳,2.55,0.08,3.239,2.55,2.56,2.47,2.47,2.56,2.46,60481997.0,152835883.0,14:42:45
sz002240,盛新锂能,30.71,-2.22,-6.742,30.7,30.71,32.93,31.34,32.17,30.2,57317654.0,1779186335.0,14:42:45
sz002241,歌尔股份,23.08,-0.4,-1.704,23.07,23.08,23.48,23.49,23.62,22.68,79687192.0,1833908076.0,14:42:45
sz002242,九阳股份,8.36,0.15,1.827,8.35,8.36,8.21,8.13,8.38,8.12,6668700.0,55308422.0,14:42:45
sz002243,力合科创,7.51,0.26,3.586,7.5,7.51,7.25,7.24,7.53,7.23,14195481.0,105478176.0,14:42:45
sz002244,滨江集团,8.97,-0.04,-0.444,8.97,8.98,9.01,8.97,9.13,8.94,19682443.0,177374984.0,14:42:45
sz002245,蔚蓝锂芯,17.64,-0.31,-1.727,17.64,17.65,17.95,17.95,17.95,17.2,43333229.0,759121886.0,14:42:45
sz002246,北化股份,19.65,0.2,1.028,19.65,19.66,19.45,19.32,19.76,19.2,7563145.0,147301664.0,14:42:45
sz002247,聚力文化,2.42,0.05,2.11,2.42,2.43,2.37,2.35,2.44,2.32,23599900.0,56588201.0,14:42:45
sz002248,华东数控,9.88,0.3,3.132,9.87,9.88,9.58,9.48,9.99,9.28,27753224.0,267779025.0,14:42:45
sz002249,大洋电机,6.7,-0.24,-3.458,6.7,6.71,6.94,6.65,6.72,6.53,60649815.0,402396972.0,14:42:45
sz002250,联化科技,15.0,0.46,3.164,15.0,15.02,14.54,14.45,15.12,14.21,14101014.0,207086279.0,14:42:45
sz002251,步步高,3.68,0.19,5.444,3.68,3.69,3.49,3.49,3.71,3.48,119331688.0,432538230.0,14:42:45
sz002252,上海莱士,4.91,0.1,2.079,4.9,4.91,4.81,4.8,4.91,4.78,42814300.0,208230122.0,14:42:45
sz002253,川大智胜,9.71,0.31,3.298,9.71,9.72,9.4,9.38,9.76,9.3,3762800.0,36226594.0,14:42:33
sz002254,泰和新材,12.25,0.12,0.989,12.24,12.25,12.13,12.12,12.35,12.01,12235716.0,149319370.0,14:42:45
sz002255,海陆重工,7.7,0.08,1.05,7.7,7.71,7.62,7.56,7.72,7.55,8046974.0,61414297.0,14:42:42
sz002256,兆新股份,3.36,0.03,0.901,3.36,3.37,3.33,3.31,3.37,3.29,25010706.0,83670658.0,14:42:45
sz002258,利尔化学,14.22,0.06,0.424,14.21,14.22,14.16,14.1,14.4,14.03,12353885.0,175436516.0,14:42:45
sz002259,升达林业,4.19,0.38,9.974,4.19,0.0,3.81,3.79,4.19,3.78,28250424.0,112903187.0,14:42:42
sz002261,拓维信息,25.21,0.13,0.518,25.21,25.22,25.08,24.9,25.3,24.8,18063744.0,453926006.0,14:42:45
sz002262,恩华药业,21.85,0.0,0.0,21.84,21.85,21.85,21.72,21.99,21.55,7821317.0,170526096.0,14:42:45
sz002263,大东南,3.04,0.08,2.703,3.04,3.05,2.96,2.94,3.05,2.93,41514402.0,124655464.0,14:42:45
sz002264,新 华 都,6.63,0.18,2.791,6.63,6.64,6.45,6.39,6.65,6.39,13765749.0,90266486.0,14:42:42
sz002265,建设工业,18.24,0.18,0.997,18.24,18.25,18.06,18.01,18.82,17.98,13834257.0,253707929.0,14:42:45
sz002266,浙富控股,4.82,-0.04,-0.823,4.81,4.82,4.86,4.81,4.86,4.76,47809817.0,229602799.0,14:42:45
sz002267,陕天然气,7.08,0.05,0.711,7.08,7.09,7.03,7.02,7.11,7.02,4767700.0,33728696.0,14:42:45
sz002268,电科网安,13.77,0.18,1.325,13.77,13.78,13.59,13.57,13.82,13.51,6451401.0,88386569.0,14:42:45
sz002269,美邦服饰,1.46,0.06,4.286,1.45,1.46,1.4,1.41,1.46,1.4,49258800.0,70958404.0,14:42:45
sz002270,华明装备,19.5,-0.02,-0.102,19.5,19.51,19.52,19.47,19.77,19.34,7797989.0,152401173.0,14:42:45
sz002271,东方雨虹,10.83,0.01,0.092,10.82,10.83,10.82,10.74,10.93,10.73,29069706.0,314806791.0,14:42:45
sz002272,川润股份,16.13,0.73,4.74,16.13,16.14,15.4,15.13,16.45,14.89,38966482.0,615951599.0,14:42:45
sz002273,水晶光电,25.33,0.09,0.357,25.33,25.34,25.24,24.87,25.63,24.08,40780754.0,1011809207.0,14:42:45
sz002274,华昌化工,6.45,0.3,4.878,6.44,6.45,6.15,6.06,6.49,5.95,73087431.0,449944901.0,14:42:45
sz002275,桂林三金,12.54,-0.03,-0.239,12.53,12.54,12.57,12.5,12.64,12.41,3108930.0,38972022.0,14:42:36
sz002276,万马股份,10.28,0.29,2.903,10.27,10.28,9.99,10.01,10.3,9.92,13290693.0,135522976.0,14:42:45
sz002277,友阿股份,6.54,0.1,1.553,6.54,6.55,6.44,6.44,6.71,6.31,66900153.0,437036413.0,14:42:45
sz002278,神开股份,8.35,0.29,3.598,8.35,8.36,8.06,7.98,8.49,7.98,14346315.0,118931847.0,14:42:45
sz002279,久其软件,6.35,0.16,2.585,6.35,6.36,6.19,6.18,6.37,6.15,20668685.0,129937571.0,14:42:45
sz002281,光迅科技,167.8,1.41,0.847,167.8,167.82,166.39,164.23,169.98,160.31,25141871.0,4149375232.0,14:42:45
sz002282,博深股份,6.14,0.27,4.6,6.14,6.15,5.87,5.9,6.17,5.88,10781175.0,65558750.0,14:42:42
sz002283,天润工业,8.7,0.12,1.399,8.7,8.71,8.58,8.58,8.73,8.41,12666736.0,108990391.0,14:42:45
sz002284,亚太股份,9.55,0.12,1.273,9.54,9.55,9.43,9.29,9.57,9.11,27553554.0,257616387.0,14:42:45
sz002285,世联行,2.21,0.12,5.742,2.2,2.21,2.09,2.09,2.22,2.07,71889328.0,156062311.0,14:42:45
sz002286,保龄宝,7.99,0.22,2.831,7.99,8.0,7.77,7.76,8.0,7.74,5794161.0,45902862.0,14:42:45
sz002287,奇正藏药,20.08,0.35,1.774,20.07,20.08,19.73,19.72,20.14,19.6,2003118.0,40034553.0,14:42:45
sz002289,宇顺电子,39.14,-0.03,-0.077,39.13,39.23,39.17,38.83,39.57,37.79,3299101.0,127755165.0,14:42:42
sz002290,禾盛新材,62.17,-0.3,-0.48,62.16,62.17,62.47,61.2,63.43,59.56,4963707.0,304847281.0,14:42:45
sz002291,遥望科技,5.18,0.1,1.969,5.17,5.18,5.08,5.05,5.21,5.05,15365400.0,79083695.0,14:42:45
sz002292,奥飞娱乐,8.11,0.37,4.78,8.1,8.11,7.74,7.75,8.12,7.75,46948332.0,375765309.0,14:42:45
sz002293,罗莱生活,11.57,-0.26,-2.198,11.57,11.58,11.83,11.71,11.78,11.52,6602380.0,76608802.0,14:42:45
sz002294,信立泰,31.93,0.31,0.98,31.92,31.93,31.62,31.48,32.11,31.21,13663619.0,434498959.0,14:42:45
sz002295,精艺股份,9.19,0.14,1.547,9.19,9.2,9.05,9.0,9.25,8.95,2670712.0,24322069.0,14:42:42
sz002296,辉煌科技,8.99,0.24,2.743,8.99,9.0,8.75,8.68,9.05,8.68,9110150.0,81275082.0,14:42:45
sz002297,博云新材,17.57,0.11,0.63,17.56,17.57,17.46,17.0,17.78,16.62,43391417.0,745860409.0,14:42:45
sz002298,中电鑫龙,7.96,0.02,0.252,7.96,7.97,7.94,7.79,7.98,7.67,17505695.0,137815626.0,14:42:45
sz002299,圣农发展,16.53,0.56,3.507,16.52,16.53,15.97,15.8,16.55,15.8,13693735.0,223488866.0,14:42:45
sz002300,太阳电缆,6.76,0.14,2.115,6.75,6.76,6.62,6.54,6.77,6.52,12249611.0,81874048.0,14:42:45
sz002301,齐心集团,7.79,0.19,2.5,7.78,7.79,7.6,7.57,7.82,7.43,11877501.0,91089258.0,14:42:45
sz002302,西部建设,4.73,0.09,1.94,4.73,4.74,4.64,4.61,4.75,4.61,6254800.0,29440325.0,14:42:45
sz002303,美盈森,4.91,0.19,4.025,4.9,4.91,4.72,4.72,4.92,4.58,39889377.0,190570931.0,14:42:45
sz002304,洋河股份,39.34,0.29,0.743,39.33,39.34,39.05,38.97,39.37,38.97,3148039.0,123445343.0,14:42:45
sz002305,*ST南置,2.13,0.05,2.404,2.12,2.13,2.08,2.08,2.13,2.07,20020900.0,42252297.0,14:42:45
sz002306,ST云网,2.16,0.06,2.857,2.16,2.17,2.1,2.08,2.25,2.08,21518700.0,46899908.0,14:42:45
sz002307,北新路桥,2.97,0.09,3.125,2.96,2.97,2.88,2.86,2.98,2.85,24159084.0,70920138.0,14:42:45
sz002309,中利集团,2.97,0.04,1.365,2.97,2.98,2.93,2.9,2.98,2.89,70007300.0,205943900.0,14:42:45
sz002310,东方新能,2.36,0.06,2.609,2.35,2.36,2.3,2.29,2.37,2.29,64641458.0,150909310.0,14:42:45
sz002311,海大集团,45.02,-1.28,-2.765,45.02,45.03,46.3,45.28,45.8,43.61,16096794.0,722754998.0,14:42:45
sz002312,川发龙蟒,8.22,-0.02,-0.243,8.21,8.22,8.24,8.1,8.3,8.1,15685369.0,128763346.0,14:42:45
sz002313,日海智能,8.75,0.0,0.0,8.74,8.75,8.75,8.8,8.86,8.53,12642108.0,109457716.0,14:42:45
sz002314,南山控股,2.17,0.07,3.333,2.17,2.18,2.1,2.1,2.19,2.09,29302763.0,63312031.0,14:42:45
sz002315,焦点科技,25.32,0.18,0.716,25.3,25.32,25.14,25.14,25.59,25.02,3858014.0,97839794.0,14:42:45
sz002316,亚联发展,4.58,0.15,3.386,4.57,4.58,4.43,4.4,4.59,4.34,9517600.0,42731589.0,14:42:45
sz002317,众生药业,25.46,0.12,0.474,25.45,25.46,25.34,24.06,25.53,23.39,36443208.0,888239430.0,14:42:45
sz002318,久立特材,19.57,0.02,0.102,19.57,19.58,19.55,19.4,19.73,19.0,10536700.0,204801812.0,14:42:45
sz002319,乐通股份,11.16,0.26,2.385,11.15,11.16,10.9,10.82,11.25,10.8,9418200.0,103957485.0,14:42:45
sz002320,海峡股份,6.53,0.15,2.351,6.53,6.54,6.38,6.4,6.56,6.38,15209525.0,98542546.0,14:42:45
sz002321,华英农业,2.08,0.06,2.97,2.07,2.08,2.02,2.03,2.08,2.01,23117797.0,47603562.0,14:42:45
sz002322,理工能科,11.9,0.08,0.677,11.9,11.91,11.82,11.69,11.95,11.63,8502890.0,100707447.0,14:42:45
sz002323,*ST雅博,1.29,0.01,0.781,1.29,1.3,1.28,1.28,1.3,1.27,27643904.0,35555042.0,14:42:39
sz002324,普利特,9.01,0.06,0.67,9.01,9.02,8.95,8.93,9.04,8.72,15657914.0,139447300.0,14:42:45
sz002326,永太科技,19.44,-0.41,-2.065,19.43,19.44,19.85,19.72,19.8,19.01,22358438.0,433267416.0,14:42:45
sz002327,富安娜,6.65,-0.04,-0.598,6.64,6.65,6.69,6.69,6.72,6.61,3185100.0,21222952.0,14:42:45
sz002328,新朋股份,7.48,0.32,4.469,7.48,7.49,7.16,7.07,7.49,7.04,27651220.0,202145185.0,14:42:45
sz002329,皇氏集团,3.9,0.27,7.438,3.9,3.91,3.63,3.69,3.93,3.64,89006352.0,338531805.0,14:42:45
sz002330,得利斯,4.13,0.12,2.993,4.12,4.13,4.01,4.01,4.14,4.0,12030300.0,49164325.0,14:42:45
sz002331,皖通科技,6.97,0.17,2.5,6.97,6.98,6.8,6.78,6.99,6.76,6548500.0,45312479.0,14:42:42
sz002332,仙琚制药,8.56,0.12,1.422,8.55,8.56,8.44,8.43,8.57,8.41,9521150.0,81132540.0,14:42:45
sz002333,罗普斯金,5.67,0.4,7.59,5.67,5.68,5.27,5.18,5.8,5.16,45498771.0,254384171.0,14:42:45
sz002334,英威腾,6.69,0.19,2.923,6.69,6.7,6.5,6.43,6.72,6.43,14923645.0,98750029.0,14:42:45
sz002335,科华数据,30.37,0.65,2.187,30.35,30.36,29.72,29.37,30.65,29.23,12772103.0,383860407.0,14:42:45
sz002337,赛象科技,4.77,0.17,3.696,4.77,4.78,4.6,4.6,4.79,4.56,7763595.0,36637850.0,14:42:45
sz002338,奥普光电,42.72,-0.18,-0.42,42.72,42.75,42.9,42.6,42.94,41.51,3027500.0,128221544.0,14:42:42
sz002339,积成电子,7.46,0.38,5.367,7.45,7.46,7.08,7.07,7.53,7.03,20619490.0,151144889.0,14:42:45
sz002340,格林美,6.5,-0.03,-0.459,6.49,6.5,6.53,6.5,6.56,6.43,52268991.0,338952844.0,14:42:45
sz002342,巨力索具,7.64,0.2,2.688,7.63,7.64,7.44,7.36,7.67,7.31,31249185.0,235013323.0,14:42:45
sz002343,慈文传媒,5.2,0.28,5.691,5.19,5.2,4.92,4.92,5.21,4.89,12127440.0,61800599.0,14:42:45
sz002344,海宁皮城,3.9,0.09,2.362,3.9,3.91,3.81,3.8,3.91,3.8,8599154.0,33364152.0,14:42:45
sz002345,潮宏基,9.57,-0.06,-0.623,9.57,9.58,9.63,9.65,9.86,9.53,16924300.0,163055131.0,14:42:45
sz002346,柘中股份,20.67,-0.65,-3.049,20.66,20.67,21.32,21.53,21.57,19.97,10492566.0,215798302.0,14:42:45
sz002347,泰尔股份,6.07,0.22,3.761,6.07,6.08,5.85,5.8,6.1,5.8,15940425.0,95535443.0,14:42:45
sz002348,高乐股份,11.21,0.15,1.356,11.21,11.22,11.06,10.96,11.26,10.84,11322702.0,125558963.0,14:42:42
sz002349,精华制药,6.99,0.18,2.643,6.98,6.99,6.81,6.79,7.01,6.74,13169895.0,91165226.0,14:42:45
sz002350,北京科锐,14.35,0.12,0.843,14.34,14.35,14.23,14.11,14.38,14.0,5184942.0,73624391.0,14:42:45
sz002351,漫步者,10.14,0.23,2.321,10.14,10.15,9.91,9.87,10.17,9.82,8951671.0,90060964.0,14:42:45
sz002352,顺丰控股,32.93,-0.01,-0.03,32.92,32.93,32.94,33.04,33.2,32.79,13546315.0,446610479.0,14:42:45
sz002353,杰瑞股份,141.81,-0.67,-0.47,141.75,141.81,142.48,139.86,144.05,138.5,10648254.0,1502534435.0,14:42:45
sz002354,天娱数科,7.05,0.1,1.439,7.05,7.06,6.95,6.92,7.08,6.79,127599869.0,886173281.0,14:42:45
sz002355,兴民智通,4.83,0.13,2.766,4.83,4.84,4.7,4.67,4.85,4.6,18543601.0,87930310.0,14:42:45
sz002356,鹏飞绿能,2.8,0.09,3.321,2.8,2.81,2.71,2.7,2.81,2.69,18422068.0,50891619.0,14:42:45
sz002357,富临运业,11.14,0.25,2.296,11.14,11.15,10.89,10.74,11.15,10.66,8272300.0,90509447.0,14:42:45
sz002358,森源电气,5.43,0.11,2.068,5.43,5.44,5.32,5.27,5.44,5.26,10795388.0,58070414.0,14:42:45
sz002360,ST同德,5.7,-0.01,-0.175,5.7,5.71,5.71,5.66,5.73,5.58,3199200.0,18074788.0,14:42:45
sz002361,神剑股份,10.35,0.25,2.475,10.35,10.36,10.1,10.0,10.4,9.88,63491467.0,645533865.0,14:42:45
sz002362,汉王科技,16.01,0.35,2.235,16.01,16.02,15.66,15.63,16.03,15.5,2773500.0,43851048.0,14:42:45
sz002363,隆基机械,6.64,0.2,3.106,6.63,6.64,6.44,6.42,6.65,6.38,4885363.0,32052467.0,14:42:42
sz002364,中恒电气,38.18,0.68,1.813,38.19,38.2,37.5,36.56,38.55,36.09,29925505.0,1121699316.0,14:42:45
sz002365,永安药业,15.65,0.54,3.574,15.64,15.65,15.11,15.01,15.98,14.7,47345391.0,724343600.0,14:42:45
sz002366,融发核电,5.66,0.07,1.252,5.66,5.67,5.59,5.59,5.68,5.56,17157600.0,96802362.0,14:42:45
sz002367,康力电梯,5.36,0.01,0.187,5.36,5.37,5.35,5.29,5.38,5.09,11142731.0,58782629.0,14:42:42
sz002368,太极股份,13.48,0.06,0.447,13.47,13.48,13.42,13.42,13.53,13.26,5376972.0,72131607.0,14:42:45
sz002369,卓翼科技,5.96,0.11,1.88,5.96,5.97,5.85,5.76,5.98,5.73,17225941.0,101495023.0,14:42:45
sz002370,亚太药业,5.62,0.17,3.119,5.62,5.63,5.45,5.4,5.63,5.36,19912924.0,110046436.0,14:42:45
sz002371,北方华创,700.34,-7.56,-1.068,700.13,700.34,707.9,707.5,707.5,676.66,7169189.0,4964452891.0,14:42:45
sz002372,伟星新材,8.48,0.08,0.952,8.47,8.48,8.4,8.37,8.56,8.36,8135200.0,68980313.0,14:42:45
sz002373,千方科技,7.68,0.27,3.644,7.67,7.68,7.41,7.41,7.69,7.37,15165250.0,114551645.0,14:42:45
sz002374,中锐股份,3.08,0.04,1.316,3.08,3.09,3.04,3.04,3.1,3.02,11838800.0,36385768.0,14:42:45
sz002375,亚厦股份,3.69,0.11,3.073,3.68,3.69,3.58,3.57,3.7,3.56,11847700.0,43231032.0,14:42:42
sz002376,新北洋,6.77,0.02,0.296,6.76,6.77,6.75,6.71,6.81,6.66,10660500.0,71945320.0,14:42:42
sz002377,国创高新,2.75,0.06,2.23,2.74,2.75,2.69,2.67,2.77,2.66,22525500.0,61359389.0,14:42:45
sz002378,章源钨业,24.96,-0.59,-2.309,24.95,24.96,25.55,25.2,25.5,24.42,24682494.0,614556294.0,14:42:45
sz002379,宏桥控股,17.95,-0.51,-2.763,17.95,17.96,18.46,18.34,18.4,17.82,31047736.0,560989116.0,14:42:45
sz002380,科远智慧,28.06,0.62,2.259,28.06,28.07,27.44,27.06,28.15,26.86,4174400.0,115066513.0,14:42:45
sz002381,双箭股份,5.58,0.11,2.011,5.57,5.58,5.47,5.47,5.59,5.45,3405212.0,18840460.0,14:42:45
sz002382,蓝帆医疗,6.0,0.1,1.695,6.0,6.01,5.9,5.75,6.01,5.69,19458102.0,114635421.0,14:42:45
sz002383,合众思壮,7.05,0.31,4.599,7.05,7.06,6.74,6.73,7.2,6.69,19478400.0,137076291.0,14:42:45
sz002384,东山精密,191.28,-2.32,-1.198,191.26,191.29,193.6,187.08,196.99,186.3,52028556.0,9955918416.0,14:42:45
sz002385,大北农,3.27,0.07,2.187,3.26,3.27,3.2,3.17,3.38,3.16,144251299.0,473134202.0,14:42:45
sz002386,天原股份,5.91,0.01,0.169,5.9,5.91,5.9,5.89,5.94,5.83,11832320.0,69652968.0,14:42:45
sz002387,维信诺,7.26,-0.16,-2.156,7.26,7.27,7.42,7.32,7.35,7.13,18959790.0,136733592.0,14:42:45
sz002388,新亚制程,6.51,0.31,5.0,6.5,6.51,6.2,6.12,6.54,6.05,49851110.0,313436262.0,14:42:45
sz002389,航天彩虹,17.7,0.21,1.201,17.7,17.71,17.49,17.45,17.73,17.4,7360940.0,129649185.0,14:42:45
sz002390,信邦制药,3.09,0.09,3.0,3.09,3.1,3.0,2.98,3.11,2.96,21453355.0,65573118.0,14:42:45
sz002391,长青股份,5.19,0.09,1.765,5.18,5.19,5.1,5.07,5.21,5.06,6986650.0,36066665.0,14:42:36
sz002392,北京利尔,7.74,0.07,0.913,7.73,7.74,7.67,7.62,7.79,7.5,10628300.0,81834871.0,14:42:45
sz002393,力生制药,14.2,0.38,2.75,14.18,14.19,13.82,13.88,14.24,13.75,2942084.0,41366489.0,14:42:45
sz002394,联发股份,10.18,0.58,6.042,10.17,10.18,9.6,9.6,10.56,9.4,14584131.0,148035750.0,14:42:45
sz002395,双象股份,12.26,0.06,0.492,12.25,12.26,12.2,11.85,12.28,11.61,2661900.0,32095293.0,14:42:33
sz002396,星网锐捷,30.96,-1.12,-3.491,30.94,30.95,32.08,30.89,31.66,30.51,61187472.0,1898614661.0,14:42:45
sz002397,梦洁股份,3.63,0.15,4.31,3.63,3.64,3.48,3.49,3.65,3.46,20657333.0,73561276.0,14:42:45
sz002398,垒知集团,4.19,0.09,2.195,4.18,4.19,4.1,4.06,4.2,4.06,11629600.0,48298453.0,14:42:45
sz002399,海普瑞,10.33,0.33,3.3,10.32,10.33,10.0,10.03,10.39,9.91,8564828.0,87315347.0,14:42:45
sz002400,省广集团,6.48,0.14,2.208,6.47,6.48,6.34,6.3,6.5,6.28,45821254.0,294764774.0,14:42:45
sz002401,中远海科,12.41,0.25,2.056,12.4,12.41,12.16,12.19,12.42,12.09,3517328.0,43421788.0,14:42:42
sz002402,和而泰,18.67,0.48,2.639,18.67,18.68,18.19,18.12,18.77,17.94,22719700.0,418189328.0,14:42:45
sz002403,爱仕达,9.57,0.29,3.125,9.56,9.57,9.28,9.12,9.6,9.12,4211591.0,39808394.0,14:42:45
sz002404,嘉欣丝绸,5.79,0.11,1.937,5.78,5.79,5.68,5.63,5.8,5.58,11003700.0,63000620.0,14:42:45
sz002405,四维图新,6.48,0.2,3.185,6.47,6.48,6.28,6.24,6.5,6.23,38233097.0,244742212.0,14:42:45
sz002406,远东传动,6.72,0.13,1.973,6.71,6.72,6.59,6.59,6.73,6.53,8619497.0,57417436.0,14:42:45
sz002407,多氟多,33.98,-0.59,-1.707,33.98,33.99,34.57,34.17,34.38,32.69,91037611.0,3057320209.0,14:42:45
sz002408,齐翔腾达,5.45,0.17,3.22,5.44,5.45,5.28,5.25,5.49,5.23,53915316.0,292086292.0,14:42:45
sz002409,雅克科技,137.4,-3.19,-2.269,137.39,137.4,140.59,135.2,139.5,130.18,20428807.0,2756829312.0,14:42:45
sz002410,广联达,8.59,-0.31,-3.483,8.58,8.59,8.9,8.49,8.62,8.28,41880405.0,353212023.0,14:42:45
sz002412,汉森制药,12.33,1.12,9.991,12.33,0.0,11.21,11.92,12.33,10.76,104227843.0,1215964161.0,14:42:45
sz002413,雷科防务,7.79,0.25,3.316,7.79,7.8,7.54,7.48,7.83,7.43,36274775.0,278667297.0,14:42:45
sz002414,高德红外,13.19,-0.22,-1.641,13.19,13.2,13.41,13.28,13.39,12.76,72062673.0,936562341.0,14:42:45
sz002415,海康威视,34.74,0.59,1.728,34.74,34.75,34.15,33.98,35.13,33.89,61299581.0,2119656731.0,14:42:45
sz002416,爱施德,9.46,0.13,1.393,9.45,9.46,9.33,9.35,9.5,9.29,11664577.0,109717748.0,14:42:45
sz002418,康盛股份,4.05,0.37,10.054,4.05,0.0,3.68,3.63,4.05,3.61,93619130.0,370997041.0,14:42:45
sz002419,天虹股份,4.69,0.08,1.735,4.69,4.7,4.61,4.59,4.71,4.59,7570588.0,35391532.0,14:42:45
sz002420,毅昌科技,6.01,0.18,3.087,6.0,6.01,5.83,5.83,6.02,5.78,7141408.0,42362569.0,14:42:45
sz002421,达实智能,3.15,0.14,4.651,3.14,3.15,3.01,2.99,3.16,2.95,144066097.0,442823184.0,14:42:45
sz002422,科伦药业,42.77,1.33,3.209,42.76,42.77,41.44,41.26,42.82,40.73,25522624.0,1066667740.0,14:42:45
sz002423,中粮资本,9.6,0.3,3.226,9.59,9.6,9.3,9.3,9.74,9.3,57554649.0,551010258.0,14:42:45
sz002424,ST百灵,4.56,0.01,0.22,4.56,4.57,4.55,4.5,4.57,4.48,5377500.0,24448556.0,14:42:45
sz002425,凯撒文化,3.12,0.12,4.0,3.12,3.13,3.0,2.98,3.16,2.96,32307109.0,99148513.0,14:42:45
sz002426,胜利精密,2.67,0.07,2.692,2.66,2.67,2.6,2.57,2.7,2.55,70634769.0,185763065.0,14:42:45
sz002427,尤夫股份,4.54,-0.05,-1.089,4.53,4.54,4.59,4.55,4.74,4.48,28574346.0,130943958.0,14:42:45
sz002428,云南锗业,94.41,-0.96,-1.007,94.41,94.43,95.37,90.61,95.37,90.61,55194689.0,5143167256.0,14:42:45
sz002429,兆驰股份,7.95,0.0,0.0,7.95,7.96,7.95,7.82,8.05,7.63,46945152.0,368270948.0,14:42:45
sz002430,杭氧股份,23.23,0.37,1.619,23.22,23.23,22.86,22.8,23.39,22.63,9501500.0,219826041.0,14:42:45
sz002431,ST棕榈,1.4,0.01,0.719,1.4,1.41,1.39,1.38,1.42,1.38,16618801.0,23259582.0,14:42:42
sz002432,九安医疗,65.66,-1.61,-2.393,65.65,65.66,67.27,66.81,66.81,63.5,18888510.0,1224755819.0,14:42:45
sz002434,万里扬,5.92,0.26,4.594,5.91,5.92,5.66,5.65,5.95,5.6,19047610.0,111048924.0,14:42:45
sz002436,兴森科技,33.21,-0.03,-0.09,33.21,33.22,33.24,32.2,34.06,31.81,73994726.0,2432940131.0,14:42:45
sz002437,誉衡药业,4.3,0.36,9.137,4.3,4.31,3.94,3.95,4.33,3.86,758244941.0,3204365355.0,14:42:45
sz002438,江苏神通,13.8,0.31,2.298,13.8,13.81,13.49,13.48,13.88,13.26,9356962.0,127447432.0,14:42:45
sz002439,启明星辰,13.27,0.06,0.454,13.27,13.28,13.21,13.08,13.3,13.06,8852770.0,116906536.0,14:42:45
sz002440,闰土股份,12.08,-0.32,-2.581,12.08,12.09,12.4,12.22,12.38,11.73,33070317.0,398925875.0,14:42:45
sz002441,众业达,7.93,0.21,2.72,7.91,7.93,7.72,7.72,7.94,7.68,4173500.0,32744524.0,14:42:45
sz002442,龙星科技,5.04,0.16,3.279,5.03,5.04,4.88,4.89,5.04,4.85,9150700.0,45511016.0,14:42:45
sz002443,金洲管道,9.78,0.38,4.043,9.77,9.78,9.4,9.29,9.96,9.1,27175791.0,259573379.0,14:42:45
sz002444,巨星科技,29.29,0.7,2.448,29.29,29.3,28.59,28.59,29.65,28.45,10253550.0,299695015.0,14:42:45
sz002445,中南文化,3.71,0.34,10.089,3.71,0.0,3.37,3.71,3.71,3.71,5577620.0,20692970.0,14:42:45
sz002446,盛路通信,8.53,0.19,2.278,8.53,8.54,8.34,8.2,8.59,8.14,17677458.0,148611125.0,14:42:45
sz002448,中原内配,12.63,0.26,2.102,12.62,12.63,12.37,12.22,12.69,12.06,15082800.0,188338100.0,14:42:45
sz002449,国星光电,6.62,0.11,1.69,6.61,6.62,6.51,6.49,6.62,6.4,17201413.0,112183538.0,14:42:45
sz002451,摩恩电气,8.13,0.74,10.014,8.13,0.0,7.39,7.17,8.13,7.11,33317278.0,253857498.0,14:42:42
sz002452,长高电气,11.28,0.12,1.075,11.28,11.29,11.16,11.09,11.32,11.03,6336986.0,70804668.0,14:42:45
sz002453,华软科技,4.49,0.14,3.218,4.49,4.5,4.35,4.35,4.5,4.28,11481600.0,50543273.0,14:42:42
sz002454,松芝股份,5.25,0.2,3.96,5.24,5.25,5.05,5.01,5.25,5.0,13864043.0,71352253.0,14:42:45
sz002455,百川股份,7.7,0.48,6.648,7.7,7.71,7.22,7.28,7.88,7.22,84594369.0,645022947.0,14:42:45
sz002456,欧菲光,7.17,0.23,3.314,7.17,7.18,6.94,6.9,7.19,6.85,71195997.0,504015466.0,14:42:45
sz002457,青龙管业,11.0,0.3,2.804,11.0,11.01,10.7,10.54,11.08,10.51,17875500.0,194115119.0,14:42:45
sz002458,益生股份,8.87,0.1,1.14,8.86,8.87,8.77,8.75,8.89,8.7,31831050.0,280440817.0,14:42:45
sz002459,晶澳科技,7.23,0.08,1.119,7.22,7.23,7.15,7.12,7.24,7.09,20744490.0,148606635.0,14:42:45
sz002460,赣锋锂业,53.13,-2.5,-4.494,53.13,53.14,55.63,54.6,55.77,52.92,41877046.0,2257755000.0,14:42:45
sz002461,珠江啤酒,8.64,0.07,0.817,8.63,8.65,8.57,8.58,8.69,8.55,3722400.0,32186201.0,14:42:45
sz002462,嘉事堂,12.23,0.27,2.258,12.23,12.24,11.96,11.9,12.26,11.88,2147700.0,26060269.0,14:42:39
sz002463,沪电股份,114.13,-1.44,-1.246,114.12,114.13,115.57,113.08,118.12,112.22,38574754.0,4444904584.0,14:42:45
sz002465,海格通信,10.01,0.19,1.935,10.0,10.01,9.82,9.78,10.05,9.67,40799080.0,403818997.0,14:42:45
sz002466,天齐锂业,47.04,-2.06,-4.196,47.02,47.04,49.1,49.1,49.1,46.6,51398826.0,2444463802.0,14:42:45
sz002467,二六三,4.55,0.11,2.477,4.54,4.55,4.44,4.44,4.55,4.36,24339892.0,109088306.0,14:42:45
sz002468,申通快递,13.98,-0.12,-0.851,13.98,13.99,14.1,14.1,14.17,13.94,9301951.0,130469541.0,14:42:45
sz002469,三维化学,6.69,-0.09,-1.327,6.68,6.69,6.78,6.61,6.82,6.39,29061901.0,189874158.0,14:42:45
sz002470,金正大,1.97,0.04,2.073,1.97,1.98,1.93,1.92,1.99,1.91,115141300.0,226563148.0,14:42:45
sz002471,中超控股,5.35,0.13,2.49,5.35,5.36,5.22,5.17,5.38,5.14,32542227.0,171988402.0,14:42:45
sz002472,双环传动,35.74,0.51,1.448,35.73,35.74,35.23,34.98,35.93,34.96,9910472.0,352613159.0,14:42:45
sz002474,榕基软件,6.24,0.23,3.827,6.24,6.25,6.01,5.96,6.27,5.92,20301445.0,124873085.0,14:42:45
sz002475,立讯精密,54.95,1.23,2.29,54.95,54.96,53.72,52.6,55.69,51.88,127933397.0,6927799886.0,14:42:45
sz002476,新叶股份,5.13,0.08,1.584,5.13,5.14,5.05,5.03,5.15,5.0,7815200.0,39810733.0,14:42:45
sz002478,常宝股份,6.92,0.63,10.016,6.92,0.0,6.29,6.24,6.92,6.14,46713740.0,308747894.0,14:42:45
sz002479,富春环保,5.8,0.0,0.0,5.8,5.81,5.8,5.73,5.84,5.7,20615154.0,119069645.0,14:42:45
sz002480,新筑股份,5.35,0.02,0.375,5.34,5.36,5.33,5.33,5.37,5.27,5368300.0,28602841.0,14:42:30
sz002481,双塔食品,4.24,0.11,2.663,4.24,4.25,4.13,4.14,4.25,4.12,10458373.0,44048244.0,14:42:45
sz002482,广田集团,1.29,0.04,3.2,1.29,1.3,1.25,1.25,1.3,1.25,59595990.0,76496891.0,14:42:45
sz002483,润邦股份,5.35,-0.11,-2.015,5.34,5.35,5.46,5.19,5.37,5.11,18936450.0,99196846.0,14:42:45
sz002484,江海股份,60.12,0.62,1.042,60.1,60.12,59.5,59.48,61.0,56.87,31680760.0,1869152310.0,14:42:45
sz002485,ST雪发,6.06,0.07,1.169,6.05,6.06,5.99,6.02,6.12,5.94,1687400.0,10173763.0,14:42:45
sz002486,嘉麟杰,2.7,0.15,5.882,2.69,2.7,2.55,2.56,2.7,2.54,25142500.0,65994384.0,14:42:45
sz002487,大金重工,35.24,-0.02,-0.057,35.23,35.24,35.26,34.71,35.66,33.77,30304428.0,1052735655.0,14:42:45
sz002488,金固股份,8.06,0.22,2.806,8.06,8.07,7.84,7.79,8.09,7.65,23283928.0,185121987.0,14:42:45
sz002489,浙江永强,2.83,0.07,2.536,2.82,2.83,2.76,2.75,2.83,2.74,22446700.0,62940413.0,14:42:45
sz002490,山东墨龙,8.31,0.13,1.589,8.31,8.32,8.18,8.09,8.5,8.02,66815418.0,555890790.0,14:42:45
sz002491,通鼎互联,21.44,0.63,3.027,21.44,21.45,20.81,20.66,22.04,19.6,264094168.0,5559878420.0,14:42:45
sz002492,恒基达鑫,5.65,0.26,4.824,5.65,5.66,5.39,5.37,5.68,5.35,7894700.0,43878391.0,14:42:45
sz002493,荣盛石化,13.26,-0.39,-2.857,13.25,13.26,13.65,13.65,13.82,13.05,41380840.0,550913821.0,14:42:45
sz002494,华斯股份,4.87,0.08,1.67,4.87,4.88,4.79,4.59,4.9,4.59,12010458.0,57788622.0,14:42:45
sz002495,佳隆股份,2.42,0.05,2.11,2.42,2.43,2.37,2.36,2.44,2.35,19548600.0,46807043.0,14:42:45
sz002496,辉丰股份,2.06,0.05,2.488,2.06,2.07,2.01,2.0,2.08,1.98,26765240.0,55013439.0,14:42:45
sz002497,雅化集团,18.65,-0.89,-4.555,18.65,18.66,19.54,19.3,19.63,18.61,43625899.0,827308511.0,14:42:45
sz002498,汉缆股份,6.27,0.08,1.292,6.26,6.27,6.19,6.18,6.28,6.11,37103816.0,231085492.0,14:42:45
sz002500,山西证券,5.31,0.06,1.143,5.31,5.32,5.25,5.28,5.32,5.25,13564960.0,71836099.0,14:42:45
sz002501,*ST利源,1.27,0.01,0.794,1.27,1.28,1.26,1.26,1.28,1.26,16441709.0,20865180.0,14:42:45
sz002506,协鑫集成,2.75,-0.03,-1.079,2.74,2.75,2.78,2.69,2.76,2.61,493709035.0,1322265114.0,14:42:45
sz002507,涪陵榨菜,11.28,0.09,0.804,11.27,11.29,11.19,11.19,11.33,11.19,7503570.0,84683852.0,14:42:45
sz002508,老板电器,16.55,-0.02,-0.121,16.54,16.55,16.57,16.43,16.72,16.43,6229908.0,103408478.0,14:42:45
sz002510,天汽模,5.77,0.27,4.909,5.77,5.78,5.5,5.54,5.79,5.54,26629888.0,151627797.0,14:42:45
sz002511,中顺洁柔,7.13,0.09,1.278,7.13,7.14,7.04,7.06,7.17,7.02,9779106.0,69546020.0,14:42:39
sz002512,ST达华,3.98,-0.05,-1.241,3.98,3.99,4.03,3.98,4.0,3.9,15517600.0,61366157.0,14:42:45
sz002513,蓝丰生化,5.43,0.17,3.232,5.42,5.43,5.26,5.13,5.44,5.12,9109100.0,48544721.0,14:42:45
sz002514,*ST宝馨,1.8,0.16,9.756,1.8,0.0,1.64,1.65,1.8,1.63,44368600.0,76788012.0,14:42:42
sz002515,金字火腿,8.38,0.41,5.144,8.37,8.38,7.97,7.81,8.77,7.66,144586185.0,1214171499.0,14:42:45
sz002516,旷达科技,5.37,0.14,2.677,5.37,5.38,5.23,5.23,5.39,5.2,12738331.0,67788820.0,14:42:42
sz002517,恺英网络,16.58,0.03,0.181,16.57,16.58,16.55,16.38,16.68,16.3,36491517.0,603784787.0,14:42:45
sz002518,科士达,35.23,0.78,2.264,35.22,35.23,34.45,34.02,35.67,33.21,14786153.0,511289628.0,14:42:45
sz002519,银河电子,5.41,0.19,3.64,5.41,5.42,5.22,5.19,5.43,5.16,23784929.0,126779224.0,14:42:45
sz002520,日发精机,6.15,0.36,6.218,6.14,6.15,5.79,5.76,6.22,5.71,38597765.0,231173936.0,14:42:45
sz002521,齐峰新材,6.76,0.07,1.046,6.76,6.77,6.69,6.68,6.81,6.67,3546924.0,23934675.0,14:42:45
sz002522,浙江众成,5.39,0.15,2.863,5.39,5.4,5.24,5.18,5.42,5.12,43865910.0,231759311.0,14:42:45
sz002523,天桥起重,3.44,0.05,1.475,3.44,3.45,3.39,3.4,3.46,3.38,22540111.0,77366017.0,14:42:39
sz002524,光正眼科,4.07,0.14,3.562,4.06,4.07,3.93,3.91,4.08,3.89,18807400.0,74990708.0,14:42:45
sz002526,山东矿机,2.74,0.11,4.183,2.73,2.74,2.63,2.63,2.74,2.62,25135542.0,67616414.0,14:42:45
sz002527,新时达,11.36,0.34,3.085,11.35,11.36,11.02,11.01,11.41,10.94,6892600.0,77453858.0,14:42:45
sz002528,*ST英飞,5.87,-0.16,-2.653,5.86,5.87,6.03,6.0,6.54,5.71,43442438.0,267684617.0,14:42:45
sz002529,海源复材,7.08,0.16,2.312,7.08,7.09,6.92,6.85,7.09,6.82,3878600.0,27150867.0,14:42:45
sz002530,金财互联,7.35,0.33,4.701,7.35,7.36,7.02,7.04,7.38,7.03,20551316.0,148923882.0,14:42:45
sz002531,天顺风能,6.13,0.09,1.49,6.13,6.14,6.04,6.03,6.16,5.99,21560898.0,131091969.0,14:42:45
sz002532,天山铝业,12.58,-0.12,-0.945,12.58,12.59,12.7,12.65,12.72,12.41,56197020.0,705606321.0,14:42:45
sz002533,金杯电工,11.27,0.12,1.076,11.26,11.27,11.15,11.13,11.29,11.07,3065400.0,34414981.0,14:42:45
sz002534,西子洁能,14.9,-0.2,-1.325,14.89,14.9,15.1,14.95,15.09,14.45,7845126.0,115898259.0,14:42:42
sz002535,林州重机,2.58,0.1,4.032,2.57,2.58,2.48,2.48,2.59,2.46,14843300.0,37693209.0,14:42:48
sz002536,飞龙股份,51.57,2.77,5.676,51.57,51.58,48.8,48.48,52.65,47.0,72429677.0,3616912478.0,14:42:48
sz002537,海联金汇,6.27,0.41,6.997,6.27,6.28,5.86,5.88,6.42,5.85,103032504.0,641407163.0,14:42:48
sz002538,ST司特,7.32,0.02,0.274,7.32,7.33,7.3,7.32,7.38,7.25,6033600.0,44172266.0,14:42:45
sz002539,云图控股,12.87,0.06,0.468,12.86,12.87,12.81,12.83,13.1,12.69,15969228.0,206459462.0,14:42:48
sz002540,亚太科技,5.12,-0.01,-0.195,5.12,5.13,5.13,5.11,5.15,5.07,6830800.0,34927082.0,14:42:48
sz002541,鸿路钢构,19.66,0.14,0.717,19.66,19.68,19.52,19.57,19.87,19.4,6422271.0,126192422.0,14:42:48
sz002542,*ST中岩,1.83,-0.06,-3.175,1.83,1.84,1.89,1.85,1.9,1.83,27053000.0,50425451.0,14:42:42
sz002543,万和电气,7.32,-0.06,-0.813,7.31,7.32,7.38,7.25,7.35,7.06,15016755.0,108576666.0,14:42:48
sz002544,普天科技,16.14,0.22,1.382,16.14,16.15,15.92,15.85,16.33,15.73,8566028.0,137441008.0,14:42:48
sz002545,东方铁塔,17.04,-0.42,-2.405,17.03,17.04,17.46,17.4,17.64,16.93,13342100.0,230062361.0,14:42:48
sz002546,新联电子,7.94,0.12,1.535,7.93,7.94,7.82,7.78,7.95,7.72,9649000.0,75892494.0,14:42:48
sz002547,*ST春兴,2.53,0.04,1.606,2.53,2.54,2.49,2.47,2.56,2.44,20087376.0,50539155.0,14:42:48
sz002548,金新农,4.11,0.1,2.494,4.11,4.12,4.01,4.01,4.13,3.97,24469346.0,100130881.0,14:42:48
sz002549,凯美特气,13.38,-0.06,-0.446,13.38,13.39,13.44,13.27,13.44,13.14,10342909.0,137618419.0,14:42:48
sz002550,千红制药,6.58,0.08,1.231,6.58,6.59,6.5,6.5,6.6,6.43,12452016.0,81472043.0,14:42:48
sz002551,尚荣医疗,3.38,0.1,3.049,3.38,3.39,3.28,3.29,3.4,3.27,12741630.0,42655840.0,14:42:48
sz002552,宝鼎科技,56.03,-1.82,-3.146,56.03,56.05,57.85,55.99,58.45,53.36,34954973.0,1939650129.0,14:42:48
sz002553,南方精工,15.55,0.6,4.013,15.55,15.56,14.95,14.8,15.6,14.8,9135900.0,139432937.0,14:42:48
sz002554,惠博普,2.97,0.07,2.414,2.97,2.98,2.9,2.88,3.0,2.87,25004290.0,74013886.0,14:42:48
sz002555,三七互娱,18.68,0.28,1.522,18.67,18.68,18.4,18.35,18.69,18.31,18295806.0,338414233.0,14:42:48
sz002556,辉隆股份,5.17,0.06,1.174,5.16,5.17,5.11,5.06,5.23,5.06,13232485.0,68515536.0,14:42:48
sz002557,洽洽食品,18.66,0.01,0.054,18.66,18.67,18.65,18.85,19.14,18.61,7057093.0,132652850.0,14:42:48
sz002558,巨人网络,26.85,0.19,0.713,26.85,26.86,26.66,26.6,27.4,26.32,63900331.0,1725497673.0,14:42:48
sz002559,亚威股份,9.2,-0.02,-0.217,9.2,9.21,9.22,9.04,9.26,8.82,20280100.0,183402446.0,14:42:48
sz002560,通达股份,6.11,0.17,2.862,6.1,6.11,5.94,5.9,6.12,5.88,16955579.0,101921660.0,14:42:48
sz002561,徐家汇,6.89,0.25,3.765,6.89,6.9,6.64,6.66,6.99,6.62,8984091.0,61680943.0,14:42:48
sz002562,兄弟科技,4.99,0.21,4.393,4.98,4.99,4.78,4.75,5.08,4.71,36588952.0,180195240.0,14:42:48
sz002563,森马服饰,5.89,0.06,1.029,5.87,5.89,5.83,5.83,5.94,5.81,16658931.0,97891303.0,14:42:48
sz002564,天沃科技,4.42,0.14,3.271,4.42,4.43,4.28,4.29,4.45,4.24,12151360.0,53155448.0,14:42:48
sz002565,顺灏股份,8.64,0.2,2.37,8.63,8.64,8.44,8.34,8.67,8.23,31513288.0,267239568.0,14:42:48
sz002566,益盛药业,7.09,0.35,5.193,7.08,7.09,6.74,6.73,7.13,6.69,10691100.0,74420405.0,14:42:48
sz002567,唐人神,3.73,0.12,3.324,3.72,3.73,3.61,3.59,3.73,3.59,27461862.0,101328523.0,14:42:48
sz002568,百润股份,17.89,-0.01,-0.056,17.88,17.89,17.9,17.81,18.09,17.81,6153312.0,110223457.0,14:42:48
sz002569,*ST步森,11.4,0.23,2.059,11.37,11.4,11.17,10.98,11.5,10.7,1009200.0,11339564.0,14:42:33
sz002570,贝因美,4.55,0.15,3.409,4.54,4.55,4.4,4.42,4.56,4.4,14841567.0,66803681.0,14:42:48
sz002571,德力股份,10.94,0.38,3.598,10.93,10.94,10.56,10.56,11.05,10.51,5122100.0,55499083.0,14:42:48
sz002572,索菲亚,8.21,0.11,1.358,8.21,8.22,8.1,8.1,8.23,8.09,6175450.0,50487887.0,14:42:48
sz002573,清新环境,3.2,0.03,0.946,3.2,3.21,3.17,3.17,3.21,3.15,9880124.0,31515427.0,14:42:48
sz002574,明牌珠宝,4.98,0.21,4.403,4.98,4.99,4.77,4.95,5.25,4.9,40649603.0,207105809.0,14:42:48
sz002575,群兴玩具,5.11,0.25,5.144,5.1,5.11,4.86,4.83,5.12,4.79,27231309.0,136492563.0,14:42:48
sz002576,通达动力,14.39,0.43,3.08,14.38,14.39,13.96,13.85,14.4,13.84,1959400.0,27868158.0,14:42:48
sz002577,雷柏科技,18.96,0.44,2.376,18.95,18.96,18.52,18.3,18.98,18.12,3077182.0,57123736.0,14:42:48
sz002578,闽发铝业,3.99,0.1,2.571,3.99,4.0,3.89,3.87,4.01,3.79,30097770.0,117105362.0,14:42:48
sz002579,中京电子,13.97,0.1,0.721,13.96,13.97,13.87,13.65,14.02,13.13,48310594.0,657169453.0,14:42:48
sz002580,圣阳股份,21.12,0.07,0.333,21.11,21.12,21.05,21.42,22.05,20.19,103740563.0,2179660998.0,14:42:48
sz002581,*ST未名,5.61,0.4,7.678,5.61,5.62,5.21,5.06,5.66,4.97,19307294.0,103450774.0,14:42:48
sz002582,好想你,10.19,0.17,1.697,10.18,10.19,10.02,10.0,10.25,9.95,19755000.0,199904045.0,14:42:48
sz002583,海能达,8.38,0.16,1.946,8.37,8.38,8.22,8.18,8.42,8.16,21736100.0,181715952.0,14:42:48
sz002584,西陇科学,8.15,0.06,0.742,8.15,8.16,8.09,7.98,8.18,7.88,18231643.0,146723953.0,14:42:48
sz002585,双星新材,9.83,0.01,0.102,9.82,9.83,9.82,9.61,9.9,9.31,47045962.0,452956921.0,14:42:48
sz002586,ST围海,4.37,-0.08,-1.798,4.37,4.38,4.45,4.47,4.48,4.27,8660200.0,37754677.0,14:42:48
sz002587,奥拓电子,5.49,0.16,3.002,5.48,5.49,5.33,5.28,5.5,5.25,11263228.0,60903610.0,14:42:48
sz002588,史丹利,7.72,0.05,0.652,7.72,7.73,7.67,7.66,7.79,7.64,11973700.0,92620284.0,14:42:48
sz002589,瑞康医药,3.23,0.21,6.954,3.23,3.24,3.02,2.98,3.26,2.96,137949181.0,432480863.0,14:42:48
sz002590,万安科技,9.56,0.23,2.465,9.55,9.56,9.33,9.25,9.56,9.2,4900300.0,46348773.0,14:42:45
sz002591,恒大高新,6.38,0.16,2.572,6.37,6.38,6.22,6.14,6.42,6.1,14678200.0,92076569.0,14:42:48
sz002592,ST八菱,6.96,-0.11,-1.556,6.96,6.97,7.07,6.95,7.15,6.86,6081000.0,42381141.0,14:42:42
sz002593,日上集团,4.49,0.1,2.278,4.48,4.49,4.39,4.39,4.5,4.37,14668200.0,65191666.0,14:42:48
sz002594,比亚迪,91.37,0.71,0.783,91.37,91.38,90.66,90.49,91.47,89.91,24205169.0,2195451478.0,14:42:48
sz002595,豪迈科技,47.94,-0.12,-0.25,47.92,47.94,48.06,48.0,48.14,47.31,2181055.0,104220599.0,14:42:48
sz002596,海南瑞泽,3.24,0.05,1.567,3.25,3.26,3.19,3.17,3.27,3.17,22637500.0,73134555.0,14:42:48
sz002597,金禾实业,19.93,0.17,0.86,19.92,19.93,19.76,19.76,20.05,19.72,3276016.0,65241023.0,14:42:48
sz002598,ST章鼓,6.71,0.13,1.976,6.7,6.71,6.58,6.58,6.71,6.56,1609900.0,10696161.0,14:42:45
sz002599,盛通股份,5.94,0.19,3.304,5.94,5.95,5.75,5.71,5.96,5.7,7125880.0,41780543.0,14:42:42
sz002600,领益智造,12.19,0.11,0.911,12.18,12.19,12.08,11.91,12.25,11.73,62037059.0,744542562.0,14:42:48
sz002601,龙佰集团,15.55,0.18,1.171,15.55,15.56,15.37,15.3,15.6,15.25,8817500.0,136527903.0,14:42:48
sz002602,世纪华通,14.07,0.28,2.03,14.07,14.08,13.79,13.69,14.1,13.66,72596766.0,1016636980.0,14:42:48
sz002603,以岭药业,16.1,0.26,1.641,16.1,16.11,15.84,15.75,16.12,15.67,15012788.0,238742246.0,14:42:48
sz002605,姚记科技,17.53,0.27,1.564,17.52,17.53,17.26,17.26,17.57,17.26,2996300.0,52285675.0,14:42:48
sz002606,大连电瓷,13.18,-0.08,-0.603,13.18,13.19,13.26,13.13,13.21,12.77,13857485.0,180181958.0,14:42:48
sz002607,中公教育,2.05,0.05,2.5,2.05,2.06,2.0,1.99,2.06,1.98,120532504.0,244571572.0,14:42:48
sz002608,江苏国信,7.05,0.03,0.427,7.05,7.06,7.02,7.0,7.08,6.99,8309400.0,58546396.0,14:42:48
sz002609,捷顺科技,7.8,0.24,3.175,7.79,7.8,7.56,7.5,7.8,7.5,5947900.0,45816834.0,14:42:48
sz002611,东方精工,14.71,0.25,1.729,14.71,14.72,14.46,14.32,14.76,14.32,13576721.0,198156078.0,14:42:48
sz002612,朗姿股份,14.87,0.2,1.363,14.86,14.87,14.67,14.7,14.94,14.43,6666400.0,98062542.0,14:42:48
sz002613,北玻股份,3.48,0.09,2.655,3.48,3.49,3.39,3.4,3.49,3.37,21871300.0,75229548.0,14:42:48
sz002614,奥佳华,5.84,0.43,7.948,5.83,5.84,5.41,5.44,5.85,5.41,44000825.0,250678751.0,14:42:48
sz002615,哈尔斯,6.68,0.31,4.867,6.67,6.68,6.37,6.36,6.75,6.31,15620499.0,103372210.0,14:42:48
sz002616,长青集团,4.81,0.07,1.477,4.81,4.82,4.74,4.7,4.83,4.7,7014026.0,33595712.0,14:42:45
sz002617,露笑科技,6.15,0.09,1.485,6.14,6.15,6.06,5.99,6.16,5.95,44650500.0,271143256.0,14:42:48
sz002620,*ST瑞和,5.71,0.0,0.0,5.71,5.72,5.71,5.89,6.05,5.6,15328353.0,88953366.0,14:42:36
sz002622,皓宸医疗,2.62,0.15,6.073,2.62,2.63,2.47,2.46,2.64,2.45,29900900.0,76608622.0,14:42:48
sz002623,亚玛顿,15.77,0.27,1.742,15.76,15.77,15.5,15.51,15.82,15.27,2287091.0,35692918.0,14:42:42
sz002624,完美世界,10.99,0.17,1.571,10.98,10.99,10.82,10.75,11.02,10.63,26884723.0,293522383.0,14:42:48
sz002625,光启技术,28.52,0.7,2.516,28.52,28.53,27.82,27.55,28.58,27.02,15285021.0,427382903.0,14:42:48
sz002626,金达威,16.77,0.45,2.757,16.76,16.77,16.32,16.3,16.94,16.3,6431800.0,107309025.0,14:42:48
sz002627,三峡旅游,6.89,0.36,5.513,6.89,6.9,6.53,7.01,7.18,6.8,49794659.0,349959336.0,14:42:48
sz002628,成都路桥,4.8,0.01,0.209,4.79,4.8,4.79,4.76,4.84,4.72,10425452.0,49891140.0,14:42:48
sz002629,仁智股份,4.9,0.17,3.594,4.89,4.9,4.73,4.72,4.92,4.7,9058600.0,43795207.0,14:42:48
sz002630,*ST华西,1.64,0.03,1.863,1.63,1.64,1.61,1.61,1.64,1.59,6063760.0,9843683.0,14:42:21
sz002631,德尔未来,8.84,0.11,1.26,8.84,8.85,8.73,8.5,8.9,8.34,26875301.0,231839271.0,14:42:48
sz002632,道明光学,8.5,0.21,2.533,8.5,8.51,8.29,8.29,8.53,8.2,11322500.0,94802528.0,14:42:48
sz002633,申科股份,14.69,0.51,3.597,14.69,14.7,14.18,14.16,14.73,14.05,1471500.0,21283866.0,14:42:48
sz002634,*ST棒杰,4.27,0.01,0.235,4.26,4.27,4.26,4.22,4.28,4.18,3142071.0,13271044.0,14:42:39
sz002635,安洁科技,15.65,0.25,1.623,15.65,15.66,15.4,15.25,15.78,14.77,17987200.0,275677689.0,14:42:48
sz002636,金安国纪,64.13,3.66,6.053,64.13,64.14,60.47,58.83,66.52,57.8,50280413.0,3175167106.0,14:42:48
sz002637,赞宇科技,11.19,-0.14,-1.236,11.18,11.19,11.33,11.02,11.56,10.87,19815515.0,221790948.0,14:42:48
sz002638,勤上股份,4.36,0.18,4.306,4.36,4.37,4.18,4.16,4.4,4.11,50594900.0,216320746.0,14:42:48
sz002639,雪人集团,11.83,0.39,3.409,11.82,11.83,11.44,11.41,11.88,11.17,21635837.0,252118233.0,14:42:48
sz002640,跨境通,3.33,0.18,5.714,3.32,3.33,3.15,3.16,3.33,3.15,116826389.0,382575060.0,14:42:48
sz002641,公元股份,3.98,0.05,1.272,3.97,3.98,3.93,3.92,3.99,3.91,7523900.0,29870099.0,14:42:48
sz002642,荣联科技,7.26,0.26,3.714,7.25,7.26,7.0,7.02,7.27,6.98,11608430.0,83217071.0,14:42:48
sz002643,万润股份,13.02,0.04,0.308,13.01,13.02,12.98,12.81,13.07,12.51,15582651.0,199694552.0,14:42:48
sz002644,佛慈制药,8.5,0.32,3.912,8.49,8.5,8.18,8.17,8.54,8.08,12366700.0,103536970.0,14:42:48
sz002645,华宏科技,18.88,-0.15,-0.788,18.87,18.88,19.03,18.76,19.26,18.36,29940790.0,561360302.0,14:42:48
sz002646,天佑德酒,6.94,0.14,2.059,6.94,6.95,6.8,6.76,6.95,6.76,4143200.0,28588793.0,14:42:48
sz002647,仁东控股,11.26,-0.49,-4.17,11.25,11.26,11.75,11.62,11.85,11.18,42969700.0,491817202.0,14:42:48
sz002648,卫星化学,26.53,-0.04,-0.151,26.53,26.54,26.57,26.64,27.09,26.44,33474502.0,894654947.0,14:42:48
sz002649,博彦科技,9.79,0.37,3.928,9.79,9.8,9.42,9.38,9.82,9.35,20472394.0,198965839.0,14:42:48
sz002650,ST加加,6.27,0.06,0.966,6.26,6.27,6.21,6.21,6.35,6.14,3335925.0,20906104.0,14:42:30
sz002651,利君股份,8.34,-0.27,-3.136,8.33,8.34,8.61,8.4,8.5,8.23,32468151.0,269684424.0,14:42:48
sz002652,扬子新材,4.1,0.17,4.326,4.09,4.1,3.93,3.91,4.12,3.89,14418600.0,58250713.0,14:42:48
sz002653,海思科,64.38,0.22,0.343,64.38,64.39,64.16,64.13,64.98,62.68,3811595.0,243420975.0,14:42:48
sz002654,万润科技,13.53,-0.4,-2.872,13.53,13.54,13.93,13.3,13.91,13.16,62338430.0,843567566.0,14:42:48
sz002655,共达电声,37.53,2.15,6.077,37.52,37.53,35.38,34.21,38.23,33.6,40001841.0,1462458183.0,14:42:48
sz002656,摩登大道,3.0,0.05,1.695,2.99,3.0,2.95,2.95,3.01,2.94,11581283.0,34511338.0,14:42:48
sz002657,中科金财,15.76,0.8,5.348,15.75,15.76,14.96,14.93,15.84,14.71,13136399.0,202795891.0,14:42:48
sz002658,雪迪龙,7.43,0.23,3.194,7.43,7.44,7.2,7.1,7.47,7.08,7360121.0,53842761.0,14:42:48
sz002659,凯文教育,4.56,0.15,3.401,4.56,4.57,4.41,4.41,4.57,4.39,12521100.0,56141787.0,14:42:48
sz002660,茂硕电源,7.58,0.24,3.27,7.57,7.59,7.34,7.3,7.6,7.29,4614803.0,34477566.0,14:42:45
sz002661,克明食品,8.13,0.21,2.652,8.13,8.14,7.92,7.9,8.15,7.87,3073600.0,24828241.0,14:42:45
sz002662,峰璟股份,3.28,0.07,2.181,3.27,3.28,3.21,3.19,3.28,3.18,7679294.0,24938473.0,14:42:45
sz002663,普邦股份,1.72,0.09,5.521,1.72,1.73,1.63,1.63,1.73,1.63,35448716.0,59958366.0,14:42:48
sz002664,信质集团,15.31,0.39,2.614,15.3,15.31,14.92,14.85,15.34,14.76,3656480.0,55238107.0,14:42:48
sz002666,德联集团,4.23,0.06,1.439,4.23,4.24,4.17,4.3,4.38,4.11,24679618.0,104195317.0,14:42:48
sz002667,*ST威领,20.5,1.05,5.398,20.5,20.51,19.45,19.6,21.4,19.5,31271820.0,637679679.0,14:42:48
sz002668,TCL智家,9.93,0.13,1.327,9.92,9.93,9.8,9.7,9.96,9.62,16643796.0,163504610.0,14:42:48
sz002669,康达新材,11.62,0.17,1.485,11.61,11.62,11.45,11.28,11.65,11.05,9993904.0,113614640.0,14:42:48
sz002670,国盛证券,10.85,0.16,1.497,10.84,10.85,10.69,10.75,10.91,10.71,13676708.0,147681705.0,14:42:48
sz002671,龙泉股份,4.0,0.1,2.564,4.0,4.01,3.9,3.9,4.01,3.88,8881500.0,35197471.0,14:42:48
sz002672,东江环保,3.73,0.09,2.473,3.73,3.74,3.64,3.63,3.75,3.61,6273500.0,23258866.0,14:42:48
sz002673,西部证券,6.58,0.11,1.7,6.57,6.58,6.47,6.47,6.58,6.47,19907328.0,130270729.0,14:42:48
sz002674,兴业科技,26.39,-0.64,-2.368,26.38,26.39,27.03,26.22,26.93,25.73,10683050.0,281737706.0,14:42:48
sz002675,东诚药业,12.97,0.2,1.566,12.97,12.98,12.77,12.72,13.0,12.64,5097698.0,65731695.0,14:42:39
sz002676,顺威股份,5.19,0.14,2.772,5.18,5.19,5.05,5.0,5.21,5.0,14315123.0,73578890.0,14:42:48
sz002677,浙江美大,6.93,0.25,3.743,6.92,6.93,6.68,6.64,7.0,6.64,6060300.0,41635398.0,14:42:48
sz002678,珠江钢琴,4.83,0.03,0.625,4.82,4.83,4.8,4.78,4.86,4.75,9644726.0,46433558.0,14:42:48
sz002679,福建金森,9.57,0.32,3.459,9.57,9.58,9.25,9.29,9.62,9.22,4970980.0,47104721.0,14:42:48
sz002681,奋达科技,4.45,0.11,2.535,4.44,4.46,4.34,4.3,4.47,4.29,26567536.0,116897447.0,14:42:48
sz002682,龙洲股份,4.75,0.22,4.857,4.75,4.76,4.53,4.48,4.77,4.47,37890975.0,176634531.0,14:42:48
sz002683,广东宏大,29.26,-0.06,-0.205,29.25,29.26,29.32,29.0,29.79,28.71,6712137.0,196618115.0,14:42:48
sz002685,华东重机,5.53,0.15,2.788,5.52,5.53,5.38,5.38,5.55,5.33,26164156.0,143203172.0,14:42:48
sz002686,亿利达,6.82,0.62,10.0,6.82,0.0,6.2,6.11,6.82,6.05,37740595.0,248295033.0,14:42:48
sz002687,乔治白,6.47,-0.15,-2.266,6.46,6.47,6.62,6.42,6.54,6.0,29884096.0,188126733.0,14:42:48
sz002688,金河生物,5.27,0.09,1.737,5.26,5.27,5.18,5.16,5.28,5.12,7300900.0,38085675.0,14:42:45
sz002689,ST远智,2.87,0.01,0.35,2.87,2.88,2.86,2.86,2.88,2.83,3069640.0,8779109.0,14:42:45
sz002690,美亚光电,15.35,0.13,0.854,15.33,15.35,15.22,15.3,15.43,15.22,2405260.0,36875825.0,14:42:48
sz002691,*ST冀凯,4.28,0.13,3.133,4.28,4.29,4.15,4.15,4.34,4.12,1825500.0,7759306.0,14:42:33
sz002692,远程股份,4.28,0.1,2.392,4.28,4.29,4.18,4.15,4.3,4.14,9658100.0,41009163.0,14:42:48
sz002693,双成药业,9.26,0.36,4.045,9.25,9.26,8.9,8.88,9.28,8.64,18929925.0,169046338.0,14:42:48
sz002694,*ST顾地,2.34,0.21,9.859,2.34,0.0,2.13,2.13,2.34,2.11,6581220.0,14815325.0,14:42:27
sz002695,煌上煌,10.91,-0.29,-2.589,10.91,10.92,11.2,11.2,11.21,10.85,14702769.0,162377838.0,14:42:48
sz002696,百洋股份,6.3,0.21,3.448,6.3,6.31,6.09,6.01,6.35,5.97,16012950.0,99905356.0,14:42:48
sz002697,红旗连锁,4.6,0.13,2.908,4.59,4.6,4.47,4.46,4.6,4.46,17601611.0,80259613.0,14:42:48
sz002698,博实股份,12.37,0.0,0.0,12.37,12.38,12.37,12.27,12.45,12.12,7634324.0,93778790.0,14:42:45
sz002700,万憬能源,6.37,0.12,1.92,6.37,6.38,6.25,6.24,6.42,6.24,5654100.0,35891322.0,14:42:48
sz002701,奥瑞金,4.81,0.09,1.907,4.8,4.81,4.72,4.72,4.83,4.7,20758600.0,99155088.0,14:42:48
sz002702,海欣食品,4.91,0.14,2.935,4.9,4.91,4.77,4.77,4.92,4.73,16133140.0,77961490.0,14:42:45
sz002703,浙江世宝,15.87,1.44,9.979,15.87,0.0,14.43,14.1,15.87,13.92,75256572.0,1155401737.0,14:42:48
sz002705,新宝股份,11.29,0.26,2.357,11.28,11.29,11.03,11.06,11.31,11.01,5244592.0,58950021.0,14:42:42
sz002706,良信股份,9.79,0.14,1.451,9.79,9.8,9.65,9.51,9.84,9.39,29611423.0,285605393.0,14:42:48
sz002707,众信旅游,5.39,0.11,2.083,5.38,5.39,5.28,5.26,5.41,5.24,27553484.0,147724883.0,14:42:48
sz002708,光洋股份,11.88,0.38,3.304,11.87,11.88,11.5,11.27,11.89,11.27,15139664.0,176081643.0,14:42:48
sz002709,天赐材料,36.42,-1.06,-2.828,36.42,36.43,37.48,37.0,37.14,35.5,52288094.0,1896350164.0,14:42:48
sz002712,思美传媒,4.84,0.15,3.198,4.84,4.85,4.69,4.61,4.86,4.61,13585360.0,64598091.0,14:42:48
sz002713,东易日盛,9.96,0.91,10.055,9.96,0.0,9.05,8.95,9.96,8.87,15601238.0,147967352.0,14:42:45
sz002714,牧原股份,39.91,1.08,2.781,39.91,39.92,38.83,38.76,39.98,38.62,49730959.0,1970571224.0,14:42:48
sz002715,登云股份,14.35,0.17,1.199,14.34,14.35,14.18,14.02,14.4,13.86,3174400.0,45092799.0,14:42:45
sz002716,湖南白银,10.77,-0.69,-6.021,10.77,10.78,11.46,11.55,11.7,10.51,446810935.0,4953634639.0,14:42:48
sz002717,*ST岭南,0.99,0.03,3.125,0.99,1.0,0.96,0.96,1.01,0.95,56750566.0,56067104.0,14:42:48
sz002718,友邦吊顶,84.49,-1.16,-1.354,84.49,84.57,85.65,84.54,85.26,80.88,1088700.0,91011344.0,14:42:48
sz002719,ST麦趣,6.12,0.11,1.83,6.12,6.14,6.01,5.99,6.16,5.96,2119560.0,12932331.0,14:42:30
sz002721,金一文化,2.79,-0.06,-2.105,2.79,2.8,2.85,2.82,2.88,2.74,143547600.0,401233596.0,14:42:48
sz002722,物产金轮,13.01,0.21,1.641,13.0,13.01,12.8,12.68,13.04,12.68,2627774.0,33936080.0,14:42:48
sz002723,小崧股份,7.63,0.26,3.528,7.63,7.64,7.37,7.37,7.69,7.26,8067900.0,60646559.0,14:42:48
sz002724,海洋王,6.73,0.34,5.321,6.73,6.74,6.39,6.4,6.8,6.36,38008630.0,252435513.0,14:42:48
sz002725,跃岭股份,11.42,0.37,3.348,11.42,11.43,11.05,11.05,11.45,10.95,3750900.0,42103415.0,14:42:48
sz002726,ST龙大,2.89,-0.01,-0.345,2.88,2.89,2.9,2.85,3.09,2.85,121623200.0,361867973.0,14:42:48
sz002727,一心堂,11.81,0.38,3.325,11.8,11.81,11.43,11.42,11.84,11.4,7456067.0,86992297.0,14:42:48
sz002728,特一药业,8.94,0.34,3.953,8.94,8.95,8.6,8.61,8.96,8.51,13857540.0,121859983.0,14:42:48
sz002729,好利科技,13.95,0.44,3.257,13.95,13.96,13.51,13.51,14.0,13.32,3346204.0,45957762.0,14:42:39
sz002730,电光科技,21.32,0.45,2.156,21.32,21.33,20.87,20.57,21.45,20.38,5217031.0,109360194.0,14:42:48
sz002731,*ST萃华,1.15,-0.13,-10.156,1.15,1.16,1.28,1.2,1.31,1.15,56197438.0,68561740.0,14:42:48
sz002732,燕塘乳业,14.03,0.36,2.634,14.02,14.03,13.67,13.58,14.03,13.58,995900.0,13838260.0,14:42:36
sz002733,雄韬股份,18.53,-0.09,-0.483,18.53,18.54,18.62,18.36,18.64,17.96,7851025.0,143747371.0,14:42:48
sz002734,利民股份,14.94,0.35,2.399,14.93,14.94,14.59,14.51,14.98,14.42,11467383.0,168673727.0,14:42:48
sz002735,王子新材,11.59,0.25,2.205,11.58,11.59,11.34,11.18,11.64,11.16,13218820.0,150648771.0,14:42:48
sz002736,国信证券,9.87,0.04,0.407,9.87,9.88,9.83,9.82,9.89,9.82,10778195.0,106331841.0,14:42:48
sz002737,葵花药业,13.21,0.35,2.722,13.21,13.22,12.86,12.87,13.23,12.75,4103651.0,53468692.0,14:42:48
sz002738,中矿资源,50.45,-3.24,-6.035,50.45,50.46,53.69,53.69,53.69,49.28,31614525.0,1612780306.0,14:42:48
sz002739,儒意电影,8.31,0.1,1.218,8.31,8.32,8.21,8.18,8.33,8.16,33618409.0,278586280.0,14:42:48
sz002741,光华科技,25.0,-0.15,-0.596,24.99,25.0,25.15,25.0,25.5,24.01,20052802.0,497322385.0,14:42:48
sz002742,冀衡医药,4.68,0.43,10.118,4.68,0.0,4.25,4.21,4.68,4.21,47748332.0,218528119.0,14:42:48
sz002743,富煌钢构,4.63,0.16,3.579,4.62,4.63,4.47,4.47,4.68,4.42,23118300.0,105870429.0,14:42:48
sz002745,木林森,11.21,-0.04,-0.356,11.21,11.22,11.25,11.06,11.25,10.87,31750240.0,351717669.0,14:42:48
sz002746,仙坛股份,6.39,0.12,1.914,6.39,6.4,6.27,6.24,6.42,6.24,19717800.0,125454061.0,14:42:48
sz002747,埃斯顿,31.75,0.93,3.018,31.75,31.76,30.82,31.06,32.25,30.57,44373405.0,1394623681.0,14:42:48
sz002748,世龙实业,12.25,0.36,3.028,12.24,12.25,11.89,11.94,12.38,11.71,7763838.0,94344832.0,14:42:48
sz002749,国光股份,8.66,0.08,0.932,8.65,8.66,8.58,8.56,8.72,8.56,2507695.0,21714030.0,14:42:48
sz002752,昇兴股份,5.98,0.16,2.749,5.98,5.99,5.82,5.82,5.99,5.79,10230900.0,60619477.0,14:42:48
sz002753,永东股份,6.89,0.07,1.026,6.89,6.9,6.82,6.75,6.95,6.73,8091138.0,55715588.0,14:42:39
sz002755,奥赛康,12.21,0.24,2.005,12.2,12.21,11.97,11.86,12.3,11.75,11601673.0,139111682.0,14:42:48
sz002756,永兴材料,44.51,-3.24,-6.785,44.51,44.52,47.75,46.5,46.87,44.35,17200621.0,779287512.0,14:42:48
sz002757,南兴股份,16.08,0.37,2.355,16.08,16.09,15.71,15.55,16.12,15.48,6944425.0,110024717.0,14:42:48
sz002758,浙农股份,8.1,0.18,2.273,8.09,8.1,7.92,7.86,8.12,7.86,6555967.0,52825894.0,14:42:45
sz002759,ST天际,17.67,-0.68,-3.706,17.67,17.68,18.35,18.0,18.25,17.18,21456160.0,378064905.0,14:42:48
sz002760,凤形股份,17.77,0.44,2.539,17.76,17.77,17.33,17.28,17.83,17.14,3118500.0,54518963.0,14:42:45
sz002761,浙江建投,7.2,0.16,2.273,7.19,7.2,7.04,7.07,7.21,7.01,9073500.0,64867299.0,14:42:45
sz002762,金发拉比,9.48,-0.23,-2.369,9.48,9.49,9.71,9.97,9.97,9.32,8526100.0,81852664.0,14:42:48
sz002763,汇洁股份,7.52,0.16,2.174,7.51,7.52,7.36,7.32,7.53,7.32,4178600.0,31131570.0,14:42:48
sz002765,蓝黛科技,7.02,0.13,1.887,7.01,7.02,6.89,6.87,7.04,6.84,5147100.0,35819689.0,14:42:48
sz002766,索菱股份,4.19,0.12,2.948,4.18,4.19,4.07,3.99,4.22,3.96,37933738.0,156067065.0,14:42:48
sz002767,先锋电子,18.06,0.21,1.176,18.05,18.06,17.85,17.85,18.12,17.48,1394800.0,24919224.0,14:42:48
sz002768,国恩股份,61.72,1.67,2.781,61.7,61.77,60.05,59.0,62.64,57.87,8413205.0,508046852.0,14:42:48
sz002769,普路通,7.07,0.17,2.464,7.06,7.07,6.9,6.9,7.08,6.83,5937200.0,41389075.0,14:42:45
sz002771,真视通,12.4,0.24,1.974,12.4,12.41,12.16,12.0,12.45,11.88,5653880.0,68995536.0,14:42:48
sz002772,众兴菌业,10.75,0.47,4.572,10.74,10.75,10.28,10.2,10.84,10.16,14391000.0,152250822.0,14:42:48
sz002773,康弘药业,20.51,0.03,0.146,20.5,20.51,20.48,20.3,20.56,20.3,4011200.0,81955283.0,14:42:48
sz002774,快意电梯,16.52,0.17,1.04,16.51,16.52,16.35,16.2,16.74,15.88,11266600.0,184145645.0,14:42:48
sz002775,文科股份,3.71,0.22,6.304,3.7,3.71,3.49,3.49,3.71,3.47,13213155.0,47629730.0,14:42:48
sz002777,久远银海,12.77,0.33,2.653,12.76,12.77,12.44,12.38,12.78,12.36,5967544.0,75552455.0,14:42:48
sz002778,中晟高科,15.89,0.36,2.318,15.89,15.9,15.53,15.37,15.92,15.36,1817700.0,28622349.0,14:42:45
sz002779,中坚科技,75.37,1.99,2.712,75.37,75.41,73.38,73.23,75.9,71.65,2219330.0,164157947.0,14:42:45
sz002780,三夫户外,13.42,0.43,3.31,13.42,13.43,12.99,12.9,13.48,12.9,3568356.0,47249316.0,14:42:48
sz002782,可立克,15.23,0.24,1.601,15.22,15.23,14.99,14.84,15.33,14.56,5896600.0,88367588.0,14:42:48
sz002783,凯龙股份,7.93,0.16,2.059,7.93,7.94,7.77,7.76,7.98,7.7,8050875.0,63368021.0,14:42:48
sz002785,万里石,34.2,-0.16,-0.466,34.18,34.2,34.36,34.36,34.49,33.3,4607796.0,156042761.0,14:42:48
sz002786,银宝山新,8.06,0.14,1.768,8.06,8.07,7.92,7.9,8.07,7.84,8097100.0,64638617.0,14:42:48
sz002787,华源控股,21.31,0.45,2.157,21.3,21.31,20.86,20.5,21.65,20.07,10298500.0,215320652.0,14:42:48
sz002788,鹭燕医药,11.3,0.74,7.008,11.29,11.3,10.56,10.62,11.41,10.35,20238000.0,222351105.0,14:42:48
sz002789,*ST建艺,10.16,0.48,4.959,10.16,10.17,9.68,9.7,10.36,9.65,2440940.0,24354792.0,14:42:45
sz002790,瑞尔特,5.99,0.11,1.871,5.99,6.0,5.88,5.86,6.02,5.84,4080560.0,24288836.0,14:42:48
sz002791,坚朗五金,14.88,0.28,1.918,14.87,14.88,14.6,14.51,14.9,14.39,1991700.0,29408896.0,14:42:45
sz002792,通宇通讯,31.26,0.96,3.168,31.26,31.27,30.3,29.67,31.49,29.5,22078989.0,673945068.0,14:42:48
sz002793,罗欣药业,4.85,0.19,4.077,4.85,4.86,4.66,4.6,4.89,4.51,42398212.0,200776154.0,14:42:48
sz002795,永和智控,7.09,0.01,0.141,7.09,7.1,7.08,7.09,7.14,6.87,10108100.0,70978205.0,14:42:48
sz002796,世嘉科技,29.56,0.14,0.476,29.53,29.56,29.42,29.0,29.87,28.16,5541100.0,161055557.0,14:42:48
sz002797,第一创业,6.36,0.03,0.474,6.36,6.37,6.33,6.32,6.38,6.31,26512336.0,168121639.0,14:42:48
sz002798,帝欧水华,5.75,0.2,3.604,5.74,5.75,5.55,5.56,5.76,5.52,6926336.0,39262051.0,14:42:42
sz002799,环球印务,6.94,0.25,3.737,6.94,6.95,6.69,6.65,6.98,6.61,6709100.0,46068990.0,14:42:45
sz002800,天顺股份,14.4,0.66,4.803,14.39,14.4,13.74,13.2,14.58,13.2,7742928.0,109806008.0,14:42:48
sz002801,微光股份,26.81,0.39,1.476,26.8,26.82,26.42,26.39,26.88,26.14,505084.0,13428053.0,14:42:45
sz002802,洪汇新材,12.19,0.24,2.008,12.19,12.2,11.95,11.77,12.28,11.77,3251615.0,39255563.0,14:42:48
sz002803,吉宏股份,18.58,0.11,0.596,18.57,18.58,18.47,18.33,18.63,18.09,5360989.0,98651354.0,14:42:48
sz002805,丰元股份,18.74,-0.78,-3.996,18.73,18.74,19.52,19.29,19.39,18.32,17820031.0,333622780.0,14:42:48
sz002806,华锋股份,14.46,0.37,2.626,14.46,14.47,14.09,13.95,14.48,13.81,5105214.0,72694422.0,14:42:48
sz002807,江阴银行,4.02,-0.03,-0.741,4.02,4.03,4.05,4.06,4.08,4.01,35589832.0,143632401.0,14:42:48
sz002809,红墙股份,8.62,0.19,2.254,8.61,8.62,8.43,8.32,8.63,8.32,6190689.0,52843670.0,14:42:39
sz002810,山东赫达,21.41,-0.25,-1.154,21.41,21.42,21.66,21.66,21.66,20.78,5513270.0,116882512.0,14:42:48
sz002811,郑中设计,13.18,-0.04,-0.303,13.17,13.18,13.22,13.03,13.45,12.95,11915378.0,157511062.0,14:42:48
sz002812,恩捷股份,53.99,-1.91,-3.417,53.98,54.0,55.9,55.59,55.91,52.76,19906278.0,1072305367.0,14:42:48
sz002813,路畅科技,20.98,0.7,3.452,20.98,21.0,20.28,19.99,21.07,19.99,2046600.0,42402871.0,14:42:39
sz002815,崇达技术,13.44,0.08,0.599,13.43,13.44,13.36,13.19,13.5,13.03,26115600.0,346546469.0,14:42:48
sz002816,*ST和科,24.1,-0.36,-1.472,24.1,24.15,24.46,24.34,24.38,23.68,1134200.0,27227007.0,14:42:39
sz002817,黄山胶囊,6.73,0.19,2.905,6.72,6.73,6.54,6.52,6.74,6.45,5461289.0,36265691.0,14:42:48
sz002818,富森美,10.98,-0.03,-0.272,10.98,10.99,11.01,11.01,11.04,10.87,3771690.0,41280405.0,14:42:45
sz002819,东方中科,21.09,-0.06,-0.284,21.08,21.09,21.15,20.85,21.15,20.43,3277500.0,68224028.0,14:42:48
sz002820,桂发祥,9.78,0.45,4.823,9.78,9.79,9.33,9.27,9.95,9.18,28615833.0,276149623.0,14:42:48
sz002821,凯莱英,172.23,15.66,10.002,172.23,0.0,156.57,156.48,172.23,154.2,16900441.0,2786380909.0,14:42:48
sz002822,ST中装,3.14,0.01,0.319,3.14,3.15,3.13,3.13,3.15,3.12,3361100.0,10535721.0,14:42:33
sz002823,凯中精密,13.1,0.38,2.987,13.1,13.11,12.72,12.72,13.12,12.6,4298212.0,55504199.0,14:42:48
sz002824,和胜股份,25.08,1.1,4.587,25.08,25.09,23.98,23.8,25.5,23.35,17905652.0,436514388.0,14:42:48
sz002825,纳尔股份,9.04,0.1,1.119,9.03,9.04,8.94,8.9,9.08,8.75,3671165.0,32841166.0,14:42:48
sz002826,易明医药,17.55,0.48,2.812,17.54,17.55,17.07,16.97,17.6,16.82,3397591.0,58807047.0,14:42:48
sz002827,高争民爆,53.71,-1.15,-2.096,53.7,53.71,54.86,55.01,55.08,52.88,8423700.0,453591024.0,14:42:48
sz002828,贝肯能源,12.3,0.04,0.326,12.29,12.3,12.26,12.18,12.39,12.01,11349250.0,139181606.0,14:42:48
sz002829,星网宇达,19.47,0.36,1.884,19.46,19.47,19.11,18.84,19.58,18.61,5038620.0,96231377.0,14:42:48
sz002830,名雕股份,14.04,0.34,2.482,14.03,14.04,13.7,13.56,14.1,13.45,2663880.0,36840553.0,14:42:48
sz002831,裕同科技,25.17,-0.08,-0.317,25.14,25.17,25.25,24.89,25.46,24.56,6497443.0,162853743.0,14:42:42
sz002832,比音勒芬,24.06,-0.11,-0.455,24.05,24.06,24.17,24.15,24.64,23.92,5561583.0,134505308.0,14:42:48
sz002833,弘亚数控,17.97,0.28,1.583,17.96,17.98,17.69,17.68,18.08,17.52,2614166.0,46796506.0,14:42:48
sz002835,同为股份,12.66,0.3,2.427,12.65,12.66,12.36,12.3,12.68,12.2,1784200.0,22334526.0,14:42:45
sz002836,新宏泽,10.15,0.34,3.466,10.15,10.16,9.81,9.7,10.19,9.63,1732232.0,17271173.0,14:42:48
sz002837,英维克,60.23,5.48,10.009,60.23,0.0,54.75,53.54,60.23,53.01,95734270.0,5601862613.0,14:42:48
sz002838,道恩股份,23.78,-0.61,-2.501,23.77,23.78,24.39,24.19,24.3,23.07,6608283.0,155948189.0,14:42:48
sz002839,张家港行,4.37,-0.03,-0.682,4.36,4.37,4.4,4.42,4.43,4.35,22290480.0,97614434.0,14:42:45
sz002840,华统股份,8.28,0.11,1.346,8.27,8.28,8.17,8.12,8.38,8.0,16275200.0,133801260.0,14:42:48
sz002841,视源股份,46.98,-1.75,-3.591,46.95,46.98,48.73,48.34,48.95,46.16,6431984.0,301870462.0,14:42:48
sz002842,翔鹭钨业,37.47,-1.45,-3.726,37.46,37.47,38.92,38.15,38.63,36.4,26285517.0,981823274.0,14:42:48
sz002843,泰嘉股份,16.06,0.79,5.174,16.06,16.07,15.27,15.03,16.2,15.0,10149979.0,158728843.0,14:42:48
sz002845,同兴达,13.2,0.29,2.246,13.19,13.21,12.91,12.87,13.24,12.67,7046289.0,91491270.0,14:42:48
sz002846,英联股份,10.65,0.16,1.525,10.65,10.66,10.49,10.45,10.66,10.4,4514575.0,47630049.0,14:42:39
sz002847,盐津铺子,45.31,1.16,2.627,45.3,45.31,44.15,44.1,45.5,43.88,3205742.0,144154332.0,14:42:48
sz002848,高斯贝尔,13.24,0.09,0.684,13.24,13.25,13.15,13.2,13.28,12.82,2951400.0,38821677.0,14:42:48
sz002849,威星智能,18.95,0.42,2.267,18.94,18.95,18.53,18.54,19.03,18.21,7052660.0,132143904.0,14:42:48
sz002850,科达利,178.1,-5.71,-3.106,178.1,178.11,183.81,181.5,184.14,177.52,3018541.0,543411507.0,14:42:48
sz002851,麦格米特,121.56,1.72,1.435,121.51,121.56,119.84,117.0,122.79,115.76,18965304.0,2265416012.0,14:42:48
sz002852,道道全,8.07,0.25,3.197,8.06,8.07,7.82,7.82,8.08,7.73,9949569.0,79662343.0,14:42:48
sz002853,皮阿诺,22.53,1.51,7.184,22.52,22.53,21.02,20.82,23.12,20.51,10418550.0,234501818.0,14:42:48
sz002855,捷荣技术,11.0,1.0,10.0,11.0,0.0,10.0,9.84,11.0,9.81,4669489.0,49595345.0,14:42:45
sz002856,*ST美芝,15.49,1.41,10.014,15.49,0.0,14.08,13.98,15.49,13.98,4724740.0,70004660.0,14:42:48
sz002857,三晖电气,19.95,0.66,3.421,19.94,19.95,19.29,19.18,20.0,19.05,3237100.0,63150865.0,14:42:48
sz002858,力盛体育,11.84,0.4,3.497,11.84,11.86,11.44,11.44,11.92,11.41,3149400.0,36933458.0,14:42:48
sz002859,洁美科技,63.72,-0.87,-1.347,63.71,63.72,64.59,64.0,64.98,61.08,12006767.0,755432139.0,14:42:48
sz002860,星帅尔,15.47,-0.19,-1.213,15.47,15.48,15.66,15.15,15.71,15.07,13238108.0,203448095.0,14:42:48
sz002861,瀛通通讯,15.71,0.29,1.881,15.7,15.71,15.42,15.32,15.75,14.96,3974320.0,61245588.0,14:42:48
sz002862,实丰文化,13.73,0.45,3.389,13.73,13.74,13.28,13.25,13.75,13.18,1845780.0,24990355.0,14:42:48
sz002863,今飞凯达,4.77,0.14,3.024,4.77,4.78,4.63,4.6,4.78,4.58,14714100.0,69320852.0,14:42:48
sz002864,盘龙药业,22.35,1.05,4.93,22.34,22.35,21.3,21.3,22.42,21.06,4285580.0,94300394.0,14:42:48
sz002865,钧达股份,40.18,0.38,0.955,40.17,40.18,39.8,39.39,40.4,38.43,6776126.0,268090442.0,14:42:48
sz002866,传艺科技,14.97,0.21,1.423,14.97,14.98,14.76,14.58,15.01,14.5,5508400.0,81330254.0,14:42:48
sz002867,周大生,12.33,0.05,0.407,12.32,12.33,12.28,12.35,12.44,12.22,7118803.0,87662637.0,14:42:48
sz002868,绿康生化,22.07,0.5,2.318,22.06,22.08,21.57,21.5,22.15,21.39,1019800.0,22259893.0,14:42:48
sz002869,金溢科技,16.31,0.38,2.385,16.31,16.32,15.93,15.93,16.37,15.75,1886500.0,30400276.0,14:42:48
sz002870,香山股份,47.27,0.07,0.148,47.27,47.29,47.2,46.89,47.5,46.16,2216100.0,103924571.0,14:42:45
sz002871,伟隆股份,16.88,0.48,2.927,16.87,16.88,16.4,16.24,16.96,15.99,2867350.0,47589367.0,14:42:45
sz002872,ST天圣,5.36,0.04,0.752,5.35,5.36,5.32,5.31,5.36,5.29,1652450.0,8802779.0,14:42:33
sz002873,新天药业,8.75,0.36,4.291,8.75,8.76,8.39,8.3,8.87,8.3,9578500.0,82906945.0,14:42:48
sz002875,安奈儿,13.12,0.26,2.022,13.11,13.12,12.86,12.78,13.18,12.53,3727900.0,48074315.0,14:42:45
sz002876,三利谱,28.95,-0.33,-1.127,28.91,28.94,29.28,28.99,29.32,28.35,2317600.0,67118956.0,14:42:48
sz002877,智能自控,7.54,0.23,3.146,7.54,7.55,7.31,7.28,7.56,7.24,5301373.0,39491669.0,14:42:48
sz002878,元隆雅图,12.52,0.43,3.557,12.52,12.53,12.09,12.03,12.54,12.01,4189800.0,51673440.0,14:42:48
sz002879,长缆科技,16.47,0.68,4.307,16.46,16.47,15.79,15.5,16.5,15.4,8819600.0,142497583.0,14:42:48
sz002880,卫光生物,22.55,2.05,10.0,22.55,0.0,20.5,21.19,22.55,21.19,3460960.0,77525831.0,14:42:30
sz002881,美格智能,39.9,-0.06,-0.15,39.88,39.9,39.96,39.58,40.15,38.7,5664507.0,223163255.0,14:42:48
sz002882,金龙羽,22.1,-1.66,-6.987,22.1,22.11,23.76,23.72,23.99,21.96,20870427.0,471194965.0,14:42:48
sz002883,*ST中设,9.23,0.05,0.545,9.21,9.23,9.18,9.2,9.23,9.14,682000.0,6263824.0,14:42:42
sz002884,凌霄泵业,15.7,-0.34,-2.12,15.69,15.7,16.04,15.81,15.92,15.5,3966930.0,62387326.0,14:42:48
sz002885,京泉华,28.48,0.28,0.993,28.47,28.48,28.2,27.55,28.94,26.84,12403369.0,347079612.0,14:42:48
sz002886,沃特股份,21.21,0.73,3.564,21.21,21.22,20.48,20.29,21.86,19.9,25219555.0,530898125.0,14:42:48
sz002887,绿茵生态,9.4,0.35,3.867,9.39,9.4,9.05,9.02,9.65,8.91,5262290.0,48844134.0,14:42:48
sz002888,惠威科技,17.99,0.64,3.689,17.99,18.0,17.35,17.26,18.02,17.13,1659800.0,29413171.0,14:42:48
sz002889,东方嘉盛,12.87,0.32,2.55,12.86,12.87,12.55,12.4,12.91,12.38,3617496.0,46163014.0,14:42:48
sz002890,弘宇股份,14.44,0.11,0.768,14.45,14.46,14.33,14.03,14.51,14.01,1532215.0,21922001.0,14:42:39
sz002891,中宠股份,28.84,0.06,0.208,28.83,28.84,28.78,28.23,29.36,28.03,6694990.0,192464508.0,14:42:48
sz002892,科力尔,9.15,0.24,2.694,9.13,9.15,8.91,8.91,9.15,8.85,6201420.0,56172164.0,14:42:45
sz002893,京能热力,10.04,0.21,2.136,10.03,10.04,9.83,9.8,10.15,9.76,7612700.0,75933681.0,14:42:45
sz002895,川恒股份,32.19,-0.82,-2.484,32.16,32.19,33.01,33.03,33.36,32.0,6336966.0,205298198.0,14:42:48
sz002896,中大力德,64.95,0.6,0.932,64.94,64.95,64.35,63.5,65.43,63.12,7233505.0,467183240.0,14:42:48
sz002897,意华股份,57.85,1.25,2.208,57.84,57.85,56.6,54.62,58.87,53.45,9248800.0,517201058.0,14:42:48
sz002899,英派斯,19.63,0.49,2.56,19.6,19.63,19.14,19.04,19.7,19.01,2350200.0,45647658.0,14:42:48
sz002900,哈三联,14.06,-0.09,-0.636,14.06,14.07,14.15,13.4,14.2,12.74,39267649.0,528858836.0,14:42:48
sz002901,大博医疗,45.86,0.35,0.769,45.85,45.86,45.51,45.52,45.98,44.9,1771801.0,80710440.0,14:42:48
sz002902,铭普光磁,24.49,0.45,1.872,24.48,24.5,24.04,23.91,24.69,23.35,7136003.0,171655205.0,14:42:48
sz002903,宇环数控,31.16,-1.52,-4.651,31.15,31.16,32.68,32.1,32.35,30.6,18074307.0,565107405.0,14:42:48
sz002905,金逸影视,7.91,0.25,3.264,7.91,7.92,7.66,7.65,7.93,7.62,4421608.0,34593960.0,14:42:45
sz002906,华阳集团,27.39,-0.84,-2.976,27.38,27.39,28.23,29.86,29.86,27.33,33602362.0,961664381.0,14:42:48
sz002907,华森制药,15.74,1.43,9.993,15.74,0.0,14.31,14.09,15.74,13.9,16699400.0,252302481.0,14:42:48
sz002908,德生科技,7.19,0.33,4.81,7.18,7.19,6.86,6.86,7.29,6.8,10497380.0,74891479.0,14:42:48
sz002909,集泰股份,5.3,0.15,2.913,5.3,5.31,5.15,5.15,5.34,5.09,5831600.0,30630037.0,14:42:48
sz002910,庄园牧场,9.86,0.42,4.449,9.85,9.86,9.44,9.27,9.92,9.27,7331000.0,71194171.0,14:42:48
sz002911,佛燃能源,11.06,0.01,0.09,11.05,11.06,11.05,11.05,11.16,10.96,5367015.0,59334698.0,14:42:48
sz002912,中新赛克,19.28,0.54,2.882,19.28,19.29,18.74,18.8,19.35,18.55,2149300.0,41055991.0,14:42:45
sz002913,奥士康,56.85,-0.65,-1.13,56.79,56.85,57.5,56.36,57.77,54.71,4660500.0,261059942.0,14:42:48
sz002915,中欣氟材,16.79,0.19,1.145,16.78,16.79,16.6,16.6,16.85,16.4,4267600.0,71287142.0,14:42:45
sz002916,深南电路,340.68,-2.95,-0.858,340.62,340.68,343.63,339.99,346.5,332.0,7282287.0,2469691012.0,14:42:48
sz002917,金奥博,10.34,0.18,1.772,10.34,10.35,10.16,10.08,10.37,10.08,2061247.0,21161900.0,14:42:48
sz002918,蒙娜丽莎,10.13,0.32,3.262,10.13,10.14,9.81,9.68,10.21,9.68,9277828.0,92632091.0,14:42:48
sz002919,名臣健康,17.41,0.49,2.896,17.41,17.44,16.92,16.9,17.55,16.7,2536100.0,43596450.0,14:42:48
sz002920,德赛西威,85.97,-0.62,-0.716,85.96,85.97,86.59,86.0,86.4,84.31,4190243.0,358285015.0,14:42:48
sz002921,联诚精密,21.82,0.14,0.646,21.81,21.82,21.68,21.68,21.97,21.27,2659398.0,57627816.0,14:42:48
sz002922,伊戈尔,24.46,-0.31,-1.252,24.46,24.47,24.77,24.3,24.9,23.56,12301850.0,297777560.0,14:42:48
sz002923,润都股份,11.22,0.34,3.125,11.22,11.23,10.88,10.93,11.26,10.65,8956022.0,98647466.0,14:42:48
sz002925,盈趣科技,22.53,0.36,1.624,22.53,22.54,22.17,21.94,22.7,21.57,8610385.0,189902413.0,14:42:48
sz002926,华西证券,8.28,0.05,0.608,8.27,8.28,8.23,8.21,8.35,8.21,12500400.0,103502051.0,14:42:48
sz002927,泰永长征,16.13,0.48,3.067,16.12,16.14,15.65,15.65,16.26,15.31,5213310.0,82687363.0,14:42:48
sz002928,华夏航空,6.26,0.06,0.968,6.25,6.26,6.2,6.16,6.28,6.15,12649900.0,78603170.0,14:42:48
sz002929,润建股份,54.45,1.97,3.754,54.44,54.46,52.48,51.82,54.8,51.4,11802851.0,634212818.0,14:42:48
sz002930,宏川智慧,8.81,0.27,3.162,8.8,8.81,8.54,8.48,8.84,8.48,5720100.0,49768806.0,14:42:42
sz002931,锋龙股份,46.97,0.8,1.733,46.96,46.97,46.17,46.0,47.36,45.51,4627304.0,214895346.0,14:42:48
sz002932,*ST明德,15.29,0.11,0.725,15.25,15.29,15.18,15.1,15.32,15.1,430140.0,6538045.0,14:42:36
sz002933,新兴装备,26.69,0.51,1.948,26.67,26.71,26.18,26.12,26.8,25.76,1010300.0,26724730.0,14:42:48
sz002935,天奥电子,15.71,0.29,1.881,15.71,15.72,15.42,15.42,15.77,15.2,3237677.0,50315779.0,14:42:48
sz002936,郑州银行,1.77,0.0,0.0,1.77,1.78,1.77,1.76,1.78,1.75,80423730.0,142141960.0,14:42:48
sz002937,兴瑞科技,29.74,0.69,2.375,29.73,29.74,29.05,28.57,30.08,27.93,8065745.0,234148227.0,14:42:48
sz002938,鹏鼎控股,87.47,-0.48,-0.546,87.47,87.48,87.95,86.88,89.38,84.88,15455881.0,1346131061.0,14:42:48
sz002939,长城证券,7.98,0.03,0.377,7.98,7.99,7.95,7.93,7.99,7.93,12067516.0,96149625.0,14:42:48
sz002940,昂利康,25.84,0.55,2.175,25.83,25.84,25.29,24.86,25.9,24.65,9538700.0,240329716.0,14:42:48
sz002941,新疆交建,10.86,0.32,3.036,10.86,10.87,10.54,10.47,10.91,10.47,11997443.0,128811089.0,14:42:48
sz002942,新农股份,15.73,-0.01,-0.064,15.72,15.75,15.74,15.55,15.84,15.53,1305950.0,20501810.0,14:42:45
sz002943,宇晶股份,32.88,0.19,0.581,32.87,32.88,32.69,32.13,33.29,31.16,7296899.0,235930072.0,14:42:48
sz002945,华林证券,13.83,-0.06,-0.432,13.82,13.83,13.89,13.81,13.91,13.68,5942987.0,81832901.0,14:42:48
sz002946,新乳业,16.21,0.4,2.53,16.21,16.22,15.81,15.85,16.35,15.74,6743824.0,108696775.0,14:42:48
sz002947,恒铭达,59.61,5.42,10.002,59.61,0.0,54.19,55.0,59.61,52.68,11779731.0,675645989.0,14:42:48
sz002948,青岛银行,5.91,-0.09,-1.5,5.9,5.91,6.0,5.99,6.02,5.88,37560240.0,222812236.0,14:42:48
sz002949,华阳国际,12.44,1.13,9.991,12.44,0.0,11.31,11.3,12.44,11.3,21523455.0,264779988.0,14:42:45
sz002950,奥美医疗,9.4,0.26,2.845,9.39,9.4,9.14,9.19,9.42,9.09,5540900.0,51468203.0,14:42:48
sz002951,金时科技,16.49,0.37,2.295,16.49,16.5,16.12,16.0,16.54,15.1,5533300.0,89926595.0,14:42:48
sz002952,亚世光电,19.82,0.29,1.485,19.82,19.83,19.53,19.53,20.03,19.12,2115100.0,41704375.0,14:42:48
sz002953,日丰股份,10.92,0.42,4.0,10.91,10.92,10.5,10.46,11.55,10.2,31648312.0,343828300.0,14:42:48
sz002955,鸿合科技,35.15,0.54,1.56,35.14,35.16,34.61,34.35,35.65,33.77,3340400.0,115656693.0,14:42:48
sz002956,西麦食品,16.97,0.27,1.617,16.95,16.98,16.7,16.67,17.08,16.5,2922102.0,49065068.0,14:42:48
sz002957,科瑞技术,41.12,0.26,0.636,41.12,41.13,40.86,40.0,41.87,39.02,11949725.0,483104665.0,14:42:48
sz002958,青农商行,2.93,-0.02,-0.678,2.93,2.94,2.95,2.94,2.97,2.92,63214343.0,186109587.0,14:42:48
sz002959,小熊电器,33.07,0.54,1.66,33.07,33.12,32.53,32.29,33.22,32.23,465046.0,15328019.0,14:42:33
sz002960,青鸟智控,8.49,0.11,1.313,8.48,8.49,8.38,8.4,8.52,8.3,5332287.0,45068354.0,14:42:48
sz002961,瑞达期货,18.81,0.3,1.621,18.81,18.83,18.51,18.48,18.88,18.43,4300621.0,80640649.0,14:42:48
sz002962,五方光电,12.74,0.3,2.412,12.73,12.74,12.44,12.4,12.77,12.14,6154829.0,76883616.0,14:42:48
sz002963,豪尔赛,20.32,1.85,10.016,20.32,0.0,18.47,18.48,20.32,18.31,10927500.0,211607591.0,14:42:48
sz002965,祥鑫科技,30.87,0.99,3.313,30.86,30.87,29.88,29.52,31.05,29.18,10825482.0,327876831.0,14:42:48
sz002966,苏州银行,8.62,-0.08,-0.92,8.61,8.62,8.7,8.7,8.85,8.58,25437461.0,220406010.0,14:42:48
sz002967,广电计量,17.22,0.07,0.408,17.22,17.23,17.15,17.06,17.3,16.97,3315400.0,56838891.0,14:42:48
sz002968,新大正,9.39,0.29,3.187,9.38,9.39,9.1,9.09,9.41,9.0,2519875.0,23346177.0,14:42:48
sz002969,嘉美包装,12.52,0.09,0.724,12.52,12.53,12.43,12.32,12.59,11.96,26633461.0,326579209.0,14:42:48
sz002970,锐明技术,50.56,0.8,1.608,50.52,50.56,49.76,49.27,50.78,47.97,2590900.0,127804699.0,14:42:48
sz002971,和远气体,42.9,-0.94,-2.144,42.89,42.9,43.84,42.84,43.28,41.42,13166636.0,557017597.0,14:42:48
sz002972,科安达,12.71,0.09,0.713,12.71,12.73,12.62,12.5,12.78,12.13,3941300.0,49153983.0,14:42:48
sz002973,侨银股份,11.93,0.34,2.934,11.91,11.93,11.59,11.6,11.97,11.01,12543200.0,144465394.0,14:42:48
sz002975,博杰股份,107.38,-1.5,-1.378,107.37,107.4,108.88,108.0,114.0,103.02,24787994.0,2665224584.0,14:42:48
sz002976,瑞玛精密,24.72,1.55,6.69,24.7,24.73,23.17,23.32,24.82,22.53,8826114.0,211689449.0,14:42:48
sz002977,*ST天箭,21.05,0.6,2.934,21.02,21.05,20.45,20.3,21.36,20.15,569779.0,11851563.0,14:42:48
sz002978,安宁股份,26.03,0.01,0.038,26.03,26.05,26.02,25.97,26.12,25.68,1908900.0,49513457.0,14:42:45
sz002979,雷赛智能,55.52,1.37,2.53,55.51,55.52,54.15,53.69,56.1,52.72,7765839.0,423536669.0,14:42:48
sz002980,华盛昌,94.78,0.8,0.851,94.78,94.8,93.98,91.68,96.9,90.85,7912185.0,740952375.0,14:42:48
sz002981,朝阳科技,23.67,0.21,0.895,23.67,23.68,23.46,23.28,23.75,23.03,1281374.0,30192534.0,14:42:48
sz002982,湘佳股份,12.63,0.26,2.102,12.63,12.64,12.37,12.31,12.65,12.25,2907420.0,36439282.0,14:42:48
sz002983,芯瑞达,19.42,0.3,1.569,19.4,19.42,19.12,19.21,19.51,18.71,1686799.0,32358823.0,14:42:42
sz002984,森麒麟,14.39,0.28,1.984,14.38,14.39,14.11,14.09,14.49,14.07,13977239.0,200854147.0,14:42:48
sz002985,北摩高科,25.61,0.48,1.91,25.59,25.61,25.13,25.02,25.64,24.87,2573522.0,65092146.0,14:42:45
sz002986,宇新股份,13.44,0.19,1.434,13.44,13.45,13.25,13.24,13.5,13.16,2541204.0,34099373.0,14:42:48
sz002987,京北方,11.55,0.32,2.85,11.55,11.56,11.23,11.15,11.72,11.03,29429430.0,337039564.0,14:42:48
sz002988,豪美新材,23.73,-0.05,-0.21,23.72,23.73,23.78,23.7,23.85,23.07,5630900.0,132086613.0,14:42:48
sz002989,中天精装,23.99,0.06,0.251,23.98,24.02,23.93,23.7,24.46,23.16,4406100.0,105500167.0,14:42:48
sz002990,盛视科技,47.46,-0.24,-0.503,47.44,47.46,47.7,47.0,48.18,45.47,6280801.0,293667483.0,14:42:48
sz002991,甘源食品,39.25,0.1,0.255,39.25,39.28,39.15,38.78,39.45,38.68,1061300.0,41519909.0,14:42:48
sz002992,宝明科技,34.24,0.44,1.302,34.24,34.27,33.8,33.5,34.33,33.16,748330.0,25326139.0,14:42:48
sz002993,奥海科技,37.88,0.59,1.582,37.86,37.88,37.29,36.61,38.52,35.96,5296200.0,198101654.0,14:42:48
sz002995,天地在线,17.08,0.58,3.515,17.07,17.08,16.5,16.4,17.11,16.3,4460388.0,74907230.0,14:42:48
sz002996,顺博合金,6.34,0.04,0.635,6.34,6.35,6.3,6.25,6.36,6.24,6996290.0,44186808.0,14:42:48
sz002997,瑞鹄模具,28.38,0.06,0.212,28.37,28.39,28.32,28.25,28.43,27.96,2198145.0,61994286.0,14:42:48
sz002998,优彩资源,7.98,0.13,1.656,7.97,7.98,7.85,7.81,8.02,7.78,8247200.0,65409227.0,14:42:45
sz002999,天禾股份,6.28,0.34,5.724,6.27,6.28,5.94,6.19,6.38,6.16,21742190.0,135808955.0,14:42:48
sz003000,劲仔食品,9.74,-0.21,-2.111,9.74,9.75,9.95,9.8,9.8,9.42,11227789.0,107766782.0,14:42:48
sz003001,中岩大地,15.72,0.49,3.217,15.72,15.73,15.23,15.15,15.75,15.0,5948540.0,91987665.0,14:42:48
sz003002,壶化股份,16.66,0.2,1.215,16.66,16.67,16.46,16.35,16.74,16.16,1628000.0,26866359.0,14:42:48
sz003003,天元股份,11.25,0.23,2.087,11.24,11.25,11.02,10.91,11.29,10.9,3065400.0,34217226.0,14:42:48
sz003004,声迅股份,69.16,0.32,0.465,69.1,69.14,68.84,67.9,69.55,65.07,1173212.0,79056631.0,14:42:39
sz003005,竞业达,13.69,0.36,2.701,13.69,13.7,13.33,13.13,13.72,13.13,2386260.0,32216596.0,14:42:30
sz003006,百亚股份,13.51,0.16,1.199,13.51,13.52,13.35,13.3,13.64,13.24,8437068.0,113830894.0,14:42:48
sz003007,直真科技,39.14,-0.2,-0.508,39.13,39.14,39.34,38.75,39.3,38.1,2522493.0,97658794.0,14:42:45
sz003008,开普检测,19.8,0.44,2.273,19.8,19.82,19.36,19.2,19.9,19.1,1183860.0,23206171.0,14:42:48
sz003009,中天火箭,46.33,0.95,2.093,46.34,46.35,45.38,45.36,46.48,44.71,2410466.0,110300086.0,14:42:48
sz003010,若羽臣,29.89,1.45,5.098,29.89,29.9,28.44,28.15,30.4,27.91,15530005.0,459450132.0,14:42:48
sz003011,海象新材,20.83,0.52,2.56,20.82,20.83,20.31,20.31,20.9,20.02,1895640.0,39091479.0,14:42:45
sz003012,东鹏控股,4.74,0.07,1.499,4.73,4.74,4.67,4.65,4.78,4.65,7560500.0,35828459.0,14:42:48
sz003013,地铁设计,17.86,-1.14,-6.0,17.86,17.88,19.0,18.27,18.88,17.49,13473113.0,249754935.0,14:42:48
sz003015,日久光电,12.22,0.17,1.411,12.22,12.24,12.05,11.93,12.29,11.88,4754300.0,57545708.0,14:42:48
sz003016,欣贺股份,7.02,0.22,3.235,7.02,7.03,6.8,6.78,7.04,6.75,3653600.0,25372023.0,14:42:48
sz003017,大洋生物,22.81,0.33,1.468,22.81,22.82,22.48,22.45,23.0,22.19,1818368.0,41371588.0,14:42:45
sz003018,金富科技,45.98,4.18,10.0,45.98,0.0,41.8,41.0,45.98,40.28,20108397.0,871198033.0,14:42:48
sz003019,宸展光电,24.78,0.01,0.04,24.77,24.79,24.77,24.48,25.02,24.18,3982600.0,98160431.0,14:42:48
sz003020,立方制药,18.68,1.19,6.804,18.67,18.68,17.49,17.29,19.16,17.13,10773072.0,196736592.0,14:42:48
sz003021,兆威机电,72.78,6.62,10.006,72.78,0.0,66.16,65.6,72.78,65.5,5900964.0,410323736.0,14:42:45
sz003022,联泓新科,19.78,-0.47,-2.321,19.78,19.79,20.25,20.04,20.18,19.6,7789700.0,154409078.0,14:42:48
sz003023,彩虹集团,26.91,-0.16,-0.591,26.91,26.94,27.07,27.26,27.39,26.6,3560451.0,95803445.0,14:42:48
sz003025,思进智能,12.55,0.27,2.199,12.54,12.55,12.28,12.27,12.59,12.15,2370216.0,29394020.0,14:42:42
sz003026,中晶科技,29.0,-0.24,-0.821,29.0,29.01,29.24,28.57,29.18,27.9,4649480.0,133034426.0,14:42:48
sz003027,同兴科技,16.9,0.38,2.3,16.9,16.91,16.52,16.38,16.98,16.29,1946500.0,32412933.0,14:42:45
sz003028,振邦智能,22.97,0.76,3.422,22.98,23.01,22.21,22.21,23.06,21.96,879910.0,19932615.0,14:42:45
sz003029,吉大正元,17.03,0.53,3.212,17.02,17.04,16.5,16.49,17.1,16.28,4201663.0,70938826.0,14:42:48
sz003030,祖名股份,22.09,0.29,1.33,22.09,22.1,21.8,21.6,22.19,21.55,2107100.0,46056034.0,14:42:48
sz003031,中瓷电子,128.36,-6.24,-4.636,128.35,128.42,134.6,128.01,131.89,124.95,10533071.0,1349962772.0,14:42:48
sz003032,传智教育,10.15,0.16,1.602,10.15,10.16,9.99,9.74,10.25,9.61,48612361.0,487481493.0,14:42:48
sz003033,征和工业,65.18,0.6,0.929,65.18,65.19,64.58,63.7,65.39,62.02,906000.0,57592956.0,14:42:36
sz003035,南网能源,5.71,-0.02,-0.349,5.71,5.72,5.73,5.9,6.13,5.67,138765241.0,813858269.0,14:42:48
sz003036,泰坦股份,51.53,0.42,0.822,51.52,51.57,51.11,50.47,52.97,49.11,5608000.0,285188377.0,14:42:48
sz003037,三和管桩,5.7,0.13,2.334,5.69,5.7,5.57,5.54,5.71,5.53,1978600.0,11183212.0,14:42:48
sz003038,鑫铂股份,11.04,0.29,2.698,11.03,11.05,10.75,10.65,11.06,10.65,2844204.0,30959974.0,14:42:48
sz003039,顺控发展,11.99,0.13,1.096,11.98,11.99,11.86,11.99,12.02,11.87,2711300.0,32418291.0,14:42:45
sz003040,楚天龙,15.48,1.41,10.021,15.48,0.0,14.07,15.21,15.48,13.82,45125730.0,675882478.0,14:42:48
sz003041,真爱美家,39.26,0.8,2.08,39.24,39.27,38.46,38.36,39.3,37.72,1098400.0,42431636.0,14:42:48
sz003042,中农联合,13.95,0.17,1.234,13.95,13.96,13.78,13.64,14.32,13.6,7774797.0,108806464.0,14:42:48
sz003043,华亚智能,76.7,4.04,5.56,76.63,76.76,72.66,70.81,77.07,69.0,6490164.0,479662019.0,14:42:48
sz003816,中国广核,3.95,0.07,1.804,3.95,3.96,3.88,3.89,3.98,3.88,128706151.0,508038255.0,14:42:48
sz300001,特锐德,36.47,0.21,0.579,36.47,36.48,36.26,36.2,36.49,35.43,10383504.0,374538812.0,14:42:48
sz300002,神州泰岳,7.96,0.1,1.272,7.95,7.96,7.86,7.85,7.98,7.81,16994591.0,134820992.0,14:42:48
sz300003,乐普医疗,11.97,0.26,2.22,11.97,11.98,11.71,11.77,12.02,11.72,20461401.0,243160096.0,14:42:48
sz300004,南风股份,9.24,-0.25,-2.634,9.23,9.24,9.49,9.45,9.5,9.12,38659115.0,359012585.0,14:42:48
sz300005,探路者,10.4,0.01,0.096,10.39,10.4,10.39,10.21,10.47,9.96,31773910.0,325325799.0,14:42:48
sz300006,莱美药业,5.64,0.55,10.806,5.64,5.65,5.09,5.01,5.93,4.85,93433628.0,499979728.0,14:42:48
sz300007,汉威科技,31.28,0.61,1.989,31.28,31.29,30.67,30.37,31.47,30.05,5734598.0,176696687.0,14:42:48
sz300008,天海防务,6.19,0.15,2.483,6.18,6.19,6.04,6.02,6.19,5.99,32029636.0,196120907.0,14:42:48
sz300009,安科生物,8.66,0.17,2.002,8.66,8.67,8.49,8.4,8.82,8.26,61932315.0,530009009.0,14:42:48
sz300010,ST豆神,2.39,0.15,6.696,2.38,2.39,2.24,2.24,2.4,2.23,63567883.0,148216930.0,14:42:48
sz300011,鼎汉技术,6.09,0.14,2.353,6.08,6.09,5.95,5.9,6.1,5.85,7253592.0,43699259.0,14:42:48
sz300012,华测检测,15.15,-0.01,-0.066,15.14,15.15,15.16,15.02,15.22,14.9,25331122.0,381362506.0,14:42:48
sz300013,新宁物流,4.09,0.11,2.764,4.08,4.09,3.98,4.0,4.1,3.97,11386050.0,46131551.0,14:42:48
sz300014,亿纬锂能,54.73,-1.09,-1.953,54.72,54.73,55.82,55.27,55.27,53.96,29999290.0,1637449135.0,14:42:48
sz300015,爱尔眼科,8.51,0.17,2.038,8.5,8.51,8.34,8.33,8.53,8.31,51622174.0,435757384.0,14:42:48
sz300016,北陆药业,9.74,0.0,0.0,9.73,9.74,9.74,9.74,9.79,9.38,60571992.0,579658759.0,14:42:48
sz300017,网宿科技,15.1,-0.1,-0.658,15.09,15.1,15.2,15.08,15.19,14.82,118210272.0,1775544417.0,14:42:48
sz300018,中元股份,11.24,0.0,0.0,11.22,11.24,11.24,11.14,11.38,11.01,5973862.0,67030985.0,14:42:45
sz300019,硅宝科技,14.31,0.26,1.851,14.31,14.33,14.05,14.02,14.36,13.85,3534373.0,49929486.0,14:42:48
sz300020,ST银江,3.43,0.04,1.18,3.42,3.43,3.39,3.39,3.47,3.39,4638163.0,15922372.0,14:42:42
sz300021,大禹节水,3.95,0.1,2.597,3.94,3.95,3.85,3.83,4.02,3.83,16945800.0,66769316.0,14:42:45
sz300022,吉峰科技,8.11,-0.01,-0.123,8.1,8.11,8.12,8.17,8.18,8.04,5608500.0,45483732.0,14:42:39
sz300024,机器人,14.49,0.23,1.613,14.48,14.49,14.26,14.15,14.56,14.14,18282483.0,262943366.0,14:42:48
sz300025,华星创业,5.29,0.19,3.725,5.28,5.29,5.1,5.08,5.31,5.04,8608940.0,44794850.0,14:42:48
sz300026,红日药业,3.44,0.11,3.303,3.44,3.45,3.33,3.31,3.45,3.29,63179608.0,213819128.0,14:42:48
sz300027,ST华谊,1.83,-0.01,-0.543,1.83,1.84,1.84,1.83,1.85,1.82,20673384.0,37968268.0,14:42:48
sz300030,阳普医疗,7.0,0.26,3.858,7.0,7.01,6.74,6.74,7.01,6.69,7012900.0,48098591.0,14:42:39
sz300031,宝通科技,21.51,0.01,0.047,21.5,21.51,21.5,21.29,21.7,21.16,9638150.0,206802517.0,14:42:48
sz300032,金龙机电,3.89,0.13,3.457,3.89,3.9,3.76,3.77,3.91,3.72,22038100.0,84843610.0,14:42:48
sz300033,同花顺,215.32,-1.4,-0.646,215.31,215.39,216.72,216.72,217.32,212.82,6852338.0,1473876958.0,14:42:48
sz300034,钢研高纳,15.8,0.27,1.739,15.79,15.8,15.53,15.5,16.0,15.25,11863562.0,184560069.0,14:42:48
sz300035,中科电气,13.48,-0.15,-1.101,13.48,13.49,13.63,13.49,13.59,13.22,16865638.0,225890041.0,14:42:48
sz300036,超图软件,11.25,0.35,3.211,11.24,11.25,10.9,10.87,11.28,10.81,7327788.0,81419980.0,14:42:48
sz300037,新宙邦,60.54,-1.46,-2.355,60.57,60.63,62.0,61.88,62.0,59.19,14961005.0,902537005.0,14:42:48
sz300039,上海凯宝,5.62,0.33,6.238,5.61,5.62,5.29,5.32,5.65,5.22,48374070.0,265474533.0,14:42:48
sz300040,九洲集团,5.85,-0.14,-2.337,5.85,5.86,5.99,5.8,5.87,5.54,36372844.0,206483502.0,14:42:48
sz300041,回天新材,10.7,0.1,0.943,10.69,10.7,10.6,10.55,10.74,10.29,15899219.0,167359251.0,14:42:48
sz300042,朗科科技,39.91,0.99,2.544,39.9,39.91,38.92,38.59,40.04,37.51,9188558.0,358089630.0,14:42:48
sz300043,星辉娱乐,4.45,0.11,2.535,4.44,4.45,4.34,4.31,4.46,4.31,17039449.0,74870274.0,14:42:42
sz300044,*ST赛为,5.38,-0.06,-1.103,5.37,5.38,5.44,5.39,5.5,5.32,14727720.0,79598463.0,14:42:48
sz300045,华力创通,12.62,0.22,1.774,12.61,12.62,12.4,12.35,12.68,12.16,9968842.0,124148118.0,14:42:48
sz300046,台基股份,24.38,-0.03,-0.123,24.36,24.37,24.41,23.98,24.41,23.5,5919273.0,141706839.0,14:42:48
sz300047,天源迪科,9.24,0.32,3.587,9.23,9.24,8.92,8.89,9.27,8.87,14002230.0,127800166.0,14:42:45
sz300048,合康新能,5.04,0.1,2.024,5.04,5.05,4.94,4.9,5.05,4.88,8222098.0,41201420.0,14:42:48
sz300049,福瑞医科,43.97,6.02,15.863,43.96,43.97,37.95,39.75,44.48,38.0,17962827.0,733911724.0,14:42:48
sz300050,世纪鼎利,6.61,0.04,0.609,6.6,6.61,6.57,6.5,6.7,6.5,18915900.0,125282915.0,14:42:48
sz300051,琏升科技,8.45,0.26,3.175,8.45,8.46,8.19,8.13,8.56,8.05,17420100.0,145284302.0,14:42:48
sz300052,中青宝,10.74,0.32,3.071,10.73,10.74,10.42,10.37,10.77,10.28,8838900.0,93277237.0,14:42:48
sz300053,航宇微,11.89,0.41,3.571,11.88,11.89,11.48,11.35,11.95,11.27,14056584.0,164149677.0,14:42:48
sz300054,鼎龙股份,72.14,-1.48,-2.01,72.12,72.14,73.62,72.69,72.75,69.36,22708097.0,1615976677.0,14:42:48
sz300055,万邦达,5.97,0.19,3.287,5.97,5.98,5.78,5.74,5.99,5.73,16045970.0,94351833.0,14:42:48
sz300056,中创环保,8.49,0.04,0.473,8.48,8.49,8.45,8.38,8.59,8.37,5784245.0,49024758.0,14:42:48
sz300057,万顺新材,6.55,0.02,0.306,6.54,6.55,6.53,6.45,6.58,6.41,19619697.0,127611904.0,14:42:48
sz300058,蓝色光标,13.35,0.2,1.521,13.35,13.36,13.15,13.16,13.42,12.92,156064671.0,2060874637.0,14:42:48
sz300059,东方财富,18.92,0.0,0.0,18.92,18.93,18.92,18.92,18.97,18.76,115483023.0,2178277956.0,14:42:48
sz300061,旗天科技,5.92,-0.19,-3.11,5.91,5.92,6.11,5.81,5.96,5.63,28651992.0,166554448.0,14:42:48
sz300062,中能电气,6.27,0.07,1.129,6.27,6.28,6.2,6.13,6.29,6.06,13000400.0,80570881.0,14:42:48
sz300063,天龙集团,8.75,0.16,1.863,8.75,8.76,8.59,8.57,8.78,8.45,20539600.0,177376056.0,14:42:48
sz300065,海兰信,15.28,0.55,3.734,15.28,15.29,14.73,14.61,15.37,14.48,26948687.0,403719396.0,14:42:48
sz300066,三川智慧,4.96,0.06,1.224,4.96,4.97,4.9,4.86,4.99,4.82,11390450.0,56014360.0,14:42:48
sz300067,安诺其,5.23,0.12,2.348,5.22,5.23,5.11,5.06,5.24,5.04,23400555.0,120694827.0,14:42:48
sz300068,ST南都,3.95,0.04,1.023,3.95,3.96,3.91,3.85,3.97,3.82,22735738.0,89168831.0,14:42:48
sz300069,金利华电,26.81,1.26,4.932,26.8,26.81,25.55,25.04,26.94,24.73,15071549.0,390495996.0,14:42:48
sz300070,碧水源,3.45,0.02,0.583,3.44,3.45,3.43,3.43,3.47,3.41,34938677.0,120358212.0,14:42:48
sz300071,福石控股,3.99,0.14,3.636,3.98,3.99,3.85,3.82,4.0,3.82,41402650.0,162260051.0,14:42:48
sz300072,海新能科,3.71,-0.01,-0.269,3.71,3.72,3.72,3.7,3.76,3.68,16749076.0,62405481.0,14:42:48
sz300073,当升科技,40.47,-1.2,-2.88,40.46,40.47,41.67,41.41,41.68,39.98,12099724.0,491030860.0,14:42:48
sz300074,华平股份,3.89,0.15,4.011,3.88,3.89,3.74,3.72,3.9,3.7,16964200.0,64667342.0,14:42:48
sz300075,数字政通,10.94,0.35,3.305,10.93,10.94,10.59,10.55,10.96,10.53,10798036.0,116894684.0,14:42:48
sz300076,*ST宁视,4.48,0.05,1.129,4.48,4.49,4.43,4.4,4.49,4.33,4243200.0,18723603.0,14:42:48
sz300077,国民技术,20.18,0.46,2.333,20.18,20.19,19.72,19.42,20.28,19.0,40999841.0,800028156.0,14:42:48
sz300078,思创智联,3.16,0.09,2.932,3.16,3.17,3.07,3.07,3.17,3.02,23357000.0,72719684.0,14:42:48
sz300079,数码视讯,4.54,0.13,2.948,4.54,4.55,4.41,4.38,4.57,4.35,23565074.0,105754958.0,14:42:48
sz300080,易成新能,3.8,0.05,1.333,3.79,3.8,3.75,3.73,3.81,3.72,13083756.0,49342915.0,14:42:48
sz300081,ST恒信,3.06,0.01,0.328,3.06,3.07,3.05,3.05,3.1,3.02,6171700.0,18933653.0,14:42:48
sz300082,奥克股份,8.31,0.44,5.591,8.31,8.32,7.87,8.3,8.98,8.22,32752173.0,277639613.0,14:42:48
sz300083,创世纪,13.82,0.45,3.366,13.82,13.83,13.37,13.3,13.88,13.11,90456513.0,1226419651.0,14:42:48
sz300084,海默科技,10.25,0.14,1.385,10.25,10.27,10.11,10.23,10.38,9.97,4548600.0,46325438.0,14:42:48
sz300085,银之杰,28.94,0.08,0.277,28.93,28.94,28.86,28.7,29.25,28.52,19061053.0,551746762.0,14:42:48
sz300086,康芝药业,6.75,0.33,5.14,6.75,6.76,6.42,6.41,6.78,6.33,18218866.0,120687404.0,14:42:48
sz300087,ST荃银,5.67,0.17,3.091,5.66,5.67,5.5,5.44,5.87,5.41,21434563.0,121961136.0,14:42:45
sz300088,长信科技,7.03,0.04,0.572,7.03,7.04,6.99,6.87,7.08,6.72,75446928.0,522075723.0,14:42:48
sz300091,*ST金灵,2.5,-0.01,-0.398,2.5,2.51,2.51,2.51,2.51,2.47,2613401.0,6517525.0,14:42:45
sz300092,科新机电,11.99,0.14,1.181,11.98,11.99,11.85,11.84,12.02,11.67,4658581.0,55467489.0,14:42:48
sz300093,金刚光伏,25.41,0.39,1.559,25.41,25.42,25.02,24.37,25.84,23.56,14207510.0,346358144.0,14:42:48
sz300094,国联水产,2.93,0.11,3.901,2.92,2.93,2.82,2.8,2.93,2.79,47190540.0,135706896.0,14:42:48
sz300095,华伍股份,8.17,0.25,3.157,8.16,8.17,7.92,7.94,8.2,7.85,5228100.0,42261202.0,14:42:45
sz300096,ST易联众,9.4,-0.17,-1.776,9.39,9.4,9.57,9.66,9.66,9.27,3297881.0,30915059.0,14:42:45
sz300097,智云股份,10.54,1.76,20.046,10.54,0.0,8.78,8.77,10.54,8.59,46335304.0,449943376.0,14:42:48
sz300098,高新兴,4.49,0.11,2.511,4.49,4.5,4.38,4.36,4.51,4.35,30112032.0,133742373.0,14:42:48
sz300099,尤洛卡,6.06,0.16,2.712,6.05,6.06,5.9,5.88,6.07,5.84,9009536.0,53940723.0,14:42:48
sz300100,双林股份,21.52,1.33,6.587,21.51,21.52,20.19,20.04,21.6,19.94,10093595.0,210634110.0,14:42:48
sz300101,振芯科技,14.26,0.39,2.812,14.26,14.27,13.87,13.74,14.3,13.74,5563444.0,78438978.0,14:42:48
sz300102,乾照光电,17.98,0.36,2.043,17.98,17.99,17.62,17.28,18.1,17.05,19561938.0,344283757.0,14:42:48
sz300103,达刚控股,7.73,0.27,3.619,7.72,7.73,7.46,7.37,7.87,7.3,6616800.0,50503578.0,14:42:45
sz300105,龙源技术,7.74,0.16,2.111,7.73,7.74,7.58,7.56,7.76,7.41,14772100.0,112582528.0,14:42:48
sz300106,西部牧业,10.65,0.83,8.452,10.64,10.65,9.82,9.68,10.73,9.68,16125621.0,165195690.0,14:42:48
sz300107,建新股份,6.5,0.2,3.175,6.5,6.51,6.3,6.26,6.52,6.26,9933600.0,64039728.0,14:42:48
sz300109,新开源,15.78,-0.17,-1.066,15.77,15.78,15.95,15.67,15.99,15.2,31408789.0,487713705.0,14:42:48
sz300110,华仁药业,2.89,0.09,3.214,2.89,2.9,2.8,2.79,2.9,2.76,24790040.0,70534458.0,14:42:48
sz300111,向日葵,3.06,0.15,5.155,3.05,3.06,2.91,2.9,3.07,2.85,39399146.0,117196992.0,14:42:48
sz300112,万讯自控,10.66,1.29,13.767,10.65,10.66,9.37,9.34,11.18,9.02,54516801.0,556321140.0,14:42:48
sz300113,顺网科技,16.04,-0.1,-0.62,16.03,16.04,16.14,15.9,16.1,15.5,16592403.0,261435587.0,14:42:48
sz300115,长盈精密,25.99,1.1,4.419,25.98,25.99,24.89,24.8,26.34,24.56,31556703.0,804763338.0,14:42:48
sz300118,东方日升,9.89,0.24,2.487,9.89,9.9,9.65,9.56,9.95,9.48,23054518.0,224921877.0,14:42:48
sz300119,瑞普生物,17.53,0.19,1.096,17.51,17.53,17.34,17.17,17.62,17.17,3823586.0,66795929.0,14:42:48
sz300120,经纬辉开,9.11,0.2,2.245,9.1,9.11,8.91,8.89,9.23,8.75,50186086.0,452672495.0,14:42:48
sz300121,阳谷华泰,9.65,0.08,0.836,9.65,9.66,9.57,9.48,9.68,9.45,5326600.0,51078373.0,14:42:48
sz300122,智飞生物,13.04,0.21,1.637,13.04,13.05,12.83,12.79,13.1,12.56,43406702.0,557654680.0,14:42:48
sz300123,ST亚光,4.41,0.07,1.613,4.41,4.42,4.34,4.32,4.44,4.29,13648900.0,59886815.0,14:42:48
sz300124,汇川技术,61.6,3.3,5.66,61.6,61.61,58.3,60.0,61.99,59.5,41935512.0,2550309728.0,14:42:48
sz300125,聆达股份,9.5,0.86,9.954,9.5,9.51,8.64,8.63,9.73,8.55,17794894.0,164725333.0,14:42:48
sz300126,锐奇股份,6.59,0.25,3.943,6.59,6.6,6.34,6.34,6.63,6.26,5192400.0,33650364.0,14:42:45
sz300127,银河磁体,25.19,0.14,0.559,25.18,25.19,25.05,24.95,25.98,24.59,6514902.0,164811159.0,14:42:48
sz300128,锦富技术,4.86,0.04,0.83,4.86,4.87,4.82,4.77,4.91,4.63,38201847.0,181991011.0,14:42:48
sz300129,泰胜风能,7.19,0.15,2.131,7.19,7.2,7.04,7.01,7.24,6.96,12898069.0,91848794.0,14:42:45
sz300130,新国都,19.02,0.65,3.538,19.02,19.03,18.37,19.53,19.65,18.67,34658585.0,660722707.0,14:42:48
sz300131,英唐智控,16.26,-0.64,-3.787,16.26,16.27,16.9,16.5,16.64,15.96,49577700.0,804533074.0,14:42:48
sz300132,诺斯贝尔,6.35,0.13,2.09,6.35,6.36,6.22,6.22,6.37,6.15,9589198.0,60519367.0,14:42:48
sz300133,华策影视,6.92,0.09,1.318,6.91,6.92,6.83,6.78,6.92,6.77,28682395.0,196933369.0,14:42:48
sz300134,大富科技,8.38,0.27,3.329,8.37,8.38,8.11,8.03,8.38,8.02,10181338.0,83795660.0,14:42:48
sz300135,宝利国际,3.52,0.01,0.285,3.52,3.53,3.51,3.48,3.56,3.47,32886500.0,115612952.0,14:42:48
sz300136,信维通信,60.0,1.08,1.833,59.99,60.0,58.92,58.04,60.59,56.71,33012191.0,1944352868.0,14:42:48
sz300137,先河环保,11.5,0.19,1.68,11.5,11.51,11.31,11.24,11.66,10.81,22386680.0,252941603.0,14:42:48
sz300138,晨光生物,11.09,0.13,1.186,11.09,11.1,10.96,10.9,11.11,10.68,5808000.0,63253628.0,14:42:48
sz300139,晓程科技,55.98,-2.35,-4.029,55.97,55.98,58.33,57.75,58.47,54.03,57334767.0,3195265710.0,14:42:48
sz300140,节能环境,5.45,0.05,0.926,5.44,5.45,5.4,5.37,5.46,5.37,8178000.0,44293673.0,14:42:48
sz300141,和顺电气,9.98,0.24,2.464,9.98,9.99,9.74,9.75,10.04,9.6,4678508.0,46293876.0,14:42:48
sz300142,沃森生物,14.48,-0.42,-2.819,14.47,14.48,14.9,14.5,14.82,14.1,200059737.0,2873039729.0,14:42:48
sz300143,盈康生命,7.83,0.42,5.668,7.83,7.84,7.41,7.42,7.87,7.37,13890730.0,106302625.0,14:42:48
sz300144,宋城演艺,5.91,0.11,1.897,5.9,5.91,5.8,5.79,5.91,5.78,28173571.0,165708526.0,14:42:48
sz300145,南方泵业,4.38,0.14,3.302,4.37,4.38,4.24,4.16,4.41,4.14,73467292.0,316020676.0,14:42:48
sz300146,汤臣倍健,9.71,0.12,1.251,9.71,9.72,9.59,9.57,9.73,9.55,6288140.0,60960580.0,14:42:48
sz300147,*ST香雪,6.7,-0.01,-0.149,6.7,6.71,6.71,6.8,6.8,6.6,5682001.0,37917363.0,14:42:48
sz300148,天舟文化,3.42,0.11,3.323,3.41,3.42,3.31,3.3,3.43,3.28,16343701.0,55138231.0,14:42:48
sz300149,睿智医药,10.19,0.49,5.052,10.18,10.19,9.7,9.54,10.22,9.43,33988400.0,335253736.0,14:42:48
sz300150,世纪瑞尔,4.36,0.14,3.318,4.35,4.36,4.22,4.22,4.36,4.18,4666500.0,20025708.0,14:42:48
sz300151,昌红科技,16.23,0.14,0.87,16.22,16.23,16.09,15.88,16.27,15.36,10932519.0,172374444.0,14:42:48
sz300152,*ST动力,1.72,0.1,6.173,1.71,1.72,1.62,1.62,1.75,1.59,24813900.0,41400092.0,14:42:48
sz300153,科泰电源,21.36,0.57,2.742,21.35,21.36,20.79,20.57,21.54,20.34,7399236.0,155419288.0,14:42:48
sz300154,瑞凌股份,12.0,0.41,3.538,12.0,12.01,11.59,11.43,12.2,11.33,13779700.0,163257029.0,14:42:48
sz300155,安居宝,4.56,0.25,5.8,4.55,4.56,4.31,4.27,4.59,4.27,18019433.0,80196880.0,14:42:48
sz300157,新锦动力,4.01,0.19,4.974,4.01,4.02,3.82,3.82,4.03,3.79,43697177.0,173078865.0,14:42:48
sz300158,振东制药,5.3,0.2,3.922,5.29,5.3,5.1,5.09,5.34,5.01,21183700.0,110509708.0,14:42:48
sz300159,新研股份,2.95,0.09,3.147,2.95,2.96,2.86,2.83,2.98,2.83,41177020.0,120586404.0,14:42:48
sz300160,秀强股份,4.41,0.09,2.083,4.41,4.42,4.32,4.3,4.42,4.29,5349900.0,23397976.0,14:42:42
sz300161,华中数控,26.27,0.12,0.459,26.26,26.27,26.15,25.67,26.33,25.46,2936354.0,76251583.0,14:42:48
sz300162,雷曼光电,7.63,0.19,2.554,7.62,7.63,7.44,7.33,7.67,7.21,15882647.0,118846485.0,14:42:48
sz300163,先锋新材,6.64,0.01,0.151,6.64,6.65,6.63,6.55,6.71,6.46,15885100.0,104904461.0,14:42:48
sz300164,通源石油,9.83,0.34,3.583,9.82,9.83,9.49,9.39,10.29,9.27,123802401.0,1210094563.0,14:42:48
sz300165,天瑞仪器,5.36,0.23,4.483,5.35,5.36,5.13,5.03,5.38,5.03,23176448.0,120823437.0,14:42:48
sz300166,东方国信,12.99,-0.06,-0.46,12.98,12.99,13.05,12.9,13.08,12.59,25906180.0,332975136.0,14:42:48
sz300167,ST迪威迅,4.03,0.02,0.499,4.02,4.03,4.01,3.98,4.05,3.89,4686800.0,18592819.0,14:42:48
sz300168,万达信息,5.03,0.11,2.236,5.03,5.04,4.92,4.89,5.05,4.86,10836278.0,53907421.0,14:42:48
sz300169,天晟新材,5.57,0.12,2.202,5.56,5.57,5.45,5.41,5.57,5.41,6960500.0,38227213.0,14:42:36
sz300170,汉得信息,15.22,0.2,1.332,15.22,15.23,15.02,14.99,15.29,14.78,24947437.0,374701119.0,14:42:48
sz300171,东富龙,14.2,0.43,3.123,14.19,14.2,13.77,13.65,14.3,13.48,18495779.0,257502521.0,14:42:48
sz300172,中电环保,4.66,0.09,1.969,4.66,4.67,4.57,4.53,4.67,4.53,8608760.0,39758585.0,14:42:45
sz300173,ST福能,3.27,0.04,1.238,3.27,3.28,3.23,3.23,3.28,3.2,3412100.0,11093619.0,14:42:30
sz300174,元力股份,18.77,-0.25,-1.314,18.77,18.78,19.02,18.81,18.97,18.15,10060300.0,186647810.0,14:42:48
sz300175,朗源股份,5.94,0.15,2.591,5.94,5.95,5.79,5.92,6.01,5.72,9306800.0,54776883.0,14:42:48
sz300176,鸿特科技,4.78,0.21,4.595,4.77,4.78,4.57,4.54,4.8,4.5,24366376.0,114458747.0,14:42:45
sz300177,中海达,6.33,0.2,3.263,6.33,6.34,6.13,6.04,6.35,6.02,9449650.0,58967007.0,14:42:48
sz300179,四方达,35.67,1.01,2.914,35.67,35.68,34.66,34.17,36.25,33.1,33642781.0,1183071457.0,14:42:48
sz300180,华峰超纤,4.86,0.22,4.741,4.86,4.87,4.64,4.55,4.99,4.51,132904241.0,636598688.0,14:42:48
sz300181,佐力药业,14.09,0.11,0.787,14.08,14.09,13.98,13.9,14.11,13.84,9721794.0,136103713.0,14:42:48
sz300182,捷成股份,4.88,0.12,2.521,4.88,4.89,4.76,4.77,4.91,4.76,65995575.0,319617552.0,14:42:48
sz300183,东软载波,10.66,0.39,3.797,10.66,10.67,10.27,10.3,10.68,10.2,4378000.0,46011353.0,14:42:48
sz300184,力源信息,11.87,0.03,0.253,11.87,11.88,11.84,11.72,11.98,11.37,40793170.0,477474415.0,14:42:48
sz300185,通裕重工,2.72,0.03,1.115,2.71,2.72,2.69,2.68,2.72,2.67,46018260.0,124526322.0,14:42:48
sz300187,永清环保,4.67,0.1,2.188,4.67,4.68,4.57,4.55,4.68,4.52,6918300.0,31945455.0,14:42:48
sz300188,国投智能,10.51,0.11,1.058,10.51,10.52,10.4,10.41,10.6,10.28,10231764.0,107100075.0,14:42:45
sz300189,神农种业,6.27,0.43,7.363,6.27,6.29,5.84,5.92,6.72,5.72,302981651.0,1901255241.0,14:42:48
sz300190,维尔利,3.65,0.07,1.955,3.64,3.65,3.58,3.59,3.68,3.53,13295100.0,47950832.0,14:42:48
sz300191,潜能恒信,34.79,0.82,2.414,34.79,34.8,33.97,34.2,35.69,33.42,19204806.0,667270324.0,14:42:48
sz300192,科德教育,17.77,0.38,2.185,17.77,17.78,17.39,17.65,17.95,16.15,42576103.0,733112031.0,14:42:48
sz300193,佳士科技,7.75,0.16,2.108,7.75,7.76,7.59,7.6,7.77,7.54,3482885.0,26847083.0,14:42:48
sz300194,福安药业,3.97,0.06,1.535,3.97,3.98,3.91,3.86,3.99,3.84,18293099.0,71886580.0,14:42:42
sz300195,长荣股份,5.66,0.16,2.909,5.65,5.66,5.5,5.43,5.67,5.43,7628174.0,42556375.0,14:42:48
sz300196,长海股份,16.72,0.2,1.211,16.71,16.73,16.52,16.25,16.8,15.89,10381000.0,169935380.0,14:42:48
sz300197,节能铁汉,2.04,0.05,2.513,2.03,2.04,1.99,1.97,2.05,1.96,87693326.0,176285492.0,14:42:48
sz300198,*ST纳川,2.32,0.0,0.0,2.31,2.32,2.32,2.33,2.34,2.29,5795900.0,13384993.0,14:42:30
sz300199,翰宇药业,23.51,1.34,6.044,23.51,23.52,22.17,22.09,23.7,21.71,54797619.0,1237411428.0,14:42:48
sz300200,高盟新材,8.53,0.09,1.066,8.53,8.54,8.44,8.37,8.56,8.26,5391600.0,45472308.0,14:42:48
sz300201,海伦哲,14.28,-0.02,-0.14,14.28,14.29,14.3,14.0,14.49,13.75,17255700.0,244754530.0,14:42:48
sz300203,聚光科技,13.57,0.63,4.869,13.57,13.58,12.94,12.92,13.75,12.9,12395088.0,166589075.0,14:42:48
sz300204,舒泰神,21.3,0.3,1.429,21.3,21.31,21.0,20.73,21.49,20.62,18261054.0,384253532.0,14:42:48
sz300205,*ST天喻,4.75,0.03,0.636,4.75,4.76,4.72,4.68,4.76,4.68,600200.0,2835962.0,14:41:51
sz300206,理邦仪器,12.04,0.11,0.922,12.04,12.05,11.93,11.95,12.08,11.79,4595285.0,54926350.0,14:42:48
sz300207,欣旺达,17.8,-0.1,-0.559,17.79,17.8,17.9,17.76,17.94,17.56,24684528.0,437939974.0,14:42:48
sz300209,行云科技,34.48,0.58,1.711,34.48,34.5,33.9,33.0,35.5,32.56,87640148.0,3040505434.0,14:42:48
sz300210,森远股份,8.28,0.12,1.471,8.27,8.28,8.16,8.09,8.32,8.02,5199800.0,42856248.0,14:42:48
sz300211,*ST亿通,7.54,0.1,1.344,7.53,7.54,7.44,7.4,7.56,7.35,1463337.0,10926102.0,14:42:48
sz300212,*ST易录,7.85,0.36,4.806,7.84,7.85,7.49,7.36,8.01,7.14,14498012.0,110190919.0,14:42:48
sz300213,佳讯飞鸿,6.41,0.24,3.89,6.41,6.42,6.17,6.18,6.44,6.11,11236600.0,70905854.0,14:42:48
sz300214,日科化学,11.95,-0.32,-2.608,11.94,11.95,12.27,12.37,12.37,11.66,36503800.0,432855820.0,14:42:48
sz300215,电科院,6.08,0.13,2.185,6.07,6.08,5.95,5.9,6.09,5.88,5565200.0,33425940.0,14:42:48
sz300217,东方电热,4.32,0.09,2.128,4.31,4.32,4.23,4.19,4.33,4.18,12268660.0,52541032.0,14:42:48
sz300218,安利股份,12.8,0.24,1.911,12.79,12.8,12.56,12.52,12.8,12.46,1383800.0,17554375.0,14:42:48
sz300219,鸿利智汇,6.99,0.21,3.097,6.98,6.99,6.78,6.9,6.99,6.79,15209846.0,105051944.0,14:42:48
sz300220,金运激光,11.15,0.39,3.625,11.15,11.16,10.76,10.59,11.23,10.59,2531320.0,27840654.0,14:42:45
sz300221,银禧科技,13.8,-0.42,-2.954,13.79,13.8,14.22,14.03,14.1,13.25,26865600.0,365762815.0,14:42:48
sz300222,科大智能,10.25,0.2,1.99,10.25,10.26,10.05,9.96,10.29,9.88,12586316.0,127338207.0,14:42:48
sz300223,君正股份,134.23,0.57,0.426,134.23,134.24,133.66,131.58,134.98,128.51,19839483.0,2615888730.0,14:42:48
sz300224,正海磁材,11.09,0.07,0.635,11.08,11.09,11.02,10.98,11.24,10.92,9387945.0,104001401.0,14:42:48
sz300225,金力泰,7.29,0.16,2.244,7.28,7.29,7.13,7.06,7.29,7.0,8975018.0,64187788.0,14:42:48
sz300226,上海钢联,16.84,0.77,4.792,16.83,16.84,16.07,16.0,17.06,15.9,13192543.0,219399872.0,14:42:48
sz300227,光韵达,11.99,0.27,2.304,11.99,12.0,11.72,11.65,12.2,11.31,17298103.0,203845499.0,14:42:48
sz300228,富瑞特装,7.34,0.18,2.514,7.34,7.35,7.16,7.1,7.36,7.1,8521500.0,61756765.0,14:42:48
sz300229,拓尔思,13.3,0.16,1.218,13.3,13.31,13.14,13.09,13.37,12.93,13862281.0,182502745.0,14:42:48
sz300230,永利股份,4.32,0.07,1.647,4.31,4.32,4.25,4.24,4.33,4.22,7990751.0,34260444.0,14:42:48
sz300231,银信科技,8.27,0.27,3.375,8.26,8.27,8.0,7.97,8.29,7.91,8849817.0,72300788.0,14:42:45
sz300232,洲明科技,5.48,0.19,3.592,5.47,5.48,5.29,5.25,5.49,5.25,29218714.0,157787567.0,14:42:48
sz300233,金城医药,13.53,0.46,3.52,13.52,13.53,13.07,12.98,13.57,12.86,11984712.0,159837395.0,14:42:48
sz300234,开尔新材,9.67,0.14,1.469,9.66,9.67,9.53,9.58,9.8,9.21,9698731.0,93162919.0,14:42:48
sz300235,方直科技,11.08,0.47,4.43,11.08,11.09,10.61,10.7,11.26,10.66,9162153.0,100484929.0,14:42:48
sz300236,上海新阳,86.77,-2.13,-2.396,86.77,86.78,88.9,87.54,87.77,83.0,9106191.0,779200714.0,14:42:48
sz300237,ST美晨,1.97,0.03,1.546,1.97,1.98,1.94,1.93,1.99,1.93,7932680.0,15540695.0,14:42:39
sz300238,冠昊生物,11.88,0.44,3.846,11.87,11.88,11.44,11.47,11.92,11.27,5356146.0,62482712.0,14:42:48
sz300239,东宝生物,5.2,0.22,4.418,5.2,5.21,4.98,4.98,5.22,4.93,14385200.0,73530298.0,14:42:48
sz300240,飞力达,6.18,0.13,2.149,6.18,6.19,6.05,6.0,6.2,6.0,7646000.0,46955737.0,14:42:42
sz300241,瑞丰光电,5.75,0.16,2.862,5.74,5.75,5.59,5.55,5.77,5.48,18691800.0,105378564.0,14:42:48
sz300242,佳云科技,4.04,0.1,2.538,4.03,4.04,3.94,3.94,4.05,3.91,9693922.0,38598073.0,14:42:48
sz300243,瑞丰高材,16.01,0.03,0.188,16.0,16.01,15.98,15.95,16.2,15.28,19144500.0,301429595.0,14:42:48
sz300244,迪安诊断,19.58,-0.24,-1.211,19.58,19.59,19.82,19.84,19.85,18.82,31604179.0,606921008.0,14:42:48
sz300245,ST天玑,5.65,0.15,2.727,5.65,5.66,5.5,5.46,5.67,5.46,3529451.0,19727930.0,14:42:42
sz300246,宝莱特,15.54,0.74,5.0,15.53,15.54,14.8,14.79,15.58,14.45,12262850.0,184291332.0,14:42:48
sz300247,融捷健康,3.76,0.09,2.452,3.75,3.76,3.67,3.66,3.78,3.64,10747600.0,40090356.0,14:42:48
sz300248,新开普,8.72,0.29,3.44,8.71,8.72,8.43,8.29,8.73,8.19,10616582.0,90903935.0,14:42:45
sz300249,依米康,13.09,0.48,3.807,13.08,13.09,12.61,12.36,13.13,12.3,16777696.0,215766423.0,14:42:48
sz300250,初灵信息,15.34,0.57,3.859,15.33,15.34,14.77,14.61,15.41,14.52,5990300.0,90248491.0,14:42:45
sz300251,光线传媒,10.89,0.13,1.208,10.89,10.9,10.76,10.76,10.95,10.75,18301504.0,199006499.0,14:42:48
sz300252,金信诺,11.67,0.24,2.1,11.66,11.67,11.43,11.28,11.74,11.11,18440007.0,211405331.0,14:42:45
sz300253,卫宁健康,7.09,0.12,1.722,7.08,7.09,6.97,6.95,7.09,6.89,29638974.0,207264403.0,14:42:48
sz300254,仟源医药,9.24,-0.3,-3.145,9.24,9.25,9.54,9.47,9.54,9.05,27364231.0,252220933.0,14:42:48
sz300255,常山药业,24.09,0.71,3.037,24.09,24.1,23.38,23.16,24.21,22.8,24767379.0,587290202.0,14:42:48
sz300256,星星科技,2.92,0.21,7.749,2.91,2.92,2.71,2.68,3.2,2.64,103451207.0,304902843.0,14:42:48
sz300257,开山股份,17.98,0.83,4.84,17.98,17.99,17.15,17.0,18.05,16.88,9187200.0,161149675.0,14:42:48
sz300258,精锻科技,9.59,-0.07,-0.725,9.58,9.59,9.66,9.21,9.62,9.16,8674125.0,81179917.0,14:42:48
sz300259,新天科技,4.39,0.29,7.073,4.38,4.39,4.1,4.05,4.42,3.99,55973268.0,236268685.0,14:42:48
sz300260,新莱应材,57.62,-1.5,-2.537,57.62,57.65,59.12,57.6,58.45,55.1,13471167.0,767926108.0,14:42:48
sz300261,雅本化学,4.97,0.1,2.053,4.97,4.98,4.87,4.88,4.99,4.8,8642300.0,42778666.0,14:42:48
sz300263,隆华科技,9.94,-0.25,-2.453,9.94,9.95,10.19,9.91,10.06,9.63,45914121.0,453089907.0,14:42:48
sz300264,佳创视讯,6.5,0.23,3.668,6.5,6.51,6.27,6.33,6.53,6.19,10906000.0,70133782.0,14:42:48
sz300265,通光线缆,13.8,0.39,2.908,13.79,13.8,13.41,13.23,13.89,13.1,14365874.0,195139975.0,14:42:45
sz300266,兴源环境,1.88,0.04,2.174,1.87,1.88,1.84,1.82,1.89,1.81,18609400.0,34483162.0,14:42:48
sz300267,尔康制药,3.28,0.11,3.47,3.28,3.29,3.17,3.16,3.3,3.13,36979200.0,119376405.0,14:42:45
sz300268,佳沃食品,12.81,0.39,3.14,12.8,12.81,12.42,12.36,12.89,12.36,5120300.0,65041735.0,14:42:48
sz300269,联建光电,4.88,0.11,2.306,4.88,4.89,4.77,4.65,4.91,4.55,16290210.0,77848306.0,14:42:48
sz300270,中威电子,11.39,-0.05,-0.437,11.38,11.39,11.44,11.31,11.6,11.14,12857201.0,146675106.0,14:42:48
sz300271,华宇软件,5.48,0.17,3.202,5.48,5.49,5.31,5.3,5.51,5.25,8037442.0,43582072.0,14:42:42
sz300272,开能健康,5.91,0.18,3.141,5.9,5.91,5.73,5.74,5.92,5.63,6604728.0,38459401.0,14:42:48
sz300274,阳光电源,109.72,-1.78,-1.596,109.7,109.72,111.5,111.0,111.0,108.38,21574175.0,2363732746.0,14:42:48
sz300275,梅安森,9.08,0.12,1.339,9.07,9.08,8.96,8.92,9.1,8.86,4478415.0,40222115.0,14:42:48
sz300276,三丰智能,6.26,0.15,2.455,6.25,6.26,6.11,6.12,6.27,6.11,15546120.0,96094794.0,14:42:39
sz300277,汽轮科技,11.93,0.27,2.316,11.93,11.94,11.66,11.56,11.98,11.5,8034922.0,94585628.0,14:42:39
sz300278,华昌达,3.81,0.11,2.973,3.81,3.82,3.7,3.66,3.84,3.65,15282473.0,57468997.0,14:42:39
sz300279,和晶科技,5.74,0.23,4.174,5.73,5.74,5.51,5.52,5.75,5.45,9953200.0,56153529.0,14:42:39
sz300281,金明精机,6.42,0.03,0.469,6.42,6.43,6.39,6.35,6.48,6.25,6610800.0,42079484.0,14:42:39
sz300283,温州宏丰,13.15,0.17,1.31,13.14,13.15,12.98,12.85,13.21,12.48,22060106.0,284139613.0,14:42:39
sz300284,苏交科,5.27,0.12,2.33,5.27,5.28,5.15,5.13,5.29,5.13,10098208.0,52755675.0,14:42:39
sz300285,国瓷材料,63.4,-0.7,-1.092,63.39,63.4,64.1,61.79,64.67,60.22,62642214.0,3911359316.0,14:42:39
sz300286,安科瑞,19.72,0.11,0.561,19.72,19.73,19.61,19.33,19.75,18.98,3467400.0,67217355.0,14:42:39
sz300287,飞利信,3.56,0.12,3.488,3.56,3.57,3.44,3.44,3.58,3.41,22650202.0,79820982.0,14:42:39
sz300288,朗玛信息,10.04,0.33,3.399,10.04,10.05,9.71,9.65,10.06,9.64,3707000.0,36720686.0,14:42:36
sz300289,利德曼,5.88,0.13,2.261,5.88,5.89,5.75,5.75,5.9,5.68,4337200.0,25213819.0,14:42:39
sz300290,ST荣科,6.08,-0.01,-0.164,6.07,6.08,6.09,6.08,6.24,6.04,18134850.0,111227789.0,14:42:39
sz300291,百纳千成,4.97,0.17,3.542,4.97,4.98,4.8,4.81,5.0,4.75,25634500.0,125913307.0,14:42:39
sz300292,吴通控股,4.26,0.13,3.148,4.26,4.27,4.13,4.09,4.28,4.07,45009094.0,188989428.0,14:42:39
sz300293,蓝英装备,15.84,0.14,0.892,15.83,15.84,15.7,15.55,15.88,15.31,2982003.0,46593979.0,14:42:39
sz300294,博雅生物,14.91,0.48,3.326,14.9,14.91,14.43,14.45,14.92,14.43,6380200.0,94061811.0,14:42:39
sz300295,*ST三六,12.5,-0.15,-1.186,12.49,12.5,12.65,12.58,12.87,12.39,3638600.0,45981346.0,14:42:36
sz300296,利亚德,5.13,0.11,2.191,5.12,5.13,5.02,5.0,5.14,4.97,36808859.0,186484745.0,14:42:39
sz300298,三诺生物,16.29,0.38,2.388,16.28,16.29,15.91,15.9,16.29,15.8,4104630.0,66132718.0,14:42:39
sz300299,富春股份,5.41,0.19,3.64,5.4,5.41,5.22,5.19,5.42,5.18,13738269.0,73060506.0,14:42:39
sz300300,海峡创新,7.48,0.27,3.745,7.47,7.48,7.21,7.12,7.53,7.08,32968145.0,242021940.0,14:42:39
sz300301,ST长方,3.25,0.0,0.0,3.25,3.26,3.25,3.27,3.27,3.2,3648200.0,11809239.0,14:42:00
sz300302,同有科技,29.33,0.65,2.266,29.32,29.33,28.68,27.95,29.53,27.55,14760107.0,423443038.0,14:42:39
sz300303,聚飞光电,6.98,0.11,1.601,6.98,6.99,6.87,6.8,7.01,6.71,31558336.0,217469318.0,14:42:39
sz300304,云意电气,11.21,-0.11,-0.972,11.21,11.22,11.32,11.15,11.36,10.78,15930325.0,176508309.0,14:42:39
sz300305,裕兴股份,6.15,0.17,2.843,6.15,6.16,5.98,5.93,6.17,5.89,5828300.0,35371453.0,14:42:39
sz300306,远方信息,10.49,0.43,4.274,10.48,10.49,10.06,10.08,10.52,10.08,4161700.0,43075672.0,14:42:36
sz300307,慈星股份,7.46,0.06,0.811,7.46,7.47,7.4,7.31,7.5,7.25,15168625.0,112057253.0,14:42:39
sz300308,中际旭创,849.21,-21.01,-2.414,849.14,849.19,870.22,850.23,871.91,837.12,27396685.0,23360104290.0,14:42:39
sz300310,宜通世纪,4.46,0.14,3.241,4.46,4.47,4.32,4.31,4.48,4.28,20382634.0,90162691.0,14:42:39
sz300311,任子行,5.29,0.1,1.927,5.28,5.29,5.19,5.22,5.33,5.2,24869149.0,131156300.0,14:42:39
sz300313,天山生物,16.92,1.56,10.156,16.92,16.95,15.36,15.78,17.8,15.35,55699648.0,921507892.0,14:42:39
sz300314,戴维医疗,12.34,-0.11,-0.884,12.33,12.34,12.45,12.13,12.4,12.06,10102906.0,123611416.0,14:42:39
sz300315,掌趣科技,3.91,0.09,2.356,3.91,3.92,3.82,3.82,3.93,3.81,44887661.0,174084597.0,14:42:39
sz300316,晶盛机电,43.48,0.49,1.14,43.48,43.5,42.99,42.74,43.6,41.84,12447536.0,532346421.0,14:42:39
sz300317,珈伟新能,4.24,-0.03,-0.703,4.23,4.24,4.27,4.17,4.25,4.04,52187333.0,216241256.0,14:42:39
sz300318,博晖创新,5.03,0.16,3.285,5.03,5.04,4.87,4.84,5.07,4.81,15270577.0,76337074.0,14:42:24
sz300319,麦捷科技,17.81,0.15,0.849,17.81,17.82,17.66,17.35,18.11,16.72,75040135.0,1309081125.0,14:42:39
sz300320,海达股份,8.48,0.05,0.593,8.47,8.48,8.43,8.35,8.5,8.29,3886200.0,32680875.0,14:42:39
sz300321,同大股份,33.96,1.02,3.097,33.96,33.98,32.94,32.36,34.18,31.7,2735100.0,90181694.0,14:42:39
sz300322,硕贝德,17.69,0.64,3.754,17.69,17.7,17.05,16.82,17.92,16.62,17123175.0,297374646.0,14:42:39
sz300323,华灿光电,11.36,-0.54,-4.538,11.36,11.37,11.9,11.01,11.48,10.85,76823831.0,861677006.0,14:42:39
sz300324,旋极信息,3.4,0.12,3.659,3.4,3.41,3.28,3.26,3.42,3.21,39547277.0,132617185.0,14:42:39
sz300326,ST凯利,6.09,0.2,3.396,6.08,6.09,5.89,5.98,6.11,5.98,7399900.0,44764103.0,14:42:36
sz300327,中颖电子,22.77,0.63,2.846,22.78,22.8,22.14,21.92,22.93,21.55,7659095.0,171036617.0,14:42:39
sz300328,宜安科技,16.11,-0.47,-2.835,16.1,16.11,16.58,16.28,16.79,15.59,63570435.0,1029179128.0,14:42:39
sz300329,海伦钢琴,12.01,0.05,0.418,12.01,12.02,11.96,11.96,12.23,11.85,2661500.0,32140944.0,14:42:21
sz300331,苏大维格,47.93,-0.49,-1.012,47.93,47.94,48.42,47.94,48.63,44.7,12506221.0,583826817.0,14:42:39
sz300332,天壕能源,5.05,0.09,1.815,5.05,5.06,4.96,4.9,5.07,4.9,28374369.0,142390765.0,14:42:39
sz300333,兆日科技,10.58,-0.09,-0.843,10.58,10.59,10.67,10.37,10.87,10.3,18107289.0,191981185.0,14:42:39
sz300334,津膜科技,8.46,0.17,2.051,8.46,8.47,8.29,8.25,8.49,8.19,5242400.0,43747272.0,14:42:36
sz300335,迪森股份,5.41,0.13,2.462,5.4,5.41,5.28,5.25,5.42,5.22,10623852.0,56726184.0,14:42:39
sz300337,银邦股份,9.83,0.07,0.717,9.83,9.84,9.76,9.68,9.87,9.56,10751913.0,104735076.0,14:42:39
sz300338,*ST开元,3.03,-0.02,-0.656,3.03,3.04,3.05,3.03,3.06,2.97,7565400.0,22758304.0,14:42:36
sz300339,润和软件,35.7,0.69,1.971,35.7,35.71,35.01,34.58,35.82,34.4,14405712.0,508862314.0,14:42:39
sz300340,科恒股份,8.95,-0.09,-0.996,8.94,8.95,9.04,8.8,9.05,8.78,10185170.0,90468989.0,14:42:39
sz300341,麦克奥迪,13.61,0.69,5.341,13.6,13.61,12.92,12.92,13.64,12.86,7871325.0,105146335.0,14:42:39
sz300342,天银机电,31.97,0.58,1.848,31.96,31.97,31.39,31.21,32.25,30.51,11164024.0,351157621.0,14:42:39
sz300343,联创股份,5.65,0.02,0.355,5.64,5.65,5.63,5.6,5.65,5.58,11872731.0,66774803.0,14:42:39
sz300345,华民股份,9.7,0.1,1.042,9.7,9.71,9.6,9.63,9.95,9.35,72901676.0,702521135.0,14:42:39
sz300346,南大光电,55.03,-0.99,-1.767,55.03,55.09,56.02,55.34,55.69,52.79,26433321.0,1433899488.0,14:42:39
sz300347,泰格医药,52.34,3.18,6.469,52.34,52.35,49.16,49.4,52.88,48.63,20704061.0,1052995719.0,14:42:39
sz300348,长亮科技,9.8,0.32,3.376,9.79,9.8,9.48,9.46,9.83,9.41,28158924.0,273057976.0,14:42:39
sz300349,金卡智能,10.3,0.35,3.518,10.29,10.3,9.95,9.9,10.32,9.87,6919560.0,70256951.0,14:42:36
sz300350,华鹏飞,4.44,0.16,3.738,4.44,4.45,4.28,4.26,4.46,4.25,10415480.0,45629202.0,14:42:39
sz300351,永贵电器,14.27,0.67,4.926,14.26,14.27,13.6,13.58,14.38,13.38,10108500.0,141649071.0,14:42:33
sz300352,ST信源,2.33,0.09,4.018,2.32,2.33,2.24,2.22,2.33,2.21,19225200.0,43989463.0,14:42:39
sz300353,东土科技,19.01,0.36,1.93,19.01,19.02,18.65,18.47,19.16,17.95,13323549.0,247568917.0,14:42:39
sz300354,东华测试,27.1,0.94,3.593,27.1,27.11,26.16,25.67,27.19,25.4,3310363.0,87236853.0,14:42:39
sz300355,蒙草生态,2.95,0.06,2.076,2.95,2.96,2.89,2.88,2.97,2.87,17799316.0,52177514.0,14:42:39
sz300357,我武生物,23.76,0.5,2.15,23.76,23.77,23.26,23.1,23.87,22.86,10023778.0,234479795.0,14:42:36
sz300358,楚天科技,9.27,0.6,6.92,9.27,9.28,8.67,9.0,9.3,8.72,65827400.0,595698545.0,14:42:39
sz300359,全通教育,4.18,0.16,3.98,4.17,4.18,4.02,3.98,4.19,3.98,12289100.0,50311602.0,14:42:36
sz300360,炬华科技,11.74,0.13,1.12,11.74,11.76,11.61,11.56,11.78,11.56,3603690.0,42111825.0,14:42:39
sz300363,博腾股份,20.86,0.4,1.955,20.86,20.87,20.46,20.24,21.32,20.22,37194498.0,769773107.0,14:42:39
sz300364,中文在线,23.01,0.74,3.323,23.0,23.01,22.27,22.06,23.2,21.98,35263467.0,799088041.0,14:42:39
sz300365,恒华科技,4.75,0.11,2.371,4.74,4.75,4.64,4.64,4.77,4.58,9788926.0,45935934.0,14:42:39
sz300366,ST创意,5.13,0.01,0.195,5.13,5.14,5.12,5.12,5.16,5.06,3139000.0,16088049.0,14:42:39
sz300368,汇金股份,7.79,0.28,3.728,7.78,7.79,7.51,7.46,8.05,7.43,32928887.0,255455100.0,14:42:39
sz300369,绿盟科技,6.78,0.12,1.802,6.78,6.79,6.66,6.59,6.9,6.55,23374625.0,158340490.0,14:42:39
sz300370,安控科技,2.24,0.08,3.704,2.24,2.25,2.16,2.15,2.25,2.14,23336380.0,51652666.0,14:42:39
sz300371,汇中股份,10.67,0.35,3.391,10.66,10.67,10.32,10.32,10.7,10.24,1697400.0,17831344.0,14:42:39
sz300373,扬杰科技,93.54,-4.26,-4.356,93.53,93.54,97.8,95.0,95.55,89.68,20176041.0,1871371704.0,14:42:39
sz300374,中铁装配,10.97,0.38,3.588,10.97,10.98,10.59,10.53,11.0,10.52,2883800.0,31225431.0,14:42:36
sz300375,鹏翎股份,4.06,0.1,2.525,4.06,4.07,3.96,3.96,4.07,3.91,10089149.0,40554303.0,14:42:39
sz300376,易事特,4.54,0.1,2.252,4.54,4.55,4.44,4.43,4.56,4.38,16726230.0,75301506.0,14:42:39
sz300377,赢时胜,14.13,0.21,1.509,14.13,14.14,13.92,13.8,14.28,13.76,24419696.0,343755452.0,14:42:39
sz300378,鼎捷数智,31.57,1.35,4.467,31.57,31.58,30.22,30.22,31.66,29.55,7970268.0,243500659.0,14:42:39
sz300380,安硕信息,28.87,0.88,3.144,28.86,28.87,27.99,27.81,28.89,27.67,1920500.0,54847988.0,14:42:39
sz300381,溢多利,6.39,0.18,2.899,6.38,6.39,6.21,6.15,6.41,6.14,6581500.0,41431920.0,14:42:30
sz300382,斯莱克,17.73,-0.2,-1.115,17.73,17.74,17.93,17.81,17.93,17.08,21225253.0,370140455.0,14:42:39
sz300383,光环新网,12.18,0.06,0.495,12.18,12.19,12.12,12.01,12.22,11.99,23465679.0,284649810.0,14:42:39
sz300384,三联虹普,12.31,0.16,1.317,12.3,12.31,12.15,12.1,12.32,11.93,2643554.0,32225371.0,14:42:39
sz300385,ST雪浪,12.47,-0.15,-1.189,12.46,12.47,12.62,12.5,12.67,12.35,3583112.0,44785946.0,14:42:33
sz300386,飞天诚信,12.55,0.58,4.845,12.55,12.56,11.97,11.91,13.0,11.68,29064800.0,360467391.0,14:42:39
sz300387,富邦科技,7.43,0.2,2.766,7.42,7.43,7.23,7.17,7.47,7.17,9385000.0,69492522.0,14:42:39
sz300388,节能国祯,6.98,0.07,1.013,6.98,6.99,6.91,6.88,7.0,6.86,5335811.0,37126383.0,14:42:39
sz300389,艾比森,12.56,0.44,3.63,12.56,12.57,12.12,12.08,12.58,12.04,5174506.0,64185296.0,14:42:39
sz300390,天华新能,62.17,-5.06,-7.526,62.15,62.17,67.23,65.66,66.2,61.46,44529719.0,2818716478.0,14:42:39
sz300393,中来股份,6.3,0.19,3.11,6.29,6.3,6.11,6.11,6.35,6.05,23531200.0,147084608.0,14:42:39
sz300394,天孚通信,257.07,7.57,3.034,257.1,257.11,249.5,249.5,264.72,241.8,42708835.0,10798554685.0,14:42:39
sz300395,菲利华,83.59,-0.4,-0.476,83.58,83.59,83.99,83.0,84.96,81.05,12405604.0,1029478707.0,14:42:39
sz300396,ST迪瑞,7.3,0.16,2.241,7.3,7.32,7.14,7.12,7.34,7.11,1444660.0,10439707.0,14:42:18
sz300397,天和防务,11.35,0.03,0.265,11.34,11.35,11.32,11.14,11.41,11.05,10609100.0,119577096.0,14:42:39
sz300398,飞凯材料,34.89,-0.27,-0.768,34.89,34.9,35.16,34.57,35.57,33.07,19683404.0,675786162.0,14:42:39
sz300399,天利科技,18.49,0.25,1.371,18.49,18.5,18.24,18.44,18.58,17.86,9417630.0,172595633.0,14:42:39
sz300400,劲拓股份,28.57,0.6,2.145,28.56,28.57,27.97,27.5,28.78,26.47,11982999.0,332528782.0,14:42:39
sz300401,花园生物,14.73,0.59,4.173,14.73,14.74,14.14,13.93,14.94,13.81,25883899.0,373835391.0,14:42:39
sz300402,宝色股份,15.0,0.45,3.093,14.99,15.0,14.55,14.53,15.3,14.45,4258741.0,63471378.0,14:42:39
sz300403,汉宇集团,9.49,0.45,4.978,9.48,9.49,9.04,9.01,9.49,8.94,9242175.0,85517516.0,14:42:39
sz300404,博济医药,14.08,-0.07,-0.495,14.08,14.09,14.15,14.1,14.23,13.72,40212307.0,562091624.0,14:42:39
sz300405,科隆股份,5.81,0.16,2.832,5.81,5.82,5.65,5.57,5.84,5.57,7021300.0,40280254.0,14:42:39
sz300406,九强生物,11.66,0.15,1.303,11.65,11.66,11.51,11.4,11.68,11.36,4320736.0,49830330.0,14:42:39
sz300407,凯发电气,12.01,0.19,1.607,12.01,12.02,11.82,11.86,12.1,11.62,4708078.0,55986647.0,14:42:39
sz300408,三环集团,109.14,0.2,0.184,109.05,109.1,108.94,108.0,110.76,103.45,35088527.0,3772147496.0,14:42:39
sz300409,道氏技术,18.28,-0.19,-1.029,18.28,18.29,18.47,18.4,18.5,17.9,15361929.0,279835552.0,14:42:39
sz300410,正业科技,7.92,0.14,1.799,7.92,7.93,7.78,7.68,7.96,7.59,14323700.0,111577628.0,14:42:39
sz300411,金盾股份,7.82,0.2,2.625,7.82,7.83,7.62,7.6,7.87,7.53,6538500.0,50655260.0,14:42:39
sz300412,迦南科技,4.67,0.11,2.412,4.66,4.68,4.56,4.53,4.7,4.48,11736870.0,53961805.0,14:42:39
sz300413,芒果超媒,14.09,0.11,0.787,14.08,14.09,13.98,13.85,14.12,13.81,10109420.0,141809654.0,14:42:39
sz300414,中光防雷,10.89,0.41,3.912,10.89,10.9,10.48,10.5,10.93,10.39,5561511.0,59425791.0,14:42:39
sz300415,伊之密,19.7,0.19,0.974,19.7,19.71,19.51,19.33,19.75,19.1,3751000.0,73210262.0,14:42:39
sz300416,苏试试验,14.53,0.19,1.325,14.52,14.53,14.34,14.23,14.61,14.15,9433707.0,136028542.0,14:42:39
sz300417,南华仪器,11.35,0.38,3.464,11.35,11.38,10.97,10.97,11.43,10.87,2316100.0,25923438.0,14:42:36
sz300418,昆仑万维,40.44,-0.1,-0.247,40.44,40.45,40.54,40.51,40.71,39.6,37862595.0,1523141943.0,14:42:39
sz300419,ST浩丰,8.5,-0.03,-0.352,8.49,8.5,8.53,8.53,8.7,8.31,4486466.0,38275535.0,14:42:33
sz300420,五洋自控,8.57,0.79,10.154,8.56,8.57,7.78,7.69,8.79,7.46,170445298.0,1398454445.0,14:42:39
sz300421,力星股份,16.8,0.59,3.64,16.8,16.81,16.21,16.09,16.87,16.0,4590200.0,75797997.0,14:42:39
sz300422,博世科,4.15,0.08,1.966,4.15,4.16,4.07,4.04,4.17,4.03,10822300.0,44619267.0,14:42:36
sz300423,昇辉科技,5.93,0.17,2.951,5.93,5.94,5.76,5.72,5.95,5.68,7773260.0,45520880.0,14:42:39
sz300424,航新科技,14.28,0.14,0.99,14.27,14.28,14.14,14.03,14.43,13.88,7323780.0,103992123.0,14:42:30
sz300425,中建环能,4.09,0.1,2.506,4.09,4.1,3.99,4.0,4.1,3.99,6939256.0,28159814.0,14:42:39
sz300426,华智数媒,6.37,0.27,4.426,6.36,6.37,6.1,6.1,6.42,6.04,16330600.0,102287101.0,14:42:39
sz300427,红相股份,6.75,0.2,3.053,6.75,6.76,6.55,6.45,6.79,6.32,22947250.0,151457611.0,14:42:39
sz300428,立中集团,18.5,0.14,0.763,18.5,18.51,18.36,18.42,18.56,18.18,4259588.0,78384628.0,14:42:36
sz300429,强力新材,10.93,0.18,1.674,10.93,10.94,10.75,10.6,11.03,10.4,15183884.0,163273372.0,14:42:39
sz300430,*ST益通,4.29,0.07,1.659,4.28,4.29,4.22,4.18,4.29,4.18,3328000.0,14139772.0,14:42:30
sz300432,富临精工,15.7,-0.35,-2.181,15.69,15.7,16.05,15.88,16.0,15.5,24093292.0,378632385.0,14:42:39
sz300433,蓝思科技,38.21,0.26,0.685,38.21,38.22,37.95,37.49,39.0,35.79,120099170.0,4505265426.0,14:42:39
sz300434,金石亚药,12.09,0.82,7.276,12.09,12.1,11.27,11.2,12.18,10.99,20803000.0,241987570.0,14:42:39
sz300435,中泰股份,16.67,0.29,1.77,16.65,16.67,16.38,16.1,16.73,16.1,7113700.0,117238268.0,14:42:39
sz300436,广生堂,92.31,2.65,2.956,92.3,92.31,89.66,89.47,92.48,88.09,4030963.0,364681399.0,14:42:39
sz300437,清水源,11.28,0.36,3.297,11.27,11.28,10.92,10.83,11.33,10.83,5412944.0,60279923.0,14:42:33
sz300438,鹏辉能源,60.63,-1.19,-1.925,60.62,60.63,61.82,61.81,61.99,60.0,12093100.0,735667961.0,14:42:39
sz300439,美康生物,9.44,0.21,2.275,9.43,9.44,9.23,9.28,9.49,9.13,3616400.0,33868030.0,14:42:39
sz300440,运达科技,19.37,0.57,3.032,19.37,19.39,18.8,18.75,19.71,18.1,13027462.0,246561142.0,14:42:39
sz300441,鲍斯股份,6.79,0.08,1.192,6.78,6.79,6.71,6.64,6.82,6.64,2788560.0,18742361.0,14:42:39
sz300442,润泽科技,62.69,0.24,0.384,62.68,62.69,62.45,61.0,63.18,60.8,13191993.0,819366565.0,14:42:39
sz300443,金雷股份,18.66,-0.7,-3.616,18.66,18.67,19.36,18.4,18.7,17.89,6906966.0,126881300.0,14:42:39
sz300444,双杰电气,9.81,0.06,0.615,9.8,9.81,9.75,9.65,9.84,9.53,17243000.0,167502148.0,14:42:39
sz300445,康斯特,19.47,1.57,8.771,19.47,19.48,17.9,18.89,19.91,18.64,8242551.0,159734932.0,14:42:39
sz300446,航天智造,13.17,0.4,3.132,13.16,13.17,12.77,12.78,13.19,12.72,5635670.0,73214585.0,14:42:36
sz300447,全信股份,13.6,0.38,2.874,13.6,13.61,13.22,13.1,13.64,13.03,3506450.0,47109370.0,14:42:36
sz300448,浩云科技,5.66,0.18,3.285,5.66,5.67,5.48,5.43,5.69,5.41,12622806.0,70451355.0,14:42:39
sz300449,汉邦高科,7.11,0.23,3.343,7.1,7.11,6.88,6.89,7.12,6.83,6398020.0,44863684.0,14:42:36
sz300450,先导智能,33.44,-0.4,-1.182,33.44,33.45,33.84,33.75,33.75,32.8,21952967.0,729574755.0,14:42:39
sz300451,创业慧康,3.5,0.1,2.941,3.5,3.51,3.4,3.39,3.51,3.35,13766731.0,47553672.0,14:42:39
sz300452,山河药辅,13.07,0.49,3.895,13.07,13.08,12.58,12.48,13.09,12.37,9144575.0,117594123.0,14:42:39
sz300453,三鑫医疗,9.7,-0.02,-0.206,9.69,9.7,9.72,9.63,9.81,9.54,10218852.0,98887331.0,14:42:39
sz300454,深信服,117.82,1.09,0.934,117.82,117.83,116.73,116.53,119.23,113.3,15223585.0,1765351595.0,14:42:48
sz300455,航天智装,17.32,0.31,1.822,17.32,17.34,17.01,16.97,17.41,16.78,5195885.0,88954118.0,14:42:45
sz300456,赛微电子,31.08,0.23,0.746,31.07,31.08,30.85,30.41,31.32,29.79,13515559.0,413008668.0,14:42:48
sz300457,赢合科技,20.84,-0.42,-1.976,20.83,20.84,21.26,21.5,21.63,20.6,17486951.0,367111191.0,14:42:48
sz300458,全志科技,30.74,0.24,0.787,30.73,30.74,30.5,30.11,30.82,29.75,22447274.0,681125027.0,14:42:48
sz300459,汤姆猫,3.52,0.08,2.326,3.52,3.53,3.44,3.43,3.54,3.42,68695941.0,239029409.0,14:42:48
sz300460,ST惠伦,8.47,0.09,1.074,8.47,8.48,8.38,8.36,8.48,8.28,1432300.0,12019642.0,14:42:33
sz300461,田中精机,31.66,1.08,3.532,31.64,31.66,30.58,30.27,31.74,29.99,2994100.0,92398066.0,14:42:48
sz300462,ST华铭,11.3,0.31,2.821,11.29,11.31,10.99,11.0,11.49,10.99,818600.0,9248546.0,14:42:30
sz300463,迈克生物,9.35,0.21,2.298,9.34,9.35,9.14,9.12,9.37,9.06,5623400.0,52006836.0,14:42:48
sz300464,星徽股份,7.58,0.52,7.365,7.58,7.59,7.06,7.0,7.68,6.85,15806300.0,115453679.0,14:42:48
sz300465,高伟达,12.21,0.4,3.387,12.2,12.22,11.81,11.56,12.25,11.5,17568579.0,211181432.0,14:42:48
sz300466,赛摩智能,7.41,0.23,3.203,7.41,7.42,7.18,7.11,7.43,7.11,6796180.0,49594755.0,14:42:48
sz300467,迅游科技,33.24,0.53,1.62,33.2,33.24,32.71,32.62,33.46,32.2,2400800.0,79252051.0,14:42:36
sz300468,四方精创,24.02,1.03,4.48,24.01,24.02,22.99,22.7,24.29,22.36,68002056.0,1603262297.0,14:42:48
sz300469,信息发展,55.66,2.01,3.747,55.66,55.67,53.65,53.1,56.11,52.75,6599905.0,360428028.0,14:42:48
sz300470,中密控股,27.74,-0.56,-1.979,27.71,27.75,28.3,27.71,27.98,26.89,5154821.0,141533901.0,14:42:48
sz300471,厚普股份,10.02,0.22,2.245,10.01,10.02,9.8,9.77,10.06,9.56,6345113.0,62277610.0,14:42:48
sz300472,*ST新元,6.64,0.1,1.529,6.62,6.64,6.54,6.47,6.69,6.47,1284840.0,8478206.0,14:42:33
sz300473,德尔股份,24.59,0.09,0.367,24.58,24.59,24.5,24.39,24.89,23.7,12014216.0,293187106.0,14:42:48
sz300474,景嘉微,50.38,0.5,1.002,50.33,50.38,49.88,49.8,50.53,49.62,3456757.0,173640017.0,14:42:48
sz300475,香农芯创,153.84,0.84,0.549,153.88,153.92,153.0,151.98,155.43,147.2,13796718.0,2091076218.0,14:42:48
sz300476,胜宏科技,245.26,0.26,0.106,245.26,245.29,245.0,240.0,249.55,237.1,19708759.0,4810232996.0,14:42:48
sz300477,ST合纵,2.51,0.06,2.449,2.5,2.51,2.45,2.45,2.53,2.4,14636900.0,36010562.0,14:42:48
sz300478,杭州高新,29.36,0.82,2.873,29.34,29.36,28.54,27.97,29.58,27.83,2358050.0,67840112.0,14:42:48
sz300479,神思电子,14.97,0.35,2.394,14.97,14.98,14.62,14.65,14.99,14.48,4187296.0,62100207.0,14:42:48
sz300480,光力科技,32.06,-0.63,-1.927,32.06,32.07,32.69,32.16,32.48,30.5,15143136.0,477202050.0,14:42:48
sz300481,濮阳惠成,14.13,0.14,1.001,14.13,14.15,13.99,13.83,14.17,13.65,6632500.0,92500675.0,14:42:48
sz300482,万孚生物,16.36,0.36,2.25,16.35,16.36,16.0,15.88,16.38,15.73,9519142.0,153524005.0,14:42:48
sz300483,首华燃气,24.07,0.87,3.75,24.06,24.08,23.2,22.86,24.56,22.77,19483644.0,466665432.0,14:42:48
sz300484,蓝海华腾,12.9,0.3,2.381,12.89,12.9,12.6,12.51,12.95,12.42,2292500.0,29183863.0,14:42:48
sz300485,赛升药业,9.38,0.33,3.646,9.37,9.38,9.05,9.07,9.4,8.9,10091300.0,92688538.0,14:42:48
sz300486,东杰智能,23.07,1.07,4.864,23.07,23.08,22.0,21.91,23.19,21.55,15407674.0,348239195.0,14:42:48
sz300487,蓝晓科技,62.58,-0.66,-1.044,62.56,62.59,63.24,62.97,63.11,60.11,4897614.0,303928409.0,14:42:48
sz300488,恒锋工具,32.14,0.65,2.064,32.15,32.16,31.49,31.2,32.28,31.2,4003500.0,127120730.0,14:42:48
sz300489,光智科技,219.1,16.95,8.385,219.1,219.11,202.15,198.9,219.21,192.0,12276050.0,2538189335.0,14:42:48
sz300490,华自科技,11.57,0.02,0.173,11.57,11.58,11.55,11.54,11.68,11.26,8657200.0,99448419.0,14:42:48
sz300491,通合科技,31.48,0.78,2.541,31.48,31.49,30.7,29.76,31.72,29.02,10974600.0,336362852.0,14:42:48
sz300492,华图山鼎,23.49,0.3,1.294,23.49,23.5,23.19,23.19,23.77,22.6,2460758.0,57005971.0,14:42:48
sz300493,润欣科技,12.17,0.35,2.961,12.16,12.17,11.82,11.76,12.19,11.65,8505607.0,101787194.0,14:42:48
sz300494,盛天网络,8.26,0.19,2.354,8.26,8.27,8.07,8.02,8.28,8.01,4154120.0,33945527.0,14:42:45
sz300496,中科创达,56.56,0.88,1.58,56.55,56.56,55.68,55.03,56.63,55.03,5932180.0,332064009.0,14:42:48
sz300497,富祥股份,16.75,-0.27,-1.586,16.74,16.75,17.02,16.89,16.96,16.5,17251145.0,288239695.0,14:42:48
sz300498,温氏股份,14.13,0.47,3.441,14.13,14.14,13.66,13.62,14.15,13.6,67059905.0,938403579.0,14:42:48
sz300499,高澜股份,30.83,1.88,6.494,30.83,30.84,28.95,28.93,31.36,28.12,42164641.0,1267206447.0,14:42:48
sz300500,启迪设计,9.59,0.15,1.589,9.59,9.6,9.44,9.31,9.66,9.28,3909000.0,37013519.0,14:42:48
sz300501,海顺新材,9.95,0.3,3.109,9.94,9.95,9.65,9.62,10.0,9.59,4283634.0,42148757.0,14:42:48
sz300502,新易盛,402.01,-9.99,-2.425,402.0,402.01,412.0,405.0,413.02,395.0,32494000.0,13116167355.0,14:42:48
sz300503,昊志机电,68.34,1.31,1.954,68.34,68.35,67.03,66.35,69.39,65.23,11533652.0,780197856.0,14:42:48
sz300504,天邑股份,15.51,0.81,5.51,15.51,15.52,14.7,14.59,15.54,14.35,7034900.0,105425977.0,14:42:48
sz300505,川金诺,19.08,0.32,1.706,19.07,19.08,18.76,18.59,19.69,18.56,16209462.0,312338354.0,14:42:48
sz300506,名家汇,5.2,0.02,0.386,5.2,5.21,5.18,5.1,5.27,5.05,18193720.0,93963025.0,14:42:48
sz300507,苏奥传感,6.48,0.18,2.857,6.48,6.49,6.3,6.25,6.49,6.24,7784178.0,49904721.0,14:42:36
sz300508,维宏股份,41.7,-0.15,-0.358,41.69,41.71,41.85,41.68,42.34,40.27,2206180.0,91138924.0,14:42:45
sz300509,新美星,9.06,0.28,3.189,9.05,9.06,8.78,8.8,9.14,8.5,10837649.0,95700877.0,14:42:39
sz300510,金冠股份,3.49,0.11,3.254,3.49,3.5,3.38,3.36,3.51,3.34,20286530.0,70203826.0,14:42:48
sz300511,雪榕生物,5.33,-0.16,-2.914,5.32,5.33,5.49,5.18,5.44,5.1,49955916.0,264446459.0,14:42:48
sz300512,中亚股份,7.35,0.24,3.376,7.36,7.37,7.11,7.01,7.38,7.01,4228100.0,30635053.0,14:42:39
sz300513,恒实科技,7.43,0.15,2.06,7.42,7.43,7.28,7.24,7.44,7.18,4566352.0,33642968.0,14:42:48
sz300514,友讯达,10.2,0.3,3.03,10.2,10.21,9.9,9.85,10.22,9.84,4147668.0,41721114.0,14:42:48
sz300515,三德科技,16.03,0.31,1.972,16.03,16.04,15.72,15.57,16.08,15.34,5004200.0,79117935.0,14:42:48
sz300516,久之洋,31.0,0.42,1.373,31.0,31.01,30.58,30.77,31.15,30.05,2458080.0,75415641.0,14:42:48
sz300517,海波重科,10.24,0.06,0.589,10.24,10.25,10.18,10.08,10.29,9.78,5182500.0,52109047.0,14:42:48
sz300518,新迅达,23.45,0.6,2.626,23.44,23.45,22.85,22.49,23.48,22.03,6411300.0,146370180.0,14:42:48
sz300519,新光药业,15.2,1.12,7.955,15.19,15.2,14.08,14.25,15.87,14.15,11456450.0,172577347.0,14:42:48
sz300520,科大国创,23.04,-0.31,-1.328,23.04,23.05,23.35,22.96,23.17,21.9,8454637.0,189939174.0,14:42:48
sz300521,爱司凯,23.35,-0.03,-0.128,23.34,23.35,23.38,23.03,23.93,22.81,2401200.0,56184904.0,14:42:48
sz300522,世名科技,13.77,0.12,0.879,13.77,13.78,13.65,13.28,13.88,13.01,18508712.0,247610438.0,14:42:48
sz300523,辰安科技,20.13,0.39,1.976,20.12,20.13,19.74,19.76,20.17,19.52,1415200.0,28231912.0,14:42:48
sz300525,博思软件,8.17,0.21,2.638,8.17,8.18,7.96,7.96,8.2,7.93,10423492.0,84473711.0,14:42:45
sz300527,ST应急,8.02,0.03,0.375,8.01,8.02,7.99,8.0,8.06,7.97,4624551.0,37050329.0,14:42:48
sz300528,幸福蓝海,12.92,0.3,2.377,12.91,12.92,12.62,12.49,12.98,12.48,7603600.0,97825256.0,14:42:48
sz300529,健帆生物,15.88,0.32,2.057,15.87,15.88,15.56,15.52,15.88,15.51,4783508.0,75213766.0,14:42:48
sz300530,领湃科技,18.96,-0.83,-4.194,18.96,18.97,19.79,19.44,20.09,18.61,8854100.0,168845740.0,14:42:48
sz300531,优博讯,16.51,0.15,0.917,16.51,16.52,16.36,16.2,16.61,16.01,10545700.0,173017453.0,14:42:48
sz300532,今天国际,6.92,0.12,1.765,6.92,6.93,6.8,6.76,6.94,6.74,5824538.0,40021963.0,14:42:48
sz300533,冰川网络,14.35,0.29,2.063,14.35,14.36,14.06,14.0,14.4,13.96,3372400.0,48010263.0,14:42:45
sz300534,陇神戎发,16.79,0.09,0.539,16.78,16.79,16.7,16.72,17.87,15.8,61124780.0,1043070278.0,14:42:48
sz300535,达威股份,17.17,0.18,1.059,17.15,17.16,16.99,16.66,17.75,16.5,3512529.0,60714369.0,14:42:48
sz300536,农尚环境,9.06,0.26,2.955,9.05,9.06,8.8,8.8,9.08,8.61,6957700.0,62151688.0,14:42:48
sz300537,广信材料,19.51,0.03,0.154,19.51,19.52,19.48,19.12,19.6,18.63,4930800.0,94576353.0,14:42:48
sz300538,同益股份,15.19,0.12,0.796,15.19,15.2,15.07,14.92,15.26,14.68,2574100.0,38572555.0,14:42:48
sz300539,横河精密,18.28,0.48,2.697,18.28,18.29,17.8,17.64,18.38,17.41,4056320.0,72693154.0,14:42:48
sz300540,蜀道装备,28.19,-0.17,-0.599,28.19,28.2,28.36,28.0,28.52,27.01,10148280.0,281501910.0,14:42:48
sz300541,先进数通,10.04,0.32,3.292,10.03,10.04,9.72,9.63,10.07,9.6,9644969.0,95923330.0,14:42:48
sz300542,新晨科技,13.9,1.95,16.318,13.89,13.9,11.95,11.92,14.34,11.91,45476294.0,628910489.0,14:42:48
sz300543,朗科智能,7.94,0.33,4.336,7.93,7.94,7.61,7.6,7.96,7.54,5536200.0,43204372.0,14:42:48
sz300545,联得装备,33.72,-0.48,-1.404,33.74,33.75,34.2,33.79,34.17,31.38,15735300.0,517738610.0,14:42:48
sz300546,雄帝科技,18.65,-0.64,-3.318,18.63,18.64,19.29,18.28,20.19,18.0,21452075.0,405262104.0,14:42:48
sz300547,川环科技,26.29,1.25,4.992,26.28,26.29,25.04,24.77,26.4,24.53,7263381.0,186250799.0,14:42:48
sz300548,长芯博创,196.67,-2.27,-1.141,196.67,196.76,198.94,190.31,200.52,185.67,14338883.0,2779319325.0,14:42:48
sz300549,优德精密,14.66,0.46,3.239,14.65,14.67,14.2,14.15,14.68,14.05,1307118.0,18894871.0,14:42:36
sz300550,和仁科技,11.66,0.26,2.281,11.65,11.66,11.4,11.45,11.72,11.17,2712900.0,31136127.0,14:42:45
sz300551,古鳌科技,10.64,0.84,8.571,10.63,10.64,9.8,9.94,10.98,9.61,13948300.0,144720904.0,14:42:48
sz300552,万集科技,20.64,0.64,3.2,20.64,20.65,20.0,19.7,21.15,19.47,6839735.0,140376135.0,14:42:48
sz300553,集智股份,44.05,2.98,7.256,44.04,44.05,41.07,40.42,44.4,39.04,5072000.0,213018655.0,14:42:48
sz300554,三超新材,20.76,0.42,2.065,20.76,20.77,20.34,20.05,20.88,19.71,2953100.0,60100362.0,14:42:48
sz300555,ST路通,12.58,0.38,3.115,12.58,12.6,12.2,12.28,12.68,12.07,1246800.0,15552581.0,14:42:48
sz300556,丝路视觉,16.36,0.48,3.023,16.36,16.37,15.88,15.85,16.46,15.7,3066100.0,49420592.0,14:42:48
sz300557,理工光科,25.88,0.66,2.617,25.88,25.9,25.22,25.34,26.31,24.71,3022489.0,77305814.0,14:42:48
sz300558,贝达药业,49.37,0.84,1.731,49.37,49.4,48.53,47.98,49.78,47.69,14626846.0,711491862.0,14:42:48
sz300559,佳发教育,10.64,0.42,4.11,10.64,10.65,10.22,10.21,10.72,10.16,5880403.0,61733705.0,14:42:45
sz300560,中富通,17.83,0.18,1.02,17.8,17.83,17.65,17.63,18.01,17.01,9548400.0,167107851.0,14:42:48
sz300561,汇金科技,15.33,0.38,2.542,15.33,15.34,14.95,14.85,15.75,14.84,15335308.0,236124834.0,14:42:48
sz300562,乐心医疗,16.05,1.11,7.43,16.05,16.07,14.94,15.31,16.11,14.9,18416220.0,285947594.0,14:42:48
sz300563,神宇股份,24.89,2.02,8.833,24.88,24.89,22.87,22.37,25.91,21.5,10328706.0,248778199.0,14:42:48
sz300564,筑博设计,12.73,0.43,3.496,12.72,12.73,12.3,12.3,12.74,12.11,1878900.0,23523242.0,14:42:12
sz300565,科信技术,9.9,0.35,3.665,9.9,9.91,9.55,9.59,9.94,9.35,7740150.0,75599310.0,14:42:48
sz300566,激智科技,28.49,0.0,0.0,28.49,28.5,28.49,28.0,29.0,27.49,17183810.0,484098605.0,14:42:48
sz300567,精测电子,206.02,-7.68,-3.594,205.77,206.02,213.7,209.41,211.88,197.0,8615748.0,1752921603.0,14:42:48
sz300568,星源材质,14.35,0.27,1.918,14.35,14.36,14.08,14.05,14.58,13.77,48883760.0,693862461.0,14:42:48
sz300569,天能重工,4.68,0.12,2.632,4.67,4.68,4.56,4.51,4.69,4.51,9632562.0,44559317.0,14:42:48
sz300570,太辰光,203.2,0.3,0.148,203.16,203.2,202.9,199.9,206.6,195.8,18632549.0,3756109312.0,14:42:48
sz300571,平治信息,29.96,0.38,1.285,29.95,29.96,29.58,29.01,30.13,28.55,4805850.0,141369524.0,14:42:48
sz300572,安车检测,20.25,1.52,8.115,20.23,20.25,18.73,18.8,20.46,18.29,6366605.0,125326678.0,14:42:45
sz300573,兴齐眼药,39.61,1.09,2.83,39.6,39.61,38.52,38.58,39.68,38.32,5012396.0,196576572.0,14:42:48
sz300575,中旗股份,6.02,0.16,2.73,6.02,6.03,5.86,5.85,6.05,5.81,15120056.0,90579644.0,14:42:48
sz300576,容大感光,29.67,-0.22,-0.736,29.66,29.67,29.89,29.44,29.98,28.41,11756130.0,343337471.0,14:42:48
sz300577,开润股份,17.54,0.22,1.27,17.53,17.54,17.32,17.24,17.57,17.1,1025700.0,17826605.0,14:42:45
sz300578,会畅科技,15.51,0.36,2.376,15.5,15.51,15.15,14.92,15.57,14.87,3532000.0,53966759.0,14:42:45
sz300579,数字认证,22.98,1.49,6.933,22.97,22.98,21.49,21.37,24.46,21.27,14719726.0,344030034.0,14:42:45
sz300580,贝斯特,20.15,0.25,1.256,20.14,20.15,19.9,19.88,20.28,19.55,5564869.0,111191365.0,14:42:48
sz300581,晨曦航空,9.95,0.15,1.531,9.94,9.95,9.8,9.61,10.01,9.58,7511706.0,74205091.0,14:42:48
sz300582,英飞特,11.25,0.19,1.718,11.25,11.26,11.06,11.02,11.32,10.85,4738900.0,52801052.0,14:42:48
sz300583,赛托生物,13.07,0.35,2.752,13.06,13.07,12.72,12.68,13.09,12.56,2485400.0,32075982.0,14:42:42
sz300584,海辰药业,32.42,-0.37,-1.128,32.41,32.43,32.79,31.98,32.58,31.02,4214900.0,133822136.0,14:42:42
sz300585,奥联电子,15.7,0.01,0.064,15.71,15.72,15.69,15.38,15.74,14.79,4731400.0,72192387.0,14:42:45
sz300586,美联新材,9.02,0.05,0.557,9.02,9.03,8.97,8.8,9.09,8.65,12298791.0,109093848.0,14:42:48
sz300587,天铁科技,5.03,-0.01,-0.198,5.02,5.03,5.04,5.01,5.09,4.89,23922600.0,119467148.0,14:42:48
sz300588,熙菱信息,21.12,0.0,0.0,21.1,21.12,21.12,21.01,21.33,20.63,2209000.0,46357657.0,14:42:36
sz300589,江龙船艇,13.4,0.93,7.458,13.39,13.4,12.47,12.3,13.46,12.3,19699920.0,257148435.0,14:42:48
sz300590,移为通信,10.98,0.26,2.425,10.97,10.98,10.72,10.6,11.02,10.54,8971635.0,96929672.0,14:42:48
sz300591,万里马,7.29,0.79,12.154,7.28,7.29,6.5,6.46,7.3,6.4,30062300.0,207072711.0,14:42:48
sz300592,华凯易佰,14.84,0.14,0.952,14.82,14.83,14.7,14.56,14.92,14.21,8377900.0,122261242.0,14:42:48
sz300593,新雷能,30.21,-0.17,-0.56,30.21,30.22,30.38,29.93,30.7,28.63,21792895.0,649001535.0,14:42:48
sz300594,ST朗进,14.57,0.28,1.959,14.56,14.58,14.29,14.29,14.63,14.22,663700.0,9540455.0,14:42:18
sz300595,欧普康视,10.95,0.24,2.241,10.95,10.96,10.71,10.7,10.97,10.68,7788869.0,84390754.0,14:42:48
sz300596,利安隆,42.39,-0.23,-0.54,42.39,42.4,42.62,42.18,43.07,41.68,2319749.0,98679693.0,14:42:48
sz300597,吉大通信,7.95,0.23,2.979,7.94,7.95,7.72,7.72,7.95,7.63,3387864.0,26545757.0,14:42:45
sz300598,诚迈科技,32.5,-0.28,-0.854,32.49,32.5,32.78,32.48,32.77,31.8,10661296.0,343175727.0,14:42:48
sz300599,雄塑科技,11.65,0.03,0.258,11.65,11.66,11.62,11.56,11.72,11.34,4268900.0,49244362.0,14:42:48
sz300600,国瑞科技,10.23,0.42,4.281,10.23,10.24,9.81,9.78,10.28,9.72,4326400.0,43767745.0,14:42:48
sz300601,康泰生物,12.92,0.3,2.377,12.91,12.92,12.62,12.56,13.1,12.37,34253593.0,436131732.0,14:42:48
sz300602,飞荣达,45.46,2.34,5.427,45.46,45.47,43.12,43.1,46.2,41.65,39648682.0,1739724680.0,14:42:48
sz300603,立昂技术,7.67,0.17,2.267,7.67,7.68,7.5,7.4,7.68,7.35,10221700.0,77400146.0,14:42:48
sz300604,长川科技,263.86,-7.24,-2.671,263.66,263.76,271.1,268.18,269.14,253.0,17226375.0,4506432890.0,14:42:48
sz300605,恒锋信息,10.48,0.46,4.591,10.47,10.48,10.02,9.92,10.52,9.87,7079400.0,72692483.0,14:42:48
sz300606,金太阳,35.75,0.04,0.112,35.75,35.8,35.71,35.04,36.03,33.19,5370800.0,186046064.0,14:42:48
sz300607,拓斯达,36.86,3.54,10.624,36.85,36.86,33.32,34.56,37.6,33.65,57293227.0,2042215193.0,14:42:48
sz300608,思特奇,9.84,0.21,2.181,9.84,9.85,9.63,9.5,9.88,9.41,6865706.0,66498025.0,14:42:48
sz300609,汇纳科技,25.78,0.8,3.203,25.77,25.78,24.98,24.75,25.85,24.55,2664100.0,67209579.0,14:42:48
sz300610,晨化股份,10.51,0.21,2.039,10.5,10.51,10.3,10.26,10.54,10.2,2819700.0,29324121.0,14:42:48
sz300611,美力科技,24.64,1.73,7.551,24.63,24.64,22.91,22.74,24.65,22.68,5786776.0,139119323.0,14:42:48
sz300612,宣亚国际,11.91,0.35,3.028,11.9,11.91,11.56,11.58,11.94,11.4,4409283.0,51581890.0,14:42:48
sz300613,富瀚微,66.82,-1.58,-2.31,66.81,66.82,68.4,67.3,67.74,64.58,9402900.0,622964080.0,14:42:48
sz300614,百川畅银,10.9,0.32,3.025,10.88,10.89,10.58,10.43,10.92,10.4,2146900.0,23010692.0,14:42:39
sz300615,欣天科技,16.13,-0.67,-3.988,16.13,16.14,16.8,16.79,17.43,15.86,32048150.0,527698089.0,14:42:48
sz300616,尚品宅配,10.81,0.41,3.942,10.81,10.82,10.4,10.3,10.85,10.25,3818800.0,40766608.0,14:42:39
sz300617,安靠智电,39.77,-0.23,-0.575,39.76,39.77,40.0,39.04,40.03,38.4,3240935.0,127191853.0,14:42:48
sz300618,寒锐钴业,34.69,-0.39,-1.112,34.68,34.7,35.08,34.54,35.0,33.9,5864310.0,201658227.0,14:42:48
sz300619,金银河,25.94,-1.48,-5.398,25.94,25.95,27.42,26.6,27.0,24.88,10529166.0,270331961.0,14:42:51
sz300620,光库科技,291.04,-7.94,-2.656,291.03,291.04,298.98,294.42,295.61,283.0,7443828.0,2152071153.0,14:42:51
sz300621,维业股份,7.5,0.3,4.167,7.49,7.5,7.2,7.19,7.52,7.16,3765850.0,27770109.0,14:42:48
sz300622,博士眼镜,14.76,0.41,2.857,14.76,14.77,14.35,14.28,14.8,14.2,5869603.0,85730197.0,14:42:51
sz300623,捷捷微电,29.72,-0.1,-0.335,29.71,29.72,29.82,29.21,30.2,28.52,25981112.0,759463353.0,14:42:51
sz300624,万兴科技,47.45,0.31,0.658,47.44,47.46,47.14,47.09,47.7,46.2,5089963.0,238751752.0,14:42:51
sz300625,三雄极光,9.74,0.24,2.526,9.72,9.74,9.5,9.35,9.78,9.33,2032000.0,19544943.0,14:42:51
sz300626,华瑞股份,31.83,0.22,0.696,31.81,31.83,31.61,31.34,32.18,29.68,4872199.0,150426808.0,14:42:51
sz300627,华测导航,27.28,0.3,1.112,27.28,27.29,26.98,27.0,27.36,26.91,4455982.0,121095715.0,14:42:51
sz300628,亿联网络,40.97,-1.21,-2.869,40.96,40.97,42.18,42.01,42.73,40.87,13848310.0,575290701.0,14:42:51
sz300629,新劲刚,17.12,0.52,3.133,17.11,17.12,16.6,16.45,17.16,16.38,4508163.0,76003225.0,14:42:51
sz300631,久吾高科,21.89,0.47,2.194,21.89,21.9,21.42,21.85,21.93,21.21,1809900.0,39136474.0,14:42:51
sz300632,光莆股份,18.51,0.38,2.096,18.51,18.52,18.13,17.7,18.66,17.48,8558200.0,154988226.0,14:42:51
sz300633,开立医疗,19.14,0.03,0.157,19.14,19.15,19.11,19.05,19.31,18.66,5714900.0,108708903.0,14:42:48
sz300634,彩讯股份,19.21,0.28,1.479,19.2,19.21,18.93,18.77,19.25,18.69,5688198.0,108110566.0,14:42:51
sz300635,中达安,12.42,0.2,1.637,12.42,12.43,12.22,12.17,12.49,12.01,3305600.0,40587480.0,14:42:45
sz300636,同和药业,6.96,0.13,1.903,6.95,6.96,6.83,6.83,6.97,6.77,3865613.0,26707081.0,14:42:51
sz300637,扬帆新材,9.08,0.15,1.68,9.08,9.1,8.93,8.81,9.15,8.78,3181400.0,28610234.0,14:42:51
sz300638,广和通,18.74,0.09,0.483,18.74,18.75,18.65,18.5,18.85,18.24,6711947.0,124453007.0,14:42:51
sz300639,凯普生物,6.17,0.2,3.35,6.16,6.17,5.97,5.93,6.18,5.89,12543801.0,75963218.0,14:42:51
sz300640,德艺文创,6.83,0.13,1.94,6.83,6.84,6.7,6.7,6.86,6.62,5473899.0,36977790.0,14:42:51
sz300641,正丹股份,13.94,0.2,1.456,13.93,13.94,13.74,13.73,14.02,13.7,4228100.0,58776161.0,14:42:51
sz300642,透景生命,16.2,2.7,20.0,16.2,0.0,13.5,14.3,16.2,14.3,11094964.0,175917161.0,14:42:48
sz300643,万通智控,17.84,-0.09,-0.502,17.83,17.84,17.93,17.87,17.92,17.35,2662100.0,47097130.0,14:42:51
sz300644,南京聚隆,20.36,-0.64,-3.048,20.35,20.36,21.0,19.37,20.46,18.98,4313900.0,85747583.0,14:42:51
sz300645,正元智慧,13.38,0.55,4.287,13.37,13.38,12.83,12.78,13.43,12.7,3181300.0,41882972.0,14:42:51
sz300647,超频三,5.82,0.17,3.009,5.81,5.82,5.65,5.59,5.84,5.51,13469900.0,76971634.0,14:42:51
sz300648,星云股份,41.26,0.96,2.382,41.24,41.26,40.3,40.76,41.35,39.2,1683344.0,67913849.0,14:42:51
sz300649,杭州园林,25.68,1.07,4.348,25.67,25.68,24.61,24.44,25.94,23.7,4416300.0,110029683.0,14:42:51
sz300650,太龙股份,11.59,-0.04,-0.344,11.58,11.59,11.63,11.11,11.64,10.95,7352680.0,82919223.0,14:42:51
sz300651,金陵体育,17.04,0.18,1.068,17.04,17.05,16.86,16.16,17.1,15.98,4731301.0,78636182.0,14:42:51
sz300652,雷迪克,28.78,0.48,1.696,28.82,28.83,28.3,28.41,29.06,27.82,1294620.0,36864706.0,14:42:51
sz300653,正海生物,15.29,0.51,3.451,15.28,15.29,14.78,14.98,15.29,14.71,2200050.0,33111922.0,14:42:39
sz300654,世纪天鸿,9.89,0.12,1.228,9.88,9.89,9.77,9.63,9.93,9.63,5469790.0,53688226.0,14:42:51
sz300655,晶瑞电材,12.55,-0.11,-0.869,12.54,12.55,12.66,12.64,12.66,12.13,24905336.0,308996688.0,14:42:51
sz300656,民德电子,25.9,0.33,1.291,25.91,25.92,25.57,25.28,26.13,24.41,4813742.0,122343403.0,14:42:51
sz300657,弘信电子,33.72,0.3,0.898,33.72,33.73,33.42,33.72,35.03,33.41,22237835.0,758382947.0,14:42:51
sz300658,延江股份,10.67,0.29,2.794,10.66,10.67,10.38,10.39,10.71,10.21,6405600.0,67416425.0,14:42:51
sz300659,中孚信息,10.28,0.2,1.984,10.27,10.28,10.08,9.95,10.33,9.95,3826299.0,39126840.0,14:42:51
sz300660,江苏雷利,24.17,0.67,2.851,24.16,24.17,23.5,23.43,24.27,23.29,5041783.0,120440948.0,14:42:45
sz300661,圣邦股份,115.26,4.13,3.716,115.21,115.26,111.13,110.02,115.81,108.36,9755190.0,1097256540.0,14:42:51
sz300662,科锐国际,19.91,0.46,2.365,19.9,19.91,19.45,19.39,19.97,19.31,2109599.0,41457706.0,14:42:51
sz300663,科蓝软件,8.67,0.66,8.24,8.66,8.67,8.01,7.98,9.12,7.9,56140070.0,484836608.0,14:42:51
sz300664,鹏鹞环保,4.58,0.08,1.778,4.58,4.59,4.5,4.49,4.6,4.48,6024600.0,27470754.0,14:42:51
sz300665,飞鹿股份,9.29,0.26,2.879,9.28,9.29,9.03,8.96,9.36,8.92,7384400.0,67870125.0,14:42:51
sz300666,江丰电子,235.37,-15.03,-6.002,235.39,235.4,250.4,233.01,238.98,224.0,18513134.0,4287923708.0,14:42:51
sz300667,必创科技,14.54,0.26,1.821,14.53,14.54,14.28,14.02,14.57,13.96,4402184.0,63000085.0,14:42:51
sz300668,杰恩股份,33.03,0.51,1.568,33.02,33.03,32.52,32.81,33.51,31.42,3978549.0,128911583.0,14:42:51
sz300669,沪宁股份,23.7,0.36,1.542,23.7,23.72,23.34,23.43,23.75,23.1,797500.0,18688912.0,14:42:48
sz300670,大烨智能,6.67,0.2,3.091,6.66,6.68,6.47,6.36,6.75,6.36,8563000.0,56357441.0,14:42:51
sz300671,富满微,55.03,-1.08,-1.925,55.02,55.04,56.11,55.46,55.95,53.08,10162411.0,555381618.0,14:42:51
sz300672,国科微,157.83,-0.72,-0.454,157.83,157.85,158.55,155.34,158.98,149.75,6587193.0,1015780426.0,14:42:51
sz300673,佩蒂股份,12.58,-0.1,-0.789,12.57,12.58,12.68,12.53,12.69,12.34,2301400.0,28827986.0,14:42:51
sz300674,宇信科技,15.62,0.46,3.034,15.6,15.62,15.16,15.01,15.7,15.0,12880039.0,199730657.0,14:42:51
sz300675,建科院,12.97,0.27,2.126,12.97,12.98,12.7,12.67,13.01,12.53,1898300.0,24381860.0,14:42:51
sz300676,华大基因,40.78,-1.12,-2.673,40.78,40.79,41.9,41.51,42.2,40.39,12174477.0,497152343.0,14:42:51
sz300677,英科医疗,51.9,3.8,7.9,51.84,51.9,48.1,50.2,52.23,49.12,22251876.0,1127613080.0,14:42:51
sz300678,中科信息,21.95,0.58,2.714,21.95,21.96,21.37,21.42,21.96,21.24,3187599.0,69121702.0,14:42:51
sz300679,电连技术,51.35,1.15,2.291,51.34,51.35,50.2,48.78,52.72,48.78,26237243.0,1340329669.0,14:42:51
sz300680,隆盛科技,20.7,0.86,4.335,20.69,20.7,19.84,19.68,20.83,19.64,6624270.0,134659422.0,14:42:51
sz300681,英搏尔,21.49,0.23,1.082,21.48,21.5,21.26,21.08,21.59,20.7,5011800.0,106344599.0,14:42:51
sz300682,朗新科技,9.4,0.21,2.285,9.39,9.4,9.19,9.18,9.42,9.11,14734700.0,136956155.0,14:42:51
sz300683,海特生物,26.84,1.06,4.112,26.83,26.84,25.78,25.51,26.85,25.01,7057300.0,182804258.0,14:42:51
sz300684,中石科技,85.42,1.22,1.449,85.4,85.42,84.2,82.02,88.47,81.12,22879939.0,1961037260.0,14:42:51
sz300685,艾德生物,18.0,-0.41,-2.227,18.0,18.01,18.41,18.26,18.28,17.62,13898867.0,249259303.0,14:42:51
sz300686,智动力,14.41,0.18,1.265,14.4,14.41,14.23,13.93,14.52,13.73,7389650.0,104869856.0,14:42:51
sz300687,赛意信息,26.06,-0.04,-0.153,26.04,26.06,26.1,25.79,26.18,25.1,14334746.0,365598346.0,14:42:51
sz300688,创业黑马,31.2,2.74,9.628,31.19,31.2,28.46,27.89,31.5,24.71,19533980.0,549023702.0,14:42:51
sz300689,澄天伟业,53.8,0.8,1.509,53.74,53.8,53.0,52.58,54.18,50.63,2170700.0,113844501.0,14:42:51
sz300690,双一科技,23.35,2.96,14.517,23.34,23.35,20.39,22.56,23.97,22.29,15971099.0,372262981.0,14:42:51
sz300691,联合光电,14.83,0.64,4.51,14.82,14.83,14.19,14.26,14.95,14.03,4027573.0,58672680.0,14:42:51
sz300692,中赋科技,9.42,0.43,4.783,9.42,9.43,8.99,9.05,9.47,8.81,20845150.0,190327895.0,14:42:51
sz300693,盛弘股份,42.06,-0.24,-0.567,42.05,42.08,42.3,42.0,42.75,41.0,8758140.0,367784526.0,14:42:51
sz300694,蠡湖股份,10.7,0.29,2.786,10.69,10.7,10.41,10.33,10.72,10.3,3083000.0,32546495.0,14:42:48
sz300695,兆丰股份,49.12,0.56,1.153,49.12,49.15,48.56,48.98,49.46,47.28,606700.0,29499864.0,14:42:51
sz300696,爱乐达,20.3,0.2,0.995,20.3,20.32,20.1,19.5,20.55,18.97,7863240.0,154676730.0,14:42:51
sz300697,电工合金,15.04,-0.66,-4.204,15.04,15.05,15.7,15.53,15.67,14.61,17171340.0,258462985.0,14:42:51
sz300698,万马科技,26.45,1.48,5.927,26.45,26.46,24.97,24.0,26.64,24.0,5996899.0,154472338.0,14:42:51
sz300699,光威复材,23.26,-0.73,-3.043,23.25,23.26,23.99,23.57,23.62,22.51,15434957.0,354304952.0,14:42:51
sz300700,岱勒新材,18.52,-0.06,-0.323,18.52,18.53,18.58,18.5,18.65,17.85,6946256.0,127364783.0,14:42:51
sz300701,森霸传感,9.91,0.35,3.661,9.9,9.91,9.56,9.55,9.93,9.48,3480900.0,33922343.0,14:42:48
sz300702,天宇股份,21.57,0.09,0.419,21.56,21.58,21.48,21.45,21.63,21.21,1562500.0,33441281.0,14:42:48
sz300703,创源股份,13.73,0.53,4.015,13.73,13.74,13.2,13.05,13.76,13.05,3444600.0,46578636.0,14:42:48
sz300705,九典制药,11.46,0.54,4.945,11.46,11.47,10.92,10.9,11.49,10.82,14064940.0,158179705.0,14:42:48
sz300706,阿石创,51.95,-1.34,-2.515,51.94,51.95,53.29,51.3,52.8,49.36,9027727.0,460440760.0,14:42:48
sz300707,威唐工业,12.37,0.37,3.083,12.37,12.38,12.0,11.91,12.41,11.89,2890700.0,35338687.0,14:42:48
sz300708,聚灿光电,7.8,0.16,2.094,7.8,7.81,7.64,7.6,7.83,7.5,9298991.0,71591973.0,14:42:48
sz300709,精研科技,40.55,0.39,0.971,40.54,40.55,40.16,38.84,41.22,38.2,12855503.0,512439206.0,14:42:48
sz300710,万隆光电,30.66,0.0,0.0,30.65,30.66,30.66,30.33,30.81,29.61,3687465.0,111708251.0,14:42:48
sz300711,广哈通信,18.65,-0.53,-2.763,18.64,18.65,19.18,18.25,18.74,17.93,10103740.0,185943853.0,14:42:48
sz300712,永福股份,19.57,0.54,2.838,19.55,19.57,19.03,19.03,19.69,18.86,1965880.0,37983757.0,14:42:45
sz300713,英可瑞,13.48,0.47,3.613,13.48,13.49,13.01,13.02,13.49,12.86,2246310.0,29880177.0,14:42:48
sz300715,凯伦股份,14.33,0.27,1.92,14.32,14.33,14.06,13.9,14.54,13.73,7134900.0,100975217.0,14:42:48
sz300716,*ST泉为,19.08,-0.82,-4.121,19.09,19.23,19.9,19.9,20.83,19.02,3831400.0,76622483.0,14:42:45
sz300717,华信新材,18.42,0.47,2.618,18.41,18.42,17.95,17.8,18.49,17.69,2223300.0,40333312.0,14:42:48
sz300718,长盛轴承,56.02,0.7,1.265,56.01,56.02,55.32,55.07,56.2,55.06,5006202.0,279098393.0,14:42:48
sz300719,安达维尔,11.97,0.52,4.541,11.97,11.98,11.45,11.59,12.06,11.38,5250700.0,62115063.0,14:42:48
sz300720,海川智能,71.9,-1.62,-2.203,71.9,71.91,73.52,71.34,73.12,68.0,11273799.0,797617649.0,14:42:48
sz300721,怡达股份,22.36,-0.38,-1.671,22.36,22.37,22.74,22.13,22.55,21.6,8067000.0,177931465.0,14:42:48
sz300722,新余国科,21.32,0.56,2.697,21.33,21.34,20.76,20.76,21.39,20.64,2186563.0,46212855.0,14:42:48
sz300723,一品红,35.09,0.48,1.387,35.08,35.09,34.61,34.27,35.16,34.13,5386649.0,187923170.0,14:42:48
sz300724,捷佳伟创,56.63,0.34,0.604,56.62,56.63,56.29,55.84,57.0,54.55,6544800.0,365445122.0,14:42:48
sz300725,药石科技,49.17,0.96,1.991,49.17,49.18,48.21,48.25,49.98,46.88,24402672.0,1179594316.0,14:42:48
sz300726,宏达电子,51.48,-0.82,-1.568,51.45,51.48,52.3,51.26,52.28,49.05,8328176.0,421483828.0,14:42:48
sz300727,润禾材料,27.32,0.53,1.978,27.32,27.33,26.79,26.6,27.47,26.25,2595030.0,70092014.0,14:42:48
sz300729,乐歌股份,10.32,0.17,1.675,10.31,10.33,10.15,10.15,10.34,9.99,2016028.0,20615731.0,14:42:48
sz300730,科创信息,11.41,0.25,2.24,11.41,11.42,11.16,11.16,11.44,11.05,2684050.0,30297950.0,14:42:48
sz300731,科创新源,42.14,0.28,0.669,42.13,42.14,41.86,41.85,42.83,39.53,9361020.0,387098035.0,14:42:48
sz300732,设研院,6.1,0.16,2.694,6.1,6.11,5.94,5.93,6.12,5.9,6374664.0,38499228.0,14:42:48
sz300733,西菱动力,13.6,0.13,0.965,13.59,13.6,13.47,13.34,13.71,13.18,3845000.0,51877691.0,14:42:48
sz300735,光弘科技,19.71,0.13,0.664,19.7,19.71,19.58,19.2,19.8,18.9,13853983.0,268940980.0,14:42:48
sz300736,百邦科技,29.64,-0.11,-0.37,29.61,29.64,29.75,29.46,29.96,28.75,4179800.0,122823393.0,14:42:45
sz300737,科顺股份,4.88,0.13,2.737,4.87,4.88,4.75,4.68,4.88,4.65,18011100.0,86448699.0,14:42:48
sz300738,奥飞数据,20.92,-0.31,-1.46,20.92,20.93,21.23,20.9,21.02,20.59,27320109.0,569065695.0,14:42:48
sz300739,明阳电路,22.32,0.23,1.041,22.31,22.32,22.09,21.81,22.5,21.29,6017912.0,132157886.0,14:42:48
sz300740,水羊股份,21.91,1.85,9.222,21.91,21.92,20.06,19.94,21.96,19.85,31267875.0,662112524.0,14:42:48
sz300741,华宝股份,13.5,0.15,1.124,13.5,13.51,13.35,13.28,13.58,13.28,1370440.0,18436299.0,14:42:36
sz300743,天地数码,14.61,0.0,0.0,14.61,14.62,14.61,14.18,14.77,13.7,5744139.0,81347027.0,14:42:48
sz300745,欣锐科技,28.66,-0.07,-0.244,28.64,28.65,28.73,28.28,28.91,27.08,5117847.0,143763761.0,14:42:48
sz300746,汉嘉数智,13.26,0.38,2.95,13.25,13.26,12.88,12.7,13.3,12.61,2723200.0,35415402.0,14:42:48
sz300747,锐科激光,35.76,0.34,0.96,35.76,35.79,35.42,34.77,36.24,34.03,11242000.0,394934365.0,14:42:48
sz300748,金力永磁,27.11,-0.6,-2.165,27.11,27.12,27.71,27.54,28.0,26.74,18666896.0,509231268.0,14:42:48
sz300749,顶固集创,25.67,1.37,5.638,25.66,25.67,24.3,24.29,25.97,23.77,6933100.0,172557906.0,14:42:48
sz300750,宁德时代,376.8,-11.09,-2.859,376.8,376.81,387.89,391.0,391.15,376.17,23848478.0,9089994492.0,14:42:48
sz300751,迈为股份,211.5,9.78,4.848,211.5,211.59,201.72,193.51,212.93,193.51,12037046.0,2458069250.0,14:42:48
sz300752,隆利科技,11.19,0.45,4.19,11.19,11.2,10.74,10.7,11.24,10.45,7701600.0,84034012.0,14:42:45
sz300753,爱朋医疗,22.7,1.55,7.329,22.69,22.7,21.15,21.66,22.84,21.2,8299300.0,182484532.0,14:42:48
sz300755,华致酒行,11.29,0.19,1.712,11.28,11.29,11.1,10.95,11.35,10.9,2334982.0,26228042.0,14:42:48
sz300756,金马游乐,28.8,-0.35,-1.201,28.8,28.81,29.15,29.01,29.12,28.31,2338560.0,67311758.0,14:42:48
sz300757,罗博特科,493.7,-2.7,-0.544,493.23,493.69,496.4,489.0,501.76,478.4,4728150.0,2311516124.0,14:42:48
sz300758,七彩化学,11.31,-0.02,-0.177,11.3,11.31,11.33,11.1,11.37,11.0,12932509.0,144636140.0,14:42:48
sz300759,康龙化成,46.51,1.65,3.678,46.49,46.51,44.86,44.33,46.96,43.75,70818448.0,3203512644.0,14:42:48
sz300760,迈瑞医疗,161.82,3.14,1.979,161.81,161.82,158.68,158.47,161.99,158.03,10418035.0,1675192171.0,14:42:48
sz300761,立华股份,18.81,0.4,2.173,18.81,18.82,18.41,18.31,18.85,18.18,6298339.0,117039270.0,14:42:48
sz300762,上海瀚讯,27.83,0.79,2.922,27.82,27.83,27.04,26.78,27.95,26.47,15304688.0,417486569.0,14:42:48
sz300763,锦浪科技,61.7,-0.95,-1.516,61.66,61.7,62.65,62.15,62.4,60.01,7315705.0,448368584.0,14:42:48
sz300765,石药创新,44.38,-0.86,-1.901,44.38,44.4,45.24,44.0,44.7,42.64,29478788.0,1290422303.0,14:42:48
sz300766,每日互动,21.01,0.11,0.526,21.01,21.02,20.9,20.77,21.05,20.55,9814279.0,204484389.0,14:42:48
sz300767,震安科技,18.03,-0.26,-1.422,18.02,18.03,18.29,18.3,18.37,17.2,6651400.0,118001195.0,14:42:45
sz300768,迪普科技,14.53,0.27,1.893,14.53,14.54,14.26,14.24,14.56,14.16,3659790.0,52635300.0,14:42:48
sz300769,德方纳米,45.71,-1.18,-2.517,45.71,45.72,46.89,46.27,46.45,44.8,10589617.0,482118443.0,14:42:48
sz300770,新媒股份,33.65,0.36,1.081,33.63,33.65,33.29,33.45,33.74,33.3,829896.0,27888324.0,14:42:48
sz300771,智莱科技,11.54,0.33,2.944,11.53,11.54,11.21,11.1,11.56,11.1,3507780.0,39935151.0,14:42:45
sz300772,运达股份,11.03,0.09,0.823,11.02,11.03,10.94,10.95,11.06,10.76,9857716.0,107702374.0,14:42:48
sz300773,拉卡拉,16.04,0.89,5.875,16.03,16.04,15.15,15.02,16.28,14.95,90505138.0,1435003705.0,14:42:48
sz300774,倍杰特,11.1,-0.03,-0.27,11.09,11.1,11.13,10.97,11.16,10.8,11470300.0,125927420.0,14:42:48
sz300775,三角防务,20.97,0.52,2.543,20.96,20.97,20.45,20.41,21.0,20.16,7017429.0,144835466.0,14:42:48
sz300776,帝尔激光,111.41,-6.5,-5.513,111.4,111.41,117.91,114.91,116.91,108.2,7896331.0,881502361.0,14:42:48
sz300777,中简科技,22.53,0.13,0.58,22.52,22.53,22.4,22.3,22.62,21.98,4259600.0,95034564.0,14:42:48
sz300778,新城市,10.41,0.19,1.859,10.4,10.41,10.22,10.17,10.45,10.07,2140700.0,22161249.0,14:42:42
sz300779,惠城环保,66.42,-0.08,-0.12,66.41,66.43,66.5,66.34,66.73,65.25,4083769.0,269528785.0,14:42:45
sz300780,德恩精工,19.92,0.49,2.522,19.91,19.92,19.43,19.45,20.08,18.76,3914000.0,76251005.0,14:42:48
sz300781,因赛集团,26.77,0.74,2.843,26.76,26.77,26.03,25.78,26.85,25.7,2799089.0,73635128.0,14:42:45
sz300782,卓胜微,75.96,1.41,1.891,75.95,75.97,74.55,73.63,76.39,72.27,8705761.0,649076913.0,14:42:48
sz300783,三只松鼠,17.12,0.34,2.026,17.12,17.13,16.78,16.79,17.18,16.78,4628030.0,78756355.0,14:42:48
sz300784,利安科技,41.77,1.22,3.009,41.75,41.77,40.55,40.35,41.85,40.0,492095.0,20282568.0,14:42:45
sz300785,值得买,34.35,-0.12,-0.348,34.34,34.36,34.47,33.88,34.52,32.57,6043400.0,202647931.0,14:42:48
sz300786,国林科技,15.63,0.0,0.0,15.62,15.63,15.63,15.78,15.78,14.85,6116800.0,93682673.0,14:42:48
sz300787,海能实业,10.43,0.52,5.247,10.42,10.43,9.91,9.91,10.47,9.85,6515488.0,66694916.0,14:42:48
sz300788,中信出版,23.92,0.63,2.705,23.91,23.92,23.29,23.11,23.97,22.98,2904200.0,68186557.0,14:42:48
sz300789,唐源电气,18.23,1.19,6.984,18.22,18.24,17.04,17.06,18.34,16.81,4007800.0,71041293.0,14:42:48
sz300790,宇瞳光学,19.19,-0.01,-0.052,19.18,19.19,19.2,18.89,19.29,18.5,14466360.0,273624273.0,14:42:48
sz300791,仙乐健康,17.4,0.42,2.473,17.38,17.4,16.98,16.96,17.8,16.75,3538673.0,61227501.0,14:42:48
sz300792,壹网壹创,23.29,0.6,2.644,23.28,23.29,22.69,22.5,23.38,22.43,3988158.0,91545440.0,14:42:48
sz300793,佳禾智能,11.15,0.34,3.145,11.14,11.15,10.81,10.65,11.18,10.65,4037556.0,44469184.0,14:42:48
sz300795,米奥会展,12.7,0.05,0.395,12.69,12.7,12.65,12.6,12.95,12.21,19972432.0,249476161.0,14:42:48
sz300796,贝斯美,6.8,0.14,2.102,6.8,6.81,6.66,6.69,6.83,6.64,3775400.0,25533685.0,14:42:42
sz300797,钢研纳克,13.79,-0.15,-1.076,13.78,13.79,13.94,13.8,13.87,13.58,5588238.0,76756348.0,14:42:48
sz300798,锦鸡股份,7.31,0.16,2.238,7.31,7.32,7.15,7.08,7.34,7.0,20558743.0,148606172.0,14:42:48
sz300800,力合科技,10.19,0.31,3.138,10.18,10.19,9.88,9.75,10.21,9.75,2958300.0,29724625.0,14:42:48
sz300801,泰和科技,22.45,-0.01,-0.045,22.45,22.46,22.46,22.35,22.51,21.81,4080933.0,90418300.0,14:42:45
sz300802,矩子科技,23.62,0.08,0.34,23.61,23.62,23.54,23.35,23.94,22.5,7644836.0,179180511.0,14:42:48
sz300803,指南针,80.0,-0.26,-0.324,79.99,80.01,80.26,80.0,80.8,79.28,8048874.0,643713540.0,14:42:48
sz300804,广康生化,43.25,0.68,1.597,43.25,43.35,42.57,42.57,43.9,42.0,682000.0,29439338.0,14:42:42
sz300805,电声股份,8.01,0.31,4.026,8.01,8.02,7.7,7.75,8.03,7.64,6447800.0,50779909.0,14:42:48
sz300806,斯迪克,51.07,0.87,1.733,51.02,51.07,50.2,49.01,51.9,46.6,30669717.0,1516753007.0,14:42:48
sz300807,天迈科技,37.53,1.59,4.424,37.53,37.55,35.94,35.33,37.65,34.7,1415250.0,52237502.0,14:42:48
sz300808,久量股份,20.07,0.35,1.775,20.05,20.07,19.72,19.38,20.16,19.07,2487200.0,49126726.0,14:42:48
sz300809,华辰装备,23.9,0.68,2.929,23.89,23.9,23.22,23.03,23.97,22.88,3589420.0,84420111.0,14:42:48
sz300810,中科海讯,24.26,0.61,2.579,24.26,24.29,23.65,23.5,24.35,23.23,1257700.0,30075335.0,14:42:45
sz300811,铂科新材,75.38,1.1,1.481,75.37,75.38,74.28,73.73,75.8,71.27,8619692.0,634921929.0,14:42:48
sz300812,易天股份,19.26,0.36,1.905,19.25,19.26,18.9,18.71,19.34,18.19,4327721.0,81789875.0,14:42:48
sz300813,泰林生物,20.82,0.45,2.209,20.82,20.83,20.37,20.2,20.87,19.92,3019900.0,61715960.0,14:42:48
sz300814,中富电路,137.42,4.42,3.323,137.42,137.47,133.0,131.86,141.49,125.94,7032393.0,940590421.0,14:42:48
sz300815,玉禾田,16.07,0.11,0.689,16.08,16.09,15.96,15.78,16.12,15.7,2912900.0,46408778.0,14:42:48
sz300816,艾可蓝,52.51,0.96,1.862,52.55,52.57,51.55,51.28,53.08,49.55,2719900.0,139938022.0,14:42:48
sz300817,双飞集团,15.43,0.48,3.211,15.43,15.44,14.95,14.95,15.5,14.84,1825500.0,27751114.0,14:42:48
sz300818,耐普矿机,18.52,-0.05,-0.269,18.52,18.55,18.57,18.33,18.61,18.09,1703340.0,31337964.0,14:42:48
sz300819,聚杰微纤,45.9,0.33,0.724,45.87,45.89,45.57,45.06,46.37,43.58,2314850.0,104376544.0,14:42:39
sz300820,英杰电气,51.98,-0.67,-1.273,51.98,52.01,52.65,52.1,52.7,50.21,2729700.0,140660863.0,14:42:48
sz300821,东岳硅材,15.75,-0.54,-3.315,15.75,15.76,16.29,16.08,16.08,15.35,55020382.0,862351678.0,14:42:48
sz300822,贝仕达克,10.99,0.31,2.903,10.98,10.99,10.68,10.56,11.02,10.45,4826231.0,51921387.0,14:42:42
sz300823,建科智能,15.44,0.48,3.209,15.43,15.44,14.96,14.88,15.6,14.77,2554400.0,38992795.0,14:42:48
sz300824,北鼎股份,7.79,0.27,3.59,7.78,7.79,7.52,7.43,7.8,7.43,3745900.0,28743052.0,14:42:48
sz300825,阿尔特,10.53,0.33,3.235,10.53,10.54,10.2,10.1,10.58,9.9,13823711.0,141754967.0,14:42:48
sz300826,测绘股份,14.83,-0.05,-0.336,14.82,14.83,14.88,14.8,14.88,14.58,4441481.0,65369969.0,14:42:48
sz300827,上能电气,25.58,-0.46,-1.767,25.57,25.58,26.04,25.92,26.09,25.28,7161000.0,182805745.0,14:42:48
sz300828,锐新科技,17.38,0.89,5.397,17.37,17.38,16.49,16.36,17.53,16.24,7522800.0,128296916.0,14:42:48
sz300829,金丹科技,14.87,0.24,1.64,14.86,14.87,14.63,14.48,14.93,14.4,3059280.0,45188233.0,14:42:48
sz300830,金现代,8.18,0.22,2.764,8.18,8.19,7.96,7.89,8.21,7.86,6188700.0,49878427.0,14:42:45
sz300831,ST派瑞,14.9,0.83,5.899,14.9,14.91,14.07,13.96,14.96,13.91,6260500.0,91227810.0,14:42:48
sz300832,新产业,51.62,0.15,0.291,51.6,51.62,51.47,51.3,52.22,50.81,4794800.0,246955245.0,14:42:48
sz300833,浩洋股份,37.03,0.59,1.619,37.03,37.07,36.44,36.02,37.12,36.02,448300.0,16532358.0,14:42:30
sz300834,星辉环材,38.34,0.46,1.214,38.25,38.33,37.88,37.75,38.45,37.06,680100.0,25684694.0,14:42:48
sz300835,龙磁科技,152.67,-3.85,-2.46,152.68,152.95,156.52,153.91,155.23,147.87,2655347.0,401942800.0,14:42:48
sz300836,佰奥智能,49.78,0.61,1.241,49.75,49.79,49.17,48.74,50.2,47.51,1654525.0,81160024.0,14:42:42
sz300837,浙矿股份,23.59,0.83,3.647,23.59,23.6,22.76,22.65,23.67,22.55,1480046.0,34306175.0,14:42:48
sz300838,浙江力诺,14.11,0.36,2.618,14.1,14.11,13.75,13.6,14.14,13.57,1658500.0,23119785.0,14:42:48
sz300839,博汇股份,12.84,-1.28,-9.065,12.84,12.85,14.12,13.96,14.08,12.58,29036443.0,376178195.0,14:42:48
sz300840,酷特智能,18.23,0.1,0.552,18.23,18.24,18.13,17.98,18.38,17.66,4147300.0,74870983.0,14:42:48
sz300841,康华生物,53.67,0.4,0.751,53.66,53.67,53.27,52.9,53.81,51.66,4856009.0,257074992.0,14:42:48
sz300842,帝科股份,63.64,1.33,2.134,63.64,63.65,62.31,61.69,64.0,59.6,4122600.0,255483252.0,14:42:48
sz300843,胜蓝股份,136.46,4.15,3.137,136.45,136.46,132.31,127.21,141.18,127.21,8340057.0,1124680992.0,14:42:48
sz300844,山水比德,23.92,0.55,2.353,23.9,23.92,23.37,23.45,24.0,22.91,1340648.0,31499939.0,14:42:48
sz300845,捷安高科,12.77,0.54,4.415,12.76,12.77,12.23,12.08,12.82,12.07,8983403.0,112683779.0,14:42:48
sz300846,首都在线,18.81,0.48,2.619,18.81,18.82,18.33,18.11,18.88,17.87,17978869.0,331518854.0,14:42:48
sz300847,中船汉光,13.95,0.19,1.381,13.94,13.95,13.76,13.65,13.98,13.61,2141050.0,29655813.0,14:42:48
sz300848,美瑞新材,12.66,0.29,2.344,12.66,12.68,12.37,12.38,12.82,12.2,2724200.0,34360651.0,14:42:33
sz300849,锦盛新材,20.63,0.58,2.893,20.62,20.63,20.05,19.85,20.95,19.63,2185250.0,44454769.0,14:42:45
sz300850,新强联,25.07,0.01,0.04,25.07,25.08,25.06,25.04,25.45,24.59,6753758.0,168294776.0,14:42:48
sz300851,交大思诺,24.55,0.7,2.935,24.55,24.58,23.85,23.85,24.61,23.68,900600.0,21878472.0,14:42:45
sz300852,四会富仕,45.03,0.21,0.469,44.99,45.03,44.82,44.25,45.75,43.41,3947440.0,175439074.0,14:42:48
sz300853,申昊科技,27.05,0.35,1.311,27.05,27.07,26.7,26.84,27.1,25.71,3164500.0,83429603.0,14:42:48
sz300854,中兰环保,17.86,0.24,1.362,17.85,17.86,17.62,17.36,17.93,17.12,3547480.0,62573754.0,14:42:45
sz300855,图南股份,34.35,0.35,1.029,34.34,34.35,34.0,33.83,34.47,33.37,6309747.0,213696113.0,14:42:48
sz300856,科思股份,11.19,0.41,3.803,11.19,11.2,10.78,10.8,11.22,10.75,6419860.0,71166242.0,14:42:48
sz300857,协创数据,238.29,-2.51,-1.042,238.28,238.29,240.8,236.69,241.57,231.99,9714567.0,2300300460.0,14:42:48
sz300858,科拓生物,14.89,0.34,2.337,14.88,14.89,14.55,14.52,14.92,14.51,4013050.0,59242575.0,14:42:45
sz300859,西域旅游,26.74,0.54,2.061,26.73,26.74,26.2,26.16,26.98,26.16,3402100.0,90899495.0,14:42:48
sz300860,锋尚文化,27.4,0.15,0.55,27.4,27.41,27.25,27.25,27.5,26.88,993420.0,27119406.0,14:42:48
sz300861,美畅股份,16.58,-0.05,-0.301,16.58,16.59,16.63,16.4,16.6,15.82,11610303.0,188592660.0,14:42:39
sz300862,蓝盾光电,53.92,-1.18,-2.142,53.92,53.93,55.1,54.3,55.66,52.61,22019761.0,1191785311.0,14:42:48
sz300863,卡倍亿,42.21,0.51,1.223,42.21,42.22,41.7,41.29,43.5,39.99,4455844.0,185380959.0,14:42:48
sz300864,南大环境,25.69,0.0,0.0,25.68,25.69,25.69,25.7,26.0,24.43,6717894.0,169694630.0,14:42:48
sz300865,大宏立,31.08,1.62,5.499,31.08,31.1,29.46,29.47,31.5,29.11,5342549.0,161258293.0,14:42:48
sz300866,安克创新,122.13,6.7,5.804,122.13,122.14,115.43,115.47,122.59,115.44,3925812.0,474663708.0,14:42:48
sz300867,圣元环保,17.96,0.28,1.584,17.95,17.96,17.68,17.6,18.19,17.56,8134188.0,144727352.0,14:42:48
sz300868,杰美特,93.6,2.49,2.733,93.55,93.6,91.11,91.11,94.99,87.0,3720000.0,340193167.0,14:42:48
sz300869,康泰医学,11.52,0.29,2.582,11.52,11.54,11.23,11.2,11.54,11.15,2179409.0,24832509.0,14:42:42
sz300870,欧陆通,210.44,7.44,3.665,210.43,210.62,203.0,201.05,214.97,193.19,6654216.0,1361336825.0,14:42:48
sz300871,回盛生物,22.97,0.3,1.323,22.97,22.98,22.67,22.46,23.03,22.28,3363464.0,76273872.0,14:42:51
sz300872,天阳科技,15.87,0.87,5.8,15.86,15.87,15.0,14.88,15.97,14.77,18300103.0,282526964.0,14:42:51
sz300873,海晨股份,14.86,-0.07,-0.469,14.85,14.86,14.93,14.73,14.93,14.3,8894805.0,130217954.0,14:42:51
sz300875,捷强装备,32.41,1.18,3.778,32.41,32.42,31.23,30.98,32.5,30.81,2979700.0,95382845.0,14:42:48
sz300876,蒙泰高新,15.57,0.07,0.452,15.55,15.56,15.5,15.02,15.78,15.02,1609561.0,24952241.0,14:42:51
sz300877,金春股份,28.77,1.31,4.771,28.75,28.77,27.46,27.39,28.98,26.88,3142386.0,89373675.0,14:42:51
sz300878,维康药业,33.64,2.01,6.355,33.64,33.65,31.63,31.48,33.93,31.06,3194120.0,104641985.0,14:42:51
sz300879,大叶股份,16.69,0.56,3.472,16.68,16.69,16.13,16.04,16.74,15.91,2429500.0,39974241.0,14:42:51
sz300880,迦南智能,19.85,0.08,0.405,19.85,19.87,19.77,19.51,20.02,19.4,2391686.0,47245165.0,14:42:48
sz300881,盛德鑫泰,31.25,0.3,0.969,31.24,31.25,30.95,30.68,31.48,30.46,1308101.0,40593972.0,14:42:48
sz300882,万胜智能,14.11,-0.02,-0.142,14.1,14.12,14.13,13.91,14.23,13.67,1962689.0,27553822.0,14:42:51
sz300883,龙利得,6.74,0.18,2.744,6.73,6.74,6.56,6.51,6.76,6.46,16480512.0,108429791.0,14:42:51
sz300884,狄耐克,12.73,0.37,2.994,12.72,12.73,12.36,12.34,12.76,12.15,5211975.0,65583024.0,14:42:51
sz300885,海昌新材,19.93,-0.07,-0.35,19.93,19.94,20.0,19.9,20.05,19.3,5719554.0,112749997.0,14:42:48
sz300886,华业香料,24.79,0.44,1.807,24.77,24.79,24.35,24.17,24.85,24.08,1017939.0,24993965.0,14:42:48
sz300887,谱尼测试,7.23,0.14,1.975,7.23,7.24,7.09,7.0,7.26,6.98,13737744.0,98319889.0,14:42:51
sz300888,稳健医疗,29.66,1.17,4.107,29.65,29.66,28.49,28.84,29.84,28.84,3951722.0,116342130.0,14:42:48
sz300889,爱克股份,21.82,1.04,5.005,21.81,21.82,20.78,20.71,22.4,20.0,5313480.0,113675220.0,14:42:51
sz300890,翔丰华,26.91,-0.08,-0.296,26.91,26.92,26.99,26.7,27.05,26.28,5590700.0,149220414.0,14:42:51
sz300891,惠云钛业,7.65,0.31,4.223,7.65,7.66,7.34,7.42,7.69,7.34,10969810.0,82570843.0,14:42:51
sz300892,品渥食品,23.57,1.64,7.478,23.56,23.58,21.93,21.96,23.59,21.94,3604602.0,83160371.0,14:42:51
sz300893,松原安全,14.19,0.26,1.866,14.18,14.2,13.93,13.9,14.28,13.58,4833200.0,67882880.0,14:42:51
sz300894,火星人,11.03,0.17,1.565,11.02,11.03,10.86,10.71,11.11,10.67,4701000.0,51083225.0,14:42:51
sz300895,铜牛信息,53.34,-0.29,-0.541,53.35,53.37,53.63,52.22,54.0,51.99,3498936.0,185677580.0,14:42:51
sz300896,爱美客,93.28,1.88,2.057,93.27,93.28,91.4,91.45,93.69,91.37,2767603.0,256894230.0,14:42:51
sz300897,山科智能,16.73,-0.2,-1.181,16.72,16.73,16.93,16.79,16.9,16.01,4088812.0,67665090.0,14:42:42
sz300898,熊猫乳品,21.06,0.64,3.134,21.06,21.07,20.42,20.42,21.16,20.0,3049467.0,63512485.0,14:42:51
sz300899,上海凯鑫,29.2,0.7,2.456,29.14,29.2,28.5,28.4,29.36,28.04,525100.0,15158401.0,14:42:45
sz300900,广联航空,22.31,0.75,3.479,22.3,22.31,21.56,21.21,22.39,21.0,11842243.0,257751762.0,14:42:51
sz300901,中胤时尚,16.87,-2.23,-11.675,16.84,16.87,19.1,18.0,18.03,16.05,9421723.0,158587055.0,14:42:51
sz300902,国安达,17.31,2.29,15.246,17.3,17.31,15.02,14.87,17.37,14.82,9388719.0,153508336.0,14:42:51
sz300903,科翔股份,78.95,1.15,1.478,78.92,78.95,77.8,77.52,79.3,74.03,21606653.0,1657821302.0,14:42:51
sz300904,威力传动,40.32,1.62,4.186,40.33,40.37,38.7,38.91,40.58,37.96,1102100.0,43449748.0,14:42:48
sz300905,宝丽迪,35.56,0.44,1.253,35.55,35.56,35.12,34.91,35.78,34.14,3281580.0,114793150.0,14:42:51
sz300906,日月明,32.66,1.68,5.423,32.53,32.65,30.98,31.02,33.39,29.9,3514226.0,110800212.0,14:42:48
sz300907,康平科技,49.82,-1.7,-3.3,49.83,49.86,51.52,51.18,51.18,47.81,4210300.0,208188342.0,14:42:51
sz300908,仲景食品,24.95,-0.04,-0.16,24.95,24.96,24.99,24.7,25.1,24.62,1659032.0,41248600.0,14:42:51
sz300909,汇创达,55.22,1.73,3.234,55.16,55.22,53.49,51.8,55.47,51.2,5290622.0,284328754.0,14:42:48
sz300910,瑞丰新材,25.36,0.1,0.396,25.36,25.37,25.26,25.08,25.46,25.08,2548933.0,64530879.0,14:42:51
sz300911,亿田智能,22.37,0.42,1.913,22.35,22.37,21.95,21.11,22.94,20.48,13858445.0,297456848.0,14:42:51
sz300912,凯龙高科,19.99,0.93,4.879,19.98,19.99,19.06,19.0,20.05,18.8,4068923.0,79781263.0,14:42:51
sz300913,兆龙互连,35.84,0.94,2.693,35.83,35.86,34.9,34.41,36.2,34.14,6570162.0,232309111.0,14:42:51
sz300915,海融科技,20.74,0.77,3.856,20.73,20.76,19.97,19.95,20.82,19.95,1180850.0,24260810.0,14:42:42
sz300916,朗特智能,27.88,1.42,5.367,27.85,27.88,26.46,26.08,28.73,24.98,10927935.0,297945217.0,14:42:51
sz300917,特发服务,27.18,1.41,5.471,27.17,27.18,25.77,25.65,27.25,25.53,8297366.0,222094046.0,14:42:51
sz300918,南山智尚,10.44,0.25,2.453,10.42,10.44,10.19,10.1,10.45,10.06,3726748.0,38381179.0,14:42:51
sz300919,中伟新材,40.11,0.11,0.275,40.1,40.11,40.0,40.97,42.15,39.98,18208779.0,742902141.0,14:42:51
sz300920,润阳科技,32.53,-0.55,-1.663,32.52,32.56,33.08,32.97,33.3,31.93,1026750.0,33369784.0,14:42:51
sz300921,南凌科技,15.61,1.09,7.507,15.6,15.61,14.52,14.69,15.76,14.61,17233622.0,263192478.0,14:42:51
sz300922,天秦装备,20.53,3.42,19.988,20.53,0.0,17.11,16.9,20.53,16.9,17125387.0,328484648.0,14:42:48
sz300923,研奥股份,24.96,0.48,1.961,24.94,24.96,24.48,24.48,25.08,24.25,1006100.0,24981513.0,14:42:18
sz300925,法本信息,14.78,0.51,3.574,14.77,14.78,14.27,14.41,14.82,14.27,9795460.0,143213475.0,14:42:51
sz300926,博俊科技,17.31,0.33,1.943,17.29,17.3,16.98,16.98,17.39,16.84,2305222.0,39484399.0,14:42:51
sz300927,江天化学,28.77,-0.43,-1.473,28.77,28.78,29.2,27.68,31.13,27.19,19613264.0,569494846.0,14:42:51
sz300928,华安鑫创,25.75,0.66,2.631,25.75,25.77,25.09,24.96,25.81,24.79,1249359.0,31703790.0,14:42:48
sz300929,华骐环保,17.46,1.2,7.38,17.46,17.47,16.26,16.59,17.6,16.12,11129494.0,189737741.0,14:42:51
sz300930,屹通新材,25.71,0.74,2.964,25.71,25.73,24.97,24.45,25.91,24.45,1812400.0,46035951.0,14:42:51
sz300931,通用电梯,15.05,0.12,0.804,15.04,15.06,14.93,14.78,15.14,14.62,3700000.0,55117310.0,14:42:51
sz300932,三友联众,10.7,0.17,1.614,10.7,10.71,10.53,11.25,11.27,10.3,24789194.0,262718441.0,14:42:51
sz300933,中辰股份,6.71,0.11,1.667,6.7,6.71,6.6,6.49,6.75,6.47,15283985.0,101187038.0,14:42:51
sz300935,盈建科,32.15,2.79,9.503,32.15,32.16,29.36,29.07,32.19,28.31,3778004.0,115581906.0,14:42:51
sz300936,中英科技,77.9,1.48,1.937,77.9,78.01,76.42,74.46,79.55,74.21,3821813.0,294496874.0,14:42:51
sz300937,药易购,25.65,0.49,1.948,25.65,25.67,25.16,25.0,25.73,24.65,4814800.0,121626288.0,14:42:51
sz300938,信测标准,27.22,-0.33,-1.198,27.22,27.26,27.55,27.34,27.5,26.08,8700624.0,233198241.0,14:42:51
sz300939,秋田微,61.22,-0.5,-0.81,61.19,61.22,61.72,60.81,61.8,59.53,2498197.0,151510800.0,14:42:51
sz300940,南极光,13.91,0.46,3.42,13.9,13.91,13.45,13.16,13.94,13.16,3611151.0,49225815.0,14:42:51
sz300941,创识科技,15.51,0.22,1.439,15.5,15.51,15.29,14.91,15.63,14.7,9161090.0,140788774.0,14:42:51
sz300942,易瑞生物,6.85,-0.13,-1.862,6.85,6.86,6.98,6.9,7.05,6.69,25322780.0,173412571.0,14:42:51
sz300943,春晖智控,32.38,3.05,10.399,32.37,32.38,29.33,30.65,32.93,29.68,18342497.0,573084674.0,14:42:51
sz300945,曼卡龙,12.99,0.03,0.231,12.99,13.0,12.96,13.19,14.0,12.81,29706757.0,396981536.0,14:42:51
sz300946,恒而达,38.61,0.52,1.365,38.56,38.6,38.09,37.22,38.8,37.22,775150.0,29665044.0,14:42:51
sz300947,德必集团,14.41,0.46,3.297,14.4,14.42,13.95,13.9,14.47,13.75,2021400.0,28715811.0,14:42:51
sz300948,冠中生态,20.99,0.48,2.34,20.98,21.0,20.51,20.43,21.16,19.81,3554845.0,72691863.0,14:42:51
sz300949,奥雅股份,22.84,0.57,2.559,22.8,22.84,22.27,21.95,22.88,21.95,597435.0,13422181.0,14:42:45
sz300950,德固特,17.18,0.68,4.121,17.16,17.18,16.5,16.49,17.3,16.28,2336589.0,39628833.0,14:42:51
sz300951,博硕科技,70.07,1.66,2.427,70.09,70.1,68.41,67.76,71.0,66.6,4328496.0,296487581.0,14:42:51
sz300952,恒辉安防,16.49,0.52,3.256,16.48,16.49,15.97,15.8,16.54,15.8,3018140.0,48998255.0,14:42:51
sz300953,震裕科技,95.29,-2.37,-2.427,95.26,95.27,97.66,95.91,97.04,93.4,4121378.0,392833134.0,14:42:51
sz300955,嘉亨家化,29.73,0.24,0.814,29.7,29.75,29.49,29.62,30.05,28.94,1064800.0,31494634.0,14:42:39
sz300956,英力股份,11.37,0.38,3.458,11.36,11.37,10.99,10.81,11.39,10.81,4082180.0,45679951.0,14:42:45
sz300957,贝泰妮,33.06,2.01,6.473,33.05,33.06,31.05,32.01,33.18,32.01,12185802.0,398234042.0,14:42:51
sz300958,建工修复,12.63,0.12,0.959,12.63,12.64,12.51,12.29,12.66,12.21,4085800.0,50961801.0,14:42:48
sz300959,线上线下,90.94,0.36,0.397,90.9,90.95,90.58,89.0,91.5,87.01,1585573.0,141602988.0,14:42:51
sz300960,通业科技,17.41,0.87,5.26,17.38,17.41,16.54,16.55,17.41,16.22,3216859.0,54906905.0,14:42:51
sz300961,深水海纳,12.12,0.46,3.945,12.13,12.14,11.66,11.55,12.24,11.38,6208200.0,74284522.0,14:42:51
sz300962,中金辐照,13.76,0.39,2.917,13.75,13.76,13.37,13.3,14.05,13.08,8597458.0,117234614.0,14:42:51
sz300963,中洲特材,11.45,0.34,3.06,11.44,11.45,11.11,11.06,11.48,11.01,6050475.0,68409155.0,14:42:48
sz300964,本川智能,56.94,1.5,2.706,56.94,56.96,55.44,54.77,57.12,53.26,2817511.0,155804576.0,14:42:51
sz300965,恒宇信通,44.0,1.34,3.141,43.96,44.0,42.66,42.32,44.62,42.13,654434.0,28537511.0,14:42:51
sz300966,共同药业,24.87,0.56,2.304,24.87,24.88,24.31,24.26,24.97,23.83,2491162.0,60877986.0,14:42:51
sz300967,晓鸣股份,17.09,0.73,4.462,17.08,17.09,16.36,16.25,17.16,16.1,8678982.0,146303647.0,14:42:51
sz300968,格林精密,10.41,0.53,5.364,10.4,10.41,9.88,9.77,10.43,9.71,10026213.0,101932823.0,14:42:51
sz300969,恒帅股份,74.13,0.08,0.108,74.1,74.14,74.05,73.07,74.97,71.9,1179905.0,86563010.0,14:42:51
sz300970,华绿生物,18.85,1.03,5.78,18.85,18.86,17.82,17.66,19.5,17.66,31522080.0,583670969.0,14:42:51
sz300971,博亚精工,18.31,0.84,4.808,18.31,18.32,17.47,17.32,18.38,17.16,4102720.0,73381945.0,14:42:51
sz300972,万辰集团,187.12,-15.78,-7.777,186.95,187.12,202.9,204.51,212.01,184.45,4444850.0,861765059.0,14:42:51
sz300973,立高食品,25.02,1.06,4.424,25.02,25.03,23.96,23.88,25.08,23.83,3196681.0,78858176.0,14:42:45
sz300975,商络电子,25.13,0.46,1.865,25.11,25.13,24.67,24.22,25.25,23.63,26571188.0,650967998.0,14:42:51
sz300976,达瑞电子,57.29,-0.05,-0.087,57.29,57.3,57.34,57.32,57.88,54.52,3746440.0,211001620.0,14:42:51
sz300977,深圳瑞捷,16.42,0.32,1.988,16.43,16.46,16.1,16.08,16.51,15.9,1370450.0,22254267.0,14:42:51
sz300978,东箭科技,8.75,0.23,2.7,8.74,8.75,8.52,8.52,8.76,8.4,2009603.0,17388419.0,14:42:51
sz300979,华利集团,34.05,0.91,2.746,34.03,34.04,33.14,33.2,34.93,33.03,3787900.0,129163307.0,14:42:51
sz300980,祥源新材,22.82,0.37,1.648,22.82,22.83,22.45,22.55,23.06,21.83,4146707.0,93203770.0,14:42:51
sz300981,中红医疗,14.77,0.33,2.285,14.76,14.77,14.44,14.35,14.84,14.26,8264849.0,120450589.0,14:42:51
sz300982,苏文电能,14.9,0.31,2.125,14.89,14.9,14.59,14.45,14.94,14.29,1608100.0,23671974.0,14:42:51
sz300983,尤安设计,38.21,-1.15,-2.922,38.16,38.21,39.36,38.05,39.08,37.77,918814.0,35158113.0,14:42:51
sz300984,金沃股份,31.11,0.14,0.452,31.13,31.14,30.97,30.0,31.45,30.0,3343140.0,103113597.0,14:42:51
sz300985,致远新能,38.73,0.62,1.627,38.71,38.73,38.11,37.6,38.97,36.0,5006722.0,186743148.0,14:42:51
sz300986,志特新材,11.62,0.12,1.043,11.62,11.63,11.5,11.38,11.67,11.2,16812083.0,192610672.0,14:42:51
sz300987,川网传媒,13.59,0.5,3.82,13.59,13.62,13.09,13.15,13.66,12.94,3083100.0,41323412.0,14:42:51
sz300988,津荣天宇,14.8,0.46,3.208,14.79,14.8,14.34,14.21,14.83,14.21,2190856.0,31837631.0,14:42:51
sz300989,蕾奥规划,14.27,0.07,0.493,14.26,14.28,14.2,14.05,14.29,13.85,2762103.0,38886628.0,14:42:45
sz300990,同飞股份,83.38,10.15,13.86,83.35,83.38,73.23,71.77,84.25,71.29,12799414.0,1003480098.0,14:42:51
sz300991,创益通,27.65,1.78,6.881,27.65,27.67,25.87,25.57,27.84,25.37,4839571.0,129300197.0,14:42:51
sz300992,泰福泵业,24.71,0.73,3.044,24.71,24.72,23.98,24.07,24.77,23.54,1219400.0,29615860.0,14:42:51
sz300993,玉马科技,10.0,0.24,2.459,9.99,10.0,9.76,9.76,10.0,9.65,2418249.0,23914863.0,14:42:45
sz300994,久祺股份,11.6,0.28,2.473,11.58,11.6,11.32,11.25,11.61,11.15,2351726.0,26969923.0,14:42:51
sz300995,奇德新材,27.01,0.87,3.328,27.02,27.03,26.14,26.34,27.12,25.59,1140581.0,30332792.0,14:42:48
sz300996,普联软件,14.03,-0.06,-0.426,14.01,14.02,14.09,14.1,14.13,13.7,24120591.0,336735920.0,14:42:51
sz300997,欢乐家,16.83,0.95,5.982,16.83,16.84,15.88,15.72,16.95,15.72,10067187.0,165564181.0,14:42:51
sz300998,宁波方正,26.36,0.71,2.768,26.34,26.36,25.65,25.65,26.47,25.23,3265500.0,84876755.0,14:42:51
sz300999,金龙鱼,25.39,0.61,2.462,25.38,25.39,24.78,24.7,25.44,24.7,10514630.0,265616259.0,14:42:51
sz301000,肇民科技,24.59,0.86,3.624,24.58,24.59,23.73,23.93,24.73,23.68,3230799.0,78300581.0,14:42:51
sz301001,凯淳股份,24.05,0.53,2.253,24.04,24.05,23.52,23.48,24.11,23.11,719700.0,17073585.0,14:42:39
sz301002,崧盛股份,27.87,0.29,1.051,27.86,27.87,27.58,27.0,27.98,26.47,4518200.0,122738611.0,14:42:51
sz301003,江苏博云,57.62,0.12,0.209,57.58,57.65,57.5,57.51,57.88,55.65,1795163.0,102168934.0,14:42:51
sz301004,嘉益股份,35.14,0.98,2.869,35.14,35.18,34.16,34.05,35.21,33.72,533791.0,18537572.0,14:42:48
sz301005,超捷股份,70.59,-0.73,-1.024,70.57,70.59,71.32,68.47,71.13,66.0,9469106.0,648233180.0,14:42:51
sz301006,迈拓股份,14.0,0.5,3.704,13.99,14.02,13.5,13.57,14.06,13.47,1333700.0,18461519.0,14:42:51
sz301007,德迈仕,29.06,-0.28,-0.954,29.06,29.07,29.34,28.93,29.55,28.6,3538540.0,102463724.0,14:42:51
sz301008,宏昌科技,37.93,-0.14,-0.368,37.93,37.94,38.07,37.51,38.11,36.27,6754130.0,251515189.0,14:42:51
sz301009,可靠股份,9.18,0.24,2.685,9.17,9.18,8.94,8.95,9.18,8.86,2816300.0,25620917.0,14:42:48
sz301010,晶雪节能,18.01,0.52,2.973,18.0,18.01,17.49,17.49,18.1,17.03,1282600.0,22721469.0,14:42:51
sz301011,华立科技,15.31,0.67,4.577,15.3,15.31,14.64,14.73,15.34,14.6,2008873.0,30237883.0,14:42:51
sz301012,扬电科技,24.0,-0.8,-3.226,23.99,24.0,24.8,24.12,24.24,23.03,7323843.0,172720183.0,14:42:51
sz301013,利和兴,39.54,-0.72,-1.788,39.53,39.54,40.26,39.01,40.2,36.61,19104386.0,733949054.0,14:42:51
sz301015,百洋医药,24.68,-0.19,-0.764,24.68,24.69,24.87,24.76,24.88,24.28,6195903.0,152332279.0,14:42:51
sz301016,雷尔伟,12.32,0.46,3.879,12.32,12.33,11.86,11.85,12.34,11.7,2841334.0,34427932.0,14:42:51
sz301017,漱玉平民,13.28,0.52,4.075,13.28,13.29,12.76,12.82,13.32,12.55,6113067.0,79767471.0,14:42:51
sz301018,申菱环境,103.81,14.11,15.73,103.8,103.81,89.7,88.0,107.46,86.85,33049658.0,3204097334.0,14:42:51
sz301019,宁波色母,15.4,0.53,3.564,15.4,15.42,14.87,14.99,15.54,14.72,2479608.0,37822522.0,14:42:45
sz301020,密封科技,20.97,0.77,3.812,20.96,20.97,20.2,20.13,21.22,20.13,2406800.0,50317204.0,14:42:51
sz301021,英诺激光,74.94,-0.4,-0.531,74.92,74.94,75.34,74.0,77.87,70.0,9434768.0,698389030.0,14:42:51
sz301022,海泰科,23.33,0.71,3.139,23.31,23.33,22.62,22.63,23.44,22.45,1062900.0,24572191.0,14:42:42
sz301023,奕帆传动,28.67,0.92,3.315,28.63,28.67,27.75,27.6,28.79,26.94,2098135.0,58758996.0,14:42:51
sz301024,霍普股份,32.41,0.53,1.662,32.39,32.41,31.88,31.38,32.64,30.99,1056416.0,33621507.0,14:42:51
sz301025,读客文化,9.4,0.36,3.982,9.39,9.4,9.04,9.05,9.44,8.97,11572486.0,107392879.0,14:42:51
sz301026,浩通科技,20.79,-1.01,-4.633,20.78,20.79,21.8,21.48,21.6,20.29,11827889.0,246226712.0,14:42:51
sz301027,华蓝集团,21.32,1.04,5.128,21.32,21.33,20.28,20.09,21.37,20.09,5458200.0,113318173.0,14:42:51
sz301028,鼎熔岩,13.22,0.48,3.768,13.22,13.23,12.74,12.64,13.3,12.53,4716380.0,61059906.0,14:42:51
sz301029,怡合达,25.94,1.25,5.063,25.94,25.96,24.69,25.53,26.15,25.1,14026800.0,360070403.0,14:42:51
sz301030,*ST仕净,8.29,0.15,1.843,8.28,8.3,8.14,8.06,8.33,8.03,4505900.0,36936561.0,14:42:48
sz301031,中熔电气,89.65,-1.64,-1.796,89.55,89.65,91.29,90.64,90.64,87.55,2059121.0,182932150.0,14:42:51
sz301032,新柴股份,10.29,0.37,3.73,10.28,10.29,9.92,9.92,10.32,9.83,4384100.0,44407030.0,14:42:51
sz301033,迈普医学,54.88,-0.42,-0.759,54.64,54.88,55.3,54.8,56.2,54.06,1570977.0,86335759.0,14:42:48
sz301035,润丰股份,54.88,-1.17,-2.087,54.86,54.89,56.05,56.08,57.0,54.37,2337416.0,129121956.0,14:42:51
sz301036,双乐股份,22.37,0.24,1.085,22.35,22.37,22.13,21.82,22.49,21.72,1020979.0,22579271.0,14:42:45
sz301037,保立佳,13.61,0.46,3.498,13.61,13.62,13.15,13.05,13.64,13.0,1837000.0,24621990.0,14:42:51
sz301038,深水规院,16.36,0.58,3.676,16.35,16.36,15.78,15.78,16.48,15.59,2681600.0,43224351.0,14:42:51
sz301039,中集车辆,8.31,0.05,0.605,8.3,8.31,8.26,8.18,8.35,7.83,24289373.0,197970504.0,14:42:51
sz301040,中环海陆,27.07,-0.21,-0.77,27.05,27.06,27.28,27.28,27.78,26.8,1367500.0,37073639.0,14:42:51
sz301041,金百泽,26.71,1.54,6.118,26.72,26.73,25.17,25.54,26.82,25.18,6367700.0,166170397.0,14:42:51
sz301042,安联锐视,33.2,0.92,2.85,33.18,33.2,32.28,31.97,33.25,31.31,3468045.0,111921780.0,14:42:51
sz301043,绿岛风,45.13,1.3,2.966,45.08,45.11,43.83,44.5,45.3,43.21,534700.0,23766978.0,14:42:51
sz301045,天禄科技,63.81,-0.24,-0.375,63.78,63.81,64.05,62.92,64.36,59.98,2933200.0,182752552.0,14:42:51
sz301046,能辉科技,23.17,0.25,1.091,23.16,23.17,22.92,22.8,23.26,22.02,3567700.0,80858983.0,14:42:51
sz301047,义翘神州,113.02,2.69,2.438,113.02,113.09,110.33,109.86,114.62,106.66,9281437.0,1026390855.0,14:42:51
sz301048,金鹰重工,9.17,0.15,1.663,9.16,9.17,9.02,8.95,9.2,8.95,5489000.0,49959920.0,14:42:51
sz301049,超越科技,20.34,0.48,2.417,20.34,20.36,19.86,19.81,20.4,19.57,1261775.0,25392178.0,14:42:51
sz301050,雷电微力,28.44,0.53,1.899,28.44,28.45,27.91,27.7,28.59,27.23,5526522.0,154095374.0,14:42:51
sz301051,信濠光电,17.9,-0.27,-1.486,17.88,17.9,18.17,17.99,18.35,17.55,12765893.0,228977675.0,14:42:51
sz301052,果麦文化,23.08,0.81,3.637,23.07,23.08,22.27,22.27,23.12,22.06,2539612.0,57673165.0,14:42:51
sz301053,远信工业,39.86,-0.44,-1.092,39.86,39.87,40.3,40.17,40.96,39.0,3371600.0,133649195.0,14:42:51
sz301055,张小泉,29.68,-0.14,-0.469,29.68,29.69,29.82,29.59,30.28,28.7,3613238.0,106970849.0,14:42:51
sz301056,森赫股份,11.71,0.31,2.719,11.71,11.72,11.4,11.26,11.75,11.19,2202200.0,25212499.0,14:42:48
sz301057,汇隆新材,22.42,1.0,4.669,22.42,22.44,21.42,21.1,22.65,21.1,1801152.0,39575472.0,14:42:51
sz301058,中粮科工,8.59,0.26,3.121,8.58,8.59,8.33,8.27,8.67,8.25,10486099.0,89686854.0,14:42:48
sz301059,金三江,12.22,0.92,8.142,12.22,12.24,11.3,12.38,12.96,12.0,10738455.0,134167636.0,14:42:45
sz301060,兰卫医学,11.48,0.05,0.437,11.48,11.49,11.43,11.3,11.6,10.9,25716083.0,291753503.0,14:42:51
sz301061,匠心家居,34.63,0.07,0.203,34.64,34.65,34.56,34.34,35.58,33.82,2400394.0,83638863.0,14:42:51
sz301062,上海艾录,7.24,0.1,1.401,7.23,7.24,7.14,7.0,7.26,7.0,8983423.0,64223471.0,14:42:51
sz301063,海锅股份,18.4,0.54,3.024,18.37,18.39,17.86,17.71,18.44,17.7,1042475.0,18844779.0,14:42:51
sz301065,本立科技,20.07,0.86,4.477,20.05,20.07,19.21,19.43,20.29,19.37,4307250.0,85798255.0,14:42:45
sz301066,万事利,12.21,0.36,3.038,12.2,12.22,11.85,11.8,12.24,11.74,2601900.0,31376586.0,14:42:45
sz301067,显盈科技,28.75,0.43,1.518,28.74,28.75,28.32,28.2,28.96,27.5,1779800.0,50292497.0,14:42:45
sz301068,大地海洋,28.4,0.43,1.537,28.33,28.4,27.97,28.55,28.7,27.38,1323170.0,37337277.0,14:42:51
sz301069,凯盛新材,16.26,0.2,1.245,16.26,16.27,16.06,15.94,16.28,15.75,3314669.0,53248273.0,14:42:51
sz301070,开勒股份,64.04,-0.63,-0.974,63.97,64.05,64.67,63.83,65.0,59.73,2674197.0,166673252.0,14:42:48
sz301071,力量钻石,58.32,1.7,3.002,58.32,58.33,56.62,55.47,58.74,53.81,13315008.0,753921810.0,14:42:51
sz301072,中捷精工,43.57,1.75,4.185,43.54,43.56,41.82,41.82,44.0,40.56,2983071.0,126481500.0,14:42:51
sz301073,君亭酒店,18.88,1.19,6.727,18.86,18.88,17.69,17.6,19.3,17.6,11244564.0,210415240.0,14:42:51
sz301075,多瑞医药,55.5,1.75,3.256,55.5,55.58,53.75,52.8,55.75,52.09,1017139.0,55280690.0,14:42:45
sz301076,新瀚新材,20.38,0.52,2.618,20.37,20.38,19.86,19.7,20.47,19.51,2524104.0,50625492.0,14:42:51
sz301077,星华新材,20.86,0.28,1.361,20.85,20.87,20.58,20.13,20.92,20.12,1565116.0,32284900.0,14:42:48
sz301078,孩子王,7.09,0.17,2.457,7.09,7.1,6.92,6.88,7.11,6.86,12709654.0,89256592.0,14:42:51
sz301079,邵阳液压,28.15,0.79,2.887,28.15,28.17,27.36,27.35,28.33,26.9,2337400.0,64806907.0,14:42:51
sz301080,百普赛斯,92.63,0.0,0.0,92.63,92.66,92.63,93.0,94.01,89.0,14175870.0,1291273910.0,14:42:51
sz301081,严牌股份,13.68,-1.26,-8.434,13.68,13.69,14.94,15.18,15.24,13.42,11909941.0,165931773.0,14:42:51
sz301082,久盛电气,9.57,0.22,2.353,9.56,9.57,9.35,9.24,9.58,9.17,5332769.0,50256888.0,14:42:51
sz301083,百胜智能,14.14,0.48,3.514,14.13,14.16,13.66,13.3,14.21,13.3,2524641.0,35147082.0,14:42:48
sz301085,亚康股份,58.83,1.52,2.652,58.81,58.82,57.31,56.54,59.08,56.03,2656135.0,153500867.0,14:42:51
sz301086,鸿富瀚,128.09,11.21,9.591,128.12,128.23,116.88,114.0,129.21,108.53,5282630.0,630865504.0,14:42:51
sz301087,可孚医疗,48.11,0.69,1.455,48.06,48.11,47.42,47.14,48.28,47.02,1058138.0,50599140.0,14:42:51
sz301088,戎美股份,12.71,0.22,1.761,12.69,12.71,12.49,12.55,12.72,12.4,854800.0,10754534.0,14:42:51
sz301089,拓新药业,24.31,1.17,5.056,24.31,24.33,23.14,22.92,24.35,22.65,3566208.0,84733550.0,14:42:51
sz301090,华润材料,6.9,-0.12,-1.709,6.9,6.91,7.02,6.99,7.0,6.76,26255746.0,180349940.0,14:42:51
sz301091,深城交,18.67,0.23,1.247,18.66,18.67,18.44,18.29,18.72,18.13,5044008.0,93277765.0,14:42:51
sz301092,争光股份,43.84,-0.86,-1.924,43.84,43.86,44.7,44.71,44.84,42.5,2378000.0,103229451.0,14:42:51
sz301093,华兰股份,75.32,-3.12,-3.978,75.27,75.32,78.44,78.18,78.27,72.42,6688289.0,496761836.0,14:42:51
sz301095,广立微,72.44,-0.58,-0.794,72.43,72.44,73.02,72.1,73.3,69.0,3860263.0,275978413.0,14:42:51
sz301096,百诚医药,48.09,-0.11,-0.228,48.11,48.12,48.2,47.84,48.38,47.15,1827700.0,87414272.0,14:42:51
sz301097,天益医疗,34.03,0.83,2.5,34.01,34.09,33.2,33.49,34.17,32.82,917027.0,30783481.0,14:42:51
sz301098,金埔园林,9.15,0.18,2.007,9.14,9.16,8.97,8.89,9.22,8.72,9127031.0,81438991.0,14:42:51
sz301099,雅创电子,51.04,2.96,6.156,51.03,51.04,48.08,47.97,51.99,47.37,13200788.0,662922491.0,14:42:51
sz301100,风光股份,16.06,0.25,1.581,16.05,16.06,15.81,15.61,16.13,15.61,1091300.0,17435471.0,14:42:36
sz301101,明月镜片,29.5,1.33,4.721,29.5,29.53,28.17,28.67,29.77,28.22,2849941.0,82911002.0,14:42:51
sz301102,兆讯传媒,9.44,0.17,1.834,9.43,9.44,9.27,9.27,9.48,9.24,1368795.0,12844316.0,14:42:51
sz301103,何氏眼科,16.85,0.46,2.807,16.84,16.85,16.39,16.33,16.9,16.29,1466930.0,24435005.0,14:42:51
sz301105,鸿铭股份,47.93,1.81,3.925,47.85,47.93,46.12,45.64,47.98,45.5,415280.0,19529821.0,14:42:45
sz301106,骏成科技,20.7,-0.16,-0.767,20.69,20.73,20.86,20.11,21.17,19.4,9397100.0,193241229.0,14:42:51
sz301107,瑜欣电子,21.38,1.51,7.599,21.38,21.39,19.87,19.7,21.42,19.45,2790620.0,57672887.0,14:42:51
sz301108,洁雅股份,37.98,0.16,0.423,37.98,38.0,37.82,37.37,38.13,36.5,1588480.0,59226153.0,14:42:51
sz301109,军信股份,13.1,-0.03,-0.228,13.1,13.11,13.13,12.98,13.2,12.93,3544110.0,46297867.0,14:42:48
sz301110,青木科技,34.53,0.88,2.615,34.5,34.53,33.65,33.36,34.65,33.0,1411700.0,48140814.0,14:42:48
sz301111,粤万年青,21.68,0.61,2.895,21.67,21.68,21.07,21.29,21.77,20.6,3998867.0,84816698.0,14:42:51
sz301112,信邦智能,30.98,0.84,2.787,30.98,30.99,30.14,29.96,31.09,29.74,843089.0,25735900.0,14:42:45
sz301113,雅艺科技,17.12,0.67,4.073,17.12,17.14,16.45,16.12,17.18,16.12,1611389.0,27142606.0,14:42:51
sz301115,联检科技,28.37,0.36,1.285,28.37,28.38,28.01,27.3,28.92,26.62,4908500.0,136397433.0,14:42:51
sz301116,益客食品,9.54,0.17,1.814,9.53,9.54,9.37,9.3,9.55,9.3,4744600.0,45001654.0,14:42:51
sz301117,ST佳缘,14.18,-3.54,-19.977,0.0,14.18,17.72,14.18,14.18,14.18,1805300.0,25599154.0,14:42:51
sz301118,恒光股份,22.69,0.51,2.299,22.69,22.7,22.18,22.06,22.77,21.58,2826479.0,62885245.0,14:42:51
sz301119,正强股份,22.36,0.66,3.041,22.35,22.36,21.7,21.47,22.56,21.26,1659680.0,36371043.0,14:42:51
sz301120,新特电气,14.77,0.25,1.722,14.77,14.78,14.52,14.3,14.82,14.13,4628700.0,67337902.0,14:42:51
sz301121,紫建电子,35.75,1.42,4.136,35.64,35.74,34.33,34.22,36.18,33.39,1191620.0,41801894.0,14:42:45
sz301122,采纳股份,38.63,-0.37,-0.949,38.6,38.63,39.0,38.73,39.88,37.53,6074900.0,234851709.0,14:42:51
sz301123,奕东电子,77.12,3.44,4.669,77.03,77.07,73.68,72.05,78.2,70.64,9092052.0,682106797.0,14:42:51
sz301125,腾亚精工,12.36,0.43,3.604,12.35,12.37,11.93,11.81,12.5,11.71,2635825.0,32116679.0,14:42:45
sz301126,达嘉维康,10.32,0.32,3.2,10.31,10.32,10.0,9.91,10.33,9.82,2968100.0,30098211.0,14:42:48
sz301127,武汉天源,19.03,0.51,2.754,19.02,19.03,18.52,18.7,19.6,18.61,38062704.0,729715769.0,14:42:51
sz301128,强瑞技术,113.56,7.46,7.031,113.56,113.62,106.1,104.72,115.45,102.83,6874796.0,754651570.0,14:42:51
sz301129,瑞纳智能,23.8,-0.03,-0.126,23.8,23.81,23.83,23.12,24.1,22.51,4379707.0,103015949.0,14:42:51
sz301130,西点药业,38.4,5.31,16.047,38.4,38.43,33.09,32.99,39.71,32.43,20436144.0,756022544.0,14:42:51
sz301131,聚赛龙,33.7,0.4,1.201,33.69,33.72,33.3,33.18,33.88,32.82,1113649.0,37217353.0,14:42:51
sz301132,满坤科技,35.9,0.49,1.384,35.89,35.9,35.41,34.81,36.18,34.17,3193071.0,112298615.0,14:42:51
sz301133,金钟股份,30.78,2.98,10.719,30.73,30.78,27.8,27.55,30.88,27.07,4221591.0,124527371.0,14:42:51
sz301135,瑞德智能,17.2,0.56,3.365,17.18,17.19,16.64,16.74,17.21,16.52,1860561.0,31531138.0,14:42:51
sz301136,招标股份,11.64,0.47,4.208,11.63,11.64,11.17,11.17,11.65,11.1,3991400.0,45527037.0,14:42:51
sz301137,哈焊华通,30.2,0.81,2.756,30.2,30.21,29.39,29.08,30.27,28.8,3566548.0,105446677.0,14:42:51
sz301138,华研精机,30.02,1.02,3.517,30.02,30.05,29.0,28.8,30.86,28.39,5006490.0,147668430.0,14:42:51
sz301139,*ST元道,3.41,-0.02,-0.583,3.41,3.42,3.43,3.39,3.5,3.1,7786400.0,26218946.0,14:42:48
sz301141,中科磁业,43.29,2.66,6.547,43.28,43.29,40.63,40.6,44.44,40.01,5129756.0,220865613.0,14:42:51
sz301148,嘉戎技术,51.17,0.97,1.932,51.14,51.18,50.2,49.86,51.93,49.4,729700.0,37173875.0,14:42:48
sz301149,隆华新材,8.02,0.33,4.291,8.01,8.02,7.69,7.69,8.08,7.66,9898040.0,77876307.0,14:42:51
sz301150,中一科技,38.71,0.09,0.233,38.7,38.71,38.62,38.11,39.23,36.78,10161076.0,385946416.0,14:42:51
sz301151,冠龙节能,17.07,0.74,4.532,17.06,17.07,16.33,16.29,17.12,16.06,3079647.0,51325250.0,14:42:51
sz301152,天力锂能,23.95,0.63,2.702,23.94,23.95,23.32,24.33,25.48,23.86,24516643.0,602183533.0,14:42:51
sz301153,中科江南,17.23,0.35,2.073,17.23,17.25,16.88,16.83,17.32,16.8,3369918.0,57834888.0,14:42:51
sz301155,海力风电,41.17,0.17,0.415,41.17,41.19,41.0,41.0,41.31,40.37,1489523.0,60887304.0,14:42:45
sz301156,美农生物,12.04,0.61,5.337,12.03,12.04,11.43,11.36,12.11,11.35,7504710.0,89103162.0,14:42:51
sz301157,华塑科技,60.0,0.19,0.318,59.98,60.0,59.81,60.08,60.34,58.16,668400.0,39738076.0,14:42:48
sz301158,德石股份,15.01,0.44,3.02,15.01,15.02,14.57,14.32,15.1,14.31,5304725.0,78948135.0,14:42:51
sz301159,三维天地,31.91,0.91,2.935,31.9,31.92,31.0,30.61,32.04,30.61,1692289.0,53253140.0,14:42:51
sz301160,翔楼新材,45.93,0.68,1.503,45.92,45.93,45.25,45.7,45.98,43.84,2736574.0,123404716.0,14:42:51
sz301161,唯万密封,29.46,1.99,7.244,29.44,29.46,27.47,30.47,30.97,28.22,9583927.0,283142198.0,14:42:48
sz301162,国能日新,36.8,0.76,2.109,36.79,36.81,36.04,35.84,37.01,35.31,1184272.0,42680829.0,14:42:51
sz301163,宏德股份,23.9,0.7,3.017,23.89,23.9,23.2,23.2,23.92,22.9,927600.0,21816582.0,14:42:48
sz301165,锐捷网络,116.23,0.33,0.285,116.23,116.27,115.9,113.28,118.0,111.1,12907621.0,1479254131.0,14:42:51
sz301166,优宁维,29.66,0.66,2.276,29.66,29.67,29.0,28.76,29.87,28.57,4037642.0,118639704.0,14:42:48
sz301167,建研设计,14.62,0.35,2.453,14.61,14.62,14.27,14.27,14.64,14.03,1963900.0,28400855.0,14:42:51
sz301168,通灵股份,41.86,0.26,0.625,41.84,41.86,41.6,41.75,42.05,41.1,644700.0,26876456.0,14:42:51
sz301169,零点有数,51.13,0.38,0.749,51.13,51.19,50.75,50.75,51.57,49.13,648600.0,32729122.0,14:42:48
sz301170,锡南科技,23.39,0.49,2.14,23.39,23.42,22.9,23.0,23.46,22.77,730900.0,16956794.0,14:42:42
sz301171,易点天下,34.4,-0.5,-1.433,34.39,34.4,34.9,34.96,35.0,33.36,36338705.0,1239430064.0,14:42:51
sz301172,君逸数码,16.91,0.31,1.867,16.91,16.92,16.6,16.5,16.98,16.11,5361247.0,88793144.0,14:42:51
sz301173,毓恬冠佳,32.09,0.5,1.583,32.09,32.12,31.59,31.59,32.18,31.07,359800.0,11386511.0,14:42:51
sz301175,中科环保,5.57,0.13,2.39,5.56,5.57,5.44,5.45,5.64,5.45,21866000.0,121326694.0,14:42:51
sz301176,逸豪新材,46.05,1.0,2.22,46.02,46.05,45.05,44.0,46.81,42.8,4443894.0,198616077.0,14:42:51
sz301177,迪阿股份,23.79,-0.8,-3.253,23.79,23.8,24.59,24.59,24.82,23.17,4214456.0,101085810.0,14:42:51
sz301178,天亿马,34.95,0.47,1.363,34.93,34.95,34.48,34.4,35.1,33.59,1653180.0,57214723.0,14:42:48
sz301179,泽宇智能,19.97,-1.25,-5.891,19.97,19.98,21.22,20.81,20.98,19.48,10325593.0,206665587.0,14:42:51
sz301180,万祥科技,11.96,0.33,2.837,11.96,11.97,11.63,11.63,11.99,11.4,2920400.0,34346606.0,14:42:51
sz301181,标榜股份,23.69,0.96,4.223,23.69,23.7,22.73,22.73,24.0,22.45,2388899.0,55787435.0,14:42:51
sz301182,凯旺科技,70.51,3.79,5.68,70.47,70.52,66.72,66.12,70.88,64.08,2960346.0,200070231.0,14:42:51
sz301183,东田微,233.97,-1.22,-0.519,233.9,234.0,235.19,235.21,239.88,226.0,4596858.0,1073676199.0,14:42:51
sz301185,鸥玛软件,16.64,0.35,2.149,16.63,16.64,16.29,16.27,16.65,16.05,1222950.0,20171565.0,14:42:51
sz301186,超达装备,33.86,0.3,0.894,33.86,33.9,33.56,33.56,33.97,32.55,1248898.0,41642369.0,14:42:51
sz301187,欧圣电气,14.97,0.46,3.17,14.96,14.97,14.51,14.56,14.98,14.35,1232962.0,18223263.0,14:42:51
sz301188,力诺药包,36.72,-0.74,-1.975,36.7,36.71,37.46,35.97,37.42,34.38,14932351.0,533505359.0,14:42:51
sz301189,奥尼电子,51.09,1.58,3.191,51.05,51.09,49.51,48.21,51.82,47.52,4067554.0,202369128.0,14:42:51
sz301190,善水科技,21.37,0.22,1.04,21.36,21.37,21.15,20.55,21.8,19.75,12329676.0,255056606.0,14:42:51
sz301191,菲菱科思,87.73,0.12,0.137,87.72,87.74,87.61,86.06,88.44,84.0,2760091.0,238327601.0,14:42:51
sz301192,泰祥股份,20.62,0.78,3.931,20.6,20.62,19.84,19.84,20.64,19.51,1256693.0,25433634.0,14:42:51
sz301193,家联科技,18.44,0.72,4.063,18.43,18.44,17.72,17.91,18.67,17.38,3489313.0,63479044.0,14:42:51
sz301195,北路智控,26.3,0.2,0.766,26.29,26.31,26.1,25.8,26.35,25.25,1038888.0,26899408.0,14:42:51
sz301196,唯科科技,93.06,4.08,4.585,93.05,93.06,88.98,88.33,94.2,85.0,8938659.0,801857058.0,14:42:51
sz301197,工大科雅,25.86,0.88,3.523,25.82,25.85,24.98,24.87,25.95,24.53,2529500.0,63840913.0,14:42:51
sz301198,喜悦智行,12.72,0.36,2.913,12.72,12.73,12.36,12.31,12.76,12.08,2731950.0,34132542.0,14:42:51
sz301199,迈赫股份,17.83,0.49,2.826,17.82,17.83,17.34,17.25,17.86,17.19,1070100.0,18831160.0,14:42:39
sz301200,大族数控,270.66,3.66,1.371,270.57,270.66,267.0,261.59,275.6,255.08,2873774.0,761475809.0,14:42:51
sz301201,诚达药业,37.5,3.07,8.917,37.48,37.5,34.43,34.15,38.13,33.7,12490258.0,449549977.0,14:42:51
sz301202,朗威股份,36.86,-0.49,-1.312,36.85,36.86,37.35,36.75,37.14,35.3,2944360.0,106895005.0,14:42:51
sz301203,国泰环保,34.43,0.33,0.968,34.43,34.46,34.1,34.22,34.58,33.52,430000.0,14692000.0,14:42:51
sz301205,联特科技,304.04,0.06,0.02,304.04,304.34,303.98,300.0,306.0,284.0,8253387.0,2425538208.0,14:42:51
sz301206,三元生物,24.03,0.45,1.908,24.0,24.03,23.58,23.71,24.04,23.46,1046000.0,24959714.0,14:42:51
sz301207,华兰疫苗,17.48,0.4,2.342,17.48,17.49,17.08,16.8,17.54,16.6,9085999.0,155726725.0,14:42:51
sz301208,中亦科技,30.04,0.5,1.693,30.02,30.04,29.54,29.18,30.14,29.12,1364100.0,40652195.0,14:42:51
sz301209,联合化学,57.88,-0.92,-1.565,57.87,57.88,58.8,58.7,59.55,57.21,2261440.0,131633401.0,14:42:51
sz301210,金杨精密,24.26,0.48,2.019,24.25,24.26,23.78,23.62,24.36,23.26,2648895.0,63035800.0,14:42:48
sz301211,亨迪药业,13.23,1.48,12.596,13.23,13.24,11.75,12.11,13.67,11.82,40476359.0,517108092.0,14:42:51
sz301212,联盛化学,24.55,0.76,3.195,24.55,24.56,23.79,23.52,25.14,23.3,3993712.0,96100523.0,14:42:51
sz301213,观想科技,40.08,-2.44,-5.738,40.07,40.08,42.52,39.0,40.51,38.31,1810780.0,71867173.0,14:42:48
sz301215,中汽股份,5.39,0.04,0.748,5.38,5.39,5.35,5.31,5.4,5.3,13115706.0,70346080.0,14:42:51
sz301216,万凯新材,18.18,-0.95,-4.966,18.18,18.19,19.13,19.13,19.2,17.79,39261364.0,714001476.0,14:42:51
sz301217,铜冠铜箔,110.61,-0.5,-0.45,110.6,110.61,111.11,110.0,111.8,106.0,21923967.0,2389079694.0,14:42:51
sz301218,华是科技,47.32,2.17,4.806,47.31,47.32,45.15,44.83,50.5,44.39,16593137.0,794805080.0,14:42:51
sz301219,腾远钴业,44.83,-1.39,-3.007,44.83,44.84,46.22,45.74,46.0,44.06,8056505.0,361455723.0,14:42:51
sz301220,亚香股份,28.44,0.97,3.531,28.44,28.45,27.47,27.8,28.49,27.2,1137243.0,31935203.0,14:42:51
sz301221,光庭信息,27.92,0.69,2.534,27.88,27.91,27.23,26.8,28.04,26.54,1875900.0,51212834.0,14:42:24
sz301222,浙江恒威,24.71,0.58,2.404,24.7,24.72,24.13,23.93,24.85,23.45,1993785.0,48209407.0,14:42:51
sz301223,中荣股份,16.76,0.6,3.713,16.76,16.77,16.16,16.15,16.79,16.06,2627900.0,43450102.0,14:42:45
sz301225,恒勃股份,58.89,2.61,4.638,58.88,58.89,56.28,55.84,59.45,53.46,3405406.0,193648783.0,14:42:51
sz301226,祥明智能,28.81,0.35,1.23,28.77,28.81,28.46,28.31,28.93,27.65,925897.0,26261106.0,14:42:51
sz301227,森鹰窗业,31.73,1.33,4.375,31.73,31.74,30.4,30.88,32.12,29.91,2785580.0,86927015.0,14:42:51
sz301228,实朴检测,62.81,3.03,5.069,62.81,62.82,59.78,59.7,63.1,59.2,3106664.0,191647333.0,14:42:51
sz301229,纽泰格,12.46,0.38,3.146,12.46,12.47,12.08,12.04,12.47,11.88,2923100.0,35780856.0,14:42:51
sz301230,泓博医药,34.17,0.33,0.975,34.16,34.17,33.84,33.84,34.37,32.7,14039568.0,472983193.0,14:42:51
sz301231,荣信文化,27.05,0.79,3.008,27.05,27.06,26.26,25.87,27.13,25.33,3330258.0,88663242.0,14:42:48
sz301232,飞沃科技,96.82,0.62,0.644,96.84,96.89,96.2,94.98,97.77,90.34,4441203.0,418442160.0,14:42:51
sz301233,盛帮股份,33.08,0.38,1.162,33.08,33.09,32.7,32.75,33.3,32.16,1293020.0,42469107.0,14:42:51
sz301234,五洲医疗,104.32,-5.68,-5.164,104.3,104.36,110.0,105.0,106.48,97.0,2643537.0,273599513.0,14:42:51
sz301235,华康洁净,41.37,-1.05,-2.475,41.36,41.37,42.42,41.2,42.08,39.91,6055404.0,248397138.0,14:42:51
sz301236,软通动力,37.23,0.58,1.583,37.23,37.24,36.65,36.69,37.91,36.4,14728094.0,550132086.0,14:42:51
sz301237,和顺科技,53.98,-1.33,-2.405,53.98,54.0,55.31,54.18,55.5,53.04,1334608.0,72341820.0,14:42:48
sz301238,瑞泰新材,16.01,-0.43,-2.616,16.01,16.02,16.44,16.15,16.35,15.76,12870988.0,205610495.0,14:42:51
sz301239,普瑞眼科,35.78,0.49,1.388,35.78,35.79,35.29,35.0,36.0,34.5,2617419.0,93085454.0,14:42:51
sz301246,宏源药业,20.73,-0.11,-0.528,20.73,20.74,20.84,20.52,20.86,20.14,6333440.0,129870348.0,14:42:51
sz301248,杰创智能,60.32,0.83,1.395,60.31,60.32,59.49,58.21,60.66,57.26,3860200.0,228560879.0,14:42:51
sz301251,威尔高,46.98,-0.93,-1.941,46.96,46.97,47.91,47.27,47.64,45.72,5885692.0,274121444.0,14:42:51
sz301252,同星科技,34.63,1.67,5.067,34.62,34.63,32.96,32.81,34.98,32.2,3209205.0,108511582.0,14:42:51
sz301255,通力科技,20.91,0.6,2.954,20.9,20.93,20.31,20.25,21.0,20.06,957060.0,19742878.0,14:42:45
sz301256,华融化学,10.09,0.07,0.699,10.09,10.1,10.02,9.9,10.13,9.85,2467100.0,24654269.0,14:42:51
sz301257,普蕊斯,46.57,1.35,2.985,46.57,46.58,45.22,44.38,46.86,43.9,3747730.0,169847540.0,14:42:51
sz301258,富士莱,26.16,0.1,0.384,26.15,26.17,26.06,25.8,26.25,25.1,1379371.0,35578297.0,14:42:51
sz301259,艾布鲁,22.43,0.09,0.403,22.43,22.44,22.34,22.2,22.73,21.75,3747625.0,83457792.0,14:42:51
sz301260,格力博,13.67,0.4,3.014,13.66,13.67,13.27,13.18,13.7,13.11,1602100.0,21518512.0,14:42:51
sz301261,恒工精密,57.22,2.2,3.999,57.22,57.24,55.02,54.7,57.66,53.32,3035331.0,169530703.0,14:42:51
sz301262,海看股份,18.66,0.62,3.437,18.65,18.66,18.04,18.02,18.69,17.95,3731550.0,68599012.0,14:42:51
sz301263,泰恩康,18.73,0.38,2.071,18.73,18.74,18.35,18.22,18.77,18.1,2799242.0,51651897.0,14:42:48
sz301265,华新科技,19.53,-0.2,-1.014,19.51,19.53,19.73,19.73,19.99,18.86,6820200.0,132433604.0,14:42:51
sz301266,宇邦新材,23.21,0.38,1.664,23.2,23.21,22.83,22.61,23.39,22.1,3158860.0,71856925.0,14:42:51
sz301267,华厦眼科,16.22,0.4,2.528,16.21,16.22,15.82,15.88,16.23,15.74,3729283.0,59817516.0,14:42:51
sz301268,铭利达,13.5,0.33,2.506,13.5,13.51,13.17,13.17,13.53,13.03,2088020.0,27836386.0,14:42:39
sz301269,华大九天,92.54,1.29,1.414,92.51,92.54,91.25,90.33,92.86,89.01,4257216.0,387354789.0,14:42:51
sz301270,汉仪股份,32.41,0.73,2.304,32.4,32.41,31.68,31.78,32.49,31.31,2086900.0,67226676.0,14:42:51
sz301272,英华特,34.98,1.14,3.369,34.93,34.98,33.84,33.9,35.09,33.61,526441.0,18166695.0,14:42:48
sz301273,瑞晨环保,40.59,0.51,1.272,40.59,40.65,40.08,39.6,41.05,38.68,1858167.0,74048728.0,14:42:39
sz301275,汉朔科技,42.88,0.29,0.681,42.87,42.89,42.59,42.36,43.2,41.75,4591942.0,194892680.0,14:42:51
sz301276,嘉曼服饰,20.22,0.12,0.597,20.2,20.22,20.1,20.1,20.4,19.29,2265450.0,45173159.0,14:42:48
sz301277,新天地,10.65,0.42,4.106,10.64,10.65,10.23,10.22,10.68,10.13,5199536.0,54382833.0,14:42:51
sz301278,快可电子,28.1,0.71,2.592,28.09,28.13,27.39,27.83,28.24,27.2,811330.0,22538792.0,14:42:45
sz301279,金道科技,21.54,0.62,2.964,21.52,21.54,20.92,20.96,21.54,20.65,1767739.0,37424968.0,14:42:51
sz301280,珠城科技,44.69,0.47,1.063,44.65,44.7,44.22,43.9,44.76,42.65,2514629.0,109621259.0,14:42:51
sz301281,科源制药,44.71,0.74,1.683,44.69,44.71,43.97,43.93,44.9,42.11,1972811.0,85833282.0,14:42:48
sz301282,金禄电子,34.18,0.7,2.091,34.18,34.19,33.48,33.2,34.54,32.0,16545158.0,552738125.0,14:42:51
sz301283,聚胶股份,25.75,0.41,1.618,25.75,25.79,25.34,25.34,25.87,25.03,963726.0,24558964.0,14:42:51
sz301285,鸿日达,87.44,-3.55,-3.902,87.37,87.45,90.99,90.99,90.99,83.5,3885471.0,335937386.0,14:42:51
sz301286,侨源股份,44.61,1.35,3.121,44.6,44.63,43.26,43.07,44.66,41.28,1493700.0,64717276.0,14:42:51
sz301287,康力源,41.6,0.46,1.118,41.55,41.6,41.14,40.88,41.76,40.09,795350.0,32482657.0,14:42:51
sz301288,清研环境,17.13,0.36,2.147,17.12,17.15,16.77,16.68,17.25,16.57,975100.0,16560383.0,14:42:51
sz301289,国缆检测,44.2,0.85,1.961,44.19,44.22,43.35,42.9,44.36,42.9,661238.0,28994097.0,14:42:39
sz301290,东星医疗,29.39,0.98,3.449,29.38,29.4,28.41,28.15,29.45,27.84,2473672.0,71574977.0,14:42:51
sz301291,明阳电气,37.62,0.47,1.265,37.61,37.62,37.15,36.81,38.61,36.59,4997243.0,187719879.0,14:42:51
sz301292,海科新源,65.01,-1.35,-2.034,65.01,65.05,66.36,65.2,65.8,63.15,6534195.0,421062303.0,14:42:51
sz301293,三博脑科,51.65,1.1,2.176,51.63,51.65,50.55,50.97,52.2,50.88,5801992.0,298576294.0,14:42:51
sz301295,美硕科技,38.65,1.29,3.453,38.64,38.68,37.36,36.99,39.32,36.3,1886538.0,71241118.0,14:42:51
sz301296,新巨丰,6.44,0.16,2.548,6.43,6.44,6.28,6.26,6.45,6.25,2597400.0,16580340.0,14:42:51
sz301297,富乐德,35.1,-0.8,-2.228,35.09,35.1,35.9,34.85,35.4,33.5,15838027.0,546041770.0,14:42:51
sz301298,东利机械,13.1,0.31,2.424,13.07,13.1,12.79,12.76,13.12,12.63,1359795.0,17572776.0,14:42:24
sz301299,卓创资讯,44.23,1.55,3.632,44.23,44.26,42.68,42.5,44.36,42.5,1150505.0,50332586.0,14:42:51
sz301300,远翔新材,32.69,0.86,2.702,32.67,32.69,31.83,31.84,32.78,31.5,547830.0,17652289.0,14:42:51
sz301301,川宁生物,8.9,0.28,3.248,8.89,8.9,8.62,8.57,8.9,8.51,13623975.0,119763363.0,14:42:51
sz301302,华如科技,20.93,0.29,1.405,20.91,20.92,20.64,20.28,21.0,20.03,3479287.0,71399179.0,14:42:51
sz301303,真兰仪表,14.15,0.1,0.712,14.14,14.16,14.05,14.02,14.24,13.9,3330700.0,47002701.0,14:42:48
sz301305,朗坤科技,24.3,0.28,1.166,24.28,24.3,24.02,24.0,24.42,23.6,2915249.0,69886403.0,14:42:51
sz301306,西测测试,88.61,2.56,2.975,88.56,88.6,86.05,85.98,89.95,83.25,2329694.0,201992759.0,14:42:51
sz301307,美利信,52.65,-0.17,-0.322,52.63,52.65,52.82,52.08,53.8,50.51,9967087.0,520778473.0,14:42:51
sz301308,江波龙,369.69,4.79,1.313,369.69,369.98,364.9,360.0,372.65,353.88,9033107.0,3283227693.0,14:42:51
sz301309,万得凯,29.84,0.44,1.497,29.84,29.85,29.4,29.55,29.99,29.05,805400.0,23837430.0,14:42:48
sz301310,鑫宏业,48.84,-0.47,-0.953,48.84,48.88,49.31,49.28,49.28,46.99,3696710.0,177449778.0,14:42:51
sz301311,昆船智能,13.83,0.41,3.055,13.83,13.84,13.42,13.35,13.85,13.33,1900100.0,26027015.0,14:42:51
sz301312,智立方,73.2,2.4,3.39,73.19,73.2,70.8,69.36,74.61,67.63,7399784.0,534071934.0,14:42:51
sz301313,凡拓数创,33.45,0.69,2.106,33.43,33.45,32.76,32.93,33.65,31.87,3217195.0,105566105.0,14:42:51
sz301314,科瑞思,43.75,1.45,3.428,43.75,43.77,42.3,42.04,43.88,41.58,584326.0,25107889.0,14:42:51
sz301315,威士顿,40.15,0.86,2.189,40.14,40.17,39.29,38.88,40.22,38.53,1682840.0,66638502.0,14:42:51
sz301316,慧博云通,38.84,1.29,3.435,38.83,38.84,37.55,37.49,39.1,36.94,9080293.0,346451629.0,14:42:51
sz301317,鑫磊股份,44.94,2.1,4.902,44.94,44.96,42.84,42.42,45.25,41.41,3080600.0,134617509.0,14:42:51
sz301318,维海德,21.05,0.62,3.035,21.04,21.06,20.43,20.36,21.1,20.13,1260472.0,26148647.0,14:42:51
sz301319,唯特偶,101.46,-1.05,-1.024,101.46,101.48,102.51,99.94,103.5,95.6,8757353.0,868977153.0,14:42:51
sz301320,豪江智能,13.83,0.54,4.063,13.82,13.83,13.29,13.02,13.87,13.02,2998100.0,40709802.0,14:42:51
sz301321,翰博高新,41.84,0.8,1.949,41.84,41.85,41.04,40.0,42.28,39.43,10528648.0,432387224.0,14:42:51
sz301322,绿通科技,40.78,0.61,1.519,40.74,40.78,40.17,39.39,40.96,38.65,3361854.0,135091699.0,14:42:51
sz301323,新莱福,68.41,-0.59,-0.855,68.3,68.41,69.0,68.18,69.88,66.62,1228400.0,83454755.0,14:42:51
sz301325,曼恩斯特,30.55,0.18,0.593,30.55,30.57,30.37,30.07,30.63,29.61,1345073.0,40548941.0,14:42:48
sz301326,捷邦科技,110.75,3.88,3.631,110.59,110.75,106.87,104.73,113.25,102.58,1882700.0,203079170.0,14:42:51
sz301327,华宝新能,44.45,-0.29,-0.648,44.42,44.45,44.74,44.01,44.75,43.4,1637801.0,72012099.0,14:42:48
sz301328,维峰电子,55.85,-1.48,-2.582,55.84,55.86,57.33,56.6,57.4,54.5,2317224.0,129906819.0,14:42:51
sz301329,信音电子,19.24,0.3,1.584,19.23,19.24,18.94,18.65,19.33,18.07,3995551.0,74880203.0,14:42:51
sz301330,熵基科技,24.16,0.61,2.59,24.14,24.16,23.55,23.55,24.23,23.25,1617617.0,38635381.0,14:42:48
sz301331,恩威医药,22.36,0.52,2.381,22.35,22.37,21.84,21.85,22.56,21.64,2042800.0,45209805.0,14:42:48
sz301332,德尔玛,7.98,0.23,2.968,7.97,7.98,7.75,7.74,8.0,7.72,4236900.0,33634717.0,14:42:51
sz301333,诺思格,56.96,1.88,3.413,56.96,57.0,55.08,54.65,57.4,53.21,2854400.0,156947875.0,14:42:51
sz301335,天元宠物,25.06,0.58,2.369,25.07,25.08,24.48,24.3,25.48,24.24,2681550.0,66938000.0,14:42:51
sz301336,趣睡科技,41.54,0.75,1.839,41.54,41.55,40.79,40.77,41.6,40.26,746610.0,30667532.0,14:42:48
sz301337,亚华电子,26.13,0.4,1.555,26.14,26.15,25.73,25.8,26.27,25.02,843200.0,21804731.0,14:42:51
sz301338,凯格精机,97.82,0.32,0.328,97.81,97.89,97.5,96.7,99.66,93.42,3810000.0,366582487.0,14:42:51
sz301339,通行宝,11.13,0.26,2.392,11.13,11.14,10.87,10.88,11.16,10.82,2733240.0,30151945.0,14:42:51
sz301345,涛涛车业,241.17,-1.62,-0.667,241.17,241.39,242.79,240.01,244.87,238.08,583900.0,141205871.0,14:42:48
sz301348,蓝箭电子,20.83,0.28,1.363,20.82,20.84,20.55,20.3,20.96,19.86,5873915.0,120006429.0,14:42:48
sz301349,信德新材,42.98,-0.1,-0.232,42.95,42.98,43.08,43.04,43.34,40.5,4651456.0,194966515.0,14:42:51
sz301353,普莱得,19.48,0.63,3.342,19.46,19.49,18.85,18.69,19.55,18.69,1272753.0,24422342.0,14:42:33
sz301355,南王科技,10.27,0.3,3.009,10.27,10.28,9.97,9.97,10.3,9.81,2258395.0,22902274.0,14:42:48
sz301356,天振股份,19.85,-0.02,-0.101,19.85,19.86,19.87,19.51,19.92,19.18,1493282.0,29328110.0,14:42:51
sz301357,北方长龙,89.33,3.33,3.872,89.3,89.33,86.0,85.0,93.1,84.08,6213811.0,559791986.0,14:42:51
sz301358,湖南裕能,62.6,-3.4,-5.152,62.59,62.6,66.0,65.0,65.65,61.81,20647315.0,1301593794.0,14:42:51
sz301359,东南电子,17.72,0.87,5.163,17.72,17.73,16.85,16.85,17.8,16.71,2533005.0,43938555.0,14:42:51
sz301360,荣旗科技,54.78,-0.32,-0.581,54.72,54.79,55.1,54.16,55.74,52.88,3082961.0,167931723.0,14:42:51
sz301361,众智科技,27.07,0.71,2.693,27.06,27.08,26.36,26.52,27.15,25.96,905100.0,24204274.0,14:42:36
sz301362,民爆光电,114.81,-0.31,-0.269,114.7,114.83,115.12,111.92,115.77,108.1,3367001.0,376268662.0,14:42:51
sz301363,美好医疗,16.63,0.48,2.972,16.62,16.63,16.15,16.14,16.68,16.05,9476305.0,155485602.0,14:42:51
sz301365,矩阵股份,40.0,1.37,3.546,40.0,40.01,38.63,39.18,40.1,37.89,3367214.0,132204319.0,14:42:48
sz301366,一博科技,55.14,0.27,0.492,55.12,55.14,54.87,54.02,55.68,53.01,5674934.0,308590273.0,14:42:51
sz301367,瑞迈特,43.63,1.23,2.901,43.62,43.64,42.4,42.8,43.85,42.06,781992.0,33519951.0,14:42:51
sz301368,丰立智能,40.1,1.51,3.913,40.09,40.1,38.59,38.03,40.37,38.03,1559247.0,61509624.0,14:42:51
sz301369,联动科技,129.87,-1.22,-0.931,129.65,129.87,131.09,128.02,131.08,122.0,1840813.0,233254124.0,14:42:51
sz301370,国科恒泰,8.95,0.24,2.755,8.95,8.96,8.71,8.71,8.96,8.65,2749019.0,24340295.0,14:42:48
sz301371,敷尔佳,21.57,0.48,2.276,21.57,21.58,21.09,21.09,21.72,20.97,5832785.0,125141593.0,14:42:51
sz301372,科净源,30.16,0.81,2.76,30.13,30.16,29.35,29.08,30.3,28.9,686600.0,20389391.0,14:42:48
sz301373,凌玮科技,95.22,2.2,2.365,95.22,95.38,93.02,91.78,96.5,89.08,4428639.0,409935106.0,14:42:51
sz301376,致欧科技,20.88,0.26,1.261,20.87,20.88,20.62,20.58,21.03,20.27,2740400.0,57116873.0,14:42:51
sz301377,鼎泰高科,393.59,0.58,0.148,393.54,393.65,393.01,388.88,404.4,386.01,2631504.0,1035399169.0,14:42:51
sz301378,通达海,24.88,0.65,2.683,24.87,24.88,24.23,24.13,24.97,23.87,2001442.0,49128607.0,14:42:51
sz301379,天山电子,21.68,0.18,0.837,21.67,21.68,21.5,21.19,21.83,20.66,10222266.0,217156150.0,14:42:51
sz301380,挖金客,30.71,1.23,4.172,30.69,30.71,29.48,29.48,31.07,29.21,3688355.0,111677039.0,14:42:51
sz301381,赛维时代,23.35,-0.19,-0.807,23.35,23.36,23.54,23.58,23.88,22.84,3859919.0,89830264.0,14:42:42
sz301382,蜂助手,39.2,-0.52,-1.309,39.2,39.21,39.72,39.06,40.15,37.9,8040250.0,313338645.0,14:42:51
sz301383,天键股份,23.4,1.32,5.978,23.39,23.4,22.08,21.88,23.51,21.8,2668673.0,61147191.0,14:42:51
sz301386,未来电器,20.5,0.43,2.143,20.48,20.49,20.07,20.07,20.58,19.9,752900.0,15345707.0,14:42:51
sz301387,光大同创,56.05,-0.3,-0.532,56.06,56.11,56.35,55.79,56.74,53.28,1950902.0,107164284.0,14:42:48
sz301388,欣灵电气,24.38,0.67,2.826,24.36,24.38,23.71,23.34,24.49,23.34,792966.0,19076488.0,14:42:51
sz301389,隆扬电子,52.11,0.98,1.917,52.11,52.12,51.13,49.8,52.91,49.0,8996309.0,458490245.0,14:42:51
sz301390,经纬股份,31.82,0.78,2.513,31.82,31.86,31.04,31.81,31.9,30.23,762100.0,23794497.0,14:42:51
sz301391,卡莱特,46.75,0.75,1.63,46.72,46.77,46.0,45.56,47.14,45.08,923279.0,42648743.0,14:42:51
sz301392,汇成真空,171.05,-3.16,-1.814,171.05,171.16,174.21,171.49,172.66,161.0,4143750.0,696749174.0,14:42:51
sz301393,昊帆生物,61.02,-0.3,-0.489,61.0,61.02,61.32,60.32,61.28,55.64,3614900.0,211189333.0,14:42:51
sz301395,仁信新材,12.48,0.27,2.211,12.46,12.48,12.21,12.11,12.49,11.99,2267321.0,27809495.0,14:42:48
sz301396,宏景科技,173.11,0.25,0.145,173.11,173.13,172.86,170.07,175.45,165.19,9846691.0,1677927210.0,14:42:51
sz301397,溯联股份,25.48,0.33,1.312,25.48,25.5,25.15,25.16,25.99,24.87,3884785.0,98767867.0,14:42:51
sz301398,星源卓镁,32.47,1.18,3.771,32.4,32.46,31.29,30.73,34.5,30.73,4914668.0,161479925.0,14:42:51
sz301399,英特科技,17.44,0.38,2.227,17.44,17.45,17.06,17.06,17.57,16.86,3218752.0,55692187.0,14:42:51
sz301408,华人健康,15.41,0.52,3.492,15.4,15.41,14.89,14.85,15.49,14.5,11133863.0,166695491.0,14:42:51
sz301413,安培龙,61.14,1.07,1.781,61.11,61.13,60.07,59.46,61.57,58.08,2802504.0,167797540.0,14:42:51
sz301418,协昌科技,36.3,-0.84,-2.262,36.29,36.31,37.14,36.01,36.66,35.38,1845800.0,66533201.0,14:42:51
sz301419,阿莱德,39.11,-1.99,-4.842,39.11,39.13,41.1,41.72,42.2,37.68,11156696.0,434098687.0,14:42:51
sz301421,波长光电,76.59,0.04,0.052,76.58,76.59,76.55,75.55,76.96,72.85,3219020.0,241359299.0,14:42:51
sz301428,世纪恒通,28.13,0.57,2.068,28.12,28.13,27.56,27.36,28.23,27.14,1554800.0,43240178.0,14:42:45
sz301429,森泰股份,17.59,0.44,2.566,17.59,17.61,17.15,17.17,17.62,17.05,1054400.0,18376232.0,14:42:42
sz301439,泓淋电力,15.21,0.46,3.119,15.2,15.21,14.75,14.6,15.22,14.46,4974724.0,74252083.0,14:42:51
sz301446,福事特,34.46,-0.81,-2.297,34.44,34.52,35.27,35.27,35.27,33.4,1162350.0,39701212.0,14:42:48
sz301448,开创电气,45.12,3.87,9.382,45.11,45.15,41.25,42.34,45.15,41.61,2979966.0,128610329.0,14:42:51
sz301449,天溯计量,46.95,2.6,5.862,46.95,47.0,44.35,44.25,47.99,43.2,5446074.0,246330996.0,14:42:51
sz301456,盘古智能,23.35,0.53,2.323,23.32,23.35,22.82,22.82,23.36,22.75,1341900.0,31030013.0,14:42:30
sz301458,钧崴电子,36.59,0.15,0.412,36.58,36.59,36.44,35.94,37.05,34.94,4330538.0,156101071.0,14:42:51
sz301459,丰茂股份,31.77,-0.36,-1.12,31.77,31.78,32.13,32.0,32.47,31.25,1634624.0,52088096.0,14:42:51
sz301468,博盈特焊,33.59,-0.1,-0.297,33.59,33.6,33.69,33.69,33.75,32.53,3555788.0,117931860.0,14:42:51
sz301469,恒达新材,29.28,0.79,2.773,29.28,29.3,28.49,28.39,29.44,28.29,976289.0,28327729.0,14:42:51
sz301479,弘景光电,49.44,0.91,1.875,49.43,49.44,48.53,47.62,50.4,46.67,1924923.0,93293299.0,14:42:51
sz301486,致尚科技,171.88,3.88,2.31,171.88,171.93,168.0,165.0,172.88,162.66,3301029.0,555752014.0,14:42:51
sz301487,盟固利,16.38,-0.36,-2.151,16.38,16.39,16.74,16.58,16.85,15.99,16911800.0,275771741.0,14:42:51
sz301488,豪恩汽电,99.41,2.61,2.696,99.35,99.41,96.8,95.9,99.74,95.0,947040.0,92643966.0,14:42:51
sz301489,思泉新材,117.43,3.44,3.018,117.43,117.52,113.99,114.0,119.65,109.8,8929541.0,1029504141.0,14:42:51
sz301491,汉桑科技,39.04,0.54,1.403,39.02,39.04,38.5,38.75,39.16,38.24,460227.0,17900247.0,14:42:30
sz301498,乖宝宠物,39.0,1.23,3.257,38.99,39.0,37.77,37.77,39.11,37.71,3855107.0,148615013.0,14:42:51
sz301499,维科精密,24.92,0.67,2.763,24.91,24.92,24.25,24.06,25.0,23.77,1335644.0,32724232.0,14:42:51
sz301500,飞南资源,22.32,-0.93,-4.0,22.32,22.33,23.25,23.11,23.56,21.92,11466310.0,257799568.0,14:42:51
sz301501,恒鑫生活,28.15,0.44,1.588,28.12,28.16,27.71,27.62,28.17,27.56,666856.0,18680517.0,14:42:51
sz301502,华阳智能,51.98,1.58,3.135,51.97,52.03,50.4,50.15,52.19,49.0,654924.0,33207839.0,14:42:51
sz301503,智迪科技,22.43,0.83,3.843,22.41,22.43,21.6,21.69,22.51,21.47,872870.0,19352013.0,14:42:51
sz301505,苏州规划,15.98,-0.08,-0.498,15.98,15.99,16.06,15.8,16.1,15.17,4287420.0,67423037.0,14:42:51
sz301507,民生健康,12.92,0.26,2.054,12.91,12.92,12.66,12.66,12.94,12.51,2206145.0,28190716.0,14:42:51
sz301508,中机认检,24.5,0.79,3.332,24.48,24.5,23.71,24.11,24.62,23.9,2304078.0,56176847.0,14:42:51
sz301509,金凯生科,30.27,0.8,2.715,30.26,30.27,29.47,29.18,30.33,28.73,2956502.0,87197635.0,14:42:51
sz301510,固高科技,26.31,0.66,2.573,26.3,26.31,25.65,25.5,26.44,25.14,4699900.0,121470695.0,14:42:51
sz301511,德福科技,81.2,-0.67,-0.818,81.16,81.2,81.87,81.32,82.88,77.0,35734461.0,2851224767.0,14:42:51
sz301512,智信精密,32.67,1.8,5.831,32.67,32.72,30.87,30.82,33.25,30.5,1745042.0,55915706.0,14:42:48
sz301513,尚水智能,49.11,0.2,0.409,49.11,49.18,48.91,47.88,49.3,47.6,962990.0,46724652.0,14:42:51
sz301515,港通医疗,19.9,0.82,4.298,19.86,19.9,19.08,19.04,19.96,18.91,1334400.0,26156634.0,14:42:33
sz301516,中远通,23.41,-0.72,-2.984,23.41,23.42,24.13,23.76,23.76,22.68,10759792.0,248251402.0,14:42:51
sz301517,陕西华达,37.92,0.26,0.69,37.91,37.93,37.66,36.9,38.07,35.82,2342900.0,86546687.0,14:42:51
sz301518,长华化学,25.37,0.56,2.257,25.36,25.38,24.81,24.63,25.49,24.55,1718687.0,43222251.0,14:42:51
sz301519,舜禹股份,12.34,0.29,2.407,12.33,12.34,12.05,12.0,12.37,11.91,2033200.0,24811592.0,14:42:51
sz301520,万邦医药,81.75,4.65,6.031,81.75,81.77,77.1,76.5,83.26,74.0,11427237.0,907297013.0,14:42:51
sz301522,上大股份,23.01,0.51,2.267,23.01,23.03,22.5,22.35,23.08,22.2,3032600.0,69200691.0,14:42:51
sz301525,儒竞科技,39.12,0.47,1.216,39.06,39.13,38.65,38.66,39.48,38.01,774340.0,30078610.0,14:42:48
sz301526,国际复材,30.12,0.03,0.1,30.11,30.12,30.09,29.55,30.94,28.87,98870877.0,2948852722.0,14:42:51
sz301528,多浦乐,54.62,-0.57,-1.033,54.63,54.7,55.19,54.63,55.79,53.34,949078.0,51627612.0,14:42:48
sz301529,福赛科技,115.81,5.63,5.11,115.8,115.81,110.18,109.43,116.86,105.0,3636179.0,402824727.0,14:42:51
sz301531,春光集团,48.98,0.63,1.303,48.92,48.98,48.35,48.35,49.25,47.28,1406516.0,67948897.0,14:42:48
sz301533,威马农机,27.36,0.67,2.51,27.36,27.38,26.69,26.63,27.43,26.35,758600.0,20533005.0,14:42:48
sz301535,浙江华远,14.39,-0.1,-0.69,14.39,14.4,14.49,14.35,14.46,13.96,2036786.0,28930128.0,14:42:51
sz301536,星宸科技,114.27,-0.04,-0.035,114.25,114.27,114.31,113.18,115.33,108.71,10143204.0,1141376558.0,14:42:51
sz301538,骏鼎达,38.48,1.13,3.025,38.48,38.5,37.35,36.61,38.57,36.39,1690771.0,63574681.0,14:42:51
sz301539,宏鑫科技,14.86,0.32,2.201,14.84,14.86,14.54,14.46,14.86,14.36,1084582.0,15898167.0,14:42:42
sz301548,崇德科技,61.29,0.59,0.972,61.28,61.29,60.7,60.32,61.74,58.52,1105299.0,66687637.0,14:42:51
sz301550,斯菱智驱,85.92,-0.96,-1.105,85.91,85.94,86.88,86.74,86.87,82.65,6798924.0,574406303.0,14:42:51
sz301551,无线传媒,20.05,0.5,2.558,20.05,20.06,19.55,19.45,20.09,19.4,4137071.0,81777231.0,14:42:51
sz301552,科力装备,25.55,-0.3,-1.161,25.55,25.57,25.85,25.4,25.84,24.7,1851950.0,46770533.0,14:42:51
sz301555,惠柏新材,32.7,2.24,7.354,32.68,32.69,30.46,30.59,32.8,30.0,2781189.0,88407961.0,14:42:51
sz301556,托普云农,57.87,1.64,2.917,57.85,57.87,56.23,55.81,58.1,55.81,1401406.0,80439577.0,14:42:51
sz301557,常友科技,86.53,-0.29,-0.334,86.52,86.54,86.82,86.81,87.36,84.82,949548.0,81740597.0,14:42:51
sz301558,三态股份,6.67,0.18,2.773,6.67,6.68,6.49,6.47,6.69,6.44,4869749.0,32129518.0,14:42:45
sz301559,中集环科,13.03,0.21,1.638,13.03,13.05,12.82,12.86,13.06,12.73,1237430.0,16058805.0,14:42:33
sz301560,众捷汽车,23.05,0.75,3.363,23.05,23.06,22.3,22.32,23.16,22.01,1073940.0,24372412.0,14:42:51
sz301563,云汉芯城,120.86,0.51,0.424,120.85,120.95,120.35,118.5,121.49,116.27,993503.0,118413431.0,14:42:51
sz301565,中仑新材,20.15,0.22,1.104,20.14,20.15,19.93,19.99,20.15,19.7,4992532.0,99655626.0,14:42:51
sz301566,达利凯普,24.88,0.3,1.221,24.87,24.88,24.58,24.19,25.1,23.49,12712336.0,309801098.0,14:42:51
sz301567,贝隆精密,36.88,1.65,4.684,36.84,36.89,35.23,34.85,36.94,34.85,1100687.0,39686855.0,14:42:51
sz301568,思泰克,71.27,1.31,1.872,71.27,71.34,69.96,69.1,71.5,66.34,2970924.0,205306422.0,14:42:51
sz301571,国科天成,64.57,-0.34,-0.524,64.56,64.57,64.91,64.87,65.38,62.93,1847315.0,118647064.0,14:42:51
sz301575,艾芬达,27.07,1.2,4.639,27.07,27.08,25.87,25.74,27.2,25.5,1372823.0,36568287.0,14:42:45
sz301577,美信科技,56.62,1.46,2.647,56.62,56.67,55.16,54.33,56.93,53.5,1159000.0,63916213.0,14:42:51
sz301578,辰奕智能,23.12,0.58,2.573,23.11,23.12,22.54,22.19,23.19,22.19,711235.0,16272980.0,14:42:51
sz301580,爱迪特,50.55,1.59,3.248,50.53,50.55,48.96,48.13,51.5,47.88,5054204.0,250957519.0,14:42:51
sz301581,黄山谷捷,36.81,-0.38,-1.022,36.81,36.88,37.19,37.0,37.01,35.75,657300.0,23983360.0,14:42:48
sz301583,托伦斯,123.22,-1.48,-1.187,123.2,123.22,124.7,122.41,125.7,120.13,3622103.0,444359948.0,14:42:51
sz301584,建发致新,21.77,0.45,2.111,21.77,21.78,21.32,21.15,21.8,21.03,2054195.0,44227601.0,14:42:51
sz301585,蓝宇股份,26.41,-0.29,-1.086,26.4,26.41,26.7,26.82,26.82,25.9,623300.0,16385811.0,14:42:45
sz301586,佳力奇,31.38,0.62,2.016,31.39,31.4,30.76,30.48,31.47,30.38,621154.0,19250451.0,14:42:30
sz301587,中瑞股份,21.66,0.45,2.122,21.66,21.67,21.21,20.89,21.75,20.89,2784525.0,59797079.0,14:42:51
sz301588,美新科技,28.06,1.24,4.623,28.05,28.06,26.82,26.56,28.24,26.2,3667500.0,100576601.0,14:42:51
sz301589,诺瓦星云,140.82,1.67,1.2,140.81,140.97,139.15,138.0,142.13,138.0,768069.0,107723369.0,14:42:45
sz301590,优优绿能,72.73,1.13,1.578,72.73,72.92,71.6,71.0,73.24,70.3,606246.0,43655188.0,14:42:51
sz301591,肯特股份,39.87,2.33,6.207,39.86,39.88,37.54,36.85,41.43,35.88,13729515.0,535515965.0,14:42:51
sz301592,六九一二,103.94,1.17,1.138,103.94,104.08,102.77,101.8,104.44,100.54,615362.0,63166062.0,14:42:51
sz301595,太力科技,39.22,0.68,1.764,39.21,39.26,38.54,38.96,39.48,38.14,564796.0,21968645.0,14:42:51
sz301596,瑞迪智驱,46.81,0.31,0.667,46.8,46.83,46.5,46.0,47.25,45.31,1144062.0,53057384.0,14:42:48
sz301598,博科测试,53.2,-2.26,-4.075,53.18,53.2,55.46,54.9,54.9,50.61,2705673.0,143282705.0,14:42:51
sz301599,理奇智能,33.82,-1.55,-4.382,33.82,33.83,35.37,34.7,35.17,32.93,6675373.0,225654393.0,14:42:51
sz301600,慧翰股份,86.07,2.4,2.868,86.07,86.11,83.67,83.13,86.33,83.01,668700.0,57002524.0,14:42:39
sz301601,惠通科技,16.46,0.43,2.682,16.46,16.47,16.03,15.84,16.5,15.81,2607300.0,42432981.0,14:42:51
sz301602,超研股份,16.62,0.54,3.358,16.62,16.63,16.08,16.09,16.69,15.86,5634483.0,91972210.0,14:42:48
sz301603,乔锋智能,121.88,2.88,2.42,121.8,121.89,119.0,119.56,124.2,117.25,3871900.0,468705816.0,14:42:51
sz301606,绿联科技,54.93,5.98,12.217,54.93,54.94,48.95,52.83,56.0,51.39,8136883.0,441058911.0,14:42:51
sz301607,富特科技,41.89,-0.37,-0.876,41.89,41.91,42.26,41.94,42.4,40.38,6754380.0,279816952.0,14:42:51
sz301608,博实结,46.18,0.76,1.673,46.18,46.26,45.42,45.57,46.55,45.01,834108.0,38228638.0,14:42:51
sz301609,山大电力,33.27,0.27,0.818,33.25,33.27,33.0,32.68,33.35,32.22,1685340.0,55493430.0,14:42:51
sz301611,珂玛科技,99.14,-3.76,-3.654,99.14,99.15,102.9,100.48,101.56,94.24,11218194.0,1097068471.0,14:42:51
sz301613,新铝时代,35.92,-0.57,-1.562,35.92,35.93,36.49,35.05,35.98,34.73,1264124.0,44817848.0,14:42:48
sz301616,浙江华业,35.48,0.98,2.841,35.47,35.5,34.5,34.45,35.55,34.06,521749.0,18220556.0,14:42:39
sz301617,博苑新材,50.22,2.11,4.386,50.22,50.23,48.11,48.1,50.86,46.38,2673931.0,130449455.0,14:42:51
sz301618,长联科技,32.33,0.28,0.874,32.31,32.33,32.05,32.01,32.59,31.51,1192300.0,38287105.0,14:42:51
sz301622,英思特,40.16,0.54,1.363,40.06,40.16,39.62,39.6,40.56,38.81,1966600.0,78222982.0,14:42:51
sz301626,苏州天脉,259.1,7.12,2.826,259.11,259.46,251.98,247.45,266.87,242.24,2078130.0,529725107.0,14:42:51
sz301628,强达电路,90.3,1.8,2.034,90.12,90.3,88.5,87.01,91.4,85.0,1724093.0,152707068.0,14:42:51
sz301629,矽电股份,256.52,0.73,0.285,256.21,256.78,255.79,245.0,260.7,240.02,1100368.0,277477789.0,14:42:51
sz301630,同宇新材,163.34,1.41,0.871,163.34,163.58,161.93,160.0,163.85,154.6,985263.0,157303906.0,14:42:51
sz301631,壹连科技,61.81,1.69,2.811,61.78,61.81,60.12,59.02,62.3,58.69,3074267.0,185761783.0,14:42:51
sz301632,广东建科,13.43,0.1,0.75,13.42,13.43,13.33,13.35,13.46,13.28,2555813.0,34193344.0,14:42:51
sz301633,港迪技术,56.66,0.86,1.541,56.65,56.66,55.8,54.58,57.88,54.14,1016486.0,57598798.0,14:42:51
sz301636,泽润新能,40.31,0.33,0.825,40.26,40.31,39.98,39.62,40.39,39.18,648072.0,25853181.0,14:42:51
sz301638,南网数字,22.36,0.26,1.176,22.35,22.36,22.1,21.85,22.38,21.81,5241440.0,116051242.0,14:42:51
sz301655,C绿控,26.8,-0.19,-0.704,26.78,26.79,26.99,25.38,28.6,25.02,18551822.0,505300451.0,14:42:51
sz301656,联合动力,15.27,-1.16,-7.06,15.26,15.27,16.43,15.6,15.6,14.66,10240543.0,153635870.0,14:42:51
sz301658,首航新能,23.69,-0.16,-0.671,23.68,23.69,23.85,23.54,23.81,23.1,5439189.0,127681748.0,14:42:51
sz301662,宏工科技,70.35,-1.13,-1.581,70.35,70.36,71.48,70.06,73.45,69.48,3451306.0,245370866.0,14:42:51
sz301665,泰禾股份,24.49,0.26,1.073,24.49,24.5,24.23,24.2,25.02,24.05,3525213.0,86475635.0,14:42:51
sz301666,大普微,397.0,-11.66,-2.853,396.22,397.0,408.66,395.15,403.15,383.06,1701262.0,669532850.0,14:42:51
sz301667,纳百川,64.09,1.65,2.643,64.08,64.1,62.44,61.64,64.2,60.58,1822466.0,114021057.0,14:42:51
sz301668,昊创瑞通,34.38,0.4,1.177,34.37,34.38,33.98,33.67,34.4,33.2,834245.0,28163633.0,14:42:51
sz301669,高特电子,28.1,0.53,1.922,28.1,28.12,27.57,27.5,28.25,26.8,3783010.0,104499183.0,14:42:51
sz301677,欣兴工具,54.01,-0.07,-0.129,54.0,54.01,54.08,53.3,54.19,52.84,1444610.0,77497081.0,14:42:51
sz301678,新恒汇,44.41,0.13,0.294,44.41,44.42,44.28,43.6,44.56,42.73,1852582.0,81074997.0,14:42:51
sz301680,固德电材,96.54,-1.61,-1.64,96.55,96.89,98.15,95.84,98.18,94.2,1053102.0,101341525.0,14:42:48
sz301682,宏明电子,109.22,-0.46,-0.419,109.18,109.22,109.68,109.01,109.65,105.7,1433292.0,154679080.0,14:42:51
sz301683,慧谷新材,99.59,-0.41,-0.41,99.52,99.74,100.0,98.98,99.83,96.52,509802.0,50157741.0,14:42:45
sz301687,新广益,50.21,2.29,4.779,50.21,50.22,47.92,46.87,50.49,46.75,3171565.0,155973056.0,14:42:51
sz301696,三瑞智能,96.85,1.17,1.223,96.88,96.91,95.68,96.0,97.43,94.11,1222982.0,117192338.0,14:42:51
sz301707,展芯股份,78.38,-0.04,-0.051,78.39,78.4,78.42,77.0,79.39,76.5,3295765.0,256950621.0,14:42:51
sz301717,超纯应材,379.5,-10.49,-2.69,379.2,379.5,389.99,373.0,389.98,362.94,3272321.0,1239043496.0,14:42:51
sz302132,中航成飞,56.19,-0.51,-0.899,56.18,56.19,56.7,56.5,56.98,55.9,3927899.0,221029488.0,14:42:51
