日期,股票代码,开盘,收盘,最高,最低,成交量,成交额,振幅,涨跌幅,涨跌额,换手率,名称
2026-06-25,301300,33.99,32.42,34.0,32.0,10675.92,34903661.0,,,,2.715550813904447,远翔新材
2026-06-26,301300,32.17,32.0,33.25,31.32,16225.62,52206074.0,5.9531,-1.2955,-0.42,4.127184879345693,远翔新材
2026-06-29,301300,32.0,31.46,32.18,30.44,9964.0,31173349.0,5.4375,-1.6875,-0.54,2.5344652554294065,远翔新材
2026-06-30,301300,31.65,31.37,31.86,30.79,10790.01,33777981.0,3.4011,-0.2861,-0.09,2.7445710006760184,远翔新材
2026-07-01,301300,31.37,32.01,32.31,30.9,9894.01,31271927.0,4.4947,2.0402,0.64,2.5166624429818447,远翔新材
2026-07-02,301300,32.0,31.91,32.94,31.68,9299.58,30022470.0,3.9363,-0.3124,-0.1,2.365461902858912,远翔新材
2026-07-03,301300,32.18,32.23,32.55,31.7,9047.0,29135902.0,2.6637,1.0028,0.32,2.3012150909142752,远翔新材
2026-07-06,301300,32.26,31.96,32.88,31.85,8233.01,26570386.0,3.1958,-0.8377,-0.27,2.0941667796670873,远翔新材
2026-07-07,301300,32.16,30.44,32.16,30.44,7192.94,22337864.0,5.3817,-4.7559,-1.52,1.829612255558851,远翔新材
2026-07-08,301300,30.44,29.89,30.51,29.8,6761.0,20339489.0,2.3325,-1.8068,-0.55,1.7197430341186488,远翔新材
2026-07-09,301300,29.75,29.59,30.22,28.73,6179.0,18153715.0,4.9849,-1.0037,-0.3,1.5717042165092634,远翔新材
2026-07-10,301300,28.99,29.82,30.48,28.99,10538.0,31498855.0,5.0355,0.7773,0.23,2.6804691752022363,远翔新材
2026-07-13,301300,29.95,28.97,30.05,28.72,8090.0,23629114.0,4.4601,-2.8504,-0.85,2.0577904372163687,远翔新材
2026-07-14,301300,28.97,29.82,29.88,28.4,7185.51,20983488.0,5.1087,2.9341,0.85,1.8277223441931507,远翔新材
2026-07-15,301300,29.79,29.95,30.22,29.39,7825.0,23317036.0,2.7834,0.4359,0.13,1.99038444638048,远翔新材
2026-07-16,301300,29.94,30.07,30.56,29.41,6481.5,19521035.0,3.8397,0.4007,0.12,1.6486487909540042,远翔新材
2026-07-17,301300,30.4,28.73,30.4,28.31,11047.85,32538978.0,6.9504,-4.4563,-1.34,2.8101557579481904,远翔新材
2026-07-20,301300,29.22,28.25,30.73,27.63,15799.0,46200945.0,10.7901,-1.6707,-0.48,4.018668864966799,远翔新材
2026-07-21,301300,28.11,27.51,28.2,26.02,13401.5,36396350.0,7.7168,-2.6195,-0.74,3.4088354195741863,远翔新材
2026-07-22,301300,27.26,26.76,27.77,26.65,10307.94,27946833.0,4.0712,-2.7263,-0.75,2.6219506006675024,远翔新材
2026-07-23,301300,26.92,27.69,27.74,26.65,5883.39,16034676.0,4.0732,3.4753,0.93,1.4965121978262559,远翔新材
2026-07-24,301300,27.93,26.63,27.93,26.5,6226.31,16787624.0,5.1643,-3.8281,-1.06,1.5837380935901912,远翔新材
2026-07-27,301300,26.98,27.51,27.7,26.41,9266.95,25309021.0,4.8442,3.3045,0.88,2.3571620633080625,远翔新材
2026-07-28,301300,27.59,27.57,28.2,27.15,7755.0,21560902.0,3.8168,0.2181,0.06,1.9725790903106228,远翔新材
2026-07-29,301300,27.67,28.11,28.28,27.6,6095.0,17044806.0,2.4664,1.9587,0.54,1.5503377892254346,远翔新材
2026-07-30,301300,28.11,27.78,28.65,27.4,7384.06,20695767.0,4.4468,-1.174,-0.33,1.8782259648741533,远翔新材
2026-07-31,301300,27.76,28.27,28.84,27.0,7064.79,20070671.0,6.6235,1.7639,0.49,1.7970157358395338,远翔新材
2026-08-03,301300,28.27,29.4,29.55,28.14,9690.06,28135551.0,4.9876,3.9972,1.13,2.4647852662611673,远翔新材
2026-08-04,301300,29.58,29.99,30.33,29.4,9580.0,28772404.0,3.1633,2.0068,0.59,2.4367901592747607,远翔新材
2026-08-05,301300,30.17,30.28,30.72,29.51,8996.0,27197185.0,4.0347,0.967,0.29,2.3022532471918,远翔新材
2026-08-06,301300,30.4,30.58,30.78,30.0,6429.48,19534402.0,2.576,0.9908,0.3,1.6454303254507263,远翔新材
2026-08-07,301300,30.58,30.62,30.65,29.89,5983.85,18129722.0,2.4853,0.1308,0.04,1.5313848480667687,远翔新材
2026-08-10,301300,30.74,31.39,31.54,29.59,10049.99,30947580.0,6.3684,2.5147,0.77,2.5719900079752245,远翔新材
2026-08-11,301300,31.51,31.36,31.69,30.73,6691.49,20875183.0,3.0583,-0.0956,-0.03,1.712483835154675,远翔新材
2026-08-12,301300,30.83,31.61,31.9,30.06,4976.0,15736996.0,5.8673,0.7972,0.25,1.2734562203230766,远翔新材
2026-08-13,301300,31.65,31.06,31.88,31.0,5765.0,18071820.0,2.7839,-1.74,-0.55,1.4753768308204454,远翔新材
2026-08-14,301300,31.07,31.19,31.39,30.81,4909.86,15276873.0,1.8674,0.4185,0.13,1.2565296941148434,远翔新材
2026-08-17,301300,31.12,32.42,32.65,31.03,12333.83,39748585.0,5.194,3.9436,1.23,3.1564695606727033,远翔新材
2026-08-18,301300,32.16,32.95,32.95,32.09,11403.4,37150313.0,2.6527,1.6348,0.53,2.9183542328842784,远翔新材
2026-08-19,301300,32.28,31.62,32.54,31.38,8931.77,28345710.0,3.5205,-4.0364,-1.33,2.2858155275311587,远翔新材
2026-08-20,301300,31.63,32.23,32.47,31.63,6145.12,19755439.0,2.6565,1.9292,0.61,1.5726570113809777,远翔新材
2026-08-21,301300,32.2,32.23,32.36,31.45,4459.0,14263589.0,2.8235,0.0,0.0,1.1411457569173227,远翔新材
2026-08-24,301300,32.54,31.83,32.54,31.3,6694.0,21261579.0,3.8473,-1.2411,-0.4,1.7131261934973223,远翔新材
2026-06-25,301301,8.46,8.19,8.46,8.05,137821.64,112841190.0,,,,2.2309119992949227,川宁生物
2026-06-26,301301,8.18,7.9,8.25,7.89,107086.0,85567264.0,4.3956,-3.5409,-0.29,1.7334167746205005,川宁生物
2026-06-29,301301,7.9,8.21,8.3,7.69,200423.44,161879911.0,7.7215,3.9241,0.31,3.2442835937764545,川宁生物
2026-06-30,301301,8.15,7.94,8.17,7.88,152838.0,122073622.0,3.5323,-3.2887,-0.27,2.465200177139951,川宁生物
2026-07-01,301301,7.88,8.25,8.28,7.8,193663.86,156500932.0,6.0453,3.9043,0.31,3.123700794158564,川宁生物
2026-07-02,301301,8.25,8.39,8.53,8.25,169329.39,142345417.0,3.3939,1.697,0.14,2.73119801504207,川宁生物
2026-07-03,301301,8.4,8.54,8.61,8.36,154807.55,131460107.0,2.9797,1.7878,0.15,2.4969680294337913,川宁生物
2026-07-06,301301,8.56,8.75,8.88,8.41,235775.87,205596349.0,5.5035,2.459,0.21,3.8029463647085544,川宁生物
2026-07-07,301301,8.69,8.4,8.75,8.36,145891.18,123943695.0,4.4571,-4.0,-0.35,2.353151459579139,川宁生物
2026-07-08,301301,8.4,8.3,8.53,8.24,100177.0,83562767.0,3.4524,-1.1905,-0.1,1.6158046961184318,川宁生物
2026-07-09,301301,8.24,8.21,8.44,8.13,121292.61,99869052.0,3.7349,-1.0843,-0.09,1.9563888801068254,川宁生物
2026-07-10,301301,8.2,8.42,8.53,8.1,138571.29,116382256.0,5.2375,2.5579,0.21,2.2350853102926727,川宁生物
2026-07-13,301301,8.4,8.44,8.54,8.35,135326.0,114004190.0,2.2565,0.2375,0.02,2.182740412539035,川宁生物
2026-07-14,301301,8.43,8.57,8.6,8.33,173329.72,147772679.0,3.1991,1.5403,0.13,2.795721328776993,川宁生物
2026-07-15,301301,8.53,8.76,8.87,8.48,196561.64,171994716.0,4.5508,2.217,0.19,3.170440530149042,川宁生物
2026-07-16,301301,8.71,8.89,8.95,8.64,215815.14,190534529.0,3.5388,1.484,0.13,3.480989815081873,川宁生物
2026-07-17,301301,8.84,8.49,8.95,8.47,211012.0,182424474.0,5.3993,-4.4994,-0.4,3.4035175792581382,川宁生物
2026-07-20,301301,8.43,8.66,8.68,8.4,169152.0,144722834.0,3.298,2.0024,0.17,2.7283368034361675,川宁生物
2026-07-21,301301,8.61,8.56,8.75,8.51,146203.21,125911649.0,2.7714,-1.1547,-0.1,2.3581843467621235,川宁生物
2026-07-22,301301,8.53,8.61,8.69,8.47,127754.74,109448604.0,2.5701,0.5841,0.05,2.060619791403109,川宁生物
2026-07-23,301301,8.6,8.67,8.7,8.44,139523.22,119251473.0,3.0197,0.6969,0.06,2.2504394630859887,川宁生物
2026-07-24,301301,8.61,8.37,8.68,8.28,123355.68,104251560.0,4.6136,-3.4602,-0.3,1.9896651630302613,川宁生物
2026-07-27,301301,8.33,8.55,8.62,8.33,91722.17,78285926.0,3.4648,2.1505,0.18,1.4794325346553914,川宁生物
2026-07-28,301301,8.54,8.45,8.6,8.39,97514.0,82624919.0,2.4561,-1.1696,-0.1,1.572851843609738,川宁生物
2026-07-29,301301,8.48,8.58,8.66,8.45,120370.81,103125395.0,2.4852,1.5385,0.13,1.941520709080722,川宁生物
2026-07-30,301301,8.56,8.66,8.75,8.55,111335.38,96315452.0,2.331,0.9324,0.08,1.7957837612239347,川宁生物
2026-07-31,301301,8.61,8.72,8.76,8.6,127194.0,110642541.0,1.8476,0.6928,0.06,2.0515753368346807,川宁生物
2026-08-03,301301,8.7,8.89,8.91,8.65,142910.8,126576140.0,2.9817,1.9495,0.17,2.3050794270744976,川宁生物
2026-08-04,301301,8.89,8.87,8.98,8.8,114983.42,102029647.0,2.0247,-0.225,-0.02,1.854624814196452,川宁生物
2026-08-05,301301,8.9,8.76,8.91,8.71,116942.73,102679145.0,2.2548,-1.2401,-0.11,1.8862275004333309,川宁生物
2026-08-06,301301,8.8,8.76,8.8,8.68,111330.72,97214814.0,1.3699,0.0,0.0,1.795708597764419,川宁生物
2026-08-07,301301,8.75,9.05,9.07,8.65,210658.52,187310618.0,4.7945,3.3105,0.29,3.3978161243934095,川宁生物
2026-08-10,301301,9.08,9.04,9.25,9.01,153167.66,139484139.0,2.6519,-0.1105,-0.01,2.4705174273682706,川宁生物
2026-08-11,301301,9.0,9.02,9.18,8.91,134811.0,122152392.0,2.9867,-0.2212,-0.02,2.174433721197699,川宁生物
2026-08-12,301301,9.0,8.96,9.11,8.92,106798.99,95972929.0,2.1064,-0.6652,-0.06,1.7226140689250566,川宁生物
2026-08-13,301301,8.94,8.96,9.11,8.81,171114.99,153614576.0,3.3482,0.0,0.0,2.759998846224767,川宁生物
2026-08-14,301301,8.9,8.89,9.09,8.83,120166.22,107288966.0,2.9018,-0.7812,-0.07,1.9382207751360152,川宁生物
2026-08-17,301301,8.84,8.86,8.95,8.68,118130.0,104279071.0,3.0371,-0.3375,-0.03,1.9053775692271715,川宁生物
2026-08-18,301301,8.88,9.25,9.35,8.83,354699.03,325568706.0,5.8691,4.4018,0.39,5.721117206371248,川宁生物
2026-08-19,301301,9.16,8.91,9.43,8.85,252604.48,228342638.0,6.2703,-3.6757,-0.34,4.074383391841984,川宁生物
2026-08-20,301301,9.05,9.45,9.49,9.05,337221.06,314902215.0,4.9383,6.0606,0.54,5.43920632857877,川宁生物
2026-08-21,301301,9.25,9.02,9.3,8.88,261826.31,235351341.0,4.4444,-4.5503,-0.43,4.223126878079402,川宁生物
2026-08-24,301301,8.95,8.62,9.0,8.6,161133.08,140897733.0,4.4346,-4.4346,-0.4,2.598995651337402,川宁生物
2026-06-25,301302,27.95,26.49,28.28,26.35,82812.56,223536448.0,,,,5.9581667745881,华如科技
2026-06-26,301302,26.52,26.03,27.5,25.78,93140.6,245583265.0,6.493,-1.7365,-0.46,6.701244693862868,华如科技
2026-06-29,301302,26.05,26.53,27.81,25.77,114310.74,304800021.0,7.8371,1.9209,0.5,8.22438592704511,华如科技
2026-06-30,301302,26.54,26.92,27.58,26.48,104238.82,280474237.0,4.1462,1.47,0.39,7.499735232750558,华如科技
2026-07-01,301302,27.19,27.25,28.27,26.85,108690.44,297951346.0,5.2749,1.2259,0.33,7.820018706381754,华如科技
2026-07-02,301302,26.93,26.99,28.68,26.82,134399.21,372030652.0,6.8257,-0.9541,-0.26,9.66970357579682,华如科技
2026-07-03,301302,27.28,27.67,28.27,26.94,132697.87,367021250.0,4.9278,2.5195,0.68,9.547296208360313,华如科技
2026-07-06,301302,27.46,25.45,27.96,25.22,128043.01,334878446.0,9.9024,-8.0231,-2.22,9.212390100007195,华如科技
2026-07-07,301302,25.19,24.41,25.69,24.32,82201.46,204141450.0,5.3831,-4.0864,-1.04,5.914199582703791,华如科技
2026-07-08,301302,24.58,23.99,24.8,23.86,58626.12,141404249.0,3.8509,-1.7206,-0.42,4.218009928771854,华如科技
2026-07-09,301302,24.05,24.07,24.38,23.27,62079.0,148119500.0,4.6269,0.3335,0.08,4.466436434275847,华如科技
2026-07-10,301302,24.01,24.19,25.22,23.76,84396.0,206395467.0,6.0656,0.4985,0.12,6.072091517375351,华如科技
2026-07-13,301302,24.38,22.22,24.85,22.09,86178.66,198303478.0,11.4097,-8.1439,-1.97,6.200349665443557,华如科技
2026-07-14,301302,22.11,22.24,22.4,21.45,70174.4,154176535.0,4.2754,0.09,0.02,5.048881214475862,华如科技
2026-07-15,301302,22.17,22.25,22.97,22.0,50913.67,114428762.0,4.3615,0.045,0.01,3.6631174904669397,华如科技
2026-07-16,301302,22.0,22.98,23.8,21.89,83236.04,192409239.0,8.5843,3.2809,0.73,5.988635153608173,华如科技
2026-07-17,301302,22.93,21.76,23.35,21.58,64338.56,143864412.0,7.7023,-5.309,-1.22,4.629006403338369,华如科技
2026-07-20,301302,21.88,20.74,22.18,20.26,70356.92,148932607.0,8.8235,-4.6875,-1.02,5.062013094467228,华如科技
2026-07-21,301302,20.5,20.85,21.0,18.68,84513.08,168813257.0,11.1861,0.5304,0.11,6.080515144974458,华如科技
2026-07-22,301302,20.69,20.42,21.0,20.16,47918.0,98420054.0,4.0288,-2.0624,-0.43,3.447586157277502,华如科技
2026-07-23,301302,20.43,21.02,21.08,20.33,44330.18,92365488.0,3.6729,2.9383,0.6,3.1894510396431395,华如科技
2026-07-24,301302,20.79,21.14,21.73,20.53,74750.76,158890915.0,5.7088,0.5709,0.12,5.378139434491691,华如科技
2026-07-27,301302,20.6,21.4,21.46,20.4,64806.5,136636419.0,5.0142,1.2299,0.26,4.662673573638392,华如科技
2026-07-28,301302,21.26,21.3,21.76,21.06,45432.01,97293406.0,3.271,-0.4673,-0.1,3.2687250881358367,华如科技
2026-07-29,301302,21.14,20.88,21.38,20.44,61012.5,127378135.0,4.4131,-1.9718,-0.42,4.389704295273042,华如科技
2026-07-30,301302,20.64,20.12,21.02,19.91,48194.97,98459895.0,5.3161,-3.6398,-0.76,3.46751349017915,华如科技
2026-07-31,301302,20.5,21.6,23.29,20.5,99618.47,215968758.0,13.8668,7.3559,1.48,7.167312036837183,华如科技
2026-08-03,301302,21.82,22.17,22.46,21.38,66740.0,147463961.0,5.0,2.6389,0.57,4.801784301028851,华如科技
2026-08-04,301302,22.7,23.89,24.8,22.1,110925.25,258925714.0,12.1786,7.7582,1.72,7.980807971796532,华如科技
2026-08-05,301302,24.56,24.4,25.18,23.67,134615.25,330007470.0,6.3206,2.1348,0.51,9.685247140082021,华如科技
2026-08-06,301302,23.64,24.21,24.7,23.61,96986.28,234800512.0,4.4672,-0.7787,-0.19,6.977932225339953,华如科技
2026-08-07,301302,24.0,23.99,24.18,23.25,59299.49,140665957.0,3.8414,-0.9087,-0.22,4.266457299086265,华如科技
2026-08-10,301302,24.35,24.46,24.47,23.65,54902.32,132470084.0,3.4181,1.9591,0.47,3.9500913734801064,华如科技
2026-08-11,301302,24.35,24.08,24.35,23.66,43146.24,103418392.0,2.8209,-1.5536,-0.38,3.104269371897259,华如科技
2026-08-12,301302,24.15,24.27,24.43,23.88,31391.26,76120774.0,2.2841,0.789,0.19,2.2585265126987553,华如科技
2026-08-13,301302,24.28,23.84,24.53,23.84,42028.22,101547705.0,2.843,-1.7717,-0.43,3.023830491402259,华如科技
2026-08-14,301302,23.86,23.6,24.08,23.26,43303.45,102005817.0,3.4396,-1.0067,-0.24,3.1155802575724874,华如科技
2026-08-17,301302,23.6,23.8,23.8,23.2,34001.84,80052126.0,2.5424,0.8475,0.2,2.4463515360817327,华如科技
2026-08-18,301302,23.71,23.33,23.79,23.06,31608.0,73576714.0,3.0672,-1.9748,-0.47,2.2741204403194475,华如科技
2026-08-19,301302,23.13,21.58,23.28,21.55,48815.5,107569137.0,7.4153,-7.5011,-1.75,3.512159148140154,华如科技
2026-08-20,301302,21.85,21.73,21.98,21.44,29000.44,63009683.0,2.5023,0.6951,0.15,2.086512698755306,华如科技
2026-08-21,301302,21.57,21.66,21.86,21.1,30638.64,66165227.0,3.4975,-0.3221,-0.07,2.2043772933304555,华如科技
2026-08-24,301302,21.4,20.64,21.45,20.37,46189.63,95632996.0,4.9861,-4.7091,-1.02,3.323234045614792,华如科技
2026-06-25,301303,17.46,17.16,17.49,16.89,71715.88,122755428.0,,,,7.01720939334638,真兰仪表
2026-06-26,301303,17.05,16.82,17.54,16.68,76814.2,130712304.0,5.0117,-1.9814,-0.34,7.516066536203522,真兰仪表
2026-06-29,301303,16.77,16.59,16.79,16.11,72601.46,119453596.0,4.0428,-1.3674,-0.23,7.103861056751468,真兰仪表
2026-06-30,301303,17.58,17.15,17.8,16.8,110249.24,189401699.0,6.0277,3.3755,0.56,10.78759686888454,真兰仪表
2026-07-01,301303,17.36,16.83,17.5,16.5,84968.77,142638859.0,5.8309,-1.8659,-0.32,8.313969667318982,真兰仪表
2026-07-02,301303,16.66,16.92,17.46,16.51,88865.24,151251521.0,5.6447,0.5348,0.09,8.695228962818003,真兰仪表
2026-07-03,301303,16.76,15.94,16.79,15.9,95680.6,155162589.0,5.26,-5.792,-0.98,9.362093933463797,真兰仪表
2026-07-06,301303,15.87,15.48,15.99,15.38,68776.46,107733084.0,3.8269,-2.8858,-0.46,6.729594911937379,真兰仪表
2026-07-07,301303,15.43,14.82,15.48,14.75,52579.94,78675362.0,4.7158,-4.2636,-0.66,5.144808219178082,真兰仪表
2026-07-08,301303,14.82,14.04,14.84,14.02,74325.47,106053527.0,5.5331,-5.2632,-0.78,7.272550880626223,真兰仪表
2026-07-09,301303,14.06,16.22,16.33,13.47,159835.43,241045601.0,20.3704,15.5271,2.18,15.639474559686889,真兰仪表
2026-07-10,301303,16.06,15.47,16.5,15.35,112920.38,177157165.0,7.09,-4.6239,-0.75,11.048960861056752,真兰仪表
2026-07-13,301303,15.32,14.68,15.71,14.63,68784.28,103696378.0,6.9813,-5.1067,-0.79,6.7303600782778865,真兰仪表
2026-07-14,301303,14.97,15.15,15.83,14.73,78370.35,118637782.0,7.4932,3.2016,0.47,7.668331702544032,真兰仪表
2026-07-15,301303,15.08,14.56,15.18,14.48,56482.08,82864737.0,4.6205,-3.8944,-0.59,5.526622309197652,真兰仪表
2026-07-16,301303,14.5,14.13,14.63,14.03,50972.92,72772308.0,4.1209,-2.9533,-0.43,4.987565557729941,真兰仪表
2026-07-17,301303,14.03,13.31,14.31,13.25,67826.52,92793251.0,7.5018,-5.8033,-0.82,6.6366457925636,真兰仪表
2026-07-20,301303,13.65,12.57,13.74,12.44,73230.45,94822715.0,9.7671,-5.5597,-0.74,7.165406066536203,真兰仪表
2026-07-21,301303,12.58,12.85,13.31,11.92,68346.1,85995191.0,11.0581,2.2275,0.28,6.687485322896282,真兰仪表
2026-07-22,301303,12.8,13.02,13.79,12.46,64772.15,85381890.0,10.3502,1.323,0.17,6.337783757338551,真兰仪表
2026-07-23,301303,13.03,13.2,13.23,12.97,25686.4,33667324.0,1.9969,1.3825,0.18,2.5133463796477495,真兰仪表
2026-07-24,301303,13.07,12.95,13.55,12.86,33583.0,44220501.0,5.2273,-1.8939,-0.25,3.2860078277886497,真兰仪表
2026-07-27,301303,12.95,13.13,13.21,12.83,24107.0,31530961.0,2.9344,1.39,0.18,2.3588062622309196,真兰仪表
2026-07-28,301303,13.0,13.01,13.2,12.96,25538.2,33405776.0,1.8279,-0.9139,-0.12,2.4988454011741683,真兰仪表
2026-07-29,301303,13.02,13.49,13.49,12.89,37985.77,50142440.0,4.6118,3.6895,0.48,3.7168072407045014,真兰仪表
2026-07-30,301303,13.4,13.01,13.48,12.97,36315.21,47838599.0,3.7806,-3.5582,-0.48,3.553347358121331,真兰仪表
2026-07-31,301303,13.18,13.5,13.6,13.17,40751.63,54620156.0,3.3051,3.7663,0.49,3.990889384316089,真兰仪表
2026-08-03,301303,13.95,13.81,14.0,13.5,73642.4,100875156.0,3.7037,2.2963,0.31,7.211948881444967,真兰仪表
2026-08-04,301303,13.85,13.82,13.95,13.62,51805.11,71360266.0,2.3896,0.0724,0.01,5.073378992504772,真兰仪表
2026-08-05,301303,13.71,13.72,13.88,13.67,52197.76,71762463.0,1.5195,-0.7236,-0.1,5.11183199958085,真兰仪表
2026-08-06,301303,13.65,13.39,13.73,13.32,52522.72,70636213.0,2.9883,-2.4052,-0.33,5.143655988322585,真兰仪表
2026-08-07,301303,13.5,14.51,14.65,13.35,122615.23,173917155.0,9.7087,8.3645,1.12,12.007956976505616,真兰仪表
2026-08-10,301303,14.32,14.19,14.49,14.1,59232.2,84060508.0,2.6878,-2.2054,-0.32,5.800728908013923,真兰仪表
2026-08-11,301303,14.1,15.0,15.14,14.09,106873.23,157718800.0,7.3996,5.7082,0.81,10.466311140795392,真兰仪表
2026-08-12,301303,14.89,14.86,15.13,14.68,68993.09,102517517.0,3.0,-0.9333,-0.14,6.756632568370014,真兰仪表
2026-08-13,301303,14.9,14.51,14.9,14.5,57834.94,84854650.0,2.6918,-2.3553,-0.35,5.663892415801722,真兰仪表
2026-08-14,301303,14.42,14.45,14.63,14.31,33641.75,48631155.0,2.2054,-0.4135,-0.06,3.29460448440506,真兰仪表
2026-08-17,301303,14.46,14.47,14.58,14.16,37554.32,54092080.0,2.9066,0.1384,0.02,3.677770362147707,真兰仪表
2026-08-18,301303,14.5,14.38,14.52,14.25,27840.02,39945335.0,1.8659,-0.622,-0.09,2.7264293545349623,真兰仪表
2026-08-19,301303,14.15,13.67,14.29,13.65,44581.4,61978104.0,4.4506,-4.9374,-0.71,4.365946490924395,真兰仪表
2026-08-20,301303,13.68,14.08,14.56,13.68,43941.49,62295019.0,6.4375,2.9993,0.41,4.303278812946417,真兰仪表
2026-08-21,301303,13.91,14.01,14.12,13.73,31667.0,43999778.0,2.7699,-0.4972,-0.07,3.1012132308115667,真兰仪表
2026-08-24,301303,13.92,14.05,14.12,13.7,30379.8,42212672.0,2.9979,0.2855,0.04,0.965842405566458,真兰仪表
2026-06-25,301305,31.59,30.44,32.27,29.32,192034.45,586752921.0,,,,15.44985561160058,朗坤科技
2026-06-26,301305,31.09,30.1,31.44,29.45,113497.73,347116386.0,6.5375,-1.117,-0.34,9.131296706108865,朗坤科技
2026-06-29,301305,30.19,27.83,30.57,27.34,137697.0,393035392.0,10.7309,-7.5415,-2.27,11.07821418579096,朗坤科技
2026-06-30,301305,27.55,28.32,28.67,26.96,85010.7,238119572.0,6.1444,1.7607,0.49,6.836319874217253,朗坤科技
2026-07-01,301305,28.29,28.65,28.8,27.95,62715.24,179107578.0,3.0014,1.1653,0.33,5.0433820875290385,朗坤科技
2026-07-02,301305,28.6,29.35,30.85,28.2,103156.26,308364692.0,9.2496,2.4433,0.7,8.295534449050795,朗坤科技
2026-07-03,301305,29.38,29.16,29.8,28.69,59440.83,173354620.0,3.7819,-0.6474,-0.19,4.780063303430852,朗坤科技
2026-07-06,301305,28.98,28.48,29.67,27.93,63512.37,182450461.0,5.9671,-2.332,-0.68,5.107485025880738,朗坤科技
2026-07-07,301305,28.15,26.84,28.48,26.63,56716.61,154733650.0,6.4958,-5.7584,-1.64,4.56098924183931,朗坤科技
2026-07-08,301305,26.15,25.03,26.52,24.76,75816.28,192958222.0,6.5574,-6.7437,-1.81,6.096930642298205,朗坤科技
2026-07-09,301305,25.59,23.65,26.33,23.33,113721.87,276212250.0,11.9856,-5.5134,-1.38,9.145190899664993,朗坤科技
2026-07-10,301305,24.64,24.44,25.28,24.04,94694.65,232723106.0,5.2431,3.3404,0.79,7.615075723138933,朗坤科技
2026-07-13,301305,24.1,22.85,24.49,22.63,99293.88,231998058.0,7.6105,-6.5057,-1.59,7.984932781780918,朗坤科技
2026-07-14,301305,22.64,23.16,23.2,22.15,46761.57,106470127.0,4.5952,1.3567,0.31,3.7604331024282978,朗坤科技
2026-07-15,301305,23.16,23.18,23.49,22.81,45263.35,104826069.0,2.9361,0.0864,0.02,3.6399504906870725,朗坤科技
2026-07-16,301305,22.96,22.06,23.17,21.88,56644.7,127349151.0,5.5651,-4.8318,-1.12,4.555206443178024,朗坤科技
2026-07-17,301305,21.86,20.72,22.13,20.51,70553.27,149813906.0,7.3436,-6.0743,-1.34,5.673694274862058,朗坤科技
2026-07-20,301305,20.98,20.19,21.68,19.89,84727.64,175004555.0,8.639,-2.5579,-0.53,6.813556990208583,朗坤科技
2026-07-21,301305,20.64,20.56,20.78,18.88,85179.08,170554817.0,9.4106,1.8326,0.37,6.849860517223613,朗坤科技
2026-07-22,301305,20.3,20.14,20.63,19.89,42509.36,85759819.0,3.5992,-2.0428,-0.42,3.4184824099584636,朗坤科技
2026-07-23,301305,20.89,21.1,21.15,20.36,64829.6,134659494.0,3.9225,4.7666,0.96,5.2134129341077635,朗坤科技
2026-07-24,301305,20.9,20.77,21.56,20.72,54669.0,115397991.0,3.981,-1.564,-0.33,4.396326241327069,朗坤科技
2026-07-27,301305,20.78,20.91,21.36,20.55,52874.0,110533233.0,3.8999,0.674,0.14,4.251977422011147,朗坤科技
2026-07-28,301305,20.65,20.38,20.98,20.19,39586.01,81581572.0,3.7781,-2.5347,-0.53,3.1833948773973506,朗坤科技
2026-07-29,301305,20.42,20.68,20.83,20.11,39846.94,81722400.0,3.5329,1.472,0.3,3.204378129444205,朗坤科技
2026-07-30,301305,20.7,21.05,21.55,20.5,74536.94,157845976.0,5.0774,1.7892,0.37,5.994049740624874,朗坤科技
2026-07-31,301305,21.32,21.86,22.26,21.01,82557.58,177849186.0,5.9382,3.848,0.81,6.63904690728674,朗坤科技
2026-08-03,301305,21.74,21.74,21.95,21.3,50241.28,108891592.0,2.9735,-0.5489,-0.12,4.040261531432088,朗坤科技
2026-08-04,301305,21.85,22.06,22.35,21.46,72476.57,159268777.0,4.0938,1.4719,0.32,5.828360617029362,朗坤科技
2026-08-05,301305,22.0,22.69,23.59,21.94,85769.19,195464378.0,7.4796,2.8558,0.63,6.897315493138108,朗坤科技
2026-08-06,301305,22.5,22.66,22.98,22.3,50009.92,113333658.0,2.9969,-0.1322,-0.03,4.021656215088393,朗坤科技
2026-08-07,301305,22.7,22.71,23.07,22.22,53055.26,120585716.0,3.7511,0.2207,0.05,4.266553838161122,朗坤科技
2026-08-10,301305,22.83,23.13,23.18,22.44,44697.83,102468108.0,3.2585,1.8494,0.42,3.594472972971451,朗坤科技
2026-08-11,301305,23.29,22.93,23.29,22.67,36381.66,83382868.0,2.6805,-0.8647,-0.2,2.9257101201968094,朗坤科技
2026-08-12,301305,22.96,23.3,23.43,22.87,36534.13,84525713.0,2.4422,1.6136,0.37,2.937971326035861,朗坤科技
2026-08-13,301305,23.31,23.83,24.84,23.31,87665.98,211872654.0,6.5665,2.2747,0.53,7.04984997614103,朗坤科技
2026-08-14,301305,23.87,23.96,24.0,23.33,74317.4,176293627.0,2.8116,0.5455,0.13,5.9763949552250875,朗坤科技
2026-08-17,301305,24.52,25.13,25.16,24.22,102573.05,255303624.0,3.9232,4.8831,1.17,8.248634351606093,朗坤科技
2026-08-18,301305,24.82,24.98,25.07,24.51,64467.47,159480835.0,2.2284,-0.5969,-0.15,5.184291464503934,朗坤科技
2026-08-19,301305,24.69,23.69,24.96,23.61,71344.4,173080613.0,5.4043,-5.1641,-1.29,5.737314710196545,朗坤科技
2026-08-20,301305,23.99,24.39,25.03,23.99,61246.73,150278262.0,4.39,2.9548,0.7,4.925288669894709,朗坤科技
2026-08-21,301305,24.27,24.4,24.64,23.68,57315.16,138397155.0,3.936,0.041,0.01,4.609122938664683,朗坤科技
2026-08-24,301305,24.5,24.02,24.7,23.66,51194.96,122910038.0,4.2623,-1.5574,-0.38,4.116953777674544,朗坤科技
2026-06-25,301306,159.0,164.13,168.85,158.5,38306.09,628677340.0,,,,6.57474190087964,西测测试
2026-06-26,301306,162.36,168.0,172.99,159.95,50838.4,859274017.0,7.9449,2.3579,3.87,8.725749839090325,西测测试
2026-06-29,301306,169.0,157.61,169.98,155.6,48110.5,770129079.0,8.5595,-6.1845,-10.39,8.257541300150182,西测测试
2026-06-30,301306,159.3,158.49,161.88,155.0,31652.26,502161499.0,4.3652,0.5583,0.88,5.432698562540227,西测测试
2026-07-01,301306,156.91,166.45,169.95,155.6,40115.03,661578344.0,9.0542,5.0224,7.96,6.885222913537866,西测测试
2026-07-02,301306,163.91,169.41,179.89,161.3,48462.2,833787106.0,11.1685,1.7783,2.96,8.317906028749196,西测测试
2026-07-03,301306,163.64,172.51,181.96,163.64,56752.5,994336059.0,10.814,1.8299,3.1,9.740828148465996,西测测试
2026-07-06,301306,175.21,156.96,177.0,156.17,41833.98,677906669.0,12.0747,-9.014,-15.55,7.180258313666594,西测测试
2026-07-07,301306,155.17,156.35,161.47,152.01,25687.18,402297337.0,6.027,-0.3886,-0.61,4.408870199527999,西测测试
2026-07-08,301306,158.5,146.0,158.5,144.51,27997.66,416347426.0,8.9479,-6.6198,-10.35,4.805434027032826,西测测试
2026-07-09,301306,146.0,154.86,155.65,142.74,25781.82,385277743.0,8.8425,6.0685,8.86,4.425113924050633,西测测试
2026-07-10,301306,158.5,167.8,180.0,155.3,70175.21,1194333497.0,15.9499,8.3559,12.94,12.044661660587856,西测测试
2026-07-13,301306,164.22,135.13,167.79,134.25,78296.5,1121068120.0,19.9881,-19.4696,-32.67,13.438575413001502,西测测试
2026-07-14,301306,133.71,125.14,135.13,120.18,50273.93,631350593.0,11.0634,-7.3929,-9.99,8.628865908603304,西测测试
2026-07-15,301306,126.28,125.25,128.78,122.67,30703.96,383108809.0,4.8825,0.0879,0.11,5.269935207037117,西测测试
2026-07-16,301306,121.5,116.83,125.42,115.0,27514.98,330545567.0,8.3194,-6.7226,-8.42,4.7225882857755845,西测测试
2026-07-17,301306,114.45,99.5,117.38,99.5,40955.07,437149600.0,15.3043,-14.8335,-17.33,7.029404848744905,西测测试
2026-07-20,301306,102.0,88.75,104.1,85.36,61077.05,575737592.0,18.8342,-10.804,-10.75,10.483080883930487,西测测试
2026-07-21,301306,90.52,94.7,94.9,77.45,64556.42,565236271.0,19.662,6.7042,5.95,11.0802694700708,西测测试
2026-07-22,301306,94.97,89.91,96.71,89.0,40077.2,371730199.0,8.1415,-5.0581,-4.79,6.878729886290495,西测测试
2026-07-23,301306,90.34,87.24,92.34,86.0,32628.31,288721573.0,7.0515,-2.9696,-2.67,5.6002248444539795,西测测试
2026-07-24,301306,86.89,85.03,89.26,84.71,29674.0,256551697.0,5.2155,-2.5332,-2.21,5.093155975112637,西测测试
2026-07-27,301306,85.79,89.3,89.33,84.4,30831.1,269468709.0,5.798,5.0218,4.27,5.291757133662305,西测测试
2026-07-28,301306,89.22,84.16,90.14,83.3,28034.76,242137905.0,7.6596,-5.7559,-5.14,4.811801759279125,西测测试
2026-07-29,301306,84.18,81.5,84.61,78.4,32783.0,265002350.0,7.3788,-3.1606,-2.66,5.626775370092255,西测测试
2026-07-30,301306,81.51,76.06,82.5,75.88,28887.29,226470008.0,8.1227,-6.6748,-5.44,4.95812744046342,西测测试
2026-07-31,301306,79.7,81.65,86.55,78.25,43951.22,367966215.0,10.9124,7.3495,5.59,7.5436550096545805,西测测试
2026-08-03,301306,81.7,82.95,84.94,80.93,34917.23,290183153.0,4.9112,1.5922,1.3,5.993088178502467,西测测试
2026-08-04,301306,83.69,86.16,86.77,82.96,31150.31,266678846.0,4.5931,3.8698,3.21,5.346545376528642,西测测试
2026-08-05,301306,86.16,91.4,93.59,85.17,39437.03,357369566.0,9.7725,6.0817,5.24,6.768853035829221,西测测试
2026-08-06,301306,90.18,93.15,94.55,89.6,38186.5,354060373.0,5.4158,1.9147,1.75,6.554215833512121,西测测试
2026-08-07,301306,94.0,97.0,97.92,90.6,44967.06,426480063.0,7.8583,4.1331,3.85,7.718010727311736,西测测试
2026-08-10,301306,99.0,97.51,99.58,93.2,42326.95,403528005.0,6.5773,0.5258,0.51,7.264870199527998,西测测试
2026-08-11,301306,94.69,94.7,96.23,91.28,33707.72,316010799.0,5.0764,-2.8818,-2.81,5.785491525423729,西测测试
2026-08-12,301306,94.01,96.8,97.74,93.22,25340.85,243048843.0,4.773,2.2175,2.1,4.349427161553314,西测测试
2026-08-13,301306,98.8,96.0,98.8,95.89,23462.96,228219616.0,3.0062,-0.8264,-0.8,4.027111778588286,西测测试
2026-08-14,301306,95.75,96.2,97.24,93.81,16009.56,152981255.0,3.5729,0.2083,0.2,2.7478326539369236,西测测试
2026-08-17,301306,96.95,102.21,102.6,96.35,27918.44,278128659.0,6.4969,6.2474,6.01,4.791836944861617,西测测试
2026-08-18,301306,101.62,101.3,102.5,99.25,23230.09,233998879.0,3.1797,-0.8903,-0.91,3.987142673246084,西测测试
2026-08-19,301306,105.58,89.2,108.0,88.8,91758.45,856820305.0,18.9536,-11.9447,-12.1,15.749143960523494,西测测试
2026-08-20,301306,90.16,87.0,91.35,85.0,55395.38,483646281.0,7.1188,-2.4664,-2.2,9.5078961596224,西测测试
2026-08-21,301306,86.12,88.98,89.67,85.06,37957.82,334466499.0,5.2989,2.2759,1.98,6.51496588714868,西测测试
2026-08-24,301306,88.95,86.05,88.95,84.51,29846.47,257074318.0,4.9899,-3.2929,-2.93,5.122758206393478,西测测试
2026-06-25,301307,59.41,58.07,59.93,56.5,83158.68,480351177.0,,,,7.592564956789211,美利信
2026-06-26,301307,57.22,57.9,59.09,54.52,87441.54,496935120.0,7.8698,-0.2928,-0.17,7.983599215039032,美利信
2026-06-29,301307,59.02,69.48,69.48,59.02,210967.63,1416644137.0,18.0656,20.0,11.58,19.261794854786924,美利信
2026-06-30,301307,74.0,75.29,79.18,72.38,223330.09,1705049612.0,9.787,8.3621,5.81,20.390513836085187,美利信
2026-07-01,301307,77.0,76.95,78.0,72.7,136531.82,1029375133.0,7.0394,2.2048,1.66,12.465646544878446,美利信
2026-07-02,301307,77.97,79.28,85.39,74.4,184624.56,1482322540.0,14.282,3.0279,2.33,16.85661634382156,美利信
2026-07-03,301307,79.28,81.19,87.0,78.5,161925.5,1338588741.0,10.7215,2.4092,1.91,14.784143722706652,美利信
2026-07-06,301307,83.44,86.66,89.66,82.66,142524.33,1233878513.0,8.6218,6.7373,5.47,13.01277549677149,美利信
2026-07-07,301307,87.08,89.17,92.68,84.0,159081.77,1421572118.0,10.0162,2.8964,2.51,14.524505104770796,美利信
2026-07-08,301307,89.0,82.01,89.18,80.75,162418.47,1363679615.0,9.4539,-8.0296,-7.16,14.829152935776754,美利信
2026-07-09,301307,89.88,92.84,98.0,87.66,278616.98,2601904501.0,12.6082,13.2057,10.83,25.438324883396902,美利信
2026-07-10,301307,88.66,94.04,101.5,88.66,220121.48,2139820842.0,13.8302,1.2925,1.2,20.09756089544203,美利信
2026-07-13,301307,91.66,75.23,93.0,75.23,174350.27,1430403247.0,18.8962,-20.0021,-18.81,15.918551739983574,美利信
2026-07-14,301307,76.2,78.04,78.58,72.0,153679.2,1156991547.0,8.7465,3.7352,2.81,14.031238933896024,美利信
2026-07-15,301307,80.38,74.51,81.7,73.99,100254.92,770319504.0,9.8795,-4.5233,-3.53,9.153488154666546,美利信
2026-07-16,301307,72.38,70.84,74.0,69.6,81662.71,585096409.0,5.9052,-4.9255,-3.67,7.455979703170371,美利信
2026-07-17,301307,70.8,61.16,70.83,61.0,108101.63,702677874.0,13.8763,-13.6646,-9.68,9.869909523693657,美利信
2026-07-20,301307,64.86,55.23,65.43,53.3,148216.38,870727680.0,19.8332,-9.6959,-5.93,13.532471809438935,美利信
2026-07-21,301307,56.33,61.85,61.92,49.14,146495.49,825674331.0,23.1396,11.9862,6.62,13.375350879807907,美利信
2026-07-22,301307,60.4,60.16,62.98,59.15,107171.56,651781369.0,6.1924,-2.7324,-1.69,9.78499214778821,美利信
2026-07-23,301307,60.3,58.29,61.93,57.0,67541.71,397390958.0,8.1948,-3.1084,-1.87,6.166702266890472,美利信
2026-07-24,301307,57.38,59.17,60.69,56.0,74650.42,440055987.0,8.046,1.5097,0.88,6.815742660917615,美利信
2026-07-27,301307,58.54,59.01,59.79,56.28,70597.67,409057177.0,5.9321,-0.2704,-0.16,6.445717936756198,美利信
2026-07-28,301307,61.1,53.9,62.3,52.53,167156.37,936328892.0,16.5565,-8.6595,-5.11,15.261733317148508,美利信
2026-07-29,301307,52.0,49.71,52.88,46.66,138275.53,685856330.0,11.5399,-7.7737,-4.19,12.624850989210689,美利信
2026-07-30,301307,49.33,43.4,49.66,43.4,118574.19,539798010.0,12.593,-12.6936,-6.31,10.826076601668829,美利信
2026-07-31,301307,48.5,46.0,49.45,45.67,115903.71,554173134.0,8.7097,5.9908,2.6,10.582256078473819,美利信
2026-08-03,301307,45.31,42.38,46.8,42.0,96723.82,422607436.0,10.4348,-7.8696,-3.62,8.831091188782548,美利信
2026-08-04,301307,42.68,44.83,45.1,41.8,86617.64,379672179.0,7.7867,5.781,2.45,7.908375386715896,美利信
2026-08-05,301307,44.48,49.08,50.09,44.11,109678.0,526555467.0,13.3393,9.4803,4.25,10.01383546889786,美利信
2026-08-06,301307,48.52,51.05,51.64,47.76,90571.41,452159715.0,7.9055,4.0139,1.97,8.26936302563951,美利信
2026-08-07,301307,51.29,52.74,53.67,50.84,104680.96,547302613.0,5.5436,3.3105,1.69,9.557595052483434,美利信
2026-08-10,301307,52.54,53.88,55.0,51.43,125121.98,666371193.0,6.7691,2.1615,1.14,11.42390380261063,美利信
2026-08-11,301307,53.35,52.3,53.99,51.0,73872.63,388050657.0,5.5494,-2.9324,-1.58,6.744728773999964,美利信
2026-08-12,301307,52.3,53.5,54.8,52.0,89469.95,478401289.0,5.3537,2.2945,1.2,8.168797376962727,美利信
2026-08-13,301307,53.74,52.4,55.38,52.35,68373.91,369224572.0,5.6636,-2.0561,-1.1,6.242683902927023,美利信
2026-08-14,301307,52.77,52.99,54.14,51.35,70881.95,371905558.0,5.3244,1.126,0.59,6.471673307451309,美利信
2026-08-17,301307,53.06,56.8,57.16,52.49,109936.38,603710262.0,8.813,7.19,3.81,10.03742611431858,美利信
2026-08-18,301307,57.81,56.03,57.93,54.27,78430.27,437023867.0,6.4437,-1.3556,-0.77,7.1608510326705055,美利信
2026-08-19,301307,54.5,50.5,54.72,50.18,88410.18,463801017.0,8.1028,-9.8697,-5.53,8.072038114258504,美利信
2026-08-20,301307,52.25,51.96,53.0,50.37,69386.27,359548906.0,5.2079,2.8911,1.46,6.335114531451372,美利信
2026-08-21,301307,51.35,52.71,53.09,50.66,49887.14,261271663.0,4.6767,1.4434,0.75,4.554802348455234,美利信
2026-08-24,301307,52.43,52.82,53.75,51.65,62586.34,328956368.0,3.9841,0.2087,0.11,5.714266410405924,美利信
2026-06-25,301308,655.0,677.3,688.8,640.0,269707.22,18013871415.0,,,,9.56911156729081,江波龙
2026-06-26,301308,656.0,679.6,690.5,650.0,247580.72,16600476090.0,5.9796,0.3396,2.3,8.784071600271535,江波龙
2026-06-29,301308,667.0,723.1,723.5,656.01,230668.18,16025201678.0,9.9308,6.4008,43.5,8.184020989293199,江波龙
2026-06-30,301308,705.0,703.8,715.0,681.13,165306.78,11597930483.0,4.684,-2.6691,-19.3,5.865022896493453,江波龙
2026-07-01,301308,708.66,667.84,749.88,653.84,229210.03,16198385608.0,13.6459,-5.1094,-35.96,8.132286371169721,江波龙
2026-07-02,301308,613.16,599.22,636.99,592.0,208004.98,12772326633.0,6.7366,-10.2749,-68.62,7.3799391064580835,江波龙
2026-07-03,301308,589.0,618.02,646.85,574.1,206388.96,12665808614.0,12.1408,3.1374,18.8,7.32260331961866,江波龙
2026-07-06,301308,680.0,681.8,710.0,659.16,295326.79,20233380923.0,8.2263,10.3201,63.78,10.478084355027145,江波龙
2026-07-07,301308,645.0,627.9,647.78,619.9,185964.72,11770602310.0,4.0892,-7.9055,-53.9,6.597958902472083,江波龙
2026-07-08,301308,627.9,592.71,638.0,584.67,167016.34,10154729995.0,8.4934,-5.6044,-35.19,5.925677447643317,江波龙
2026-07-09,301308,611.51,620.0,624.3,589.73,201710.87,12347127229.0,5.8325,4.6043,27.29,7.156626431303146,江波龙
2026-07-10,301308,628.0,587.6,645.09,587.6,192515.75,11918267712.0,9.2726,-5.2258,-32.4,6.830387003398225,江波龙
2026-07-13,301308,560.0,522.04,576.81,519.0,180220.87,9770429062.0,9.8383,-11.1572,-65.56,6.394169246875235,江波龙
2026-07-14,301308,525.02,538.51,545.96,504.0,167895.65,8875320894.0,8.0377,3.1549,16.47,5.956875038468786,江波龙
2026-07-15,301308,545.06,488.0,557.0,485.0,227906.22,11703760956.0,13.3702,-9.3796,-50.51,8.086027678678844,江波龙
2026-07-16,301308,473.0,463.59,493.0,455.01,170955.29,8060760227.0,7.7848,-5.002,-24.41,6.0654299244512435,江波龙
2026-07-17,301308,454.5,396.0,459.89,395.37,227897.53,9541955807.0,13.9175,-14.5797,-67.59,8.085719360720132,江波龙
2026-07-20,301308,414.1,376.49,416.98,361.72,196765.53,7642114176.0,13.9545,-4.9268,-19.51,6.981167612669423,江波龙
2026-07-21,301308,384.0,421.86,422.0,338.66,259317.92,10044044270.0,22.136,12.0508,45.37,9.20050307840403,江波龙
2026-07-22,301308,410.0,388.45,429.53,386.97,258148.38,10574790792.0,10.0887,-7.9197,-33.41,9.15900823543168,江波龙
2026-07-23,301308,394.01,375.85,397.8,372.43,165727.0,6345214336.0,6.5311,-3.2437,-12.6,5.879932145355263,江波龙
2026-07-24,301308,370.11,370.01,379.99,364.93,151530.55,5637765502.0,4.0069,-1.5538,-5.84,5.376247394500371,江波龙
2026-07-27,301308,365.06,373.9,375.66,348.9,142478.77,5213652458.0,7.2322,1.0513,3.89,5.055093616330949,江波龙
2026-07-28,301308,349.0,330.0,361.51,326.99,183459.88,6308699707.0,9.2324,-11.7411,-43.9,6.509088113554334,江波龙
2026-07-29,301308,334.77,329.63,336.6,308.0,209716.04,6731290721.0,8.6667,-0.1121,-0.37,7.440646877048461,江波龙
2026-07-30,301308,325.02,338.78,350.6,312.9,268302.28,8974825160.0,11.4371,2.7758,9.15,9.51926482012049,江波龙
2026-07-31,301308,384.18,346.99,386.88,346.9,309821.86,11450210589.0,11.8012,2.4234,8.21,10.992364032099527,江波龙
2026-08-03,301308,340.81,319.8,342.0,318.18,182838.53,5944065506.0,6.8648,-7.836,-27.19,6.4870428473121615,江波龙
2026-08-04,301308,323.11,336.05,338.5,317.01,184630.42,6108860148.0,6.7198,5.0813,16.25,6.5506184361536945,江波龙
2026-08-05,301308,338.24,364.92,368.19,337.0,233274.06,8273900773.0,9.2814,8.591,28.87,8.276476639723958,江波龙
2026-08-06,301308,346.16,366.33,372.99,344.51,199247.68,7143117259.0,7.8045,0.3864,1.41,7.069233368850332,江波龙
2026-08-07,301308,364.0,386.6,390.0,361.63,250386.11,9523688999.0,7.7444,5.5333,20.27,8.883605791086902,江波龙
2026-08-10,301308,408.5,412.5,413.88,392.88,293785.82,11851094578.0,5.432,6.6994,25.9,10.42341131419476,江波龙
2026-08-11,301308,412.0,417.5,442.0,406.66,288112.6,12326403436.0,8.5673,1.2121,5.0,10.222127584653574,江波龙
2026-08-12,301308,418.05,414.3,423.62,401.5,203457.84,8383309869.0,5.2982,-0.7665,-3.2,7.2186082752994265,江波龙
2026-08-13,301308,423.2,397.0,425.68,396.99,222777.47,9197256452.0,6.9249,-4.1757,-17.3,7.904061541655361,江波龙
2026-08-14,301308,408.11,406.45,414.0,400.0,154073.85,6258181634.0,3.5264,2.3804,9.45,5.466482729872894,江波龙
2026-08-17,301308,406.46,419.26,422.96,403.88,226034.07,9405258750.0,4.6943,3.1517,12.81,8.019604494973551,江波龙
2026-08-18,301308,421.0,412.18,423.97,408.02,178880.79,7439567486.0,3.8043,-1.6887,-7.08,6.346623708312733,江波龙
2026-08-19,301308,387.0,378.98,394.95,373.6,183883.25,7076910839.0,5.1798,-8.0547,-33.2,6.524109123241223,江波龙
2026-08-20,301308,385.0,379.01,386.53,375.76,102002.13,3882487539.0,2.8418,0.0079,0.03,3.618997526544899,江波龙
2026-08-21,301308,379.02,380.66,382.9,373.62,104664.32,3971121805.0,2.4485,0.4353,1.65,3.7134510347725462,江波龙
2026-08-24,301308,380.0,364.9,380.99,355.87,126520.13,4608812676.0,6.5991,-4.1402,-15.76,4.488887021556698,江波龙
2026-06-25,301309,34.3,33.38,34.3,32.78,22245.0,74142825.0,,,,3.672213092359997,万得凯
2026-06-26,301309,33.0,31.87,33.0,31.08,17629.2,56495237.0,5.7519,-4.5237,-1.51,2.910235066209614,万得凯
2026-06-29,301309,31.43,30.26,31.88,29.65,16737.0,50866986.0,6.9972,-5.0518,-1.61,2.7629503495989782,万得凯
2026-06-30,301309,30.33,30.65,30.94,29.96,11090.0,33888929.0,3.2386,1.2888,0.39,1.8307414337726398,万得凯
2026-07-01,301309,30.64,31.12,31.71,30.15,11211.0,34699050.0,5.0897,1.5334,0.47,1.8507161599661914,万得凯
2026-07-02,301309,30.99,31.9,33.3,30.99,15427.0,49781750.0,7.4229,2.5064,0.78,2.546695049486971,万得凯
2026-07-03,301309,31.91,32.27,32.77,31.6,10259.0,33076079.0,3.6677,1.1599,0.37,1.6935596365260153,万得凯
2026-07-06,301309,32.5,31.77,32.85,31.68,8621.0,27582433.0,3.6257,-1.5494,-0.5,1.423157971195124,万得凯
2026-07-07,301309,31.96,30.87,32.4,30.84,9532.0,29781311.0,4.9103,-2.8329,-0.9,1.5735461989829398,万得凯
2026-07-08,301309,30.86,29.52,30.88,29.5,14032.0,42363223.0,4.4704,-4.3732,-1.35,2.3164079169249487,万得凯
2026-07-09,301309,29.52,28.71,29.68,28.13,11881.17,34157863.0,5.2507,-2.7439,-0.81,1.9613480794135683,万得凯
2026-07-10,301309,28.97,29.82,30.2,28.43,11286.2,33127588.0,6.1651,3.8662,1.11,1.8631302046749114,万得凯
2026-07-13,301309,29.29,27.76,30.41,27.72,9692.01,27716306.0,9.0208,-6.9081,-2.06,1.5999607108691398,万得凯
2026-07-14,301309,27.81,28.31,28.67,27.53,6652.01,18590772.0,4.1066,1.9813,0.55,1.0981163503038718,万得凯
2026-07-15,301309,27.99,27.81,28.47,27.66,5415.0,15167136.0,2.8612,-1.7662,-0.5,0.893910267256884,万得凯
2026-07-16,301309,27.81,27.95,28.98,27.29,7600.93,21549800.0,6.077,0.5034,0.14,1.2547644261682118,万得凯
2026-07-17,301309,27.95,27.41,28.86,26.79,10474.61,29067120.0,7.4061,-1.932,-0.54,1.7291526176383436,万得凯
2026-07-20,301309,27.42,25.66,27.88,25.32,13532.0,35846654.0,9.3397,-6.3845,-1.75,2.2338677260425035,万得凯
2026-07-21,301309,25.87,25.5,26.05,23.82,13139.07,32740756.0,8.6906,-0.6235,-0.16,2.1690026916356246,万得凯
2026-07-22,301309,25.5,24.78,25.96,24.71,10035.0,25194519.0,4.902,-2.8235,-0.72,1.6565816310106798,万得凯
2026-07-23,301309,24.14,25.49,25.85,24.14,8122.0,20632138.0,6.9007,2.8652,0.71,1.3407828606944436,万得凯
2026-07-24,301309,25.49,25.1,25.75,24.85,5256.0,13242591.0,3.5308,-1.53,-0.39,0.8676624865562664,万得凯
2026-07-27,301309,25.17,28.18,28.5,25.11,23800.0,64981757.0,13.506,12.2709,3.08,3.928913086004403,万得凯
2026-07-28,301309,27.84,28.42,29.0,27.61,15825.0,44854301.0,4.9326,0.8517,0.24,2.612397041429398,万得凯
2026-07-29,301309,28.27,28.86,29.19,28.27,11210.0,32239301.0,3.2372,1.5482,0.44,1.8505510795844264,万得凯
2026-07-30,301309,29.0,28.57,29.48,28.22,11353.0,32845194.0,4.3659,-1.0049,-0.29,1.874157574176806,万得凯
2026-07-31,301309,28.57,29.04,29.73,28.57,7286.0,21275068.0,4.0602,1.6451,0.47,1.2027756615389948,万得凯
2026-08-03,301309,29.49,29.2,29.49,28.74,6890.0,20048099.0,2.5826,0.551,0.16,1.137403830360098,万得凯
2026-08-04,301309,29.45,29.89,30.18,29.35,10174.0,30350230.0,2.8425,2.363,0.69,1.6795278040759996,万得凯
2026-08-05,301309,29.6,29.99,30.47,29.55,7011.0,21091009.0,3.078,0.3346,0.1,1.1573785565536499,万得凯
2026-08-06,301309,29.76,30.78,30.87,29.76,8141.0,24704004.0,3.7012,2.6342,0.79,1.3439193879479765,万得凯
2026-08-07,301309,30.7,30.2,30.85,29.05,9922.5,29966259.0,5.848,-1.8843,-0.58,1.6380100880621296,万得凯
2026-08-10,301309,30.14,30.48,30.59,29.59,6838.0,20617086.0,3.3113,0.9272,0.28,1.1288196505083237,万得凯
2026-08-11,301309,30.36,31.19,32.87,30.36,19937.0,63357835.0,8.2349,2.3294,0.71,3.2912075712466295,万得凯
2026-08-12,301309,31.18,32.05,32.48,30.8,17617.15,56317340.0,5.3863,2.7573,0.86,2.908245847609347,万得凯
2026-08-13,301309,31.99,31.8,32.63,31.51,11355.75,36206783.0,3.4945,-0.78,-0.25,1.8746115452266596,万得凯
2026-08-14,301309,31.65,30.3,32.2,30.24,19224.0,59457453.0,6.1635,-4.717,-1.5,3.173505259048262,万得凯
2026-08-17,301309,30.48,31.21,31.32,29.35,27180.93,82210213.0,6.5017,3.0033,0.91,4.487038301124775,万得凯
2026-08-18,301309,31.13,31.2,31.7,30.67,13406.8,41946940.0,3.3002,-0.032,-0.01,2.213199662245539,万得凯
2026-08-19,301309,31.25,30.01,31.25,29.8,11985.0,36331630.0,4.6474,-3.8141,-1.19,1.978488375452217,万得凯
2026-08-20,301309,30.02,29.88,30.75,29.7,9660.0,28999500.0,3.4988,-0.4332,-0.13,1.5946764878488457,万得凯
2026-08-21,301309,29.71,29.66,29.94,29.31,8054.97,23904724.0,2.1084,-0.7363,-0.22,1.329717522704743,万得凯
2026-08-24,301309,29.8,29.4,29.91,29.08,7318.0,21510208.0,2.7984,-0.8766,-0.26,1.2080582337554715,万得凯
2026-06-25,301310,57.16,55.7,57.9,53.9,227025.39,1264522590.0,,,,37.226187533839045,鑫宏业
2026-06-26,301310,55.7,54.7,56.99,53.41,134374.02,738459898.0,6.4273,-1.7953,-1.0,22.03380189412223,鑫宏业
2026-06-29,301310,54.7,58.01,58.66,52.0,147356.02,809627922.0,12.1755,6.0512,3.31,24.162508143957538,鑫宏业
2026-06-30,301310,58.01,55.24,61.66,51.25,172708.0,972009376.0,17.9452,-4.775,-2.77,17.706390667271794,鑫宏业
2026-07-01,301310,54.64,53.01,55.5,52.5,122464.06,656535403.0,5.4308,-4.0369,-2.23,12.555275314752143,鑫宏业
2026-07-02,301310,51.71,53.9,56.46,50.93,106817.7,580204132.0,10.432,1.6789,0.89,10.951177284083185,鑫宏业
2026-07-03,301310,54.99,53.25,56.0,53.03,61046.9,331364945.0,5.5102,-1.2059,-0.65,6.258657736907813,鑫宏业
2026-07-06,301310,53.74,51.59,54.79,51.1,66501.31,348363114.0,6.9296,-3.1174,-1.66,6.817855425025758,鑫宏业
2026-07-07,301310,50.71,50.98,52.99,50.32,59430.25,305259622.0,5.1754,-1.1824,-0.61,6.092915348180917,鑫宏业
2026-07-08,301310,50.55,51.9,52.1,48.2,62052.71,312451302.0,7.6501,1.8046,0.92,6.361775512558325,鑫宏业
2026-07-09,301310,51.5,52.62,53.43,50.5,63069.31,327278831.0,5.6455,1.3873,0.72,6.4659995019065235,鑫宏业
2026-07-10,301310,54.01,58.64,60.78,52.2,139700.57,818511611.0,16.3056,11.4405,6.02,14.322398897911794,鑫宏业
2026-07-13,301310,60.34,68.84,70.37,60.34,238334.46,1621500851.0,17.1044,17.3943,10.2,24.434554613760007,鑫宏业
2026-07-14,301310,65.8,67.6,69.38,64.0,137686.62,922541326.0,7.8152,-1.8013,-1.24,14.11592447006623,鑫宏业
2026-07-15,301310,66.93,67.37,69.24,64.66,113515.02,760447346.0,6.7751,-0.3402,-0.23,11.637800743006526,鑫宏业
2026-07-16,301310,68.0,65.0,68.8,63.0,145904.85,954258174.0,8.6092,-3.5179,-2.37,14.958474849744604,鑫宏业
2026-07-17,301310,63.02,57.06,66.68,57.0,115452.45,708838593.0,14.8923,-12.2154,-7.94,11.836430178067396,鑫宏业
2026-07-20,301310,59.35,53.39,59.86,52.0,119136.2,659122470.0,13.775,-6.4318,-3.67,12.214096045430589,鑫宏业
2026-07-21,301310,54.6,64.07,64.07,54.35,90722.79,528614530.0,18.2057,20.0037,10.68,9.301092955536856,鑫宏业
2026-07-22,301310,65.84,67.08,69.38,62.13,151887.27,1011454578.0,11.3157,4.698,3.01,15.571805243563652,鑫宏业
2026-07-23,301310,67.06,60.69,67.3,60.33,115390.4,716856194.0,10.3906,-9.5259,-6.39,11.830068680389788,鑫宏业
2026-07-24,301310,59.71,50.61,59.92,50.28,137656.74,750275621.0,15.884,-16.609,-10.08,14.112861109057254,鑫宏业
2026-07-27,301310,51.53,59.3,59.8,51.53,134704.59,767102493.0,16.3406,17.1705,8.69,13.810200426237776,鑫宏业
2026-07-28,301310,58.1,58.45,61.77,58.1,85586.42,510085214.0,6.1889,-1.4334,-0.85,8.774501403138268,鑫宏业
2026-07-29,301310,57.01,58.5,59.0,54.57,89091.78,506249089.0,7.5791,0.0855,0.05,9.1338783491363,鑫宏业
2026-07-30,301310,58.5,53.64,58.5,52.95,70421.88,388678791.0,9.4872,-8.3077,-4.86,7.219800581349645,鑫宏业
2026-07-31,301310,55.26,52.56,56.27,52.41,86765.3,469021639.0,7.1961,-2.0134,-1.08,8.895362682464262,鑫宏业
2026-08-03,301310,52.5,47.9,53.58,46.86,101390.57,500572838.0,12.7854,-8.8661,-4.66,10.394776399456699,鑫宏业
2026-08-04,301310,48.28,50.82,50.98,47.0,76765.98,377359448.0,8.309,6.096,2.92,7.870211176297412,鑫宏业
2026-08-05,301310,49.62,54.83,55.0,49.46,91293.22,488897546.0,10.9012,7.8906,4.01,9.35957464965833,鑫宏业
2026-08-06,301310,54.79,59.71,59.71,54.01,95494.3,548107450.0,10.3958,8.9002,4.88,9.790278286458374,鑫宏业
2026-08-07,301310,60.02,53.72,60.08,51.33,147983.22,797363263.0,14.6542,-10.0318,-5.99,15.171553752697205,鑫宏业
2026-08-10,301310,54.23,51.54,54.23,50.4,100509.98,521528020.0,7.1296,-4.0581,-2.18,10.304496443938179,鑫宏业
2026-08-11,301310,51.01,51.03,52.6,50.59,74595.47,383037290.0,3.8999,-0.9895,-0.51,7.647685885012584,鑫宏业
2026-08-12,301310,51.02,52.32,52.65,50.41,79487.78,411997888.0,4.3896,2.5279,1.29,8.14925588828632,鑫宏业
2026-08-13,301310,52.59,51.15,55.83,51.05,97907.57,524275023.0,9.1361,-2.2362,-1.17,10.037691848109295,鑫宏业
2026-08-14,301310,52.0,51.61,52.5,50.51,58258.6,299768092.0,3.8905,0.8993,0.46,5.972795303797859,鑫宏业
2026-08-17,301310,52.0,56.33,56.47,50.69,87925.81,475409018.0,11.1994,9.1455,4.72,9.01434063040689,鑫宏业
2026-08-18,301310,56.82,57.1,57.49,54.53,80643.95,453100910.0,5.2547,1.3669,0.77,8.267788890218943,鑫宏业
2026-08-19,301310,56.43,51.28,56.43,51.19,76743.55,409311538.0,9.1769,-10.1926,-5.82,7.867911605098238,鑫宏业
2026-08-20,301310,52.99,51.37,53.2,50.61,61035.59,314841339.0,5.0507,0.1755,0.09,6.257498211706625,鑫宏业
2026-08-21,301310,51.38,52.62,53.15,50.5,59521.58,308170132.0,5.1587,2.4333,1.25,6.102278693594226,鑫宏业
2026-08-24,301310,52.08,49.31,52.27,48.5,68998.31,342051086.0,7.1646,-6.2904,-3.31,7.073853163961867,鑫宏业
2026-06-25,301311,13.83,13.39,13.85,13.31,24786.0,33358875.0,,,,1.03275,昆船智能
2026-06-26,301311,13.3,13.08,13.4,13.05,20673.0,27304761.0,2.6139,-2.3152,-0.31,0.861375,昆船智能
2026-06-29,301311,13.09,12.95,13.15,12.69,23077.0,29860767.0,3.5168,-0.9939,-0.13,0.9615416666666666,昆船智能
2026-06-30,301311,12.89,12.99,13.17,12.83,17481.0,22740727.0,2.6255,0.3089,0.04,0.728375,昆船智能
2026-07-01,301311,12.99,13.36,13.58,12.9,24305.68,32359232.0,5.2348,2.8483,0.37,1.0127366666666666,昆船智能
2026-07-02,301311,13.29,13.29,13.59,13.28,17526.0,23511951.0,2.3204,-0.524,-0.07,0.73025,昆船智能
2026-07-03,301311,13.37,13.87,13.96,13.35,28518.06,39122507.0,4.5899,4.3642,0.58,1.1882525,昆船智能
2026-07-06,301311,13.79,13.49,13.98,13.45,20114.0,27485186.0,3.8212,-2.7397,-0.38,0.8380833333333334,昆船智能
2026-07-07,301311,13.56,13.06,13.56,13.01,15734.7,20747542.0,4.0771,-3.1875,-0.43,0.6556125,昆船智能
2026-07-08,301311,13.14,12.86,13.14,12.82,14476.0,18699386.0,2.4502,-1.5314,-0.2,0.6031666666666667,昆船智能
2026-07-09,301311,12.82,12.71,12.96,12.49,16641.0,21078309.0,3.6547,-1.1664,-0.15,0.693375,昆船智能
2026-07-10,301311,12.65,13.12,13.43,12.52,24042.0,31426402.0,7.1597,3.2258,0.41,1.0017500000000001,昆船智能
2026-07-13,301311,13.24,12.5,13.25,12.47,24678.1,31281744.0,5.9451,-4.7256,-0.62,1.0282541666666667,昆船智能
2026-07-14,301311,12.5,12.67,12.69,12.28,16480.0,20632046.0,3.28,1.36,0.17,0.6866666666666666,昆船智能
2026-07-15,301311,12.65,13.0,13.04,12.63,20049.01,25926985.0,3.236,2.6046,0.33,0.8353754166666666,昆船智能
2026-07-16,301311,12.96,13.17,13.29,12.8,16806.0,22054736.0,3.7692,1.3077,0.17,0.70025,昆船智能
2026-07-17,301311,13.17,12.78,13.3,12.75,21616.0,28114089.0,4.1762,-2.9613,-0.39,0.9006666666666666,昆船智能
2026-07-20,301311,12.8,12.55,13.12,12.41,25600.5,32539171.0,5.5556,-1.7997,-0.23,1.0666875,昆船智能
2026-07-21,301311,12.58,12.47,12.67,12.15,26255.0,32549315.0,4.1434,-0.6375,-0.08,1.0939583333333334,昆船智能
2026-07-22,301311,12.47,12.27,12.53,12.16,18493.89,22761890.0,2.9671,-1.6038,-0.2,0.77057875,昆船智能
2026-07-23,301311,12.28,12.64,12.66,12.23,18262.0,22798239.0,3.5045,3.0155,0.37,0.7609166666666667,昆船智能
2026-07-24,301311,12.53,12.78,13.13,12.49,47321.32,60637298.0,5.0633,1.1076,0.14,1.9717216666666666,昆船智能
2026-07-27,301311,12.53,13.3,13.43,12.35,56772.14,73492201.0,8.4507,4.0689,0.52,2.365505833333333,昆船智能
2026-07-28,301311,13.1,13.15,13.21,13.0,30868.28,40382803.0,1.5789,-1.1278,-0.15,1.2861783333333332,昆船智能
2026-07-29,301311,13.09,13.4,13.4,13.08,26124.0,34703965.0,2.4335,1.9011,0.25,1.0885,昆船智能
2026-07-30,301311,13.27,13.28,13.7,13.25,30058.0,40311170.0,3.3582,-0.8955,-0.12,1.2524166666666665,昆船智能
2026-07-31,301311,13.25,13.45,13.45,13.22,26314.0,35129639.0,1.7319,1.2801,0.17,1.0964166666666668,昆船智能
2026-08-03,301311,13.4,13.61,13.68,13.4,23738.44,32148300.0,2.0818,1.1896,0.16,0.9891016666666667,昆船智能
2026-08-04,301311,13.67,13.54,13.69,13.5,21719.48,29526028.0,1.396,-0.5143,-0.07,0.9049783333333333,昆船智能
2026-08-05,301311,13.55,13.58,13.66,13.47,20955.04,28411594.0,1.4032,0.2954,0.04,0.8731266666666666,昆船智能
2026-08-06,301311,13.64,13.85,14.12,13.64,53704.95,74604148.0,3.5346,1.9882,0.27,2.23770625,昆船智能
2026-08-07,301311,13.65,13.56,13.78,13.31,35899.0,48348148.0,3.3935,-2.0939,-0.29,1.4957916666666666,昆船智能
2026-08-10,301311,13.55,13.92,13.96,13.42,28105.07,38777140.0,3.9823,2.6549,0.36,1.1710445833333334,昆船智能
2026-08-11,301311,13.9,13.78,13.96,13.59,15720.01,21594214.0,2.658,-1.0057,-0.14,0.6550004166666666,昆船智能
2026-08-12,301311,13.77,13.86,13.9,13.73,13450.0,18603258.0,1.2337,0.5806,0.08,0.5604166666666667,昆船智能
2026-08-13,301311,13.82,13.69,13.9,13.68,17062.0,23490210.0,1.5873,-1.2266,-0.17,0.7109166666666666,昆船智能
2026-08-14,301311,13.71,13.59,13.84,13.56,12041.0,16441111.0,2.0453,-0.7305,-0.1,0.5017083333333333,昆船智能
2026-08-17,301311,13.59,13.74,13.78,13.47,13630.0,18677567.0,2.2811,1.1038,0.15,0.5679166666666666,昆船智能
2026-08-18,301311,13.62,13.62,13.73,13.47,16694.3,22631391.0,1.8923,-0.8734,-0.12,0.6955958333333333,昆船智能
2026-08-19,301311,13.51,13.08,13.59,13.01,25663.0,33958528.0,4.2584,-3.9648,-0.54,1.0692916666666668,昆船智能
2026-08-20,301311,13.08,13.28,13.35,13.08,15369.0,20385612.0,2.0642,1.5291,0.2,0.6403749999999999,昆船智能
2026-08-21,301311,13.28,13.48,13.51,13.06,14300.0,19061132.0,3.3886,1.506,0.2,0.5958333333333333,昆船智能
2026-08-24,301311,13.53,13.42,13.73,13.33,13513.66,18264960.0,2.9674,-0.4451,-0.06,0.5630691666666666,昆船智能
2026-06-25,301312,112.1,110.9,118.5,109.19,55186.14,623694484.0,,,,6.5098054388693125,智立方
2026-06-26,301312,110.36,104.58,110.89,103.88,43183.83,461754199.0,6.321,-5.6988,-6.32,5.0940024325891935,智立方
2026-06-29,301312,106.0,105.01,107.0,96.06,62044.91,630522133.0,10.4609,0.4112,0.43,7.318871959012842,智立方
2026-06-30,301312,110.56,116.01,120.55,110.01,82121.05,950520410.0,10.0371,10.4752,11.0,9.68707102790046,智立方
2026-07-01,301312,115.21,119.54,130.99,114.58,72974.11,905369589.0,14.1453,3.0428,3.53,8.608089969232264,智立方
2026-07-02,301312,114.67,111.58,119.0,111.01,48695.08,560369928.0,6.684,-6.6589,-7.96,5.744114312582403,智立方
2026-07-03,301312,110.9,104.43,112.0,104.0,43176.26,462383529.0,7.1697,-6.408,-7.15,5.093109468754936,智立方
2026-07-06,301312,105.09,100.29,105.85,97.77,35593.45,361706059.0,7.7372,-3.9644,-4.14,4.198634555671458,智立方
2026-07-07,301312,99.99,95.61,100.54,93.2,35001.61,336609708.0,7.3188,-4.6665,-4.68,4.128820590590002,智立方
2026-07-08,301312,97.52,92.02,98.75,90.3,32685.2,305814473.0,8.838,-3.7548,-3.59,3.85557483691614,智立方
2026-07-09,301312,94.75,95.5,95.58,88.7,38447.32,355241813.0,7.4766,3.7818,3.48,4.5352795619688,智立方
2026-07-10,301312,98.01,92.71,102.74,92.26,68376.9,673618521.0,10.9738,-2.9215,-2.79,8.065799048692716,智立方
2026-07-13,301312,91.32,85.56,93.53,85.26,53378.29,471561511.0,8.9203,-7.7122,-7.15,6.296549868491318,智立方
2026-07-14,301312,87.77,87.85,88.66,82.99,34690.89,300198313.0,6.6269,2.6765,2.29,4.092167787078731,智立方
2026-07-15,301312,89.62,81.89,89.98,81.0,38965.83,330097785.0,10.222,-6.7843,-5.96,4.596443455984727,智立方
2026-07-16,301312,80.58,76.7,81.29,76.18,40723.33,318555102.0,6.2401,-6.3378,-5.19,4.803759696236589,智立方
2026-07-17,301312,76.18,67.17,77.01,65.9,58610.02,415442262.0,14.485,-12.425,-9.53,6.913689324316562,智立方
2026-07-20,301312,69.23,60.0,69.9,58.31,61415.16,388096305.0,17.2547,-10.6744,-7.17,7.244586097107517,智立方
2026-07-21,301312,60.58,65.25,65.36,51.83,70998.68,423520158.0,22.55,8.75,5.25,8.375066515189173,智立方
2026-07-22,301312,64.88,63.7,68.26,63.08,53403.75,351737161.0,7.9387,-2.3755,-1.55,6.2995531524041555,智立方
2026-07-23,301312,64.2,62.21,66.72,61.63,34892.05,221601119.0,7.9906,-2.3391,-1.49,4.115896796972935,智立方
2026-07-24,301312,61.89,62.13,66.0,60.0,41608.49,264713615.0,9.6448,-0.1286,-0.08,4.908173945580165,智立方
2026-07-27,301312,62.94,65.71,65.96,61.88,47264.62,303852547.0,6.5669,5.7621,3.58,5.575375997344464,智立方
2026-07-28,301312,64.61,61.8,66.36,61.32,41848.8,264876521.0,7.6701,-5.9504,-3.91,4.936521123784958,智立方
2026-07-29,301312,61.81,59.01,62.0,56.12,49297.0,290247165.0,9.5146,-4.5146,-2.79,5.8151173232978515,智立方
2026-07-30,301312,58.55,52.51,58.87,51.71,51200.97,278454361.0,12.1335,-11.0151,-6.5,6.039711293114259,智立方
2026-07-31,301312,57.99,55.48,63.01,55.34,109170.04,647250317.0,14.6067,5.6561,2.97,12.87779359370995,智立方
2026-08-03,301312,54.8,53.39,56.42,52.72,73744.32,399085505.0,6.6691,-3.7671,-2.09,8.698944615835044,智立方
2026-08-04,301312,54.49,57.31,58.2,53.43,64065.58,360690372.0,8.9343,7.3422,3.92,7.557231963103725,智立方
2026-08-05,301312,55.74,62.53,63.84,55.0,78420.41,471967728.0,15.4249,9.1084,5.22,9.250540290304075,智立方
2026-08-06,301312,61.52,64.99,67.1,60.65,88520.88,570273043.0,10.315,3.9341,2.46,10.442000583434496,智立方
2026-08-07,301312,64.71,69.07,69.35,63.65,79371.48,534141315.0,8.7706,6.2779,4.08,9.362729341010384,智立方
2026-08-10,301312,69.32,66.21,70.43,65.6,88909.66,597892981.0,6.9929,-4.1407,-2.86,10.48786141295661,智立方
2026-08-11,301312,65.55,69.45,71.43,63.6,100187.57,684615455.0,11.826,4.8935,3.24,11.818213560381283,智立方
2026-08-12,301312,68.71,72.18,73.85,68.53,85851.98,611540611.0,7.6602,3.9309,2.73,10.127174800442637,智立方
2026-08-13,301312,72.56,69.1,74.18,69.0,73052.61,520180177.0,7.1765,-4.2671,-3.08,8.61734989802872,智立方
2026-08-14,301312,69.12,71.88,73.99,68.82,57918.51,410045025.0,7.4819,4.0232,2.78,6.832118198685515,智立方
2026-08-17,301312,72.16,74.5,74.8,70.51,61707.94,449251622.0,5.9683,3.645,2.62,7.2791226824963875,智立方
2026-08-18,301312,77.0,75.45,77.77,72.8,80406.89,606315738.0,6.6711,1.2752,0.95,9.484867212031254,智立方
2026-08-19,301312,72.5,67.49,73.54,67.1,68540.34,480906374.0,8.5355,-10.55,-7.96,8.085078574329566,智立方
2026-08-20,301312,68.96,69.63,71.0,66.97,50267.79,348055257.0,5.9713,3.1708,2.14,5.92963256248653,智立方
2026-08-21,301312,68.53,70.03,72.05,67.77,39869.1,280052619.0,6.1468,0.5745,0.4,4.702993976799691,智立方
2026-08-24,301312,71.3,70.8,74.28,68.3,73266.45,521838764.0,8.5392,1.0995,0.77,8.642574651835524,智立方
2026-06-25,301313,57.46,54.2,58.5,51.48,220436.17,1215195760.0,,,,28.061899688931923,凡拓数创
2026-06-26,301313,53.61,53.34,55.3,52.16,148390.31,797570738.0,5.7934,-1.5867,-0.86,18.890339067447563,凡拓数创
2026-06-29,301313,52.81,50.1,57.33,49.05,165565.4,880478370.0,15.5231,-6.0742,-3.24,21.076757261559614,凡拓数创
2026-06-30,301313,51.01,50.16,51.49,47.52,150029.95,737718454.0,7.9242,0.1198,0.06,19.099068030602563,凡拓数创
2026-07-01,301313,49.66,50.18,52.75,49.12,139282.31,707747094.0,7.2368,0.0399,0.02,17.73087516292231,凡拓数创
2026-07-02,301313,50.04,51.0,53.25,49.7,166607.24,864425469.0,7.0745,1.6341,0.82,21.2093852670812,凡拓数创
2026-07-03,301313,48.06,52.08,53.99,46.81,174087.83,888093054.0,14.0784,2.1176,1.08,22.161677108270545,凡拓数创
2026-07-06,301313,51.0,45.44,51.58,44.85,155421.14,735065586.0,12.9224,-12.7496,-6.64,19.785375695011602,凡拓数创
2026-07-07,301313,45.01,42.76,46.46,42.5,117046.78,512939504.0,8.7148,-5.8979,-2.68,14.900254342436106,凡拓数创
2026-07-08,301313,43.15,41.12,43.18,40.58,80518.4,333076016.0,6.0804,-3.8354,-1.64,10.250129386267673,凡拓数创
2026-07-09,301313,41.46,41.0,41.62,38.99,75951.89,305295810.0,6.3959,-0.2918,-0.12,9.668804889709307,凡拓数创
2026-07-10,301313,41.03,40.8,42.72,40.41,81527.04,340294508.0,5.6341,-0.4878,-0.2,10.378530975272982,凡拓数创
2026-07-13,301313,40.44,36.67,40.44,36.51,84173.66,319776305.0,9.6324,-10.1225,-4.13,10.71545020660748,凡拓数创
2026-07-14,301313,37.0,37.51,38.2,35.59,63999.46,235553217.0,7.1175,2.2907,0.84,8.147240204118097,凡拓数创
2026-07-15,301313,38.5,36.84,38.52,36.51,57326.54,214004936.0,5.3586,-1.7862,-0.67,7.29776612882334,凡拓数创
2026-07-16,301313,36.85,35.93,37.54,35.63,67344.66,245792866.0,5.1846,-2.4701,-0.91,8.573089858643554,凡拓数创
2026-07-17,301313,36.4,33.4,38.5,33.14,95768.38,338251855.0,14.9179,-7.0415,-2.53,12.191477800269865,凡拓数创
2026-07-20,301313,34.11,30.39,34.73,29.42,101260.82,320405479.0,15.8982,-9.012,-3.01,12.89067476203652,凡拓数创
2026-07-21,301313,30.9,32.52,32.69,26.45,108433.07,321038671.0,20.5331,7.0089,2.13,13.803714396339464,凡拓数创
2026-07-22,301313,31.89,31.63,32.85,31.22,65430.72,208788176.0,5.0123,-2.7368,-0.89,8.329442038548356,凡拓数创
2026-07-23,301313,31.63,32.74,33.18,31.38,57910.5,187204051.0,5.6908,3.5093,1.11,7.372105230896963,凡拓数创
2026-07-24,301313,32.01,31.4,32.62,31.0,54288.78,171905155.0,4.9481,-4.0929,-1.34,6.911054109652212,凡拓数创
2026-07-27,301313,31.38,32.49,32.49,30.57,46873.02,148879695.0,6.1146,3.4713,1.09,5.967015237822813,凡拓数创
2026-07-28,301313,32.45,31.57,33.54,31.41,54434.74,176439567.0,6.5559,-2.8316,-0.92,6.929635066119549,凡拓数创
2026-07-29,301313,31.35,30.68,31.76,29.72,66443.68,203584406.0,6.4618,-2.8191,-0.89,8.458393570907589,凡拓数创
2026-07-30,301313,30.64,28.76,31.03,28.5,64311.0,189957308.0,8.2464,-6.2581,-1.92,8.186899776451845,凡拓数创
2026-07-31,301313,30.25,31.77,32.99,30.01,85253.4,270058710.0,10.3616,10.4659,3.01,10.852902946646138,凡拓数创
2026-08-03,301313,32.14,33.06,34.49,31.88,106401.81,351439605.0,8.2153,4.0604,1.29,13.54513154053073,凡拓数创
2026-08-04,301313,33.14,35.56,36.85,32.5,133179.92,460455041.0,13.1579,7.562,2.5,16.954030527839322,凡拓数创
2026-08-05,301313,34.81,37.07,38.2,34.56,140940.97,517044552.0,10.2362,4.2463,1.51,17.942025404455013,凡拓数创
2026-08-06,301313,36.43,36.85,38.14,36.11,120973.55,450901483.0,5.4761,-0.5935,-0.22,15.400138847966696,凡拓数创
2026-08-07,301313,36.73,37.0,37.28,35.18,96152.45,350390171.0,5.6988,0.4071,0.15,12.24037056507125,凡拓数创
2026-08-10,301313,37.0,36.86,37.28,36.17,56763.25,207756518.0,3.0,-0.3784,-0.14,7.226058352936205,凡拓数创
2026-08-11,301313,36.6,37.0,37.59,35.88,64485.82,238015142.0,4.6392,0.3798,0.14,8.209154660047489,凡拓数创
2026-08-12,301313,37.0,37.76,38.18,36.84,60369.9,227879785.0,3.6216,2.0541,0.76,7.685191037527332,凡拓数创
2026-08-13,301313,37.98,36.85,39.08,36.85,75175.24,286403992.0,5.9057,-2.41,-0.91,9.569936022619984,凡拓数创
2026-08-14,301313,36.88,37.15,37.3,36.0,56934.48,209131721.0,3.5278,0.8141,0.3,7.247856223420598,凡拓数创
2026-08-17,301313,37.57,38.15,38.23,37.0,43149.71,162231906.0,3.3109,2.6918,1.0,5.493031536641663,凡拓数创
2026-08-18,301313,38.8,37.79,38.87,37.26,54661.3,206158184.0,4.2202,-0.9436,-0.36,6.944511231933473,凡拓数创
2026-08-19,301313,37.18,34.24,37.23,34.03,65815.02,231859867.0,8.4678,-9.394,-3.55,8.36154913293182,凡拓数创
2026-08-20,301313,34.87,33.82,34.87,33.54,45968.47,156608782.0,3.8843,-1.2266,-0.42,5.840120089163574,凡拓数创
2026-08-21,301313,33.38,34.08,34.35,32.75,36917.91,124789825.0,4.7309,0.7688,0.26,4.690280704163807,凡拓数创
2026-08-24,301313,33.93,32.76,33.93,32.0,36175.86,118135062.0,5.6631,-3.8732,-1.32,4.5960060608666975,凡拓数创
2026-06-25,301314,52.46,51.01,54.13,50.21,22851.6,117432804.0,,,,12.51637558591433,科瑞思
2026-06-26,301314,50.5,48.9,50.5,47.7,16008.2,78409328.0,5.4891,-4.1364,-2.11,8.76807941914062,科瑞思
2026-06-29,301314,48.9,47.33,50.33,46.32,14740.67,70406211.0,8.2004,-3.2106,-1.57,8.073822494180703,科瑞思
2026-06-30,301314,47.55,48.66,49.3,47.0,11191.0,53907441.0,4.8595,2.8101,1.33,6.1295821378795035,科瑞思
2026-07-01,301314,48.58,49.09,49.5,47.91,12675.3,61856974.0,3.2676,0.8837,0.43,6.942569249599148,科瑞思
2026-07-02,301314,48.8,47.44,50.3,47.0,14503.7,70264255.0,6.7223,-3.3612,-1.65,7.944028277469658,科瑞思
2026-07-03,301314,47.28,46.53,48.1,46.2,18246.21,85868757.0,4.0051,-1.9182,-0.91,9.993891779108067,科瑞思
2026-07-06,301314,46.85,47.21,48.46,45.5,16324.1,76573150.0,6.3615,1.4614,0.68,8.941105511300044,科瑞思
2026-07-07,301314,46.89,43.96,47.11,43.9,12638.68,56818366.0,6.7994,-6.8841,-3.25,6.922511587380477,科瑞思
2026-07-08,301314,43.85,41.97,44.89,41.38,16587.74,70363713.0,7.9845,-4.5268,-1.99,9.085507533892354,科瑞思
2026-07-09,301314,41.49,41.92,42.43,39.96,12608.65,52197190.0,5.8852,-0.1191,-0.05,6.9060634280023585,科瑞思
2026-07-10,301314,41.93,41.94,43.45,41.65,10724.81,45496290.0,4.2939,0.0477,0.02,5.874238567433784,科瑞思
2026-07-13,301314,41.98,39.32,42.29,39.32,12843.3,51481594.0,7.0815,-6.247,-2.62,7.034586924441768,科瑞思
2026-07-14,301314,39.36,39.42,40.21,38.17,10674.32,41658699.0,5.1882,0.2543,0.1,5.846583969798046,科瑞思
2026-07-15,301314,39.41,39.4,40.2,38.69,9402.7,37068723.0,3.8305,-0.0507,-0.02,5.150086852635118,科瑞思
2026-07-16,301314,37.28,38.74,40.26,37.28,9124.0,35708502.0,7.5635,-1.6751,-0.66,4.997436102762272,科瑞思
2026-07-17,301314,39.1,36.41,39.1,36.03,12084.9,45276384.0,7.9246,-6.0145,-2.33,6.619192849437942,科瑞思
2026-07-20,301314,36.82,34.32,37.73,33.61,13659.19,48726744.0,11.3156,-5.7402,-2.09,7.48146966686644,科瑞思
2026-07-21,301314,33.99,34.98,35.38,31.31,13792.78,46528085.0,11.859,1.9231,0.66,7.554640150093974,科瑞思
2026-07-22,301314,35.2,33.71,35.36,33.6,10208.83,35189708.0,5.0314,-3.6306,-1.27,5.591623806330838,科瑞思
2026-07-23,301314,33.71,34.9,35.7,33.71,10641.53,36963866.0,5.9033,3.5301,1.19,5.828624091476085,科瑞思
2026-07-24,301314,34.39,35.0,35.35,33.68,9353.0,32273639.0,4.7851,0.2865,0.1,5.122864957160843,科瑞思
2026-07-27,301314,34.56,36.08,36.14,34.18,8095.73,28795514.0,5.6,3.0857,1.08,4.434227683057388,科瑞思
2026-07-28,301314,35.5,35.6,36.7,35.08,7617.36,27336732.0,4.49,-1.3304,-0.48,4.172212831185579,科瑞思
2026-07-29,301314,35.66,35.78,36.3,34.96,8160.57,29106359.0,3.764,0.5056,0.18,4.469742123752599,科瑞思
2026-07-30,301314,35.6,34.21,36.16,33.81,8683.0,30241922.0,6.5679,-4.3879,-1.57,4.755889706300395,科瑞思
2026-07-31,301314,34.5,35.75,36.32,34.5,11065.08,39673379.0,5.3201,4.5016,1.54,6.0606126996879395,科瑞思
2026-08-03,301314,35.82,37.8,37.94,35.4,11973.84,44165292.0,7.1049,5.7343,2.05,6.558362593675909,科瑞思
2026-08-04,301314,37.73,39.2,39.69,37.35,12112.5,47289347.0,6.1905,3.7037,1.4,6.634310038876372,科瑞思
2026-08-05,301314,38.91,39.92,40.0,38.6,10084.62,39884608.0,3.5714,1.8367,0.72,5.523590976615351,科瑞思
2026-08-06,301314,39.88,40.35,40.4,39.2,6828.6,27301894.0,3.006,1.0772,0.43,3.740189847799479,科瑞思
2026-08-07,301314,40.4,40.9,41.2,39.55,5654.4,22880607.0,4.0892,1.3631,0.55,3.09705202756017,科瑞思
2026-08-10,301314,40.79,41.75,41.86,40.01,7322.83,30013741.0,4.5232,2.0782,0.85,4.010891606355836,科瑞思
2026-08-11,301314,41.5,41.88,42.37,40.94,5191.6,21631514.0,3.4251,0.3114,0.13,2.8435652423389532,科瑞思
2026-08-12,301314,41.88,43.75,44.01,41.39,9517.4,40791444.0,6.256,4.4651,1.87,5.212910824685406,科瑞思
2026-08-13,301314,44.98,43.0,46.67,43.0,14917.47,66136523.0,8.3886,-1.7143,-0.75,8.17066014246746,科瑞思
2026-08-14,301314,42.83,43.17,43.74,42.31,9450.24,40478054.0,3.3256,0.3953,0.17,5.176125663718559,科瑞思
2026-08-17,301314,43.17,44.08,44.44,42.9,6305.5,27613184.0,3.5673,2.1079,0.91,3.4536752900008225,科瑞思
2026-08-18,301314,43.7,43.97,44.51,43.5,6791.48,29834334.0,2.2913,-0.2495,-0.11,3.7198583234533005,科瑞思
2026-08-19,301314,43.51,41.44,43.9,41.42,8226.21,34865038.0,5.6402,-5.7539,-2.53,4.505694743851823,科瑞思
2026-08-20,301314,42.78,42.71,43.45,41.68,6295.5,26925075.0,4.2712,3.0647,1.27,3.4481980474506666,科瑞思
2026-08-21,301314,42.84,43.44,43.69,41.9,5663.8,24300539.0,4.1911,1.7092,0.73,3.1022006355573164,科瑞思
2026-08-24,301314,43.45,42.3,43.52,41.68,7111.73,30206398.0,4.2357,-2.6243,-1.14,3.895267016122044,科瑞思
2026-06-25,301315,40.92,40.41,42.0,40.15,19896.15,81113609.0,,,,2.2609261363636364,威士顿
2026-06-26,301315,40.04,38.28,40.2,38.13,17167.36,66743533.0,5.1225,-5.271,-2.13,1.9508363636363637,威士顿
2026-06-29,301315,37.9,37.78,38.8,36.88,14252.0,53593357.0,5.0157,-1.3062,-0.5,1.6195454545454544,威士顿
2026-06-30,301315,37.76,38.18,38.6,37.35,15004.32,57073233.0,3.3086,1.0588,0.4,1.7050363636363637,威士顿
2026-07-01,301315,38.0,39.9,41.03,38.0,28219.96,112386559.0,7.9361,4.505,1.72,3.206813636363636,威士顿
2026-07-02,301315,39.63,39.23,40.45,39.02,19641.56,78150353.0,3.584,-1.6792,-0.67,2.2319954545454546,威士顿
2026-07-03,301315,39.44,39.42,39.89,38.68,12556.8,49483526.0,3.0844,0.4843,0.19,1.426909090909091,威士顿
2026-07-06,301315,39.11,38.18,39.59,38.0,12594.7,48518419.0,4.0335,-3.1456,-1.24,1.4312159090909091,威士顿
2026-07-07,301315,38.1,36.82,38.56,36.58,11747.64,43735512.0,5.186,-3.5621,-1.36,1.334959090909091,威士顿
2026-07-08,301315,36.81,36.6,36.98,36.01,11604.0,42450029.0,2.6344,-0.5975,-0.22,1.3186363636363636,威士顿
2026-07-09,301315,36.0,36.94,36.99,35.38,12179.53,44154725.0,4.3989,0.929,0.34,1.3840375,威士顿
2026-07-10,301315,36.92,37.99,38.76,36.24,18366.87,69788415.0,6.8219,2.8424,1.05,2.087144318181818,威士顿
2026-07-13,301315,38.27,36.31,38.38,36.2,13865.0,51324596.0,5.7384,-4.4222,-1.68,1.5755681818181817,威士顿
2026-07-14,301315,36.73,36.56,36.86,35.62,11800.97,42814030.0,3.415,0.6885,0.25,1.3410193181818182,威士顿
2026-07-15,301315,36.33,37.12,37.46,36.33,11589.04,42882728.0,3.0908,1.5317,0.56,1.3169363636363638,威士顿
2026-07-16,301315,36.85,37.5,37.8,36.4,11600.0,43252265.0,3.7716,1.0237,0.38,1.3181818181818181,威士顿
2026-07-17,301315,37.56,35.3,37.94,35.22,14618.77,53174198.0,7.2533,-5.8667,-2.2,1.6612238636363637,威士顿
2026-07-20,301315,35.76,34.83,36.51,34.0,18725.0,65984413.0,7.1105,-1.3314,-0.47,2.127840909090909,威士顿
2026-07-21,301315,34.97,35.56,35.76,33.51,18226.05,63509716.0,6.4599,2.0959,0.73,2.0711420454545455,威士顿
2026-07-22,301315,35.02,34.34,35.53,34.12,12195.0,42316947.0,3.9651,-3.4308,-1.22,1.3857954545454545,威士顿
2026-07-23,301315,34.24,34.3,34.49,33.76,8651.0,29499823.0,2.1258,-0.1165,-0.04,0.9830681818181818,威士顿
2026-07-24,301315,34.2,33.25,34.2,33.06,9633.74,32303097.0,3.3236,-3.0612,-1.05,1.0947431818181819,威士顿
2026-07-27,301315,33.01,34.51,34.65,32.5,11237.77,38446510.0,6.4662,3.7895,1.26,1.2770193181818181,威士顿
2026-07-28,301315,34.38,35.15,35.46,34.19,13009.11,45703686.0,3.6801,1.8545,0.64,1.4783079545454545,威士顿
2026-07-29,301315,35.29,35.73,36.08,35.08,11361.0,40542701.0,2.845,1.6501,0.58,1.2910227272727273,威士顿
2026-07-30,301315,35.6,35.65,36.8,35.16,14171.13,51173992.0,4.59,-0.2239,-0.08,1.610355681818182,威士顿
2026-07-31,301315,35.99,37.11,38.0,35.99,21934.93,81647679.0,5.6381,4.0954,1.46,2.492605681818182,威士顿
2026-08-03,301315,37.04,37.44,37.92,37.0,14508.5,54254926.0,2.4791,0.8892,0.33,1.6486931818181818,威士顿
2026-08-04,301315,37.68,38.06,38.62,37.68,19641.64,74846285.0,2.5107,1.656,0.62,2.2320045454545454,威士顿
2026-08-05,301315,38.3,38.85,39.45,37.99,16291.0,63182346.0,3.836,2.0757,0.79,1.85125,威士顿
2026-08-06,301315,38.31,38.75,39.76,38.02,16886.97,65539566.0,4.4788,-0.2574,-0.1,1.9189738636363636,威士顿
2026-08-07,301315,38.38,38.06,38.78,37.26,15209.02,57492108.0,3.9226,-1.7806,-0.69,1.7282977272727273,威士顿
2026-08-10,301315,38.19,38.65,38.79,37.7,11819.0,45384808.0,2.8639,1.5502,0.59,1.343068181818182,威士顿
2026-08-11,301315,38.64,38.47,38.91,38.05,8564.35,33006769.0,2.2251,-0.4657,-0.18,0.9732215909090909,威士顿
2026-08-12,301315,40.4,46.16,46.16,40.4,58793.44,261712727.0,14.9727,19.9896,7.69,6.681072727272727,威士顿
2026-08-13,301315,43.6,44.58,48.45,43.6,97301.05,443425284.0,10.5069,-3.4229,-1.58,11.0569375,威士顿
2026-08-14,301315,44.57,43.77,45.27,43.0,57484.84,252750446.0,5.092,-1.817,-0.81,6.532368181818182,威士顿
2026-08-17,301315,43.37,42.7,43.55,41.5,48234.03,204730386.0,4.6836,-2.4446,-1.07,5.481139772727273,威士顿
2026-08-18,301315,42.62,42.35,42.86,41.32,36725.06,154476068.0,3.6066,-0.8197,-0.35,4.173302272727273,威士顿
2026-08-19,301315,41.68,39.52,41.8,39.3,31896.73,128169036.0,5.9032,-6.6824,-2.83,3.624628409090909,威士顿
2026-08-20,301315,39.75,40.21,40.32,39.07,28336.42,113123508.0,3.163,1.746,0.69,3.220047727272727,威士顿
2026-08-21,301315,39.65,40.59,41.08,39.39,26095.46,104938830.0,4.2029,0.945,0.38,2.965393181818182,威士顿
2026-08-24,301315,40.22,39.29,40.79,38.83,22130.5,87661729.0,4.8288,-3.2028,-1.3,2.5148295454545453,威士顿
2026-06-25,301316,41.18,40.95,41.78,40.22,122002.63,497835424.0,,,,3.118298988621718,慧博云通
2026-06-26,301316,40.8,37.78,40.8,37.76,135635.0,525178948.0,7.4237,-7.7411,-3.17,3.4667325066820833,慧博云通
2026-06-29,301316,38.02,36.9,39.3,36.46,110438.73,412927027.0,7.5172,-2.3293,-0.88,2.822734067812038,慧博云通
2026-06-30,301316,37.31,39.38,39.57,36.0,126982.37,489970659.0,9.6748,6.7209,2.48,3.2455775415971675,慧博云通
2026-07-01,301316,39.1,38.39,39.34,37.94,118175.71,454169021.0,3.5551,-2.514,-0.99,3.0204856811091156,慧博云通
2026-07-02,301316,38.0,39.74,41.68,37.81,176138.98,703792096.0,10.0808,3.5165,1.35,4.50198494238084,慧博云通
2026-07-03,301316,39.85,43.51,46.28,39.85,296997.52,1312098230.0,16.1802,9.4867,3.77,7.591041818026041,慧博云通
2026-07-06,301316,43.33,42.01,44.37,40.69,205932.08,868917557.0,8.4578,-3.4475,-1.5,5.263475031552735,慧博云通
2026-07-07,301316,41.8,40.6,43.51,40.5,124709.21,516223106.0,7.165,-3.3563,-1.41,3.187477215981438,慧博云通
2026-07-08,301316,42.3,40.92,42.61,40.0,180997.58,742435752.0,6.4286,0.7882,0.32,4.6261672445666004,慧博云通
2026-07-09,301316,40.89,44.82,45.35,40.03,341751.23,1484047989.0,13.001,9.5308,3.9,8.734914279054706,慧博云通
2026-07-10,301316,44.46,43.7,45.65,43.47,242853.08,1081039096.0,4.8639,-2.4989,-1.12,6.207149089717731,慧博云通
2026-07-13,301316,43.93,41.8,45.3,41.38,153317.03,653714120.0,8.9703,-4.3478,-1.9,3.918672405566057,慧博云通
2026-07-14,301316,42.27,41.82,43.57,39.46,176740.47,722621449.0,9.8325,0.0478,0.02,4.517358591774022,慧博云通
2026-07-15,301316,42.0,39.12,42.2,38.5,170704.45,677026758.0,8.8474,-6.4562,-2.7,4.363082285916513,慧博云通
2026-07-16,301316,38.33,39.31,40.88,38.05,152981.22,607729266.0,7.2342,0.4857,0.19,3.910089344829013,慧博云通
2026-07-17,301316,39.11,34.39,39.44,34.19,194123.01,709126034.0,13.3554,-12.5159,-4.92,4.96164374285377,慧博云通
2026-07-20,301316,34.73,32.24,35.3,31.0,228464.28,751963895.0,12.5036,-6.2518,-2.15,5.839381767919175,慧博云通
2026-07-21,301316,32.25,34.25,34.34,30.0,192296.41,629272071.0,13.4615,6.2345,2.01,4.914957167878981,慧博云通
2026-07-22,301316,34.07,37.04,41.1,33.3,361253.83,1363289190.0,22.7737,8.146,2.79,9.233386630474458,慧博云通
2026-07-23,301316,37.04,34.7,37.4,34.51,216530.53,771840116.0,7.8024,-6.3175,-2.34,5.534363748590703,慧博云通
2026-07-24,301316,33.78,34.89,35.15,33.3,125485.94,433897476.0,5.3314,0.5476,0.19,3.207329873038357,慧博云通
2026-07-27,301316,34.27,36.15,36.25,33.38,124075.83,434787786.0,8.2259,3.6113,1.26,3.1712884812515947,慧博云通
2026-07-28,301316,35.22,35.47,35.96,34.45,117545.52,413843576.0,4.177,-1.8811,-0.68,3.0043784804722153,慧博云通
2026-07-29,301316,35.6,34.86,35.6,33.51,129577.01,444838306.0,5.8923,-1.7198,-0.61,3.311894663513616,慧博云通
2026-07-30,301316,34.49,33.12,35.2,32.76,109136.41,368667845.0,6.9994,-4.9914,-1.74,2.7894477104698905,慧博云通
2026-07-31,301316,35.0,36.3,37.38,34.01,184316.04,667383953.0,10.1751,9.6014,3.18,4.710984682205295,慧博云通
2026-08-03,301316,36.25,36.01,37.2,35.71,125507.99,454510326.0,4.1047,-0.7989,-0.29,3.2078934550914573,慧博云通
2026-08-04,301316,36.4,38.41,38.6,36.2,142640.91,535477410.0,6.6648,6.6648,2.4,3.645798499500228,慧博云通
2026-08-05,301316,38.03,39.77,40.49,38.03,144444.37,573119515.0,6.4046,3.5407,1.36,3.6918936328102205,慧博云通
2026-08-06,301316,39.14,39.31,40.1,38.41,109359.21,429610507.0,4.2494,-1.1567,-0.46,2.795142317337504,慧博云通
2026-08-07,301316,38.9,39.45,39.93,37.86,108637.51,423072409.0,5.2658,0.3561,0.14,2.7766961872820426,慧博云通
2026-08-10,301316,39.45,39.95,40.15,38.96,86633.43,343243639.0,3.0165,1.2674,0.5,2.214287816171097,慧博云通
2026-08-11,301316,39.93,40.72,40.8,39.31,106863.91,430066164.0,3.7297,1.9274,0.77,2.731364253976839,慧博云通
2026-08-12,301316,40.72,40.32,41.46,40.04,103548.19,421879353.0,3.4872,-0.9823,-0.4,2.646616848756535,慧博云通
2026-08-13,301316,40.8,40.0,41.59,40.0,130514.05,536140379.0,3.9435,-0.7937,-0.32,3.3358447282318777,慧博云通
2026-08-14,301316,40.1,40.85,41.39,39.9,95858.13,389629079.0,3.725,2.125,0.85,2.4500644767261917,慧博云通
2026-08-17,301316,40.88,41.0,42.0,40.5,130741.96,536764591.0,3.672,0.3672,0.15,3.341669943003861,慧博云通
2026-08-18,301316,40.7,42.57,44.55,40.4,205089.91,863748177.0,10.122,3.8293,1.57,5.2419497754230315,慧博云通
2026-08-19,301316,41.94,39.1,42.17,38.8,171631.32,691352951.0,7.9164,-8.1513,-3.47,4.386772412789875,慧博云通
2026-08-20,301316,39.59,39.15,39.9,38.47,108325.47,423882804.0,3.6573,0.1279,0.05,2.7687206705541696,慧博云通
2026-08-21,301316,38.84,39.18,39.65,38.34,74401.78,289996371.0,3.3461,0.0766,0.03,1.9016556882884865,慧博云通
2026-08-24,301316,38.95,37.55,38.99,36.8,89775.98,338230707.0,5.5896,-4.1603,-1.63,2.2946091214306086,慧博云通
2026-06-25,301317,63.74,65.34,69.37,62.68,42950.2,286335260.0,,,,8.228522654856578,鑫磊股份
2026-06-26,301317,64.96,63.93,69.55,63.29,51170.97,343220023.0,9.5807,-2.1579,-1.41,9.803481378805833,鑫磊股份
2026-06-29,301317,63.68,56.03,64.46,55.41,46616.17,272511972.0,14.1561,-12.3573,-7.9,8.930859714917405,鑫磊股份
2026-06-30,301317,57.04,56.12,58.13,55.0,28826.0,162540967.0,5.5863,0.1606,0.09,5.522567858796832,鑫磊股份
2026-07-01,301317,56.7,52.96,56.7,52.76,32145.12,173647589.0,7.0207,-5.6308,-3.16,6.158454399818471,鑫磊股份
2026-07-02,301317,52.94,50.43,53.9,50.18,35339.8,182951985.0,7.0242,-4.7772,-2.53,6.7705003682893325,鑫磊股份
2026-07-03,301317,50.6,51.84,52.91,50.25,34847.39,180298694.0,5.2746,2.796,1.41,6.676163046449668,鑫磊股份
2026-07-06,301317,51.07,62.21,62.21,51.07,63225.43,368279854.0,21.4892,20.0039,10.37,12.112909442052626,鑫磊股份
2026-07-07,301317,62.21,56.7,62.4,55.25,71214.21,407809773.0,11.4933,-8.8571,-5.51,13.643422855602857,鑫磊股份
2026-07-08,301317,57.72,51.94,58.74,51.87,50200.25,269562715.0,12.1164,-8.3951,-4.76,9.61750805361707,鑫磊股份
2026-07-09,301317,53.38,57.49,62.33,53.37,106206.05,624122231.0,17.2507,10.6854,5.55,20.347260047865447,鑫磊股份
2026-07-10,301317,56.92,62.0,65.8,56.92,92663.0,577903497.0,15.4462,7.8448,4.51,17.752643637677473,鑫磊股份
2026-07-13,301317,60.67,57.63,62.0,57.04,55186.5,324852934.0,8.0,-7.0484,-4.37,10.57278814748808,鑫磊股份
2026-07-14,301317,56.98,57.55,59.53,54.42,49144.0,279384336.0,8.8669,-0.1388,-0.08,9.415148645414263,鑫磊股份
2026-07-15,301317,58.0,55.78,59.49,54.74,38880.0,217794372.0,8.2537,-3.0756,-1.77,7.448742050580061,鑫磊股份
2026-07-16,301317,54.77,54.01,56.33,53.19,36048.95,196980871.0,5.6293,-3.1732,-1.77,6.9063613617350335,鑫磊股份
2026-07-17,301317,54.73,49.12,54.74,49.0,49945.7,257503498.0,10.6277,-9.0539,-4.89,9.568740633633142,鑫磊股份
2026-07-20,301317,50.0,44.62,51.14,43.15,53355.13,250693073.0,16.2663,-9.1612,-4.5,10.221929023795415,鑫磊股份
2026-07-21,301317,44.62,46.45,46.45,38.39,54713.65,237212258.0,18.0636,4.1013,1.83,10.482198186618307,鑫磊股份
2026-07-22,301317,45.94,44.11,47.16,43.6,35379.42,160159477.0,7.6642,-5.0377,-2.34,6.77809088166495,鑫磊股份
2026-07-23,301317,44.71,43.75,46.44,43.09,27564.5,122702663.0,7.5946,-0.8161,-0.36,5.2808860661834895,鑫磊股份
2026-07-24,301317,43.03,43.4,45.27,42.0,23053.5,100447931.0,7.4743,-0.8,-0.35,4.416655732074266,鑫磊股份
2026-07-27,301317,43.05,46.82,46.99,42.0,32492.29,147774476.0,11.4977,7.8802,3.42,6.224966225376595,鑫磊股份
2026-07-28,301317,46.18,44.36,48.98,44.0,36962.0,171242519.0,10.6365,-5.2542,-2.46,7.081286102714513,鑫磊股份
2026-07-29,301317,44.3,42.69,44.73,41.25,33603.96,143784450.0,7.8449,-3.7647,-1.67,6.437943156327426,鑫磊股份
2026-07-30,301317,42.69,37.99,42.89,37.7,47077.4,186198762.0,12.1574,-11.0096,-4.7,9.019223482818358,鑫磊股份
2026-07-31,301317,40.57,39.51,41.55,39.51,42640.34,172707648.0,5.3698,4.0011,1.52,8.169158786240509,鑫磊股份
2026-08-03,301317,39.37,38.6,40.38,38.16,32151.13,125410875.0,5.6188,-2.3032,-0.91,6.159605812877214,鑫磊股份
2026-08-04,301317,39.2,41.97,42.55,38.26,38058.51,156381559.0,11.114,8.7306,3.37,7.291358637330807,鑫磊股份
2026-08-05,301317,41.56,44.29,44.99,41.03,33293.85,144962837.0,9.4353,5.5278,2.32,6.37853139199344,鑫磊股份
2026-08-06,301317,43.64,44.11,44.94,43.0,29073.99,127921017.0,4.3802,-0.4064,-0.18,5.570078495142598,鑫磊股份
2026-08-07,301317,44.29,45.82,45.96,42.48,38576.93,172496684.0,7.8894,3.8767,1.71,7.390679029662641,鑫磊股份
2026-08-10,301317,46.48,45.12,48.02,44.03,29712.75,133805759.0,8.708,-1.5277,-0.7,5.692453970251356,鑫磊股份
2026-08-11,301317,44.99,44.57,45.11,43.67,19510.0,86812599.0,3.1915,-1.219,-0.55,3.737781826307021,鑫磊股份
2026-08-12,301317,44.5,45.88,47.31,44.27,33913.3,156018235.0,6.8207,2.9392,1.31,6.497207401850226,鑫磊股份
2026-08-13,301317,46.17,44.91,47.38,44.81,21953.44,101224248.0,5.6016,-2.1142,-0.97,4.205903078263538,鑫磊股份
2026-08-14,301317,44.91,45.45,45.75,44.1,19012.0,85628711.0,3.674,1.2024,0.54,3.6423735562147153,鑫磊股份
2026-08-17,301317,45.66,47.06,47.17,45.06,20378.29,94496444.0,4.6425,3.5424,1.61,3.9041313179504926,鑫磊股份
2026-08-18,301317,46.53,45.56,47.6,45.28,24770.44,114246922.0,4.9299,-3.1874,-1.5,4.7455920277615835,鑫磊股份
2026-08-19,301317,44.3,42.17,45.12,41.8,26393.68,114115637.0,7.2871,-7.4407,-3.39,5.056577008373301,鑫磊股份
2026-08-20,301317,43.02,42.56,43.72,42.2,17398.0,74610917.0,3.6045,0.9248,0.39,3.33315880133724,鑫磊股份
2026-08-21,301317,42.34,43.16,43.93,41.28,18568.05,79636959.0,6.2265,1.4098,0.6,3.5573203403362426,鑫磊股份
2026-08-24,301317,43.14,42.84,43.32,41.52,17462.0,73883633.0,4.1705,-0.7414,-0.32,3.3454201051242034,鑫磊股份
2026-06-25,301318,20.38,20.09,20.59,19.92,14673.4,29521625.0,,,,1.5747168728625984,维海德
2026-06-26,301318,19.88,20.16,21.03,19.4,18450.0,37474010.0,8.1135,0.3484,0.07,1.9800132419422178,维海德
2026-06-29,301318,20.0,19.95,20.1,19.42,16949.13,33530638.0,3.373,-1.0417,-0.21,1.8189431891273768,维海德
2026-06-30,301318,20.09,20.4,20.74,19.6,14263.35,28998447.0,5.7143,2.2556,0.45,1.530727640138551,维海德
2026-07-01,301318,20.5,20.76,21.17,20.12,14505.4,29990505.0,5.1471,1.7647,0.36,1.5567041901983572,维海德
2026-07-02,301318,20.78,20.72,21.84,20.63,21541.15,45555270.0,5.8285,-0.1927,-0.04,2.31177344069735,维海德
2026-07-03,301318,20.81,20.68,21.06,20.45,14443.01,29976846.0,2.944,-0.1931,-0.04,1.550008561368647,维海德
2026-07-06,301318,20.61,20.26,20.88,20.16,11739.0,23949153.0,3.4816,-2.0309,-0.42,1.2598170673499878,维海德
2026-07-07,301318,20.08,19.64,20.22,19.55,12256.35,24289799.0,3.307,-3.0602,-0.62,1.3153385223115277,维海德
2026-07-08,301318,19.72,19.62,19.8,19.14,10674.8,20856511.0,3.3605,-0.1018,-0.02,1.1456082486197845,维海德
2026-07-09,301318,19.42,19.74,19.83,19.23,9708.03,18966420.0,3.0581,0.6116,0.12,1.0418555144684984,维海德
2026-07-10,301318,19.73,20.19,20.72,19.48,13185.2,26724248.0,6.2817,2.2796,0.45,1.4150217221588772,维海德
2026-07-13,301318,20.44,19.23,20.44,19.14,14655.2,28567313.0,6.4388,-4.7548,-0.96,1.5727805678019884,维海德
2026-07-14,301318,19.29,19.43,19.59,18.81,9689.31,18564866.0,4.0562,1.04,0.2,1.0398465038627576,维海德
2026-07-15,301318,19.25,19.92,20.1,19.25,11787.76,23346788.0,4.3747,2.5219,0.49,1.2650499389918641,维海德
2026-07-16,301318,20.0,20.04,20.5,19.7,11647.4,23476037.0,4.0161,0.6024,0.12,1.2499866522065124,维海德
2026-07-17,301318,20.04,19.7,20.33,19.51,13870.18,27589393.0,4.0918,-1.6966,-0.34,1.4885330514708626,维海德
2026-07-20,301318,19.83,19.5,20.79,19.0,17518.95,34884817.0,9.0863,-1.0152,-0.2,1.8801151897138657,维海德
2026-07-21,301318,19.33,19.35,19.49,18.4,18504.7,35190829.0,5.5897,-0.7692,-0.15,1.9859048373959725,维海德
2026-07-22,301318,19.2,18.92,19.36,18.86,9692.3,18461079.0,2.584,-2.2222,-0.43,1.0401673875011745,维海德
2026-07-23,301318,19.05,18.98,19.05,18.45,8663.7,16261233.0,3.1712,0.3171,0.06,0.9297791231280423,维海德
2026-07-24,301318,19.58,18.58,19.75,18.58,9324.1,17540576.0,6.1644,-2.1075,-0.4,1.0006525528305668,维海德
2026-07-27,301318,18.46,18.95,19.09,18.35,8559.93,16135459.0,3.9828,1.9914,0.37,0.9186426364529501,维海德
2026-07-28,301318,18.77,18.99,19.28,18.53,8851.0,16867468.0,3.9578,0.2111,0.04,0.9498799610797124,维海德
2026-07-29,301318,19.11,19.16,19.3,18.8,8716.0,16616727.0,2.633,0.8952,0.17,0.9353919038267735,维海德
2026-07-30,301318,19.15,18.71,19.43,18.58,12404.0,23578472.0,4.4363,-2.3486,-0.45,1.331184164188538,维海德
2026-07-31,301318,18.9,20.0,20.52,18.9,28217.87,55746829.0,8.6585,6.8947,1.29,3.0283119712295083,维海德
2026-08-03,301318,19.8,20.24,20.26,19.59,18845.0,37901921.0,3.35,1.2,0.24,2.0224254735676395,维海德
2026-08-04,301318,20.26,20.5,20.67,20.2,17642.55,36120227.0,2.3221,1.2846,0.26,1.8933798110210005,维海德
2026-08-05,301318,20.5,20.84,21.02,20.49,17342.3,36169045.0,2.5854,1.6585,0.34,1.861157298501039,维海德
2026-08-06,301318,20.83,20.85,20.98,20.5,12215.0,25380212.0,2.3033,0.048,0.01,1.3109008840344238,维海德
2026-08-07,301318,20.86,20.66,20.87,20.22,9320.0,19067274.0,3.1175,-0.9113,-0.19,1.0002125451658477,维海德
2026-08-10,301318,20.84,20.88,20.95,20.37,9676.2,20114277.0,2.8074,1.0649,0.22,1.0384395525250831,维海德
2026-08-11,301318,20.87,20.95,20.99,20.54,6534.25,13577773.0,2.1552,0.3352,0.07,0.7012488007778905,维海德
2026-08-12,301318,21.07,21.16,21.28,20.93,8018.1,16967519.0,1.6706,1.0024,0.21,0.8604940137762107,维海德
2026-08-13,301318,21.27,20.85,21.82,20.81,10891.25,23055569.0,4.7732,-1.465,-0.31,1.1688374337486631,维海德
2026-08-14,301318,20.67,20.69,21.05,20.59,6911.92,14328738.0,2.2062,-0.7674,-0.16,0.7417799458350565,维海德
2026-08-17,301318,20.69,20.95,21.02,20.47,8851.0,18391567.0,2.6583,1.2566,0.26,0.9498799610797124,维海德
2026-08-18,301318,20.94,20.7,21.13,20.46,10356.0,21435119.0,3.1981,-1.1933,-0.25,1.1113949697143262,维海德
2026-08-19,301318,20.49,20.05,20.7,19.97,9003.6,18178058.0,3.5266,-3.1401,-0.65,0.9662568317226639,维海德
2026-08-20,301318,20.65,20.66,20.75,20.06,11482.75,23568272.0,3.4414,3.0424,0.61,1.2323165883050577,维海德
2026-08-21,301318,20.65,20.65,20.78,20.33,7264.0,14957076.0,2.1781,-0.0484,-0.01,0.7795647991507209,维海德
2026-08-24,301318,20.52,20.43,20.93,20.15,12108.34,24811963.0,3.7772,-1.0654,-0.22,1.299454245615176,维海德
2026-06-25,301319,210.5,202.68,225.0,198.44,123927.31,2594788962.0,,,,9.052159987723915,唯特偶
2026-06-26,301319,206.34,207.0,220.0,193.68,101261.46,2110140670.0,12.986,2.1314,4.32,7.396553160965938,唯特偶
2026-06-29,301319,199.99,177.01,200.0,170.0,154731.44,2834268510.0,14.4928,-14.4879,-29.99,11.30222022902703,唯特偶
2026-06-30,301319,176.89,167.33,188.08,165.81,160038.16,2771298513.0,12.5812,-5.4686,-9.68,11.642240825401009,唯特偶
2026-07-01,301319,167.0,172.38,178.0,165.0,110946.43,1909971870.0,7.7691,3.018,5.05,8.070981675735931,唯特偶
2026-07-02,301319,165.0,176.99,189.99,163.0,110314.77,1960134597.0,15.6573,2.6743,4.61,8.024960760795365,唯特偶
2026-07-03,301319,177.8,157.4,181.24,157.0,110558.1,1823089485.0,13.6957,-11.0684,-19.59,8.042662050495052,唯特偶
2026-07-06,301319,159.12,140.07,162.0,138.95,153801.2,2244622349.0,14.6442,-11.0102,-17.33,11.188425584019619,唯特偶
2026-07-07,301319,142.08,133.55,142.08,128.49,118459.79,1585872226.0,9.7023,-4.6548,-6.52,8.617478570476637,唯特偶
2026-07-08,301319,136.0,127.46,137.09,126.77,91618.63,1190669915.0,7.7274,-4.5601,-6.09,6.664890936252951,唯特偶
2026-07-09,301319,130.0,138.43,138.98,122.1,124850.36,1630266226.0,13.2434,8.6066,10.97,9.082367120660045,唯特偶
2026-07-10,301319,138.5,131.3,147.66,131.22,126943.09,1776238008.0,11.876,-5.1506,-7.13,9.23460490471144,唯特偶
2026-07-13,301319,128.82,118.2,133.33,117.36,130545.61,1612221412.0,12.163,-9.9772,-13.1,9.496673906350845,唯特偶
2026-07-14,301319,120.57,127.03,128.88,117.43,101656.41,1247438282.0,9.687,7.4704,8.83,7.395099507829508,唯特偶
2026-07-15,301319,128.7,119.98,132.5,119.21,84657.39,1045865337.0,10.4621,-5.5499,-7.05,6.15848841330449,唯特偶
2026-07-16,301319,118.0,112.03,120.85,110.23,98246.65,1130746712.0,8.8515,-6.6261,-7.95,7.147053029522664,唯特偶
2026-07-17,301319,112.33,99.14,113.88,97.8,88758.7,929975080.0,14.3533,-11.5058,-12.89,6.456842403598426,唯特偶
2026-07-20,301319,102.99,86.37,103.75,83.76,117720.55,1088965752.0,20.1634,-12.8808,-12.77,8.56077189178656,唯特偶
2026-07-21,301319,91.52,95.75,96.45,75.99,144008.13,1266013068.0,23.6888,10.8603,9.38,10.472434519654767,唯特偶
2026-07-22,301319,94.67,94.85,102.0,93.06,129980.39,1273656556.0,9.3368,-0.9399,-0.9,9.452321359316237,唯特偶
2026-07-23,301319,96.47,90.2,99.47,89.3,114755.71,1075607235.0,10.7222,-4.9025,-4.65,8.345165364840803,唯特偶
2026-07-24,301319,89.33,90.52,94.62,86.51,103344.49,945455200.0,8.9911,0.3548,0.32,7.515328506051129,唯特偶
2026-07-27,301319,90.23,98.88,99.95,87.8,111928.41,1064235143.0,13.4224,9.2355,8.36,8.1395609026662,唯特偶
2026-07-28,301319,95.01,91.17,97.21,90.0,100494.47,936339547.0,7.2917,-7.7973,-7.71,7.308071819711917,唯特偶
2026-07-29,301319,91.19,88.55,92.52,84.0,105961.88,930555307.0,9.3452,-2.8738,-2.62,7.705668074986571,唯特偶
2026-07-30,301319,88.01,79.43,88.9,76.88,107528.67,880667994.0,13.5743,-10.2993,-9.12,7.81960682053552,唯特偶
2026-07-31,301319,89.76,86.22,92.8,86.14,119634.26,1066916895.0,8.3847,8.5484,6.79,8.69980619459266,唯特偶
2026-08-03,301319,85.01,81.81,87.88,80.68,84984.74,708657460.0,8.3507,-5.1148,-4.41,6.180092287091061,唯特偶
2026-08-04,301319,83.11,92.8,92.8,80.91,98965.69,872585536.0,14.5337,13.4336,10.99,7.196787299174474,唯特偶
2026-08-05,301319,89.78,98.01,101.0,88.37,177547.81,1693287054.0,13.6099,5.6142,5.21,12.911280909618705,唯特偶
2026-08-06,301319,91.34,108.3,109.24,91.34,216370.82,2146099124.0,18.2634,10.4989,10.29,15.734491107857343,唯特偶
2026-08-07,301319,105.5,119.63,129.0,101.31,263117.78,2973528570.0,25.5679,10.4617,11.33,19.133931136043042,唯特偶
2026-08-10,301319,118.88,113.6,119.3,108.7,183885.76,2077840418.0,8.8607,-5.0405,-6.03,13.372176782347958,唯特偶
2026-08-11,301319,109.0,111.1,118.26,108.5,142523.21,1605894668.0,8.5915,-2.2007,-2.5,10.364291175715305,唯特偶
2026-08-12,301319,110.07,113.66,116.66,108.33,117812.02,1331579922.0,7.4977,2.3042,2.56,8.567292859031136,唯特偶
2026-08-13,301319,115.8,109.8,118.88,109.5,138306.59,1588416971.0,8.2527,-3.3961,-3.86,10.057658470366158,唯特偶
2026-08-14,301319,110.16,115.12,116.88,109.01,134280.5,1530136559.0,7.1676,4.8452,5.32,9.764881111088075,唯特偶
2026-08-17,301319,116.73,123.19,123.68,114.87,145512.18,1736942751.0,7.6529,7.0101,8.07,10.581649144255852,唯特偶
2026-08-18,301319,124.01,130.0,138.87,124.01,211468.4,2792256670.0,12.0627,5.528,6.81,15.377987010414895,唯特偶
2026-08-19,301319,126.14,110.36,126.7,109.3,193890.46,2266276809.0,13.3846,-15.1077,-19.64,14.099718801122856,唯特偶
2026-08-20,301319,112.51,112.62,116.95,108.01,134869.33,1524375926.0,8.1008,2.0478,2.26,9.807700842505831,唯特偶
2026-08-21,301319,112.31,110.15,116.56,108.2,108646.03,1216806068.0,7.4232,-2.1932,-2.47,7.900483315638343,唯特偶
2026-08-24,301319,112.22,102.51,112.34,98.66,116203.49,1198089082.0,12.4194,-6.936,-7.64,8.45004400035553,唯特偶
2026-06-25,301320,13.86,13.53,14.0,13.4,28563.61,38806554.0,,,,2.500990835456083,豪江智能
2026-06-26,301320,13.49,12.94,13.49,12.92,28536.0,37403527.0,4.2129,-4.3607,-0.59,2.4985733414149958,豪江智能
2026-06-29,301320,12.8,12.77,12.96,12.26,31948.21,40173319.0,5.4096,-1.3138,-0.17,2.79734180725848,豪江智能
2026-06-30,301320,12.76,12.9,12.98,12.52,21989.0,28129726.0,3.6022,1.018,0.13,1.9253269275432556,豪江智能
2026-07-01,301320,12.85,12.96,13.29,12.76,24791.0,32228897.0,4.1085,0.4651,0.06,2.1706662358781594,豪江智能
2026-07-02,301320,12.89,12.98,13.34,12.86,26359.0,34598946.0,3.7037,0.1543,0.02,2.3079581828692834,豪江智能
2026-07-03,301320,13.11,13.38,13.53,12.91,34657.0,46167478.0,4.7766,3.0817,0.4,3.034519774790423,豪江智能
2026-07-06,301320,12.8,12.69,13.49,12.63,34124.0,44040966.0,6.4275,-5.157,-0.69,2.9878510198502,豪江智能
2026-07-07,301320,12.65,12.38,12.85,12.37,24367.99,30504627.0,3.7825,-2.4429,-0.31,2.133628055714438,豪江智能
2026-07-08,301320,12.45,12.28,12.55,12.02,20210.8,24788094.0,4.2811,-0.8078,-0.1,1.7696301544950308,豪江智能
2026-07-09,301320,12.27,12.34,12.39,11.9,16776.63,20360145.0,3.9902,0.4886,0.06,1.4689389009245535,豪江智能
2026-07-10,301320,12.18,12.39,12.7,12.11,20011.0,24989508.0,4.7812,0.4052,0.05,1.7521359382904218,豪江智能
2026-07-13,301320,12.34,11.82,12.45,11.79,23079.16,27616283.0,5.3269,-4.6005,-0.57,2.020779854157952,豪江智能
2026-07-14,301320,11.82,12.13,12.13,11.65,20340.39,24232983.0,4.0609,2.6227,0.31,1.7809768786089208,豪江智能
2026-07-15,301320,12.3,12.28,12.46,11.96,21407.0,26257341.0,4.122,1.2366,0.15,1.8743677992595602,豪江智能
2026-07-16,301320,12.29,12.38,12.6,12.08,17371.8,21550361.0,4.2345,0.8143,0.1,1.5210511764926067,豪江智能
2026-07-17,301320,12.34,11.86,12.55,11.73,24131.0,29284676.0,6.6236,-4.2003,-0.52,2.1128775337007735,豪江智能
2026-07-20,301320,11.9,11.5,12.24,11.28,26086.0,30803045.0,8.0944,-3.0354,-0.36,2.2840546742413643,豪江智能
2026-07-21,301320,11.52,11.49,11.67,10.89,34063.0,38552633.0,6.7826,-0.087,-0.01,2.982509942830775,豪江智能
2026-07-22,301320,11.35,11.16,11.53,11.04,23080.0,25913460.0,4.2646,-2.8721,-0.33,2.0208534034152685,豪江智能
2026-07-23,301320,11.0,11.49,11.49,11.0,21724.0,24507527.0,4.3907,2.957,0.33,1.9021238880326383,豪江智能
2026-07-24,301320,11.31,11.26,11.45,11.08,21347.8,24034148.0,3.2202,-2.0017,-0.23,1.869184327791528,豪江智能
2026-07-27,301320,11.22,11.7,11.74,11.09,22671.0,26288510.0,5.7726,3.9076,0.44,1.9850419197932216,豪江智能
2026-07-28,301320,11.57,11.74,11.97,11.57,21257.0,25124318.0,3.4188,0.3419,0.04,1.8612340033101544,豪江智能
2026-07-29,301320,11.84,11.93,12.0,11.67,19509.07,23177435.0,2.8109,1.6184,0.19,1.7081876302845196,豪江智能
2026-07-30,301320,11.9,11.75,12.1,11.62,20737.0,24609397.0,4.0235,-1.5088,-0.18,1.815703510685547,豪江智能
2026-07-31,301320,11.98,12.06,12.17,11.76,19976.0,24055966.0,3.4894,2.6383,0.31,1.749071385902227,豪江智能
2026-08-03,301320,12.12,12.44,12.5,12.05,20580.0,25304179.0,3.7313,3.1509,0.38,1.801956804258502,豪江智能
2026-08-04,301320,12.52,12.52,12.6,12.43,17426.65,21824182.0,1.3666,0.6431,0.08,1.5258537678781061,豪江智能
2026-08-05,301320,12.57,12.58,12.6,12.39,18504.8,23160477.0,1.6773,0.4792,0.06,1.6202551152304532,豪江智能
2026-08-06,301320,12.53,12.67,12.71,12.43,18570.0,23408524.0,2.2258,0.7154,0.09,1.6259639385364617,豪江智能
2026-08-07,301320,12.68,12.69,12.79,12.42,17047.0,21460374.0,2.9203,0.1579,0.02,1.4926121303301596,豪江智能
2026-08-10,301320,12.68,12.99,13.08,12.56,18481.0,23858452.0,4.0977,2.3641,0.3,1.6181712196064808,豪江智能
2026-08-11,301320,12.98,13.06,13.16,12.78,16340.0,21226955.0,2.9253,0.5389,0.07,1.4307081720886259,豪江智能
2026-08-12,301320,13.0,13.13,13.19,12.95,10868.0,14244071.0,1.8377,0.536,0.07,0.9515872958542955,豪江智能
2026-08-13,301320,13.18,12.86,13.19,12.86,15036.0,19582389.0,2.5133,-2.0564,-0.27,1.3165317059684565,豪江智能
2026-08-14,301320,12.87,12.96,13.06,12.76,17601.0,22758797.0,2.3328,0.7776,0.1,1.541119616703299,豪江智能
2026-08-17,301320,13.06,13.22,13.25,12.8,19207.78,25260617.0,3.4722,2.0062,0.26,1.6818070877405427,豪江智能
2026-08-18,301320,13.23,13.21,13.32,12.96,16114.0,21120694.0,2.7231,-0.0756,-0.01,1.4109199195248543,豪江智能
2026-08-19,301320,13.21,12.72,13.21,12.67,19261.0,24687102.0,4.0878,-3.7093,-0.49,1.6864669585433918,豪江智能
2026-08-20,301320,12.9,13.07,13.21,12.81,17272.61,22571119.0,3.1447,2.7516,0.35,1.5123662350244629,豪江智能
2026-08-21,301320,13.12,13.19,13.27,12.91,19420.88,25499355.0,2.7544,0.9181,0.12,1.7004658338526653,豪江智能
2026-08-24,301320,13.19,13.29,13.75,13.04,31830.74,42325395.0,5.3829,0.7582,0.1,2.787056293857302,豪江智能
2026-06-25,301321,39.81,40.85,41.18,38.12,90355.27,362330280.0,,,,6.120972878633153,翰博高新
2026-06-26,301321,40.85,42.74,43.38,39.58,92371.21,390398502.0,9.3023,4.6267,1.89,6.257539501309968,翰博高新
2026-06-29,301321,42.14,39.39,42.63,36.85,112502.86,441148657.0,13.5236,-7.8381,-3.35,7.621325848826113,翰博高新
2026-06-30,301321,40.27,44.15,46.28,39.56,119896.96,530063832.0,17.0602,12.0843,4.76,8.122334592388086,翰博高新
2026-07-01,301321,43.65,43.96,45.99,43.31,100014.55,445632380.0,6.0702,-0.4304,-0.19,6.775414816248285,翰博高新
2026-07-02,301321,42.41,41.6,43.8,41.4,65891.5,278962639.0,5.4595,-5.3685,-2.36,4.463772974680422,翰博高新
2026-07-03,301321,41.71,41.35,42.37,39.39,52351.62,215174866.0,7.1635,-0.601,-0.25,3.5465233988714644,翰博高新
2026-07-06,301321,41.35,39.3,41.78,38.02,61335.13,242876338.0,9.0931,-4.9577,-2.05,4.155104917819603,翰博高新
2026-07-07,301321,39.29,41.51,42.09,38.65,89963.84,365873951.0,8.7532,5.6234,2.21,6.094536589552121,翰博高新
2026-07-08,301321,43.93,49.81,49.81,39.23,141613.55,631378472.0,25.4878,19.9952,8.3,9.59350959286941,翰博高新
2026-07-09,301321,52.0,52.73,53.69,48.0,186493.33,955736347.0,11.4234,5.8623,2.92,12.633858485725133,翰博高新
2026-07-10,301321,55.39,47.7,56.66,47.6,171488.04,895308094.0,17.1819,-9.5392,-5.03,11.617335747902464,翰博高新
2026-07-13,301321,47.66,45.8,49.57,45.0,137202.95,644261248.0,9.5807,-3.9832,-1.9,9.294716621361317,翰博高新
2026-07-14,301321,46.31,45.77,47.5,43.03,115009.74,520464307.0,9.7598,-0.0655,-0.03,7.791253336728135,翰博高新
2026-07-15,301321,47.5,44.59,47.5,43.74,84235.57,381944728.0,8.215,-2.5781,-1.18,5.7064789976370385,翰博高新
2026-07-16,301321,39.89,42.0,44.83,39.89,85367.25,365343871.0,11.0787,-5.8085,-2.59,5.783143857292477,翰博高新
2026-07-17,301321,41.16,38.46,42.76,37.57,80389.0,321798248.0,12.3571,-8.4286,-3.54,5.44589583878929,翰博高新
2026-07-20,301321,39.65,33.76,40.49,32.5,116624.86,421275050.0,20.7748,-12.2205,-4.7,7.900668496602563,翰博高新
2026-07-21,301321,33.69,36.1,36.69,28.66,109219.53,360308277.0,23.7855,6.9313,2.34,7.398999663405714,翰博高新
2026-07-22,301321,35.73,34.93,37.7,34.5,71077.62,255804086.0,8.8643,-3.241,-1.17,4.8151029990302945,翰博高新
2026-07-23,301321,35.28,34.43,36.26,33.9,53207.57,185971407.0,6.7564,-1.4314,-0.5,3.6045091250679797,翰博高新
2026-07-24,301321,34.2,35.47,37.68,33.09,74180.45,265514203.0,13.3314,3.0206,1.04,5.025302018615942,翰博高新
2026-07-27,301321,34.83,34.6,35.37,32.21,71851.38,244049842.0,8.9089,-2.4528,-0.87,4.867520821919267,翰博高新
2026-07-28,301321,34.9,33.83,37.4,33.31,81763.88,291948734.0,11.8208,-2.2254,-0.77,5.539036110105447,翰博高新
2026-07-29,301321,34.0,32.2,34.0,30.3,84141.88,267497175.0,10.937,-4.8182,-1.63,5.700132034978762,翰博高新
2026-07-30,301321,31.25,29.17,32.61,28.44,87574.03,262805766.0,12.9503,-9.4099,-3.03,5.932640604597748,翰博高新
2026-07-31,301321,32.36,30.31,32.75,30.22,68462.84,215732169.0,8.6733,3.9081,1.14,4.637966580846843,翰博高新
2026-08-03,301321,30.43,29.2,31.25,28.64,63313.85,188099928.0,8.611,-3.6622,-1.11,4.289151902035468,翰博高新
2026-08-04,301321,29.78,32.95,33.33,29.21,82189.12,261094478.0,14.1096,12.8425,3.75,5.567843692566813,翰博高新
2026-08-05,301321,32.49,35.16,35.45,32.05,69848.76,239220018.0,10.3187,6.7071,2.21,4.731854749139705,翰博高新
2026-08-06,301321,34.83,35.15,35.82,33.0,56766.0,197994899.0,8.0205,-0.0284,-0.01,3.8455724438009278,翰博高新
2026-08-07,301321,35.0,36.68,36.88,33.5,61713.4,220461165.0,9.6159,4.3528,1.53,4.180730550915411,翰博高新
2026-08-10,301321,37.0,38.2,38.37,35.14,89968.69,332184040.0,8.8059,4.1439,1.52,6.094865149365256,翰博高新
2026-08-11,301321,38.41,36.81,39.83,36.5,100054.1,378388290.0,8.7173,-3.6387,-1.39,6.778094102971892,翰博高新
2026-08-12,301321,36.64,37.03,37.99,36.2,50672.9,188440940.0,4.8628,0.5977,0.22,3.4327997020660264,翰博高新
2026-08-13,301321,37.42,35.88,38.11,35.79,46893.74,174211529.0,6.2652,-3.1056,-1.15,3.1767831858994,翰博高新
2026-08-14,301321,36.1,38.34,38.49,35.78,67600.0,251560662.0,7.553,6.8562,2.46,4.579514096482802,翰博高新
2026-08-17,301321,38.5,38.96,39.45,37.7,49800.05,191861538.0,4.5644,1.6171,0.62,3.37366909734539,翰博高新
2026-08-18,301321,38.97,40.26,40.38,38.19,55799.71,220630922.0,5.6211,3.3368,1.3,3.7801118124948574,翰博高新
2026-08-19,301321,38.36,36.64,40.61,36.42,75886.96,293339492.0,10.4074,-8.9916,-3.62,5.140908329278498,翰博高新
2026-08-20,301321,36.48,37.32,39.01,35.88,59590.7,223950566.0,8.5426,1.8559,0.68,4.036929743628368,翰博高新
2026-08-21,301321,37.17,39.07,41.15,36.45,77783.07,304610728.0,12.5938,4.6892,1.75,5.269358957584445,翰博高新
2026-08-24,301321,41.0,41.04,42.7,38.77,99291.31,402263995.0,10.0589,5.0422,1.97,6.726419434959227,翰博高新
2026-06-25,301322,63.99,57.57,64.0,56.2,108646.69,639760884.0,,,,11.292346289491157,绿通科技
2026-06-26,301322,58.72,56.69,59.88,56.6,61952.48,357992235.0,5.6974,-1.5286,-0.88,6.439118003988662,绿通科技
2026-06-29,301322,56.23,53.68,57.28,52.52,55616.12,304155176.0,8.3965,-5.3096,-3.01,5.780539529716873,绿通科技
2026-06-30,301322,53.5,53.35,55.63,52.85,47928.77,257018511.0,5.1788,-0.6148,-0.33,4.9815440127018595,绿通科技
2026-07-01,301322,52.43,54.34,56.2,52.18,50876.58,275522230.0,7.5351,1.8557,0.99,5.287928784438808,绿通科技
2026-07-02,301322,53.85,51.08,54.36,50.88,39015.0,205302401.0,6.4041,-5.9993,-3.26,4.055078810817867,绿通科技
2026-07-03,301322,50.88,49.3,51.18,49.26,35587.46,178485336.0,3.7588,-3.4847,-1.78,3.6988326278823127,绿通科技
2026-07-06,301322,49.7,49.47,51.5,48.03,33864.25,168911989.0,7.0385,0.3448,0.17,3.519728376758656,绿通科技
2026-07-07,301322,49.0,47.7,49.85,47.3,26468.6,127077504.0,5.1546,-3.5779,-1.77,2.751051108855922,绿通科技
2026-07-08,301322,48.0,45.95,49.82,45.58,27822.59,130924182.0,8.8889,-3.6688,-1.75,2.891779960811818,绿通科技
2026-07-09,301322,46.8,48.14,48.87,44.58,40622.2,189963459.0,9.3362,4.7661,2.19,4.222125399687442,绿通科技
2026-07-10,301322,48.05,45.17,49.18,45.0,34032.24,161207273.0,8.683,-6.1695,-2.97,3.5371886533043253,绿通科技
2026-07-13,301322,44.36,40.96,44.69,40.8,45575.5,193232597.0,8.6119,-9.3203,-4.21,4.736953590732532,绿通科技
2026-07-14,301322,42.37,43.0,44.58,41.3,63155.76,271404827.0,8.0078,4.9805,2.04,6.564182600463889,绿通科技
2026-07-15,301322,42.85,42.24,45.67,41.63,51569.55,224722171.0,9.3953,-1.7674,-0.76,5.359953594474242,绿通科技
2026-07-16,301322,41.9,38.94,43.06,38.51,38807.48,155961702.0,10.7718,-7.8125,-3.3,4.0335099282132045,绿通科技
2026-07-17,301322,38.99,34.9,38.99,34.55,54847.87,199414242.0,11.4022,-10.3749,-4.04,5.700690387171421,绿通科技
2026-07-20,301322,35.52,31.1,36.2,30.54,63388.21,210524733.0,16.2178,-10.8883,-3.8,6.588342617625869,绿通科技
2026-07-21,301322,31.1,32.32,32.36,26.0,80252.78,238040733.0,20.4502,3.9228,1.22,8.34118538221781,绿通科技
2026-07-22,301322,31.32,32.22,33.25,31.32,54559.3,175989423.0,5.9715,-0.3094,-0.1,5.670697459004364,绿通科技
2026-07-23,301322,32.05,32.14,33.56,31.5,33900.6,109807046.0,6.3935,-0.2483,-0.08,3.523506465052215,绿通科技
2026-07-24,301322,31.89,31.94,32.58,30.88,30527.1,96839563.0,5.2894,-0.6223,-0.2,3.1728770054009514,绿通科技
2026-07-27,301322,31.45,34.11,34.18,31.22,40947.64,135088590.0,9.2674,6.794,2.17,4.255950463078255,绿通科技
2026-07-28,301322,34.09,33.25,35.46,32.75,40799.27,139211546.0,7.9449,-2.5213,-0.86,4.240529418783471,绿通科技
2026-07-29,301322,33.0,32.09,33.57,30.48,54421.35,172078468.0,9.2932,-3.4887,-1.16,5.656359432041598,绿通科技
2026-07-30,301322,31.78,29.2,32.08,28.73,41243.9,123584198.0,10.4394,-9.0059,-2.89,4.286742662193798,绿通科技
2026-07-31,301322,32.11,32.05,33.56,30.65,56632.26,183193587.0,9.9658,9.7603,2.85,5.8861534675055305,绿通科技
2026-08-03,301322,32.12,32.65,32.92,31.51,39404.67,127059191.0,4.3994,1.8721,0.6,4.095579709452018,绿通科技
2026-08-04,301322,33.3,34.52,35.08,32.35,34792.52,118373532.0,8.3614,5.7274,1.87,3.616209422708109,绿通科技
2026-08-05,301322,34.8,36.31,36.99,34.05,42800.94,152846173.0,8.5168,5.1854,1.79,4.448575801027474,绿通科技
2026-08-06,301322,35.64,36.22,36.78,35.01,37344.09,133867715.0,4.8747,-0.2479,-0.09,3.881410433635151,绿通科技
2026-08-07,301322,36.0,37.35,37.94,35.9,43603.4,161448157.0,5.6322,3.1198,1.13,4.5319806079614455,绿通科技
2026-08-10,301322,37.31,37.52,37.88,36.22,40564.97,150081578.0,4.4444,0.4552,0.17,4.2161771192736754,绿通科技
2026-08-11,301322,37.45,38.99,39.5,35.78,55330.0,209869033.0,9.9147,3.9179,1.47,5.750801245740166,绿通科技
2026-08-12,301322,38.57,39.32,39.85,37.92,45188.86,174777595.0,4.95,0.8464,0.33,4.696767619403181,绿通科技
2026-08-13,301322,39.47,38.2,40.5,38.06,58272.65,230427683.0,6.2055,-2.8484,-1.12,6.056649705631316,绿通科技
2026-08-14,301322,38.02,40.5,40.68,38.02,44769.44,177039652.0,6.9634,6.0209,2.3,4.653174612743351,绿通科技
2026-08-17,301322,40.96,40.31,40.96,39.21,43705.84,175251526.0,4.321,-0.4691,-0.19,4.542627853210201,绿通科技
2026-08-18,301322,39.9,41.93,42.31,39.13,47721.74,194107439.0,7.8889,4.0189,1.62,4.960026058935267,绿通科技
2026-08-19,301322,40.98,39.07,41.8,38.8,60144.8,242932617.0,7.1548,-6.8209,-2.86,6.251234244800166,绿通科技
2026-08-20,301322,39.48,40.1,41.41,38.9,43268.51,173992281.0,6.4244,2.6363,1.03,4.497173345550711,绿通科技
2026-08-21,301322,39.52,41.84,41.88,39.18,41133.73,169509830.0,6.7332,4.3392,1.74,4.2752919885403875,绿通科技
2026-08-24,301322,42.01,40.17,42.5,38.01,58214.27,234312905.0,10.7314,-3.9914,-1.67,6.050581898352691,绿通科技
2026-06-25,301323,88.57,85.85,90.13,84.41,36128.0,314572269.0,,,,5.346991842744212,新莱福
2026-06-26,301323,84.62,86.95,87.99,79.32,50837.85,429717486.0,10.099,1.2813,1.1,7.5240691223608795,新莱福
2026-06-29,301323,86.95,79.31,88.4,76.6,44891.66,364441055.0,13.571,-8.7867,-7.64,6.644025128079235,新莱福
2026-06-30,301323,80.89,81.17,81.57,77.98,26086.0,209423535.0,4.5265,2.3452,1.86,3.860748259662567,新莱福
2026-07-01,301323,81.18,81.03,82.91,79.48,26180.0,213490056.0,4.2257,-0.1725,-0.14,3.8746603326675615,新莱福
2026-07-02,301323,79.66,80.75,82.9,78.69,28151.0,229334906.0,5.1956,-0.3456,-0.28,4.166369863442496,新莱福
2026-07-03,301323,80.74,77.26,81.02,77.16,23110.0,182440414.0,4.7802,-4.322,-3.49,3.3706269160413296,新莱福
2026-07-06,301323,77.25,73.58,78.59,73.49,21192.05,161027800.0,6.6011,-4.7631,-3.68,3.0908911352701716,新莱福
2026-07-07,301323,73.41,74.29,77.46,72.91,20689.24,156714773.0,6.1837,0.9649,0.71,3.017555569729075,新莱福
2026-07-08,301323,74.3,72.26,75.09,71.44,13513.03,98886644.0,4.9132,-2.7325,-2.03,1.9708949647457366,新莱福
2026-07-09,301323,72.79,82.47,82.87,72.79,45958.28,367978984.0,13.9496,14.1295,10.21,6.703081591647075,新莱福
2026-07-10,301323,81.65,80.38,84.13,78.59,28673.74,234883781.0,6.7176,-2.5343,-2.09,4.182106439964125,新莱福
2026-07-13,301323,79.58,73.62,80.57,73.17,20464.8,156050410.0,9.2063,-8.4101,-6.76,2.984820671198728,新莱福
2026-07-14,301323,73.62,75.69,76.7,72.22,16202.33,121264291.0,6.0853,2.8117,2.07,2.363133258354994,新莱福
2026-07-15,301323,76.35,75.86,83.36,73.89,23830.92,183126183.0,12.5116,0.2246,0.17,3.4757741404598725,新莱福
2026-07-16,301323,74.42,73.2,76.59,72.01,18103.11,133970217.0,6.0374,-3.5065,-2.66,2.6403647697990897,新莱福
2026-07-17,301323,74.49,67.09,74.49,66.87,19324.14,135020702.0,10.4098,-8.347,-6.11,2.8184537608546476,新莱福
2026-07-20,301323,68.43,61.09,70.3,59.11,26481.92,169060417.0,16.6791,-8.9432,-6.0,3.862426323689018,新莱福
2026-07-21,301323,63.07,67.83,68.43,58.01,32621.94,209136558.0,17.0568,11.0329,6.74,4.757957118887291,新莱福
2026-07-22,301323,68.43,68.88,72.72,67.15,25891.06,181586754.0,8.2117,1.548,1.05,3.776248538331503,新莱福
2026-07-23,301323,71.2,74.0,74.8,70.01,26794.85,195138616.0,6.9541,7.4332,5.12,3.908067616672005,新莱福
2026-07-24,301323,73.14,74.13,75.99,71.76,22714.01,167962609.0,5.7162,0.1757,0.13,3.3128712019572446,新莱福
2026-07-27,301323,74.0,75.08,75.47,71.0,18328.07,134445146.0,6.0299,1.2815,0.95,2.6731755110813333,新莱福
2026-07-28,301323,73.5,72.33,75.41,71.22,16349.0,119177120.0,5.5807,-3.6628,-2.75,2.3845252899333493,新莱福
2026-07-29,301323,73.04,70.8,73.04,70.02,14684.76,104443686.0,4.1753,-2.1153,-1.53,2.1417934795156675,新莱福
2026-07-30,301323,70.07,68.16,71.74,65.8,20312.0,139585203.0,8.3898,-3.7288,-2.64,2.9625345702566634,新莱福
2026-07-31,301323,71.0,69.26,74.58,69.04,20603.53,148129741.0,8.1279,1.6138,1.1,3.005054642296193,新莱福
2026-08-03,301323,69.0,65.44,70.31,64.87,20012.31,133038523.0,7.8545,-5.5154,-3.82,2.9188243504181335,新莱福
2026-08-04,301323,66.59,70.09,71.21,66.22,21261.0,147477120.0,7.6253,7.1057,4.65,3.1009475924688323,新莱福
2026-08-05,301323,70.52,73.88,75.82,69.78,22615.0,165039583.0,8.6175,5.4073,3.79,3.2984304502931487,新莱福
2026-08-06,301323,73.61,76.3,77.5,72.61,24069.85,181744795.0,6.6188,3.2756,2.42,3.5106224264421204,新莱福
2026-08-07,301323,76.5,77.0,77.36,74.69,17515.62,134044218.0,3.4993,0.9174,0.7,2.5546785038144457,新莱福
2026-08-10,301323,76.24,76.04,77.33,75.15,14248.01,108156961.0,2.8312,-1.2468,-0.96,2.078092860494419,新莱福
2026-08-11,301323,75.29,75.1,76.8,73.83,11311.09,85236371.0,3.9058,-1.2362,-0.94,1.6497388318375563,新莱福
2026-08-12,301323,75.1,75.57,75.99,74.67,9502.32,71606326.0,1.7577,0.6258,0.47,1.3859271119358654,新莱福
2026-08-13,301323,75.73,73.65,76.97,73.6,10709.0,80778110.0,4.4594,-2.5407,-1.92,1.561923134741956,新莱福
2026-08-14,301323,73.0,76.53,76.8,73.0,18231.87,138466946.0,5.1595,3.9104,2.88,2.659144601980374,新莱福
2026-08-17,301323,76.52,77.84,77.99,75.9,12429.0,96024295.0,2.731,1.7117,1.31,1.8127876217861396,新莱福
2026-08-18,301323,77.25,76.0,78.65,75.0,13367.24,102147823.0,4.6891,-2.3638,-1.84,1.9496312824398228,新莱福
2026-08-19,301323,74.62,70.3,74.91,69.61,17773.23,127984607.0,6.9737,-7.5,-5.7,2.5922512948071503,新莱福
2026-08-20,301323,71.5,70.09,71.55,69.04,12965.08,91045178.0,3.5704,-0.2987,-0.21,1.8909756649341896,新莱福
2026-08-21,301323,70.0,72.98,74.6,70.0,18092.81,131457787.0,6.563,4.1233,2.89,2.6388624999057435,新莱福
2026-08-24,301323,72.98,69.0,73.45,67.52,16555.09,114909452.0,8.1255,-5.4535,-3.98,2.4145838144304053,新莱福
2026-06-25,301325,37.58,35.9,38.44,35.6,27495.91,100001577.0,,,,1.9108625832617174,曼恩斯特
2026-06-26,301325,35.8,33.64,35.8,33.64,31137.14,107413689.0,6.0167,-6.2953,-2.26,2.1639144067529226,曼恩斯特
2026-06-29,301325,33.5,32.63,34.0,32.14,27034.66,88865562.0,5.5291,-3.0024,-1.01,1.8788074388228004,曼恩斯特
2026-06-30,301325,32.63,34.45,34.66,32.38,23874.71,80119352.0,6.9874,5.5777,1.82,1.6592027696200766,曼恩斯特
2026-07-01,301325,34.51,34.6,35.18,33.71,24834.68,85682954.0,4.2671,0.4354,0.15,1.7259170829144448,曼恩斯特
2026-07-02,301325,34.98,34.46,36.54,34.11,26564.81,93721794.0,7.0231,-0.4046,-0.14,1.8461546266501712,曼恩斯特
2026-07-03,301325,34.88,35.78,36.44,34.47,28646.78,102298105.0,5.7168,3.8305,1.32,1.9908437303195314,曼恩斯特
2026-07-06,301325,35.78,34.47,36.39,34.22,26779.72,93594715.0,6.0648,-3.6613,-1.31,1.861090065330643,曼恩斯特
2026-07-07,301325,34.47,33.35,35.3,33.2,16474.76,56056945.0,6.0923,-3.2492,-1.12,1.144934008447686,曼恩斯特
2026-07-08,301325,33.64,32.08,33.79,31.9,20738.0,67114220.0,5.6672,-3.8081,-1.27,1.4412131932233374,曼恩斯特
2026-07-09,301325,31.97,32.12,32.35,30.9,19692.0,62435336.0,4.52,0.1247,0.04,1.3685201177044055,曼恩斯特
2026-07-10,301325,32.0,32.21,33.28,31.95,21806.26,71174715.0,4.1407,0.2802,0.09,1.51545325522511,曼恩斯特
2026-07-13,301325,31.57,29.81,31.89,29.68,21068.0,64380991.0,6.8612,-7.4511,-2.4,1.4641469550983353,曼恩斯特
2026-07-14,301325,29.71,29.95,30.12,29.01,18716.51,55549337.0,3.7236,0.4696,0.14,1.3007272226394313,曼恩斯特
2026-07-15,301325,29.98,29.98,30.45,29.68,15152.18,45497593.0,2.571,0.1002,0.03,1.0530196606275817,曼恩斯特
2026-07-16,301325,29.69,29.76,30.34,29.28,14849.61,44284064.0,3.5357,-0.7338,-0.22,1.0319921808381332,曼恩斯特
2026-07-17,301325,29.88,29.87,31.99,29.69,49332.37,152954595.0,7.7285,0.3696,0.11,3.428414625179631,曼恩斯特
2026-07-20,301325,29.67,27.82,30.13,27.28,34849.21,100151848.0,9.5413,-6.8631,-2.05,2.4218893444599607,曼恩斯特
2026-07-21,301325,27.86,28.09,28.09,26.02,30972.97,84136972.0,7.4407,0.9705,0.27,2.152505207701352,曼恩斯特
2026-07-22,301325,27.33,27.25,27.88,27.0,19229.6,52705748.0,3.1328,-2.9904,-0.84,1.3363850525801664,曼恩斯特
2026-07-23,301325,27.25,27.74,27.78,27.01,16419.13,45124989.0,2.8257,1.7982,0.49,1.1410679321655464,曼恩斯特
2026-07-24,301325,27.48,27.13,27.72,26.85,13508.01,36852268.0,3.1363,-2.199,-0.61,0.9387560143790518,曼恩斯特
2026-07-27,301325,27.32,28.54,28.6,27.12,18842.26,53018083.0,5.4552,5.1972,1.41,1.3094663758387677,曼恩斯特
2026-07-28,301325,28.63,28.51,29.05,28.2,14185.3,40560423.0,2.9783,-0.1051,-0.03,0.9858251282588006,曼恩斯特
2026-07-29,301325,28.5,29.06,29.29,28.08,15959.75,45874842.0,4.2441,1.9291,0.55,1.1091427457105874,曼恩斯特
2026-07-30,301325,29.09,28.81,29.47,28.64,16870.0,48975785.0,2.8562,-0.8603,-0.25,1.1724017055491225,曼恩斯特
2026-07-31,301325,29.3,29.58,29.95,29.3,18004.46,53291392.0,2.2562,2.6727,0.77,1.251242419175516,曼恩斯特
2026-08-03,301325,29.5,30.38,30.66,29.11,17509.03,52692095.0,5.24,2.7045,0.8,1.2168118929763339,曼恩斯特
2026-08-04,301325,30.65,31.09,31.33,30.33,14846.6,45819985.0,3.2916,2.3371,0.71,1.031782997131334,曼恩斯特
2026-08-05,301325,31.09,31.87,32.08,31.0,16290.67,51713307.0,3.4738,2.5088,0.78,1.1321404441338425,曼恩斯特
2026-08-06,301325,31.8,31.51,32.16,31.02,16315.99,51536299.0,3.577,-1.1296,-0.36,1.1339000891358877,曼恩斯特
2026-08-07,301325,31.7,31.68,31.84,30.85,13423.8,42103243.0,3.1419,0.5395,0.17,0.9329037353260409,曼恩斯特
2026-08-10,301325,31.9,32.17,32.24,31.27,14229.91,45232283.0,3.0619,1.5467,0.49,0.9889253558868117,曼恩斯特
2026-08-11,301325,32.17,32.1,32.49,31.5,10227.28,32788730.0,3.0774,-0.2176,-0.07,0.7107575883300788,曼恩斯特
2026-08-12,301325,32.02,32.36,32.49,32.0,9423.76,30467406.0,1.5265,0.81,0.26,0.6549159630519027,曼恩斯特
2026-08-13,301325,32.58,31.5,32.58,31.5,11089.07,35503580.0,3.3375,-2.6576,-0.86,0.7706487599853946,曼恩斯特
2026-08-14,301325,31.9,31.3,31.92,30.96,12574.0,39437757.0,3.0476,-0.6349,-0.2,0.8738458236855167,曼恩斯特
2026-08-17,301325,31.3,31.45,31.58,31.0,16821.2,52724088.0,1.853,0.4792,0.15,1.1690102886415472,曼恩斯特
2026-08-18,301325,31.43,31.33,31.58,30.88,13378.53,41651913.0,2.2258,-0.3816,-0.12,0.9297576401742799,曼恩斯特
2026-08-19,301325,31.0,29.13,31.0,29.09,18241.0,54274215.0,6.0964,-7.022,-2.2,1.2676810617025218,曼恩斯特
2026-08-20,301325,29.38,29.76,30.14,29.09,14369.4,42812311.0,3.6045,2.1627,0.63,0.998619387535125,曼恩斯特
2026-08-21,301325,29.43,30.14,30.38,29.19,11270.0,33802038.0,3.9987,1.2769,0.38,0.7832227161552229,曼恩斯特
2026-08-24,301325,30.37,30.37,31.72,29.81,30181.77,92351118.0,6.3371,0.7631,0.23,2.0975197761998423,曼恩斯特
2026-06-25,301326,152.0,147.3,152.5,145.56,16329.74,242584299.0,,,,2.2656621174138634,捷邦科技
2026-06-26,301326,146.26,142.01,149.99,141.41,12419.14,179921472.0,5.8248,-3.5913,-5.29,1.7230877545422776,捷邦科技
2026-06-29,301326,143.72,136.6,146.94,132.1,22701.51,312002722.0,10.45,-3.8096,-5.41,3.1497103576108376,捷邦科技
2026-06-30,301326,138.86,139.37,140.41,136.62,12751.33,176648323.0,2.7745,2.0278,2.77,1.7691773002903244,捷邦科技
2026-07-01,301326,139.39,134.15,142.88,133.1,14271.28,195868881.0,7.0173,-3.7454,-5.22,1.9800620501616146,捷邦科技
2026-07-02,301326,132.3,130.21,137.97,128.0,17479.1,232770748.0,7.432,-2.937,-3.94,2.4251295315472667,捷邦科技
2026-07-03,301326,133.0,129.04,134.55,128.0,12531.45,163785831.0,5.0303,-0.8985,-1.17,1.73867015281725,捷邦科技
2026-07-06,301326,129.05,130.21,133.8,124.0,15039.0,195233636.0,7.5945,0.9067,1.17,2.0865790014897416,捷邦科技
2026-07-07,301326,125.0,127.0,135.99,124.71,14119.35,183159009.0,8.6629,-2.4652,-3.21,1.9589825935689995,捷邦科技
2026-07-08,301326,127.51,121.77,128.79,121.32,9980.89,123894372.0,5.8819,-4.1181,-5.23,1.3847939018670754,捷邦科技
2026-07-09,301326,121.99,127.7,128.88,119.6,15597.44,194433023.0,7.6209,4.8698,5.93,2.16405949737324,捷邦科技
2026-07-10,301326,142.01,149.97,151.01,138.51,39909.0,582911395.0,9.7886,17.4393,22.27,5.537155487097154,捷邦科技
2026-07-13,301326,150.0,119.98,152.38,119.98,40138.51,522144107.0,21.6043,-19.9973,-29.99,5.5689987444036175,捷邦科技
2026-07-14,301326,120.0,117.83,120.48,112.0,23043.48,267442122.0,7.0678,-1.792,-2.15,3.1971568248719215,捷邦科技
2026-07-15,301326,120.0,111.75,123.0,110.83,19668.96,225984147.0,10.3284,-5.16,-6.08,2.728960630171,捷邦科技
2026-07-16,301326,110.4,108.36,118.0,106.0,15607.23,173397087.0,10.7383,-3.0336,-3.39,2.1654178063315874,捷邦科技
2026-07-17,301326,108.3,92.99,108.3,91.8,22714.31,226117943.0,15.227,-14.1842,-15.37,3.151486287607451,捷邦科技
2026-07-20,301326,98.81,84.0,99.88,81.0,31307.0,282025595.0,20.3033,-9.6677,-8.99,4.343675031560566,捷邦科技
2026-07-21,301326,85.85,92.66,92.66,75.03,29985.78,255346285.0,20.9881,10.3095,8.66,4.160362982332008,捷邦科技
2026-07-22,301326,91.85,87.06,94.59,86.0,25108.06,226160655.0,9.2705,-6.0436,-5.6,3.4836060086538017,捷邦科技
2026-07-23,301326,88.67,88.12,91.48,86.71,15929.63,141277032.0,5.479,1.2176,1.06,2.210149043121287,捷邦科技
2026-07-24,301326,86.71,84.92,88.88,84.44,14386.0,124222456.0,5.0386,-3.6314,-3.2,1.995978822756262,捷邦科技
2026-07-27,301326,85.21,88.61,88.99,83.52,14899.65,129509655.0,6.4414,4.3453,3.69,2.067244951096923,捷邦科技
2026-07-28,301326,87.44,82.66,89.17,81.76,15141.0,129356689.0,8.3625,-6.7148,-5.95,2.1007309436502544,捷邦科技
2026-07-29,301326,82.09,79.11,82.99,76.0,18191.19,143665537.0,8.4563,-4.2947,-3.55,2.523928124616675,捷邦科技
2026-07-30,301326,78.47,73.0,79.12,71.56,20646.37,154803966.0,9.5563,-7.7234,-6.11,2.86457092220146,捷邦科技
2026-07-31,301326,76.88,78.88,82.37,76.46,19249.58,153129833.0,8.0959,8.0548,5.88,2.670773948766334,捷邦科技
2026-08-03,301326,78.0,75.87,79.86,74.33,16651.63,127414196.0,7.0106,-3.8159,-3.01,2.3103225944927606,捷邦科技
2026-08-04,301326,74.12,81.8,82.27,74.12,21494.88,170703519.0,10.7421,7.816,5.93,2.982297044187899,捷邦科技
2026-08-05,301326,80.53,87.65,89.0,80.0,21734.34,185891717.0,11.0024,7.1516,5.85,3.015520809577668,捷邦科技
2026-08-06,301326,87.74,91.93,94.09,85.65,25304.07,228961147.0,9.6292,4.8831,4.28,3.5108013241722538,捷邦科技
2026-08-07,301326,95.0,105.01,108.0,93.98,44315.02,451881204.0,15.2507,14.2282,13.08,6.148466665509537,捷邦科技
2026-08-10,301326,106.06,105.24,111.98,100.66,41033.81,433570725.0,10.7799,0.219,0.23,5.693216722994865,捷邦科技
2026-08-11,301326,103.66,100.23,107.29,98.97,26339.82,266176971.0,7.9057,-4.7605,-5.01,3.654505972140403,捷邦科技
2026-08-12,301326,99.73,101.3,103.43,99.41,19678.58,199873919.0,4.0108,1.0675,1.07,2.7302953525590796,捷邦科技
2026-08-13,301326,101.71,99.77,104.93,99.53,16249.14,167178953.0,5.3307,-1.5104,-1.53,2.2544793082164385,捷邦科技
2026-08-14,301326,102.01,105.42,113.3,102.01,27788.75,297998882.0,11.316,5.663,5.65,3.855537085421109,捷邦科技
2026-08-17,301326,105.2,111.89,112.96,104.5,25200.0,274975578.0,8.025,6.1374,6.47,3.496362180832601,捷邦科技
2026-08-18,301326,111.89,111.21,113.89,107.36,20156.0,222603836.0,5.8361,-0.6077,-0.68,2.7965347665421394,捷邦科技
2026-08-19,301326,108.47,100.51,109.71,99.66,21670.29,224068073.0,9.037,-9.6214,-10.7,3.006634222368052,捷邦科技
2026-08-20,301326,100.51,108.28,111.0,100.04,27354.48,293390671.0,10.9044,7.7306,7.77,3.79528449795007,捷邦科技
2026-08-21,301326,109.36,109.72,114.57,106.15,20296.29,224266795.0,7.7761,1.3299,1.44,2.815999236794084,捷邦科技
2026-08-24,301326,108.62,106.87,110.12,103.03,16367.35,174276664.0,6.4619,-2.5975,-2.85,2.2708802992242254,捷邦科技
2026-06-25,301327,49.18,48.19,49.18,47.9,14250.75,68772180.0,,,,0.9981398803660984,华宝新能
2026-06-26,301327,48.16,45.9,48.42,45.7,19657.9,91248957.0,5.6443,-4.752,-2.29,1.3768632496008089,华宝新能
2026-06-29,301327,46.0,46.72,47.1,45.03,16076.47,74189300.0,4.5098,1.7865,0.82,1.126015531990188,华宝新能
2026-06-30,301327,46.57,48.07,48.09,46.4,17232.62,81857685.0,3.6173,2.8896,1.35,1.2069936856091388,华宝新能
2026-07-01,301327,47.68,47.3,48.08,46.58,17911.15,84674359.0,3.1204,-1.6018,-0.77,1.2545187529231263,华宝新能
2026-07-02,301327,47.3,46.98,47.95,46.86,13555.51,64154071.0,2.3044,-0.6765,-0.32,0.9494444243075945,华宝新能
2026-07-03,301327,47.47,48.37,48.89,47.02,16104.58,77830812.0,3.9804,2.9587,1.39,1.1279843906142668,华宝新能
2026-07-06,301327,48.38,48.33,49.18,47.92,12540.37,60913602.0,2.6049,-0.0827,-0.04,0.8783427827690901,华宝新能
2026-07-07,301327,48.32,47.08,48.81,46.91,10917.8,52035964.0,3.9313,-2.5864,-1.25,0.7646960044812371,华宝新能
2026-07-08,301327,46.98,46.02,47.49,45.95,9770.0,45219730.0,3.271,-2.2515,-1.06,0.6843026950284569,华宝新能
2026-07-09,301327,46.02,45.33,46.02,44.71,11562.3,52294211.0,2.8466,-1.4993,-0.69,0.8098375691635135,华宝新能
2026-07-10,301327,45.33,45.46,46.31,45.03,11756.4,53756030.0,2.8237,0.2868,0.13,0.8234325694813255,华宝新能
2026-07-13,301327,45.31,43.53,45.31,43.42,12803.36,56520054.0,4.1575,-4.2455,-1.93,0.896762922560854,华宝新能
2026-07-14,301327,43.53,43.86,44.28,43.13,8941.06,39159912.0,2.6419,0.7581,0.33,0.6262427281894714,华宝新能
2026-07-15,301327,43.89,44.25,44.78,43.73,7266.14,32158872.0,2.394,0.8892,0.39,0.5089292921652069,华宝新能
2026-07-16,301327,44.25,44.51,44.95,43.72,9089.64,40469769.0,2.7797,0.5876,0.26,0.6366494522864342,华宝新能
2026-07-17,301327,44.51,42.93,45.2,42.82,14403.36,63367952.0,5.3471,-3.5498,-1.58,1.0088288705696085,华宝新能
2026-07-20,301327,43.14,43.27,44.33,42.41,12981.49,56404747.0,4.4724,0.792,0.34,0.9092393646351036,华宝新能
2026-07-21,301327,43.27,43.3,43.78,42.75,14326.0,61889250.0,2.3804,0.0693,0.03,1.0034104819833851,华宝新能
2026-07-22,301327,43.2,42.0,43.3,41.73,14901.79,63196988.0,3.6259,-3.0023,-1.3,1.0437395146108606,华宝新能
2026-07-23,301327,41.73,43.04,43.05,41.73,9134.21,38903232.0,3.1429,2.4762,1.04,0.6397711893506531,华宝新能
2026-07-24,301327,42.77,42.24,43.06,41.95,9152.64,38837185.0,2.579,-1.8587,-0.8,0.641062048989279,华宝新能
2026-07-27,301327,42.0,43.47,43.52,41.95,10332.52,44547609.0,3.7169,2.9119,1.23,0.7237022806996347,华宝新能
2026-07-28,301327,43.3,44.78,45.01,43.0,16010.38,70393224.0,4.6239,3.0136,1.31,1.1213865079252512,华宝新能
2026-07-29,301327,44.68,45.02,45.49,44.32,14939.18,67257344.0,2.6128,0.536,0.24,1.0463583557333902,华宝新能
2026-07-30,301327,44.78,44.76,45.85,44.7,12570.38,56878588.0,2.5544,-0.5775,-0.26,0.8804447197064292,华宝新能
2026-07-31,301327,44.78,44.95,45.68,44.5,12132.45,54639604.0,2.6363,0.4245,0.19,0.8497715693242581,华宝新能
2026-08-03,301327,45.5,45.88,45.98,44.9,9680.93,44173154.0,2.4027,2.069,0.93,0.6780641237852446,华宝新能
2026-08-04,301327,46.26,45.95,46.26,45.69,8353.26,38387758.0,1.2424,0.1526,0.07,0.5850725005397551,华宝新能
2026-08-05,301327,45.62,46.11,46.28,45.62,11775.77,54086117.0,1.4363,0.3482,0.16,0.8247892678644064,华宝新能
2026-08-06,301327,46.16,45.2,46.16,44.91,13259.06,60088286.0,2.7109,-1.9735,-0.91,0.9286807053780974,华宝新能
2026-08-07,301327,45.1,45.01,45.21,44.31,12263.9,54845123.0,1.9912,-0.4204,-0.19,0.8589784873653522,华宝新能
2026-08-10,301327,45.48,45.76,45.77,44.8,11092.94,50364076.0,2.1551,1.6663,0.75,0.7769630233151453,华宝新能
2026-08-11,301327,45.63,45.28,45.76,44.95,11825.85,53548198.0,1.7701,-1.049,-0.48,0.8282969320370805,华宝新能
2026-08-12,301327,45.12,45.65,46.08,44.91,10242.01,46825929.0,2.5839,0.8171,0.37,0.7173628501032145,华宝新能
2026-08-13,301327,45.78,45.24,45.78,45.2,9494.0,43201859.0,1.2705,-0.8981,-0.41,0.6649713189969467,华宝新能
2026-08-14,301327,45.18,44.65,45.49,44.42,8387.7,37567480.0,2.3652,-1.3042,-0.59,0.5874847200706436,华宝新能
2026-08-17,301327,44.95,45.02,45.17,44.34,8109.64,36361105.0,1.8589,0.8287,0.37,0.5680090591310721,华宝新能
2026-08-18,301327,45.0,44.16,45.28,43.95,9715.96,43014528.0,2.9542,-1.9103,-0.86,0.6805176676344612,华宝新能
2026-08-19,301327,43.82,42.73,44.42,42.56,10057.22,43414793.0,4.212,-3.2382,-1.43,0.7044199335203785,华宝新能
2026-08-20,301327,42.86,43.43,43.68,42.71,7382.0,32015463.0,2.2701,1.6382,0.7,0.5170442676253909,华宝新能
2026-08-21,301327,43.37,43.72,43.97,43.07,6902.26,30109083.0,2.0723,0.6677,0.29,0.483442693939316,华宝新能
2026-08-24,301327,43.62,44.74,46.95,43.43,34001.26,154338473.0,8.0512,2.333,1.02,2.381489647120089,华宝新能
2026-06-25,301328,64.68,63.31,65.94,62.38,30750.47,195432065.0,,,,2.6701445455229464,维峰电子
2026-06-26,301328,62.83,59.65,64.79,59.28,33075.84,201548145.0,8.7032,-5.7811,-3.66,2.8720625656970347,维峰电子
2026-06-29,301328,60.55,70.8,71.58,60.43,115894.58,796196292.0,18.6924,18.6924,11.15,10.063432547296765,维峰电子
2026-06-30,301328,70.79,71.2,72.6,68.4,86146.72,603620358.0,5.9322,0.565,0.4,7.480347276730812,维峰电子
2026-07-01,301328,72.2,80.6,80.69,69.5,73450.49,541820555.0,15.7163,13.2022,9.4,6.377900085412929,维峰电子
2026-07-02,301328,73.29,80.66,84.71,72.56,85608.5,693206499.0,15.0744,0.0744,0.06,7.433612212281671,维峰电子
2026-07-03,301328,81.05,82.31,85.98,79.11,61576.24,508217406.0,8.5172,2.0456,1.65,5.346827588970571,维峰电子
2026-07-06,301328,81.81,75.5,82.22,74.01,55513.53,427195118.0,9.9745,-8.2736,-6.81,4.820386463433712,维峰电子
2026-07-07,301328,75.89,70.93,75.89,69.69,33133.24,238903867.0,8.2119,-6.053,-4.57,2.877046759334173,维峰电子
2026-07-08,301328,70.94,67.1,72.59,66.8,29429.98,203238714.0,8.163,-5.3997,-3.83,2.5554829104026506,维峰电子
2026-07-09,301328,68.0,69.8,73.93,67.21,37306.14,261528699.0,10.0149,4.0238,2.7,3.2393906901427982,维峰电子
2026-07-10,301328,69.01,70.53,74.3,68.66,36647.94,265047722.0,8.0802,1.0458,0.73,3.182237445335054,维峰电子
2026-07-13,301328,70.51,68.0,73.08,67.1,45687.8,320963278.0,8.4787,-3.5871,-2.53,3.9671923702936334,维峰电子
2026-07-14,301328,68.01,66.46,68.79,62.55,41127.75,269997037.0,9.1765,-2.2647,-1.54,3.571231182226852,维峰电子
2026-07-15,301328,67.91,64.63,68.02,63.81,26617.35,175172121.0,6.3346,-2.7535,-1.83,2.311254817203613,维峰电子
2026-07-16,301328,64.8,62.21,67.19,61.5,32177.93,204942175.0,8.804,-3.7444,-2.42,2.7940946683325225,维峰电子
2026-07-17,301328,61.83,55.0,62.0,51.46,53294.75,298344766.0,16.9426,-11.5898,-7.21,4.627723934545034,维峰电子
2026-07-20,301328,57.0,53.48,60.6,51.68,63835.67,364005438.0,16.2182,-2.7636,-1.52,5.543019864746873,维峰电子
2026-07-21,301328,55.03,61.2,61.35,47.71,62947.18,346818842.0,25.5049,14.4353,7.72,5.4658699308677585,维峰电子
2026-07-22,301328,60.46,59.7,63.42,58.89,41121.39,248917573.0,7.402,-2.451,-1.5,3.570678926625246,维峰电子
2026-07-23,301328,60.82,58.86,60.84,57.08,23557.78,138360559.0,6.2982,-1.407,-0.84,2.045584271447869,维峰电子
2026-07-24,301328,57.61,57.65,60.25,56.04,28232.9,163892686.0,7.1526,-2.0557,-1.21,2.451537291602203,维峰电子
2026-07-27,301328,57.75,57.64,57.97,54.12,30002.09,168370209.0,6.6782,-0.0173,-0.01,2.605160733081105,维峰电子
2026-07-28,301328,56.55,52.68,58.23,52.09,43724.19,238498503.0,10.6523,-8.6051,-4.96,3.796686926603364,维峰电子
2026-07-29,301328,53.3,50.6,53.58,47.35,49276.04,246086076.0,11.8261,-3.9484,-2.08,4.278768728769691,维峰电子
2026-07-30,301328,50.2,43.78,50.2,43.3,45683.99,207855671.0,13.6364,-13.4783,-6.82,3.9668615379285206,维峰电子
2026-07-31,301328,46.07,44.85,48.59,44.85,43281.73,203591112.0,8.5427,2.444,1.07,3.758266955929352,维峰电子
2026-08-03,301328,44.25,42.67,44.85,41.77,32612.18,140708994.0,6.8673,-4.8606,-2.18,2.8318017430176683,维峰电子
2026-08-04,301328,43.43,45.75,46.33,43.19,32848.66,149256996.0,7.3588,7.2182,3.08,2.852335926141545,维峰电子
2026-08-05,301328,45.9,48.13,48.59,45.1,24127.69,114397478.0,7.6284,5.2022,2.38,2.0950710623144473,维峰电子
2026-08-06,301328,47.68,52.46,52.81,47.13,38711.84,194152483.0,11.8014,8.9965,4.33,3.3614513346676334,维峰电子
2026-08-07,301328,52.44,52.92,53.55,50.03,32514.54,170037572.0,6.7099,0.8769,0.46,2.823323403876027,维峰电子
2026-08-10,301328,53.0,59.95,60.6,52.49,67583.39,382963757.0,15.325,13.2842,7.03,5.868444292931133,维峰电子
2026-08-11,301328,59.0,59.21,61.0,56.23,57571.43,336670495.0,7.9566,-1.2344,-0.74,4.999079356915719,维峰电子
2026-08-12,301328,58.85,60.25,60.51,58.3,28794.16,172477936.0,3.7325,1.7565,1.04,2.5002729801175394,维峰电子
2026-08-13,301328,59.87,59.0,61.49,58.8,23969.65,144640508.0,4.4647,-2.0747,-1.25,2.0813480316103816,维峰电子
2026-08-14,301328,59.61,61.45,61.6,58.88,26591.5,160510264.0,4.6102,4.1525,2.45,2.3090101934140654,维峰电子
2026-08-17,301328,62.22,63.22,63.45,61.0,25968.7,162109924.0,3.987,2.8804,1.77,2.2549308241246955,维峰电子
2026-08-18,301328,63.35,64.57,64.7,62.01,24122.95,152688018.0,4.255,2.1354,1.35,2.094659475592495,维峰电子
2026-08-19,301328,64.36,57.27,64.36,56.76,34236.49,205248349.0,11.7702,-11.3056,-7.3,2.9728448713580926,维峰电子
2026-08-20,301328,58.41,59.43,60.82,57.27,28626.41,169734493.0,6.1987,3.7716,2.16,2.485706804461965,维峰电子
2026-08-21,301328,58.88,59.0,60.41,57.41,20794.27,122523274.0,5.048,-0.7235,-0.43,1.8056213976121807,维峰电子
2026-08-24,301328,58.79,57.33,58.91,55.18,27353.67,155222640.0,6.322,-2.8305,-1.67,2.375191427985805,维峰电子
2026-06-25,301329,25.97,25.14,26.05,24.82,67763.95,171462631.0,,,,11.304542573068197,信音电子
2026-06-26,301329,24.9,24.26,25.07,24.05,62120.21,151617872.0,4.0573,-3.5004,-0.88,10.36304050447084,信音电子
2026-06-29,301329,24.16,23.51,24.66,22.93,66647.5,157051514.0,7.1311,-3.0915,-0.75,11.11829374082477,信音电子
2026-06-30,301329,23.3,24.29,24.34,23.27,45228.76,108608728.0,4.5513,3.3177,0.78,7.545168824235954,信音电子
2026-07-01,301329,24.49,23.97,24.89,23.93,52370.87,127186814.0,3.9522,-1.3174,-0.32,8.736632523688776,信音电子
2026-07-02,301329,23.95,23.39,24.49,23.31,51384.96,122494845.0,4.9228,-2.4197,-0.58,8.572160683304418,信音电子
2026-07-03,301329,23.53,23.56,23.96,23.11,41059.04,96907616.0,3.634,0.7268,0.17,6.849566261844388,信音电子
2026-07-06,301329,23.44,22.46,23.69,22.2,50253.88,114619465.0,6.3243,-4.6689,-1.1,8.383471239823836,信音电子
2026-07-07,301329,22.46,21.46,22.59,21.28,41302.71,89796549.0,5.8326,-4.4524,-1.0,6.890215868143601,信音电子
2026-07-08,301329,21.45,20.68,21.7,20.56,37291.03,77937153.0,5.3122,-3.6347,-0.78,6.220977912718538,信音电子
2026-07-09,301329,20.8,20.77,20.89,19.8,41699.3,85007944.0,5.2708,0.4352,0.09,6.9563759508874945,信音电子
2026-07-10,301329,20.65,20.76,21.38,20.65,46110.25,96870510.0,3.5147,-0.0481,-0.01,7.692221073001468,信音电子
2026-07-13,301329,20.42,19.12,20.74,19.09,48119.84,94595026.0,7.948,-7.8998,-1.64,8.027465634592286,信音电子
2026-07-14,301329,19.22,19.56,19.64,18.67,44810.48,86256155.0,5.0732,2.3013,0.44,7.4753903643400506,信音电子
2026-07-15,301329,19.5,19.13,19.7,19.04,36579.06,70688523.0,3.3742,-2.1984,-0.43,6.102205391698919,信音电子
2026-07-16,301329,19.0,19.11,19.57,18.65,38361.45,73508559.0,4.8092,-0.1045,-0.02,6.399547911383959,信音电子
2026-07-17,301329,19.3,17.81,19.4,17.72,50007.56,92271862.0,8.7912,-6.8027,-1.3,7.572313749242883,信音电子
2026-07-20,301329,17.99,17.05,18.65,16.91,52121.0,93023646.0,9.7698,-4.2673,-0.76,7.892337976983646,信音电子
2026-07-21,301329,17.2,17.59,17.68,16.01,57675.28,98255338.0,9.7947,3.1672,0.54,8.733385826771652,信音电子
2026-07-22,301329,17.52,17.18,17.8,17.08,38888.71,67713422.0,4.0932,-2.3309,-0.41,5.888659903089037,信音电子
2026-07-23,301329,17.18,17.78,17.79,17.18,33961.5,59593086.0,3.5506,3.4924,0.6,5.142565112053301,信音电子
2026-07-24,301329,17.51,17.37,17.82,17.22,32509.5,56952192.0,3.3746,-2.306,-0.41,4.922698364627498,信音电子
2026-07-27,301329,17.5,17.95,17.95,17.29,29620.0,52521531.0,3.7997,3.3391,0.58,4.485160508782556,信音电子
2026-07-28,301329,17.61,17.73,18.14,17.57,33982.0,60744479.0,3.1755,-1.2256,-0.22,5.145669291338582,信音电子
2026-07-29,301329,17.72,18.04,18.14,17.37,39013.01,69280727.0,4.3429,1.7484,0.31,5.9074818291944275,信音电子
2026-07-30,301329,17.85,17.69,18.12,17.49,34697.0,61702325.0,3.4922,-1.9401,-0.35,5.253937007874016,信音电子
2026-07-31,301329,18.19,18.44,18.57,18.09,49973.01,92002917.0,2.7134,4.2397,0.75,7.567082071471836,信音电子
2026-08-03,301329,18.33,18.81,18.9,18.15,36085.43,67277738.0,4.0672,2.0065,0.37,5.46417777104785,信音电子
2026-08-04,301329,18.85,19.25,19.3,18.73,32548.0,62056809.0,3.0303,2.3392,0.44,4.928528164748637,信音电子
2026-08-05,301329,19.23,19.42,19.62,19.06,34617.33,67182919.0,2.9091,0.8831,0.17,5.241873107207753,信音电子
2026-08-06,301329,19.28,19.56,19.68,19.16,30700.9,59650604.0,2.6777,0.7209,0.14,4.648834039975772,信音电子
2026-08-07,301329,19.36,19.65,19.78,19.1,34799.6,67624284.0,3.4765,0.4601,0.09,5.269473046638401,信音电子
2026-08-10,301329,19.6,19.85,19.87,19.25,40360.0,79123669.0,3.1552,1.0178,0.2,6.1114476075106,信音电子
2026-08-11,301329,19.7,19.79,20.01,19.35,38198.11,75191805.0,3.3249,-0.3023,-0.06,5.784086917019988,信音电子
2026-08-12,301329,19.72,20.02,20.16,19.65,30194.5,60273245.0,2.5771,1.1622,0.23,4.572153240460327,信音电子
2026-08-13,301329,20.1,19.7,20.34,19.7,48444.0,97249875.0,3.1968,-1.5984,-0.32,7.335554209569958,信音电子
2026-08-14,301329,19.71,19.83,20.13,19.5,33567.0,66262769.0,3.198,0.6599,0.13,5.082828588734101,信音电子
2026-08-17,301329,19.7,20.09,20.13,19.47,36292.0,72120435.0,3.3283,1.3111,0.26,5.495457298606905,信音电子
2026-08-18,301329,20.06,20.01,20.08,19.64,24032.3,47732541.0,2.1901,-0.3982,-0.08,3.639052089642641,信音电子
2026-08-19,301329,19.81,19.04,19.81,18.94,39358.0,75794697.0,4.3478,-4.8476,-0.97,5.9597213809812235,信音电子
2026-08-20,301329,19.16,19.45,19.6,19.11,29355.47,56993396.0,2.5735,2.1534,0.41,4.445104482132041,信音电子
2026-08-21,301329,19.3,19.32,19.48,18.91,23010.8,44301423.0,2.9306,-0.6684,-0.13,3.4843731072077526,信音电子
2026-08-24,301329,19.61,18.94,19.64,18.63,32226.91,61160596.0,5.2277,-1.9669,-0.38,4.87990763173834,信音电子
2026-06-25,301330,27.4,26.03,27.4,26.03,51543.75,136657566.0,,,,2.6524977328686647,熵基科技
2026-06-26,301330,26.0,24.78,26.03,24.78,39798.62,100062696.0,4.8022,-4.8022,-1.25,2.0480805009589234,熵基科技
2026-06-29,301330,24.8,24.67,24.93,23.9,31009.21,75761973.0,4.1566,-0.4439,-0.11,1.5957678520295542,熵基科技
2026-06-30,301330,24.58,25.06,25.09,24.38,24191.08,60157613.0,2.878,1.5809,0.39,1.2448994272951521,熵基科技
2026-07-01,301330,25.18,26.0,26.43,25.06,37851.52,97696087.0,5.4669,3.751,0.94,1.9478806060023366,熵基科技
2026-07-02,301330,25.79,25.54,26.39,25.45,29148.66,75526809.0,3.6154,-1.7692,-0.46,1.5000219147066238,熵基科技
2026-07-03,301330,25.54,25.82,26.19,25.46,27518.32,71209914.0,2.8583,1.0963,0.28,1.4161228356950055,熵基科技
2026-07-06,301330,25.8,24.98,25.82,24.75,25341.59,63736306.0,4.1441,-3.2533,-0.84,1.3041059298612778,熵基科技
2026-07-07,301330,24.9,24.2,25.29,24.08,18970.78,46646949.0,4.8439,-3.1225,-0.78,0.9762570814259772,熵基科技
2026-07-08,301330,24.2,24.02,24.38,23.77,17881.4,43021768.0,2.5207,-0.7438,-0.18,0.9201963954993138,熵基科技
2026-07-09,301330,24.02,23.87,24.15,23.11,27252.34,64464659.0,4.3297,-0.6245,-0.15,1.4024352140728222,熵基科技
2026-07-10,301330,23.76,24.24,24.95,23.55,30977.63,75648145.0,5.8651,1.5501,0.37,1.5941427107000237,熵基科技
2026-07-13,301330,24.11,22.64,24.38,22.61,28067.76,65010290.0,7.302,-6.6007,-1.6,1.4443976188519811,熵基科技
2026-07-14,301330,22.66,22.77,22.99,21.91,25264.05,56754878.0,4.7703,0.5742,0.13,1.3001156366791433,熵基科技
2026-07-15,301330,22.68,22.98,23.35,22.66,24025.92,55381034.0,3.0303,0.9223,0.21,1.2364001131094249,熵基科技
2026-07-16,301330,23.3,23.23,23.88,22.56,32004.8,74714832.0,5.7441,1.0879,0.25,1.6470020020063547,熵基科技
2026-07-17,301330,23.11,22.36,23.69,22.1,30006.47,68514071.0,6.8446,-3.7452,-0.87,1.544165755234953,熵基科技
2026-07-20,301330,22.5,21.91,22.92,21.47,29457.77,65476240.0,6.4848,-2.0125,-0.45,1.5159290532870926,熵基科技
2026-07-21,301330,22.07,22.1,22.22,20.83,35165.19,76143799.0,6.3441,0.8672,0.19,1.809639126972637,熵基科技
2026-07-22,301330,22.0,21.65,22.08,21.6,23030.28,50237736.0,2.1719,-2.0362,-0.45,1.1851633900779543,熵基科技
2026-07-23,301330,21.95,21.85,21.95,21.4,16703.47,36182538.0,2.5404,0.9238,0.2,0.8595788297521962,熵基科技
2026-07-24,301330,22.11,21.42,22.41,21.42,25757.85,56579386.0,4.5309,-1.968,-0.43,1.325527124599416,熵基科技
2026-07-27,301330,21.32,22.79,22.99,21.21,45129.12,101635102.0,8.31,6.3959,1.37,2.322393859320634,熵基科技
2026-07-28,301330,22.39,22.96,23.78,22.26,59471.98,138544985.0,6.6696,0.7459,0.17,3.0604931173849512,熵基科技
2026-07-29,301330,22.84,22.54,23.23,22.01,44653.18,100482291.0,5.3136,-1.8293,-0.42,2.297901466528462,熵基科技
2026-07-30,301330,22.25,22.5,22.9,22.11,27970.28,63215551.0,3.5049,-0.1775,-0.04,1.439381191467477,熵基科技
2026-07-31,301330,22.71,23.56,23.96,22.71,45373.93,106349073.0,5.5556,4.7111,1.06,2.335170983398712,熵基科技
2026-08-03,301330,23.48,23.49,23.6,23.11,27054.03,63292950.0,2.0798,-0.2971,-0.07,1.3923366532279275,熵基科技
2026-08-04,301330,23.65,24.19,24.3,23.6,37557.1,90332888.0,2.98,2.98,0.7,1.9328775387233104,熵基科技
2026-08-05,301330,24.25,24.91,24.98,24.24,41827.72,103667997.0,3.0591,2.9764,0.72,2.1526651547645526,熵基科技
2026-08-06,301330,24.68,24.51,25.19,24.16,27282.0,67258215.0,4.1349,-1.6058,-0.4,1.404069137698314,熵基科技
2026-08-07,301330,24.6,24.52,24.64,23.81,27399.88,66396259.0,3.3864,0.0408,0.01,1.4101358362523746,熵基科技
2026-08-10,301330,24.53,24.54,24.67,24.08,17986.16,43928141.0,2.4062,0.0816,0.02,0.9256583887436372,熵基科技
2026-08-11,301330,24.4,24.41,24.65,24.11,15714.22,38377523.0,2.2005,-0.5297,-0.13,0.8087329127263984,熵基科技
2026-08-12,301330,24.48,24.72,24.96,24.28,24257.65,59933327.0,2.7857,1.27,0.31,1.2484208532397738,熵基科技
2026-08-13,301330,24.8,24.34,25.08,24.32,22769.0,56330467.0,3.0744,-1.5372,-0.38,1.171807426004432,熵基科技
2026-08-14,301330,24.56,24.55,24.66,24.13,18998.0,46410891.0,2.1775,0.8628,0.21,0.9777327717173436,熵基科技
2026-08-17,301330,24.55,24.93,24.98,24.15,21265.8,52416447.0,3.3809,1.5479,0.38,1.039035686076351,熵基科技
2026-08-18,301330,24.87,24.64,24.97,24.36,16279.88,39998302.0,2.4469,-1.1633,-0.29,0.7954262846937651,熵基科技
2026-08-19,301330,24.34,23.63,24.55,23.55,20608.82,49147676.0,4.0584,-4.099,-1.01,1.0069359924349908,熵基科技
2026-08-20,301330,23.96,24.16,24.49,23.71,19016.62,46013419.0,3.3009,2.2429,0.53,0.9291419466257212,熵基科技
2026-08-21,301330,24.18,23.9,24.25,23.66,13924.06,33224119.0,2.4421,-1.0762,-0.26,0.6803221715180373,熵基科技
2026-08-24,301330,23.8,23.55,24.01,23.27,13561.8,31934192.0,3.0962,-1.4644,-0.35,0.6626223404447639,熵基科技
2026-06-25,301331,22.4,22.45,22.78,21.75,23392.84,51938873.0,,,,2.279177308112721,恩威医药
2026-06-26,301331,21.98,21.14,22.33,21.11,16066.84,34572566.0,5.4343,-5.8352,-1.31,1.565401086019388,恩威医药
2026-06-29,301331,21.3,21.99,22.12,20.56,19880.72,42886310.0,7.3794,4.0208,0.85,1.9369895187135346,恩威医药
2026-06-30,301331,21.76,22.0,22.02,20.88,21912.68,46900918.0,5.1842,0.0455,0.01,2.1349645026399298,恩威医药
2026-07-01,301331,21.79,23.45,23.69,21.51,27721.36,63351022.0,9.9091,6.5909,1.45,2.700907399957579,恩威医药
2026-07-02,301331,23.28,23.44,23.86,23.04,14746.2,34680632.0,3.4968,-0.0426,-0.01,1.4367304021611655,恩威医药
2026-07-03,301331,23.26,23.56,23.78,23.15,18522.85,43436551.0,2.6877,0.5119,0.12,1.8046914954137978,恩威医药
2026-07-06,301331,23.54,22.86,23.78,22.8,18571.57,43096596.0,4.1596,-2.9711,-0.7,1.809438311894877,恩威医药
2026-07-07,301331,22.86,21.34,23.04,21.24,23600.96,51554502.0,7.874,-6.6492,-1.52,2.2994545545421587,恩威医药
2026-07-08,301331,21.41,20.79,21.5,20.7,16968.32,35625622.0,3.7488,-2.5773,-0.55,1.6532327798076352,恩威医药
2026-07-09,301331,20.61,19.9,20.98,19.75,27524.16,55238345.0,5.9163,-4.2809,-0.89,2.68169409515321,恩威医药
2026-07-10,301331,19.9,20.22,20.86,19.49,21944.0,44439048.0,6.8844,1.608,0.32,2.1380160275206235,恩威医药
2026-07-13,301331,20.2,20.42,20.9,20.12,26975.9,55270448.0,3.8576,0.9891,0.2,2.628276820852788,恩威医药
2026-07-14,301331,20.18,21.02,21.18,19.66,25832.08,52969666.0,7.4437,2.9383,0.6,2.5168338071543452,恩威医药
2026-07-15,301331,20.73,21.92,22.5,20.65,28572.43,62507630.0,8.8011,4.2816,0.9,2.7838276196322953,恩威医药
2026-07-16,301331,21.7,22.77,23.13,21.37,26715.64,59905216.0,8.0292,3.8777,0.85,2.6029195454552982,恩威医药
2026-07-17,301331,22.62,21.06,22.73,20.9,25133.51,54213520.0,8.0369,-7.5099,-1.71,2.4487717466209378,恩威医药
2026-07-20,301331,20.93,20.46,21.39,20.08,24403.4,50650305.0,6.2203,-2.849,-0.6,2.377636726485453,恩威医药
2026-07-21,301331,20.46,19.5,20.46,18.87,26242.68,51039408.0,7.7713,-4.6921,-0.96,2.5568387917013724,恩威医药
2026-07-22,301331,19.53,19.28,20.08,19.12,18445.68,36079420.0,4.9231,-1.1282,-0.22,1.7971727797355366,恩威医药
2026-07-23,301331,19.28,19.85,20.21,18.91,19109.48,37444040.0,6.7427,2.9564,0.57,1.861847179984725,恩威医药
2026-07-24,301331,19.59,19.09,19.8,19.06,14756.48,28515984.0,3.728,-3.8287,-0.76,1.4377319882331174,恩威医药
2026-07-27,301331,18.87,19.81,19.94,18.87,17635.93,34586747.0,5.605,3.7716,0.72,1.7182783904589767,恩威医药
2026-07-28,301331,19.62,19.98,21.4,19.62,27112.0,55590797.0,8.9854,0.8582,0.17,2.6415371189454584,恩威医药
2026-07-29,301331,19.9,20.16,20.28,19.75,22948.19,45889334.0,2.6527,0.9009,0.18,2.2358548132787317,恩威医药
2026-07-30,301331,19.87,19.35,20.15,19.11,31284.17,61400779.0,5.1587,-4.0179,-0.81,3.048033944024784,恩威医药
2026-07-31,301331,19.34,20.1,20.11,19.28,24483.55,48608692.0,4.2894,3.876,0.75,2.3854457852079185,恩威医药
2026-08-03,301331,20.31,20.57,20.6,20.03,15460.43,31549366.0,2.8358,2.3383,0.47,1.5063182251349194,恩威医药
2026-08-04,301331,20.81,20.93,21.1,20.71,14999.4,31384496.0,1.896,1.7501,0.36,1.4613998178633265,恩威医药
2026-08-05,301331,21.14,20.87,21.14,20.7,16125.29,33696479.0,2.1022,-0.2867,-0.06,1.571095901768959,恩威医药
2026-08-06,301331,20.87,20.89,20.97,20.61,11727.4,24423240.0,1.725,0.0958,0.02,1.1426070525494605,恩威医药
2026-08-07,301331,20.89,21.29,21.3,20.66,15066.5,31621498.0,3.0637,1.9148,0.4,1.4679374078855028,恩威医药
2026-08-10,301331,21.29,21.61,22.06,21.05,20982.56,45376756.0,4.744,1.5031,0.32,2.044342397849669,恩威医药
2026-08-11,301331,21.6,21.92,22.16,21.44,18681.0,40879409.0,3.3318,1.4345,0.31,1.8201001371724739,恩威医药
2026-08-12,301331,21.92,21.86,22.24,21.67,15578.0,34284711.0,2.6004,-0.2737,-0.06,1.517773135103731,恩威医药
2026-08-13,301331,21.98,22.05,22.45,21.52,20233.32,44645858.0,4.2543,0.8692,0.19,1.9713435312592773,恩威医药
2026-08-14,301331,22.03,22.29,22.89,21.7,18816.89,41995425.0,5.3968,1.0884,0.24,1.8333399748492776,恩威医药
2026-08-17,301331,22.45,22.48,22.66,21.85,13569.4,30321695.0,3.6339,0.8524,0.19,1.3220741288661295,恩威医药
2026-08-18,301331,22.43,22.22,22.77,22.12,16958.83,38031163.0,2.8915,-1.1566,-0.26,1.6523081638715627,恩威医药
2026-08-19,301331,22.0,22.31,22.88,21.94,26244.73,58721686.0,4.2304,0.405,0.09,2.557038524332452,恩威医药
2026-08-20,301331,22.58,22.81,23.47,22.52,31029.99,71131386.0,4.2582,2.2411,0.5,3.0232690463819116,恩威医药
2026-08-21,301331,22.33,22.13,22.78,21.86,19887.78,44083301.0,4.0333,-2.9811,-0.68,1.9376773784088637,恩威医药
2026-08-24,301331,22.06,21.84,22.57,21.65,18899.56,41668894.0,4.1573,-1.3104,-0.29,1.8413945585621434,恩威医药
2026-06-25,301332,7.88,7.71,7.9,7.58,42400.87,32720932.0,,,,1.6009980205424976,德尔玛
2026-06-26,301332,7.63,7.53,7.68,7.45,25817.1,19527814.0,2.9831,-2.3346,-0.18,0.974817875108405,德尔玛
2026-06-29,301332,7.54,7.55,7.67,7.33,25045.0,18794561.0,4.5153,0.2656,0.02,0.9456644503871465,德尔玛
2026-06-30,301332,7.59,7.65,7.72,7.46,16032.86,12218392.0,3.4437,1.3245,0.1,0.6053785482145764,德尔玛
2026-07-01,301332,7.67,7.79,7.85,7.58,19920.54,15426926.0,3.5294,1.8301,0.14,0.7521719509089707,德尔玛
2026-07-02,301332,7.78,7.76,7.94,7.76,18402.0,14441058.0,2.3107,-0.3851,-0.03,0.6948339874635365,德尔玛
2026-07-03,301332,7.76,8.05,8.09,7.76,29170.66,23346777.0,4.2526,3.7371,0.29,1.1014436476873757,德尔玛
2026-07-06,301332,8.05,8.02,8.13,8.01,12487.0,10059745.0,1.4907,-0.3727,-0.03,0.4714917944493632,德尔玛
2026-07-07,301332,8.07,7.8,8.07,7.78,15321.77,12060742.0,3.616,-2.7431,-0.22,0.5785287764427339,德尔玛
2026-07-08,301332,7.85,7.77,7.85,7.66,14455.0,11238395.0,2.4359,-0.3846,-0.03,0.5458007438748734,德尔玛
2026-07-09,301332,7.75,7.68,7.78,7.56,17657.0,13512062.0,2.8314,-1.1583,-0.09,0.6667038211413795,德尔玛
2026-07-10,301332,7.61,7.76,7.85,7.56,15323.99,11846848.0,3.776,1.0417,0.08,0.5786126005625127,德尔玛
2026-07-13,301332,7.7,7.55,7.8,7.54,19936.0,15221306.0,3.3505,-2.7062,-0.21,0.7527556990584211,德尔玛
2026-07-14,301332,7.57,7.78,7.79,7.48,22562.0,17292198.0,4.106,3.0464,0.23,0.8519098155174607,德尔玛
2026-07-15,301332,7.79,7.87,7.93,7.72,20643.0,16233364.0,2.6992,1.1568,0.09,0.7794510381050855,德尔玛
2026-07-16,301332,7.89,7.95,8.05,7.8,24820.9,19746147.0,3.1766,1.0165,0.08,0.9372027453229916,德尔玛
2026-07-17,301332,7.97,7.89,8.08,7.75,30101.7,23959067.0,4.1509,-0.7547,-0.06,1.1365984262814444,德尔玛
2026-07-20,301332,7.9,7.76,8.05,7.66,26496.0,20903200.0,4.943,-1.6477,-0.13,1.0004521971434552,德尔玛
2026-07-21,301332,7.73,7.69,7.84,7.58,26833.0,20596707.0,3.3505,-0.9021,-0.07,1.0131768495603237,德尔玛
2026-07-22,301332,7.7,7.57,7.75,7.56,19176.93,14633741.0,2.4707,-1.5605,-0.12,0.7240942690582066,德尔玛
2026-07-23,301332,7.56,7.71,7.74,7.55,13316.0,10196382.0,2.5099,1.8494,0.14,0.5027936842226091,德尔玛
2026-07-24,301332,7.65,7.49,7.7,7.48,18090.0,13658745.0,2.8534,-2.8534,-0.22,0.6830533003594922,德尔玛
2026-07-27,301332,7.49,7.64,7.67,7.4,19795.0,15017282.0,3.6048,2.0027,0.15,0.7474317346940933,德尔玛
2026-07-28,301332,7.57,7.66,7.76,7.56,14916.49,11450899.0,2.6178,0.2618,0.02,0.5632259659634805,德尔玛
2026-07-29,301332,7.7,7.8,7.83,7.66,19613.03,15259812.0,2.2193,1.8277,0.14,0.7405607999751095,德尔玛
2026-07-30,301332,7.72,7.82,7.89,7.71,20304.61,15896134.0,2.3077,0.2564,0.02,0.7666739012168242,德尔玛
2026-07-31,301332,7.9,8.07,8.39,7.83,66229.43,53422520.0,7.1611,3.1969,0.25,2.500731384324376,德尔玛
2026-08-03,301332,8.01,8.16,8.18,7.91,70018.72,56280054.0,3.3457,1.1152,0.09,2.64380971713362,德尔玛
2026-08-04,301332,8.16,8.42,8.51,8.1,84970.99,71073372.0,5.0245,3.1863,0.26,3.208386686252814,德尔玛
2026-08-05,301332,8.38,8.36,8.43,8.28,49657.88,41527871.0,1.7815,-0.7126,-0.06,1.875012649135192,德尔玛
2026-08-06,301332,8.28,8.24,8.38,8.12,37033.93,30591613.0,3.11,-1.4354,-0.12,1.3983498127021785,德尔玛
2026-08-07,301332,8.21,7.97,8.22,7.85,70806.7,56495758.0,4.4903,-3.2767,-0.27,2.673562748621584,德尔玛
2026-08-10,301332,7.9,8.07,8.15,7.86,87645.53,70188302.0,3.6386,1.2547,0.1,3.309373605763233,德尔玛
2026-08-11,301332,8.04,7.96,8.13,7.87,72759.38,58292300.0,3.2218,-1.3631,-0.11,2.747293236103396,德尔玛
2026-08-12,301332,7.96,8.0,8.05,7.92,38016.69,30365291.0,1.6332,0.5025,0.04,1.4354574667354176,德尔玛
2026-08-13,301332,8.0,7.82,8.01,7.81,67032.34,52999520.0,2.5,-2.25,-0.18,2.5310481518971586,德尔玛
2026-08-14,301332,7.8,7.74,7.87,7.72,45286.39,35144252.0,1.9182,-1.023,-0.08,1.7099512521209015,德尔玛
2026-08-17,301332,7.79,7.88,7.89,7.72,46271.0,36242867.0,2.1964,1.8088,0.14,1.7471287595872895,德尔玛
2026-08-18,301332,7.83,7.8,7.88,7.73,38291.75,29791086.0,1.9036,-1.0152,-0.08,1.445843350693233,德尔玛
2026-08-19,301332,7.76,7.66,7.8,7.65,34036.78,26236624.0,1.9231,-1.7949,-0.14,1.2851815872089527,德尔玛
2026-08-20,301332,7.7,7.89,7.9,7.7,35176.0,27546177.0,2.611,3.0026,0.23,1.3281969537559701,德尔玛
2026-08-21,301332,7.88,7.81,7.88,7.72,22634.97,17620832.0,2.0279,-1.0139,-0.08,0.8546650614725315,德尔玛
2026-08-24,301332,7.82,7.75,7.83,7.67,20438.0,15804385.0,2.0487,-0.7682,-0.06,0.7717105225399282,德尔玛
2026-06-25,301333,51.03,49.47,51.54,47.88,41314.08,204456664.0,,,,4.283094920203693,诺思格
2026-06-26,301333,49.18,49.79,53.44,48.46,40153.04,205163813.0,10.0667,0.6469,0.32,4.162728097896303,诺思格
2026-06-29,301333,49.05,52.51,53.34,47.64,54757.27,281431806.0,11.4481,5.4629,2.72,5.676771332708415,诺思格
2026-06-30,301333,51.19,49.94,51.78,49.5,39397.64,198083043.0,4.342,-4.8943,-2.57,4.084414605190624,诺思格
2026-07-01,301333,49.05,53.0,53.23,46.87,60987.17,306185876.0,12.7353,6.1274,3.06,6.322634753686857,诺思格
2026-07-02,301333,51.41,51.47,53.78,51.41,43200.14,226543162.0,4.4717,-2.8868,-1.53,4.478625693373503,诺思格
2026-07-03,301333,51.7,51.91,52.88,50.41,34267.36,177143473.0,4.7989,0.8549,0.44,3.5525504996067014,诺思格
2026-07-06,301333,51.4,54.54,55.94,51.3,58636.13,316218578.0,8.9385,5.0665,2.63,6.078898780837026,诺思格
2026-07-07,301333,53.82,51.98,54.48,51.81,37902.84,200897991.0,4.8955,-4.6938,-2.56,3.929446364660507,诺思格
2026-07-08,301333,51.6,47.6,53.18,47.43,44357.63,221017738.0,11.0619,-8.4263,-4.38,4.598624481660367,诺思格
2026-07-09,301333,46.86,48.3,49.75,46.58,30743.19,148144664.0,6.6597,1.4706,0.7,3.1871943153485924,诺思格
2026-07-10,301333,47.55,52.44,53.46,47.15,56293.0,288918323.0,13.0642,8.5714,4.14,5.835982849987861,诺思格
2026-07-13,301333,52.51,51.14,52.67,50.76,32772.85,169293396.0,3.6423,-2.479,-1.3,3.397612323827557,诺思格
2026-07-14,301333,50.63,52.99,53.11,49.52,39188.15,202731234.0,7.0199,3.6175,1.85,4.0626964511174,诺思格
2026-07-15,301333,52.34,58.29,59.37,52.23,76835.97,431176524.0,13.4742,10.0019,5.3,7.9657044958019965,诺思格
2026-07-16,301333,55.95,59.44,61.6,55.58,69239.62,408688038.0,10.3277,1.9729,1.15,7.178179078387659,诺思格
2026-07-17,301333,58.26,52.52,59.0,51.61,54283.7,295746019.0,12.4327,-11.642,-6.92,5.627675594370278,诺思格
2026-07-20,301333,51.76,53.81,55.28,51.25,36982.37,198031792.0,7.6733,2.4562,1.29,3.8340198083581543,诺思格
2026-07-21,301333,53.0,51.79,53.3,48.4,48767.89,246764444.0,9.1061,-3.7539,-2.02,5.055842994157258,诺思格
2026-07-22,301333,50.76,50.65,53.53,49.8,34060.46,176285794.0,7.2022,-2.2012,-1.14,3.5311008548611293,诺思格
2026-07-23,301333,50.8,51.08,51.8,49.5,27793.6,140768107.0,4.541,0.849,0.43,2.881405733207017,诺思格
2026-07-24,301333,50.12,47.67,50.48,47.65,30825.04,150252362.0,5.5403,-6.6758,-3.41,3.1956798321317,诺思格
2026-07-27,301333,47.47,48.82,49.98,47.12,24860.38,121439091.0,5.9996,2.4124,1.15,2.5773142544220637,诺思格
2026-07-28,301333,48.08,47.77,48.94,47.5,18324.0,88109713.0,2.9496,-2.1508,-1.05,1.899677575243415,诺思格
2026-07-29,301333,47.88,48.34,49.35,47.55,18991.73,91967487.0,3.7681,1.1932,0.57,1.9689021827154347,诺思格
2026-07-30,301333,47.89,45.67,48.39,45.5,26475.34,122884505.0,5.9785,-5.5234,-2.67,2.7447396690103143,诺思格
2026-07-31,301333,46.0,47.2,47.67,45.61,19909.24,93874589.0,4.5106,3.3501,1.53,2.064021871214757,诺思格
2026-08-03,301333,47.19,47.32,48.3,46.85,16004.65,75943964.0,3.072,0.2542,0.12,1.6592269539739972,诺思格
2026-08-04,301333,48.38,50.7,51.2,48.12,41284.99,206135668.0,6.5089,7.1429,3.38,4.280079114666483,诺思格
2026-08-05,301333,50.19,51.3,51.66,50.05,26130.0,133120847.0,3.1755,1.1834,0.6,2.708937734179788,诺思格
2026-08-06,301333,50.97,50.5,51.8,50.18,18857.58,95763891.0,3.1579,-1.5595,-0.8,1.9549946436017638,诺思格
2026-08-07,301333,50.17,56.81,57.1,50.01,54838.87,296906787.0,14.0396,12.495,6.31,5.685230931602754,诺思格
2026-08-10,301333,56.6,58.0,59.59,56.0,56275.34,326536786.0,6.3193,2.0947,1.19,5.834152010325189,诺思格
2026-08-11,301333,57.4,62.61,69.0,57.4,98192.03,619484044.0,20.0,7.9483,4.61,10.179720446334244,诺思格
2026-08-12,301333,61.87,63.96,66.22,60.71,62102.32,398086023.0,8.8005,2.1562,1.35,6.4382440883317305,诺思格
2026-08-13,301333,64.6,63.57,66.08,61.7,70941.01,452759395.0,6.848,-0.6098,-0.39,7.354564825481274,诺思格
2026-08-14,301333,63.99,62.37,64.0,61.15,38625.05,240300147.0,4.4832,-1.8877,-1.2,4.004318998453158,诺思格
2026-08-17,301333,62.1,63.75,64.09,60.43,38256.49,239610485.0,5.8682,2.2126,1.38,3.9661098101137284,诺思格
2026-08-18,301333,63.75,63.68,64.5,61.79,28777.13,181640683.0,4.251,-0.1098,-0.07,2.983369817772568,诺思格
2026-08-19,301333,63.69,58.64,64.0,58.11,33324.87,200994739.0,9.2494,-7.9146,-5.04,3.4548410956615387,诺思格
2026-08-20,301333,61.84,61.16,63.8,59.66,41685.47,257374068.0,7.06,4.2974,2.52,4.3215974990439925,诺思格
2026-08-21,301333,59.91,58.75,61.08,58.25,28503.36,169238203.0,4.6272,-3.9405,-2.41,2.954987656138951,诺思格
2026-08-24,301333,59.07,55.08,59.22,54.54,30510.2,170574010.0,7.966,-6.2468,-3.67,3.1630398797310435,诺思格
2026-06-25,301335,20.26,20.12,20.47,19.61,15044.2,30132901.0,,,,1.7193991001755755,天元宠物
2026-06-26,301335,20.0,19.48,20.06,19.45,12887.0,25265659.0,3.0318,-3.1809,-0.64,1.472853073208455,天元宠物
2026-06-29,301335,19.61,19.9,20.05,18.84,17137.78,33431636.0,6.2115,2.1561,0.42,1.9586740079902538,天元宠物
2026-06-30,301335,19.46,19.63,19.9,19.13,15875.12,30951739.0,3.8693,-1.3568,-0.27,1.8143648079113068,天元宠物
2026-07-01,301335,19.63,20.38,21.07,19.42,21202.67,43090188.0,8.4055,3.8207,0.75,2.423249605782938,天元宠物
2026-07-02,301335,20.31,20.46,20.86,20.21,14158.07,29075656.0,3.1894,0.3925,0.08,1.6181234507798892,天元宠物
2026-07-03,301335,20.46,20.7,20.84,20.36,10262.3,21189910.0,2.346,1.173,0.24,1.1728765494829774,天元宠物
2026-07-06,301335,20.57,20.51,20.99,20.45,8834.0,18277870.0,2.6087,-0.9179,-0.19,1.0096363815258393,天元宠物
2026-07-07,301335,20.57,20.02,20.59,20.02,8289.01,16758028.0,2.7791,-2.3891,-0.49,0.9377562415272966,天元宠物
2026-07-08,301335,20.0,19.87,20.2,19.64,9490.4,18901804.0,2.7972,-0.7493,-0.15,1.0736724692804878,天元宠物
2026-07-09,301335,19.83,19.19,19.95,18.85,17764.4,34066833.0,5.536,-3.4222,-0.68,2.009730592312895,天元宠物
2026-07-10,301335,19.19,19.61,19.94,18.9,13207.65,25902789.0,5.4195,2.1886,0.42,1.4942141731531267,天元宠物
2026-07-13,301335,19.61,19.14,19.67,19.14,10468.0,20201511.0,2.7027,-2.3967,-0.47,1.184270779780425,天元宠物
2026-07-14,301335,19.26,19.45,19.51,18.91,8579.35,16553795.0,3.1348,1.6196,0.31,0.9706031251919363,天元宠物
2026-07-15,301335,19.45,20.23,20.66,19.28,18505.55,37297589.0,7.0951,4.0103,0.78,2.093578728388006,天元宠物
2026-07-16,301335,20.0,21.17,21.99,19.98,33570.36,70704487.0,9.9357,4.6466,0.94,3.797898014397171,天元宠物
2026-07-17,301335,21.06,20.9,22.38,20.73,32656.07,70031173.0,7.794,-1.2754,-0.27,3.6944621210798765,天元宠物
2026-07-20,301335,20.91,20.78,21.39,20.51,27336.79,57295693.0,4.2105,-0.5742,-0.12,3.092678793465201,天元宠物
2026-07-21,301335,20.78,20.2,20.78,19.84,24883.28,50458859.0,4.5236,-2.7911,-0.58,2.8151071273495085,天元宠物
2026-07-22,301335,19.9,19.9,20.35,19.76,16595.0,33146913.0,2.9208,-1.4851,-0.3,1.8774334725311572,天元宠物
2026-07-23,301335,19.9,20.4,20.48,19.71,15824.91,32044323.0,3.8693,2.5126,0.5,1.7903112825425147,天元宠物
2026-07-24,301335,20.1,19.4,20.39,19.38,13337.5,26486283.0,4.951,-4.902,-1.0,1.5089044254223747,天元宠物
2026-07-27,301335,19.38,19.74,20.29,19.29,14480.0,28802659.0,5.1546,1.7526,0.34,1.6381582815457159,天元宠物
2026-07-28,301335,19.63,20.1,20.28,19.63,12312.18,24695928.0,3.2928,1.8237,0.36,1.392907433071929,天元宠物
2026-07-29,301335,20.1,20.55,21.12,20.08,19318.5,39850355.0,5.1741,2.2388,0.45,2.185549776384041,天元宠物
2026-07-30,301335,20.56,21.11,21.66,20.36,34127.34,72487845.0,6.326,2.7251,0.56,3.860910541997678,天元宠物
2026-07-31,301335,20.17,21.33,21.4,20.1,24221.2,50930688.0,6.1582,1.0422,0.22,2.7402043763104347,天元宠物
2026-08-03,301335,21.2,21.52,21.6,21.1,15459.0,33093754.0,2.3441,0.8908,0.19,1.7489149775148636,天元宠物
2026-08-04,301335,21.52,21.37,21.73,21.22,15061.32,32205927.0,2.3699,-0.697,-0.15,1.70392445366092,天元宠物
2026-08-05,301335,21.22,21.36,21.68,21.13,12893.4,27557252.0,2.5737,-0.0468,-0.01,1.4586622919393324,天元宠物
2026-08-06,301335,21.3,21.12,21.43,20.92,11323.0,23976452.0,2.3876,-1.1236,-0.24,1.2809990484766671,天元宠物
2026-08-07,301335,21.12,21.42,21.49,20.71,14696.8,31052636.0,3.6932,1.4205,0.3,1.662685402777699,天元宠物
2026-08-10,301335,21.32,22.58,22.9,21.32,36763.71,82386986.0,7.3763,5.4155,1.16,4.159169613041786,天元宠物
2026-08-11,301335,22.44,22.33,22.59,22.1,15667.21,34981107.0,2.1701,-1.1072,-0.25,1.7724702907607637,天元宠物
2026-08-12,301335,22.33,22.74,23.28,22.15,26821.88,61178072.0,5.0605,1.8361,0.41,3.034425749214462,天元宠物
2026-08-13,301335,22.71,22.37,22.86,22.31,20140.0,45421428.0,2.4186,-1.6271,-0.37,2.2784881070670386,天元宠物
2026-08-14,301335,22.38,22.13,22.86,22.06,17829.15,39776457.0,3.5762,-1.0729,-0.24,2.0170559202638674,天元宠物
2026-08-17,301335,22.12,23.5,25.2,22.12,69581.04,167538541.0,13.9178,6.1907,1.37,7.871875477525118,天元宠物
2026-08-18,301335,23.01,22.55,23.49,22.47,41140.29,93675357.0,4.3404,-4.0426,-0.95,4.654302953638978,天元宠物
2026-08-19,301335,22.33,21.69,23.17,21.69,28238.48,62869288.0,6.5632,-3.8137,-0.86,3.1946892175596044,天元宠物
2026-08-20,301335,22.12,24.17,24.32,21.88,63346.73,148592649.0,11.2494,11.4338,2.48,7.166572538559423,天元宠物
2026-08-21,301335,24.1,24.55,24.68,23.16,50160.5,120408443.0,6.2888,1.5722,0.38,5.674781663085213,天元宠物
2026-08-24,301335,24.58,24.48,24.99,24.22,29099.71,71391270.0,3.1365,-0.2851,-0.07,3.292122301593832,天元宠物
2026-06-25,301336,39.52,39.98,41.3,38.21,22955.85,91529664.0,,,,5.715254765942655,趣睡科技
2026-06-26,301336,39.71,38.11,39.86,37.75,12623.0,48941377.0,5.2776,-4.6773,-1.87,3.1427135527760517,趣睡科技
2026-06-29,301336,37.8,38.55,38.6,37.01,10571.71,39831774.0,4.1721,1.1546,0.44,2.632009529669501,趣睡科技
2026-06-30,301336,38.14,39.95,40.2,38.1,14065.1,55276306.0,5.4475,3.6316,1.4,3.501749218977299,趣睡科技
2026-07-01,301336,40.15,40.36,40.98,39.55,11073.06,44858524.0,3.5795,1.0263,0.41,2.75682925871048,趣睡科技
2026-07-02,301336,40.23,39.67,41.84,39.33,13324.39,54246077.0,6.219,-1.7096,-0.69,3.3173366898101637,趣睡科技
2026-07-03,301336,39.72,39.4,40.49,39.4,7897.06,31468633.0,2.7477,-0.6806,-0.27,1.9661092837745107,趣睡科技
2026-07-06,301336,39.46,38.18,40.24,38.11,8288.8,32308432.0,5.4061,-3.0964,-1.22,2.0636397129248305,趣睡科技
2026-07-07,301336,38.15,36.92,38.19,36.66,9056.63,33766265.0,4.0073,-3.3002,-1.26,2.25480423381749,趣睡科技
2026-07-08,301336,36.96,36.08,37.14,36.07,7671.86,27994497.0,2.8982,-2.2752,-0.84,1.9100418598590259,趣睡科技
2026-07-09,301336,36.1,35.79,36.37,34.68,11100.14,39315722.0,4.684,-0.8038,-0.29,2.7635712917461435,趣睡科技
2026-07-10,301336,35.71,38.22,38.58,35.31,14816.43,55773425.0,9.1366,6.7896,2.43,3.6888057803024386,趣睡科技
2026-07-13,301336,37.82,37.26,38.44,36.38,14733.5,55212881.0,5.3898,-2.5118,-0.96,3.668158926548836,趣睡科技
2026-07-14,301336,37.52,37.26,37.99,36.26,11988.5,44402417.0,4.643,0.0,0.0,2.98474383486142,趣睡科技
2026-07-15,301336,37.5,37.84,39.4,36.81,17128.1,65023407.0,6.9512,1.5566,0.58,4.26433589505692,趣睡科技
2026-07-16,301336,37.81,38.7,39.38,37.21,15103.53,58002078.0,5.7347,2.2727,0.86,3.7602842767772864,趣睡科技
2026-07-17,301336,38.58,39.01,39.58,37.81,21351.81,82739244.0,4.5736,0.801,0.31,5.315901343840547,趣睡科技
2026-07-20,301336,39.01,37.6,39.54,35.88,25481.06,97527556.0,9.3822,-3.6145,-1.41,6.34394934651824,趣睡科技
2026-07-21,301336,37.2,37.14,37.6,34.11,21738.9,78577921.0,9.2819,-1.2234,-0.46,5.412274075294567,趣睡科技
2026-07-22,301336,36.96,36.65,37.2,35.73,15309.51,55625512.0,3.958,-1.3193,-0.49,3.8115665502147267,趣睡科技
2026-07-23,301336,37.3,36.25,37.3,35.11,15099.25,54180610.0,5.9754,-1.0914,-0.4,3.7592186969621966,趣睡科技
2026-07-24,301336,36.1,34.9,36.41,34.83,12682.62,44795125.0,4.3586,-3.7241,-1.35,3.1575569800133576,趣睡科技
2026-07-27,301336,34.5,35.54,35.83,34.5,7119.9,25249498.0,3.8109,1.8338,0.64,1.772621898471854,趣睡科技
2026-07-28,301336,35.4,35.34,36.18,34.83,6839.8,24310346.0,3.7985,-0.5627,-0.2,1.7028861727226206,趣睡科技
2026-07-29,301336,34.95,37.21,37.99,34.95,15347.66,56550107.0,8.6022,5.2915,1.87,3.8210646506693258,趣睡科技
2026-07-30,301336,37.68,36.6,38.29,36.12,12509.1,46512232.0,5.8318,-1.6393,-0.61,3.114356183397838,趣睡科技
2026-07-31,301336,37.6,38.76,39.18,36.61,13028.47,49675829.0,7.0219,5.9016,2.16,3.243662302221042,趣睡科技
2026-08-03,301336,38.76,40.01,40.63,38.76,10877.17,43591127.0,4.8246,3.225,1.25,2.70805906479039,趣睡科技
2026-08-04,301336,40.31,40.02,40.76,39.77,6652.9,26711057.0,2.4744,0.025,0.01,1.6563541943487123,趣睡科技
2026-08-05,301336,40.06,39.49,40.17,39.21,6841.18,27153935.0,2.3988,-1.3243,-0.53,1.7032297475228133,趣睡科技
2026-08-06,301336,39.32,39.62,39.95,39.0,6121.9,24154358.0,2.4057,0.3292,0.13,1.5241525864485235,趣睡科技
2026-08-07,301336,39.78,39.92,39.98,38.51,7287.11,28644465.0,3.7102,0.7572,0.3,1.814251711761855,趣睡科技
2026-08-10,301336,39.66,45.49,45.92,39.2,38046.54,163197692.0,16.8337,13.9529,5.57,9.47234230327467,趣睡科技
2026-08-11,301336,44.7,45.7,46.46,44.0,28693.45,130905097.0,5.4078,0.4616,0.21,7.14372923955494,趣睡科技
2026-08-12,301336,45.8,46.14,46.3,44.71,18613.59,84605016.0,3.4792,0.9628,0.44,4.634174250084512,趣睡科技
2026-08-13,301336,46.45,45.4,46.96,45.3,16189.52,74502143.0,3.5977,-1.6038,-0.74,4.030660216821592,趣睡科技
2026-08-14,301336,45.49,43.5,45.81,42.52,28284.09,124130566.0,7.2467,-4.185,-1.9,7.041812007521002,趣睡科技
2026-08-17,301336,43.87,43.77,44.6,43.01,15780.17,69033158.0,3.6552,0.6207,0.27,3.9287454744601185,趣睡科技
2026-08-18,301336,44.5,42.78,44.5,42.57,13293.4,57171571.0,4.4094,-2.2618,-0.99,3.3096211948406222,趣睡科技
2026-08-19,301336,42.24,42.13,42.92,41.14,13287.42,56072096.0,4.1608,-1.5194,-0.65,3.308132370706454,趣睡科技
2026-08-20,301336,42.13,42.28,43.1,41.98,8424.17,35753853.0,2.6584,0.356,0.15,2.097342409085751,趣睡科技
2026-08-21,301336,42.0,42.19,42.54,41.3,7879.8,33005310.0,2.9328,-0.2129,-0.09,1.9618121090996383,趣睡科技
2026-08-24,301336,42.2,40.79,42.48,40.44,10041.2,41174846.0,4.8353,-3.3183,-1.4,2.499929915720106,趣睡科技
2026-06-25,301337,26.83,26.7,28.0,24.91,57766.31,151531105.0,,,,5.667041746702272,亚华电子
2026-06-26,301337,26.01,27.24,27.69,25.81,34466.0,93558694.0,7.0412,2.0225,0.54,3.381214082080723,亚华电子
2026-06-29,301337,27.23,27.8,29.15,27.09,35290.32,98735716.0,7.5624,2.0558,0.56,3.462082253384059,亚华电子
2026-06-30,301337,27.69,27.8,28.27,27.37,21503.0,59835207.0,3.2374,0.0,0.0,2.109506365896298,亚华电子
2026-07-01,301337,27.53,28.03,28.66,27.4,23758.86,66887781.0,4.5324,0.8273,0.23,2.33081274317253,亚华电子
2026-07-02,301337,28.02,28.21,29.56,27.87,33494.0,96370946.0,6.0293,0.6422,0.18,3.2858580765163277,亚华电子
2026-07-03,301337,28.29,29.03,29.33,27.78,30693.52,87989073.0,5.4945,2.9068,0.82,3.011122905258119,亚华电子
2026-07-06,301337,28.95,27.61,29.1,27.6,26316.0,73963864.0,5.1671,-4.8915,-1.42,2.5816755580582695,亚华电子
2026-07-07,301337,27.38,26.74,28.3,26.62,18219.0,49262737.0,6.0848,-3.151,-0.87,1.7873364870141213,亚华电子
2026-07-08,301337,26.74,27.01,27.43,25.92,17944.74,47817726.0,5.647,1.0097,0.27,1.7604307893946858,亚华电子
2026-07-09,301337,26.77,27.17,27.24,26.07,13558.53,36243797.0,4.3317,0.5924,0.16,1.3301309281121672,亚华电子
2026-07-10,301337,27.17,26.15,27.17,26.14,25460.0,67607338.0,3.7909,-3.7541,-1.02,2.497699487314316,亚华电子
2026-07-13,301337,25.95,23.66,26.1,23.55,30435.89,73971969.0,9.7514,-9.522,-2.49,2.985848658639235,亚华电子
2026-07-14,301337,23.87,24.18,24.5,23.03,18742.26,44668570.0,6.213,2.1978,0.52,1.8386698033429543,亚华电子
2026-07-15,301337,24.37,24.6,25.58,23.91,18212.0,45033106.0,6.9065,1.737,0.42,1.7866497668094394,亚华电子
2026-07-16,301337,24.38,24.61,25.05,24.06,14880.0,36504553.0,4.0244,0.0407,0.01,1.4597709493808728,亚华电子
2026-07-17,301337,24.6,23.47,24.8,23.14,21317.01,50989806.0,6.7452,-4.6323,-1.14,2.0912602100579005,亚华电子
2026-07-20,301337,23.5,22.11,24.0,21.8,25261.0,57588690.0,9.3737,-5.7946,-1.36,2.4781770129240743,亚华电子
2026-07-21,301337,22.1,21.71,22.12,20.31,26155.09,55904727.0,8.1863,-1.8091,-0.4,2.565889822610361,亚华电子
2026-07-22,301337,21.71,21.3,22.18,21.26,17400.0,37653103.0,4.2377,-1.8885,-0.41,1.7069902230663434,亚华电子
2026-07-23,301337,21.3,21.51,21.67,20.89,15992.6,34031565.0,3.662,0.9859,0.21,1.5689202207707358,亚华电子
2026-07-24,301337,21.09,21.01,21.4,20.58,13315.97,27964630.0,3.8122,-2.3245,-0.5,1.3063350919910768,亚华电子
2026-07-27,301337,21.05,21.92,22.37,20.76,17793.79,38953046.0,7.663,4.3313,0.91,1.7456221586951532,亚华电子
2026-07-28,301337,21.71,22.15,22.5,21.71,13481.24,29763707.0,3.604,1.0493,0.23,1.3225485560236154,亚华电子
2026-07-29,301337,21.93,22.46,23.0,21.9,18103.0,40816944.0,4.9661,1.3995,0.31,1.775956552193679,亚华电子
2026-07-30,301337,22.35,21.83,22.64,21.64,17214.24,38040467.0,4.4524,-2.805,-0.63,1.6887666308918143,亚华电子
2026-07-31,301337,21.87,23.07,23.14,21.87,19304.17,44005099.0,5.8177,5.6803,1.24,1.893794796230495,亚华电子
2026-08-03,301337,23.3,23.45,23.9,23.01,12594.0,29568349.0,3.8578,1.6472,0.38,1.2355077511090533,亚华电子
2026-08-04,301337,23.89,25.1,25.2,23.72,28469.58,70318317.0,6.3113,7.0362,1.65,2.792947972115236,亚华电子
2026-08-05,301337,25.11,25.2,25.85,24.51,23050.29,58545748.0,5.3386,0.3984,0.1,2.2612999809680403,亚华电子
2026-08-06,301337,25.39,24.96,26.27,24.81,18179.0,46191137.0,5.7937,-0.9524,-0.24,1.7834123715587964,亚华电子
2026-08-07,301337,24.85,24.8,25.05,24.25,12007.0,29649381.0,3.2051,-0.641,-0.16,1.17792135680216,亚华电子
2026-08-10,301337,24.97,25.21,25.53,24.51,11753.24,29564768.0,4.1129,1.6532,0.41,1.1530267683535786,亚华电子
2026-08-11,301337,25.07,25.91,26.3,24.77,18148.0,46517604.0,6.069,2.7767,0.7,1.7803711820809194,亚华电子
2026-08-12,301337,26.0,25.88,26.68,25.83,13633.1,35639372.0,3.2806,-0.1158,-0.03,1.3374464603497564,亚华电子
2026-08-13,301337,25.72,25.71,26.46,25.7,10740.45,28028358.0,2.9366,-0.6569,-0.17,1.0536691460536154,亚华电子
2026-08-14,301337,26.18,26.35,26.55,25.63,13950.13,36484084.0,3.5784,2.4893,0.64,1.3685480184197982,亚华电子
2026-08-17,301337,26.35,26.26,26.35,25.85,9742.09,25430197.0,1.8975,-0.3416,-0.09,0.9557271484041605,亚华电子
2026-08-18,301337,26.11,26.22,26.34,25.56,15656.0,40476715.0,2.9703,-0.1523,-0.04,1.5358987892141764,亚华电子
2026-08-19,301337,25.81,25.33,25.96,25.12,13129.0,33402264.0,3.2037,-3.3944,-0.89,1.2879927953240242,亚华电子
2026-08-20,301337,25.22,26.68,26.82,25.22,24507.0,64629164.0,6.3166,5.3296,1.35,2.4042074365912,亚华电子
2026-08-21,301337,26.12,26.38,26.56,25.7,12500.42,32728475.0,3.2234,-1.1244,-0.3,1.2263272830013205,亚华电子
2026-08-24,301337,26.18,25.73,26.59,25.42,9968.0,25675907.0,4.4352,-2.464,-0.65,0.9778895714669719,亚华电子
2026-06-25,301338,167.18,172.65,175.73,166.0,104651.04,1800782866.0,,,,9.64214677293039,凯格精机
2026-06-26,301338,167.92,156.66,171.57,156.58,75692.46,1226118893.0,8.6823,-9.2615,-15.99,6.974013912562768,凯格精机
2026-06-29,301338,156.65,152.8,163.78,145.38,69641.87,1077590127.0,11.7452,-2.4639,-3.86,6.416535679734647,凯格精机
2026-06-30,301338,151.03,162.89,166.5,150.15,67511.75,1081743175.0,10.7003,6.6034,10.09,6.220274565808265,凯格精机
2026-07-01,301338,161.6,167.7,176.13,161.6,90876.1,1542270021.0,8.9201,2.9529,4.81,8.372976459206708,凯格精机
2026-07-02,301338,161.5,157.42,169.49,156.2,58986.46,953070557.0,7.9249,-6.13,-10.28,5.434786935090063,凯格精机
2026-07-03,301338,157.67,157.0,163.19,152.3,51829.82,816683671.0,6.9178,-0.2668,-0.42,4.775401483392454,凯格精机
2026-07-06,301338,159.13,138.7,161.82,136.49,77978.24,1129653350.0,16.1338,-11.6561,-18.3,7.184616943843,凯格精机
2026-07-07,301338,138.7,131.09,139.99,127.01,62529.43,829666014.0,9.3583,-5.4867,-7.61,5.761222647072373,凯格精机
2026-07-08,301338,132.75,125.9,133.7,124.58,37811.86,484662406.0,6.9571,-3.9591,-5.19,3.4838402358686142,凯格精机
2026-07-09,301338,128.68,130.24,130.9,121.38,50381.44,636630043.0,7.5616,3.4472,4.34,4.641953286958124,凯格精机
2026-07-10,301338,132.01,122.62,136.18,116.96,54427.49,707713160.0,14.7574,-5.8507,-7.62,5.014740867001428,凯格精机
2026-07-13,301338,122.0,114.73,125.45,114.24,50974.93,606773433.0,9.1421,-6.4345,-7.89,4.696635186806099,凯格精机
2026-07-14,301338,115.53,119.73,119.94,112.57,40905.47,475991071.0,6.4238,4.3581,5.0,3.7688736352328744,凯格精机
2026-07-15,301338,121.0,112.23,122.0,111.35,39391.28,453848574.0,8.895,-6.2641,-7.5,3.629361956972405,凯格精机
2026-07-16,301338,111.1,107.89,114.8,106.95,41818.12,461116028.0,6.9946,-3.8671,-4.34,3.852961717418344,凯格精机
2026-07-17,301338,106.99,96.18,108.28,95.0,55080.71,553464659.0,12.3088,-10.8536,-11.71,5.074926060717741,凯格精机
2026-07-20,301338,99.0,85.89,100.99,83.31,61619.46,562013894.0,18.3822,-10.6987,-10.29,5.677381489841986,凯格精机
2026-07-21,301338,88.0,98.01,98.39,76.59,86037.67,757404439.0,25.3813,14.1111,12.12,7.927182015018197,凯格精机
2026-07-22,301338,97.89,93.9,99.5,93.1,54147.21,522151443.0,6.5299,-4.1934,-4.11,4.988916939236191,凯格精机
2026-07-23,301338,95.1,93.83,97.78,92.98,38417.96,364921517.0,5.1118,-0.0745,-0.07,3.539683972911964,凯格精机
2026-07-24,301338,91.91,91.89,94.74,89.77,33325.79,308194359.0,5.2968,-2.0676,-1.94,3.070510895102962,凯格精机
2026-07-27,301338,92.51,94.56,95.2,89.81,36437.99,338928572.0,5.8657,2.9056,2.67,3.357257106002672,凯格精机
2026-07-28,301338,92.6,87.03,94.45,86.27,37609.23,337730563.0,8.6506,-7.9632,-7.53,3.4651706822683925,凯格精机
2026-07-29,301338,86.96,84.17,87.84,79.31,53736.03,448630944.0,9.8012,-3.2862,-2.86,4.95103238586631,凯格精机
2026-07-30,301338,83.99,74.29,85.1,72.91,70832.42,543872665.0,14.4826,-11.7381,-9.88,6.526228405583452,凯格精机
2026-07-31,301338,79.91,78.33,85.12,78.2,61550.63,502359182.0,9.3148,5.4381,4.04,5.671039756760492,凯格精机
2026-08-03,301338,79.48,76.95,80.79,76.01,52735.39,409515175.0,6.1024,-1.7618,-1.38,4.858837241442853,凯格精机
2026-08-04,301338,77.37,84.75,85.75,77.02,62295.17,511420746.0,11.345,10.1365,7.8,5.739638826185101,凯格精机
2026-08-05,301338,83.22,90.5,91.8,82.9,60444.56,533000656.0,10.5015,6.7847,5.75,5.569130695167457,凯格精机
2026-08-06,301338,88.86,95.14,95.5,88.07,78546.37,730931906.0,8.2099,5.1271,4.64,7.236962270235408,凯格精机
2026-08-07,301338,95.9,102.3,102.85,94.3,73682.44,732765958.0,8.9868,7.5258,7.16,6.788818353526513,凯格精机
2026-08-10,301338,103.0,98.59,103.83,96.2,68872.86,681410499.0,7.4585,-3.6266,-3.71,6.345682038052241,凯格精机
2026-08-11,301338,97.9,97.31,100.0,95.63,39254.65,384202728.0,4.4325,-1.2983,-1.28,3.6167733910720044,凯格精机
2026-08-12,301338,97.44,100.6,103.79,96.35,47952.47,481395899.0,7.6457,3.3809,3.29,4.4181572764545995,凯格精机
2026-08-13,301338,102.45,98.6,104.74,98.45,57434.61,585557679.0,6.2525,-1.9881,-2.0,5.291805408393606,凯格精机
2026-08-14,301338,99.88,100.92,101.38,98.2,36933.23,369211991.0,3.2252,2.3529,2.32,3.4028866264338693,凯格精机
2026-08-17,301338,102.06,106.84,107.2,101.6,51045.88,535165968.0,5.5489,5.866,5.92,4.703172248583407,凯格精机
2026-08-18,301338,108.88,105.91,108.88,103.0,46013.02,486890312.0,5.5036,-0.8705,-0.93,4.239463767448289,凯格精机
2026-08-19,301338,102.14,94.93,103.75,94.14,59903.69,590082898.0,9.0737,-10.3673,-10.98,5.51929700096743,凯格精机
2026-08-20,301338,97.0,96.66,99.18,95.26,43862.31,425457845.0,4.1294,1.8224,1.73,4.041305569631916,凯格精机
2026-08-21,301338,96.0,101.51,102.3,93.81,63428.89,631836766.0,8.7834,5.0176,4.85,5.844095453079651,凯格精机
2026-08-24,301338,102.1,97.5,102.36,93.88,58970.98,575142875.0,8.3539,-3.9503,-4.01,5.433360667065924,凯格精机
2026-06-25,301339,10.77,10.56,10.87,10.51,35230.6,37435725.0,,,,0.6182976482976483,通行宝
2026-06-26,301339,10.55,10.28,10.55,10.26,33772.2,34979187.0,2.7462,-2.6515,-0.28,0.5927027027027026,通行宝
2026-06-29,301339,10.35,10.25,10.38,10.0,35910.4,36640529.0,3.6965,-0.2918,-0.03,0.6302281502281503,通行宝
2026-06-30,301339,10.25,10.23,10.36,10.06,26407.46,27043698.0,2.9268,-0.1951,-0.02,0.4634513864513865,通行宝
2026-07-01,301339,10.26,10.38,10.53,10.14,40504.65,41999064.0,3.8123,1.4663,0.15,0.7108573183573184,通行宝
2026-07-02,301339,10.47,10.23,10.58,10.17,40576.53,42033036.0,3.9499,-1.4451,-0.15,0.7121188136188136,通行宝
2026-07-03,301339,10.23,10.38,10.42,10.2,38480.33,39769515.0,2.1505,1.4663,0.15,0.6753304668304668,通行宝
2026-07-06,301339,10.4,10.31,10.44,10.22,35500.2,36620177.0,2.1195,-0.6744,-0.07,0.6230291330291331,通行宝
2026-07-07,301339,10.22,10.07,10.29,10.05,37889.72,38406251.0,2.3278,-2.3278,-0.24,0.6649652509652509,通行宝
2026-07-08,301339,10.13,10.32,10.35,10.01,39907.4,40799282.0,3.3764,2.4826,0.25,0.7003755703755703,通行宝
2026-07-09,301339,10.22,10.2,10.32,10.05,35989.39,36539913.0,2.6163,-1.1628,-0.12,0.6316144261144261,通行宝
2026-07-10,301339,10.16,10.3,10.53,10.02,42116.75,43613610.0,5.0,0.9804,0.1,0.7391497016497017,通行宝
2026-07-13,301339,10.3,9.99,10.39,9.99,44583.8,45095913.0,3.8835,-3.0097,-0.31,0.7824464724464724,通行宝
2026-07-14,301339,10.03,10.1,10.18,9.91,33885.32,34005018.0,2.7027,1.1011,0.11,0.5946879606879607,通行宝
2026-07-15,301339,10.04,10.3,10.35,10.0,39785.66,40799272.0,3.4653,1.9802,0.2,0.6982390312390312,通行宝
2026-07-16,301339,10.26,10.35,10.47,10.16,46480.27,48103489.0,3.0097,0.4854,0.05,0.8157295542295542,通行宝
2026-07-17,301339,10.35,10.11,10.69,10.07,64259.68,66493002.0,5.9903,-2.3188,-0.24,1.1277585117585118,通行宝
2026-07-20,301339,10.2,10.44,10.46,10.13,66740.76,68970651.0,3.2641,3.2641,0.33,1.1713015093015093,通行宝
2026-07-21,301339,10.37,10.49,10.65,10.3,68824.05,71866261.0,3.3525,0.4789,0.05,1.2078632853632854,通行宝
2026-07-22,301339,10.39,10.26,10.44,10.1,61858.44,63516090.0,3.2412,-2.1926,-0.23,1.0856167076167076,通行宝
2026-07-23,301339,10.15,10.55,10.55,10.15,67440.91,70376889.0,3.8986,2.8265,0.29,1.183589154089154,通行宝
2026-07-24,301339,10.45,10.64,10.77,10.31,78307.94,82644085.0,4.3602,0.8531,0.09,1.3743057213057215,通行宝
2026-07-27,301339,10.7,10.84,10.92,10.59,82173.6,88755311.0,3.1015,1.8797,0.2,1.4421481221481223,通行宝
2026-07-28,301339,10.76,10.79,10.85,10.61,58670.6,63166256.0,2.214,-0.4613,-0.05,1.0296700596700599,通行宝
2026-07-29,301339,10.75,10.9,10.99,10.74,56069.8,61040305.0,2.317,1.0195,0.11,0.9840259740259739,通行宝
2026-07-30,301339,10.88,11.05,11.15,10.86,66426.31,73421812.0,2.6606,1.3761,0.15,1.1657829062829064,通行宝
2026-07-31,301339,11.05,11.58,11.6,11.01,97017.7,110127972.0,5.3394,4.7964,0.53,1.7026623376623375,通行宝
2026-08-03,301339,11.67,11.37,11.92,11.29,82343.49,93975347.0,5.4404,-1.8135,-0.21,1.4451296946296945,通行宝
2026-08-04,301339,11.36,11.53,11.71,11.36,62777.8,72666692.0,3.0783,1.4072,0.16,1.1017514917514917,通行宝
2026-08-05,301339,11.53,11.5,11.75,11.43,59899.09,69429935.0,2.7754,-0.2602,-0.03,1.0512300807300807,通行宝
2026-08-06,301339,11.37,11.37,11.64,11.29,56569.68,64582660.0,3.0435,-1.1304,-0.13,0.9927988767988769,通行宝
2026-08-07,301339,11.38,11.7,11.81,11.09,104756.0,119685957.0,6.3325,2.9024,0.33,1.8274442229590668,通行宝
2026-08-10,301339,11.68,11.86,12.26,11.57,101694.8,121141519.0,5.8974,1.3675,0.16,1.7740422960496556,通行宝
2026-08-11,301339,11.8,11.73,11.93,11.63,50068.75,58928622.0,2.5295,-1.0961,-0.13,0.8734377786311216,通行宝
2026-08-12,301339,11.71,11.55,11.82,11.53,40793.35,47390240.0,2.4723,-1.5345,-0.18,0.7116305681072898,通行宝
2026-08-13,301339,11.55,11.37,11.65,11.34,35123.4,40328976.0,2.684,-1.5584,-0.18,0.6127196000294063,通行宝
2026-08-14,301339,11.38,11.33,11.48,11.2,38012.8,43057231.0,2.4626,-0.3518,-0.04,0.6631245156220017,通行宝
2026-08-17,301339,11.36,11.39,11.57,11.26,33584.88,38313729.0,2.7361,0.5296,0.06,0.5858804740041,通行宝
2026-08-18,301339,11.36,11.16,11.37,11.05,38233.8,42689702.0,2.8095,-2.0193,-0.23,0.6669798095743668,通行宝
2026-08-19,301339,11.06,10.84,11.14,10.7,48348.38,52816364.0,3.9427,-2.8674,-0.32,0.8434263213603963,通行宝
2026-08-20,301339,10.9,10.93,11.03,10.81,26209.08,28702093.0,2.0295,0.8303,0.09,0.4572113467015924,通行宝
2026-08-21,301339,10.91,10.95,10.98,10.75,26492.93,28769263.0,2.1043,0.183,0.02,0.46216304438656447,通行宝
2026-08-24,301339,10.99,10.87,11.08,10.82,22356.03,24399823.0,2.3744,-0.7306,-0.08,0.389995779447474,通行宝
2026-06-25,301345,215.04,218.87,221.58,212.45,12400.33,270698525.0,,,,3.5399226707343483,涛涛车业
2026-06-26,301345,217.99,227.83,229.98,217.0,21668.26,488029001.0,5.9305,4.0938,8.96,6.185638995846583,涛涛车业
2026-06-29,301345,223.27,230.63,230.75,219.08,16364.84,370697868.0,5.1222,1.229,2.8,4.671671489302325,涛涛车业
2026-06-30,301345,229.0,231.0,236.33,225.88,17614.93,406073183.0,4.5311,0.1604,0.37,5.028534728543401,涛涛车业
2026-07-01,301345,227.0,227.99,231.02,223.33,11347.01,257514759.0,3.329,-1.303,-3.01,3.2392313707820164,涛涛车业
2026-07-02,301345,224.0,223.3,229.78,222.05,13298.89,299714760.0,3.3905,-2.0571,-4.69,3.796434627675418,涛涛车业
2026-07-03,301345,232.0,231.01,237.0,213.5,26839.0,603727343.0,10.524,3.4528,7.71,7.661730337808685,涛涛车业
2026-07-06,301345,231.39,258.02,258.15,230.51,44733.44,1108042938.0,11.9649,11.6921,27.01,12.77005679654773,涛涛车业
2026-07-07,301345,251.15,248.26,259.8,245.87,27409.0,691611226.0,5.3988,-3.7827,-9.76,7.824448259212276,涛涛车业
2026-07-08,301345,247.0,267.7,286.0,240.0,44993.28,1158256482.0,18.529,7.8305,19.44,12.844233331104766,涛涛车业
2026-07-09,301345,262.38,271.93,274.99,257.78,28231.22,746394197.0,6.4288,1.5801,4.23,8.059167433486767,涛涛车业
2026-07-10,301345,263.86,258.0,276.27,258.0,20351.82,536593505.0,6.7186,-5.1226,-13.93,5.809834819614053,涛涛车业
2026-07-13,301345,254.99,240.2,257.9,237.08,23437.31,577562263.0,8.0698,-6.8992,-17.8,6.6906497657746895,涛涛车业
2026-07-14,301345,240.93,257.0,257.74,238.02,18695.01,468572394.0,8.2098,6.9942,16.8,5.336865206700576,涛涛车业
2026-07-15,301345,265.0,266.12,273.11,253.0,19811.05,520308489.0,7.8249,3.5486,9.12,5.655461187408053,涛涛车业
2026-07-16,301345,261.32,265.98,269.99,257.47,16816.09,446569460.0,4.7046,-0.0526,-0.14,4.800489843746833,涛涛车业
2026-07-17,301345,261.9,242.31,267.4,242.01,17865.24,451980754.0,9.5458,-8.8992,-23.67,5.0999907336425805,涛涛车业
2026-07-20,301345,244.99,239.84,257.99,232.95,19442.05,470562135.0,10.3339,-1.0194,-2.47,5.550122743552046,涛涛车业
2026-07-21,301345,240.1,251.0,254.0,230.26,19360.0,468539630.0,9.8983,4.6531,11.16,5.526699926971055,涛涛车业
2026-07-22,301345,255.51,245.0,261.99,242.08,19147.55,478454551.0,7.9323,-2.3904,-6.0,5.466051817493524,涛涛车业
2026-07-23,301345,260.01,235.99,265.68,233.0,18177.2,439646472.0,13.3388,-3.6776,-9.01,5.189045966556728,涛涛车业
2026-07-24,301345,233.0,256.9,258.86,233.0,23187.75,583220025.0,10.9581,8.8605,20.91,6.619407863203672,涛涛车业
2026-07-27,301345,255.01,260.0,260.99,249.2,16117.7,410613294.0,4.5893,1.2067,3.1,4.601120424222178,涛涛车业
2026-07-28,301345,256.03,240.73,256.48,239.0,14021.49,346044496.0,6.7231,-7.4115,-19.27,4.0027152768091625,涛涛车业
2026-07-29,301345,240.49,242.3,245.0,235.02,14093.01,337143917.0,4.1457,0.6522,1.57,4.02313209389475,涛涛车业
2026-07-30,301345,238.0,226.3,241.58,215.0,18753.49,424389593.0,10.9699,-6.6034,-16.0,5.353559494496509,涛涛车业
2026-07-31,301345,237.62,253.0,262.0,233.01,28131.42,705051579.0,12.8104,11.7985,26.7,8.03067752373926,涛涛车业
2026-08-03,301345,252.02,248.5,255.0,246.69,12250.43,306817155.0,3.2846,-1.7787,-4.5,3.4971307121055797,涛涛车业
2026-08-04,301345,248.51,246.5,250.8,243.97,10626.04,261805630.0,2.7485,-0.8048,-2.0,3.0334160378094785,涛涛车业
2026-08-05,301345,246.5,246.48,249.99,244.02,11583.09,285928620.0,2.4219,-0.0081,-0.02,3.3066251372468574,涛涛车业
2026-08-06,301345,244.15,252.67,254.2,229.11,24986.0,599298198.0,10.1793,2.5114,6.19,7.132754358228242,涛涛车业
2026-08-07,301345,250.49,253.73,256.2,248.0,15834.0,401097352.0,3.2453,0.4195,1.06,4.520132574569199,涛涛车业
2026-08-10,301345,253.8,260.55,273.89,252.5,18608.21,486611641.0,8.4302,2.6879,6.82,5.312086407441222,涛涛车业
2026-08-11,301345,259.29,254.9,262.99,253.04,10869.0,279328706.0,3.8188,-2.1685,-5.65,3.102773838132665,涛涛车业
2026-08-12,301345,252.99,250.96,258.9,248.4,10187.0,257081307.0,4.1193,-1.5457,-3.94,2.9080832725234576,涛涛车业
2026-08-13,301345,250.96,255.93,262.0,248.53,15183.73,392003785.0,5.3674,1.9804,4.97,4.334499973251457,涛涛车业
2026-08-14,301345,254.0,254.57,257.75,246.02,9703.18,245291198.0,4.5833,-0.5314,-1.36,2.76996715895594,涛涛车业
2026-08-17,301345,254.57,270.99,272.5,254.01,18247.74,481325159.0,7.2632,6.4501,16.42,5.209183023005517,涛涛车业
2026-08-18,301345,272.42,270.69,272.84,261.02,11489.0,306182218.0,4.3618,-0.1107,-0.3,3.2797652614137625,涛涛车业
2026-08-19,301345,265.0,255.58,268.39,253.51,12134.61,315331832.0,5.4971,-5.582,-15.11,3.4640675723565204,涛涛车业
2026-08-20,301345,255.99,250.1,259.0,248.47,7417.93,187810560.0,4.12,-2.1441,-5.48,2.117596755644442,涛涛车业
2026-08-21,301345,248.0,250.17,251.25,243.3,7101.04,175511221.0,3.1787,0.028,0.07,2.0271341554451725,涛涛车业
2026-08-24,301345,249.25,242.79,249.26,237.0,8449.09,204019026.0,4.9007,-2.95,-7.38,2.4119620395646626,涛涛车业
2026-06-25,301348,30.48,29.83,30.8,29.27,237118.1,711387309.0,,,,15.284218777786544,蓝箭电子
2026-06-26,301348,29.3,30.89,31.46,28.8,275188.79,834361077.0,8.9172,3.5535,1.06,17.738188993393408,蓝箭电子
2026-06-29,301348,31.06,31.76,32.49,28.98,291858.69,913162248.0,11.3629,2.8164,0.87,18.812701645965372,蓝箭电子
2026-06-30,301348,32.12,31.58,32.26,30.6,258767.51,812049201.0,5.2267,-0.5668,-0.18,16.679701951993824,蓝箭电子
2026-07-01,301348,30.99,29.45,31.38,29.08,284152.06,859185865.0,7.2831,-6.7448,-2.13,18.315945729991633,蓝箭电子
2026-07-02,301348,28.53,28.39,29.67,27.38,203713.57,584757597.0,7.7759,-3.5993,-1.06,13.131021089844822,蓝箭电子
2026-07-03,301348,27.68,26.8,27.99,26.5,195930.69,532892533.0,5.2483,-5.6006,-1.59,12.62935023198429,蓝箭电子
2026-07-06,301348,27.07,26.31,27.85,25.57,160682.74,427628734.0,8.5075,-1.8284,-0.49,10.357328908987517,蓝箭电子
2026-07-07,301348,26.08,26.45,27.0,25.94,139110.29,369764960.0,4.0289,0.5321,0.14,8.966806442027545,蓝箭电子
2026-07-08,301348,26.3,25.6,26.93,24.68,142765.42,365814775.0,8.5066,-3.2136,-0.85,9.202409740895286,蓝箭电子
2026-07-09,301348,25.82,28.19,28.49,25.54,234119.99,631922882.0,11.5234,10.1172,2.59,15.090965841128105,蓝箭电子
2026-07-10,301348,28.12,27.34,29.2,27.2,236711.26,673611211.0,7.0947,-3.0153,-0.85,15.257994581626255,蓝箭电子
2026-07-13,301348,27.0,25.46,27.41,25.29,165103.95,433967148.0,7.7542,-6.8764,-1.88,10.64231238727339,蓝箭电子
2026-07-14,301348,25.11,24.92,25.58,23.5,150821.59,371917811.0,8.1697,-2.121,-0.54,9.721696395060619,蓝箭电子
2026-07-15,301348,25.0,23.33,25.19,23.23,137818.97,328521212.0,7.8652,-6.3804,-1.59,8.88357020914557,蓝箭电子
2026-07-16,301348,22.68,21.47,23.19,21.36,182282.42,405447550.0,7.844,-7.9726,-1.86,11.749606574210798,蓝箭电子
2026-07-17,301348,21.25,19.21,21.7,19.12,161831.0,327530531.0,12.0168,-10.5263,-2.26,10.431343744016058,蓝箭电子
2026-07-20,301348,19.68,17.83,19.78,17.31,146582.63,271143331.0,12.8579,-7.1838,-1.38,9.448460433612352,蓝箭电子
2026-07-21,301348,17.93,19.0,19.15,16.45,174545.86,312776812.0,15.143,6.562,1.17,11.250921422687265,蓝箭电子
2026-07-22,301348,18.5,18.48,19.29,18.36,133706.68,251731529.0,4.8947,-2.7368,-0.52,8.618499174763532,蓝箭电子
2026-07-23,301348,18.47,18.45,18.63,17.89,95704.86,174682853.0,4.0043,-0.1623,-0.03,6.168968199127069,蓝箭电子
2026-07-24,301348,18.08,18.13,18.66,17.92,81676.58,149359407.0,4.0108,-1.7344,-0.32,5.264729760154896,蓝箭电子
2026-07-27,301348,18.0,18.58,18.61,17.61,85163.31,155611749.0,5.5157,2.4821,0.45,5.470899172471937,蓝箭电子
2026-07-28,301348,18.34,18.04,18.75,17.93,88103.11,161987776.0,4.4133,-2.9064,-0.54,5.6597522053946,蓝箭电子
2026-07-29,301348,17.9,18.15,18.18,17.37,103642.4,184070089.0,4.49,0.6098,0.11,6.657997679904709,蓝箭电子
2026-07-30,301348,17.91,17.37,18.1,17.21,94733.7,167300793.0,4.9036,-4.2975,-0.78,6.08570194060335,蓝箭电子
2026-07-31,301348,18.37,18.09,18.76,18.08,134954.47,248139387.0,3.9148,4.1451,0.72,8.669488048836863,蓝箭电子
2026-08-03,301348,18.05,18.46,18.46,17.83,91839.87,166778730.0,3.4826,2.0453,0.37,5.899802024873508,蓝箭电子
2026-08-04,301348,18.66,19.14,19.23,18.49,120453.0,228347104.0,4.0087,3.6836,0.68,7.737912230299202,蓝箭电子
2026-08-05,301348,18.9,19.75,19.84,18.88,137676.44,268938580.0,5.0157,3.187,0.61,8.844347661744035,蓝箭电子
2026-08-06,301348,19.3,19.86,20.12,19.21,132975.39,262146345.0,4.6076,0.557,0.11,8.54235176051909,蓝箭电子
2026-08-07,301348,19.85,20.55,20.55,19.61,135384.18,273470462.0,4.7331,3.4743,0.69,8.697092660299274,蓝箭电子
2026-08-10,301348,20.59,20.64,20.68,20.13,89523.4,182507367.0,2.6764,0.438,0.09,4.627044478892472,蓝箭电子
2026-08-11,301348,20.55,20.39,20.71,20.27,59420.35,121684482.0,2.1318,-1.2112,-0.25,3.0711590757428597,蓝箭电子
2026-08-12,301348,20.47,20.71,20.75,20.4,62248.11,128467498.0,1.7165,1.5694,0.32,3.2173127215565014,蓝箭电子
2026-08-13,301348,20.89,20.15,21.05,20.14,87140.67,179821013.0,4.394,-2.704,-0.56,4.50389234558217,蓝箭电子
2026-08-14,301348,20.83,22.47,23.8,20.56,311206.04,695785315.0,16.0794,11.5136,2.32,16.084779947812414,蓝箭电子
2026-08-17,301348,22.28,22.37,22.6,21.76,209336.67,463720287.0,3.7383,-0.445,-0.1,10.819630210126462,蓝箭电子
2026-08-18,301348,22.28,22.16,22.99,21.6,150672.77,335555143.0,6.2137,-0.9388,-0.21,7.787568485423201,蓝箭电子
2026-08-19,301348,21.51,20.8,21.96,20.72,124830.1,265505735.0,5.5957,-6.1372,-1.36,6.45188213366109,蓝箭电子
2026-08-20,301348,21.15,20.79,21.36,20.61,85796.99,179731652.0,3.6058,-0.0481,-0.01,4.434443831278667,蓝箭电子
2026-08-21,301348,20.5,20.85,20.94,20.34,66456.67,137918792.0,2.886,0.2886,0.06,3.4348334402969387,蓝箭电子
2026-08-24,301348,20.84,20.55,20.88,20.07,61049.52,124862462.0,3.8849,-1.4388,-0.3,3.155363228552932,蓝箭电子
2026-06-25,301349,59.42,63.0,64.1,58.43,81707.9,498158624.0,,,,7.261881250996469,信德新材
2026-06-26,301349,63.04,75.6,75.6,63.04,156886.75,1111131259.0,19.9365,20.0,12.6,13.94348586066672,信德新材
2026-06-29,301349,77.49,74.55,81.66,69.55,159116.11,1177031352.0,16.0185,-1.3889,-1.05,14.141622730978176,信德新材
2026-06-30,301349,74.61,73.6,75.5,71.88,94210.68,689960354.0,4.8558,-1.2743,-0.95,8.373079845836546,信德新材
2026-07-01,301349,73.71,72.79,74.04,70.99,87064.51,631331071.0,4.144,-1.1005,-0.81,7.737955972386936,信德新材
2026-07-02,301349,67.02,69.0,73.39,67.02,71852.17,505032317.0,8.7512,-5.2068,-3.79,6.385942193672961,信德新材
2026-07-03,301349,69.11,65.07,70.0,64.54,66386.77,445632928.0,7.913,-5.6957,-3.93,5.900198639020398,信德新材
2026-07-06,301349,65.07,61.51,66.99,52.06,74729.66,471731911.0,22.9445,-5.471,-3.56,6.6416823446366955,信德新材
2026-07-07,301349,61.93,58.05,61.93,57.83,50474.8,300076459.0,6.6656,-5.6251,-3.46,4.486004459394949,信德新材
2026-07-08,301349,58.51,53.53,59.15,53.46,53684.8,297030819.0,9.8019,-7.7864,-4.52,4.7712968095312105,信德新材
2026-07-09,301349,54.0,52.5,54.0,49.66,50431.79,260286493.0,8.1076,-1.9242,-1.03,4.482181897407609,信德新材
2026-07-10,301349,52.49,50.73,53.9,50.62,51649.46,269950224.0,6.2476,-3.3714,-1.77,4.5904036843205125,信德新材
2026-07-13,301349,51.9,46.31,53.55,45.89,83606.17,407316255.0,15.0995,-8.7128,-4.42,7.430592126227982,信德新材
2026-07-14,301349,46.62,48.61,49.85,46.3,70871.12,339230567.0,7.6657,4.9665,2.3,6.298750274638325,信德新材
2026-07-15,301349,48.84,47.2,49.85,46.67,42326.53,202579764.0,6.5419,-2.9006,-1.41,3.761817824552333,信德新材
2026-07-16,301349,46.58,44.64,47.08,44.06,45349.3,205562336.0,6.3983,-5.4237,-2.56,4.0304698984530765,信德新材
2026-07-17,301349,44.65,40.7,44.85,40.29,56046.57,236899585.0,10.2151,-8.8262,-3.94,4.9812017670954845,信德新材
2026-07-20,301349,42.33,36.6,42.94,35.7,72317.69,278844648.0,17.7887,-10.0737,-4.1,6.427315805771226,信德新材
2026-07-21,301349,37.0,39.25,39.25,33.22,79732.32,291256701.0,16.4754,7.2404,2.65,7.086299362808868,信德新材
2026-07-22,301349,38.61,37.99,39.58,37.44,56679.28,217605380.0,5.4522,-3.2102,-1.26,5.0374345779536505,信德新材
2026-07-23,301349,38.45,40.31,40.55,38.45,61447.01,243064326.0,5.5278,6.1069,2.32,5.461171928892952,信德新材
2026-07-24,301349,40.73,38.43,40.93,38.18,45969.7,180991571.0,6.8221,-4.6639,-1.88,4.085608644255113,信德新材
2026-07-27,301349,38.47,41.4,41.46,38.31,47321.92,188816458.0,8.1967,7.7283,2.97,4.205788713320924,信德新材
2026-07-28,301349,41.05,39.17,41.66,38.7,43914.6,175144102.0,7.1498,-5.3865,-2.23,3.902959326882829,信德新材
2026-07-29,301349,39.0,38.5,39.18,37.22,50837.15,194133928.0,5.0038,-1.7105,-0.67,4.518208722034162,信德新材
2026-07-30,301349,37.89,35.52,40.88,35.5,54328.96,203103036.0,13.974,-7.7403,-2.98,4.828547251980984,信德新材
2026-07-31,301349,37.48,37.17,39.58,36.53,59317.3,226302554.0,8.5867,4.6453,1.65,5.271891564092735,信德新材
2026-08-03,301349,37.91,36.81,37.92,36.31,54244.0,200361458.0,4.3315,-0.9685,-0.36,4.820996336695135,信德新材
2026-08-04,301349,37.11,38.7,39.02,36.51,49244.51,187757786.0,6.8188,5.1345,1.89,4.3766610558282375,信德新材
2026-08-05,301349,38.9,41.94,42.3,38.25,68786.06,282113315.0,10.4651,8.3721,3.24,6.113438228664769,信德新材
2026-08-06,301349,41.29,42.2,42.68,40.88,44976.0,188550792.0,4.2918,0.6199,0.26,3.9972924422830243,信德新材
2026-08-07,301349,42.54,43.2,43.28,41.2,44900.0,191828168.0,4.9289,2.3697,1.0,3.990537857046154,信德新材
2026-08-10,301349,43.38,43.07,43.49,42.2,40457.2,173187940.0,2.9861,-0.3009,-0.13,3.5956790242781214,信德新材
2026-08-11,301349,42.57,42.43,43.67,42.17,27981.35,119456754.0,3.4827,-1.486,-0.64,2.486873863391055,信德新材
2026-08-12,301349,42.18,43.42,43.5,42.18,32258.42,139188971.0,3.111,2.3333,0.99,2.8670032565366323,信德新材
2026-08-13,301349,43.8,43.33,44.35,43.14,33288.6,146120226.0,2.7867,-0.2073,-0.09,2.9585616594224184,信德新材
2026-08-14,301349,43.34,45.05,45.45,43.34,44892.79,200511105.0,4.8696,3.9695,1.72,3.989897060209866,信德新材
2026-08-17,301349,45.11,47.02,47.67,44.6,52772.35,245698289.0,6.8147,4.3729,1.97,4.690201792434066,信德新材
2026-08-18,301349,47.08,46.86,47.75,46.35,42555.78,200124041.0,2.9775,-0.3403,-0.16,3.782192675414868,信德新材
2026-08-19,301349,46.45,42.88,46.86,42.7,50803.4,225453847.0,8.8775,-8.4934,-3.98,4.515209152932262,信德新材
2026-08-20,301349,43.41,43.98,44.63,42.95,41753.67,183121503.0,3.9179,2.5653,1.1,3.710904249568202,信德新材
2026-08-21,301349,43.49,44.39,44.7,42.36,32913.39,144428476.0,5.3206,0.9322,0.41,2.9252144498602295,信德新材
2026-08-24,301349,44.2,43.08,44.92,42.1,30377.76,131161087.0,6.3528,-2.9511,-1.31,2.6998574898053977,信德新材
2026-06-25,301353,17.66,17.11,17.85,17.01,20785.06,35928380.0,,,,5.091024237883709,普莱得
2026-06-26,301353,17.03,16.8,17.09,16.58,15112.85,25417097.0,2.9807,-1.8118,-0.31,3.701691775414688,普莱得
2026-06-29,301353,16.86,16.7,16.91,16.11,16875.34,27890447.0,4.7619,-0.5952,-0.1,4.133390279485769,普莱得
2026-06-30,301353,16.8,16.61,16.91,16.36,15272.35,25380613.0,3.2934,-0.5389,-0.09,3.7407591808464002,普莱得
2026-07-01,301353,16.74,17.0,17.18,16.61,17287.35,29225104.0,3.4317,2.348,0.39,4.23430665385517,普莱得
2026-07-02,301353,16.94,16.93,17.45,16.92,12350.46,21242516.0,3.1176,-0.4118,-0.07,3.0250810538441186,普莱得
2026-07-03,301353,17.13,17.97,18.23,16.8,28608.02,50687575.0,8.4465,6.1429,1.04,7.007154331902911,普莱得
2026-07-06,301353,17.96,17.52,18.06,17.33,15744.1,27777650.0,4.0623,-2.5042,-0.45,3.856308074341133,普莱得
2026-07-07,301353,17.45,16.79,17.62,16.76,12566.06,21424795.0,4.9087,-4.1667,-0.73,3.077889408772501,普莱得
2026-07-08,301353,16.79,16.56,16.86,16.36,11305.09,18755732.0,2.978,-1.3699,-0.23,2.769031564087703,普莱得
2026-07-09,301353,16.64,16.3,16.64,15.94,11733.44,19068943.0,4.2271,-1.57,-0.26,2.8739502043176315,普莱得
2026-07-10,301353,16.14,16.64,16.99,16.11,13762.32,22905087.0,5.3988,2.0859,0.34,3.3708973988774504,普莱得
2026-07-13,301353,16.74,16.13,16.76,16.1,13181.48,21500998.0,3.9663,-3.0649,-0.51,3.2286283595611156,普莱得
2026-07-14,301353,16.13,16.69,16.7,15.97,11601.53,19031500.0,4.5257,3.4718,0.56,2.841640602747117,普莱得
2026-07-15,301353,16.68,16.77,16.97,16.51,9026.2,15139947.0,2.7561,0.4793,0.08,2.210847742368121,普莱得
2026-07-16,301353,16.84,17.12,17.33,16.5,11591.48,19772682.0,4.9493,2.0871,0.35,2.8391789887998526,普莱得
2026-07-17,301353,17.27,16.48,17.33,16.44,14099.75,23743611.0,5.1986,-3.7383,-0.64,3.453546393327748,普莱得
2026-07-20,301353,16.48,15.87,17.02,15.55,18074.79,29375503.0,8.9199,-3.7015,-0.61,4.427179617699352,普莱得
2026-07-21,301353,15.83,15.51,15.83,14.79,16275.78,24955321.0,6.5532,-2.2684,-0.36,3.9865360249363206,普莱得
2026-07-22,301353,15.29,15.05,15.62,14.91,16717.06,25320280.0,4.5777,-2.9658,-0.46,4.094621696841686,普莱得
2026-07-23,301353,15.06,15.47,15.53,14.94,15122.79,23054339.0,3.9203,2.7907,0.42,3.704126446323724,普莱得
2026-07-24,301353,15.31,15.03,15.43,14.91,15025.74,22751011.0,3.3613,-2.8442,-0.44,3.6803553385046173,普莱得
2026-07-27,301353,15.0,15.41,15.62,14.8,15378.04,23684053.0,5.4558,2.5283,0.38,3.766646541850021,普莱得
2026-07-28,301353,15.41,15.41,15.83,15.33,16437.8,25543191.0,3.2446,0.0,0.0,4.026220670880183,普莱得
2026-07-29,301353,15.34,15.92,15.98,15.34,17448.44,27567204.0,4.1531,3.3095,0.51,4.273763508657643,普莱得
2026-07-30,301353,15.81,15.66,16.17,15.54,13296.45,21106629.0,3.9573,-1.6332,-0.26,3.2567887332444,普莱得
2026-07-31,301353,15.72,16.23,16.24,15.72,14569.69,23402975.0,3.3206,3.6398,0.57,3.568651951375262,普莱得
2026-08-03,301353,16.06,16.92,16.99,16.06,16301.55,27076531.0,5.7301,4.2514,0.69,3.9928480439831873,普莱得
2026-08-04,301353,16.97,17.04,17.3,16.91,20465.18,35003727.0,2.305,0.7092,0.12,5.012673882714457,普莱得
2026-08-05,301353,16.97,17.45,17.54,16.97,16290.66,28209754.0,3.3451,2.4061,0.41,3.9901806831985396,普莱得
2026-08-06,301353,17.45,18.05,18.12,17.15,19977.36,35523605.0,5.5587,3.4384,0.6,4.893188856271212,普莱得
2026-08-07,301353,18.06,18.73,18.78,17.58,28465.92,52150796.0,6.6482,3.7673,0.68,6.972348825245568,普莱得
2026-08-10,301353,18.68,19.78,19.91,18.5,34732.52,66977461.0,7.528,5.606,1.05,8.507269219467286,普莱得
2026-08-11,301353,19.5,19.61,19.91,19.1,32338.94,63014128.0,4.095,-0.8595,-0.17,7.920993606343547,普莱得
2026-08-12,301353,19.73,19.75,20.28,19.5,30035.24,59843502.0,3.9776,0.7139,0.14,7.356732904819823,普莱得
2026-08-13,301353,19.7,19.45,19.88,19.38,17952.86,35223851.0,2.5316,-1.519,-0.3,4.39731448450632,普莱得
2026-08-14,301353,19.47,19.28,19.65,19.15,15379.33,29666687.0,2.5707,-0.874,-0.17,3.7669625102074313,普莱得
2026-08-17,301353,19.3,19.55,19.55,19.0,13448.18,25896202.0,2.8527,1.4004,0.27,3.293952980430316,普莱得
2026-08-18,301353,19.52,19.25,19.6,19.16,11494.82,22159536.0,2.2506,-1.5345,-0.3,2.815503406298102,普莱得
2026-08-19,301353,19.08,18.77,19.38,18.68,20678.97,39447174.0,3.6364,-2.4935,-0.48,5.06503890219562,普莱得
2026-08-20,301353,18.77,19.09,19.32,18.77,14725.36,28100749.0,2.9302,1.7048,0.32,3.6067812492031908,普莱得
2026-08-21,301353,19.09,19.03,19.19,18.53,13442.19,25399280.0,3.4573,-0.3143,-0.06,3.2924858095304046,普莱得
2026-08-24,301353,19.03,18.85,19.35,18.63,15328.09,28943439.0,3.7835,-0.9459,-0.18,3.7544119531270495,普莱得
2026-06-25,301355,9.94,9.64,9.94,9.41,41838.0,40144692.0,,,,2.9944618130895844,南王科技
2026-06-26,301355,9.62,9.37,9.66,9.28,31011.0,29237848.0,3.9419,-2.8008,-0.27,2.219543364542308,南王科技
2026-06-29,301355,9.42,9.42,9.54,9.05,39850.32,36965428.0,5.2295,0.5336,0.05,2.8521980371767324,南王科技
2026-06-30,301355,9.39,9.78,9.9,9.18,47753.54,45511231.0,7.6433,3.8217,0.36,3.4178534339558775,南王科技
2026-07-01,301355,9.96,10.31,10.38,9.78,55185.0,55983707.0,6.135,5.4192,0.53,3.9497436578074647,南王科技
2026-07-02,301355,10.31,10.15,10.86,10.07,66770.45,70631345.0,7.6625,-1.5519,-0.16,4.778946478507755,南王科技
2026-07-03,301355,10.25,10.04,10.46,10.0,55811.0,56547473.0,4.532,-1.0837,-0.11,3.9945482157450836,南王科技
2026-07-06,301355,10.03,9.95,10.23,9.85,35161.0,35129761.0,3.7849,-0.8964,-0.09,2.5165703860137403,南王科技
2026-07-07,301355,9.92,9.7,9.94,9.6,31644.0,30810135.0,3.4171,-2.5126,-0.25,2.2648489319137344,南王科技
2026-07-08,301355,9.72,9.6,9.79,9.43,26828.0,25765711.0,3.7113,-1.0309,-0.1,1.9201544414543563,南王科技
2026-07-09,301355,9.61,9.46,9.66,9.25,22817.0,21516879.0,4.2708,-1.4583,-0.14,1.633076035882811,南王科技
2026-07-10,301355,9.48,9.6,9.8,9.25,30566.0,29341781.0,5.814,1.4799,0.14,2.18769347910742,南王科技
2026-07-13,301355,9.6,9.3,9.67,9.21,28607.51,26824749.0,4.7917,-3.125,-0.3,2.047518912533544,南王科技
2026-07-14,301355,9.3,9.54,9.55,9.16,32455.0,30514064.0,4.1935,2.5806,0.24,2.322894453459115,南王科技
2026-07-15,301355,9.55,9.68,9.73,9.42,25118.0,24138871.0,3.2495,1.4675,0.14,1.797764994052875,南王科技
2026-07-16,301355,9.65,9.76,9.9,9.49,26323.0,25705690.0,4.2355,0.8264,0.08,1.8840101894439774,南王科技
2026-07-17,301355,9.66,9.44,10.0,9.36,34955.0,33711353.0,6.5574,-3.2787,-0.32,2.501826394104556,南王科技
2026-07-20,301355,9.4,9.15,9.79,9.0,41524.0,38816521.0,8.3686,-3.072,-0.29,2.9719879613445173,南王科技
2026-07-21,301355,9.24,8.94,9.24,8.59,49509.05,43862806.0,7.1038,-2.2951,-0.21,3.5435001584048686,南王科技
2026-07-22,301355,8.9,8.71,9.06,8.67,39924.82,35117383.0,4.3624,-2.5727,-0.23,2.857530209007966,南王科技
2026-07-23,301355,8.65,8.96,8.97,8.63,25523.0,22515303.0,3.9036,2.8703,0.25,1.8267519684374363,南王科技
2026-07-24,301355,8.87,8.72,8.95,8.64,25713.0,22563871.0,3.4598,-2.6786,-0.24,1.84035079592649,南王科技
2026-07-27,301355,8.72,8.94,9.03,8.69,22552.0,20111657.0,3.8991,2.5229,0.22,1.614109250174394,南王科技
2026-07-28,301355,8.85,9.0,9.11,8.85,24422.0,22056139.0,2.9083,0.6711,0.06,1.7479503417771842,南王科技
2026-07-29,301355,9.0,9.26,9.28,9.0,32933.31,30215202.0,3.1111,2.8889,0.26,2.3571284280711637,南王科技
2026-07-30,301355,9.22,9.18,9.47,9.11,32508.0,30255127.0,3.8877,-0.8639,-0.08,2.3266878106007987,南王科技
2026-07-31,301355,9.18,9.39,9.44,9.18,23608.82,22130797.0,2.8322,2.2876,0.21,1.6897487915795601,南王科技
2026-08-03,301355,9.33,9.51,9.56,9.33,45142.03,42838817.0,2.4494,1.278,0.12,3.230940413029887,南王科技
2026-08-04,301355,9.56,9.65,9.76,9.52,37693.0,36309329.0,2.5237,1.4721,0.14,2.6977926554994434,南王科技
2026-08-05,301355,9.64,9.68,9.82,9.57,30380.0,29471400.0,2.5907,0.3109,0.03,2.174380942723399,南王科技
2026-08-06,301355,9.68,9.8,9.84,9.61,31754.0,30935192.0,2.376,1.2397,0.12,2.2727219373021335,南王科技
2026-08-07,301355,9.84,9.77,9.84,9.59,25419.05,24708038.0,2.551,-0.3061,-0.03,1.819311978345399,南王科技
2026-08-10,301355,9.77,10.13,10.17,9.72,38274.83,38420688.0,4.6059,3.6847,0.36,2.739435843909738,南王科技
2026-08-11,301355,10.08,10.12,10.22,9.95,27366.74,27550721.0,2.6654,-0.0987,-0.01,1.9587135589356863,南王科技
2026-08-12,301355,10.13,10.14,10.2,10.03,15769.0,15937480.0,1.6798,0.1976,0.02,1.1286311088151837,南王科技
2026-08-13,301355,10.14,9.99,10.16,9.98,19469.0,19558708.0,1.7751,-1.4793,-0.15,1.3934503809704364,南王科技
2026-08-14,301355,9.95,9.98,10.08,9.88,19257.0,19218852.0,2.002,-0.1001,-0.01,1.3782769524037028,南王科技
2026-08-17,301355,10.04,10.25,10.27,9.98,22370.22,22761328.0,2.9058,2.7054,0.27,1.601098750906183,南王科技
2026-08-18,301355,10.27,10.13,10.3,10.05,22524.19,22839343.0,2.439,-1.1707,-0.12,1.6121188112666545,南王科技
2026-08-19,301355,10.04,9.91,10.16,9.81,22894.0,22772044.0,3.4551,-2.1718,-0.22,1.6385871396546907,南王科技
2026-08-20,301355,9.92,10.1,10.17,9.78,20880.03,21038312.0,3.9354,1.9173,0.19,1.494441715454011,南王科技
2026-08-21,301355,10.08,10.09,10.15,9.92,19179.24,19231546.0,2.2772,-0.099,-0.01,1.3727114533218672,南王科技
2026-08-24,301355,10.09,9.97,10.12,9.87,20949.0,20845644.0,2.4777,-1.1893,-0.12,1.4993780898325375,南王科技
2026-06-25,301356,27.04,27.63,28.44,26.91,63139.75,176645884.0,,,,4.983504015469919,天振股份
2026-06-26,301356,27.7,25.72,27.99,25.0,66749.73,174628276.0,10.8216,-6.9128,-1.91,5.268433078790031,天振股份
2026-06-29,301356,26.19,26.13,26.99,24.68,50975.01,131540742.0,8.9813,1.5941,0.41,4.0233635233528675,天振股份
2026-06-30,301356,25.83,26.27,26.91,25.01,44583.2,116145487.0,7.2713,0.5358,0.14,3.5188697488111447,天振股份
2026-07-01,301356,26.09,28.01,28.8,26.09,64503.56,180201417.0,10.3159,6.6235,1.74,5.0911470234219305,天振股份
2026-07-02,301356,27.72,27.51,28.5,27.0,42323.29,118077255.0,5.3552,-1.7851,-0.5,3.3404992205844626,天振股份
2026-07-03,301356,27.51,27.85,28.17,26.8,42623.62,117748052.0,4.98,1.2359,0.34,3.364203713569723,天振股份
2026-07-06,301356,27.56,26.94,27.78,26.5,31819.42,85970329.0,4.5961,-3.2675,-0.91,2.511448134335721,天振股份
2026-07-07,301356,26.94,26.47,27.11,25.83,24620.8,64799850.0,4.7513,-1.7446,-0.47,1.9432743345369878,天振股份
2026-07-08,301356,26.21,28.0,29.58,26.21,102185.76,288945250.0,12.7314,5.7801,1.53,8.065333570117799,天振股份
2026-07-09,301356,26.71,25.2,28.45,24.49,86119.96,224372679.0,14.1429,-10.0,-2.8,6.797289607135106,天振股份
2026-07-10,301356,24.8,23.61,24.89,23.6,62299.59,150966434.0,5.119,-6.3095,-1.59,4.9171917362221045,天振股份
2026-07-13,301356,23.53,20.03,23.6,19.9,63609.0,136293185.0,15.6713,-15.1631,-3.58,5.020541052506956,天振股份
2026-07-14,301356,19.99,19.41,20.31,19.13,37134.57,72653948.0,5.8912,-3.0954,-0.62,2.9309631208192743,天振股份
2026-07-15,301356,19.16,18.99,19.63,18.82,28871.23,55130941.0,4.1731,-2.1638,-0.42,2.278752935140788,天振股份
2026-07-16,301356,18.61,18.68,19.36,18.43,25795.8,48706413.0,4.8973,-1.6324,-0.31,2.0360149174214173,天振股份
2026-07-17,301356,18.67,16.96,18.67,16.82,28496.2,50331343.0,9.9036,-9.2077,-1.72,2.2491525089287476,天振股份
2026-07-20,301356,17.03,15.44,17.24,15.04,41617.55,67522431.0,12.9717,-8.9623,-1.52,3.284796464018627,天振股份
2026-07-21,301356,15.6,15.63,15.8,14.2,43030.17,65052569.0,10.3627,1.2306,0.19,3.3962919552477357,天振股份
2026-07-22,301356,15.61,15.88,16.18,15.34,30213.61,47476118.0,5.3743,1.5995,0.25,2.384704512717299,天振股份
2026-07-23,301356,15.73,16.42,16.42,15.46,25626.82,40803175.0,6.0453,3.4005,0.54,2.0226776376803013,天振股份
2026-07-24,301356,16.5,16.88,18.18,16.19,49981.05,87243318.0,12.1194,2.8015,0.46,3.944912093766649,天振股份
2026-07-27,301356,16.69,17.2,17.29,16.29,38111.27,63832177.0,5.9242,1.8957,0.32,3.0080522504390377,天振股份
2026-07-28,301356,16.96,17.04,17.87,16.76,27247.94,47245885.0,6.4535,-0.9302,-0.16,2.150629649361669,天振股份
2026-07-29,301356,16.88,17.7,17.79,16.88,28529.56,49305541.0,5.3404,3.8732,0.66,2.251785552201109,天振股份
2026-07-30,301356,17.75,16.37,18.89,16.16,46451.06,79768422.0,15.4237,-7.5141,-1.33,3.6662964936166853,天振股份
2026-07-31,301356,16.7,17.18,17.48,16.51,30496.59,52163249.0,5.9255,4.9481,0.81,2.4070396022020955,天振股份
2026-08-03,301356,17.27,17.29,17.44,16.98,17370.96,29814025.0,2.6775,0.6403,0.11,1.3710578346060498,天振股份
2026-08-04,301356,17.3,18.43,18.62,17.3,33426.6,60830295.0,7.6345,6.5934,1.14,2.638299887527378,天振股份
2026-08-05,301356,18.46,18.71,18.8,18.21,19031.0,35384484.0,3.2013,1.5193,0.28,1.5020817301051717,天振股份
2026-08-06,301356,18.5,19.28,19.73,18.49,27185.94,52119573.0,6.6275,3.0465,0.57,2.1457361037115965,天振股份
2026-08-07,301356,19.37,19.59,19.6,18.5,21214.4,40737271.0,5.7054,1.6079,0.31,1.6744134651433533,天振股份
2026-08-10,301356,19.63,19.67,19.75,19.17,14770.8,28783865.0,2.9607,0.4084,0.08,1.1658320014207069,天振股份
2026-08-11,301356,19.64,19.49,19.74,19.16,21565.16,41924717.0,2.9487,-0.9151,-0.18,1.7020983050178577,天振股份
2026-08-12,301356,19.57,20.32,20.36,19.43,20570.93,41165211.0,4.7717,4.2586,0.83,1.6236255648296136,天振股份
2026-08-13,301356,20.59,19.88,20.76,19.81,19029.98,38587652.0,4.6752,-2.1654,-0.44,1.5020012233864126,天振股份
2026-08-14,301356,20.1,19.72,20.27,19.53,12281.6,24239303.0,3.7223,-0.8048,-0.16,0.9693640363858798,天振股份
2026-08-17,301356,19.77,20.06,20.06,19.52,16420.4,32645656.0,2.7383,1.7241,0.34,1.296031886974881,天振股份
2026-08-18,301356,20.05,19.89,20.13,19.67,15832.0,31442795.0,2.2931,-0.8475,-0.17,1.2495905601925847,天振股份
2026-08-19,301356,19.77,19.53,20.47,19.31,26714.4,52632845.0,5.8321,-1.81,-0.36,2.1085183211981295,天振股份
2026-08-20,301356,20.41,19.7,20.41,19.54,18545.4,36964579.0,4.4547,0.8705,0.17,1.4637542177233174,天振股份
2026-08-21,301356,19.67,19.98,20.15,19.3,14790.48,29300970.0,4.3147,1.4213,0.28,1.1673853075238265,天振股份
2026-08-24,301356,19.83,19.87,20.13,19.65,17264.0,34294157.0,2.4024,-0.5506,-0.11,1.362615679078119,天振股份
2026-06-25,301357,82.65,80.95,83.16,80.2,15782.92,128252065.0,,,,1.6578697478991595,北方长龙
2026-06-26,301357,80.94,77.97,81.08,77.66,15815.99,124242721.0,4.2248,-3.6813,-2.98,1.661343487394958,北方长龙
2026-06-29,301357,77.93,76.8,78.78,74.88,15875.36,121423183.0,5.0019,-1.5006,-1.17,1.667579831932773,北方长龙
2026-06-30,301357,76.8,79.09,80.33,76.71,15888.58,124794355.0,4.7135,2.9818,2.29,1.668968487394958,北方长龙
2026-07-01,301357,78.7,81.83,85.48,78.65,26287.18,217916770.0,8.6357,3.4644,2.74,2.7612584033613445,北方长龙
2026-07-02,301357,81.3,81.8,86.55,80.51,29910.39,250200765.0,7.3812,-0.0367,-0.03,3.14184768907563,北方长龙
2026-07-03,301357,82.6,84.29,85.3,81.6,25582.7,214323592.0,4.5232,3.044,2.49,2.6872584033613447,北方长龙
2026-07-06,301357,83.09,81.33,85.0,80.84,19953.0,164428144.0,4.9353,-3.5117,-2.96,2.095903361344538,北方长龙
2026-07-07,301357,81.34,77.78,81.89,77.68,15041.2,118871155.0,5.1764,-4.3649,-3.55,1.5799579831932773,北方长龙
2026-07-08,301357,78.0,74.63,78.57,74.6,12671.23,96110030.0,5.1041,-4.0499,-3.15,1.3310115546218488,北方长龙
2026-07-09,301357,75.13,76.22,78.5,73.37,18914.0,143055669.0,6.8739,2.1305,1.59,1.9867647058823528,北方长龙
2026-07-10,301357,75.1,79.47,82.47,75.0,31877.3,253039427.0,9.8006,4.264,3.25,3.348455882352941,北方长龙
2026-07-13,301357,79.5,73.05,80.15,73.01,26960.47,202142238.0,8.9845,-8.0785,-6.42,2.8319821428571426,北方长龙
2026-07-14,301357,73.08,72.45,73.79,70.28,20092.41,143840614.0,4.8049,-0.8214,-0.6,2.110547268907563,北方长龙
2026-07-15,301357,72.01,73.66,74.17,71.58,14228.43,104386045.0,3.5749,1.6701,1.21,1.4945829831932773,北方长龙
2026-07-16,301357,72.47,74.03,74.99,72.0,12527.16,92562200.0,4.0592,0.5023,0.37,1.3158781512605042,北方长龙
2026-07-17,301357,74.06,71.0,74.48,69.82,16318.88,117496760.0,6.2947,-4.0929,-3.03,1.7141680672268906,北方长龙
2026-07-20,301357,71.01,72.41,75.79,70.58,25603.92,187474622.0,7.338,1.9859,1.41,2.689487394957983,北方长龙
2026-07-21,301357,72.51,71.3,72.72,66.8,24747.14,171825551.0,8.1757,-1.5329,-1.11,2.5994894957983194,北方长龙
2026-07-22,301357,70.12,71.94,74.2,69.86,20069.46,145513488.0,6.087,0.8976,0.64,2.108136554621849,北方长龙
2026-07-23,301357,71.89,86.33,86.33,70.65,70356.08,564720361.0,21.7959,20.0028,14.39,7.390344537815126,北方长龙
2026-07-24,301357,86.89,92.58,99.98,86.4,98309.75,923348809.0,15.7303,7.2397,6.25,10.326654411764705,北方长龙
2026-07-27,301357,88.61,98.26,105.0,84.88,100724.48,970333920.0,21.7326,6.1352,5.68,10.580302521008402,北方长龙
2026-07-28,301357,94.37,91.4,99.31,89.7,72825.27,671261186.0,9.7802,-6.9815,-6.86,7.649713235294117,北方长龙
2026-07-29,301357,90.0,92.35,95.0,88.29,66869.73,613859810.0,7.3414,1.0394,0.95,7.024131302521008,北方长龙
2026-07-30,301357,89.0,98.3,102.1,88.09,92102.87,878831570.0,15.1705,6.4429,5.95,9.674671218487395,北方长龙
2026-07-31,301357,88.0,95.1,98.5,87.0,73938.33,698528128.0,11.6989,-3.2553,-3.2,7.7666313025210085,北方长龙
2026-08-03,301357,94.42,91.51,94.43,90.19,50435.8,462539572.0,4.4585,-3.775,-3.59,5.297878151260504,北方长龙
2026-08-04,301357,90.6,93.93,94.39,89.5,43558.01,404053489.0,5.3437,2.6445,2.42,4.575421218487395,北方长龙
2026-08-05,301357,92.0,94.2,94.85,91.8,44555.94,418140108.0,3.2471,0.2874,0.27,4.680245798319327,北方长龙
2026-08-06,301357,95.93,92.3,95.99,90.38,49818.99,459472392.0,5.9554,-2.017,-1.9,5.233087184873949,北方长龙
2026-08-07,301357,92.0,94.36,94.4,90.33,47368.33,438579274.0,4.4095,2.2319,2.06,4.975664915966386,北方长龙
2026-08-10,301357,94.14,113.23,113.23,93.82,116630.62,1204444783.0,20.5702,19.9979,18.87,12.251115546218488,北方长龙
2026-08-11,301357,111.49,106.28,112.14,104.91,96808.31,1037449157.0,6.3852,-6.1379,-6.95,10.16894012605042,北方长龙
2026-08-12,301357,105.9,106.8,109.98,104.0,61611.01,662808590.0,5.6266,0.4893,0.52,6.47174474789916,北方长龙
2026-08-13,301357,107.27,103.18,107.79,103.0,55986.41,585627251.0,4.485,-3.3895,-3.62,5.880925420168067,北方长龙
2026-08-14,301357,102.0,101.99,106.3,100.32,56816.9,584099765.0,5.7957,-1.1533,-1.19,5.968161764705882,北方长龙
2026-08-17,301357,102.85,104.15,106.0,101.13,55570.91,577604628.0,4.775,2.1179,2.16,5.837280462184874,北方长龙
2026-08-18,301357,103.28,102.0,106.0,101.46,39729.29,409253794.0,4.3591,-2.0643,-2.15,4.17324474789916,北方长龙
2026-08-19,301357,104.35,92.0,104.95,91.5,52662.18,502242177.0,13.1863,-9.8039,-10.0,5.531741596638655,北方长龙
2026-08-20,301357,91.38,89.82,92.98,89.09,33789.65,306530125.0,4.2283,-2.3696,-2.18,3.549332983193277,北方长龙
2026-08-21,301357,89.82,88.68,89.82,87.2,20004.58,176945886.0,2.9169,-1.2692,-1.14,2.1013214285714286,北方长龙
2026-08-24,301357,88.5,86.0,91.08,85.0,49263.43,432427002.0,6.8561,-3.0221,-2.68,5.174730042016807,北方长龙
2026-06-25,301358,83.53,82.3,84.7,81.1,284883.0,2347859942.0,,,,3.7487657005067425,湖南裕能
2026-06-26,301358,82.0,75.8,83.58,75.68,318697.63,2508910578.0,9.599,-7.8979,-6.5,4.193731265736421,湖南裕能
2026-06-29,301358,74.54,74.99,76.08,71.8,290479.54,2147056367.0,5.6464,-1.0686,-0.81,3.822410379878675,湖南裕能
2026-06-30,301358,74.66,75.87,76.8,73.1,246895.8,1855208488.0,4.934,1.1735,0.88,3.2488934286678135,湖南裕能
2026-07-01,301358,75.11,76.8,78.87,72.0,314420.68,2368318263.0,9.055,1.2258,0.93,4.137451026259926,湖南裕能
2026-07-02,301358,76.0,75.41,78.98,75.12,251531.74,1931340677.0,5.026,-1.8099,-1.39,3.309897605335453,湖南裕能
2026-07-03,301358,76.18,73.39,76.8,73.31,180442.24,1340710279.0,4.628,-2.6787,-2.02,2.3607910239506302,湖南裕能
2026-07-06,301358,73.0,73.38,76.3,71.74,173356.07,1286270546.0,6.2134,-0.0136,-0.01,2.2680801014405336,湖南裕能
2026-07-07,301358,74.47,72.0,74.88,71.49,150898.33,1102415413.0,4.6198,-1.8806,-1.38,1.9742573745102039,湖南裕能
2026-07-08,301358,71.64,67.55,72.29,67.5,201704.6,1392759108.0,6.6528,-6.1806,-4.45,2.638974162422015,湖南裕能
2026-07-09,301358,67.49,65.8,67.79,63.0,269555.74,1753080128.0,7.091,-2.5907,-1.75,3.5266951432567555,湖南裕能
2026-07-10,301358,65.6,63.15,66.59,63.15,206850.5,1333834584.0,5.228,-4.0274,-2.65,2.7062998314568687,湖南裕能
2026-07-13,301358,62.79,61.54,63.76,60.88,172542.11,1067855683.0,4.5606,-2.5495,-1.61,2.2574307686576174,湖南裕能
2026-07-14,301358,61.5,61.98,61.98,59.72,152820.23,933272250.0,3.6724,0.715,0.44,1.9994022866379337,湖南裕能
2026-07-15,301358,62.2,63.37,65.05,60.5,236515.58,1496366853.0,7.3411,2.2427,1.39,3.0944187917888692,湖南裕能
2026-07-16,301358,63.0,61.24,63.8,60.31,200267.41,1235041259.0,5.5073,-3.3612,-2.13,2.6201708863614233,湖南裕能
2026-07-17,301358,61.08,59.47,62.44,58.8,201235.08,1214762277.0,5.9438,-2.8903,-1.77,2.6328312626133825,湖南裕能
2026-07-20,301358,60.01,59.9,61.2,58.08,195499.37,1169777380.0,5.2463,0.7231,0.43,2.5577888962362865,湖南裕能
2026-07-21,301358,59.9,62.26,62.97,59.37,222402.96,1368972368.0,6.01,3.9399,2.36,2.9097782851069187,湖南裕能
2026-07-22,301358,61.79,60.58,62.47,60.12,170433.24,1040343130.0,3.7745,-2.6984,-1.68,2.2298396604632233,湖南裕能
2026-07-23,301358,60.95,66.01,66.26,60.78,297360.62,1906713739.0,9.0459,8.9634,5.43,3.8904764348546896,湖南裕能
2026-07-24,301358,64.66,63.92,67.13,63.87,211126.81,1380060451.0,4.9386,-3.1662,-2.09,2.762248340318376,湖南裕能
2026-07-27,301358,65.2,65.69,66.5,64.3,202219.16,1322481824.0,3.4418,2.7691,1.77,2.645706336824661,湖南裕能
2026-07-28,301358,64.9,63.07,66.98,62.88,168640.48,1081397993.0,6.2414,-3.9884,-2.62,2.2063843336168167,湖南裕能
2026-07-29,301358,63.14,64.6,66.1,60.95,193841.03,1239636269.0,8.1655,2.4259,1.53,2.5360922348189914,湖南裕能
2026-07-30,301358,64.3,64.18,65.6,63.57,158655.47,1025238503.0,3.1424,-0.6502,-0.42,2.0757468399675623,湖南裕能
2026-07-31,301358,63.52,63.34,65.46,63.16,188062.58,1205927472.0,3.5837,-1.3088,-0.84,2.460490685578927,湖南裕能
2026-08-03,301358,62.71,62.8,63.49,60.57,120147.3,750510685.0,4.61,-0.8525,-0.54,1.5719305379488946,湖南裕能
2026-08-04,301358,62.8,63.28,64.08,62.65,122156.43,774132363.0,2.2771,0.7643,0.48,1.5982167116848776,湖南裕能
2026-08-05,301358,63.29,65.91,66.66,63.08,185698.93,1214401288.0,5.6574,4.1561,2.63,2.4295661985865196,湖南裕能
2026-08-06,301358,65.39,65.15,66.08,64.0,157193.46,1021493058.0,3.1558,-1.1531,-0.76,2.0566188348789196,湖南裕能
2026-08-07,301358,64.99,65.16,66.4,63.95,165800.54,1076612069.0,3.7606,0.0153,0.01,2.169228372459616,湖南裕能
2026-08-10,301358,65.5,66.75,67.5,65.5,235829.59,1569141241.0,3.0694,2.4401,1.59,3.0854437367545278,湖南裕能
2026-08-11,301358,66.06,66.64,67.99,65.4,187440.8,1255759839.0,3.8801,-0.1648,-0.11,2.4523557131751703,湖南裕能
2026-08-12,301358,66.6,67.5,68.8,66.5,187251.5,1267657359.0,3.4514,1.2905,0.86,2.4498790328766225,湖南裕能
2026-08-13,301358,67.0,66.39,67.73,66.3,150202.48,1005749289.0,2.1185,-1.6444,-1.11,1.9651533175332119,湖南裕能
2026-08-14,301358,66.53,68.78,70.65,66.5,241736.84,1667386796.0,6.2509,3.5999,2.39,3.1627304229330653,湖南裕能
2026-08-17,301358,70.34,72.6,72.77,68.61,238431.89,1697568510.0,6.0483,5.5539,3.82,3.1194905679268006,湖南裕能
2026-08-18,301358,72.6,70.05,74.2,69.88,209315.62,1489755952.0,5.9504,-3.5124,-2.55,2.7385518871227768,湖南裕能
2026-08-19,301358,69.4,71.5,73.19,69.18,337248.81,2429435650.0,5.7245,2.07,1.45,4.412348037167082,湖南裕能
2026-08-20,301358,70.09,64.96,70.79,63.77,431918.83,2845435165.0,9.8182,-9.1469,-6.54,5.650950115334736,湖南裕能
2026-08-21,301358,65.9,67.28,70.7,64.1,325711.35,2197166889.0,10.1601,3.5714,2.32,4.2613992792310835,湖南裕能
2026-08-24,301358,69.66,66.0,69.7,65.7,226359.57,1521770847.0,5.9453,-1.9025,-1.28,2.9615440433532876,湖南裕能
2026-06-25,301359,17.46,16.74,17.56,16.62,15944.2,26860027.0,,,,2.330978680642851,东南电子
2026-06-26,301359,16.68,15.94,16.74,15.82,27357.4,44054415.0,5.4958,-4.779,-0.8,3.9995431666573884,东南电子
2026-06-29,301359,16.09,15.91,16.12,15.18,32571.18,50768941.0,5.8971,-0.1882,-0.03,4.7617770840418965,东南电子
2026-06-30,301359,15.86,15.88,16.26,15.61,21444.75,34125096.0,4.0855,-0.1886,-0.03,3.135137232455424,东南电子
2026-07-01,301359,15.84,16.38,16.62,15.77,27132.2,44149499.0,5.3526,3.1486,0.5,3.9666198215613173,东南电子
2026-07-02,301359,16.78,16.2,16.96,16.1,23311.94,38394504.0,5.2503,-1.0989,-0.18,3.408112990581233,东南电子
2026-07-03,301359,16.23,16.74,16.91,16.23,19206.32,32012485.0,4.1975,3.3333,0.54,2.8078876615700006,东南电子
2026-07-06,301359,16.59,16.44,16.88,16.24,18123.9,29932502.0,3.8232,-1.7921,-0.3,2.649642158910636,东南电子
2026-07-07,301359,16.25,15.79,16.52,15.5,21263.43,33721161.0,6.2044,-3.9538,-0.65,3.108628968988197,东南电子
2026-07-08,301359,15.81,15.34,15.89,15.22,19462.75,29989658.0,4.2432,-2.8499,-0.45,2.8453767085637187,东南电子
2026-07-09,301359,15.32,15.31,15.65,14.84,16655.0,25366287.0,5.2803,-0.1956,-0.03,2.434894816052651,东南电子
2026-07-10,301359,15.28,15.54,16.04,15.15,22128.0,34576127.0,5.8132,1.5023,0.23,3.235025667343925,东南电子
2026-07-13,301359,15.5,14.9,15.67,14.86,20565.0,31277824.0,5.2124,-4.1184,-0.64,3.006521278422262,东南电子
2026-07-14,301359,15.03,15.53,15.53,14.72,16689.14,25328133.0,5.4362,4.2282,0.63,2.439885948386487,东南电子
2026-07-15,301359,15.46,15.48,15.85,15.24,15981.0,24867739.0,3.9279,-0.322,-0.05,2.3363586944063295,东南电子
2026-07-16,301359,15.25,15.66,15.99,14.84,19406.98,30496951.0,7.4289,1.1628,0.18,2.837223356183577,东南电子
2026-07-17,301359,15.66,15.07,15.98,14.92,21648.72,33387853.0,6.7688,-3.7676,-0.59,3.1649568359156617,东南电子
2026-07-20,301359,15.07,14.23,15.56,14.0,23905.0,35237835.0,10.3517,-5.574,-0.84,3.494816005868426,东南电子
2026-07-21,301359,14.11,14.33,14.4,13.1,26358.85,36549181.0,9.1356,0.7027,0.1,3.853559124713865,东南电子
2026-07-22,301359,14.17,13.82,14.32,13.76,15704.8,21976329.0,3.9079,-3.559,-0.51,2.295979351975003,东南电子
2026-07-23,301359,13.75,14.42,14.46,13.75,15308.6,21736780.0,5.1375,4.3415,0.6,2.238056486401898,东南电子
2026-07-24,301359,14.3,14.15,14.43,14.01,10940.0,15563257.0,2.9126,-1.8724,-0.27,1.599384526425458,东南电子
2026-07-27,301359,14.18,14.63,14.79,14.0,13176.4,19199974.0,5.583,3.3922,0.48,1.9263373193777336,东南电子
2026-07-28,301359,14.75,14.66,14.97,14.57,13969.0,20620211.0,2.7341,0.2051,0.03,2.0422122897291795,东南电子
2026-07-29,301359,14.64,15.12,15.25,14.64,18079.0,27047702.0,4.161,3.1378,0.46,2.6430779573350875,东南电子
2026-07-30,301359,15.01,14.86,15.22,14.55,16378.14,24456962.0,4.4312,-1.7196,-0.26,2.394418984244045,东南电子
2026-07-31,301359,15.1,15.2,15.38,14.95,13738.4,20867796.0,2.8937,2.288,0.34,2.0084994860917287,东南电子
2026-08-03,301359,15.2,15.55,15.55,15.07,32371.21,49560425.0,3.1579,2.3026,0.35,4.732542264686385,东南电子
2026-08-04,301359,15.65,15.9,16.25,15.64,27188.78,43286329.0,3.9228,2.2508,0.35,3.974891592722666,东南电子
2026-08-05,301359,15.88,15.95,16.18,15.71,16006.16,25518219.0,2.956,0.3145,0.05,2.340036986425056,东南电子
2026-08-06,301359,15.85,16.11,16.13,15.78,13027.76,20822117.0,2.1944,1.0031,0.16,1.9046067420461177,东南电子
2026-08-07,301359,16.23,16.15,16.28,15.81,13936.2,22395323.0,2.9174,0.2483,0.04,2.037417060070427,东南电子
2026-08-10,301359,16.47,16.8,16.83,16.01,18479.81,30652366.0,5.0774,4.0248,0.65,2.701674786588889,东南电子
2026-08-11,301359,16.58,16.6,16.93,16.38,19113.32,31666397.0,3.2738,-1.1905,-0.2,2.794291431135122,东南电子
2026-08-12,301359,16.56,16.73,16.88,16.53,17342.56,28930402.0,2.1084,0.7831,0.13,2.437566365211578,东南电子
2026-08-13,301359,17.0,16.48,17.03,16.46,17055.2,28552363.0,3.4071,-1.4943,-0.25,2.3971767646735263,东南电子
2026-08-14,301359,16.53,16.63,16.67,16.32,14353.0,23688534.0,2.1238,0.9102,0.15,2.017371716740884,东南电子
2026-08-17,301359,16.58,17.02,17.13,16.48,14412.41,24358445.0,3.9086,2.3452,0.39,2.0257220305213877,东南电子
2026-08-18,301359,16.91,16.92,17.05,16.74,13749.98,23227135.0,1.8214,-0.5875,-0.1,1.9326148371596752,东南电子
2026-08-19,301359,16.85,16.5,16.94,16.4,14752.0,24465908.0,3.1915,-2.4823,-0.42,2.073452767042536,东南电子
2026-08-20,301359,16.52,16.8,16.97,16.34,17433.02,29183511.0,3.8182,1.8182,0.3,2.450280881026835,东南电子
2026-08-21,301359,16.71,16.76,16.88,16.37,14001.05,23267958.0,3.0357,-0.2381,-0.04,1.9679037326464814,东南电子
2026-08-24,301359,16.89,16.85,16.93,16.59,14852.45,24880527.0,2.0286,0.537,0.09,2.0875714174254956,东南电子
2026-06-25,301360,73.1,73.51,74.67,71.53,21570.21,157538290.0,,,,6.332719424683472,荣旗科技
2026-06-26,301360,72.4,69.32,73.58,68.38,20933.4,147462976.0,7.0739,-5.6999,-4.19,6.1457606951749195,荣旗科技
2026-06-29,301360,69.87,67.0,71.49,64.52,22996.26,154593192.0,10.0548,-3.3468,-2.32,6.751388252458904,荣旗科技
2026-06-30,301360,67.16,68.49,69.07,66.36,21107.78,143804978.0,4.0448,2.2239,1.49,6.196956284521352,荣旗科技
2026-07-01,301360,68.65,66.88,69.8,66.56,19919.21,135121661.0,4.7306,-2.3507,-1.61,5.848008345368417,荣旗科技
2026-07-02,301360,66.21,67.15,70.38,65.51,24654.0,167287156.0,7.2817,0.4037,0.27,7.238078103836093,荣旗科技
2026-07-03,301360,67.6,72.77,76.49,67.6,45941.84,338297387.0,13.239,8.3693,5.62,13.487897548225083,荣旗科技
2026-07-06,301360,72.8,71.09,74.99,68.6,31781.69,226695413.0,8.7811,-2.3086,-1.68,9.330670661633265,荣旗科技
2026-07-07,301360,70.72,68.81,72.82,68.26,24994.83,174377371.0,6.4144,-3.2072,-2.28,7.338141142699177,荣旗科技
2026-07-08,301360,70.7,67.14,73.89,66.9,35901.1,248125403.0,10.1584,-2.427,-1.67,10.540073246273627,荣旗科技
2026-07-09,301360,66.33,66.56,67.95,62.55,30254.79,197348204.0,8.0429,-0.8639,-0.58,8.882393649515665,荣旗科技
2026-07-10,301360,66.55,63.98,67.35,63.98,21503.9,141946312.0,5.0631,-3.8762,-2.58,6.313251713193842,荣旗科技
2026-07-13,301360,63.98,56.66,64.0,56.35,24017.2,142343601.0,11.9569,-11.4411,-7.32,7.051122310191134,荣旗科技
2026-07-14,301360,56.52,57.31,57.73,54.1,23272.7,130357437.0,6.4066,1.1472,0.65,6.83254726564234,荣旗科技
2026-07-15,301360,57.28,55.31,57.56,54.98,17177.2,96156824.0,4.5018,-3.4898,-2.0,5.042991612120278,荣旗科技
2026-07-16,301360,55.33,52.6,55.91,52.08,17200.14,92549007.0,6.9246,-4.8997,-2.71,5.04972648320416,荣旗科技
2026-07-17,301360,53.97,47.64,53.97,47.0,21876.65,108515043.0,13.251,-9.4297,-4.96,6.422686028647923,荣旗科技
2026-07-20,301360,48.27,44.17,50.77,43.2,33684.54,159095540.0,15.89,-7.2838,-3.47,9.889321465554922,荣旗科技
2026-07-21,301360,45.5,47.0,47.74,40.48,39164.11,174658276.0,16.4365,6.4071,2.83,11.500418681720493,荣旗科技
2026-07-22,301360,46.13,45.2,47.8,44.79,26606.26,123061082.0,6.4043,-3.8298,-1.8,7.812845218612467,荣旗科技
2026-07-23,301360,46.09,46.3,47.7,45.06,22385.94,103422668.0,5.8407,2.4336,1.1,6.573561421001884,荣旗科技
2026-07-24,301360,45.38,45.63,46.56,44.8,18301.5,83631304.0,3.8013,-1.4471,-0.67,5.374178361349399,荣旗科技
2026-07-27,301360,45.65,48.61,48.84,45.17,24623.31,116131210.0,8.043,6.5308,2.98,7.230558139321818,荣旗科技
2026-07-28,301360,47.97,46.16,48.69,45.9,20220.7,95230869.0,5.7396,-5.0401,-2.45,5.9377454520852275,荣旗科技
2026-07-29,301360,47.18,45.65,47.18,43.84,25342.4,114183291.0,7.2357,-1.1049,-0.51,7.441716673751388,荣旗科技
2026-07-30,301360,45.95,43.49,46.97,42.88,30541.46,136141037.0,8.9595,-4.7317,-2.16,8.96840441799952,荣旗科技
2026-07-31,301360,45.45,45.73,47.94,45.45,30194.7,141018712.0,5.7255,5.1506,2.24,8.866579426136475,荣旗科技
2026-08-03,301360,46.16,45.86,46.99,45.13,23496.98,108071448.0,4.0674,0.2843,0.13,6.89981484976967,荣旗科技
2026-08-04,301360,46.13,48.08,48.2,45.73,33394.65,158549731.0,5.386,4.8408,2.22,9.806234757524614,荣旗科技
2026-08-05,301360,47.87,50.2,51.0,47.66,28942.96,143863348.0,6.9468,4.4093,2.12,8.499009881452405,荣旗科技
2026-08-06,301360,49.33,50.35,51.23,49.03,25321.1,127336889.0,4.3825,0.2988,0.15,7.435461995222482,荣旗科技
2026-08-07,301360,50.98,51.57,52.2,50.28,27705.1,142449224.0,3.8133,2.423,1.22,8.1355161554529,荣旗科技
2026-08-10,301360,51.57,50.89,52.6,49.72,24661.81,124392097.0,5.5846,-1.3186,-0.68,7.241863544174533,荣旗科技
2026-08-11,301360,50.88,52.04,53.08,50.42,26956.64,139994002.0,5.227,2.2598,1.15,7.915733212178547,荣旗科技
2026-08-12,301360,52.21,53.5,54.95,51.55,26663.2,142990594.0,6.5334,2.8055,1.46,7.829565471919313,荣旗科技
2026-08-13,301360,54.06,52.5,54.25,52.5,21443.55,114638937.0,3.271,-1.8692,-1.0,6.296831538426571,荣旗科技
2026-08-14,301360,52.69,53.55,54.47,52.3,15627.89,83357748.0,4.1333,2.0,1.05,4.589081128407434,荣旗科技
2026-08-17,301360,53.28,55.48,55.6,53.05,19563.2,106614370.0,4.7619,3.6041,1.93,5.74467262895121,荣旗科技
2026-08-18,301360,55.45,55.43,56.54,54.68,13933.96,77284125.0,3.3526,-0.0901,-0.05,4.091663870169553,荣旗科技
2026-08-19,301360,54.37,50.61,54.65,50.53,18902.06,98756739.0,7.4328,-8.6957,-4.82,5.550530931176572,荣旗科技
2026-08-20,301360,51.9,55.79,60.73,50.98,67533.89,384306700.0,19.265,10.2351,5.18,19.831116044900725,荣旗科技
2026-08-21,301360,57.49,57.14,58.47,55.18,71184.16,404758026.0,5.8971,2.4198,1.35,20.90300643897131,荣旗科技
2026-08-24,301360,56.68,55.1,57.8,53.37,48659.19,268480164.0,7.7529,-3.5702,-2.04,14.28861929234156,荣旗科技
2026-06-25,301361,33.1,31.82,33.1,31.6,22851.88,73305435.0,,,,4.056354728770236,众智科技
2026-06-26,301361,32.0,30.06,32.31,30.06,19655.03,60300474.0,7.071,-5.5311,-1.76,3.488893425163306,众智科技
2026-06-29,301361,30.04,29.67,30.49,29.26,14944.01,44537427.0,4.0918,-1.2974,-0.39,2.652657270661744,众智科技
2026-06-30,301361,29.46,30.03,30.18,29.19,13872.28,41321822.0,3.3367,1.2133,0.36,2.462418347060494,众智科技
2026-07-01,301361,30.25,29.88,30.39,29.22,19102.0,56899890.0,3.8961,-0.4995,-0.15,3.3907270661743825,众智科技
2026-07-02,301361,29.57,29.87,30.77,29.51,16851.76,50946545.0,4.2169,-0.0335,-0.01,2.9912950866231185,众智科技
2026-07-03,301361,29.8,30.88,31.24,29.64,18579.0,57031693.0,5.3565,3.3813,1.01,3.297891224084067,众智科技
2026-07-06,301361,31.07,29.86,31.21,29.65,15663.0,47394851.0,5.0518,-3.3031,-1.02,2.7802825901732464,众智科技
2026-07-07,301361,29.69,28.82,30.05,28.7,13401.88,39040111.0,4.5211,-3.4829,-1.04,2.3789193410962794,众智科技
2026-07-08,301361,28.82,28.81,29.0,28.25,11300.0,32377512.0,2.6024,-0.0347,-0.01,2.0058222095995455,众智科技
2026-07-09,301361,28.82,28.46,28.84,27.44,14308.11,40178969.0,4.8594,-1.2149,-0.35,2.539780957114456,众智科技
2026-07-10,301361,28.4,28.7,29.48,28.4,11825.0,34218241.0,3.7948,0.8433,0.24,2.099013064470321,众智科技
2026-07-13,301361,28.29,27.1,28.99,26.94,13533.0,37283607.0,7.1429,-5.5749,-1.6,2.4021939789832434,众智科技
2026-07-14,301361,27.0,27.65,27.7,26.69,9874.44,26892747.0,3.7269,2.0295,0.55,1.752776199943198,众智科技
2026-07-15,301361,27.65,26.97,27.88,26.87,10907.0,29827603.0,3.6528,-2.4593,-0.68,1.9360621982391368,众智科技
2026-07-16,301361,26.83,26.99,27.58,26.65,12571.0,34092578.0,3.4483,0.0742,0.02,2.231432831581937,众智科技
2026-07-17,301361,27.01,26.25,27.28,25.95,15641.0,41665640.0,4.9278,-2.7418,-0.74,2.776377449588185,众智科技
2026-07-20,301361,26.78,25.75,27.33,25.38,16070.36,42447944.0,7.4286,-1.9048,-0.5,2.8525915932973587,众智科技
2026-07-21,301361,25.9,26.17,26.44,24.53,18782.21,48126799.0,7.4175,1.6311,0.42,3.3339622976427155,众智科技
2026-07-22,301361,26.08,25.37,26.29,25.32,14254.11,36656157.0,3.7065,-3.0569,-0.8,2.5301956120420335,众智科技
2026-07-23,301361,25.4,27.18,27.28,25.4,21795.5,58014285.0,7.4103,7.1344,1.81,3.8688405282590175,众智科技
2026-07-24,301361,27.0,26.31,27.0,26.24,11842.92,31436250.0,2.7962,-3.2009,-0.87,2.1021939789832436,众智科技
2026-07-27,301361,26.25,27.1,27.26,26.1,11318.06,30432746.0,4.409,3.0027,0.79,2.0090279750071,众智科技
2026-07-28,301361,27.0,27.28,27.38,26.79,10176.07,27644536.0,2.1771,0.6642,0.18,1.8063174524282875,众智科技
2026-07-29,301361,27.27,28.04,28.1,27.0,13647.62,37756863.0,4.0323,2.7859,0.76,2.4225397614314117,众智科技
2026-07-30,301361,28.06,27.34,28.32,27.23,13195.0,36620514.0,3.8873,-2.4964,-0.7,2.342196819085487,众智科技
2026-07-31,301361,28.41,27.95,28.49,27.73,11665.5,32683868.0,2.7798,2.2312,0.61,2.0707007952286283,众智科技
2026-08-03,301361,27.96,29.17,29.18,27.78,14143.0,40688174.0,5.0089,4.3649,1.22,2.510472877023573,众智科技
2026-08-04,301361,29.41,29.5,29.55,28.98,13691.0,40068659.0,1.9541,1.1313,0.33,2.430239988639591,众智科技
2026-08-05,301361,29.41,29.36,29.63,29.11,14101.0,41394988.0,1.7627,-0.4746,-0.14,2.5030176086339107,众智科技
2026-08-06,301361,29.38,29.2,29.56,28.72,18864.0,54912509.0,2.861,-0.545,-0.16,3.3484805452996307,众智科技
2026-08-07,301361,29.2,28.86,29.21,28.3,16919.0,48548306.0,3.1164,-1.1644,-0.34,3.003230616302187,众智科技
2026-08-10,301361,28.34,28.61,28.7,27.73,23388.97,66022198.0,3.3611,-0.8663,-0.25,4.151691635898892,众智科技
2026-08-11,301361,28.31,28.29,28.57,27.89,11949.0,33743500.0,2.3768,-1.1185,-0.32,2.121023856858847,众智科技
2026-08-12,301361,28.3,28.5,28.6,28.17,10843.0,30849915.0,1.52,0.7423,0.21,1.9247017892644134,众智科技
2026-08-13,301361,28.4,28.19,28.92,28.14,12651.38,36141221.0,2.7368,-1.0877,-0.31,2.245700795228628,众智科技
2026-08-14,301361,28.19,27.89,28.28,27.62,12977.0,36157823.0,2.3413,-1.0642,-0.3,2.3035004260153364,众智科技
2026-08-17,301361,28.16,28.28,28.35,27.66,12758.0,35744816.0,2.474,1.3984,0.39,2.264626526554956,众智科技
2026-08-18,301361,28.4,27.75,28.42,27.44,13863.0,38471971.0,3.4653,-1.8741,-0.53,2.4607710877591593,众智科技
2026-08-19,301361,27.52,26.16,27.74,26.0,15804.0,41944997.0,6.2703,-5.7297,-1.59,2.805310991195683,众智科技
2026-08-20,301361,26.48,26.62,26.8,26.16,9445.62,25114424.0,2.4465,1.7584,0.46,1.6766579096847485,众智科技
2026-08-21,301361,26.28,26.51,26.78,26.16,7165.09,18935794.0,2.3291,-0.4132,-0.11,1.2718492615734167,众智科技
2026-08-24,301361,26.84,26.36,26.84,25.94,9044.0,23714589.0,3.3949,-0.5658,-0.15,1.6053677932405568,众智科技
2026-06-25,301362,196.0,190.01,202.9,177.1,80296.49,1540237923.0,,,,19.610972132249866,民爆光电
2026-06-26,301362,189.08,190.62,202.5,185.7,62177.78,1213207843.0,8.8416,0.321,0.61,15.185803399689865,民爆光电
2026-06-29,301362,193.29,200.0,204.56,180.5,72009.99,1391246803.0,12.622,4.9208,9.38,17.587143686275596,民爆光电
2026-06-30,301362,190.25,183.92,193.67,173.0,80350.27,1453860731.0,10.335,-8.04,-16.08,19.62410692906692,民爆光电
2026-07-01,301362,182.8,178.21,187.99,175.11,50673.11,914416741.0,7.003,-3.1046,-5.71,12.375994866829574,民爆光电
2026-07-02,301362,174.74,169.85,178.89,168.16,41190.04,709098688.0,6.021,-4.6911,-8.36,10.059925739795816,民爆光电
2026-07-03,301362,166.8,169.12,175.89,164.38,32218.21,549311353.0,6.7766,-0.4298,-0.73,7.868717779083171,民爆光电
2026-07-06,301362,169.0,152.65,169.88,147.0,57400.87,894977696.0,13.5289,-9.7386,-16.47,14.019129129267013,民爆光电
2026-07-07,301362,153.49,147.88,154.67,144.72,29880.05,445889978.0,6.5182,-3.1248,-4.77,7.297664292178061,民爆光电
2026-07-08,301362,150.49,146.66,152.88,142.5,32190.62,476115077.0,7.0192,-0.825,-1.22,7.861979418276506,民爆光电
2026-07-09,301362,149.0,147.77,150.46,140.0,41096.33,595580416.0,7.1321,0.7569,1.11,10.037038759324899,民爆光电
2026-07-10,301362,152.21,142.03,163.34,142.03,51828.08,790469893.0,14.4211,-3.8844,-5.74,12.658075496799635,民爆光电
2026-07-13,301362,142.0,132.0,144.0,131.3,49300.57,672106718.0,8.9418,-7.0619,-10.03,12.04077668119782,民爆光电
2026-07-14,301362,133.85,152.0,158.4,133.01,84375.31,1241541766.0,19.2348,15.1515,20.0,20.60715048764826,民爆光电
2026-07-15,301362,150.48,144.61,154.97,143.5,52822.78,782945334.0,7.5461,-4.8618,-7.39,12.901013064555695,民爆光电
2026-07-16,301362,141.4,139.29,148.82,137.36,38043.71,542008256.0,7.9248,-3.6789,-5.32,9.291491279598842,民爆光电
2026-07-17,301362,138.72,124.8,142.0,121.97,45954.35,598310133.0,14.3801,-10.4028,-14.49,11.223522687052158,民爆光电
2026-07-20,301362,129.0,106.45,132.0,99.84,77015.62,867563044.0,25.7692,-14.7035,-18.35,18.809678699130504,民爆光电
2026-07-21,301362,108.36,117.91,118.38,93.65,64475.59,696846179.0,23.2316,10.7656,11.46,15.747002125502227,民爆光电
2026-07-22,301362,115.79,115.9,121.22,113.89,45041.31,529945968.0,6.2166,-1.7047,-2.01,11.000529104199043,民爆光电
2026-07-23,301362,117.98,116.66,129.9,115.01,57071.11,693116844.0,12.8473,0.6557,0.76,13.938591185823523,民爆光电
2026-07-24,301362,114.23,114.66,118.9,111.01,36527.42,422050428.0,6.7632,-1.7144,-2.0,8.92116474434918,民爆光电
2026-07-27,301362,115.01,122.01,123.02,111.35,48111.4,562904115.0,10.1779,6.4103,7.35,11.750343316918665,民爆光电
2026-07-28,301362,118.51,112.99,123.8,111.46,46092.75,542081510.0,10.1139,-7.3928,-9.02,11.257324395484288,民爆光电
2026-07-29,301362,112.46,110.77,113.75,103.34,43744.64,474753947.0,9.2132,-1.9648,-2.22,10.683840800205624,民爆光电
2026-07-30,301362,111.0,102.42,113.01,99.0,45936.8,482009400.0,12.6478,-7.5381,-8.35,11.219236415498807,民爆光电
2026-07-31,301362,114.25,111.79,121.69,111.0,55856.08,651478588.0,10.4374,9.1486,9.37,13.641841982093105,民爆光电
2026-08-03,301362,113.4,109.87,114.5,105.56,38213.1,415425883.0,7.9971,-1.7175,-1.92,9.3328617376286,民爆光电
2026-08-04,301362,110.12,115.0,118.12,107.83,50362.68,575313410.0,9.3656,4.6692,5.13,12.300177927894703,民爆光电
2026-08-05,301362,112.94,126.0,128.45,111.5,62477.84,760291312.0,14.7391,9.5652,11.0,15.259087652812298,民爆光电
2026-08-06,301362,122.81,133.01,138.0,121.65,65106.44,853424669.0,12.9762,5.5635,7.01,15.901075881025411,民爆光电
2026-08-07,301362,133.58,140.6,144.88,133.0,77556.84,1074856195.0,8.9317,5.7063,7.59,18.941861940731926,民爆光电
2026-08-10,301362,139.76,133.05,140.51,127.34,67062.04,889491094.0,9.367,-5.3698,-7.55,16.378695975027377,民爆光电
2026-08-11,301362,133.0,127.0,135.58,126.68,51139.46,662152359.0,6.6892,-4.5472,-6.05,12.489892458790003,民爆光电
2026-08-12,301362,128.05,130.74,133.79,125.01,46213.86,602028758.0,6.9134,2.9449,3.74,11.286903332682375,民爆光电
2026-08-13,301362,133.35,128.0,137.79,128.0,50051.46,665136284.0,7.4881,-2.0958,-2.74,12.224168045681933,民爆光电
2026-08-14,301362,128.0,130.59,132.5,126.69,37012.67,478313533.0,4.5391,2.0234,2.59,9.039678321059373,民爆光电
2026-08-17,301362,128.99,137.78,138.3,128.01,54062.59,732039311.0,7.8796,5.5058,7.19,13.203814337180248,民爆光电
2026-08-18,301362,140.02,137.0,142.68,133.59,34657.16,474808581.0,6.5975,-0.5661,-0.78,8.464387409000379,民爆光电
2026-08-19,301362,131.62,118.05,133.08,117.01,50585.8,626658451.0,11.7299,-13.8321,-18.95,12.354670971141644,民爆光电
2026-08-20,301362,121.9,119.67,121.9,116.6,33388.81,397700121.0,4.4896,1.3723,1.62,8.154615755171687,民爆光电
2026-08-21,301362,119.0,120.37,123.2,115.56,22670.22,272116087.0,6.3842,0.5849,0.7,5.536793110781973,民爆光电
2026-08-24,301362,120.36,115.12,120.36,111.11,34998.34,400503859.0,7.6846,-4.3616,-5.25,8.547714481853513,民爆光电
2026-06-25,301363,19.0,19.46,19.54,18.06,240041.84,449815467.0,,,,4.598235411761249,美好医疗
2026-06-26,301363,19.13,18.45,19.4,18.33,140670.96,263043188.0,5.4985,-5.1901,-1.01,2.6946893494836153,美好医疗
2026-06-29,301363,18.25,18.51,18.84,17.78,157781.64,290069547.0,5.7453,0.3252,0.06,3.0224611025051513,美好医疗
2026-06-30,301363,18.31,18.33,18.49,17.8,130973.41,238489327.0,3.7277,-0.9724,-0.18,2.5089233271213254,美好医疗
2026-07-01,301363,18.16,20.88,21.23,18.0,383372.08,766809346.0,17.6214,13.9116,2.55,7.343865861620484,美好医疗
2026-07-02,301363,20.74,20.68,21.35,20.45,279645.0,581516385.0,4.3103,-0.9579,-0.2,5.356872542395003,美好医疗
2026-07-03,301363,21.1,20.96,21.5,20.45,183203.36,382339746.0,5.0774,1.354,0.28,3.5094389274205042,美好医疗
2026-07-06,301363,21.08,21.66,21.99,20.72,356544.17,759897172.0,6.0592,3.3397,0.7,6.829951096654745,美好医疗
2026-07-07,301363,21.0,20.2,21.15,20.08,256028.5,523289390.0,4.94,-6.7405,-1.46,4.9044754661108865,美好医疗
2026-07-08,301363,20.48,19.87,20.88,19.81,176195.61,357183311.0,5.297,-1.6337,-0.33,3.375198645781395,美好医疗
2026-07-09,301363,19.81,19.63,20.33,19.16,164849.34,324416322.0,5.8883,-1.2079,-0.24,3.15784978482697,美好医疗
2026-07-10,301363,19.35,19.99,20.76,19.13,184348.96,371502810.0,8.3036,1.8339,0.36,3.5313840120262276,美好医疗
2026-07-13,301363,19.83,18.48,20.2,18.4,157184.82,298106084.0,9.0045,-7.5538,-1.51,3.0110284336902176,美好医疗
2026-07-14,301363,18.68,19.19,19.94,18.56,165006.14,318197617.0,7.4675,3.842,0.71,3.1608534416584804,美好医疗
2026-07-15,301363,18.98,19.12,19.95,18.7,190621.39,369010954.0,6.5138,-0.3648,-0.07,3.651538522355734,美好医疗
2026-07-16,301363,18.72,19.68,19.94,18.3,202552.36,391216117.0,8.5774,2.9289,0.56,3.880087881711841,美好医疗
2026-07-17,301363,19.33,17.15,19.33,17.12,249522.93,449742701.0,11.2297,-12.8557,-2.53,4.779854931841979,美好医疗
2026-07-20,301363,17.03,16.29,17.2,15.65,212758.67,349506762.0,9.0379,-5.0146,-0.86,4.075599697757797,美好医疗
2026-07-21,301363,16.13,15.93,16.26,15.05,221355.0,347962854.0,7.4279,-2.2099,-0.36,4.24027077767114,美好医疗
2026-07-22,301363,15.78,15.62,16.19,15.5,118722.26,187450905.0,4.3315,-1.946,-0.31,2.274240607788734,美好医疗
2026-07-23,301363,15.72,15.94,16.14,15.55,107275.85,169708184.0,3.7772,2.0487,0.32,2.0549734675287774,美好医疗
2026-07-24,301363,15.6,15.25,16.18,15.25,105036.96,165238510.0,5.8344,-4.3287,-0.69,2.0120853473534024,美好医疗
2026-07-27,301363,15.2,16.7,17.07,15.17,210228.05,344265334.0,12.459,9.5082,1.45,4.02712320508589,美好医疗
2026-07-28,301363,16.43,16.98,18.15,16.3,308781.0,537024980.0,11.0778,1.6766,0.28,5.915001020984717,美好医疗
2026-07-29,301363,17.0,16.14,17.05,15.58,224158.4,359682097.0,8.6572,-4.947,-0.84,4.29397263711919,美好医疗
2026-07-30,301363,16.0,15.22,16.12,15.19,192221.66,301002478.0,5.7621,-5.7001,-0.92,3.6821932539741016,美好医疗
2026-07-31,301363,15.46,15.74,16.05,15.39,160697.5,253725491.0,4.3364,3.4166,0.52,3.0783172428669237,美好医疗
2026-08-03,301363,15.71,15.92,15.97,15.58,81169.06,128526196.0,2.4778,1.1436,0.18,1.5548724590320318,美好医疗
2026-08-04,301363,16.02,16.71,16.87,16.0,141143.49,233719228.0,5.4648,4.9623,0.79,2.703741122204236,美好医疗
2026-08-05,301363,16.67,16.9,17.04,16.51,108597.83,183106774.0,3.1718,1.137,0.19,2.080297282950456,美好医疗
2026-08-06,301363,16.78,16.82,17.15,16.63,105035.4,177237912.0,3.0769,-0.4734,-0.08,2.0120554640328847,美好医疗
2026-08-07,301363,16.77,17.57,17.66,16.71,161986.28,278943682.0,5.648,4.459,0.75,3.1030050799288693,美好医疗
2026-08-10,301363,17.56,17.26,17.8,17.12,136250.15,236604343.0,3.8702,-1.7644,-0.31,2.610004425010998,美好医疗
2026-08-11,301363,17.0,17.15,17.45,16.97,109652.28,188970440.0,2.781,-0.6373,-0.11,2.100496300463118,美好医疗
2026-08-12,301363,17.03,17.39,17.68,17.03,128053.2,223519961.0,3.7901,1.3994,0.24,2.452983858269648,美好医疗
2026-08-13,301363,17.37,17.49,17.85,17.17,136843.25,240929945.0,3.9103,0.575,0.1,2.621365833600082,美好医疗
2026-08-14,301363,17.44,17.33,17.64,17.01,96492.1,166586318.0,3.6021,-0.9148,-0.16,1.8484002254573935,美好医疗
2026-08-17,301363,17.24,17.47,17.48,17.01,90238.88,155573650.0,2.7121,0.8078,0.14,1.728613701401697,美好医疗
2026-08-18,301363,17.27,18.57,19.15,17.18,313795.41,565245577.0,11.2765,6.2965,1.1,6.011056932033765,美好医疗
2026-08-19,301363,18.0,16.38,18.13,16.35,275683.31,466485512.0,9.5854,-11.7932,-2.19,5.280982509022402,美好医疗
2026-08-20,301363,16.78,17.0,17.33,16.5,195400.68,331063517.0,5.0672,3.7851,0.62,3.7430904806354923,美好医疗
2026-08-21,301363,16.83,16.86,17.58,16.43,162854.34,275115638.0,6.7647,-0.8235,-0.14,3.119633615318923,美好医疗
2026-08-24,301363,16.71,16.15,16.86,15.96,107697.74,175274543.0,5.3381,-4.2112,-0.71,2.063055181691058,美好医疗
2026-06-25,301365,33.75,33.78,34.29,31.9,44275.38,146237821.0,,,,3.5960316038393154,矩阵股份
2026-06-26,301365,33.5,32.23,34.78,32.23,33269.63,110666131.0,7.5488,-4.5885,-1.55,2.702148257745966,矩阵股份
2026-06-29,301365,32.24,32.7,33.55,31.8,26603.6,86005818.0,5.4297,1.4583,0.47,2.1607355233517955,矩阵股份
2026-06-30,301365,32.62,37.91,38.5,32.62,87805.27,315457126.0,17.9817,15.9327,5.21,7.131514758397198,矩阵股份
2026-07-01,301365,38.22,38.5,41.9,36.12,117393.86,453517363.0,15.2466,1.5563,0.59,9.534690174464636,矩阵股份
2026-07-02,301365,39.07,39.93,42.0,37.59,121664.28,490261831.0,11.4545,3.7143,1.43,9.88153226326585,矩阵股份
2026-07-03,301365,39.41,40.02,42.5,39.0,95334.63,386528158.0,8.7653,0.2254,0.09,7.74304686758934,矩阵股份
2026-07-06,301365,40.9,41.53,41.88,39.58,94598.19,386024127.0,5.7471,3.7731,1.51,7.683233456290975,矩阵股份
2026-07-07,301365,40.59,35.57,40.9,35.02,116078.51,421302806.0,14.1584,-14.3511,-5.96,9.427857885953276,矩阵股份
2026-07-08,301365,35.57,34.88,35.99,34.0,58610.0,205068859.0,5.5946,-1.9398,-0.69,4.760284661611538,矩阵股份
2026-07-09,301365,34.93,36.86,37.33,34.46,53241.52,191149034.0,8.2282,5.6766,1.98,4.324258505662582,矩阵股份
2026-07-10,301365,37.26,36.23,37.26,35.25,33433.24,120955212.0,5.4531,-1.7092,-0.63,2.7154366074044933,矩阵股份
2026-07-13,301365,35.75,34.7,36.13,34.61,33935.44,120187781.0,4.1954,-4.223,-1.53,2.75622512398974,矩阵股份
2026-07-14,301365,35.03,37.02,37.3,35.03,48805.12,178132049.0,6.5418,6.6859,2.32,3.9639355765929114,矩阵股份
2026-07-15,301365,36.78,37.89,39.22,36.67,45012.99,171560013.0,6.8882,2.3501,0.87,3.6559400421476465,矩阵股份
2026-07-16,301365,37.28,37.58,37.96,36.1,31104.65,115482959.0,4.9089,-0.8182,-0.31,2.526309303869567,矩阵股份
2026-07-17,301365,37.21,34.78,37.73,34.33,38279.5,135745501.0,9.0474,-7.4508,-2.8,3.109048229042124,矩阵股份
2026-07-20,301365,34.79,33.25,36.09,32.64,43921.59,149265273.0,9.9195,-4.3991,-1.53,3.567296897979709,矩阵股份
2026-07-21,301365,33.74,34.77,35.2,31.2,39925.36,132836432.0,12.0301,4.5714,1.52,3.2427244295737734,矩阵股份
2026-07-22,301365,34.75,36.31,36.37,34.12,33643.5,118495366.0,6.4711,4.4291,1.54,2.7325138545116494,矩阵股份
2026-07-23,301365,36.0,36.8,37.21,35.8,27164.88,99189256.0,3.8832,1.3495,0.49,2.206322497841973,矩阵股份
2026-07-24,301365,36.14,36.66,36.93,35.51,19012.5,69155721.0,3.8587,-0.3804,-0.14,1.544188911941467,矩阵股份
2026-07-27,301365,36.43,37.98,38.0,36.19,25667.02,95854036.0,4.9373,3.6007,1.32,2.0846668079726425,矩阵股份
2026-07-28,301365,37.5,35.24,37.79,34.2,35743.28,128423095.0,9.4523,-7.2143,-2.74,2.9030572861232975,矩阵股份
2026-07-29,301365,34.65,35.31,35.66,33.31,27071.19,93334832.0,6.6686,0.1986,0.07,2.1987130272747257,矩阵股份
2026-07-30,301365,35.13,32.02,35.53,31.86,30543.0,101293178.0,10.3937,-9.3175,-3.29,2.4806922781027336,矩阵股份
2026-07-31,301365,34.06,36.64,37.07,34.06,55156.88,197314252.0,9.4004,14.4285,4.62,4.479823406352981,矩阵股份
2026-08-03,301365,36.33,34.02,36.33,33.81,41195.0,141656194.0,6.8777,-7.1507,-2.62,3.3458441671231416,矩阵股份
2026-08-04,301365,34.5,35.29,35.33,34.02,25718.81,89195306.0,3.8507,3.7331,1.27,2.0888731745077878,矩阵股份
2026-08-05,301365,35.17,37.08,37.72,35.17,43369.09,160006193.0,7.2258,5.0723,1.79,3.522423032162606,矩阵股份
2026-08-06,301365,36.45,38.53,38.84,36.45,40928.96,156401253.0,6.4455,3.9105,1.45,3.3242364870109573,矩阵股份
2026-08-07,301365,38.54,38.57,38.8,37.22,26469.4,100629865.0,4.1007,0.1038,0.04,2.149835844089071,矩阵股份
2026-08-10,301365,38.5,39.32,39.67,38.18,27714.46,108262483.0,3.8631,1.9445,0.75,2.2509592022324947,矩阵股份
2026-08-11,301365,39.32,38.88,40.44,38.21,32428.92,127117860.0,5.6714,-1.119,-0.44,2.6338660718073306,矩阵股份
2026-08-12,301365,38.89,38.94,39.58,38.5,20444.19,79637408.0,2.7778,0.1543,0.06,1.660470296469408,矩阵股份
2026-08-13,301365,39.5,38.42,39.8,38.41,17094.0,66781926.0,3.5696,-1.3354,-0.52,1.388368981497827,矩阵股份
2026-08-14,301365,38.5,43.41,44.3,38.5,85098.58,356242927.0,15.0963,12.988,4.99,6.911678298906712,矩阵股份
2026-08-17,301365,43.21,40.01,43.32,38.84,99197.77,401390096.0,10.3202,-7.8323,-3.4,8.056809810562518,矩阵股份
2026-08-18,301365,39.49,39.69,39.81,38.52,61147.95,239654565.0,3.2242,-0.7998,-0.32,4.966416114553647,矩阵股份
2026-08-19,301365,39.24,37.46,39.35,37.27,35616.35,135558900.0,5.2406,-5.6185,-2.23,2.8927480738370264,矩阵股份
2026-08-20,301365,38.18,38.46,38.9,37.47,27850.26,106462449.0,3.8174,2.6695,1.0,2.2619888329618387,矩阵股份
2026-08-21,301365,38.09,39.18,39.5,37.4,29755.13,115653764.0,5.4602,1.8721,0.72,2.4167017393492123,矩阵股份
2026-08-24,301365,39.18,38.63,39.2,37.37,23813.33,90685715.0,4.6708,-1.4038,-0.55,1.9341107241237654,矩阵股份
2026-06-25,301366,62.57,61.3,64.35,60.0,231207.49,1428417962.0,,,,19.761938747496078,一博科技
2026-06-26,301366,62.5,62.34,64.88,60.37,183496.02,1150777029.0,7.3573,1.6966,1.04,15.683908456639164,一博科技
2026-06-29,301366,62.96,60.36,64.38,57.91,163343.16,996079124.0,10.3786,-3.1761,-1.98,13.961388200453415,一博科技
2026-06-30,301366,60.21,61.17,63.0,59.15,157177.13,955623969.0,6.3784,1.3419,0.81,13.43436069293096,一博科技
2026-07-01,301366,60.87,62.71,63.8,59.36,164043.51,1009334493.0,7.2585,2.5176,1.54,14.021249037149532,一博科技
2026-07-02,301366,59.15,55.47,59.7,54.87,154231.74,876286350.0,7.7021,-11.5452,-7.24,13.182610125648353,一博科技
2026-07-03,301366,55.68,57.11,57.38,54.05,124013.14,695060416.0,6.0032,2.9566,1.64,10.599743445009741,一博科技
2026-07-06,301366,58.73,56.1,59.2,54.74,100024.8,569153713.0,7.8095,-1.7685,-1.01,8.549394186280669,一博科技
2026-07-07,301366,56.13,57.98,60.58,55.8,113385.85,663305283.0,8.5205,3.3512,1.88,9.691399800814315,一博科技
2026-07-08,301366,56.0,53.77,57.1,51.11,131183.09,707777482.0,10.3311,-7.2611,-4.21,11.212578750313257,一博科技
2026-07-09,301366,53.68,55.48,55.5,51.47,104262.71,557863595.0,7.4949,3.1802,1.71,8.911619985442282,一博科技
2026-07-10,301366,55.18,51.63,56.5,51.62,103420.39,560642331.0,8.796,-6.9394,-3.85,8.839624583192162,一博科技
2026-07-13,301366,50.71,47.18,51.98,47.08,93622.83,461334380.0,9.4906,-8.619,-4.45,8.002200239392062,一博科技
2026-07-14,301366,47.79,48.62,49.58,46.23,80877.19,388694758.0,7.1005,3.0521,1.44,6.912795406626326,一博科技
2026-07-15,301366,50.41,45.05,50.66,45.0,79681.55,373181117.0,11.6413,-7.3427,-3.57,6.81060077424631,一博科技
2026-07-16,301366,44.82,44.0,46.95,43.52,71761.63,324752120.0,7.6138,-2.3307,-1.05,6.133663474658528,一博科技
2026-07-17,301366,44.0,40.04,44.3,39.7,79481.15,331706674.0,10.4545,-9.0,-3.96,6.793472036224032,一博科技
2026-07-20,301366,40.93,35.61,41.0,34.88,98828.92,370280114.0,15.2847,-11.0639,-4.43,8.447179040441942,一博科技
2026-07-21,301366,35.99,38.74,38.78,32.19,111187.3,400411941.0,18.506,8.7897,3.13,9.50348369812531,一博科技
2026-07-22,301366,38.2,37.85,39.44,37.45,68323.25,263080515.0,5.1368,-2.2974,-0.89,5.839775699004653,一博科技
2026-07-23,301366,37.86,38.18,39.1,37.56,51374.39,196661349.0,4.0687,0.8719,0.33,4.3911101165882425,一博科技
2026-07-24,301366,37.4,37.56,38.4,36.7,37586.04,141713564.0,4.4526,-1.6239,-0.62,3.2125819982775536,一博科技
2026-07-27,301366,38.01,40.15,40.23,36.9,60415.71,234089376.0,8.8658,6.8956,2.59,5.163896551995293,一博科技
2026-07-28,301366,39.3,38.19,40.51,37.91,56044.32,219581109.0,6.4757,-4.8817,-1.96,4.790261850881515,一博科技
2026-07-29,301366,38.15,37.77,38.45,36.1,58743.52,218709816.0,6.1534,-1.0998,-0.42,5.020969883165596,一博科技
2026-07-30,301366,37.69,36.61,38.76,35.97,62842.22,234214608.0,7.3868,-3.0712,-1.16,5.371297021548363,一博科技
2026-07-31,301366,39.06,40.58,40.7,38.42,92917.13,365076086.0,6.2278,10.844,3.97,7.941882123512219,一博科技
2026-08-03,301366,41.82,43.75,44.74,41.75,182395.19,786753772.0,7.3682,7.8117,3.17,15.589817495176773,一博科技
2026-08-04,301366,43.02,44.5,45.58,41.31,174854.74,760094573.0,9.76,1.7143,0.75,14.945314537990756,一博科技
2026-08-05,301366,43.71,45.83,46.93,43.12,164253.86,739527769.0,8.5618,2.9888,1.33,14.039228228980798,一博科技
2026-08-06,301366,44.4,44.44,46.46,43.87,133133.0,597847389.0,5.6513,-3.0329,-1.39,11.379242909779414,一博科技
2026-08-07,301366,44.7,53.33,53.33,44.53,201952.97,1022173809.0,19.802,20.0045,8.89,17.261474630492778,一博科技
2026-08-10,301366,54.0,53.95,56.59,53.0,259076.11,1408169446.0,6.7317,1.1626,0.62,22.14394618772755,一博科技
2026-08-11,301366,53.51,53.27,55.9,52.92,187949.55,1019744314.0,5.5236,-1.2604,-0.68,16.064563888996204,一博科技
2026-08-12,301366,53.01,54.8,54.88,52.76,156885.0,851248661.0,3.9797,2.8722,1.53,13.409391540044494,一博科技
2026-08-13,301366,55.48,56.9,60.0,54.38,214406.51,1211888933.0,10.2555,3.8321,2.1,18.325912874554387,一博科技
2026-08-14,301366,56.34,55.22,57.3,54.05,155720.44,857600219.0,5.7118,-2.9525,-1.68,13.309853400567334,一博科技
2026-08-17,301366,55.48,57.26,58.3,55.01,148205.63,836603370.0,5.958,3.6943,2.04,12.667541964553427,一博科技
2026-08-18,301366,56.91,57.72,57.98,55.61,136994.85,779913443.0,4.139,0.8034,0.46,11.709325828598429,一博科技
2026-08-19,301366,55.8,54.66,57.91,54.5,122924.01,688362278.0,5.9078,-5.3015,-3.06,10.50665251465943,一博科技
2026-08-20,301366,56.0,56.76,58.15,55.0,129078.96,735184735.0,5.7629,3.8419,2.1,11.032732984171473,一博科技
2026-08-21,301366,57.5,56.38,58.34,55.76,90807.3,514529159.0,4.5455,-0.6695,-0.38,7.761549162726087,一博科技
2026-08-24,301366,55.84,54.87,56.38,53.42,85443.12,469031220.0,5.2501,-2.6783,-1.51,7.303057975478895,一博科技
2026-06-25,301367,40.5,40.19,40.5,39.26,11551.68,46027157.0,,,,1.177550431125673,瑞迈特
2026-06-26,301367,40.5,38.71,40.5,38.71,8388.36,32808089.0,4.4538,-3.6825,-1.48,0.8550892107846955,瑞迈特
2026-06-29,301367,38.68,39.44,39.67,37.8,13625.74,52999256.0,4.8308,1.8858,0.73,1.3889751111012707,瑞迈特
2026-06-30,301367,39.3,38.66,40.0,38.49,11329.42,44096435.0,3.8286,-1.9777,-0.78,1.1548937821514984,瑞迈特
2026-07-01,301367,38.58,39.79,39.83,37.52,20496.44,79131980.0,5.9752,2.9229,1.13,2.0893577175390496,瑞迈特
2026-07-02,301367,39.45,39.91,40.74,39.33,17406.44,69930245.0,3.5436,0.3016,0.12,1.7743705613697018,瑞迈特
2026-07-03,301367,39.99,43.19,44.09,39.99,35189.79,149807173.0,10.2731,8.2185,3.28,3.5871624201606953,瑞迈特
2026-07-06,301367,42.75,45.92,47.99,42.24,44866.42,201606560.0,13.3133,6.3209,2.73,4.57357477129435,瑞迈特
2026-07-07,301367,45.1,41.8,45.13,41.23,34916.6,149918676.0,8.493,-8.9721,-4.12,3.5593140896772306,瑞迈特
2026-07-08,301367,41.68,39.9,41.88,39.43,25078.49,100754088.0,5.8612,-4.5455,-1.9,2.556440856349975,瑞迈特
2026-07-09,301367,39.8,38.58,40.2,38.51,21101.83,82249543.0,4.2356,-3.3083,-1.32,2.1510697157504937,瑞迈特
2026-07-10,301367,38.51,44.99,46.02,37.78,71016.43,303984767.0,21.3582,16.6148,6.41,7.239243795145484,瑞迈特
2026-07-13,301367,44.55,43.5,46.77,42.72,57890.01,255779997.0,9.002,-3.3118,-1.49,5.901168161978995,瑞迈特
2026-07-14,301367,43.28,43.63,44.38,42.66,30269.37,131535820.0,3.954,0.2989,0.13,3.085586658685361,瑞迈特
2026-07-15,301367,43.33,46.05,46.46,43.33,46843.58,212401179.0,7.174,5.5466,2.42,4.775121698702695,瑞迈特
2026-07-16,301367,46.4,49.14,51.0,45.91,85042.61,415595272.0,11.0532,6.7101,3.09,8.669038795184116,瑞迈特
2026-07-17,301367,48.21,46.76,48.99,46.38,47441.62,225673009.0,5.3114,-4.8433,-2.38,4.836084455620338,瑞迈特
2026-07-20,301367,46.52,48.02,48.77,46.1,45647.35,217147801.0,5.71,2.6946,1.26,4.65318089422876,瑞迈特
2026-07-21,301367,47.85,46.61,49.0,45.0,46080.52,215357617.0,8.3299,-2.9363,-1.41,4.6973372005193355,瑞迈特
2026-07-22,301367,45.81,51.16,51.99,45.29,73948.31,372290208.0,14.3746,9.7619,4.55,7.538112579426967,瑞迈特
2026-07-23,301367,50.2,52.66,53.19,50.14,59009.72,308996119.0,5.9617,2.932,1.5,6.015308701990121,瑞迈特
2026-07-24,301367,51.59,46.86,52.0,46.05,68860.73,333791082.0,11.2989,-11.0141,-5.8,7.019496930241191,瑞迈特
2026-07-27,301367,45.54,46.92,47.24,44.88,37466.58,173164048.0,5.0363,0.128,0.06,3.8192529079583677,瑞迈特
2026-07-28,301367,46.04,44.87,46.92,44.37,40387.46,182991015.0,5.4348,-4.3691,-2.05,4.1170003787389255,瑞迈特
2026-07-29,301367,45.0,44.12,45.08,42.4,38398.98,168181821.0,5.9728,-1.6715,-0.75,3.914299517800536,瑞迈特
2026-07-30,301367,43.68,43.78,44.99,43.38,25757.61,113605820.0,3.6491,-0.7706,-0.34,2.625668713145356,瑞迈特
2026-07-31,301367,43.61,44.36,45.32,43.61,24001.92,107200248.0,3.9059,1.3248,0.58,2.4466979040143,瑞迈特
2026-08-03,301367,44.35,44.6,45.11,43.76,17620.74,78279317.0,3.0433,0.541,0.24,1.7962157871195699,瑞迈特
2026-08-04,301367,44.79,45.18,45.46,44.04,23695.8,106380281.0,3.1839,1.3004,0.58,2.4154927686594263,瑞迈特
2026-08-05,301367,45.0,45.72,45.94,44.74,22865.98,103691035.0,2.656,1.1952,0.54,2.330902916901352,瑞迈特
2026-08-06,301367,45.2,47.66,47.84,44.52,38124.13,175033367.0,7.2616,4.2432,1.94,3.886281970916023,瑞迈特
2026-08-07,301367,46.9,47.97,48.28,46.16,27784.11,131400228.0,4.4482,0.6504,0.31,2.8322452412933115,瑞迈特
2026-08-10,301367,47.69,46.45,48.18,46.16,27240.26,128134554.0,4.211,-3.1686,-1.52,2.7768064824315966,瑞迈特
2026-08-11,301367,46.3,46.58,47.97,46.02,23970.75,112831554.0,4.1981,0.2799,0.13,2.4435205093030388,瑞迈特
2026-08-12,301367,46.12,46.75,46.87,46.06,14986.97,69497758.0,1.7389,0.365,0.17,1.5277356180891029,瑞迈特
2026-08-13,301367,46.74,46.25,47.64,46.12,20507.32,96138342.0,3.2513,-1.0695,-0.5,2.090466798529057,瑞迈特
2026-08-14,301367,46.0,47.58,47.6,45.84,27898.85,131453542.0,3.8054,2.8757,1.33,2.8439415604838847,瑞迈特
2026-08-17,301367,47.48,47.14,47.63,46.69,17084.0,80321711.0,1.9756,-0.9248,-0.44,1.741501804529817,瑞迈特
2026-08-18,301367,46.86,45.02,47.16,45.01,23146.59,106252883.0,4.5609,-4.4972,-2.12,2.359507624309987,瑞迈特
2026-08-19,301367,44.77,42.68,44.95,42.3,23347.5,101723903.0,5.8863,-5.1977,-2.34,2.379987905716454,瑞迈特
2026-08-20,301367,43.04,44.35,44.99,43.04,22185.14,98246982.0,4.5689,3.9128,1.67,2.261499727449463,瑞迈特
2026-08-21,301367,43.76,43.62,43.88,42.64,12764.63,55364221.0,2.7959,-1.646,-0.73,1.301195632121016,瑞迈特
2026-08-24,301367,43.36,42.4,43.5,42.15,11865.42,50494289.0,3.0949,-2.7969,-1.22,1.209532330923916,瑞迈特
2026-06-25,301368,41.73,40.53,43.9,40.36,35563.53,147935265.0,,,,2.9611598667776855,丰立智能
2026-06-26,301368,40.61,39.08,40.61,39.08,25323.51,100370350.0,3.775,-3.5776,-1.45,2.1085353871773522,丰立智能
2026-06-29,301368,39.01,39.37,39.69,37.93,27034.0,105352137.0,4.5036,0.7421,0.29,2.2509575353871774,丰立智能
2026-06-30,301368,39.71,41.63,42.24,39.37,33547.87,137574045.0,7.2898,5.7404,2.26,2.7933280599500416,丰立智能
2026-07-01,301368,42.53,43.43,44.08,41.9,46840.88,202402867.0,5.2366,4.3238,1.8,3.900156536219817,丰立智能
2026-07-02,301368,43.8,43.81,45.88,43.44,47336.07,211041041.0,5.6182,0.875,0.38,3.941388009991673,丰立智能
2026-07-03,301368,43.81,50.06,52.27,43.7,98364.89,472267865.0,19.5617,14.2661,6.25,8.190248959200666,丰立智能
2026-07-06,301368,48.96,46.17,49.18,46.02,65575.92,309841064.0,6.3124,-7.7707,-3.89,5.460109908409659,丰立智能
2026-07-07,301368,46.07,44.24,48.79,43.96,55886.92,257085735.0,10.4613,-4.1802,-1.93,4.653365528726062,丰立智能
2026-07-08,301368,44.4,41.82,44.76,41.56,37823.0,160413273.0,7.2333,-5.4702,-2.42,3.149292256452956,丰立智能
2026-07-09,301368,42.0,42.05,42.29,40.26,30818.0,127482174.0,4.8541,0.55,0.23,2.5660283097418817,丰立智能
2026-07-10,301368,42.15,42.7,43.96,41.85,37124.61,159477595.0,5.0178,1.5458,0.65,3.091141548709409,丰立智能
2026-07-13,301368,42.01,39.46,42.01,39.38,31008.46,125313273.0,6.1593,-7.5878,-3.24,2.581886761032473,丰立智能
2026-07-14,301368,39.55,40.0,40.44,38.66,25647.26,101557316.0,4.5109,1.3685,0.54,2.1354920899250627,丰立智能
2026-07-15,301368,39.95,42.61,44.67,39.08,55324.19,234523965.0,13.975,6.525,2.61,4.606510407993339,丰立智能
2026-07-16,301368,41.86,42.64,43.42,41.5,34628.89,147721168.0,4.506,0.0704,0.03,2.883338051623647,丰立智能
2026-07-17,301368,43.1,40.18,43.55,39.7,33053.27,136468067.0,9.0291,-5.7692,-2.46,2.7521457119067443,丰立智能
2026-07-20,301368,40.66,38.19,40.9,37.56,33574.8,131217902.0,8.3126,-4.9527,-1.99,2.7955703580349707,丰立智能
2026-07-21,301368,38.68,39.4,39.59,35.91,32667.95,123999318.0,9.636,3.1684,1.21,2.7200624479600335,丰立智能
2026-07-22,301368,39.02,37.68,39.02,37.5,23579.95,89844399.0,3.8579,-4.3655,-1.72,1.9633597002497918,丰立智能
2026-07-23,301368,37.28,37.84,37.85,36.97,13096.39,48976044.0,2.3355,0.4246,0.16,1.090457119067444,丰立智能
2026-07-24,301368,36.79,36.35,37.4,36.3,15123.15,55565102.0,2.907,-3.9376,-1.49,1.2592131557035804,丰立智能
2026-07-27,301368,36.33,38.13,38.32,36.18,21139.0,79719268.0,5.8872,4.8968,1.78,1.7601165695253953,丰立智能
2026-07-28,301368,37.54,38.03,39.0,37.38,15748.15,60227886.0,4.2486,-0.2623,-0.1,1.3112531223980017,丰立智能
2026-07-29,301368,38.22,37.81,38.66,37.56,18336.92,69706837.0,2.8925,-0.5785,-0.22,1.526804329725229,丰立智能
2026-07-30,301368,37.49,37.35,38.38,37.05,20927.77,78978286.0,3.5176,-1.2166,-0.46,1.7425287260616156,丰立智能
2026-07-31,301368,38.82,39.52,40.3,38.55,37659.27,148566294.0,4.6854,5.8099,2.17,3.135659450457952,丰立智能
2026-08-03,301368,39.36,41.6,41.64,38.7,32260.88,132082750.0,7.4393,5.2632,2.08,2.6861681931723567,丰立智能
2026-08-04,301368,41.49,42.87,43.12,40.93,28666.24,121487608.0,5.2644,3.0529,1.27,2.386864279766861,丰立智能
2026-08-05,301368,43.05,43.53,43.99,42.9,33293.65,144973408.0,2.5426,1.5395,0.66,2.772160699417152,丰立智能
2026-08-06,301368,43.53,43.2,44.21,42.71,23849.65,103464637.0,3.4459,-0.7581,-0.33,1.9858159866777685,丰立智能
2026-08-07,301368,43.47,43.07,43.48,41.82,23067.87,98289037.0,3.8426,-0.3009,-0.13,1.920721898417985,丰立智能
2026-08-10,301368,43.18,43.02,43.92,42.18,15490.71,66542085.0,4.0399,-0.1161,-0.05,1.2898176519567028,丰立智能
2026-08-11,301368,43.08,43.7,44.29,41.73,29980.61,129716648.0,5.9507,1.5807,0.68,2.4963039134054954,丰立智能
2026-08-12,301368,43.39,43.56,43.9,43.05,16947.0,73850887.0,1.9451,-0.3204,-0.14,1.411074104912573,丰立智能
2026-08-13,301368,44.02,42.5,44.1,42.5,19315.7,83554762.0,3.6731,-2.4334,-1.06,1.6083014154870943,丰立智能
2026-08-14,301368,42.5,42.38,42.74,41.73,14936.72,62953592.0,2.3765,-0.2824,-0.12,1.2436902581182347,丰立智能
2026-08-17,301368,42.2,43.3,43.5,42.01,15817.86,67685939.0,3.5158,2.1708,0.92,1.3170574521232306,丰立智能
2026-08-18,301368,43.26,44.0,44.2,42.55,37130.7,161895810.0,3.8106,1.6166,0.7,3.0916486261448792,丰立智能
2026-08-19,301368,43.21,39.59,43.56,39.54,38645.84,157254818.0,9.1364,-10.0227,-4.41,3.217805162364696,丰立智能
2026-08-20,301368,40.31,39.63,40.49,39.0,17074.0,67727626.0,3.7636,0.101,0.04,1.421648626144879,丰立智能
2026-08-21,301368,39.63,39.94,40.11,38.7,12328.68,48666160.0,3.5579,0.7822,0.31,1.026534554537885,丰立智能
2026-08-24,301368,39.56,38.59,39.84,38.03,14224.0,54895909.0,4.5318,-3.3801,-1.35,1.184346378018318,丰立智能
2026-06-25,301369,233.5,232.59,239.5,225.0,28364.47,665080604.0,,,,5.171351413960314,联动科技
2026-06-26,301369,232.15,224.53,234.8,220.0,23287.92,531081118.0,6.3631,-3.4653,-8.06,4.2458053339334265,联动科技
2026-06-29,301369,226.14,229.29,239.98,216.05,30029.64,681245008.0,10.6578,2.12,4.76,5.474941758993529,联动科技
2026-06-30,301369,230.01,245.0,245.98,225.32,30886.98,729126185.0,9.0104,6.8516,15.71,5.631250211830643,联动科技
2026-07-01,301369,242.18,238.0,260.54,234.85,28868.25,708528398.0,10.4857,-2.8571,-7.0,5.263199539989989,联动科技
2026-07-02,301369,218.9,223.16,237.98,218.9,24642.56,563203662.0,8.0168,-6.2353,-14.84,4.492780492623408,联动科技
2026-07-03,301369,223.2,216.5,228.73,212.44,20340.46,444865504.0,7.2997,-2.9844,-6.66,3.7084305323386335,联动科技
2026-07-06,301369,229.0,224.18,235.9,213.0,26047.06,588351262.0,10.5774,3.5473,7.68,4.748846023229382,联动科技
2026-07-07,301369,222.0,219.0,225.43,212.0,17917.91,393863850.0,5.9907,-2.3106,-5.18,3.266756234603137,联动科技
2026-07-08,301369,220.01,235.5,253.18,219.8,44625.08,1057337005.0,15.242,7.5342,16.5,8.135952145627686,联动科技
2026-07-09,301369,238.08,241.77,244.36,220.0,41217.25,958336044.0,10.3439,2.6624,6.27,7.514643639280259,联动科技
2026-07-10,301369,236.01,221.39,247.99,221.0,39027.45,928936614.0,11.1635,-8.4295,-20.38,7.1154038394077315,联动科技
2026-07-13,301369,218.28,202.43,228.0,201.05,31851.61,685254340.0,12.1731,-8.5641,-18.96,5.80711955521864,联动科技
2026-07-14,301369,202.43,204.99,216.0,195.3,29191.7,602065596.0,10.2258,1.2646,2.56,5.322170273969698,联动科技
2026-07-15,301369,209.97,189.47,214.88,187.11,30445.27,594416102.0,13.547,-7.5711,-15.52,5.550718559624189,联动科技
2026-07-16,301369,188.32,174.38,191.86,171.2,23745.26,429600694.0,10.9041,-7.9643,-15.09,4.329186615362645,联动科技
2026-07-17,301369,175.0,148.0,175.32,147.08,32389.68,517653822.0,16.1945,-15.1279,-26.38,5.905219363017257,联动科技
2026-07-20,301369,153.11,129.8,156.0,126.0,45777.96,647330882.0,20.2703,-12.2973,-18.2,8.346142839059523,联动科技
2026-07-21,301369,132.13,155.76,155.76,120.06,51134.99,715201442.0,27.5039,20.0,25.96,9.322825451677627,联动科技
2026-07-22,301369,155.49,146.94,160.0,144.53,39327.0,598794117.0,9.9319,-5.6626,-8.82,7.170017174895821,联动科技
2026-07-23,301369,147.69,139.41,153.15,138.01,23475.79,335264151.0,10.3035,-5.1245,-7.53,4.280057403164431,联动科技
2026-07-24,301369,135.9,138.15,142.25,135.23,28644.34,398801704.0,5.0355,-0.9038,-1.26,5.222376732615134,联动科技
2026-07-27,301369,138.17,140.2,141.46,132.98,24238.92,331375166.0,6.1383,1.4839,2.05,4.419189683955699,联动科技
2026-07-28,301369,137.65,132.59,142.58,131.21,22132.69,302204679.0,8.1098,-5.428,-7.61,4.035186193369567,联动科技
2026-07-29,301369,132.61,122.46,133.48,115.76,31324.39,387622559.0,13.3645,-7.6401,-10.13,5.710997896944463,联动科技
2026-07-30,301369,121.63,108.2,122.46,106.88,36015.44,408321846.0,12.7225,-11.6446,-14.26,6.5662604155269895,联动科技
2026-07-31,301369,121.47,112.83,121.87,112.83,28096.8,330025349.0,8.3549,4.2791,4.63,5.122550374033435,联动科技
2026-08-03,301369,113.27,109.41,114.26,107.88,23652.54,261061943.0,5.6545,-3.0311,-3.42,4.312282097030294,联动科技
2026-08-04,301369,110.84,120.2,121.46,109.0,24425.23,285705864.0,11.3884,9.862,10.79,4.4531573372182125,联动科技
2026-08-05,301369,120.05,130.39,132.88,117.8,26476.15,337088841.0,12.5458,8.4775,10.19,4.827076823177918,联动科技
2026-08-06,301369,128.0,135.24,137.32,125.63,27165.23,359903658.0,8.9654,3.7196,4.85,4.952708461362301,联动科技
2026-08-07,301369,135.0,137.86,141.0,131.98,25591.9,352152292.0,6.6696,1.9373,2.62,4.665862194884338,联动科技
2026-08-10,301369,138.0,137.2,139.93,133.25,24358.34,331753443.0,4.8455,-0.4787,-0.66,4.440962090979527,联动科技
2026-08-11,301369,134.91,133.63,137.7,131.1,22897.75,308244505.0,4.8105,-2.602,-3.57,4.17467034776288,联动科技
2026-08-12,301369,133.58,144.55,146.0,133.0,32701.72,462476321.0,9.7284,8.1718,10.92,5.962109849432556,联动科技
2026-08-13,301369,146.43,142.21,150.97,141.85,34157.8,502913379.0,6.3092,-1.6188,-2.34,6.22757933879158,联动科技
2026-08-14,301369,143.26,141.98,145.64,138.9,24238.39,344243503.0,4.7395,-0.1617,-0.23,4.419093055453584,联动科技
2026-08-17,301369,143.07,146.69,147.76,141.98,24209.76,352943572.0,4.071,3.3174,4.71,4.413873293160064,联动科技
2026-08-18,301369,145.69,150.75,151.58,144.42,27671.44,409050909.0,4.881,2.7677,4.06,5.044999619958277,联动科技
2026-08-19,301369,145.43,132.86,147.43,131.43,31050.31,430745220.0,10.6136,-11.8673,-17.89,5.661028199095773,联动科技
2026-08-20,301369,135.03,134.6,136.99,131.2,19412.25,260035503.0,4.358,1.3096,1.74,3.5392012079073254,联动科技
2026-08-21,301369,132.9,134.5,137.56,130.75,16297.68,219432630.0,5.0594,-0.0743,-0.1,2.9713592572775984,联动科技
2026-08-24,301369,131.83,131.09,136.0,126.2,20698.58,269475926.0,7.2862,-2.5353,-3.41,3.7737222289001227,联动科技
2026-06-25,301370,8.53,8.41,8.56,8.26,32310.02,27102734.0,,,,0.997997331639105,国科恒泰
2026-06-26,301370,8.42,8.14,8.42,8.13,27163.19,22270945.0,3.4483,-3.2105,-0.27,0.8390211810084308,国科恒泰
2026-06-29,301370,8.13,8.23,8.3,7.89,34504.0,28083220.0,5.0369,1.1057,0.09,1.0657653548612993,国科恒泰
2026-06-30,301370,8.17,8.09,8.23,8.01,28032.0,22679395.0,2.6731,-1.7011,-0.14,0.8658571304043572,国科恒泰
2026-07-01,301370,8.11,8.35,8.44,7.97,44709.1,36908553.0,5.8096,3.2138,0.26,1.3809821999486818,国科恒泰
2026-07-02,301370,8.32,8.35,8.54,8.27,38537.78,32356190.0,3.2335,0.0,0.0,1.1903614298999154,国科恒泰
2026-07-03,301370,8.35,8.49,8.52,8.35,29064.0,24598685.0,2.0359,1.6766,0.14,0.8977337199654765,国科恒泰
2026-07-06,301370,8.52,8.54,8.66,8.45,30208.0,25848703.0,2.4735,0.5889,0.05,0.9330697843626864,国科恒泰
2026-07-07,301370,8.55,8.26,8.6,8.26,25837.0,21577049.0,3.9813,-3.2787,-0.28,0.7980576012506199,国科恒泰
2026-07-08,301370,8.26,8.33,8.41,8.17,21295.0,17681390.0,2.9056,0.8475,0.07,0.6577635413798797,国科恒泰
2026-07-09,301370,8.26,8.21,8.43,8.13,20374.0,16780323.0,3.6014,-1.4406,-0.12,0.6293155384866714,国科恒泰
2026-07-10,301370,8.16,8.5,8.57,8.08,38133.35,32084172.0,5.9683,3.5323,0.29,1.1778693280431292,国科恒泰
2026-07-13,301370,8.39,8.4,8.61,8.32,42848.36,36060631.0,3.4118,-1.1765,-0.1,0.9105048873778155,国科恒泰
2026-07-14,301370,8.42,8.87,8.93,8.33,77577.9,67566423.0,7.1429,5.5952,0.47,1.6484891627709306,国科恒泰
2026-07-15,301370,8.79,8.98,9.07,8.66,74533.0,66754839.0,4.6223,1.2401,0.11,1.5837866553336168,国科恒泰
2026-07-16,301370,8.9,9.02,9.12,8.81,48894.0,43956548.0,3.4521,0.4454,0.04,1.0389715257118572,国科恒泰
2026-07-17,301370,9.03,8.71,9.08,8.63,46444.16,40874299.0,4.9889,-3.4368,-0.31,0.986913727156821,国科恒泰
2026-07-20,301370,8.72,8.67,8.84,8.49,47356.0,41069184.0,4.0184,-0.4592,-0.04,1.0062898427539313,国科恒泰
2026-07-21,301370,8.6,8.44,8.66,8.26,49980.91,41936078.0,4.6136,-2.6528,-0.23,1.0620677858053549,国科恒泰
2026-07-22,301370,8.38,8.28,8.58,8.25,33599.0,28196954.0,3.91,-1.8957,-0.16,0.7139609009774756,国科恒泰
2026-07-23,301370,8.27,8.42,8.44,8.23,26723.98,22313548.0,2.5362,1.6908,0.14,0.567870378240544,国科恒泰
2026-07-24,301370,8.36,8.14,8.42,8.14,23819.79,19664900.0,3.3254,-3.3254,-0.28,0.5061578835529111,国科恒泰
2026-07-27,301370,8.09,8.39,8.46,8.06,32846.0,27488287.0,4.914,3.0713,0.25,0.697960050998725,国科恒泰
2026-07-28,301370,8.3,8.48,8.7,8.3,47464.98,40509672.0,4.7676,1.0727,0.09,1.0086056098597536,国科恒泰
2026-07-29,301370,8.48,8.55,8.62,8.48,30602.0,26181855.0,1.6509,0.8255,0.07,0.6502762430939226,国科恒泰
2026-07-30,301370,8.52,8.59,8.72,8.49,34439.0,29673603.0,2.6901,0.4678,0.04,0.7318104547386316,国科恒泰
2026-07-31,301370,8.6,8.67,8.71,8.57,35016.9,30301896.0,1.6298,0.9313,0.08,0.7440905227369315,国科恒泰
2026-08-03,301370,8.67,8.77,8.78,8.63,42562.44,37117366.0,1.7301,1.1534,0.1,0.9044292392690183,国科恒泰
2026-08-04,301370,8.74,8.76,8.88,8.7,37856.09,33179548.0,2.0525,-0.114,-0.01,0.8044218019549512,国科恒泰
2026-08-05,301370,8.72,8.67,8.79,8.6,40540.0,35173000.0,2.1689,-1.0274,-0.09,0.8614534636634084,国科恒泰
2026-08-06,301370,8.72,8.68,8.75,8.55,57974.0,50203727.0,2.3068,0.1153,0.01,1.231916702082448,国科恒泰
2026-08-07,301370,8.67,8.78,8.81,8.56,62766.17,54679659.0,2.8802,1.1521,0.1,1.33374776880578,国科恒泰
2026-08-10,301370,8.78,8.89,9.0,8.76,54486.15,48458170.0,2.7335,1.2528,0.11,1.1578017424564386,国科恒泰
2026-08-11,301370,8.85,9.03,9.25,8.81,86387.16,78379421.0,4.9494,1.5748,0.14,1.8356812579685509,国科恒泰
2026-08-12,301370,8.93,9.0,9.15,8.91,61672.0,55485695.0,2.6578,-0.3322,-0.03,1.310497237569061,国科恒泰
2026-08-13,301370,8.96,9.19,9.39,8.81,84837.0,77352328.0,6.4444,2.1111,0.19,1.8027411814704635,国科恒泰
2026-08-14,301370,9.17,9.13,9.29,9.02,57336.0,52486665.0,2.938,-0.6529,-0.06,1.2183595410114747,国科恒泰
2026-08-17,301370,9.15,9.15,9.25,8.92,51838.17,47328212.0,3.6145,0.2191,0.02,1.101533574160646,国科恒泰
2026-08-18,301370,9.12,9.08,9.2,8.98,36211.0,32794959.0,2.4044,-0.765,-0.07,0.7694645133871654,国科恒泰
2026-08-19,301370,9.0,8.79,9.08,8.73,38168.0,33810136.0,3.8546,-3.1938,-0.29,0.8110497237569061,国科恒泰
2026-08-20,301370,8.94,9.06,9.21,8.9,51195.99,46546573.0,3.5267,3.0717,0.27,1.0878875903102423,国科恒泰
2026-08-21,301370,8.97,8.82,8.97,8.67,40116.0,35273432.0,3.3113,-2.649,-0.24,0.8524436889077773,国科恒泰
2026-08-24,301370,8.82,8.71,8.88,8.65,37144.0,32423432.0,2.6077,-1.2472,-0.11,0.7892902677433065,国科恒泰
2026-06-25,301371,26.26,25.84,26.54,25.35,29110.1,75399124.0,,,,3.739043650712098,敷尔佳
2026-06-26,301371,25.78,26.13,26.43,25.45,37243.88,96783757.0,3.7926,1.1223,0.29,4.78378614439261,敷尔佳
2026-06-29,301371,26.03,25.96,26.65,25.26,29016.24,75106267.0,5.3196,-0.6506,-0.17,3.7269878131486465,敷尔佳
2026-06-30,301371,25.9,26.0,26.2,25.32,26391.16,68159215.0,3.3898,0.1541,0.04,3.3898096960480073,敷尔佳
2026-07-01,301371,26.0,27.27,27.8,25.53,27127.0,73037040.0,8.7308,4.8846,1.27,3.4843245853798885,敷尔佳
2026-07-02,301371,27.2,27.56,27.93,26.55,38514.2,105176446.0,5.0605,1.0634,0.29,4.946952259602541,敷尔佳
2026-07-03,301371,27.5,27.19,27.87,27.07,34534.78,94472847.0,2.9028,-1.3425,-0.37,4.435816087465834,敷尔佳
2026-07-06,301371,27.41,27.17,28.6,27.08,36200.05,100223213.0,5.5903,-0.0736,-0.02,4.64971151277256,敷尔佳
2026-07-07,301371,27.42,25.6,27.48,25.58,27779.6,72566791.0,6.993,-5.7784,-1.57,3.5681477219013957,敷尔佳
2026-07-08,301371,25.62,26.22,26.84,25.43,31637.56,82830105.0,5.5078,2.4219,0.62,4.063682977455352,敷尔佳
2026-07-09,301371,26.01,25.86,26.21,25.61,21901.55,56544980.0,2.2883,-1.373,-0.36,2.8131422244600177,敷尔佳
2026-07-10,301371,25.83,25.98,26.55,25.66,22128.5,57968537.0,3.4416,0.464,0.12,2.8422927927002197,敷尔佳
2026-07-13,301371,26.05,25.76,26.34,25.55,29410.6,76001100.0,3.0408,-0.8468,-0.22,3.777641340759161,敷尔佳
2026-07-14,301371,25.72,26.26,26.32,25.55,27534.29,71800483.0,2.9891,1.941,0.5,3.536638905444008,敷尔佳
2026-07-15,301371,26.06,26.54,26.69,25.0,38339.5,99148502.0,6.4356,1.0663,0.28,4.924512936969522,敷尔佳
2026-07-16,301371,26.54,24.92,26.79,24.73,46116.46,117013227.0,7.7619,-6.104,-1.62,5.923423724285333,敷尔佳
2026-07-17,301371,24.7,23.68,25.0,23.53,38233.42,92513571.0,5.8989,-4.9759,-1.24,4.910887502825788,敷尔佳
2026-07-20,301371,23.75,23.86,24.38,23.3,31547.38,75367182.0,4.5608,0.7601,0.18,4.052099817094474,敷尔佳
2026-07-21,301371,23.62,23.55,24.18,23.13,30512.86,72100036.0,4.4007,-1.2992,-0.31,3.919221007418977,敷尔佳
2026-07-22,301371,23.46,23.35,23.76,23.03,23789.79,55495973.0,3.0998,-0.8493,-0.2,3.0556770073367723,敷尔佳
2026-07-23,301371,23.35,23.45,23.61,23.23,14186.2,33252858.0,1.6274,0.4283,0.1,1.8221449269405454,敷尔佳
2026-07-24,301371,23.45,22.96,23.45,22.78,15466.1,35593492.0,2.8571,-2.0896,-0.49,1.9865415442158696,敷尔佳
2026-07-27,301371,23.19,24.3,24.3,22.65,34063.24,80348260.0,7.1864,5.8362,1.34,4.375249183090487,敷尔佳
2026-07-28,301371,23.8,24.38,24.65,23.68,26169.2,63540235.0,3.9918,0.3292,0.08,3.361300067818903,敷尔佳
2026-07-29,301371,24.38,25.48,25.54,24.29,31669.41,79104536.0,5.1272,4.5119,1.1,4.067773947265666,敷尔佳
2026-07-30,301371,25.4,25.52,26.16,25.16,24754.71,63494243.0,3.9246,0.157,0.04,3.1796160525288233,敷尔佳
2026-07-31,301371,25.05,25.62,25.84,25.05,24056.78,61487152.0,3.0956,0.3918,0.1,3.089970509052796,敷尔佳
2026-08-03,301371,25.62,25.63,26.88,25.15,37732.31,97201990.0,6.7525,0.039,0.01,4.846522482993897,敷尔佳
2026-08-04,301371,25.58,25.96,26.45,25.35,26900.6,69729624.0,4.2918,1.2876,0.33,3.4552446618302883,敷尔佳
2026-08-05,301371,25.9,25.7,26.01,25.5,22629.74,58136295.0,1.9646,-1.0015,-0.26,2.902167737732333,敷尔佳
2026-08-06,301371,25.72,25.42,25.72,24.95,24458.25,61752627.0,2.9961,-1.0895,-0.28,3.1366663546020344,敷尔佳
2026-08-07,301371,25.13,25.14,25.5,24.78,24303.0,60799617.0,2.8324,-1.1015,-0.28,3.1167562035670273,敷尔佳
2026-08-10,301371,25.07,26.55,26.87,25.01,48183.44,126903941.0,7.3986,5.6086,1.41,6.179320887511815,敷尔佳
2026-08-11,301371,26.2,26.42,26.76,25.88,26088.32,68760422.0,3.3145,-0.4896,-0.13,3.3457158869539456,敷尔佳
2026-08-12,301371,26.3,25.61,26.33,24.9,41653.3,106406371.0,5.4126,-3.0659,-0.81,5.341858255114119,敷尔佳
2026-08-13,301371,25.49,25.21,25.85,25.19,37503.44,95508534.0,2.5771,-1.5619,-0.4,4.8096563911905434,敷尔佳
2026-08-14,301371,25.06,24.59,25.27,24.51,27191.75,67377198.0,3.0147,-2.4593,-0.62,3.4872260831314534,敷尔佳
2026-08-17,301371,24.61,25.98,26.12,24.4,38480.08,97569852.0,6.9947,5.6527,1.39,4.934906310075114,敷尔佳
2026-08-18,301371,25.98,26.62,26.7,25.84,33561.13,88292411.0,3.3102,2.4634,0.64,4.30407193047029,敷尔佳
2026-08-19,301371,26.68,26.1,27.1,25.8,42340.08,111336468.0,4.8835,-1.9534,-0.52,5.429934863988981,敷尔佳
2026-08-20,301371,25.21,23.5,25.44,23.18,84629.29,202766770.0,8.659,-9.9617,-2.6,10.853345867216927,敷尔佳
2026-08-21,301371,23.17,22.29,23.3,22.24,70089.85,157865396.0,4.5106,-5.1489,-1.21,8.988724634595826,敷尔佳
2026-08-24,301371,22.17,21.09,22.27,20.89,76638.6,163782671.0,6.1911,-5.3836,-1.2,9.828573920202937,敷尔佳
2026-06-25,301372,32.3,31.82,32.96,31.74,13110.0,42145075.0,,,,3.1843231230558717,科净源
2026-06-26,301372,31.82,31.16,32.86,31.12,13773.03,43861943.0,5.4683,-2.0742,-0.66,3.345368261139757,科净源
2026-06-29,301372,31.9,30.77,31.9,29.22,13984.01,42212393.0,8.6008,-1.2516,-0.39,3.3966137601864643,科净源
2026-06-30,301372,30.99,31.51,31.54,29.97,12854.0,39353293.0,5.1024,2.4049,0.74,3.1221425952524924,科净源
2026-07-01,301372,31.39,33.0,33.95,30.05,22484.06,72300896.0,12.377,4.7287,1.49,5.46121374204238,科净源
2026-07-02,301372,33.0,35.3,37.1,32.54,35677.33,126321796.0,13.8182,6.9697,2.3,8.66576253912242,科净源
2026-07-03,301372,35.32,33.35,35.94,33.2,29396.0,101127688.0,7.762,-5.5241,-1.95,7.140073419172419,科净源
2026-07-06,301372,33.38,31.92,34.35,31.79,19361.0,63518120.0,7.6762,-4.2879,-1.43,4.702645307817295,科净源
2026-07-07,301372,31.7,30.81,33.06,30.78,20289.19,64402770.0,7.1429,-3.4774,-1.11,4.928095870715024,科净源
2026-07-08,301372,30.78,29.89,31.14,29.56,15766.15,47686697.0,5.1282,-2.986,-0.92,3.8294825329189424,科净源
2026-07-09,301372,29.55,29.72,30.13,28.82,15199.0,44917039.0,4.3827,-0.5688,-0.17,3.6917259456389164,科净源
2026-07-10,301372,29.72,30.37,31.48,29.58,14959.0,45868580.0,6.393,2.1871,0.65,3.633431700823248,科净源
2026-07-13,301372,29.89,29.88,30.95,29.5,18159.0,54802607.0,4.7744,-1.6134,-0.49,4.41068829836549,科净源
2026-07-14,301372,29.88,31.73,31.96,29.56,24640.48,76867411.0,8.0321,6.1914,1.85,5.984992389564893,科净源
2026-07-15,301372,31.41,31.35,32.15,30.8,13516.0,42584989.0,4.2546,-1.1976,-0.38,3.2829375538690435,科净源
2026-07-16,301372,30.93,31.25,31.97,30.92,10609.0,33263777.0,3.3493,-0.319,-0.1,2.5768485135392636,科净源
2026-07-17,301372,30.91,31.7,33.01,30.91,21381.0,68260757.0,6.72,1.44,0.45,5.193288535015834,科净源
2026-07-20,301372,31.81,27.68,32.47,27.18,30326.0,89070779.0,16.6877,-12.6814,-4.02,7.365963617833132,科净源
2026-07-21,301372,27.66,27.96,28.47,23.92,35241.18,93002960.0,16.4379,1.0116,0.28,8.559824893804281,科净源
2026-07-22,301372,27.49,27.42,28.92,27.0,17998.47,50692004.0,6.867,-1.9313,-0.54,4.37169673536441,科净源
2026-07-23,301372,27.55,28.31,28.83,26.63,15622.0,43118857.0,8.0233,3.2458,0.89,3.7944695521265315,科净源
2026-07-24,301372,28.05,26.99,28.68,26.93,9062.0,24938447.0,6.1816,-4.6627,-1.32,2.201093527164936,科净源
2026-07-27,301372,26.99,27.61,28.03,26.75,10037.0,27633321.0,4.7425,2.2971,0.62,2.437913896728588,科净源
2026-07-28,301372,27.64,27.03,28.2,26.89,8964.0,24556396.0,4.7447,-2.1007,-0.58,2.1772900438652045,科净源
2026-07-29,301372,27.5,27.48,27.98,26.92,12984.0,35625031.0,3.9216,1.6648,0.45,3.1537186445276464,科净源
2026-07-30,301372,27.75,25.73,27.97,25.5,15105.0,40062592.0,8.9884,-6.3683,-1.75,3.6688940330861133,科净源
2026-07-31,301372,25.9,26.24,26.78,25.9,10115.96,26722829.0,3.4201,1.9821,0.51,2.457092703272943,科净源
2026-08-03,301372,26.53,27.05,27.15,26.4,11739.13,31508437.0,2.8582,3.0869,0.81,2.8513488255956427,科净源
2026-08-04,301372,27.3,28.73,29.1,27.1,18453.99,52442978.0,7.3937,6.2107,1.68,4.482339212024549,科净源
2026-08-05,301372,28.75,29.61,30.14,28.75,14258.0,42214112.0,4.8381,3.063,0.88,3.463163927424151,科净源
2026-08-06,301372,29.7,29.77,29.9,29.16,9195.0,27202728.0,2.4992,0.5404,0.16,2.2333982545002855,科净源
2026-08-07,301372,29.98,30.1,30.28,28.81,11823.0,35268195.0,4.9379,1.1085,0.33,2.8717202352318516,科净源
2026-08-10,301372,29.63,30.75,30.84,29.63,9335.0,28406291.0,4.0199,2.1595,0.65,2.2674032306427585,科净源
2026-08-11,301372,30.8,30.83,30.98,30.2,10157.0,31142917.0,2.5366,0.2602,0.08,2.467061019136422,科净源
2026-08-12,301372,30.99,30.9,31.19,30.53,10108.0,31256398.0,2.1408,0.2271,0.07,2.455159277486556,科净源
2026-08-13,301372,30.83,29.2,31.5,29.18,18154.0,54359275.0,7.5081,-5.5016,-1.7,4.4094738349318305,科净源
2026-08-14,301372,29.16,29.3,29.65,28.93,9713.33,28394529.0,2.4658,0.3425,0.1,2.3592968208140572,科净源
2026-08-17,301372,29.39,29.44,29.79,28.8,13796.0,40346263.0,3.3788,0.4778,0.14,3.3509475061539895,科净源
2026-08-18,301372,29.4,30.31,30.77,29.14,14887.86,44485958.0,5.5367,2.9552,0.87,3.6161523150891375,科净源
2026-08-19,301372,30.19,29.23,30.2,29.03,13502.0,39852452.0,3.8601,-3.5632,-1.08,3.2795370562547963,科净源
2026-08-20,301372,29.52,30.33,30.82,29.13,14919.0,44924239.0,5.7817,3.7633,1.1,3.62371599335397,科净源
2026-08-21,301372,30.13,29.72,30.13,29.06,10558.0,31250993.0,3.5279,-2.0112,-0.61,2.564460986515934,科净源
2026-08-24,301372,29.87,29.35,29.87,28.72,9768.0,28490751.0,3.8694,-1.245,-0.37,2.372575763997693,科净源
2026-06-25,301373,178.63,184.1,193.34,174.0,73947.45,1355765325.0,,,,18.032401795372223,凌玮科技
2026-06-26,301373,180.0,165.5,180.59,165.0,74441.15,1275274959.0,8.4682,-10.1032,-18.6,18.152792650856423,凌玮科技
2026-06-29,301373,167.01,155.71,172.8,149.56,73767.0,1165224111.0,14.0423,-5.9154,-9.79,17.988398291478916,凌玮科技
2026-06-30,301373,156.1,155.5,158.7,150.0,54696.22,840164152.0,5.5873,-0.1349,-0.21,13.33790706411207,凌玮科技
2026-07-01,301373,156.78,165.38,167.68,153.0,86004.08,1388717389.0,9.4405,6.3537,9.88,20.972462560931255,凌玮科技
2026-07-02,301373,152.85,146.62,156.88,144.0,55142.23,826661714.0,7.7881,-11.3436,-18.76,13.446668509229568,凌玮科技
2026-07-03,301373,146.74,138.9,148.0,138.8,52330.22,742989579.0,6.2747,-5.2653,-7.72,12.760947849861266,凌玮科技
2026-07-06,301373,142.88,134.37,144.44,132.04,46025.36,630166721.0,8.9273,-3.2613,-4.53,11.22348078664853,凌玮科技
2026-07-07,301373,134.79,123.84,134.79,121.5,60045.85,757110475.0,9.8906,-7.8366,-10.53,14.64243720837772,凌玮科技
2026-07-08,301373,124.89,116.02,127.3,115.77,52202.52,625088385.0,9.3104,-6.3146,-7.82,12.729807658965308,凌玮科技
2026-07-09,301373,123.88,124.41,128.84,117.11,77231.85,949223767.0,10.1103,7.2315,8.39,18.833316775628074,凌玮科技
2026-07-10,301373,124.95,119.38,129.39,119.2,59102.73,734010243.0,8.1907,-4.0431,-5.03,14.412453364698846,凌玮科技
2026-07-13,301373,116.51,109.6,120.15,109.0,47837.14,544588392.0,9.3399,-8.1923,-9.78,11.665291084702343,凌玮科技
2026-07-14,301373,111.66,118.37,121.4,110.78,57339.83,660328474.0,9.6898,8.0018,8.77,13.982562663598785,凌玮科技
2026-07-15,301373,119.97,111.03,122.16,110.51,42094.0,481569162.0,9.842,-6.2009,-7.34,10.264801844747835,凌玮科技
2026-07-16,301373,109.36,105.81,112.15,104.88,35842.0,386831379.0,6.5478,-4.7014,-5.22,8.740224918502681,凌玮科技
2026-07-17,301373,106.02,95.71,107.2,94.08,51146.4,512743722.0,12.3996,-9.5454,-10.1,12.4722682822305,凌玮科技
2026-07-20,301373,98.59,82.9,101.0,79.0,71816.91,634337122.0,22.9861,-13.3842,-12.81,17.51286050867319,凌玮科技
2026-07-21,301373,84.39,91.99,92.18,71.99,75827.61,631704426.0,24.3546,10.965,9.09,18.490886848738995,凌玮科技
2026-07-22,301373,91.33,88.26,94.41,86.92,52224.0,474037907.0,8.1422,-4.0548,-3.73,12.735045648788685,凌玮科技
2026-07-23,301373,89.99,88.26,92.8,87.34,34966.01,313257751.0,6.1863,0.0,0.0,8.52661101229323,凌玮科技
2026-07-24,301373,86.91,85.01,88.8,83.65,28308.57,243675265.0,5.835,-3.6823,-3.25,6.903165808860484,凌玮科技
2026-07-27,301373,86.54,90.31,90.45,83.95,38478.0,335727310.0,7.6462,6.2346,5.3,9.383024786957932,凌玮科技
2026-07-28,301373,87.68,81.69,90.74,81.13,38838.01,331088574.0,10.6411,-9.5449,-8.62,9.47081476443994,凌玮科技
2026-07-29,301373,81.91,79.02,83.49,74.48,47291.8,372328684.0,11.0295,-3.2685,-2.67,11.532307594465854,凌玮科技
2026-07-30,301373,79.85,70.64,80.02,69.31,54171.65,395308500.0,13.5535,-10.6049,-8.38,13.209988427163823,凌玮科技
2026-07-31,301373,79.51,73.55,80.87,72.72,57082.2,439395137.0,11.5374,4.1195,2.91,13.919738486774003,凌玮科技
2026-08-03,301373,73.45,71.07,75.61,69.67,49440.49,355082286.0,8.0761,-3.3719,-2.48,12.056274836253074,凌玮科技
2026-08-04,301373,72.11,78.2,78.59,70.43,52465.5,397903168.0,11.4816,10.0324,7.13,12.79393645616044,凌玮科技
2026-08-05,301373,77.0,85.97,87.68,77.0,61640.86,512394908.0,13.6573,9.9361,7.77,15.031387215276359,凌玮科技
2026-08-06,301373,83.88,89.5,90.62,82.6,60984.31,535005745.0,9.3288,4.1061,3.53,14.871284691135884,凌玮科技
2026-08-07,301373,88.81,95.22,96.8,86.98,91165.76,847770509.0,10.9721,6.3911,5.72,22.231160294242372,凌玮科技
2026-08-10,301373,100.07,91.25,103.0,89.2,81422.81,754363144.0,14.4928,-4.1693,-3.97,11.689372270931923,凌玮科技
2026-08-11,301373,89.88,89.12,91.96,87.79,60556.84,543190233.0,4.5699,-2.3342,-2.13,8.693773235181407,凌玮科技
2026-08-12,301373,89.02,97.8,97.95,89.02,81209.9,759316706.0,10.0202,9.7397,8.68,11.658806091132869,凌玮科技
2026-08-13,301373,104.16,102.35,111.88,102.0,128690.88,1377426062.0,10.1022,4.6524,4.55,18.47535849221892,凌玮科技
2026-08-14,301373,104.04,106.1,110.53,101.33,83244.43,882199126.0,8.9888,3.6639,3.75,11.950891055608784,凌玮科技
2026-08-17,301373,108.27,109.5,109.5,103.38,78874.51,841276194.0,5.7681,3.2045,3.4,11.323528506045696,凌玮科技
2026-08-18,301373,109.51,108.0,111.4,105.33,65952.08,712273299.0,5.5434,-1.3699,-1.5,9.46833467381295,凌玮科技
2026-08-19,301373,101.59,95.1,105.91,94.48,74006.93,737395873.0,10.5833,-11.9444,-12.9,10.624719969733293,凌玮科技
2026-08-20,301373,98.01,95.49,98.6,93.01,45718.38,438852848.0,5.878,0.4101,0.39,6.563506754973558,凌玮科技
2026-08-21,301373,97.4,98.36,102.0,92.84,57258.18,559277683.0,9.5926,3.0056,2.87,8.220204898062702,凌玮科技
2026-08-24,301373,98.94,93.02,100.0,89.9,47417.14,443540693.0,10.2684,-5.429,-5.34,6.80738728475346,凌玮科技
2026-06-25,301376,16.36,17.8,19.06,16.36,132659.43,243739629.0,,,,6.850726146524762,致欧科技
2026-06-26,301376,17.51,16.99,17.85,16.71,67744.72,116088652.0,6.4045,-4.5506,-0.81,3.498435992021064,致欧科技
2026-06-29,301376,16.8,17.61,17.83,16.74,51907.23,89977737.0,6.4155,3.6492,0.62,2.6805649455502296,致欧科技
2026-06-30,301376,17.62,17.72,18.05,17.21,40207.3,70633305.0,4.77,0.6246,0.11,2.076363522677318,致欧科技
2026-07-01,301376,17.59,18.0,18.14,17.42,38249.86,68190345.0,4.0632,1.5801,0.28,1.9752784706138993,致欧科技
2026-07-02,301376,17.81,18.61,19.0,17.71,56290.74,104229857.0,7.1667,3.3889,0.61,2.9069357853054796,致欧科技
2026-07-03,301376,18.82,19.21,19.61,18.63,50302.45,96756297.0,5.266,3.2241,0.6,2.597691769437382,致欧科技
2026-07-06,301376,19.21,19.5,19.7,18.6,43343.85,83593946.0,5.7262,1.5096,0.29,2.238339532184386,致欧科技
2026-07-07,301376,19.49,19.2,19.49,19.01,25665.76,49255074.0,2.4615,-1.5385,-0.3,1.3254172213948858,致欧科技
2026-07-08,301376,19.2,18.86,19.21,18.77,17750.0,33632498.0,2.2917,-1.7708,-0.34,0.9166358479062855,致欧科技
2026-07-09,301376,18.8,19.09,19.24,18.44,22412.0,42220354.0,4.2418,1.2195,0.23,1.1573883168042631,致欧科技
2026-07-10,301376,18.9,18.81,19.3,18.8,19109.03,36324614.0,2.6192,-1.4667,-0.28,0.9868181361530506,致欧科技
2026-07-13,301376,18.8,18.74,19.2,18.63,17000.16,32133217.0,3.0303,-0.3721,-0.07,0.8779130183742264,致欧科技
2026-07-14,301376,18.71,18.59,18.71,18.2,17354.0,31990667.0,2.7215,-0.8004,-0.15,0.8961858312431369,致欧科技
2026-07-15,301376,18.75,18.51,18.95,18.38,17974.07,33397486.0,3.0662,-0.4303,-0.08,0.928207149001517,致欧科技
2026-07-16,301376,18.38,18.52,19.18,18.26,21800.0,40452692.0,4.9703,0.054,0.01,1.1257837455975788,致欧科技
2026-07-17,301376,18.21,17.66,18.57,17.61,25209.21,45166206.0,5.1836,-4.6436,-0.86,1.3018403145576118,致欧科技
2026-07-20,301376,17.96,19.03,19.2,17.67,44373.0,83599680.0,8.6636,7.7576,1.37,2.2914863368532736,致欧科技
2026-07-21,301376,19.32,18.25,19.46,17.9,44613.0,82222884.0,8.1976,-4.0988,-0.78,2.3038802863460908,致欧科技
2026-07-22,301376,17.93,17.95,18.24,17.16,30141.05,53728284.0,5.9178,-1.6438,-0.3,1.556527714002014,致欧科技
2026-07-23,301376,17.52,18.45,18.52,17.52,23611.0,42838696.0,5.571,2.7855,0.5,1.21930642281213,致欧科技
2026-07-24,301376,18.25,18.02,18.61,17.98,16611.0,30270640.0,3.4146,-2.3306,-0.43,0.857816229271623,致欧科技
2026-07-27,301376,17.93,18.76,18.76,17.81,28337.52,52417839.0,5.2719,4.1065,0.74,1.4633907984654266,致欧科技
2026-07-28,301376,18.7,18.92,19.27,18.47,23618.0,44842267.0,4.2644,0.8529,0.16,1.2196679130056705,致欧科技
2026-07-29,301376,19.04,19.5,19.66,18.7,33082.0,63746816.0,5.074,3.0655,0.58,1.7084026546724358,致欧科技
2026-07-30,301376,19.47,18.4,19.47,18.19,40794.52,76159251.0,6.5641,-5.641,-1.1,2.1066884185988686,致欧科技
2026-07-31,301376,18.45,18.09,18.77,17.94,34052.0,62142229.0,4.5109,-1.6848,-0.31,1.758494867205906,致欧科技
2026-08-03,301376,18.38,18.16,18.78,17.98,41703.59,76361794.0,4.4223,0.387,0.07,2.15363411720485,致欧科技
2026-08-04,301376,18.17,19.32,19.65,18.09,43547.59,82876431.0,8.5903,6.3877,1.16,2.2488609624746636,致欧科技
2026-08-05,301376,19.33,20.57,20.7,19.33,75645.95,153770942.0,7.0911,6.47,1.25,3.906467015150787,致欧科技
2026-08-06,301376,20.25,20.34,20.49,19.8,42715.99,86186941.0,3.3544,-1.1181,-0.23,2.2059159274820512,致欧科技
2026-08-07,301376,20.14,19.84,20.15,19.65,29035.91,57697445.0,2.4582,-2.4582,-0.5,1.499456675074963,致欧科技
2026-08-10,301376,20.0,20.8,20.95,19.85,59858.59,123199310.0,5.5444,4.8387,0.96,3.0911847548802647,致欧科技
2026-08-11,301376,20.75,20.24,20.98,20.15,54840.59,112535440.0,3.9904,-2.6923,-0.56,2.8320479275679413,致欧科技
2026-08-12,301376,20.26,20.33,20.69,20.03,28904.42,58784104.0,3.2609,0.4447,0.09,1.4926663399965856,致欧科技
2026-08-13,301376,20.38,20.45,20.77,20.05,37289.0,76709094.0,3.5416,0.5903,0.12,1.9256582609902806,致欧科技
2026-08-14,301376,20.48,20.73,21.39,20.37,43070.01,89912069.0,4.9878,1.3692,0.28,2.2241980358130813,致欧科技
2026-08-17,301376,20.6,20.91,21.15,20.29,33336.75,69505854.0,4.1486,0.8683,0.18,1.7215583156444991,致欧科技
2026-08-18,301376,20.78,20.61,20.83,20.32,21268.0,43680940.0,2.439,-1.4347,-0.3,1.0983104908885002,致欧科技
2026-08-19,301376,20.37,20.3,20.78,20.05,25614.0,52376879.0,3.542,-1.5041,-0.31,1.322744259620935,致欧科技
2026-08-20,301376,20.34,20.55,20.86,20.21,14584.0,30014292.0,3.202,1.2315,0.25,0.7531389975135362,致欧科技
2026-08-21,301376,20.6,20.37,20.68,20.05,15643.0,31746577.0,3.0657,-0.8759,-0.18,0.8078272996505929,致欧科技
2026-08-24,301376,20.57,20.62,20.65,20.19,21185.0,43245410.0,2.2582,1.2273,0.25,1.0940242500222341,致欧科技
2026-06-25,301377,620.0,640.5,649.99,603.18,40363.54,2549894189.0,,,,4.082860475503904,鼎泰高科
2026-06-26,301377,640.0,590.0,662.3,589.07,55707.91,3405198591.0,11.4333,-7.8845,-50.5,5.634977108348987,鼎泰高科
2026-06-29,301377,579.39,553.8,588.0,530.0,82700.35,4583303946.0,9.8305,-6.1356,-36.2,8.365321533377381,鼎泰高科
2026-06-30,301377,557.16,550.9,565.0,526.8,72275.11,3910708337.0,6.8978,-0.5237,-2.9,7.310785673944775,鼎泰高科
2026-07-01,301377,551.69,555.3,565.2,532.0,69905.78,3840627015.0,6.0265,0.7987,4.4,7.071122755121856,鼎泰高科
2026-07-02,301377,537.99,531.0,566.76,527.0,56934.17,3102052063.0,7.1601,-4.376,-24.3,5.7590159931121025,鼎泰高科
2026-07-03,301377,527.54,518.04,539.0,510.77,50277.31,2636554636.0,5.3164,-2.4407,-12.96,5.085660024211384,鼎泰高科
2026-07-06,301377,509.89,486.0,528.81,484.07,58562.5,2933173273.0,8.6364,-6.1849,-32.04,5.923725138991707,鼎泰高科
2026-07-07,301377,493.32,488.89,503.32,479.0,37913.87,1865895562.0,5.0041,0.5947,2.89,3.8350709897197612,鼎泰高科
2026-07-08,301377,498.67,473.08,502.0,471.32,37962.63,1839224737.0,6.2754,-3.2339,-15.81,3.84000317051425,鼎泰高科
2026-07-09,301377,486.45,484.08,489.0,450.3,47556.75,2253634497.0,8.1804,2.3252,11.0,4.810469421622094,鼎泰高科
2026-07-10,301377,490.0,466.94,505.98,465.0,50229.66,2452993162.0,8.4655,-3.5407,-17.14,5.080840122348024,鼎泰高科
2026-07-13,301377,465.52,437.7,466.69,431.0,60163.78,2695137137.0,7.6434,-6.262,-29.24,6.085698118126215,鼎泰高科
2026-07-14,301377,445.8,495.85,499.58,442.0,70076.0,3326092165.0,13.1551,13.2854,58.15,7.088340880938874,鼎泰高科
2026-07-15,301377,503.66,467.88,505.5,466.15,52072.08,2507908213.0,7.9359,-5.6408,-27.97,5.267204940629026,鼎泰高科
2026-07-16,301377,452.88,463.19,481.94,449.55,44969.63,2091781717.0,6.9227,-1.0024,-4.69,4.548776567294014,鼎泰高科
2026-07-17,301377,454.87,425.0,462.0,420.01,52093.93,2299298083.0,9.0654,-8.245,-38.19,5.269415115985046,鼎泰高科
2026-07-20,301377,441.0,372.0,444.83,351.1,65682.55,2577274211.0,22.0541,-12.4706,-53.0,6.643933790874361,鼎泰高科
2026-07-21,301377,380.01,416.5,419.6,351.9,60536.68,2370601174.0,18.1989,11.9624,44.5,6.1234177698543695,鼎泰高科
2026-07-22,301377,410.05,401.38,434.44,397.01,48415.47,2024961869.0,8.9868,-3.6303,-15.12,4.897330830396565,鼎泰高科
2026-07-23,301377,408.0,402.1,423.0,395.0,35355.32,1434262873.0,6.9759,0.1794,0.72,3.576268053465892,鼎泰高科
2026-07-24,301377,392.66,396.6,406.66,386.0,29358.43,1171785414.0,5.138,-1.3678,-5.5,2.9696694955360226,鼎泰高科
2026-07-27,301377,399.61,414.38,417.27,390.9,46093.67,1868114467.0,6.649,4.4831,17.78,4.662475675174179,鼎泰高科
2026-07-28,301377,402.45,372.81,402.45,369.0,40316.61,1551803288.0,8.0723,-10.0319,-41.57,4.078113403217493,鼎泰高科
2026-07-29,301377,374.4,361.28,383.0,346.54,41500.6,1510944255.0,9.7798,-3.0927,-11.53,4.1978765849005635,鼎泰高科
2026-07-30,301377,357.45,333.0,364.89,323.59,49295.06,1689451943.0,11.4316,-7.8277,-28.28,4.986303285380654,鼎泰高科
2026-07-31,301377,370.7,350.1,391.0,349.02,47513.65,1759878129.0,12.6066,5.1351,17.1,4.806109762224176,鼎泰高科
2026-08-03,301377,346.0,335.0,351.95,325.82,38328.96,1286841035.0,7.4636,-4.3131,-15.1,3.877058252352744,鼎泰高科
2026-08-04,301377,336.6,375.71,379.5,331.01,56898.23,2045452124.0,14.4746,12.1522,40.71,5.755380583396066,鼎泰高科
2026-08-05,301377,365.51,416.07,422.97,360.42,62239.94,2469103352.0,16.6485,10.7423,40.36,6.295706249346178,鼎泰高科
2026-08-06,301377,411.01,428.0,448.0,401.88,64298.69,2741010417.0,11.0847,2.8673,11.93,6.503953320934637,鼎泰高科
2026-08-07,301377,431.65,451.84,469.6,428.35,64656.82,2916584703.0,9.6379,5.5701,23.84,6.540178954813435,鼎泰高科
2026-08-10,301377,450.0,437.45,461.04,422.0,52715.91,2299456210.0,8.6402,-3.1848,-14.39,5.332329755249935,鼎泰高科
2026-08-11,301377,430.0,429.01,445.0,426.3,30846.31,1341779306.0,4.2748,-1.9294,-8.44,3.1201718163010677,鼎泰高科
2026-08-12,301377,429.01,449.57,459.57,429.01,38040.82,1702114332.0,7.1234,4.7924,20.56,3.8479122602665274,鼎泰高科
2026-08-13,301377,460.0,445.0,479.88,443.5,39801.55,1840072971.0,8.0922,-1.0165,-4.57,4.0260139561295265,鼎泰高科
2026-08-14,301377,445.01,447.8,453.97,434.87,29318.62,1303454155.0,4.2921,0.6292,2.8,2.9656426268438856,鼎泰高科
2026-08-17,301377,452.0,462.9,465.8,445.1,33078.39,1516812832.0,4.6226,3.372,15.1,3.3459515970180904,鼎泰高科
2026-08-18,301377,463.01,471.0,486.66,460.0,43227.5,2047635031.0,5.7593,1.7498,8.1,4.372556302168863,鼎泰高科
2026-08-19,301377,452.82,429.93,458.0,423.0,45592.77,2002209031.0,7.431,-8.7197,-41.07,4.611808543099542,鼎泰高科
2026-08-20,301377,436.02,412.0,439.0,408.43,38892.31,1635041052.0,7.1105,-4.1704,-17.93,3.9340423387058023,鼎泰高科
2026-08-21,301377,413.97,416.5,425.78,404.11,29637.93,1232890213.0,5.2597,1.0922,4.5,2.9979415326988517,鼎泰高科
2026-08-24,301377,416.5,393.01,422.0,382.66,41505.32,1643790217.0,9.4454,-5.6399,-23.49,4.198354023238339,鼎泰高科
2026-06-25,301378,26.67,25.03,26.68,24.8,25296.76,63830130.0,,,,5.496961713929679,通达海
2026-06-26,301378,25.03,24.03,25.03,23.94,27082.52,65796105.0,4.3548,-3.9952,-1.0,5.8850056511875355,通达海
2026-06-29,301378,23.69,23.64,24.4,23.16,23401.77,55286276.0,5.1602,-1.623,-0.39,5.085182202313188,通达海
2026-06-30,301378,23.57,23.98,24.14,23.2,24268.52,57868931.0,3.9763,1.4382,0.34,5.273526146974423,通达海
2026-07-01,301378,24.07,24.71,25.34,23.81,24915.41,61182970.0,6.3803,3.0442,0.73,5.414094724259575,通达海
2026-07-02,301378,25.88,24.27,25.88,24.18,32365.82,80484469.0,6.8798,-1.7807,-0.44,7.0330616798332874,通达海
2026-07-03,301378,24.0,24.57,24.8,23.88,23272.8,56992438.0,3.7907,1.2361,0.3,5.057157144865297,通达海
2026-07-06,301378,24.96,23.79,24.96,23.6,18907.63,45434721.0,5.5352,-3.1746,-0.78,4.1086098856592,通达海
2026-07-07,301378,23.8,23.01,23.98,22.95,16119.55,37537022.0,4.3296,-3.2787,-0.78,3.5027627726149575,通达海
2026-07-08,301378,23.11,23.14,23.42,22.6,17678.15,40840671.0,3.5637,0.565,0.13,3.8414450594900673,通达海
2026-07-09,301378,23.01,23.24,23.55,22.5,21307.28,49034739.0,4.5376,0.4322,0.1,4.630051531815916,通达海
2026-07-10,301378,23.29,23.72,24.33,22.75,21990.55,52324102.0,6.7986,2.0654,0.48,4.778525448249353,通达海
2026-07-13,301378,23.66,22.31,24.15,22.28,22145.69,50496569.0,7.8836,-5.9444,-1.41,4.812237221626617,通达海
2026-07-14,301378,22.31,22.72,22.74,21.61,18895.23,42006898.0,5.065,1.8377,0.41,4.105915377538289,通达海
2026-07-15,301378,22.52,23.06,23.5,22.52,16311.2,37569649.0,4.3134,1.4965,0.34,3.544408134015968,通达海
2026-07-16,301378,22.8,23.86,24.44,22.74,25723.87,61244050.0,7.3721,3.4692,0.8,5.589772307762111,通达海
2026-07-17,301378,23.74,22.34,24.14,22.22,25694.9,59419959.0,8.0469,-6.3705,-1.52,5.583477154515112,通达海
2026-07-20,301378,22.74,21.96,23.41,21.5,24942.22,56139713.0,8.5497,-1.701,-0.38,5.419920511575834,通达海
2026-07-21,301378,21.97,21.84,22.2,20.26,29278.83,62697525.0,8.8342,-0.5464,-0.12,6.362261710142157,通达海
2026-07-22,301378,21.85,21.51,22.1,21.2,23149.94,50084316.0,4.1209,-1.511,-0.33,5.03045978456408,通达海
2026-07-23,301378,21.55,21.85,21.92,21.29,18445.37,39923458.0,2.9289,1.5807,0.34,4.008161230500154,通达海
2026-07-24,301378,21.66,21.17,21.72,21.06,15719.32,33576145.0,3.0206,-3.1121,-0.68,3.4157931770317256,通达海
2026-07-27,301378,21.49,22.33,22.76,21.02,24704.0,54797528.0,8.2192,5.4795,1.16,5.368155533788469,通达海
2026-07-28,301378,22.33,22.95,23.24,22.13,22920.28,52471496.0,4.9709,2.7765,0.62,4.980554886576311,通达海
2026-07-29,301378,22.47,22.96,23.29,22.47,25565.83,58441958.0,3.573,0.0436,0.01,5.55543036716302,通达海
2026-07-30,301378,22.88,23.64,25.35,22.38,60296.35,145474148.0,12.9355,2.9617,0.68,13.10233909163481,通达海
2026-07-31,301378,23.2,26.2,28.22,23.11,92231.79,236058358.0,21.6159,10.8291,2.56,20.041879609768294,通达海
2026-08-03,301378,26.1,24.68,26.1,24.22,77526.17,192771647.0,7.1756,-5.8015,-1.52,16.846362471621017,通达海
2026-08-04,301378,24.9,26.33,28.7,24.9,86661.98,228992724.0,15.3971,6.6856,1.65,18.83156523259657,通达海
2026-08-05,301378,25.8,26.6,27.28,25.8,73249.6,195318360.0,5.621,1.0254,0.27,15.91706790753691,通达海
2026-08-06,301378,26.21,26.12,26.85,25.78,46271.31,121620523.0,4.0226,-1.8045,-0.48,10.054711335497965,通达海
2026-08-07,301378,26.1,25.97,26.1,24.95,36909.42,94209966.0,4.4028,-0.5743,-0.15,8.020381607105035,通达海
2026-08-10,301378,26.05,26.72,27.05,25.59,37838.31,100366649.0,5.6219,2.8879,0.75,8.222228514236706,通达海
2026-08-11,301378,26.52,26.45,26.72,25.96,27265.42,71831373.0,2.8443,-1.0105,-0.27,5.9247496459709685,通达海
2026-08-12,301378,26.45,26.63,26.87,26.06,24207.1,64371625.0,3.0624,0.6805,0.18,5.260179639814234,通达海
2026-08-13,301378,26.93,26.0,27.08,26.0,33104.04,87769038.0,4.0556,-2.3658,-0.63,7.193476178625115,通达海
2026-08-14,301378,25.71,26.04,26.36,25.38,33040.04,85263709.0,3.7692,0.1538,0.04,7.179569039936544,通达海
2026-08-17,301378,26.04,26.13,26.18,25.48,21855.7,56546872.0,2.6882,0.3456,0.09,4.74922267243445,通达海
2026-08-18,301378,26.15,26.0,26.25,25.31,23236.0,59708461.0,3.5974,-0.4975,-0.13,5.0491605401193675,通达海
2026-08-19,301378,25.62,24.54,26.0,24.46,23841.0,59383018.0,5.9231,-5.6154,-1.46,5.180626460534767,通达海
2026-08-20,301378,24.62,24.72,25.23,24.5,20944.2,52002816.0,2.9747,0.7335,0.18,4.551154595643315,通达海
2026-08-21,301378,24.49,24.6,24.87,24.09,14626.59,35792152.0,3.1553,-0.4854,-0.12,3.1783439948573142,通达海
2026-08-24,301378,24.82,24.23,24.82,23.81,15349.0,37038533.0,4.1057,-1.5041,-0.37,3.335322995794981,通达海
2026-06-25,301379,26.95,26.1,27.2,25.2,273945.16,712637068.0,,,,12.58442110261184,天山电子
2026-06-26,301379,25.9,24.94,25.96,24.65,171833.53,432039411.0,5.0192,-4.4444,-1.16,7.893643753619463,天山电子
2026-06-29,301379,24.89,23.7,25.81,22.64,183038.57,443499269.0,12.7105,-4.9719,-1.24,8.40837795017037,天山电子
2026-06-30,301379,24.07,28.44,28.44,23.78,359837.71,976935884.0,19.6624,20.0,4.74,16.53013059708563,天山电子
2026-07-01,301379,28.5,29.09,29.57,27.59,431544.9,1239636193.0,6.962,2.2855,0.65,19.824196734428583,天山电子
2026-07-02,301379,27.15,26.8,28.36,26.62,254222.42,700768124.0,5.9814,-7.8721,-2.29,11.678403031486484,天山电子
2026-07-03,301379,28.49,32.16,32.16,28.49,495249.26,1559512057.0,13.694,20.0,5.36,22.75063096057947,天山电子
2026-07-06,301379,33.15,35.61,37.44,33.15,631109.06,2248147564.0,13.3396,10.7276,3.45,28.991722915321887,天山电子
2026-07-07,301379,35.79,32.64,36.18,32.37,378923.17,1284348735.0,10.6992,-8.3404,-2.97,17.406873466268113,天山电子
2026-07-08,301379,32.9,30.81,33.29,30.11,251330.25,783272030.0,9.7426,-5.6066,-1.83,11.545543282548627,天山电子
2026-07-09,301379,31.36,36.97,36.97,30.85,411921.06,1459118920.0,19.8637,19.9935,6.16,18.922721905633367,天山电子
2026-07-10,301379,37.63,35.6,39.3,35.43,529213.31,1972230808.0,10.4679,-3.7057,-1.37,24.310862605300493,天山电子
2026-07-13,301379,35.1,37.4,41.3,35.1,560488.01,2159780145.0,17.4157,5.0562,1.8,25.747551593190828,天山电子
2026-07-14,301379,38.36,37.06,39.95,35.51,467379.76,1751027118.0,11.8717,-0.9091,-0.34,21.470369159570684,天山电子
2026-07-15,301379,37.01,36.42,38.0,33.56,411622.8,1445301302.0,11.9806,-1.7269,-0.64,18.90902051577101,天山电子
2026-07-16,301379,32.81,30.98,34.4,30.6,389859.24,1258433809.0,10.4338,-14.9368,-5.44,17.909251789315107,天山电子
2026-07-17,301379,29.18,26.57,29.83,26.5,340225.55,959630324.0,10.7489,-14.235,-4.41,15.629192321075209,天山电子
2026-07-20,301379,28.55,24.41,28.92,23.78,361929.84,930964825.0,19.3451,-8.1295,-2.16,16.626238317774718,天山电子
2026-07-21,301379,25.31,26.41,26.61,22.34,380091.41,955865307.0,17.4928,8.1934,2.0,17.460539769804615,天山电子
2026-07-22,301379,25.58,24.45,26.88,24.18,313121.44,795539303.0,10.2234,-7.4214,-1.96,14.384090805678795,天山电子
2026-07-23,301379,24.6,22.96,24.95,22.73,251949.83,594687936.0,9.0798,-6.0941,-1.49,11.574005386521394,天山电子
2026-07-24,301379,22.64,22.67,23.7,22.03,214489.24,489882134.0,7.2735,-1.2631,-0.29,9.808374441629704,天山电子
2026-07-27,301379,22.2,23.05,23.14,21.2,233651.97,523398660.0,8.5576,1.6762,0.38,10.684666563154545,天山电子
2026-07-28,301379,22.15,21.08,22.88,20.81,215667.9,469247168.0,8.9805,-8.5466,-1.97,9.862273362710178,天山电子
2026-07-29,301379,20.98,19.94,21.05,19.24,240857.33,480752590.0,8.5863,-5.408,-1.14,11.014160335740717,天山电子
2026-07-30,301379,19.6,18.18,20.13,17.81,233496.38,438136081.0,11.6349,-8.8265,-1.76,10.67755159095653,天山电子
2026-07-31,301379,19.87,19.15,21.15,19.1,297930.89,599508882.0,11.2761,5.3355,0.97,13.624076092805357,天山电子
2026-08-03,301379,19.25,18.54,19.43,18.31,170133.44,318514584.0,5.8486,-3.1854,-0.61,7.780028893582451,天山电子
2026-08-04,301379,18.91,19.88,20.08,18.6,202815.27,395319572.0,7.9827,7.2276,1.34,9.274535685986987,天山电子
2026-08-05,301379,19.93,21.21,21.51,19.92,243952.93,507609633.0,7.998,6.6901,1.33,11.155718970204195,天山电子
2026-08-06,301379,20.78,21.92,22.34,20.7,223848.23,485681474.0,7.7322,3.3475,0.71,10.236351520179042,天山电子
2026-08-07,301379,21.95,22.67,23.06,21.35,212688.15,474089833.0,7.8011,3.4215,0.75,9.726012430728481,天山电子
2026-08-10,301379,22.69,22.37,22.83,21.7,167616.68,370017318.0,4.9846,-1.3233,-0.3,7.66494002264554,天山电子
2026-08-11,301379,22.02,22.18,22.66,21.68,131342.95,291414674.0,4.3809,-0.8494,-0.19,6.006179302366161,天山电子
2026-08-12,301379,22.15,22.6,22.92,22.14,126621.97,285693938.0,3.5167,1.8936,0.42,5.790293696302915,天山电子
2026-08-13,301379,23.0,22.16,23.25,22.15,146158.07,333528788.0,4.8673,-1.9469,-0.44,6.683659647569851,天山电子
2026-08-14,301379,22.57,23.33,23.49,22.06,158238.15,358586069.0,6.4531,5.2798,1.17,7.236069399801908,天山电子
2026-08-17,301379,23.37,24.54,24.86,23.21,282533.04,678256134.0,7.0724,5.1865,1.21,12.919948098337905,天山电子
2026-08-18,301379,24.52,24.3,25.05,23.65,229845.21,560440519.0,5.705,-0.978,-0.24,10.510587306360971,天山电子
2026-08-19,301379,22.8,21.83,23.35,21.6,206400.9,463224812.0,7.2016,-10.1646,-2.47,9.438502893149177,天山电子
2026-08-20,301379,22.27,21.77,22.42,21.5,132664.04,291891707.0,4.2144,-0.2749,-0.06,6.066591402250951,天山电子
2026-08-21,301379,21.56,22.04,22.5,21.14,131404.2,287407815.0,6.2471,1.2402,0.27,6.008980202469821,天山电子
2026-08-24,301379,22.99,21.5,23.26,21.0,152542.74,333699875.0,10.2541,-2.4501,-0.54,6.975624102505865,天山电子
2026-06-25,301380,28.65,27.29,28.65,27.2,22250.52,61299802.0,,,,2.7019045723450708,挖金客
2026-06-26,301380,27.09,26.28,27.34,26.26,15422.95,41049031.0,3.9575,-3.701,-1.01,1.872825404711863,挖金客
2026-06-29,301380,26.28,25.96,26.55,25.52,13429.53,34831928.0,3.9193,-1.2177,-0.32,1.6307622703399873,挖金客
2026-06-30,301380,26.31,27.59,28.13,25.49,30884.46,83998294.0,10.1695,6.2789,1.63,3.750333191692079,挖金客
2026-07-01,301380,27.46,28.9,29.28,27.21,30467.56,86239341.0,7.5027,4.7481,1.31,3.6997085763477786,挖金客
2026-07-02,301380,28.4,29.0,29.62,28.35,21750.97,63103736.0,4.3945,0.346,0.1,2.64124367861697,挖金客
2026-07-03,301380,29.01,28.73,29.48,28.41,18897.3,54577434.0,3.6897,-0.931,-0.27,2.2947194616115265,挖金客
2026-07-06,301380,28.58,27.56,29.02,27.55,11487.97,32165588.0,5.1166,-4.0724,-1.17,1.3949965515396046,挖金客
2026-07-07,301380,27.56,26.34,27.98,26.21,13584.25,36325588.0,6.4224,-4.4267,-1.22,1.6495500863296018,挖金客
2026-07-08,301380,26.47,26.5,26.87,26.25,9105.12,24216401.0,2.3538,0.6074,0.16,1.1056445134653279,挖金客
2026-07-09,301380,26.26,26.41,26.79,25.5,12752.1,33319907.0,4.8679,-0.3396,-0.09,1.5485012169154508,挖金客
2026-07-10,301380,26.41,26.82,27.59,25.91,17007.81,45898718.0,6.3612,1.5524,0.41,2.0652766589084757,挖金客
2026-07-13,301380,26.62,25.85,26.8,25.23,15724.06,40577384.0,5.8538,-3.6167,-0.97,1.909389515832809,挖金客
2026-07-14,301380,25.48,26.24,26.89,24.52,22180.6,57497018.0,9.1683,1.5087,0.39,2.6934141115514185,挖金客
2026-07-15,301380,26.4,27.85,28.08,26.17,32682.72,89498948.0,7.279,6.1357,1.61,3.9686978373841915,挖金客
2026-07-16,301380,27.86,28.81,29.55,27.3,30728.46,88674602.0,8.079,3.447,0.96,3.7313899439259224,挖金客
2026-07-17,301380,28.6,29.12,29.9,28.43,34079.6,99835357.0,5.1024,1.076,0.31,4.138322478022585,挖金客
2026-07-20,301380,28.88,28.17,30.12,27.6,28469.75,82414209.0,8.6538,-3.2624,-0.95,3.4571123595547912,挖金客
2026-07-21,301380,28.57,27.66,28.91,26.2,27662.61,75823385.0,9.6202,-1.8104,-0.51,3.359100481336997,挖金客
2026-07-22,301380,28.0,28.9,29.38,27.23,37553.95,107574042.0,7.773,4.483,1.24,4.560216534922247,挖金客
2026-07-23,301380,28.61,29.5,29.55,28.3,28789.9,83658053.0,4.3253,2.0761,0.6,3.4959885183518113,挖金客
2026-07-24,301380,29.03,28.56,29.9,28.32,18525.6,53957568.0,5.3559,-3.1864,-0.94,2.249583530876395,挖金客
2026-07-27,301380,28.48,30.45,30.56,28.2,39850.51,118107986.0,8.2633,6.6176,1.89,4.83909028549818,挖金客
2026-07-28,301380,30.23,30.5,30.94,29.76,27733.0,84445560.0,3.8752,0.1642,0.05,3.367648014736098,挖金客
2026-07-29,301380,30.52,30.08,30.95,29.55,26937.61,81121566.0,4.5902,-1.377,-0.42,3.2710629516545366,挖金客
2026-07-30,301380,30.34,29.2,30.78,28.5,25056.4,74289569.0,7.5798,-2.9255,-0.88,3.042625598255997,挖金客
2026-07-31,301380,29.8,30.67,31.1,29.48,45683.41,138627351.0,5.5479,5.0342,1.47,5.547385605339315,挖金客
2026-08-03,301380,30.5,30.2,31.03,29.4,32912.56,98555569.0,5.3146,-1.5324,-0.47,3.9966075557596623,挖金客
2026-08-04,301380,30.36,31.47,31.52,29.85,46074.6,141056436.0,5.5298,4.2053,1.27,5.594888227734462,挖金客
2026-08-05,301380,31.5,32.43,33.06,31.08,55872.55,178883770.0,6.2917,3.0505,0.96,6.784663833185857,挖金客
2026-08-06,301380,32.11,31.49,32.48,30.91,53815.43,170348374.0,4.8412,-2.8986,-0.94,6.534865539309467,挖金客
2026-08-07,301380,31.31,31.55,31.98,30.08,48634.09,150808446.0,6.0337,0.1905,0.06,5.9056898509716484,挖金客
2026-08-10,301380,31.55,32.22,32.32,30.6,40561.54,128820654.0,5.4517,2.1236,0.67,4.925431423056966,挖金客
2026-08-11,301380,32.22,31.72,32.29,31.49,25658.4,81616120.0,2.4829,-1.5518,-0.5,3.115727105661295,挖金客
2026-08-12,301380,32.15,31.5,32.15,31.2,30336.35,95743747.0,2.995,-0.6936,-0.22,3.683775604941385,挖金客
2026-08-13,301380,31.5,31.49,32.07,31.21,31980.14,101200781.0,2.7302,-0.0317,-0.01,3.8833827924127386,挖金客
2026-08-14,301380,31.55,31.8,31.81,30.9,23910.0,75183280.0,2.8898,0.9844,0.31,2.9034170133898285,挖金客
2026-08-17,301380,31.68,32.76,32.8,31.12,36604.8,117164606.0,5.283,3.0189,0.96,4.444960229683479,挖金客
2026-08-18,301380,32.9,32.22,32.91,31.75,26307.4,84563604.0,3.5409,-1.6484,-0.54,3.194535873611525,挖金客
2026-08-19,301380,31.9,31.4,32.05,30.32,25324.5,78690984.0,5.3693,-2.545,-0.82,3.075181269577194,挖金客
2026-08-20,301380,31.77,30.6,31.79,29.73,47915.4,147137604.0,6.5605,-2.5478,-0.8,5.818418551375114,挖金客
2026-08-21,301380,30.26,30.15,30.46,29.32,27531.86,82424245.0,3.7255,-1.4706,-0.45,3.3432233682252983,挖金客
2026-08-24,301380,30.0,29.48,30.41,28.6,26959.85,78640353.0,6.0033,-2.2222,-0.67,3.2737635787719683,挖金客
2026-06-25,301381,18.15,18.36,18.95,18.08,49869.67,92016218.0,,,,2.512390013693951,赛维时代
2026-06-26,301381,18.39,18.25,18.89,17.89,49731.03,92006255.0,5.4466,-0.5991,-0.11,2.5054054527073126,赛维时代
2026-06-29,301381,18.3,18.22,18.5,17.64,48796.42,88600658.0,4.7123,-0.1644,-0.03,2.4583206247808698,赛维时代
2026-06-30,301381,18.2,18.44,18.62,17.85,40749.31,74589123.0,4.2261,1.2075,0.22,2.0529143166361252,赛维时代
2026-07-01,301381,18.49,18.17,18.84,17.81,48645.58,88559740.0,5.5857,-1.4642,-0.27,2.450721438548725,赛维时代
2026-07-02,301381,17.97,18.34,18.8,17.97,46499.61,84957897.0,4.568,0.9356,0.17,2.342609361655359,赛维时代
2026-07-03,301381,18.13,18.3,18.65,18.11,36210.07,66543813.0,2.9444,-0.2181,-0.04,1.8242314068482695,赛维时代
2026-07-06,301381,18.3,19.09,19.09,18.12,48369.16,90430237.0,5.3005,4.3169,0.79,2.4367956426173447,赛维时代
2026-07-07,301381,18.9,18.59,19.06,18.36,37978.99,70972177.0,3.6668,-2.6192,-0.5,1.9133480371171983,赛维时代
2026-07-08,301381,18.53,18.21,18.68,17.84,41298.89,75092696.0,4.5186,-2.0441,-0.38,2.0806016725726275,赛维时代
2026-07-09,301381,18.0,18.04,18.42,17.51,39986.18,71697169.0,4.9973,-0.9336,-0.17,2.016388435125932,赛维时代
2026-07-10,301381,18.2,18.1,18.66,17.94,40072.26,73525123.0,3.9911,0.3326,0.06,2.020729202773545,赛维时代
2026-07-13,301381,18.2,19.03,19.5,18.01,99135.21,187732493.0,8.232,5.1381,0.93,2.4411109666882864,赛维时代
2026-07-14,301381,18.88,19.19,19.53,18.75,72902.42,139357793.0,4.0988,0.8408,0.16,1.795153275613331,赛维时代
2026-07-15,301381,18.96,21.5,22.25,18.96,232316.77,497027186.0,17.1443,12.0375,2.31,5.720581163772189,赛维时代
2026-07-16,301381,21.33,20.86,21.44,20.61,107805.76,225841693.0,3.8605,-2.9767,-0.64,2.6546150757956273,赛维时代
2026-07-17,301381,21.0,20.41,21.3,20.2,84066.56,173515908.0,5.2733,-2.1572,-0.45,2.0700596846242503,赛维时代
2026-07-20,301381,20.44,19.83,20.55,19.48,90618.0,180158659.0,5.2425,-2.8417,-0.58,2.2313827103342914,赛维时代
2026-07-21,301381,19.78,20.4,21.19,19.62,154435.19,315969828.0,7.9173,2.8744,0.57,3.80282077328115,赛维时代
2026-07-22,301381,19.88,20.86,21.2,19.35,136772.68,282192037.0,9.0686,2.2549,0.46,3.3678981372142918,赛维时代
2026-07-23,301381,20.52,21.9,21.91,20.46,108688.95,232169029.0,6.9511,4.9856,1.04,2.6763627958505847,赛维时代
2026-07-24,301381,21.68,22.32,22.77,21.56,124017.88,276607816.0,5.5251,1.9178,0.42,3.0538232272210033,赛维时代
2026-07-27,301381,21.95,22.69,23.0,21.82,99050.8,223587331.0,5.2867,1.6577,0.37,2.4390324501178555,赛维时代
2026-07-28,301381,22.6,22.77,23.03,22.46,84802.25,193064473.0,2.5121,0.3526,0.08,2.0881753564131427,赛维时代
2026-07-29,301381,22.6,23.27,23.35,22.3,91341.53,209561003.0,4.6113,2.1959,0.5,2.2491989536017236,赛维时代
2026-07-30,301381,23.3,22.61,24.59,22.56,234332.41,549115315.0,8.7237,-2.8363,-0.66,5.770214396090913,赛维时代
2026-07-31,301381,22.31,23.05,23.62,22.31,104282.29,241878036.0,5.7939,1.946,0.44,2.567852953056419,赛维时代
2026-08-03,301381,23.03,22.82,23.19,22.37,86335.93,196667976.0,3.5575,-0.9978,-0.23,2.125940778682289,赛维时代
2026-08-04,301381,23.0,23.62,23.94,22.84,75371.36,177134237.0,4.8203,3.5057,0.8,1.855948592535496,赛维时代
2026-08-05,301381,23.62,23.61,23.85,23.28,85476.0,200991130.0,2.4132,-0.0423,-0.01,2.104765814170848,赛维时代
2026-08-06,301381,23.8,23.39,23.98,23.19,55129.98,129622279.0,3.346,-0.9318,-0.22,1.357523717065873,赛维时代
2026-08-07,301381,23.39,23.44,23.55,22.83,66102.04,153445924.0,3.0782,0.2138,0.05,1.6277003373924137,赛维时代
2026-08-10,301381,23.57,23.01,23.57,22.92,56394.47,130629696.0,2.773,-1.8345,-0.43,1.38866058968931,赛维时代
2026-08-11,301381,22.99,22.77,23.25,22.6,57190.45,130702337.0,2.8249,-1.043,-0.24,1.4082608458169212,赛维时代
2026-08-12,301381,22.77,22.89,23.15,22.63,41121.37,94177591.0,2.2837,0.527,0.12,1.0125749193676667,赛维时代
2026-08-13,301381,22.7,22.96,23.56,22.7,48915.03,113292409.0,3.7571,0.3058,0.07,1.2044864399731088,赛维时代
2026-08-14,301381,22.75,22.59,23.13,22.35,53222.47,120587462.0,3.3972,-1.6115,-0.37,1.3105530839268744,赛维时代
2026-08-17,301381,22.59,23.18,23.3,22.03,64414.47,147816212.0,5.622,2.6118,0.59,1.5861455191390994,赛维时代
2026-08-18,301381,23.18,23.36,23.58,23.05,38111.65,88804219.0,2.2865,0.7765,0.18,0.9384634054195843,赛维时代
2026-08-19,301381,23.1,22.75,23.32,22.5,60092.44,136906552.0,3.5103,-2.6113,-0.61,1.4797196102076935,赛维时代
2026-08-20,301381,22.75,23.37,23.85,22.75,50277.22,118028532.0,4.8352,2.7253,0.62,1.238029082871763,赛维时代
2026-08-21,301381,23.33,22.81,23.41,22.51,42767.0,97932530.0,3.8511,-2.3962,-0.56,1.0530970047106163,赛维时代
2026-08-24,301381,22.8,23.54,23.58,22.3,82448.18,190283238.0,5.6116,3.2004,0.73,2.030208604808421,赛维时代
2026-06-25,301382,41.95,42.07,44.23,41.85,151020.58,646140328.0,,,,6.389512763994873,蜂助手
2026-06-26,301382,41.93,42.56,43.73,39.84,192337.52,805123227.0,9.2465,1.1647,0.49,8.137586539762456,蜂助手
2026-06-29,301382,42.71,43.55,45.11,41.95,206047.88,894564610.0,7.4248,2.3261,0.99,8.71765662172721,蜂助手
2026-06-30,301382,43.94,45.95,45.99,43.57,203776.12,920517793.0,5.5568,5.5109,2.4,8.62154098293988,蜂助手
2026-07-01,301382,46.15,45.45,47.94,44.25,241439.4,1111639585.0,8.0305,-1.0881,-0.5,10.215032467967369,蜂助手
2026-07-02,301382,43.95,45.48,48.1,43.95,235936.68,1091909300.0,9.1309,0.066,0.03,9.982218505283013,蜂助手
2026-07-03,301382,45.95,46.93,49.5,45.0,232921.79,1103870106.0,9.8945,3.1882,1.45,9.8546618627576,蜂助手
2026-07-06,301382,47.93,44.89,47.93,43.61,197666.35,890602267.0,9.2052,-4.3469,-2.04,8.363043409959609,蜂助手
2026-07-07,301382,44.95,42.58,46.06,42.28,143652.98,628685499.0,8.4206,-5.1459,-2.31,6.07779780276238,蜂助手
2026-07-08,301382,42.95,42.0,43.91,41.09,120232.84,508495939.0,6.6228,-1.3621,-0.58,5.086917728903924,蜂助手
2026-07-09,301382,41.95,42.38,42.91,41.0,108319.98,455758687.0,4.5476,0.9048,0.38,4.582897872632122,蜂助手
2026-07-10,301382,42.81,41.0,43.16,40.8,164364.32,689187471.0,5.5687,-3.2563,-1.38,6.954071561540405,蜂助手
2026-07-13,301382,40.2,36.8,40.97,35.77,187341.44,713347333.0,12.6829,-10.2439,-4.2,7.926207951957141,蜂助手
2026-07-14,301382,36.31,35.6,36.99,33.45,139424.06,487391984.0,9.6196,-3.2609,-1.2,5.898876901267277,蜂助手
2026-07-15,301382,35.56,34.98,35.85,34.39,77027.73,269458309.0,4.1011,-1.7416,-0.62,3.2589575805929942,蜂助手
2026-07-16,301382,34.91,36.27,37.3,34.0,134187.07,485093500.0,9.434,3.6878,1.29,5.677305679319159,蜂助手
2026-07-17,301382,36.0,32.16,36.47,32.0,140219.38,478351850.0,12.3242,-11.3317,-4.11,5.932526005855939,蜂助手
2026-07-20,301382,32.96,30.18,33.41,29.3,140902.48,440911385.0,12.7799,-6.1567,-1.98,5.961427207063648,蜂助手
2026-07-21,301382,30.35,31.51,31.65,27.0,178245.74,525968887.0,15.4076,4.4069,1.33,7.54137900184009,蜂助手
2026-07-22,301382,31.51,31.68,32.74,31.0,133680.11,424678470.0,5.5221,0.5395,0.17,5.6558567655960434,蜂助手
2026-07-23,301382,31.54,33.19,33.69,30.7,143621.03,462796193.0,9.4381,4.7664,1.51,6.076446033799437,蜂助手
2026-07-24,301382,32.6,35.6,36.58,32.22,244970.03,847073104.0,13.1365,7.2612,2.41,10.364409496250158,蜂助手
2026-07-27,301382,34.58,36.7,36.82,32.57,167728.81,584734762.0,11.9382,3.0899,1.1,7.096419391215891,蜂助手
2026-07-28,301382,35.91,35.02,37.15,34.76,135414.13,485677621.0,6.5123,-4.5777,-1.68,5.729221223095958,蜂助手
2026-07-29,301382,35.04,34.44,35.04,32.58,136168.12,458603186.0,7.0246,-1.6562,-0.58,5.761121701354779,蜂助手
2026-07-30,301382,33.87,31.55,34.44,31.34,114140.18,372585556.0,9.0012,-8.3914,-2.89,4.829144060992696,蜂助手
2026-07-31,301382,33.86,33.5,35.28,32.58,174304.43,593276237.0,8.5578,6.1807,1.95,7.374626559544738,蜂助手
2026-08-03,301382,33.52,35.5,36.3,33.4,170445.28,602510742.0,8.6567,5.9701,2.0,7.211350215465203,蜂助手
2026-08-04,301382,36.88,41.0,41.0,35.68,226570.24,879623941.0,14.9859,15.493,5.5,9.585934846902202,蜂助手
2026-08-05,301382,40.59,41.88,45.01,38.8,474359.12,1976930843.0,15.1463,2.1463,0.88,20.06960675132737,蜂助手
2026-08-06,301382,40.0,41.01,42.49,39.0,303295.4,1232921224.0,8.3333,-2.0774,-0.87,12.832091027335018,蜂助手
2026-08-07,301382,40.64,40.9,41.73,39.15,269947.78,1090405192.0,6.2911,-0.2682,-0.11,11.421190316724248,蜂助手
2026-08-10,301382,40.2,38.73,40.5,38.2,198278.63,771928810.0,5.6235,-5.3056,-2.17,8.388948295738347,蜂助手
2026-08-11,301382,38.47,38.85,39.13,37.86,126942.84,490132125.0,3.2791,0.3098,0.12,5.370819136774416,蜂助手
2026-08-12,301382,39.4,41.98,42.06,38.55,271948.48,1114519245.0,9.0347,8.0566,3.13,11.505856498883391,蜂助手
2026-08-13,301382,43.22,43.25,45.55,43.21,347716.33,1541703343.0,5.5741,3.0253,1.27,14.711515193239475,蜂助手
2026-08-14,301382,43.34,44.75,45.98,43.34,217547.23,974071189.0,6.104,3.4682,1.5,9.204196361419559,蜂助手
2026-08-17,301382,45.3,45.87,46.12,44.06,170872.08,770765080.0,4.6034,2.5028,1.12,7.229419455279627,蜂助手
2026-08-18,301382,46.22,44.8,46.37,44.1,108310.09,486404439.0,4.9488,-2.3327,-1.07,4.5824869214975745,蜂助手
2026-08-19,301382,43.21,41.84,43.91,41.65,158955.61,676886973.0,5.0446,-6.6071,-2.96,6.725246040545891,蜂助手
2026-08-20,301382,42.7,42.09,43.7,41.88,95648.01,407680948.0,4.3499,0.5975,0.25,4.046767525465719,蜂助手
2026-08-21,301382,42.09,40.91,42.69,40.5,99437.3,410333824.0,5.2031,-2.8035,-1.18,4.207088432472273,蜂助手
2026-08-24,301382,41.08,39.72,41.16,38.4,112747.85,445738339.0,6.7465,-2.9088,-1.19,4.770243917736292,蜂助手
2026-06-25,301383,26.88,25.86,27.07,25.6,23841.99,62098956.0,,,,3.3763709166350986,天键股份
2026-06-26,301383,25.58,24.6,25.94,24.56,16967.2,42270583.0,5.3364,-4.8724,-1.26,2.4028011343319515,天键股份
2026-06-29,301383,24.51,23.72,24.91,23.44,22202.78,53039265.0,5.9756,-3.5772,-0.88,3.1442350517069855,天键股份
2026-06-30,301383,23.5,23.9,24.4,23.45,14712.41,35178356.0,4.0051,0.7589,0.18,2.083490230371349,天键股份
2026-07-01,301383,24.22,23.88,24.25,23.51,20293.0,48632202.0,3.0962,-0.0837,-0.02,2.873782558053084,天键股份
2026-07-02,301383,23.84,23.85,24.85,23.6,22795.92,55177288.0,5.2345,-0.1256,-0.03,3.2282322619018116,天键股份
2026-07-03,301383,23.86,25.13,25.31,23.76,26478.02,65599886.0,6.499,5.3669,1.28,3.7496709233617858,天键股份
2026-07-06,301383,25.18,23.86,25.3,23.61,20342.03,49300740.0,6.725,-5.0537,-1.27,2.8807259158031133,天键股份
2026-07-07,301383,23.88,22.93,24.03,22.83,13390.0,31124822.0,5.0293,-3.8977,-0.93,1.8962178313867244,天键股份
2026-07-08,301383,22.71,22.28,23.1,22.22,13215.52,29690029.0,3.8378,-2.8347,-0.65,1.871508937643606,天键股份
2026-07-09,301383,22.23,22.35,22.54,21.7,16133.0,35731073.0,3.7702,0.3142,0.07,2.284666338593131,天键股份
2026-07-10,301383,23.01,22.47,24.24,22.35,24727.0,56636466.0,8.4564,0.5369,0.12,3.5017011438909282,天键股份
2026-07-13,301383,22.15,20.92,23.24,20.92,27102.0,59087924.0,10.3249,-6.8981,-1.55,3.8380355239912625,天键股份
2026-07-14,301383,20.8,21.09,21.17,20.26,22362.8,46466672.0,4.3499,0.8126,0.17,3.166902478838861,天键股份
2026-07-15,301383,21.01,21.29,21.88,21.01,14981.4,32036795.0,4.1252,0.9483,0.2,2.1215873144899793,天键股份
2026-07-16,301383,21.01,22.37,23.56,20.9,38697.6,87308869.0,12.4941,5.0728,1.08,5.480151204907914,天键股份
2026-07-17,301383,22.21,20.51,22.43,20.51,30885.6,66505801.0,8.5829,-8.3147,-1.86,4.373856726368143,天键股份
2026-07-20,301383,20.51,19.69,21.08,19.25,28329.0,57102140.0,8.9225,-3.998,-0.82,4.011804439650942,天键股份
2026-07-21,301383,19.5,20.12,20.18,18.6,26745.0,52105749.0,8.0244,2.1838,0.43,3.7874866652004817,天键股份
2026-07-22,301383,20.02,19.71,20.21,19.52,15875.2,31616779.0,3.4294,-2.0378,-0.41,2.2481625839368364,天键股份
2026-07-23,301383,19.69,19.84,19.9,19.31,13213.0,25942897.0,2.9934,0.6596,0.13,1.8711557789229376,天键股份
2026-07-24,301383,19.7,19.36,19.94,19.06,13589.2,26485444.0,4.4355,-2.4194,-0.48,1.924431250354922,天键股份
2026-07-27,301383,19.6,20.41,20.47,19.16,18440.67,37086384.0,6.7665,5.4236,1.05,2.611470993545058,天键股份
2026-07-28,301383,20.28,20.55,21.02,20.28,16294.0,33740624.0,3.6257,0.6859,0.14,2.307470843999875,天键股份
2026-07-29,301383,20.61,21.05,21.2,20.41,15327.03,32070153.0,3.8443,2.4331,0.5,2.170533622812778,天键股份
2026-07-30,301383,20.8,20.45,21.35,20.39,17050.99,35586149.0,4.5606,-2.8504,-0.6,2.414671798596626,天键股份
2026-07-31,301383,20.89,20.98,21.26,20.52,14230.4,29874956.0,3.6186,2.5917,0.53,2.0152346322852472,天键股份
2026-08-03,301383,21.0,21.42,21.46,20.91,15174.0,32351563.0,2.6215,2.0972,0.44,2.14886231661066,天键股份
2026-08-04,301383,21.47,21.73,21.78,21.43,11280.86,24381148.0,1.634,1.4472,0.31,1.5975362431106193,天键股份
2026-08-05,301383,21.74,21.78,21.92,21.54,13673.27,29727569.0,1.7487,0.2301,0.05,1.9363368029420749,天键股份
2026-08-06,301383,21.67,21.74,21.95,21.33,14254.17,30875609.0,2.8466,-0.1837,-0.04,2.0186008150495702,天键股份
2026-08-07,301383,21.64,21.68,21.77,21.2,13770.8,29557709.0,2.6219,-0.276,-0.06,1.9501484901530304,天键股份
2026-08-10,301383,22.0,22.17,22.27,21.29,18737.0,41015496.0,4.5203,2.2601,0.49,2.6534356943675985,天键股份
2026-08-11,301383,22.19,22.28,22.48,21.83,11016.0,24426145.0,2.9319,0.4962,0.11,1.5600281586782017,天键股份
2026-08-12,301383,22.58,22.75,23.06,22.28,17248.31,39250251.0,3.5009,2.1095,0.47,2.442615222368447,天键股份
2026-08-13,301383,23.0,22.67,23.99,22.46,37059.84,85940612.0,6.7253,-0.3516,-0.08,5.2482202211427715,天键股份
2026-08-14,301383,22.96,22.79,23.08,22.43,22002.85,49902683.0,2.8672,0.5293,0.12,3.115928247201586,天键股份
2026-08-17,301383,22.8,23.02,23.08,22.52,13822.58,31579835.0,2.4572,1.0092,0.23,1.9574813022496493,天键股份
2026-08-18,301383,22.72,22.73,23.09,22.38,19430.87,44085187.0,3.0843,-1.2598,-0.29,2.751697925527915,天键股份
2026-08-19,301383,22.45,22.06,22.73,21.85,20085.0,44377142.0,3.8715,-2.9476,-0.67,2.8443323862610463,天键股份
2026-08-20,301383,22.15,22.4,22.65,21.95,18281.93,40970012.0,3.1732,1.5413,0.34,2.5889910670827687,天键股份
2026-08-21,301383,22.26,22.43,22.55,21.86,12460.2,27751014.0,3.0804,0.1339,0.03,1.76454819015633,天键股份
2026-08-24,301383,22.48,22.08,22.6,21.78,12755.2,28118520.0,3.6558,-1.5604,-0.35,1.8063245433525963,天键股份
2026-06-25,301386,21.68,20.98,22.0,20.75,19557.43,41289723.0,,,,4.346095555555555,未来电器
2026-06-26,301386,21.13,20.43,21.13,20.24,17576.0,36165863.0,4.2421,-2.6215,-0.55,3.9057777777777773,未来电器
2026-06-29,301386,20.66,20.47,20.75,19.61,20185.0,40993791.0,5.58,0.1958,0.04,4.485555555555556,未来电器
2026-06-30,301386,20.62,20.61,20.75,20.23,15683.0,32151652.0,2.5403,0.6839,0.14,3.4851111111111113,未来电器
2026-07-01,301386,20.55,20.55,20.95,20.1,18185.0,37324758.0,4.1242,-0.2911,-0.06,4.041111111111111,未来电器
2026-07-02,301386,20.5,20.47,21.06,20.35,18619.0,38590798.0,3.455,-0.3893,-0.08,4.137555555555555,未来电器
2026-07-03,301386,20.39,20.99,21.15,20.39,14845.0,31018178.0,3.7128,2.5403,0.52,3.2988888888888885,未来电器
2026-07-06,301386,20.91,20.77,21.43,20.7,12462.0,26191195.0,3.4778,-1.0481,-0.22,2.7693333333333334,未来电器
2026-07-07,301386,20.9,20.27,21.06,20.15,10646.0,21758071.0,4.3813,-2.4073,-0.5,2.3657777777777778,未来电器
2026-07-08,301386,20.28,19.9,20.29,19.82,9455.0,18867677.0,2.3187,-1.8254,-0.37,2.1011111111111114,未来电器
2026-07-09,301386,20.03,20.05,20.28,19.62,10633.97,21215270.0,3.3166,0.7538,0.15,2.3631044444444442,未来电器
2026-07-10,301386,19.99,20.11,20.6,19.66,10776.66,21778926.0,4.6883,0.2993,0.06,2.3948133333333335,未来电器
2026-07-13,301386,20.03,19.35,20.07,19.23,16736.0,32672046.0,4.177,-3.7792,-0.76,3.7191111111111113,未来电器
2026-07-14,301386,19.47,19.8,19.8,19.18,13056.49,25480146.0,3.2041,2.3256,0.45,2.9014422222222223,未来电器
2026-07-15,301386,19.85,19.82,20.08,19.66,9364.0,18600040.0,2.1212,0.101,0.02,2.0808888888888886,未来电器
2026-07-16,301386,19.87,19.76,20.2,19.53,9395.0,18686535.0,3.3804,-0.3027,-0.06,2.0877777777777777,未来电器
2026-07-17,301386,20.15,19.07,20.15,18.93,13715.0,26686981.0,6.1741,-3.4919,-0.69,3.0477777777777777,未来电器
2026-07-20,301386,19.39,18.52,19.6,18.25,16607.38,31420899.0,7.0792,-2.8841,-0.55,3.6905288888888887,未来电器
2026-07-21,301386,18.52,18.5,18.72,17.68,14859.15,27117481.0,5.6156,-0.108,-0.02,3.302033333333333,未来电器
2026-07-22,301386,18.5,18.09,18.57,18.01,8764.0,15936440.0,3.027,-2.2162,-0.41,1.9475555555555555,未来电器
2026-07-23,301386,18.09,18.81,18.9,17.95,12314.5,22821779.0,5.2515,3.9801,0.72,2.7365555555555554,未来电器
2026-07-24,301386,18.7,18.38,18.72,18.28,6677.0,12328061.0,2.3392,-2.286,-0.43,1.4837777777777779,未来电器
2026-07-27,301386,18.14,18.8,18.84,18.14,8801.5,16461901.0,3.8085,2.2851,0.42,1.955888888888889,未来电器
2026-07-28,301386,18.76,18.71,19.09,18.57,7279.0,13681745.0,2.766,-0.4787,-0.09,1.6175555555555554,未来电器
2026-07-29,301386,18.8,19.07,19.07,18.6,10210.5,19275784.0,2.512,1.9241,0.36,2.2689999999999997,未来电器
2026-07-30,301386,19.05,18.75,19.26,18.66,11739.0,22228705.0,3.1463,-1.678,-0.32,2.6086666666666667,未来电器
2026-07-31,301386,18.72,19.12,19.2,18.72,10888.0,20773273.0,2.56,1.9733,0.37,2.4195555555555557,未来电器
2026-08-03,301386,19.11,19.68,19.71,19.07,10870.0,21219974.0,3.3473,2.9289,0.56,2.4155555555555557,未来电器
2026-08-04,301386,19.76,20.05,20.23,19.7,11005.0,22013228.0,2.6931,1.8801,0.37,2.4455555555555555,未来电器
2026-08-05,301386,19.98,19.93,20.29,19.85,9827.0,19733268.0,2.1945,-0.5985,-0.12,2.183777777777778,未来电器
2026-08-06,301386,20.09,19.96,20.09,19.58,9864.0,19556028.0,2.559,0.1505,0.03,2.1919999999999997,未来电器
2026-08-07,301386,20.04,19.88,20.04,19.55,9685.0,19111504.0,2.4549,-0.4008,-0.08,2.1522222222222225,未来电器
2026-08-10,301386,19.96,20.35,20.35,19.77,12164.0,24514793.0,2.9175,2.3642,0.47,2.703111111111111,未来电器
2026-08-11,301386,20.38,20.05,20.38,19.88,8909.0,17897263.0,2.457,-1.4742,-0.3,1.9797777777777779,未来电器
2026-08-12,301386,20.06,20.14,20.25,19.97,6383.0,12860933.0,1.3965,0.4489,0.09,1.4184444444444444,未来电器
2026-08-13,301386,20.27,19.95,20.31,19.91,8694.0,17513891.0,1.9861,-0.9434,-0.19,1.932,未来电器
2026-08-14,301386,19.89,20.19,20.56,19.76,13055.0,26345132.0,4.01,1.203,0.24,2.901111111111111,未来电器
2026-08-17,301386,20.16,20.92,21.43,20.03,23668.0,49404879.0,6.9341,3.6157,0.73,5.259555555555555,未来电器
2026-08-18,301386,20.86,20.53,20.92,20.4,12077.0,24868251.0,2.4857,-1.8642,-0.39,2.683777777777778,未来电器
2026-08-19,301386,20.38,19.91,20.53,19.81,10479.97,21022176.0,3.5071,-3.02,-0.62,2.3288822222222225,未来电器
2026-08-20,301386,20.09,20.41,20.46,19.94,7979.2,16186173.0,2.6118,2.5113,0.5,1.7731555555555556,未来电器
2026-08-21,301386,20.2,20.23,20.44,19.93,6352.49,12817712.0,2.4988,-0.8819,-0.18,1.4116644444444444,未来电器
2026-08-24,301386,20.24,20.07,20.41,19.9,9941.0,19966785.0,2.521,-0.7909,-0.16,2.209111111111111,未来电器
2026-06-25,301387,102.86,106.86,109.65,98.93,50807.69,535229848.0,,,,11.903126309321427,光大同创
2026-06-26,301387,106.86,91.31,106.86,89.39,64320.47,616898994.0,16.3485,-14.5517,-15.55,15.068873996926834,光大同创
2026-06-29,301387,92.38,89.46,92.8,81.89,56629.72,495860677.0,11.9483,-2.0261,-1.85,13.26710011853532,光大同创
2026-06-30,301387,92.46,92.29,97.01,89.91,38225.0,361016694.0,7.9365,3.1634,2.83,8.955278289050565,光大同创
2026-07-01,301387,94.34,89.99,97.16,88.76,37624.67,347460937.0,9.1017,-2.4921,-2.3,8.814634149998486,光大同创
2026-07-02,301387,88.63,85.23,91.68,84.7,29747.03,262427552.0,7.7564,-5.2895,-4.76,6.969076047684392,光大同创
2026-07-03,301387,85.57,82.56,87.23,82.31,24946.19,210313374.0,5.7726,-3.1327,-2.67,5.844344635749649,光大同创
2026-07-06,301387,82.53,79.09,84.29,76.51,26110.98,208943841.0,9.4234,-4.203,-3.47,6.117229360361898,光大同创
2026-07-07,301387,79.87,75.17,80.42,72.9,27342.6,207584756.0,9.5082,-4.9564,-3.92,6.405770886754585,光大同创
2026-07-08,301387,75.92,73.8,77.89,72.01,23637.06,177432014.0,7.8223,-1.8225,-1.37,5.537644218050636,光大同创
2026-07-09,301387,75.13,76.34,76.88,70.43,25955.0,191462031.0,8.7398,3.4417,2.54,6.08068667082557,光大同创
2026-07-10,301387,76.87,73.78,78.89,73.78,24308.74,186258476.0,6.6937,-3.3534,-2.56,5.695004095648791,光大同创
2026-07-13,301387,73.78,67.48,74.4,67.4,27518.18,192209449.0,9.4877,-8.5389,-6.3,6.4469054259826155,光大同创
2026-07-14,301387,68.69,69.25,69.4,65.06,24555.74,165206688.0,6.4315,2.623,1.77,5.752870772886083,光大同创
2026-07-15,301387,70.49,66.13,70.53,65.74,20864.0,141231041.0,6.917,-4.5054,-3.12,4.8879771412099675,光大同创
2026-07-16,301387,65.45,63.94,67.84,63.39,28033.38,182305264.0,6.7292,-3.3117,-2.19,6.567605475021697,光大同创
2026-07-17,301387,63.86,56.13,63.86,55.24,33990.4,201101328.0,13.4814,-12.2146,-7.81,7.963204477596975,光大同创
2026-07-20,301387,57.49,49.02,58.98,47.2,41509.19,218124195.0,20.987,-12.667,-7.11,9.72469190328515,光大同创
2026-07-21,301387,50.0,52.6,52.88,43.0,46819.95,225857345.0,20.155,7.3031,3.58,10.968886376178759,光大同创
2026-07-22,301387,52.95,53.0,54.95,51.3,32999.0,175170342.0,6.9392,0.7605,0.4,7.730941223293122,光大同创
2026-07-23,301387,53.02,53.27,55.8,52.33,23670.74,127043023.0,6.5472,0.5094,0.27,5.545758433377609,光大同创
2026-07-24,301387,53.0,50.72,53.81,50.66,24385.88,126620547.0,5.9133,-4.7869,-2.55,5.713306794182792,光大同创
2026-07-27,301387,51.63,54.25,54.41,50.43,29295.71,154693557.0,7.847,6.9598,3.53,6.863618576955548,光大同创
2026-07-28,301387,53.62,50.44,55.47,50.1,26336.86,137349486.0,9.8986,-7.023,-3.81,6.170397015627117,光大同创
2026-07-29,301387,50.89,49.35,51.15,47.01,29599.3,144621819.0,8.2078,-2.161,-1.09,6.9347459182549365,光大同创
2026-07-30,301387,49.09,45.99,49.5,44.65,28319.12,131998315.0,9.8278,-6.8085,-3.36,6.634815749986377,光大同创
2026-07-31,301387,49.3,48.25,51.66,48.19,33079.42,164477513.0,7.5451,4.9141,2.26,7.750094523290778,光大同创
2026-08-03,301387,47.99,46.93,48.94,46.32,24655.37,116282642.0,5.4301,-2.7358,-1.32,5.776444931824916,光大同创
2026-08-04,301387,47.61,50.25,50.7,47.01,28795.33,142121177.0,7.8628,7.0744,3.32,6.746385799066326,光大同创
2026-08-05,301387,49.79,52.67,53.45,49.2,28056.44,145873548.0,8.4577,4.8159,2.42,6.5732731102007325,光大同创
2026-08-06,301387,52.14,53.91,54.93,51.91,24818.98,132904589.0,5.7338,2.3543,1.24,5.814776709254979,光大同创
2026-08-07,301387,53.92,55.93,56.61,52.5,25205.93,138772757.0,7.6238,3.747,2.02,5.905434256327672,光大同创
2026-08-10,301387,56.08,56.88,57.19,53.5,34125.25,188862848.0,6.5975,1.6986,0.95,7.995119416571652,光大同创
2026-08-11,301387,56.74,55.3,56.75,54.1,20261.51,112204001.0,4.6589,-2.7778,-1.58,4.747018469023983,光大同创
2026-08-12,301387,55.22,58.73,59.33,55.22,26584.85,153198011.0,7.4322,6.2025,3.43,6.22849797207771,光大同创
2026-08-13,301387,59.3,58.17,61.49,58.17,29230.87,174998540.0,5.653,-0.9535,-0.56,6.848427375631879,光大同创
2026-08-14,301387,58.74,59.35,60.2,57.8,20858.07,122927635.0,4.1258,2.0285,1.18,4.8867850184016435,光大同创
2026-08-17,301387,59.74,60.87,61.49,58.61,23912.0,143463975.0,4.8526,2.5611,1.52,5.6022826349715045,光大同创
2026-08-18,301387,61.1,60.58,63.0,58.8,19959.0,120552584.0,6.9,-0.4764,-0.29,4.676144158221657,光大同创
2026-08-19,301387,59.08,54.35,59.08,54.16,27478.79,154607604.0,8.1215,-10.2839,-6.23,6.437936937396647,光大同创
2026-08-20,301387,56.0,56.2,57.21,54.62,22950.05,128796748.0,4.7654,3.4039,1.85,5.37690977696252,光大同创
2026-08-21,301387,55.96,58.02,59.5,54.41,25839.62,148866839.0,9.0569,3.2384,1.82,6.053899900479357,光大同创
2026-08-24,301387,57.86,56.35,58.25,55.1,24808.02,139346307.0,5.4292,-2.8783,-1.67,5.812208918284785,光大同创
2026-06-25,301388,24.97,24.25,25.19,23.94,15631.0,37966884.0,,,,2.150570595317455,欣灵电气
2026-06-26,301388,24.68,23.64,24.7,23.41,12656.52,30071830.0,5.3196,-2.5155,-0.61,1.7413306730885596,欣灵电气
2026-06-29,301388,23.43,23.4,23.78,22.41,20210.0,46707342.0,5.7953,-1.0152,-0.24,2.780566293350762,欣灵电气
2026-06-30,301388,23.13,23.32,23.61,22.88,15298.0,35576143.0,3.1197,-0.3419,-0.08,2.104755227891141,欣灵电气
2026-07-01,301388,23.18,23.55,24.17,22.9,17265.52,40624793.0,5.446,0.9863,0.23,2.375453881700814,欣灵电气
2026-07-02,301388,23.69,23.78,25.03,23.51,20725.0,50150985.0,6.4544,0.9766,0.23,2.851421891622689,欣灵电气
2026-07-03,301388,24.53,24.46,24.78,24.0,18192.0,44349161.0,3.2801,2.8595,0.68,2.5029224150735807,欣灵电气
2026-07-06,301388,24.52,24.06,25.02,23.86,13670.63,33216831.0,4.7424,-1.6353,-0.4,1.8808556648624308,欣灵电气
2026-07-07,301388,23.75,23.0,24.2,23.0,11960.0,27957827.0,4.9875,-4.4057,-1.06,1.6455008841402825,欣灵电气
2026-07-08,301388,23.25,22.57,23.45,22.25,12220.36,27642237.0,5.2174,-1.8696,-0.43,1.681322172618106,欣灵电气
2026-07-09,301388,22.21,22.55,22.72,21.7,13038.0,28993180.0,4.5193,-0.0886,-0.02,1.7938160976104522,欣灵电气
2026-07-10,301388,22.5,22.79,23.36,22.23,13182.1,30107873.0,5.0111,1.0643,0.24,1.813641906757995,欣灵电气
2026-07-13,301388,22.62,21.9,22.86,21.8,13100.05,28986640.0,4.6512,-3.9052,-0.89,1.8023531653245746,欣灵电气
2026-07-14,301388,21.86,22.38,22.4,21.4,12917.0,28406180.0,4.5662,2.1918,0.48,1.7771684716086984,欣灵电气
2026-07-15,301388,22.38,22.68,22.8,21.88,11864.0,26633262.0,4.1108,1.3405,0.3,1.632292850287652,欣灵电气
2026-07-16,301388,22.57,22.48,23.3,22.24,11301.0,25721902.0,4.6737,-0.8818,-0.2,1.5548332350894094,欣灵电气
2026-07-17,301388,22.36,21.36,22.8,21.2,17365.5,38263172.0,7.1174,-4.9822,-1.12,2.3892094986235852,欣灵电气
2026-07-20,301388,21.5,20.75,22.28,20.36,17294.28,37020565.0,8.9888,-2.8558,-0.61,2.3794107885091647,欣灵电气
2026-07-21,301388,20.85,20.75,21.1,19.51,19792.0,40396651.0,7.6627,0.0,0.0,2.723056312617431,欣灵电气
2026-07-22,301388,20.99,20.48,21.01,20.2,14997.39,30744806.0,3.9036,-1.3012,-0.27,2.06339619605323,欣灵电气
2026-07-23,301388,20.15,21.63,21.77,20.15,21297.0,45139303.0,7.9102,5.6152,1.15,2.9301197599946156,欣灵电气
2026-07-24,301388,21.57,21.03,21.68,20.9,11935.42,25281633.0,3.6061,-2.7739,-0.6,1.6421190771392653,欣灵电气
2026-07-27,301388,21.01,21.75,21.88,20.71,13509.0,29060867.0,5.5635,3.4237,0.72,1.8586180136999233,欣灵电气
2026-07-28,301388,21.55,21.58,22.05,21.38,10049.12,21865905.0,3.0805,-0.7816,-0.17,1.3825949703036622,欣灵电气
2026-07-29,301388,21.67,21.86,22.06,21.34,12484.0,27153793.0,3.3364,1.2975,0.28,1.7175947355858936,欣灵电气
2026-07-30,301388,21.74,21.3,22.07,21.16,12056.0,26071176.0,4.1629,-2.5618,-0.56,1.6587089179929138,欣灵电气
2026-07-31,301388,21.51,22.05,22.12,21.51,13054.12,28657363.0,2.8638,3.5211,0.75,1.7960339466282065,欣灵电气
2026-08-03,301388,21.94,23.13,23.25,21.94,20084.0,45758337.0,5.941,4.898,1.08,2.7632307489191836,欣灵电气
2026-08-04,301388,23.15,23.59,23.62,23.15,16600.0,38816984.0,2.032,1.9888,0.46,2.2838891870174494,欣灵电气
2026-08-05,301388,23.57,23.83,24.01,23.43,16906.0,40059066.0,2.4587,1.0174,0.24,2.3259897949227106,欣灵电气
2026-08-06,301388,23.77,23.66,23.82,23.21,10917.0,25672726.0,2.5598,-0.7134,-0.17,1.502001099678885,欣灵电气
2026-08-07,301388,23.8,23.48,23.8,23.01,10076.0,23473669.0,3.339,-0.7608,-0.18,1.3862932197823987,欣灵电气
2026-08-10,301388,23.5,23.96,23.99,23.16,11154.0,26500074.0,3.5349,2.0443,0.48,1.534608433252568,欣灵电气
2026-08-11,301388,23.81,23.92,24.09,23.5,10974.0,26146452.0,2.4624,-0.1669,-0.04,1.509843369778885,欣灵电气
2026-08-12,301388,23.9,24.5,24.8,23.71,13408.0,32642088.0,4.5569,2.4247,0.58,1.8447220614174673,欣灵电气
2026-08-13,301388,24.52,24.16,24.83,24.15,10525.0,25625593.0,2.7755,-1.3878,-0.34,1.4480682947806418,欣灵电气
2026-08-14,301388,24.23,24.08,24.26,23.75,9874.0,23660119.0,2.1109,-0.3311,-0.08,1.3585013152174876,欣灵电气
2026-08-17,301388,24.15,24.46,24.5,23.79,6987.0,16978344.0,2.9485,1.5781,0.38,0.9612972138368023,欣灵电气
2026-08-18,301388,24.69,24.24,24.69,23.93,6841.0,16526199.0,3.1071,-0.8994,-0.22,0.9412099956859259,欣灵电气
2026-08-19,301388,24.1,23.4,24.35,23.27,8637.0,20395931.0,4.4554,-3.4653,-0.84,1.188310295678898,欣灵电气
2026-08-20,301388,23.44,24.04,24.18,23.44,8898.37,21302595.0,3.1624,2.735,0.64,1.2242705436795458,欣灵电气
2026-08-21,301388,23.8,23.81,24.08,23.44,6662.89,15839561.0,2.6622,-0.9567,-0.23,0.9167049653787165,欣灵电气
2026-08-24,301388,23.96,23.71,24.08,23.43,9625.92,22797118.0,2.7299,-0.42,-0.1,1.3243695544033136,欣灵电气
2026-06-25,301389,98.79,99.87,102.6,97.44,124772.92,1247087899.0,,,,4.401161199294533,隆扬电子
2026-06-26,301389,97.58,93.98,97.58,91.09,121068.07,1142728164.0,6.4984,-5.8977,-5.89,4.270478659611993,隆扬电子
2026-06-29,301389,93.2,84.64,94.33,82.3,142447.49,1234516910.0,12.8006,-9.9383,-9.34,5.024602821869489,隆扬电子
2026-06-30,301389,84.95,86.79,89.0,83.1,93695.61,806259109.0,6.9707,2.5402,2.15,3.3049597883597883,隆扬电子
2026-07-01,301389,87.83,83.98,89.7,83.56,93145.07,800796664.0,7.0745,-3.2377,-2.81,3.285540388007055,隆扬电子
2026-07-02,301389,81.78,78.61,83.6,78.2,96060.05,776316330.0,6.4301,-6.3944,-5.37,3.3883615520282184,隆扬电子
2026-07-03,301389,78.6,77.8,81.35,76.09,85554.23,675214853.0,6.6913,-1.0304,-0.81,3.017785890652557,隆扬电子
2026-07-06,301389,78.96,72.86,80.47,72.07,90948.94,682561337.0,10.7969,-6.3496,-4.94,3.2080754850088185,隆扬电子
2026-07-07,301389,73.0,69.76,74.0,68.75,70134.92,498640612.0,7.2056,-4.2547,-3.1,2.4738948853615517,隆扬电子
2026-07-08,301389,69.76,66.13,70.36,66.0,61611.47,415878310.0,6.25,-5.2036,-3.63,2.1732440917107585,隆扬电子
2026-07-09,301389,68.07,69.82,69.99,64.0,77787.06,522837520.0,9.0579,5.5799,3.69,2.74381164021164,隆扬电子
2026-07-10,301389,70.14,67.08,71.86,67.04,76911.68,535447373.0,6.9035,-3.9244,-2.74,2.7129340388007055,隆扬电子
2026-07-13,301389,67.0,60.8,67.1,60.44,76445.49,483777582.0,9.9284,-9.362,-6.28,2.696489947089947,隆扬电子
2026-07-14,301389,61.45,65.0,65.64,60.79,72152.45,455651751.0,7.977,6.9079,4.2,2.545059964726631,隆扬电子
2026-07-15,301389,66.01,63.07,69.4,62.56,66783.73,435550922.0,10.5231,-2.9692,-1.93,2.3556871252204585,隆扬电子
2026-07-16,301389,62.1,60.92,64.9,60.12,77766.05,485668384.0,7.5789,-3.4089,-2.15,2.743070546737213,隆扬电子
2026-07-17,301389,61.0,54.52,61.06,54.01,91321.95,521635442.0,11.5726,-10.5056,-6.4,3.2212328042328044,隆扬电子
2026-07-20,301389,55.5,46.02,57.0,44.0,144612.04,714775003.0,23.8445,-15.5906,-8.5,5.100953791887125,隆扬电子
2026-07-21,301389,46.84,50.0,50.18,40.5,136452.16,624254669.0,21.0343,8.6484,3.98,4.813127336860671,隆扬电子
2026-07-22,301389,49.58,49.3,51.8,48.66,98946.91,498166873.0,6.28,-1.4,-0.7,3.4901908289241628,隆扬电子
2026-07-23,301389,50.28,49.56,51.61,48.88,68802.1,344018253.0,5.5375,0.5274,0.26,2.4268818342151675,隆扬电子
2026-07-24,301389,48.85,47.95,49.93,47.57,49853.21,242382736.0,4.7619,-3.2486,-1.61,1.7584906525573194,隆扬电子
2026-07-27,301389,48.71,50.43,50.54,48.08,67010.14,331501947.0,5.1303,5.1721,2.48,2.363673368606702,隆扬电子
2026-07-28,301389,50.01,46.57,50.43,46.02,63978.86,307697107.0,8.7448,-7.6542,-3.86,2.2567499118165784,隆扬电子
2026-07-29,301389,46.76,45.56,46.95,43.3,75296.28,338494573.0,7.8377,-2.1688,-1.01,2.655953439153439,隆扬电子
2026-07-30,301389,45.83,41.78,45.83,41.12,72150.78,309356382.0,10.338,-8.2968,-3.78,2.5450010582010583,隆扬电子
2026-07-31,301389,44.99,43.77,46.94,43.75,77080.71,348954634.0,7.6352,4.763,1.99,2.7188962962962964,隆扬电子
2026-08-03,301389,43.77,42.1,44.01,41.67,70747.98,299904392.0,5.3461,-3.8154,-1.67,2.495519576719577,隆扬电子
2026-08-04,301389,43.04,45.32,45.72,42.1,68055.04,302420393.0,8.5986,7.6485,3.22,2.400530511463845,隆扬电子
2026-08-05,301389,44.83,48.66,49.35,44.83,83163.71,394948752.0,9.9735,7.3698,3.34,2.933464197530864,隆扬电子
2026-08-06,301389,48.26,49.48,50.49,47.51,81455.53,400771007.0,6.1241,1.6852,0.82,2.873210934744268,隆扬电子
2026-08-07,301389,49.96,53.84,54.9,48.75,131184.6,686867590.0,12.4293,8.8116,4.36,4.627322751322752,隆扬电子
2026-08-10,301389,54.0,52.16,54.45,50.48,109636.67,570481905.0,7.3737,-3.1204,-1.68,3.8672546737213405,隆扬电子
2026-08-11,301389,51.48,51.5,52.65,50.35,70295.08,362562811.0,4.4095,-1.2653,-0.66,2.479544268077601,隆扬电子
2026-08-12,301389,51.4,52.75,53.32,51.21,60666.13,318047102.0,4.0971,2.4272,1.25,2.1398987654320987,隆扬电子
2026-08-13,301389,53.61,52.55,57.33,52.0,107444.03,588983325.0,10.1043,-0.3791,-0.2,3.7899128747795414,隆扬电子
2026-08-14,301389,53.88,54.48,54.93,52.89,74120.92,400382450.0,3.882,3.6727,1.93,2.614494532627866,隆扬电子
2026-08-17,301389,54.86,58.81,59.79,54.25,110388.31,625367614.0,10.1689,7.9479,4.33,3.8937675485008816,隆扬电子
2026-08-18,301389,58.81,61.99,62.48,55.56,131607.87,763437154.0,11.7667,5.4072,3.18,4.64225291005291,隆扬电子
2026-08-19,301389,59.0,53.03,60.4,52.43,195231.22,1080948917.0,12.8569,-14.4539,-8.96,6.8864627865961205,隆扬电子
2026-08-20,301389,54.61,53.8,55.16,52.4,117124.39,631189807.0,5.2046,1.452,0.77,4.1313717813051145,隆扬电子
2026-08-21,301389,52.78,56.13,56.55,52.38,131691.88,720877512.0,7.7509,4.3309,2.33,4.645216225749559,隆扬电子
2026-08-24,301389,57.0,51.13,57.3,49.42,127101.9,662358634.0,14.0388,-8.9079,-5.0,4.483312169312169,隆扬电子
2026-06-25,301390,29.7,29.42,30.44,28.55,12774.0,37613744.0,,,,2.6039532633808826,经纬股份
2026-06-26,301390,29.39,29.86,30.39,28.56,16725.48,49345151.0,6.2203,1.4956,0.44,3.4094542216699297,经纬股份
2026-06-29,301390,29.86,31.44,31.78,29.26,31336.0,95668641.0,8.4394,5.2914,1.58,6.387778257499869,经纬股份
2026-06-30,301390,31.44,32.26,32.52,31.02,28042.65,89239155.0,4.771,2.6081,0.82,5.716435727364013,经纬股份
2026-07-01,301390,32.26,31.98,32.79,31.1,21473.0,68250921.0,5.2387,-0.8679,-0.28,4.377226274039274,经纬股份
2026-07-02,301390,32.52,32.78,33.11,31.67,18498.0,59910616.0,4.5028,2.5016,0.8,3.7707787275731617,经纬股份
2026-07-03,301390,32.7,32.12,32.88,32.0,13778.0,44491933.0,2.6846,-2.0134,-0.66,2.808616569818522,经纬股份
2026-07-06,301390,31.85,30.8,32.2,30.13,16010.0,49469027.0,6.4446,-4.1096,-1.32,3.2636051156041908,经纬股份
2026-07-07,301390,30.65,30.58,31.5,30.32,11577.0,35754605.0,3.8312,-0.7143,-0.22,2.3599473093909875,经纬股份
2026-07-08,301390,30.65,31.04,31.44,30.0,7828.0,24106795.0,4.709,1.5043,0.46,1.5957214768862964,经纬股份
2026-07-09,301390,31.14,31.03,31.67,30.51,9209.01,28556591.0,3.7371,-0.0322,-0.01,1.8772374856745873,经纬股份
2026-07-10,301390,30.97,31.15,31.6,30.63,7791.0,24318339.0,3.126,0.3867,0.12,1.5881791040394908,经纬股份
2026-07-13,301390,31.06,28.75,31.44,28.51,12315.0,36173080.0,9.4061,-7.7047,-2.4,2.5103870704975395,经纬股份
2026-07-14,301390,29.01,28.81,29.01,27.88,10631.0,30281026.0,3.9304,0.2087,0.06,2.1671071820105023,经纬股份
2026-07-15,301390,28.81,28.87,29.29,28.24,10383.0,29925793.0,3.6446,0.2083,0.06,2.1165528991454288,经纬股份
2026-07-16,301390,28.88,28.92,29.79,28.41,8704.0,25369809.0,4.78,0.1732,0.05,1.7742922502322844,经纬股份
2026-07-17,301390,29.0,27.72,29.38,27.4,11408.63,32358271.0,6.8465,-4.1494,-1.2,2.325625435979727,经纬股份
2026-07-20,301390,28.01,26.06,28.54,25.4,15494.0,41605779.0,11.3276,-5.9885,-1.66,3.1584195915784714,经纬股份
2026-07-21,301390,26.06,25.73,26.36,24.06,11179.0,28261862.0,8.8258,-1.2663,-0.33,2.278815839309135,经纬股份
2026-07-22,301390,25.73,25.29,25.95,25.0,10772.0,27353710.0,3.6922,-1.7101,-0.44,2.195849737994275,经纬股份
2026-07-23,301390,25.05,25.92,25.98,24.98,7944.66,20225865.0,3.9541,2.4911,0.63,1.619502374624359,经纬股份
2026-07-24,301390,25.68,25.49,26.25,25.04,8433.33,21532106.0,4.6682,-1.659,-0.43,1.7191167351391807,经纬股份
2026-07-27,301390,25.49,26.58,26.87,25.11,9931.43,26218023.0,6.9047,4.2762,1.09,2.0245012962688897,经纬股份
2026-07-28,301390,26.56,27.59,28.23,25.8,16682.33,46075460.0,9.1422,3.7998,1.01,3.4006581841472365,经纬股份
2026-07-29,301390,27.68,28.26,28.87,27.36,9273.0,26052330.0,5.473,2.4284,0.67,1.8902817137412653,经纬股份
2026-07-30,301390,28.7,28.34,29.74,28.11,14565.0,42139795.0,5.7679,0.2831,0.08,2.9690448787492216,经纬股份
2026-07-31,301390,28.1,29.0,29.23,28.1,7635.5,22026651.0,3.9873,2.3289,0.66,1.5564807532914302,经纬股份
2026-08-03,301390,29.06,29.83,29.84,28.56,8248.0,24374962.0,4.4138,2.8621,0.83,1.681337601093277,经纬股份
2026-08-04,301390,30.19,30.02,30.39,29.83,9086.0,27305392.0,1.8773,0.6369,0.19,1.8521621536776813,经纬股份
2026-08-05,301390,30.2,29.58,30.5,29.3,12936.0,38682264.0,3.9973,-1.4657,-0.44,2.6369766255750036,经纬股份
2026-08-06,301390,29.79,29.97,30.22,29.22,8869.0,26343356.0,3.3807,1.3185,0.39,1.807927156170741,经纬股份
2026-08-07,301390,30.35,29.94,30.35,29.21,8715.0,25847226.0,3.8038,-0.1001,-0.03,1.7765345772948482,经纬股份
2026-08-10,301390,29.94,30.95,30.96,29.82,8092.0,24738286.0,3.8076,3.3734,1.01,1.649537326387827,经纬股份
2026-08-11,301390,31.0,30.41,31.03,30.18,11267.33,34346641.0,2.7464,-1.7447,-0.54,2.296821725621522,经纬股份
2026-08-12,301390,30.5,30.74,30.85,30.29,10093.33,30851059.0,1.8415,1.0852,0.33,2.0575042736715328,经纬股份
2026-08-13,301390,30.68,31.41,32.05,30.41,15228.0,47599339.0,5.3351,2.1796,0.67,3.1041960462473837,经纬股份
2026-08-14,301390,31.4,30.88,31.4,30.57,10209.0,31543768.0,2.6425,-1.6874,-0.53,2.081083361973965,经纬股份
2026-08-17,301390,30.98,31.2,31.34,30.69,10080.4,31309349.0,2.1049,1.0363,0.32,2.054868520133447,经纬股份
2026-08-18,301390,31.2,31.07,31.32,30.7,5718.35,17717778.0,1.9872,-0.4167,-0.13,1.1656737234737802,经纬股份
2026-08-19,301390,30.75,30.34,31.17,30.15,6530.2,19941022.0,3.2829,-2.3495,-0.73,1.3311676530867262,经纬股份
2026-08-20,301390,30.34,31.16,31.22,30.01,6417.0,19785353.0,3.9881,2.7027,0.82,1.3080920691337972,经纬股份
2026-08-21,301390,31.0,31.3,31.44,30.38,4931.0,15249684.0,3.4018,0.4493,0.14,1.0051740677729084,经纬股份
2026-08-24,301390,31.28,31.04,31.28,30.4,6852.0,21112989.0,2.8115,-0.8307,-0.26,1.3967659120624556,经纬股份
2026-06-25,301391,63.03,62.5,63.8,61.68,11179.11,69781345.0,,,,1.2041832520299511,卡莱特
2026-06-26,301391,61.0,56.55,61.31,56.0,20316.57,118477337.0,8.496,-9.52,-5.95,2.188445532130388,卡莱特
2026-06-29,301391,56.51,55.29,57.37,54.16,19725.38,109658180.0,5.6764,-2.2281,-1.26,2.124764157068546,卡莱特
2026-06-30,301391,56.3,57.1,59.79,54.32,23342.2,133196120.0,9.8933,3.2736,1.81,2.514354084483232,卡莱特
2026-07-01,301391,57.06,57.72,59.19,56.5,19203.3,111486258.0,4.711,1.0858,0.62,2.0685237805586816,卡莱特
2026-07-02,301391,57.45,57.11,59.7,56.62,18617.0,107979917.0,5.3361,-1.0568,-0.61,2.0053692450079397,卡莱特
2026-07-03,301391,57.73,57.14,58.82,56.91,12886.0,74470310.0,3.3444,0.0525,0.03,1.3880425466601662,卡莱特
2026-07-06,301391,56.85,55.98,58.23,55.14,11707.98,66332965.0,5.4078,-2.0301,-1.16,1.2611496488783402,卡莱特
2026-07-07,301391,56.11,53.68,56.11,53.01,10410.26,56387575.0,5.5377,-4.1086,-2.3,1.1213630142631121,卡莱特
2026-07-08,301391,53.69,52.56,54.13,52.48,8761.0,46521796.0,3.0738,-2.0864,-1.12,0.9437095104213654,卡莱特
2026-07-09,301391,53.0,52.89,53.23,50.7,14832.21,77680345.0,4.8135,0.6279,0.33,1.5976826432561215,卡莱特
2026-07-10,301391,52.93,53.03,55.13,52.2,15124.99,81515515.0,5.5398,0.2647,0.14,1.6292200557046055,卡莱特
2026-07-13,301391,53.5,49.56,53.6,49.02,14877.0,75847550.0,8.6366,-6.5435,-3.47,1.6025072921514272,卡莱特
2026-07-14,301391,48.94,50.09,50.59,47.9,14342.91,70724322.0,5.4278,1.0694,0.53,1.5449766663757227,卡莱特
2026-07-15,301391,50.1,49.25,50.6,48.61,12964.0,64093139.0,3.9728,-1.677,-0.84,1.396444480436318,卡莱特
2026-07-16,301391,48.02,49.18,51.13,48.01,14185.8,70664673.0,6.335,-0.1421,-0.07,1.5280532328427585,卡莱特
2026-07-17,301391,49.18,45.29,49.18,45.0,16742.94,78711286.0,8.4994,-7.9097,-3.89,1.8035009371549247,卡莱特
2026-07-20,301391,44.98,43.86,47.35,42.72,19957.93,89973747.0,10.223,-3.1574,-1.43,2.149810335500957,卡莱特
2026-07-21,301391,44.08,45.28,45.48,40.88,19685.0,85684915.0,10.4879,3.2376,1.42,2.1204111074814036,卡莱特
2026-07-22,301391,44.74,45.18,49.03,44.5,21081.2,97389978.0,10.0044,-0.2208,-0.1,2.2708057220745226,卡莱特
2026-07-23,301391,45.54,44.5,45.76,44.0,16859.94,75380434.0,3.8955,-1.5051,-0.68,1.8161038378191527,卡莱特
2026-07-24,301391,43.83,44.18,45.06,42.87,13137.4,58288517.0,4.9213,-0.7191,-0.32,1.4151226255233018,卡莱特
2026-07-27,301391,43.58,45.25,45.89,43.58,13887.95,62403437.0,5.2286,2.4219,1.07,1.4959696946988246,卡莱特
2026-07-28,301391,44.97,44.0,45.68,43.82,13314.0,59519854.0,4.1105,-2.7624,-1.25,1.4341454653293073,卡莱特
2026-07-29,301391,43.69,44.59,45.1,42.85,15422.15,67883043.0,5.1136,1.3409,0.59,1.6612292690497503,卡莱特
2026-07-30,301391,44.43,43.13,44.87,42.88,14856.0,65030117.0,4.4629,-3.2743,-1.46,1.6002452330578478,卡莱特
2026-07-31,301391,43.88,45.55,45.62,43.2,17244.02,77918583.0,5.6109,5.6109,2.42,1.8574758214697222,卡莱特
2026-08-03,301391,45.55,47.18,47.68,44.81,20383.0,94733841.0,6.3008,3.5785,1.63,2.1955976430679938,卡莱特
2026-08-04,301391,47.62,48.0,48.48,46.43,18697.0,89294938.0,4.3451,1.738,0.82,2.01398661298348,卡莱特
2026-08-05,301391,48.48,49.16,49.61,48.0,10932.6,53620839.0,3.3542,2.4167,1.16,1.177627964117409,卡莱特
2026-08-06,301391,48.8,49.94,50.52,48.79,12443.29,62020837.0,3.5191,1.5867,0.78,1.3403551094545227,卡莱特
2026-08-07,301391,49.95,50.9,50.9,48.95,12557.0,62924775.0,3.9047,1.9223,0.96,1.3526036208607564,卡莱特
2026-08-10,301391,50.99,50.49,50.99,49.6,9884.18,49652845.0,2.7308,-0.8055,-0.41,1.0646952024559584,卡莱特
2026-08-11,301391,50.65,50.36,50.82,49.59,8544.4,42966137.0,2.4361,-0.2575,-0.13,0.9203779866275899,卡莱特
2026-08-12,301391,50.36,50.51,51.08,50.03,5377.8,27282403.0,2.085,0.2979,0.15,0.5792810187357629,卡莱特
2026-08-13,301391,51.18,49.62,51.19,49.55,6148.3,31048175.0,3.2469,-1.762,-0.89,0.6622770440501863,卡莱特
2026-08-14,301391,50.0,49.78,50.28,48.2,12963.09,63825583.0,4.1919,0.3225,0.16,1.3963464578755962,卡莱特
2026-08-17,301391,49.52,50.15,50.24,48.4,13107.0,64648421.0,3.6963,0.7433,0.37,1.4118480256925965,卡莱特
2026-08-18,301391,50.05,49.94,50.39,48.87,9982.93,49392466.0,3.0309,-0.4187,-0.21,1.0753322660507663,卡莱特
2026-08-19,301391,48.92,46.8,49.56,46.62,12540.41,59648444.0,5.8871,-6.2875,-3.14,1.3508165941768286,卡莱特
2026-08-20,301391,47.69,47.1,48.77,46.89,11201.12,53531257.0,4.0171,0.641,0.3,1.2065521597273103,卡莱特
2026-08-21,301391,46.03,47.48,47.74,46.03,8622.5,40581808.0,3.6306,0.8068,0.38,0.9287906921137111,卡莱特
2026-08-24,301391,47.56,46.1,47.56,45.13,9689.0,44682968.0,5.1179,-2.9065,-1.38,1.043670978937634,卡莱特
2026-06-25,301392,202.81,227.01,240.0,200.1,93293.34,2126988203.0,,,,22.868306581019848,汇成真空
2026-06-26,301392,248.1,243.8,253.35,234.31,103446.11,2519389634.0,8.3873,7.3961,16.79,25.356980016943364,汇成真空
2026-06-29,301392,245.7,261.12,276.28,245.7,88112.83,2298381428.0,12.5431,7.1042,17.32,21.598446471755466,汇成真空
2026-06-30,301392,264.01,288.64,294.5,264.01,75519.4,2100852195.0,11.6766,10.5392,27.52,18.511512097376624,汇成真空
2026-07-01,301392,286.14,284.8,289.79,273.78,66853.79,1885167012.0,5.5467,-1.3304,-3.84,16.387375195518985,汇成真空
2026-07-02,301392,267.75,259.0,277.62,256.61,62495.93,1665770546.0,7.3771,-9.059,-25.8,15.319165197708173,汇成真空
2026-07-03,301392,260.49,250.13,265.57,247.85,39471.62,1003736114.0,6.8417,-3.4247,-8.87,9.675386339577024,汇成真空
2026-07-06,301392,250.0,248.25,262.58,243.0,42585.61,1075044133.0,7.8279,-0.7516,-1.88,10.438695682025584,汇成真空
2026-07-07,301392,247.45,243.09,250.99,237.0,32146.05,780077521.0,5.6354,-2.0785,-5.16,7.879723534057126,汇成真空
2026-07-08,301392,242.67,251.66,259.46,228.98,50295.83,1245055929.0,12.5386,3.5254,8.57,12.328644897769289,汇成真空
2026-07-09,301392,255.01,274.64,276.0,247.43,56288.78,1475666531.0,11.3526,9.1314,22.98,13.797652416684603,汇成真空
2026-07-10,301392,271.37,273.05,295.0,271.37,61906.53,1745948640.0,8.604,-0.5789,-1.59,15.174689933998534,汇成真空
2026-07-13,301392,267.69,253.54,282.0,252.91,43495.33,1154924619.0,10.6537,-7.1452,-19.51,10.661688618744169,汇成真空
2026-07-14,301392,257.61,252.34,262.8,241.4,38753.34,975588757.0,8.4405,-0.4733,-1.2,9.499319674464433,汇成真空
2026-07-15,301392,259.0,241.61,261.55,236.8,34677.89,853090669.0,9.8082,-4.2522,-10.73,8.500334751686266,汇成真空
2026-07-16,301392,231.19,225.45,242.36,223.21,38375.84,890086126.0,7.926,-6.6885,-16.16,9.406785890870289,汇成真空
2026-07-17,301392,223.33,197.54,224.98,194.21,44251.57,929491163.0,13.6483,-12.3797,-27.91,10.847060137963336,汇成真空
2026-07-20,301392,201.59,169.15,204.99,163.71,56249.96,1023902996.0,20.897,-14.3718,-28.39,13.788136757137254,汇成真空
2026-07-21,301392,171.61,179.92,180.0,150.11,71962.69,1223148544.0,17.6707,6.3671,10.77,17.639682075000117,汇成真空
2026-07-22,301392,178.41,168.5,181.06,167.66,51312.74,894847213.0,7.4478,-6.3473,-11.42,12.5779125265765,汇成真空
2026-07-23,301392,169.54,161.1,173.87,159.0,37594.03,621602546.0,8.8249,-4.3917,-7.4,9.215146586627272,汇成真空
2026-07-24,301392,158.0,159.01,166.64,156.26,34968.04,563490649.0,6.4432,-1.2973,-2.09,8.571457075685846,汇成真空
2026-07-27,301392,159.86,165.29,165.86,153.59,34572.95,553226019.0,7.7165,3.9494,6.28,8.47461158546012,汇成真空
2026-07-28,301392,176.1,157.04,178.82,154.95,88784.17,1494100800.0,14.4413,-4.9912,-8.25,21.76300708176366,汇成真空
2026-07-29,301392,154.16,136.5,155.0,132.0,84456.89,1196433729.0,14.646,-13.0795,-20.54,20.70229293323049,汇成真空
2026-07-30,301392,135.24,118.3,138.66,117.0,65101.12,811191569.0,15.8681,-13.3333,-18.2,15.957756158454215,汇成真空
2026-07-31,301392,130.19,126.14,135.48,126.02,58326.78,763401611.0,7.9966,6.6272,7.84,14.297212286790211,汇成真空
2026-08-03,301392,126.13,118.71,128.5,117.2,46867.49,568180733.0,8.9583,-5.8903,-7.43,11.488281264266902,汇成真空
2026-08-04,301392,120.42,133.31,133.8,118.58,46426.0,595032122.0,12.8212,12.2989,14.6,11.380062085143779,汇成真空
2026-08-05,301392,131.21,151.5,153.65,131.21,68223.57,979773312.0,16.8329,13.6449,18.19,16.723139238145706,汇成真空
2026-08-06,301392,148.15,157.37,161.34,146.88,75227.49,1167369559.0,9.5446,3.8746,5.87,18.43995835759128,汇成真空
2026-08-07,301392,158.0,175.68,177.15,155.5,66777.64,1118135367.0,13.7574,11.635,18.31,16.368709109106547,汇成真空
2026-08-10,301392,176.23,174.26,179.08,167.62,49523.88,850461896.0,6.5232,-0.8083,-1.42,12.13942250241697,汇成真空
2026-08-11,301392,173.49,173.7,177.58,169.0,41056.06,713255376.0,4.9237,-0.3214,-0.56,10.063768400710552,汇成真空
2026-08-12,301392,174.58,177.04,180.39,173.05,36651.96,648865152.0,4.2257,1.9229,3.34,8.98422393361923,汇成真空
2026-08-13,301392,180.0,167.47,183.0,165.5,52272.4,911860400.0,9.8848,-5.4056,-9.57,12.81314688621612,汇成真空
2026-08-14,301392,170.0,169.0,172.0,163.8,34009.31,569336421.0,4.8964,0.9136,1.53,8.336450680069381,汇成真空
2026-08-17,301392,169.66,177.54,177.98,168.22,33004.54,574945320.0,5.7751,5.0533,8.54,8.090158839693517,汇成真空
2026-08-18,301392,177.71,178.53,181.88,175.77,39104.31,699170247.0,3.4415,0.5576,0.99,9.585350355333405,汇成真空
2026-08-19,301392,173.42,159.47,174.86,158.66,44611.42,737909736.0,9.0741,-10.6761,-19.06,10.93526750756957,汇成真空
2026-08-20,301392,161.04,160.09,164.35,158.71,32482.67,524131023.0,3.5367,0.3888,0.62,7.962236705536493,汇成真空
2026-08-21,301392,159.58,168.52,173.88,156.59,43273.0,722556762.0,10.8002,5.2658,8.43,10.607190509852813,汇成真空
2026-08-24,301392,168.45,174.21,178.96,164.41,61387.77,1059994207.0,8.634,3.3765,5.69,15.047530131144763,汇成真空
2026-06-25,301393,54.3,56.3,58.0,51.0,33330.99,181151739.0,,,,7.916201903465818,昊帆生物
2026-06-26,301393,56.29,56.11,58.3,54.93,29372.09,166019957.0,5.9858,-0.3375,-0.19,6.975952252446427,昊帆生物
2026-06-29,301393,55.19,63.1,64.9,54.56,70048.4,420634113.0,18.4281,12.4577,6.99,16.636687881600125,昊帆生物
2026-06-30,301393,62.54,64.77,65.88,61.6,53318.33,342559034.0,6.7829,2.6466,1.67,12.663272746272982,昊帆生物
2026-07-01,301393,64.45,67.11,67.79,61.68,51555.37,332666783.0,9.4334,3.6128,2.34,12.244564146045454,昊帆生物
2026-07-02,301393,71.04,64.83,73.26,64.78,57339.08,388711424.0,12.636,-3.3974,-2.28,13.618213643607483,昊帆生物
2026-07-03,301393,66.33,66.73,68.5,64.12,46474.71,307997856.0,6.7561,2.9307,1.9,11.03789125679556,昊帆生物
2026-07-06,301393,65.64,68.3,70.5,64.5,49193.64,336763715.0,8.9915,2.3528,1.57,11.683645768762158,昊帆生物
2026-07-07,301393,67.04,64.43,67.48,64.0,43904.61,287539262.0,5.0952,-5.6662,-3.87,10.427484342603083,昊帆生物
2026-07-08,301393,64.36,60.77,65.27,60.7,37801.9,235863557.0,7.093,-5.6806,-3.66,8.978071331704061,昊帆生物
2026-07-09,301393,61.52,62.55,63.23,60.3,27881.08,172797158.0,4.8215,2.9291,1.78,6.621845067177773,昊帆生物
2026-07-10,301393,62.37,66.48,68.76,61.33,40624.0,270057012.0,11.8785,6.283,3.93,9.648329046400995,昊帆生物
2026-07-13,301393,66.99,67.51,71.8,66.49,51238.97,355197252.0,7.9874,1.5493,1.03,11.653775385112251,昊帆生物
2026-07-14,301393,67.23,71.14,71.78,66.09,56174.69,391914732.0,8.4284,5.377,3.63,12.776354005326635,昊帆生物
2026-07-15,301393,69.58,70.24,74.68,68.4,84242.22,605847067.0,8.8277,-1.2651,-0.9,19.16002429055875,昊帆生物
2026-07-16,301393,67.69,66.57,69.48,65.36,56880.67,383311476.0,5.8656,-5.2249,-3.67,12.936921876741334,昊帆生物
2026-07-17,301393,65.77,60.06,66.49,59.7,52451.0,329002287.0,10.1998,-9.7792,-6.51,11.929439110983743,昊帆生物
2026-07-20,301393,59.3,58.3,61.09,56.68,40208.53,237224667.0,7.3427,-2.9304,-1.76,9.14501554550272,昊帆生物
2026-07-21,301393,58.0,57.86,58.23,52.78,39442.02,220610751.0,9.3482,-0.7547,-0.44,8.970680749732187,昊帆生物
2026-07-22,301393,57.0,58.73,61.4,56.84,33364.0,198070983.0,7.8811,1.5036,0.87,7.588297773138007,昊帆生物
2026-07-23,301393,58.11,61.5,63.5,58.05,41567.22,252347469.0,9.2798,4.7165,2.77,9.454035576116102,昊帆生物
2026-07-24,301393,60.8,57.85,61.7,57.66,26519.52,157340788.0,6.5691,-5.935,-3.65,6.031591372757728,昊帆生物
2026-07-27,301393,57.01,61.25,61.79,57.0,33702.29,203600235.0,8.28,5.8773,3.4,7.665238345421751,昊帆生物
2026-07-28,301393,60.93,58.66,61.41,57.66,22025.13,130658146.0,6.1224,-4.2286,-2.59,5.009388710348732,昊帆生物
2026-07-29,301393,59.0,56.75,59.31,55.51,26681.98,151604805.0,6.478,-3.2561,-1.91,6.068541224580771,昊帆生物
2026-07-30,301393,56.73,51.3,56.73,51.1,33183.75,176967704.0,9.9207,-9.6035,-5.45,7.547301769253337,昊帆生物
2026-07-31,301393,52.08,52.88,54.48,51.76,29643.64,158012358.0,5.3021,3.0799,1.58,6.7421402529584205,昊帆生物
2026-08-03,301393,52.61,51.38,53.29,49.9,28094.1,143020926.0,6.4107,-2.8366,-1.5,6.389713357760354,昊帆生物
2026-08-04,301393,52.55,56.11,56.7,52.55,40105.99,222145094.0,8.0771,9.2059,4.73,9.121693879825415,昊帆生物
2026-08-05,301393,55.74,58.8,59.21,55.48,34913.48,202894699.0,6.6477,4.7942,2.69,7.940711021954752,昊帆生物
2026-08-06,301393,58.44,58.21,59.9,57.07,26799.95,156308963.0,4.8129,-1.0034,-0.59,6.095372284654416,昊帆生物
2026-08-07,301393,58.58,65.67,65.8,58.21,42762.13,268515590.0,13.039,12.8157,7.46,9.725805534517383,昊帆生物
2026-08-10,301393,66.05,66.98,67.37,64.88,41837.2,277144970.0,3.7917,1.9948,1.31,9.515439743266079,昊帆生物
2026-08-11,301393,66.88,66.58,69.0,65.88,39581.16,266112009.0,4.6581,-0.5972,-0.4,9.0023267080152,昊帆生物
2026-08-12,301393,65.6,67.01,67.98,65.6,20339.59,136403811.0,3.5746,0.6458,0.43,4.626030017490111,昊帆生物
2026-08-13,301393,66.21,69.09,71.09,66.21,37950.32,262592967.0,7.2825,3.104,2.08,8.631408966127406,昊帆生物
2026-08-14,301393,68.61,68.2,69.39,66.66,24955.97,169820462.0,3.9514,-1.2882,-0.89,5.675978047521248,昊帆生物
2026-08-17,301393,67.63,69.46,69.46,66.94,22282.02,152664588.0,3.695,1.8475,1.26,5.06781569197388,昊帆生物
2026-08-18,301393,69.4,68.98,70.02,67.34,18744.1,128464794.0,3.8583,-0.691,-0.48,4.2631522685971746,昊帆生物
2026-08-19,301393,67.64,64.7,68.8,64.26,22549.76,148267313.0,6.5816,-6.2047,-4.28,5.128710394221211,昊帆生物
2026-08-20,301393,67.01,68.9,72.3,66.0,56453.69,393236941.0,9.7372,6.4915,4.2,12.83980967846851,昊帆生物
2026-08-21,301393,68.39,65.43,68.8,64.9,36868.04,243694664.0,5.6604,-5.0363,-3.47,8.385255539862216,昊帆生物
2026-08-24,301393,65.41,61.32,66.32,60.77,29360.35,184121788.0,8.4823,-6.2815,-4.11,6.677708863552106,昊帆生物
2026-06-25,301395,11.94,12.52,12.74,11.46,126134.85,153022850.0,,,,9.751386092356928,仁信新材
2026-06-26,301395,12.5,12.63,13.1,12.0,109619.51,138266322.0,8.7859,0.8786,0.11,8.474598140521682,仁信新材
2026-06-29,301395,12.38,12.84,12.88,11.89,89744.64,111023924.0,7.8385,1.6627,0.21,6.93808756548709,仁信新材
2026-06-30,301395,12.66,13.15,13.3,12.66,73582.86,95877405.0,4.9844,2.4143,0.31,5.6886330593000025,仁信新材
2026-07-01,301395,13.02,12.78,13.29,12.73,53421.16,68954079.0,4.2586,-2.8137,-0.37,4.129947882457341,仁信新材
2026-07-02,301395,12.62,12.84,13.18,12.47,41251.36,53237479.0,5.5556,0.4695,0.06,3.1891102117678725,仁信新材
2026-07-03,301395,12.86,13.29,13.68,12.71,55396.4,73735878.0,7.5545,3.5047,0.45,4.282652134018801,仁信新材
2026-07-06,301395,13.3,12.5,13.32,12.45,38794.94,49348098.0,6.5463,-5.9443,-0.79,2.9992063126869493,仁信新材
2026-07-07,301395,12.48,11.9,12.65,11.88,30020.92,36340632.0,6.16,-4.8,-0.6,2.3208937241988234,仁信新材
2026-07-08,301395,11.89,11.31,11.91,11.25,30803.29,35349966.0,5.5462,-4.958,-0.59,2.3813781338372166,仁信新材
2026-07-09,301395,11.25,11.1,11.31,10.63,33302.8,36520425.0,6.0124,-1.8568,-0.21,2.5746132869428577,仁信新材
2026-07-10,301395,11.0,11.22,11.44,10.97,25059.93,28062004.0,4.2342,1.0811,0.12,1.9373634873901873,仁信新材
2026-07-13,301395,11.1,11.16,11.25,10.95,24615.73,27269997.0,2.6738,-0.5348,-0.06,1.9030227345988298,仁信新材
2026-07-14,301395,11.16,11.05,11.22,10.8,18123.12,19902283.0,3.7634,-0.9857,-0.11,1.4010841596760586,仁信新材
2026-07-15,301395,11.08,10.9,11.27,10.84,17529.68,19301849.0,3.8914,-1.3575,-0.15,1.3552057798100001,仁信新材
2026-07-16,301395,10.88,10.79,11.2,10.76,21385.92,23441701.0,4.0367,-1.0092,-0.11,1.6533286626198698,仁信新材
2026-07-17,301395,10.8,9.76,10.96,9.7,39718.57,40641349.0,11.6775,-9.5459,-1.03,3.070611421873535,仁信新材
2026-07-20,301395,9.77,9.0,10.0,8.72,54275.21,50811836.0,13.1148,-7.7869,-0.76,4.19597381654437,仁信新材
2026-07-21,301395,9.05,8.69,9.18,7.9,66018.2,55966641.0,14.2222,-3.4444,-0.31,5.1038151416713,仁信新材
2026-07-22,301395,8.62,8.63,8.9,8.51,33002.61,28702303.0,4.4879,-0.6904,-0.06,2.551405834037775,仁信新材
2026-07-23,301395,8.62,8.64,8.72,8.46,35019.88,30082857.0,3.0127,0.1159,0.01,2.7073593918572745,仁信新材
2026-07-24,301395,8.58,8.46,8.68,8.28,24656.31,20902938.0,4.6296,-2.0833,-0.18,1.9061599424967886,仁信新材
2026-07-27,301395,8.5,8.93,9.01,8.4,39955.05,35314625.0,7.2104,5.5556,0.47,3.088893504764351,仁信新材
2026-07-28,301395,8.88,8.8,9.12,8.77,29863.4,26660927.0,3.9194,-1.4558,-0.13,2.3087159768334593,仁信新材
2026-07-29,301395,8.89,8.93,8.96,8.58,28601.9,25077925.0,4.3182,1.4773,0.13,2.2111904035639918,仁信新材
2026-07-30,301395,8.87,8.73,9.24,8.65,35415.48,31656764.0,6.6069,-2.2396,-0.2,2.737942916855611,仁信新材
2026-07-31,301395,8.78,9.76,9.92,8.78,64838.04,61919880.0,13.0584,11.7984,1.03,5.012577899856242,仁信新材
2026-08-03,301395,9.8,11.4,11.65,9.59,121748.79,133397171.0,21.1066,16.8033,1.64,9.41230324186602,仁信新材
2026-08-04,301395,11.68,12.07,12.41,11.15,130922.9,157167203.0,11.0526,5.8772,0.67,10.121546473722661,仁信新材
2026-08-05,301395,12.25,11.98,12.25,11.85,64535.89,77264339.0,3.314,-0.7457,-0.09,4.989218920892018,仁信新材
2026-08-06,301395,11.96,12.12,12.15,11.76,43320.4,51670250.0,3.2554,1.1686,0.14,3.349066067588292,仁信新材
2026-08-07,301395,12.12,12.65,12.65,11.89,49335.65,60617458.0,6.2706,4.3729,0.53,3.8141003161885005,仁信新材
2026-08-10,301395,12.55,12.6,12.75,12.35,30056.0,37610389.0,3.1621,-0.3953,-0.05,2.323605731420617,仁信新材
2026-08-11,301395,12.46,12.58,12.68,12.36,26648.4,33450451.0,2.5397,-0.1587,-0.02,2.0601668543115905,仁信新材
2026-08-12,301395,12.6,12.47,12.68,12.42,19347.16,24191707.0,2.0668,-0.8744,-0.11,1.4957137297947734,仁信新材
2026-08-13,301395,12.62,12.26,13.0,12.12,26812.0,33625551.0,7.0569,-1.684,-0.21,2.0728146416971516,仁信新材
2026-08-14,301395,12.3,12.24,12.38,11.66,36360.5,43897706.0,5.8728,-0.1631,-0.02,2.811001670126409,仁信新材
2026-08-17,301395,12.35,12.63,12.8,12.13,37172.12,46317202.0,5.4739,3.1863,0.39,2.873747374269861,仁信新材
2026-08-18,301395,12.6,13.42,13.7,12.6,87017.8,116378371.0,8.7094,6.2549,0.79,6.727277708797344,仁信新材
2026-08-19,301395,13.08,11.79,13.28,11.75,74482.76,92196802.0,11.4009,-12.1461,-1.63,5.758203620841971,仁信新材
2026-08-20,301395,11.98,12.16,12.25,11.8,47614.2,57525126.0,3.8168,3.1383,0.37,3.681016370009567,仁信新材
2026-08-21,301395,12.21,12.26,12.36,11.86,27397.12,33393474.0,4.1118,0.8224,0.1,2.118049808903993,仁信新材
2026-08-24,301395,12.18,12.21,12.34,12.03,26620.48,32359323.0,2.5285,-0.4078,-0.05,2.05800838106095,仁信新材
2026-06-25,301396,307.58,303.0,314.56,292.06,167936.13,5066664741.0,,,,11.867690141080365,宏景科技
2026-06-26,301396,306.0,289.7,307.0,280.8,138336.23,4010901318.0,8.6469,-4.3894,-13.3,9.775927984795326,宏景科技
2026-06-29,301396,291.9,294.0,312.0,289.0,141411.55,4231312542.0,7.9392,1.4843,4.3,9.993254326927106,宏景科技
2026-06-30,301396,290.9,331.6,338.0,286.8,149368.99,4805273694.0,17.415,12.7891,37.6,10.555589735253108,宏景科技
2026-07-01,301396,331.01,327.5,339.38,323.0,99088.82,3256559641.0,4.9397,-1.2364,-4.1,7.002396757655943,宏景科技
2026-07-02,301396,301.0,288.0,308.5,285.82,137250.65,4062791362.0,6.9252,-12.0611,-39.5,9.699212348539124,宏景科技
2026-07-03,301396,291.12,292.92,302.98,276.02,109613.74,3187619167.0,9.3611,1.7083,4.92,7.746170532362193,宏景科技
2026-07-06,301396,290.89,279.44,299.89,278.29,90481.58,2582904711.0,7.374,-4.6019,-13.48,6.394141361453157,宏景科技
2026-07-07,301396,279.0,264.0,284.38,261.0,93249.51,2507140893.0,8.3667,-5.5253,-15.44,6.5897451042106,宏景科技
2026-07-08,301396,269.0,257.0,273.66,253.15,95388.31,2513107187.0,7.7689,-2.6515,-7.0,6.740889564153453,宏景科技
2026-07-09,301396,279.02,285.0,295.43,250.1,169970.55,4642722181.0,17.6381,10.8949,28.0,12.011458287796719,宏景科技
2026-07-10,301396,285.3,260.16,302.98,258.0,150966.49,4234707003.0,15.7825,-8.7158,-24.84,10.668481672207806,宏景科技
2026-07-13,301396,264.07,234.99,273.0,229.51,148927.62,3700883901.0,16.7166,-9.6748,-25.17,10.5243990534292,宏景科技
2026-07-14,301396,236.04,236.6,240.0,215.14,143402.73,3281818948.0,10.5792,0.6851,1.61,10.133966794548673,宏景科技
2026-07-15,301396,240.85,230.96,244.5,226.0,129793.35,3052884249.0,7.8191,-2.3838,-5.64,9.17222077329514,宏景科技
2026-07-16,301396,216.78,213.3,229.99,210.59,103493.52,2272064528.0,8.3997,-7.6463,-17.66,7.313667564982613,宏景科技
2026-07-17,301396,212.1,192.52,220.0,191.65,113933.07,2321845218.0,13.2911,-9.7421,-20.78,8.051408422845157,宏景科技
2026-07-20,301396,204.96,198.44,220.88,188.51,160103.67,3272846396.0,16.8138,3.075,5.92,11.314186804291513,宏景科技
2026-07-21,301396,199.98,205.25,211.0,165.0,212634.09,4090682385.0,23.1808,3.4318,6.81,15.026400176963675,宏景科技
2026-07-22,301396,199.72,209.01,226.95,198.97,210440.28,4542539997.0,13.6322,1.8319,3.76,14.87136827698835,宏景科技
2026-07-23,301396,215.0,191.0,224.5,190.0,200413.47,4121107282.0,16.5064,-8.6168,-18.01,14.162794879569427,宏景科技
2026-07-24,301396,186.53,179.34,188.86,176.22,142345.3,2590488495.0,6.6178,-6.1047,-11.66,10.059240459090768,宏景科技
2026-07-27,301396,176.68,182.05,182.55,169.02,124682.86,2190267775.0,7.5443,1.5111,2.71,8.811073283537636,宏景科技
2026-07-28,301396,171.87,160.02,179.16,158.0,124042.08,2073745031.0,11.6232,-12.1011,-22.03,8.765790719930857,宏景科技
2026-07-29,301396,159.95,149.0,162.58,140.81,165010.18,2472628979.0,13.6045,-6.8866,-11.02,11.660919460058395,宏景科技
2026-07-30,301396,147.67,130.13,149.0,127.26,163020.76,2205856247.0,14.5906,-12.6644,-18.87,11.520331367904145,宏景科技
2026-07-31,301396,150.01,156.16,156.16,144.75,67147.0,1032017495.0,8.7682,20.0031,26.03,4.745136081813504,宏景科技
2026-08-03,301396,161.7,147.21,166.47,145.95,230587.8,3597853365.0,13.1404,-5.7313,-8.95,16.295175083288406,宏景科技
2026-08-04,301396,157.16,176.65,176.65,157.08,212050.52,3557850503.0,13.2939,19.9986,29.44,14.985182867013561,宏景科技
2026-08-05,301396,181.75,198.9,203.89,181.75,282972.08,5472303949.0,12.5333,12.5955,22.25,19.997066571962144,宏景科技
2026-08-06,301396,197.84,199.6,203.8,193.99,266944.26,5302163041.0,4.9321,0.3519,0.7,18.864412836146844,宏景科技
2026-08-07,301396,199.02,204.15,207.96,195.69,247052.12,5014021460.0,6.1473,2.2796,4.55,17.458675394351204,宏景科技
2026-08-10,301396,204.16,198.2,206.95,194.52,194993.55,3868868250.0,6.0887,-2.9145,-5.95,13.779801174918843,宏景科技
2026-08-11,301396,200.0,192.36,202.0,186.78,178950.99,3447252143.0,7.6791,-2.9465,-5.84,12.646105793011564,宏景科技
2026-08-12,301396,202.5,194.85,206.56,192.0,238929.22,4694622864.0,7.5691,1.2944,2.49,16.884646422809592,宏景科技
2026-08-13,301396,209.67,204.32,225.5,201.0,354424.3,7606809213.0,12.5738,4.8601,9.47,25.046450949581605,宏景科技
2026-08-14,301396,205.0,221.86,223.68,197.0,310740.51,6524213538.0,13.0579,8.5846,17.54,21.95940555363437,宏景科技
2026-08-17,301396,215.0,227.48,232.0,209.01,289006.28,6259300757.0,10.3624,2.5331,5.62,20.42349132421521,宏景科技
2026-08-18,301396,220.0,213.51,223.23,211.52,187849.62,4082622389.0,5.1477,-6.1412,-13.97,13.27495404019291,宏景科技
2026-08-19,301396,196.0,192.02,205.88,191.01,168651.56,3343310239.0,6.9645,-10.0651,-21.49,11.9182658331001,宏景科技
2026-08-20,301396,191.32,190.0,195.4,185.28,167165.7,3170547641.0,5.2703,-1.052,-2.02,11.813263101605829,宏景科技
2026-08-21,301396,185.07,186.06,190.24,180.42,125255.35,2325301310.0,5.1684,-2.0737,-3.94,8.851543136144098,宏景科技
2026-08-24,301396,186.25,172.86,187.0,166.87,176646.38,3064116086.0,10.8191,-7.0945,-13.2,12.483243649183065,宏景科技
2026-06-25,301397,24.17,24.03,24.94,23.66,35354.23,112767815.0,,,,4.977911208322004,溯联股份
2026-06-26,301397,23.83,23.25,24.39,23.22,36012.93,112256719.0,4.8689,-3.2459,-0.78,5.070656832054206,溯联股份
2026-06-29,301397,23.25,22.9,23.37,22.55,26626.38,80377935.0,3.5269,-1.5054,-0.35,3.7391654606815425,溯联股份
2026-06-30,301397,23.21,24.55,24.66,22.67,31821.54,100402411.0,8.69,7.2052,1.65,4.468726250947223,溯联股份
2026-07-01,301397,24.63,25.26,25.61,24.16,49961.51,164599880.0,5.9063,2.8921,0.71,7.016137851089615,溯联股份
2026-07-02,301397,25.04,25.04,25.79,24.76,27044.7,90123868.0,4.0776,-0.8709,-0.22,3.79791049832888,溯联股份
2026-07-03,301397,25.05,26.02,26.5,25.02,38994.23,133071163.0,5.9105,3.9137,0.98,5.468112945075952,溯联股份
2026-07-06,301397,25.83,26.46,27.46,25.83,44974.85,157717836.0,6.2644,1.691,0.44,6.306767936893463,溯联股份
2026-07-07,301397,26.32,26.54,27.59,26.17,47892.14,170182307.0,5.3666,0.3023,0.08,6.7158559279511305,溯联股份
2026-07-08,301397,26.54,29.02,30.1,26.51,97085.08,364478767.0,13.5268,9.3444,2.48,13.61412144108845,溯联股份
2026-07-09,301397,29.31,28.65,29.5,27.33,61498.27,228757732.0,7.4776,-1.275,-0.37,8.62382681455118,溯联股份
2026-07-10,301397,28.51,28.28,29.24,28.07,39331.64,148752669.0,4.0838,-1.2914,-0.37,5.519862417026054,溯联股份
2026-07-13,301397,28.22,26.8,28.56,26.66,37252.3,134675348.0,6.7185,-5.2334,-1.48,5.228044666273252,溯联股份
2026-07-14,301397,27.1,27.19,27.69,26.01,35643.59,126248946.0,6.2687,1.4552,0.39,5.002275848372601,溯联股份
2026-07-15,301397,27.24,26.3,27.36,26.18,22648.6,79587614.0,4.3398,-3.2733,-0.89,3.1785391084189802,溯联股份
2026-07-16,301397,26.11,25.92,26.66,25.74,22277.08,76660411.0,3.4981,-1.4449,-0.38,3.126399424307829,溯联股份
2026-07-17,301397,26.49,24.36,26.82,24.33,51428.93,131674759.0,9.6065,-6.0185,-1.56,5.562357859764363,溯联股份
2026-07-20,301397,25.27,23.35,25.56,22.27,74942.76,177426140.0,13.5057,-4.1461,-1.01,8.105524461007342,溯联股份
2026-07-21,301397,23.7,24.63,24.74,22.02,53363.09,125054685.0,11.6488,5.4818,1.28,5.771549263863998,溯联股份
2026-07-22,301397,24.57,24.33,25.09,24.01,31292.91,76588615.0,4.3849,-1.218,-0.3,3.384522366951807,溯联股份
2026-07-23,301397,24.34,25.75,26.0,24.34,40179.46,101697524.0,6.8229,5.8364,1.42,4.345657884231459,溯联股份
2026-07-24,301397,25.36,26.35,27.18,25.29,53071.92,140270935.0,7.3398,2.3301,0.6,5.74005742185936,溯联股份
2026-07-27,301397,26.35,27.22,27.77,26.09,62303.3,167990491.0,6.3757,3.3017,0.87,6.738488443066131,溯联股份
2026-07-28,301397,27.0,25.79,27.0,25.78,37544.43,98956920.0,4.482,-5.2535,-1.43,4.0606630412274365,溯联股份
2026-07-29,301397,25.7,25.85,25.97,24.62,46134.7,116859899.0,5.2346,0.2326,0.06,4.989754038298502,溯联股份
2026-07-30,301397,25.63,24.33,25.8,24.25,37027.08,92015269.0,5.9961,-5.8801,-1.52,4.004708428935306,溯联股份
2026-07-31,301397,25.01,24.92,26.8,24.89,52380.1,135054006.0,7.8504,2.425,0.59,5.665232796603843,溯联股份
2026-08-03,301397,25.1,24.59,25.1,24.02,31009.76,75946390.0,4.3339,-1.3242,-0.33,3.3538979377056175,溯联股份
2026-08-04,301397,24.61,24.8,25.23,24.6,30025.67,74813669.0,2.562,0.854,0.21,3.247462498620738,溯联股份
2026-08-05,301397,24.8,25.81,26.22,24.53,48093.46,122016954.0,6.8145,4.0726,1.01,5.201606085023799,溯联股份
2026-08-06,301397,25.5,26.55,26.75,25.3,67028.43,176287209.0,5.618,2.8671,0.74,7.249540568667584,溯联股份
2026-08-07,301397,26.41,26.22,26.98,25.44,65167.06,170184884.0,5.8004,-1.2429,-0.33,7.048221854678598,溯联股份
2026-08-10,301397,26.16,26.61,26.69,25.92,37651.6,99149796.0,2.9367,1.4874,0.39,4.072254141641754,溯联股份
2026-08-11,301397,26.45,27.19,27.59,26.32,49314.12,133531072.0,4.7726,2.1796,0.58,5.333628037358797,溯联股份
2026-08-12,301397,27.19,28.55,28.74,26.95,59182.1,166629551.0,6.5833,5.0018,1.36,6.400911298219903,溯联股份
2026-08-13,301397,28.53,26.92,28.7,26.9,50066.45,138996769.0,6.3047,-5.7093,-1.63,5.414997194536217,溯联股份
2026-08-14,301397,26.92,26.73,27.44,26.3,33610.28,89850051.0,4.2348,-0.7058,-0.19,3.635160310099412,溯联股份
2026-08-17,301397,26.79,27.93,28.23,26.19,47586.94,129366673.0,7.6319,4.4893,1.2,5.146822804424186,溯联股份
2026-08-18,301397,27.89,27.74,29.8,27.39,49287.1,139600901.0,8.6287,-0.6803,-0.19,5.33070565671874,溯联股份
2026-08-19,301397,27.16,26.12,27.55,25.83,52515.89,140286143.0,6.2004,-5.8399,-1.62,5.6799193275850905,溯联股份
2026-08-20,301397,26.3,25.41,26.68,25.32,32088.05,82950467.0,5.2067,-2.7182,-0.71,3.4705216912351053,溯联股份
2026-08-21,301397,25.26,25.41,25.57,24.54,32788.07,82410820.0,4.0535,0.0,0.0,3.5462331973658423,溯联股份
2026-08-24,301397,25.01,25.15,25.39,24.26,36517.24,90782097.0,4.4471,-1.0232,-0.26,3.9495660697374335,溯联股份
2026-06-25,301398,35.84,34.41,36.04,34.25,18825.97,65826759.0,,,,1.6808729346160547,星源卓镁
2026-06-26,301398,34.09,33.98,36.39,33.62,21916.74,76606204.0,8.05,-1.2496,-0.43,1.9568317107175393,星源卓镁
2026-06-29,301398,34.91,33.84,37.81,32.85,21258.53,72949745.0,14.5968,-0.412,-0.14,1.8980635636157626,星源卓镁
2026-06-30,301398,33.62,35.11,35.74,33.62,19551.76,68039943.0,6.2648,3.753,1.27,1.790751047479033,星源卓镁
2026-07-01,301398,35.2,36.28,36.75,34.66,18867.03,67593565.0,5.9527,3.3324,1.17,1.7280364394467989,星源卓镁
2026-07-02,301398,36.29,35.68,36.65,35.6,14577.0,52704465.0,2.8942,-1.6538,-0.6,1.3351114180565773,星源卓镁
2026-07-03,301398,35.68,38.26,40.0,35.3,32025.36,121673360.0,13.1726,7.2309,2.58,2.933211484075762,星源卓镁
2026-07-06,301398,37.99,42.0,44.26,37.99,61376.41,259229058.0,16.3879,9.7752,3.74,5.62148218359895,星源卓镁
2026-07-07,301398,42.03,42.96,44.79,41.5,50675.78,218365548.0,7.8333,2.2857,0.96,4.6414085543611945,星源卓镁
2026-07-08,301398,42.97,39.11,43.82,39.0,34970.0,140402369.0,11.2197,-8.9618,-3.85,3.2029118672867196,星源卓镁
2026-07-09,301398,39.0,38.83,39.86,37.8,22822.81,88195358.0,5.2672,-0.7159,-0.28,2.0903474118910497,星源卓镁
2026-07-10,301398,38.8,39.64,41.0,38.37,23847.2,95365476.0,6.7731,2.086,0.81,2.184170431971378,星源卓镁
2026-07-13,301398,39.36,40.5,40.98,38.21,32484.0,130012389.0,6.9879,2.1695,0.86,2.975216893897743,星源卓镁
2026-07-14,301398,39.88,38.54,40.94,37.6,22155.0,86115012.0,8.2469,-4.8395,-1.96,2.029181451924163,星源卓镁
2026-07-15,301398,38.21,40.75,42.3,38.21,29385.68,119448503.0,10.6124,5.7343,2.21,2.6914410655914613,星源卓镁
2026-07-16,301398,40.64,39.9,41.4,39.31,17367.0,69886656.0,5.1288,-2.0859,-0.85,1.5906474509396042,星源卓镁
2026-07-17,301398,39.99,36.7,40.19,36.5,17533.0,66440158.0,9.2481,-8.0201,-3.2,1.605851428417348,星源卓镁
2026-07-20,301398,36.7,34.0,36.99,33.91,23991.35,84250470.0,8.3924,-7.3569,-2.7,2.197373163016058,星源卓镁
2026-07-21,301398,34.0,33.78,34.31,31.5,19020.08,63194496.0,8.2647,-0.6471,-0.22,1.7420534213547156,星源卓镁
2026-07-22,301398,33.8,32.6,33.99,31.9,24356.2,79851371.0,6.1871,-3.4932,-1.18,2.2307898568880744,星源卓镁
2026-07-23,301398,32.6,33.91,34.21,31.26,33106.36,108094539.0,9.0491,4.0184,1.31,3.032218986807674,星源卓镁
2026-07-24,301398,33.22,32.04,33.58,31.86,16494.36,53848928.0,5.0723,-5.5146,-1.87,1.5107221563240727,星源卓镁
2026-07-27,301398,32.06,33.38,34.08,31.68,20484.95,68291634.0,7.4906,4.1823,1.34,1.876221195377742,星源卓镁
2026-07-28,301398,33.2,31.93,33.23,31.71,13792.0,44673850.0,4.5536,-4.3439,-1.45,1.263212393813498,星源卓镁
2026-07-29,301398,32.0,32.44,32.56,31.33,17139.04,54597524.0,3.8522,1.5972,0.51,1.5697685430731796,星源卓镁
2026-07-30,301398,31.91,31.63,33.1,31.45,14532.55,46704263.0,5.0863,-2.4969,-0.81,1.331039535507131,星源卓镁
2026-07-31,301398,32.5,33.01,33.56,31.7,16466.3,54417943.0,5.8805,4.3629,1.38,1.5081521345889792,星源卓镁
2026-08-03,301398,32.89,33.03,34.05,32.11,11482.48,37842953.0,5.877,0.0606,0.02,1.0516829355942297,星源卓镁
2026-08-04,301398,33.16,33.26,33.5,32.58,14290.0,47354367.0,2.7853,0.6963,0.23,1.308824326246729,星源卓镁
2026-08-05,301398,33.44,36.02,36.25,33.44,29789.79,104723375.0,8.4486,8.2983,2.76,2.7284535917271904,星源卓镁
2026-08-06,301398,35.2,34.35,35.2,33.44,29478.63,101143112.0,4.8862,-4.6363,-1.67,2.69995437707674,星源卓镁
2026-08-07,301398,34.22,34.19,34.4,33.24,19306.98,65319318.0,3.377,-0.4658,-0.16,1.7683306571279966,星源卓镁
2026-08-10,301398,34.38,34.77,34.82,33.5,15549.9,53500638.0,3.8608,1.6964,0.58,1.4242188516937728,星源卓镁
2026-08-11,301398,34.48,34.91,35.36,33.61,17921.01,61885491.0,5.0331,0.4026,0.14,1.641389351918187,星源卓镁
2026-08-12,301398,34.68,35.13,35.51,34.68,11504.3,40445138.0,2.3775,0.6302,0.22,1.0536814343205212,星源卓镁
2026-08-13,301398,35.13,34.07,35.56,34.01,14119.73,49180215.0,4.4122,-3.0174,-1.06,1.2932292585049494,星源卓镁
2026-08-14,301398,34.07,33.93,34.38,33.58,8366.4,28372832.0,2.3481,-0.4109,-0.14,0.7662804648782809,星源卓镁
2026-08-17,301398,33.93,35.42,35.53,33.68,20235.35,70748100.0,5.4524,4.3914,1.49,1.8533602750256648,星源卓镁
2026-08-18,301398,35.91,34.6,35.91,34.51,14545.58,50717758.0,3.9526,-2.3151,-0.82,1.3322329561489081,星源卓镁
2026-08-19,301398,34.29,31.78,34.32,31.66,37419.62,120886211.0,7.6879,-8.1503,-2.82,3.427271444010401,星源卓镁
2026-08-20,301398,32.0,31.26,32.19,31.13,17343.0,54569151.0,3.3354,-1.6362,-0.52,1.5884492855211354,星源卓镁
2026-08-21,301398,31.17,31.41,31.52,30.53,8534.07,26619563.0,3.167,0.4798,0.15,0.7816373980330598,星源卓镁
2026-08-24,301398,31.3,31.29,31.8,30.61,11109.0,34512404.0,3.7886,-0.382,-0.12,1.017475818073822,星源卓镁
2026-06-25,301399,18.6,17.31,18.6,17.28,67060.54,119729759.0,,,,12.263376436212505,英特科技
2026-06-26,301399,16.82,17.2,17.66,16.44,52592.88,89547135.0,7.0479,-0.6355,-0.11,9.61767211096946,英特科技
2026-06-29,301399,17.03,16.3,17.03,15.81,50620.03,82679597.0,7.093,-5.2326,-0.9,9.256896575875622,英特科技
2026-06-30,301399,16.28,16.48,16.72,16.0,29967.87,49490023.0,4.4172,1.1043,0.18,5.48023130743474,英特科技
2026-07-01,301399,16.32,16.65,16.89,16.32,30136.04,50235403.0,3.4587,1.0316,0.17,5.510984594170544,英特科技
2026-07-02,301399,16.5,16.75,17.28,16.35,31999.51,54249188.0,5.5856,0.6006,0.1,5.851757783405062,英特科技
2026-07-03,301399,16.71,17.16,17.35,16.7,26764.41,45869466.0,3.8806,2.4478,0.41,4.894413837453894,英特科技
2026-07-06,301399,17.09,16.74,17.4,16.68,22241.0,37860159.0,4.1958,-2.4476,-0.42,4.067216806154593,英特科技
2026-07-07,301399,16.82,16.08,16.9,16.03,19870.59,32407970.0,5.1971,-3.9427,-0.66,3.633739382051499,英特科技
2026-07-08,301399,16.15,15.8,16.15,15.66,18477.64,29242120.0,3.0473,-1.7413,-0.28,3.3790102938750217,英特科技
2026-07-09,301399,15.83,15.86,16.25,15.2,24169.16,37772331.0,6.6456,0.3797,0.06,4.41981987062809,英特科技
2026-07-10,301399,15.71,16.43,16.93,15.71,29484.61,48846571.0,7.6923,3.5939,0.57,5.391857439634629,英特科技
2026-07-13,301399,16.35,15.48,16.65,15.46,22252.51,35196306.0,7.2428,-5.7821,-0.95,4.069321642512619,英特科技
2026-07-14,301399,15.7,15.79,16.08,15.32,19789.0,31022441.0,4.9096,2.0026,0.31,3.6188189999097724,英特科技
2026-07-15,301399,16.06,15.87,16.18,15.72,16925.35,26946613.0,2.9132,0.5066,0.08,3.0951426631018677,英特科技
2026-07-16,301399,15.87,15.96,16.34,15.63,19652.69,31545097.0,4.4739,0.5671,0.09,3.5938919587314557,英特科技
2026-07-17,301399,15.88,15.03,16.1,15.03,25393.6,39345559.0,6.7043,-5.8271,-0.93,4.643733496190247,英特科技
2026-07-20,301399,15.1,14.24,15.59,13.92,34679.1,51386125.0,11.1111,-5.2562,-0.79,6.341775025507655,英特科技
2026-07-21,301399,14.27,14.32,14.42,13.02,34894.01,48200674.0,9.8315,0.5618,0.08,6.381075666837212,英特科技
2026-07-22,301399,14.29,14.01,14.53,13.95,22392.52,31775071.0,4.0503,-2.1648,-0.31,4.0949253035453825,英特科技
2026-07-23,301399,13.91,14.47,14.47,13.91,17398.87,24822014.0,3.9971,3.2834,0.46,3.1817353748527033,英特科技
2026-07-24,301399,14.44,14.23,14.44,14.08,11442.43,16289866.0,2.4879,-1.6586,-0.24,2.0924798165211773,英特科技
2026-07-27,301399,14.26,14.68,14.76,14.22,13071.0,19080350.0,3.7948,3.1623,0.45,2.3902967885098105,英特科技
2026-07-28,301399,14.69,14.8,15.19,14.6,20504.49,30625980.0,4.0191,0.8174,0.12,3.74966082143918,英特科技
2026-07-29,301399,15.01,15.01,15.01,14.62,18072.21,26791193.0,2.6351,1.4189,0.21,3.3048692161483344,英特科技
2026-07-30,301399,14.94,14.5,15.12,14.46,14781.51,21798788.0,4.3971,-3.3977,-0.51,2.7030981472209965,英特科技
2026-07-31,301399,14.63,14.92,15.15,14.63,16705.61,25008253.0,3.5862,2.8966,0.42,3.05495875855691,英特科技
2026-08-03,301399,14.9,15.27,15.3,14.8,14939.57,22522974.0,3.3512,2.3458,0.35,2.7320026159220796,英特科技
2026-08-04,301399,15.35,15.51,15.55,15.3,14791.36,22826431.0,1.6372,1.5717,0.24,2.7048994189956748,英特科技
2026-08-05,301399,15.57,15.69,15.79,15.48,14810.01,23194439.0,1.9987,1.1605,0.18,2.7083099488025533,英特科技
2026-08-06,301399,15.74,15.85,15.88,15.52,16564.34,26039140.0,2.2945,1.0198,0.16,3.029124681033172,英特科技
2026-08-07,301399,15.85,17.0,18.9,15.74,101853.78,178734013.0,19.9369,7.2555,1.15,18.62602426987872,英特科技
2026-08-10,301399,16.8,17.35,17.45,16.38,68729.54,116790390.0,6.2941,2.0588,0.35,12.568586851637711,英特科技
2026-08-11,301399,17.14,17.05,17.63,16.71,49925.14,85365556.0,5.3026,-1.7291,-0.3,9.12982188110341,英特科技
2026-08-12,301399,17.15,17.26,17.42,17.0,27692.09,47611371.0,2.4633,1.2317,0.21,5.064058893284725,英特科技
2026-08-13,301399,17.45,17.6,18.0,17.2,52981.53,93417865.0,4.635,1.9699,0.34,9.688744626221112,英特科技
2026-08-14,301399,17.5,17.22,17.66,17.04,30071.71,51693235.0,3.5227,-2.1591,-0.38,5.4992205522147,英特科技
2026-08-17,301399,17.15,17.82,17.84,17.13,37346.16,65941158.0,4.1231,3.4843,0.6,6.8295009036166725,英特科技
2026-08-18,301399,17.73,17.54,17.84,17.44,19666.0,34675959.0,2.2447,-1.5713,-0.28,3.5963259615051584,英特科技
2026-08-19,301399,16.84,16.62,17.53,16.62,27709.51,46882560.0,5.1881,-5.2452,-0.92,5.067244492707557,英特科技
2026-08-20,301399,16.86,17.06,17.24,16.75,18753.44,32040275.0,2.9483,2.6474,0.44,3.4294459035660174,英特科技
2026-08-21,301399,17.07,17.34,17.37,16.68,18828.91,32211712.0,4.0445,1.6413,0.28,3.4432471198944423,英特科技
2026-08-24,301399,17.49,17.06,17.49,16.82,14564.9,24809539.0,3.8639,-1.6148,-0.28,2.6634866264988553,英特科技
2026-06-25,301408,15.65,14.99,15.65,14.64,162779.38,243121525.0,,,,7.109530180688581,华人健康
2026-06-26,301408,14.81,14.17,15.04,14.14,126280.83,182686056.0,6.004,-5.4703,-0.82,5.515424448277196,华人健康
2026-06-29,301408,13.97,14.84,15.13,13.76,173727.44,252792684.0,9.6683,4.7283,0.67,7.5876961682355875,华人健康
2026-06-30,301408,14.8,14.38,14.8,14.17,126725.18,182131099.0,4.2453,-3.0997,-0.46,5.534831818767174,华人健康
2026-07-01,301408,14.38,15.16,15.19,14.21,166587.27,247330746.0,6.815,5.4242,0.78,7.27584306921133,华人健康
2026-07-02,301408,15.03,15.15,15.88,15.02,150452.36,231752725.0,5.6728,-0.066,-0.01,6.571136922722174,华人健康
2026-07-03,301408,15.4,15.22,15.51,14.81,115192.36,174638869.0,4.6205,0.462,0.07,5.031125932564334,华人健康
2026-07-06,301408,15.16,15.25,15.67,15.04,133865.42,206275386.0,4.1393,0.1971,0.03,5.846687975101962,华人健康
2026-07-07,301408,15.09,14.4,15.24,14.4,117347.46,171901999.0,5.5082,-5.5738,-0.85,5.12525178863039,华人健康
2026-07-08,301408,14.45,14.22,14.78,14.15,102775.66,148301921.0,4.375,-1.25,-0.18,4.488815823049505,华人健康
2026-07-09,301408,14.04,14.15,14.51,13.69,102563.46,144255739.0,5.7665,-0.4923,-0.07,4.479547804555135,华人健康
2026-07-10,301408,14.0,14.58,14.96,13.77,134162.0,195608531.0,8.4099,3.0389,0.43,5.859641363061718,华人健康
2026-07-13,301408,14.6,14.15,14.78,14.11,108477.95,154991667.0,4.5953,-2.9492,-0.43,4.737868269704841,华人健康
2026-07-14,301408,14.15,15.59,16.02,13.85,339390.62,514100343.0,15.3357,10.1767,1.44,14.82317880761439,华人健康
2026-07-15,301408,15.4,16.17,16.48,15.19,416314.53,670605159.0,8.2745,3.7203,0.58,18.182897094792853,华人健康
2026-07-16,301408,15.81,16.28,16.77,15.51,366870.83,590909985.0,7.7922,0.6803,0.11,16.023400742153395,华人健康
2026-07-17,301408,16.12,14.55,16.18,14.43,293704.53,446319252.0,10.7494,-10.6265,-1.73,12.827799321019375,华人健康
2026-07-20,301408,14.53,14.88,15.53,14.25,226338.9,334883107.0,8.7973,2.268,0.33,9.885547178112207,华人健康
2026-07-21,301408,14.64,14.13,14.65,13.2,242165.45,336819659.0,9.7446,-5.0403,-0.75,10.576785434955163,华人健康
2026-07-22,301408,13.88,13.96,14.56,13.76,178985.28,252434641.0,5.6617,-1.2031,-0.17,7.8173368768144735,华人健康
2026-07-23,301408,13.76,13.85,14.07,13.56,151014.16,208060905.0,3.6533,-0.788,-0.11,6.595674023523952,华人健康
2026-07-24,301408,13.61,13.08,13.84,13.08,148433.32,198718819.0,5.4874,-5.5596,-0.77,6.482953604810425,华人健康
2026-07-27,301408,13.03,13.84,13.89,12.94,185188.8,252737150.0,7.263,5.8104,0.76,8.088280977145272,华人健康
2026-07-28,301408,13.77,13.67,14.14,13.62,115399.34,159884066.0,3.7572,-1.2283,-0.17,5.0401659630448465,华人健康
2026-07-29,301408,13.71,13.65,13.9,13.47,119099.75,162085667.0,3.1456,-0.1463,-0.02,5.201784569627091,华人健康
2026-07-30,301408,13.57,13.36,14.05,13.31,126133.03,171826336.0,5.4212,-2.1245,-0.29,5.508969155471032,华人健康
2026-07-31,301408,13.28,14.14,14.28,13.27,195857.0,273470101.0,7.5599,5.8383,0.78,8.554223837190703,华人健康
2026-08-03,301408,14.07,14.36,14.39,14.03,102520.0,146185463.0,2.546,1.5559,0.22,4.477649651474243,华人健康
2026-08-04,301408,14.49,14.67,14.73,14.4,118725.67,173447632.0,2.2981,2.1588,0.31,5.185446302151249,华人健康
2026-08-05,301408,14.6,14.79,14.88,14.53,109289.0,161196045.0,2.3858,0.818,0.12,4.773291579789003,华人健康
2026-08-06,301408,14.98,15.13,15.96,14.6,329044.77,500044301.0,9.1954,2.2989,0.34,14.371314862562645,华人健康
2026-08-07,301408,14.98,15.54,15.81,14.81,311250.14,477113589.0,6.6094,2.7098,0.41,13.594119009874262,华人健康
2026-08-10,301408,15.6,15.86,16.15,15.49,273352.52,432685905.0,4.2471,2.0592,0.32,11.938907685403882,华人健康
2026-08-11,301408,15.56,16.3,17.3,15.55,381443.83,629177325.0,11.034,2.7743,0.44,16.65988911877195,华人健康
2026-08-12,301408,16.18,16.51,17.1,16.0,359461.42,590631888.0,6.7485,1.2883,0.21,15.699788353310929,华人健康
2026-08-13,301408,16.37,16.84,17.25,16.05,343954.74,574425719.0,7.2683,1.9988,0.33,15.022520695317146,华人健康
2026-08-14,301408,16.66,17.08,17.15,16.28,293938.35,493966285.0,5.1663,1.4252,0.24,12.83801161170907,华人健康
2026-08-17,301408,16.9,16.89,17.18,16.28,231659.44,389541482.0,5.2693,-1.1124,-0.19,10.117926363409268,华人健康
2026-08-18,301408,16.72,16.59,17.06,16.43,166259.07,276552769.0,3.73,-1.7762,-0.3,7.261508650409009,华人健康
2026-08-19,301408,16.48,15.9,16.8,15.82,148028.8,239054279.0,5.9072,-4.1591,-0.69,6.465285844012392,华人健康
2026-08-20,301408,16.32,16.31,16.84,16.0,180324.56,296885475.0,5.283,2.5786,0.41,7.875831088921636,华人健康
2026-08-21,301408,15.98,15.49,16.0,15.4,137369.4,214027798.0,3.6787,-5.0276,-0.82,5.99972733157653,华人健康
2026-08-24,301408,15.4,14.89,15.55,14.8,107846.85,161798823.0,4.8418,-3.8735,-0.6,4.710304431477711,华人健康
2026-06-25,301413,72.53,68.98,73.75,68.7,60399.24,424388423.0,,,,7.908265169405486,安培龙
2026-06-26,301413,68.84,65.18,68.84,65.18,50069.91,332307509.0,5.3059,-5.5088,-3.8,6.555813041493029,安培龙
2026-06-29,301413,65.2,65.75,67.05,62.47,62003.2,400200673.0,7.0267,0.8745,0.57,8.118276768907725,安培龙
2026-06-30,301413,65.76,70.88,72.99,65.76,66902.61,468895070.0,10.9962,7.8023,5.13,8.759772149538954,安培龙
2026-07-01,301413,72.64,73.93,77.1,71.03,74007.49,549571009.0,8.5638,4.303,3.05,9.690036752815512,安培龙
2026-07-02,301413,74.58,74.49,78.18,73.7,77377.46,587726371.0,6.0598,0.7575,0.56,10.131277675266546,安培龙
2026-07-03,301413,75.05,83.0,86.66,74.0,115461.26,931210994.0,16.9956,11.4244,8.51,15.117711098246781,安培龙
2026-07-06,301413,82.0,76.51,82.0,75.85,93733.53,732819348.0,7.4096,-7.8193,-6.49,12.272830096942016,安培龙
2026-07-07,301413,76.44,73.14,79.2,72.81,61305.85,463237986.0,8.3518,-4.4047,-3.37,8.02697050883086,安培龙
2026-07-08,301413,73.84,68.27,74.6,68.27,54519.9,380195203.0,8.6546,-6.6585,-4.87,7.138464427854889,安培龙
2026-07-09,301413,68.98,68.1,69.28,65.79,42001.26,283192623.0,5.1121,-0.249,-0.17,5.499358957648207,安培龙
2026-07-10,301413,69.0,68.88,72.2,67.01,58245.28,408189556.0,7.6211,1.1454,0.78,7.626240315379299,安培龙
2026-07-13,301413,68.36,62.62,68.36,62.33,47015.75,304705878.0,8.7544,-9.0883,-6.26,6.155922129789645,安培龙
2026-07-14,301413,62.61,63.16,63.8,60.0,41823.27,259746827.0,6.0683,0.8623,0.54,5.476054159152357,安培龙
2026-07-15,301413,63.58,64.02,65.14,61.54,38771.69,246499560.0,5.6998,1.3616,0.86,5.0765010550792855,安培龙
2026-07-16,301413,62.93,62.73,65.18,61.9,33501.99,211777555.0,5.1234,-2.015,-1.29,4.386522423506833,安培龙
2026-07-17,301413,62.68,57.02,63.12,56.55,45025.56,267026148.0,10.4735,-9.1025,-5.71,5.89534020429689,安培龙
2026-07-20,301413,58.04,54.6,58.82,52.77,54271.3,301594067.0,10.6103,-4.2441,-2.42,7.105914436810065,安培龙
2026-07-21,301413,54.06,56.7,56.88,50.71,53173.31,290982272.0,11.3004,3.8462,2.1,6.962151103474157,安培龙
2026-07-22,301413,56.7,55.9,57.35,55.08,40496.35,227020297.0,4.0035,-1.4109,-0.8,5.30231629061978,安培龙
2026-07-23,301413,55.11,56.09,57.0,54.07,36457.85,203702816.0,5.2415,0.3399,0.19,4.773542602628937,安培龙
2026-07-24,301413,54.96,54.21,55.96,53.68,28538.76,156139033.0,4.0649,-3.3518,-1.88,3.736670886687026,安培龙
2026-07-27,301413,54.0,56.78,57.1,53.56,27703.68,153923470.0,6.5302,4.7408,2.57,3.6273311983454652,安培龙
2026-07-28,301413,57.0,55.79,57.96,55.45,27620.21,156350957.0,4.4206,-1.7436,-0.99,3.6164022049725313,安培龙
2026-07-29,301413,55.47,55.58,56.22,54.03,31701.9,175108982.0,3.9254,-0.3764,-0.21,4.150830897441354,安培龙
2026-07-30,301413,55.0,52.55,55.64,51.71,37016.59,198220691.0,7.0709,-5.4516,-3.03,4.8467002132338655,安培龙
2026-07-31,301413,54.41,56.55,57.81,54.41,49775.84,281258694.0,6.47,7.6118,4.0,6.517309518296925,安培龙
2026-08-03,301413,56.92,58.57,60.06,56.33,47451.08,278024901.0,6.5959,3.5721,2.02,6.212921275411301,安培龙
2026-08-04,301413,59.36,61.0,61.5,57.15,51888.02,310332870.0,7.427,4.1489,2.43,6.793863983643093,安培龙
2026-08-05,301413,61.0,67.5,68.18,60.67,72785.22,473851039.0,12.3115,10.6557,6.5,9.530001042620992,安培龙
2026-08-06,301413,66.57,66.48,69.94,65.5,67154.88,454610336.0,6.5778,-1.5111,-1.02,8.792802665391237,安培龙
2026-08-07,301413,66.61,66.51,67.87,63.63,54889.29,360391707.0,6.3779,0.0451,0.03,7.186829838925073,安培龙
2026-08-10,301413,67.0,66.06,67.1,64.0,44720.97,292982262.0,4.661,-0.6766,-0.45,5.855459263941527,安培龙
2026-08-11,301413,66.0,69.7,70.88,64.64,83014.87,568576526.0,9.446,5.5101,3.64,10.869401750149908,安培龙
2026-08-12,301413,69.26,72.41,72.8,67.67,100128.11,706472655.0,7.3601,3.8881,2.71,13.110092855330649,安培龙
2026-08-13,301413,72.39,69.1,73.99,68.93,84408.83,605570460.0,6.988,-4.5712,-3.31,11.051917379743003,安培龙
2026-08-14,301413,69.01,67.64,69.88,66.8,49141.67,333552578.0,4.4573,-2.1129,-1.46,6.434275617167012,安培龙
2026-08-17,301413,68.85,74.0,75.0,67.67,64435.76,454797649.0,10.8368,9.4027,6.36,8.436779609680043,安培龙
2026-08-18,301413,73.39,70.4,74.69,69.27,94098.99,667359103.0,7.3243,-4.8649,-3.6,12.32068094057533,安培龙
2026-08-19,301413,68.4,62.95,69.6,62.7,67458.25,441458586.0,9.8011,-10.5824,-7.45,8.832523867254748,安培龙
2026-08-20,301413,64.01,62.43,64.05,61.65,39176.87,244874938.0,3.8125,-0.8261,-0.52,5.129552565021127,安培龙
2026-08-21,301413,61.64,62.09,63.6,60.84,29590.53,184080226.0,4.421,-0.5446,-0.34,3.874382487979122,安培龙
2026-08-24,301413,61.79,60.07,61.79,59.0,32486.64,195835514.0,4.4935,-3.2533,-2.02,4.253579408996123,安培龙
2026-06-25,301418,46.5,54.63,55.99,45.77,105737.37,546797052.0,,,,35.92069922837538,协昌科技
2026-06-26,301418,55.01,54.23,56.88,52.85,71117.24,386945075.0,7.3769,-0.7322,-0.4,24.1596796666324,协昌科技
2026-06-29,301418,54.5,57.02,59.33,52.3,76265.22,421612174.0,12.9633,5.1448,2.79,25.908531952382386,协昌科技
2026-06-30,301418,56.03,55.88,58.5,55.28,61075.49,345514203.0,5.6471,-1.9993,-1.14,20.74833435440704,协昌科技
2026-07-01,301418,55.0,53.82,56.42,52.73,56328.64,306726873.0,6.6034,-3.6865,-2.06,19.13575243438942,协昌科技
2026-07-02,301418,52.49,52.17,53.8,50.1,37124.52,194827382.0,6.8748,-3.0658,-1.65,12.611801455982935,协昌科技
2026-07-03,301418,52.41,54.07,54.07,50.67,40166.43,212633775.0,6.5172,3.6419,1.9,13.64518761065831,协昌科技
2026-07-06,301418,54.24,52.93,56.09,50.86,36299.44,192616692.0,9.6726,-2.1084,-1.14,12.33150840046862,协昌科技
2026-07-07,301418,52.7,45.5,52.94,44.72,53926.98,259659214.0,15.5299,-14.0374,-7.43,18.319869587021266,协昌科技
2026-07-08,301418,45.04,41.74,45.5,41.65,41643.93,179106555.0,8.4615,-8.2637,-3.76,14.147118319828822,协昌科技
2026-07-09,301418,42.11,43.05,43.2,40.95,31497.89,132730968.0,5.3905,3.1385,1.31,10.700344003434667,协昌科技
2026-07-10,301418,42.69,42.65,44.79,42.42,30277.0,132004484.0,5.5052,-0.9292,-0.4,10.285587872457215,协昌科技
2026-07-13,301418,42.01,39.32,42.23,39.18,28185.14,113848554.0,7.1512,-7.8077,-3.33,9.574949108812259,协昌科技
2026-07-14,301418,39.32,40.35,40.39,38.58,22321.0,88489055.0,4.6033,2.6195,1.03,7.582805657796926,协昌科技
2026-07-15,301418,40.33,38.2,40.39,38.0,29309.53,113697017.0,5.9232,-5.3284,-2.15,9.956922624943717,协昌科技
2026-07-16,301418,37.66,36.5,38.33,36.26,25717.66,95911511.0,5.4188,-4.4503,-1.7,8.736706140105625,协昌科技
2026-07-17,301418,36.35,33.87,36.48,33.56,26725.6,93516173.0,8.0,-7.2055,-2.63,9.07911970288148,协昌科技
2026-07-20,301418,34.55,31.0,34.78,30.4,31983.34,103579308.0,12.9318,-8.4736,-2.87,10.865259240501892,协昌科技
2026-07-21,301418,31.14,32.95,32.95,28.75,33113.73,103435358.0,13.5484,6.2903,1.95,11.249271053929474,协昌科技
2026-07-22,301418,32.61,31.96,33.14,31.7,21560.97,69679871.0,4.3703,-3.0046,-0.99,7.324611142134751,协昌科技
2026-07-23,301418,31.99,32.25,32.7,31.83,17156.0,55328735.0,2.7222,0.9074,0.29,5.828171402050269,协昌科技
2026-07-24,301418,32.0,33.11,34.22,31.56,32515.1,106568512.0,8.2481,2.6667,0.86,11.045906735533032,协昌科技
2026-07-27,301418,32.7,33.48,33.81,32.5,23153.0,76884041.0,3.9565,1.1175,0.37,7.865449549526106,协昌科技
2026-07-28,301418,32.86,33.0,34.19,32.73,22383.0,74872606.0,4.3608,-1.4337,-0.48,7.603868063190205,协昌科技
2026-07-29,301418,32.85,33.26,33.49,32.02,20628.22,67534873.0,4.4545,0.7879,0.26,7.00774084164149,协昌科技
2026-07-30,301418,33.13,32.64,33.59,32.36,19856.0,65384848.0,3.6981,-1.8641,-0.62,6.745405185306024,协昌科技
2026-07-31,301418,33.34,33.86,34.52,33.34,22835.95,77680014.0,3.6152,3.7377,1.22,7.757742523236759,协昌科技
2026-08-03,301418,33.56,34.49,35.02,33.56,18093.0,62016660.0,4.3119,1.8606,0.63,6.146485496461618,协昌科技
2026-08-04,301418,34.65,35.18,35.48,34.29,15356.0,53776006.0,3.4503,2.0006,0.69,5.216682213213099,协昌科技
2026-08-05,301418,35.27,36.14,36.33,35.0,15676.15,56135223.0,3.7806,2.7288,0.96,5.325442359772111,协昌科技
2026-08-06,301418,35.99,37.4,37.59,35.45,23795.0,87209495.0,5.9214,3.4864,1.26,8.083547360211362,协昌科技
2026-08-07,301418,37.0,37.56,38.26,36.86,22167.0,82922537.0,3.7433,0.4278,0.16,7.530489360529745,协昌科技
2026-08-10,301418,37.8,38.59,38.87,37.28,18039.98,69014187.0,4.2332,2.7423,1.03,6.128473742688203,协昌科技
2026-08-11,301418,38.26,37.95,38.36,37.28,16939.98,64091396.0,2.7987,-1.6585,-0.64,5.754785905065488,协昌科技
2026-08-12,301418,37.95,38.1,38.26,37.86,10628.0,40442036.0,1.054,0.3953,0.15,3.6105039438674664,协昌科技
2026-08-13,301418,38.2,37.39,38.69,37.39,18508.0,70536492.0,3.4121,-1.8635,-0.71,6.287467726110188,协昌科技
2026-08-14,301418,37.39,37.8,38.1,37.39,12734.0,48067117.0,1.8989,1.0965,0.41,4.325946294806955,协昌科技
2026-08-17,301418,37.85,39.05,39.13,37.39,14422.0,55608853.0,4.6032,3.3069,1.25,4.8993872674498125,协昌科技
2026-08-18,301418,39.28,38.3,39.29,38.14,11747.0,45301475.0,2.9449,-1.9206,-0.75,3.990646389594574,协昌科技
2026-08-19,301418,37.78,36.57,37.89,36.47,16840.0,62434311.0,3.7076,-4.517,-1.73,5.720821077787744,协昌科技
2026-08-20,301418,37.31,37.47,38.66,36.84,15104.0,56871897.0,4.9768,2.461,0.9,5.131073726775895,协昌科技
2026-08-21,301418,37.1,37.61,37.75,36.68,12692.0,47335438.0,2.8556,0.3736,0.14,4.311678213734088,协昌科技
2026-08-24,301418,38.06,37.14,38.08,36.33,12173.0,45015463.0,4.653,-1.2497,-0.47,3.9479999146378395,协昌科技
2026-06-25,301419,43.69,47.02,47.48,42.8,106989.87,486559858.0,,,,10.789810227590744,阿莱德
2026-06-26,301419,45.98,46.05,46.85,43.88,81124.28,366042879.0,6.3165,-2.063,-0.97,8.181294042603616,阿莱德
2026-06-29,301419,45.79,50.04,50.38,44.73,135913.68,655506253.0,12.2693,8.6645,3.99,13.706744522014052,阿莱德
2026-06-30,301419,48.91,51.59,52.65,47.42,141198.45,705923912.0,10.4516,3.0975,1.55,14.239707739900615,阿莱德
2026-07-01,301419,50.5,51.16,51.56,49.03,101300.64,509279180.0,4.9041,-0.8335,-0.43,10.216057665398493,阿莱德
2026-07-02,301419,48.98,46.11,49.66,45.0,75209.85,360844729.0,9.1087,-9.871,-5.05,7.584830309127078,阿莱德
2026-07-03,301419,45.9,42.8,46.83,42.78,69402.51,307049432.0,8.7833,-7.1785,-3.31,6.999166483878043,阿莱德
2026-07-06,301419,43.66,41.22,43.94,40.18,58051.83,243116992.0,8.785,-3.6916,-1.58,5.8544629418127085,阿莱德
2026-07-07,301419,41.04,42.39,42.75,40.45,54385.34,226710327.0,5.5798,2.8384,1.17,5.484701474662976,阿莱德
2026-07-08,301419,42.08,38.0,42.08,38.0,59287.25,234837754.0,9.6249,-10.3562,-4.39,5.979053684388338,阿莱德
2026-07-09,301419,38.85,40.5,40.83,37.7,57544.04,225275654.0,8.2368,6.5789,2.5,5.803252881126886,阿莱德
2026-07-10,301419,40.12,38.18,41.78,38.17,61772.05,246494698.0,8.9136,-5.7284,-2.32,6.229643020121876,阿莱德
2026-07-13,301419,37.92,33.66,37.92,33.57,57729.39,204620002.0,11.3934,-11.8387,-4.52,5.821945223922366,阿莱德
2026-07-14,301419,34.33,35.31,35.78,33.23,42167.1,145771790.0,7.5758,4.902,1.65,4.25250546474953,阿莱德
2026-07-15,301419,35.32,32.95,35.4,32.8,42415.55,143164967.0,7.3634,-6.6837,-2.36,4.277561372856016,阿莱德
2026-07-16,301419,32.69,31.94,33.5,31.61,37017.86,119907651.0,5.736,-3.0653,-1.01,3.7332102976807273,阿莱德
2026-07-17,301419,31.9,29.5,32.14,28.91,45446.67,137276787.0,10.1127,-7.6393,-2.44,4.5832464772220165,阿莱德
2026-07-20,301419,29.95,26.62,30.42,25.74,53605.83,149661660.0,15.8644,-9.7627,-2.88,5.406088752070554,阿莱德
2026-07-21,301419,27.48,29.07,29.14,24.9,62020.77,169556146.0,15.9279,9.2036,2.45,6.254726157430168,阿莱德
2026-07-22,301419,28.88,27.85,29.78,27.7,43803.18,125080559.0,7.1551,-4.1968,-1.22,4.417502325827654,阿莱德
2026-07-23,301419,27.88,28.17,28.68,27.53,31860.41,89496996.0,4.1293,1.149,0.32,3.213087161179226,阿莱德
2026-07-24,301419,27.6,27.78,28.59,27.37,24809.68,69346142.0,4.3308,-1.3845,-0.39,2.502028827656801,阿莱德
2026-07-27,301419,27.74,28.73,28.73,27.34,33302.75,93619369.0,5.0036,3.4197,0.95,3.3585455572279663,阿莱德
2026-07-28,301419,28.2,27.37,28.76,27.22,33509.24,93609704.0,5.3603,-4.7337,-1.36,3.3793698456759773,阿莱德
2026-07-29,301419,27.38,27.17,27.5,26.0,36602.3,97988208.0,5.4805,-0.7307,-0.2,3.691301530634113,阿莱德
2026-07-30,301419,27.08,25.5,27.15,25.2,33071.51,86049418.0,7.177,-6.1465,-1.67,3.3352252586143867,阿莱德
2026-07-31,301419,27.14,26.95,27.79,26.8,40993.24,111779048.0,3.8824,5.6863,1.45,4.134122980185713,阿莱德
2026-08-03,301419,26.8,27.26,27.27,26.4,27362.35,73556479.0,3.2282,1.1503,0.31,2.7594627779332535,阿莱德
2026-08-04,301419,27.57,29.27,29.5,27.51,50533.96,145410507.0,7.3001,7.3734,2.01,5.096294055209728,阿莱德
2026-08-05,301419,28.85,30.38,30.67,28.83,49607.65,148503756.0,6.2863,3.7923,1.11,5.002876714746378,阿莱德
2026-08-06,301419,29.98,31.03,31.38,29.29,47082.76,144427301.0,6.8795,2.1396,0.65,4.748244346789098,阿莱德
2026-08-07,301419,31.12,32.0,32.1,30.58,43744.16,137771008.0,4.8985,3.126,0.97,4.411550224010609,阿莱德
2026-08-10,301419,32.0,31.19,32.0,30.72,29904.0,92939963.0,4.0,-2.5312,-0.81,3.01578537338043,阿莱德
2026-08-11,301419,31.13,31.14,31.68,30.51,23759.5,74107228.0,3.7512,-0.1603,-0.05,2.396119334498138,阿莱德
2026-08-12,301419,31.16,31.92,32.18,31.03,27281.31,86531885.0,3.693,2.5048,0.78,2.751289983435569,阿莱德
2026-08-13,301419,32.28,31.35,32.82,31.35,33198.75,106762014.0,4.6053,-1.7857,-0.57,3.348057272087799,阿莱德
2026-08-14,301419,34.84,37.62,37.62,33.5,122042.9,437866172.0,13.1419,20.0,6.27,12.307891678201258,阿莱德
2026-08-17,301419,41.01,41.55,43.27,39.54,196179.61,803958182.0,9.9149,10.4466,3.93,19.78449700352719,阿莱德
2026-08-18,301419,41.14,39.19,42.7,38.86,153133.98,621049105.0,9.2419,-5.6799,-2.36,15.443392758545052,阿莱德
2026-08-19,301419,38.98,36.2,39.14,36.05,105329.22,394208197.0,7.8847,-7.6295,-2.99,10.622335509148256,阿莱德
2026-08-20,301419,37.2,40.2,42.5,35.79,113619.48,445109687.0,18.5359,11.0497,4.0,11.458399074207138,阿莱德
2026-08-21,301419,39.8,40.39,40.95,38.22,94637.04,375903046.0,6.791,0.4726,0.19,9.544040964821383,阿莱德
2026-08-24,301419,43.86,41.1,45.0,41.0,178213.81,761750023.0,9.9034,1.7579,0.71,17.972665915342397,阿莱德
2026-06-25,301421,91.39,87.6,91.5,87.27,72594.71,645871281.0,,,,15.630668279570612,波长光电
2026-06-26,301421,86.13,92.94,96.0,85.8,112335.4,1039793883.0,11.6438,6.0959,5.34,24.187401168113716,波长光电
2026-06-29,301421,91.9,90.41,95.39,85.58,91031.2,825861675.0,10.5552,-2.7222,-2.53,19.600305453265786,波长光电
2026-06-30,301421,90.68,103.55,104.0,89.8,124913.8,1223091543.0,15.7062,14.5338,13.14,26.974279119690486,波长光电
2026-07-01,301421,105.62,121.0,124.26,104.95,193062.69,2277865353.0,18.648,16.8518,17.45,41.690564914831484,波长光电
2026-07-02,301421,114.68,112.25,117.0,110.0,106070.83,1196771720.0,5.7851,-7.2314,-8.75,22.90526887243234,波长光电
2026-07-03,301421,113.36,106.54,115.03,106.2,70436.84,771483195.0,7.8664,-5.0869,-5.71,15.210352919124864,波长光电
2026-07-06,301421,108.0,101.2,109.99,99.17,66746.69,685254830.0,10.1558,-5.0122,-5.34,14.41349031392411,波长光电
2026-07-07,301421,101.15,97.85,101.18,95.71,48205.8,474194925.0,5.4051,-3.3103,-3.35,10.409712172618041,波长光电
2026-07-08,301421,98.36,97.72,101.08,93.0,54606.73,532648135.0,8.2575,-0.1329,-0.13,11.791949142797481,波长光电
2026-07-09,301421,98.0,101.8,101.8,94.81,64733.56,639175714.0,7.1531,4.1752,4.08,13.978768685695506,波长光电
2026-07-10,301421,102.14,103.93,116.69,100.8,108279.62,1191539609.0,15.609,2.0923,2.13,23.38224193687183,波长光电
2026-07-13,301421,103.16,93.7,105.0,93.2,64997.38,642919031.0,11.3538,-9.8432,-10.23,14.035738806829892,波长光电
2026-07-14,301421,97.6,91.78,97.65,87.58,61790.47,569007277.0,10.7471,-2.0491,-1.92,13.34322856815549,波长光电
2026-07-15,301421,92.9,83.38,93.9,82.59,63579.56,548868489.0,12.3229,-9.1523,-8.4,13.729570293651369,波长光电
2026-07-16,301421,80.9,77.05,82.36,76.45,58426.55,463404199.0,7.088,-7.5917,-6.33,12.616813095915361,波长光电
2026-07-17,301421,75.89,67.29,77.0,67.02,57685.38,411255976.0,12.9526,-12.6671,-9.76,12.456762513392524,波长光电
2026-07-20,301421,69.01,58.53,70.08,56.78,73439.56,461676226.0,19.7652,-13.0183,-8.76,15.858769726541475,波长光电
2026-07-21,301421,61.05,70.24,70.24,57.01,93641.16,599376570.0,22.6038,20.0068,11.71,20.22116681208638,波长光电
2026-07-22,301421,70.27,68.3,71.75,67.3,93717.98,654442045.0,6.3354,-2.762,-1.94,20.237755564665957,波长光电
2026-07-23,301421,68.3,67.08,69.01,65.8,51459.86,346283400.0,4.6999,-1.7862,-1.22,11.112404130690088,波长光电
2026-07-24,301421,66.41,66.33,68.2,65.12,45665.96,304029863.0,4.5915,-1.1181,-0.75,9.861251129247696,波长光电
2026-07-27,301421,66.16,68.43,68.44,63.98,53136.23,353674533.0,6.724,3.166,2.1,11.474404744616457,波长光电
2026-07-28,301421,82.12,82.12,82.12,82.12,45116.47,370496452.0,0.0,20.0058,13.69,9.742592529209281,波长光电
2026-07-29,301421,81.3,75.3,81.3,71.0,159704.98,1187244329.0,12.5426,-8.3049,-6.82,34.487196028978275,波长光电
2026-07-30,301421,70.41,66.68,75.27,66.61,120751.02,855499705.0,11.5007,-11.4475,-8.62,26.075355304756787,波长光电
2026-07-31,301421,71.0,67.4,72.3,67.13,107534.66,752439719.0,7.7534,1.0798,0.72,23.22137292982053,波长光电
2026-08-03,301421,66.56,62.88,66.83,62.33,78419.74,501094674.0,6.6766,-6.7062,-4.52,16.93420547012065,波长光电
2026-08-04,301421,64.3,68.18,68.47,62.6,87547.75,579337152.0,9.3352,8.4288,5.3,18.90533667858061,波长光电
2026-08-05,301421,67.0,72.82,72.97,66.66,91487.82,648450174.0,9.2549,6.8055,4.64,19.75616779516756,波长光电
2026-08-06,301421,70.95,75.07,75.5,70.81,87400.0,644116595.0,6.4405,3.0898,2.25,18.87343107855936,波长光电
2026-08-07,301421,74.91,77.51,78.11,73.71,78767.1,599645838.0,5.8612,3.2503,2.44,17.009215481784818,波长光电
2026-08-10,301421,77.98,78.6,78.75,76.2,65539.16,508056914.0,3.2899,1.4063,1.09,14.152732485202227,波长光电
2026-08-11,301421,78.0,78.28,80.0,76.66,53409.98,419576035.0,4.2494,-0.4071,-0.32,11.53351918120405,波长光电
2026-08-12,301421,78.99,81.66,82.58,78.56,70765.45,573918574.0,5.1354,4.3178,3.38,15.281313996776186,波长光电
2026-08-13,301421,83.0,79.31,83.12,79.19,60403.16,490611081.0,4.8126,-2.8778,-2.35,13.043648480402673,波长光电
2026-08-14,301421,80.12,80.58,80.88,78.7,43470.59,346892596.0,2.7487,1.6013,1.27,9.387176021845672,波长光电
2026-08-17,301421,81.39,82.63,82.63,80.25,46655.28,381384421.0,2.9536,2.5441,2.05,10.074888003785915,波长光电
2026-08-18,301421,82.01,82.55,84.34,80.88,54424.37,450210485.0,4.1873,-0.0968,-0.08,11.752569750446382,波长光电
2026-08-19,301421,79.79,76.8,81.34,76.36,51163.29,402603596.0,6.0327,-6.9655,-5.75,11.048361871479925,波长光电
2026-08-20,301421,78.48,76.55,78.51,75.63,36385.57,279749085.0,3.75,-0.3255,-0.25,7.857214503994246,波长光电
2026-08-21,301421,76.24,76.8,78.87,74.47,37566.52,289078569.0,5.7479,0.3266,0.25,8.112232563859518,波长光电
2026-08-24,301421,78.0,76.55,78.0,74.61,43900.93,335456066.0,4.4141,-0.3255,-0.25,7.229867448376092,波长光电
2026-06-25,301428,38.7,37.38,40.13,37.08,103807.98,395318276.0,,,,14.909058502856382,世纪恒通
2026-06-26,301428,36.97,36.34,37.92,36.23,73689.91,271812499.0,4.5211,-2.7822,-1.04,10.583455908305137,世纪恒通
2026-06-29,301428,36.35,34.34,36.69,34.01,74158.27,259679489.0,7.3748,-5.5036,-2.0,10.650722477218217,世纪恒通
2026-06-30,301428,34.1,34.57,35.13,33.32,55602.0,191389131.0,5.2708,0.6698,0.23,7.985643019696756,世纪恒通
2026-07-01,301428,34.3,34.94,35.26,33.5,72596.16,250037336.0,5.0911,1.0703,0.37,10.426369885270113,世纪恒通
2026-07-02,301428,34.6,33.28,35.48,33.13,70004.25,239587542.0,6.7258,-4.751,-1.66,10.05411586564524,世纪恒通
2026-07-03,301428,33.13,33.35,33.78,32.63,46778.81,155341542.0,3.4555,0.2103,0.07,6.718443177335722,世纪恒通
2026-07-06,301428,33.21,31.74,33.4,31.66,48045.87,155297602.0,5.2174,-4.8276,-1.61,6.900420243709898,世纪恒通
2026-07-07,301428,31.98,32.16,32.85,31.42,43052.91,138111145.0,4.5054,1.3233,0.42,6.183323805243205,世纪恒通
2026-07-08,301428,31.73,31.68,32.45,31.2,42124.01,134676969.0,3.8868,-1.4925,-0.48,6.049913787600021,世纪恒通
2026-07-09,301428,31.3,30.95,31.85,29.76,54639.43,167993833.0,6.5972,-2.3043,-0.73,7.8473972659204625,世纪恒通
2026-07-10,301428,30.58,31.28,32.18,30.16,49961.02,157284675.0,6.5267,1.0662,0.33,7.175476972409806,世纪恒通
2026-07-13,301428,30.89,28.38,31.45,28.3,51853.77,153265283.0,10.0703,-9.2711,-2.9,7.447316579357956,世纪恒通
2026-07-14,301428,28.4,28.9,28.93,26.97,42646.54,119116516.0,6.9063,1.8323,0.52,6.124960333535098,世纪恒通
2026-07-15,301428,28.75,28.48,29.35,28.44,28867.84,83244195.0,3.1488,-1.4533,-0.42,4.146042678136089,世纪恒通
2026-07-16,301428,28.06,28.58,29.25,28.01,26952.51,77419227.0,4.3539,0.3511,0.1,3.870960097564962,世纪恒通
2026-07-17,301428,28.52,26.9,28.89,26.5,35435.54,97907081.0,8.3625,-5.8782,-1.68,5.089305648181454,世纪恒通
2026-07-20,301428,27.23,25.57,27.95,24.9,42166.98,110993983.0,11.3383,-4.9442,-1.33,6.056085203746138,世纪恒通
2026-07-21,301428,25.77,26.05,26.17,23.57,43655.62,109346930.0,10.1682,1.8772,0.48,6.269885923591491,世纪恒通
2026-07-22,301428,26.6,25.93,27.15,25.78,45118.48,119834286.0,5.2591,-0.4607,-0.12,6.479984080992189,世纪恒通
2026-07-23,301428,25.61,26.35,26.48,25.24,37129.79,96009137.0,4.7821,1.6197,0.42,5.332636386034791,世纪恒通
2026-07-24,301428,27.3,25.39,27.38,25.15,40851.78,106656966.0,8.463,-3.6433,-0.96,5.867194198035818,世纪恒通
2026-07-27,301428,25.33,26.89,26.95,25.04,44242.7,116357371.0,7.5226,5.9078,1.5,6.354203237788887,世纪恒通
2026-07-28,301428,26.67,26.86,27.69,26.55,32030.67,86811582.0,4.2395,-0.1116,-0.03,4.6002930884088755,世纪恒通
2026-07-29,301428,26.85,26.64,27.11,25.88,33146.89,87811833.0,4.5793,-0.8191,-0.22,4.76060628670113,世纪恒通
2026-07-30,301428,26.55,26.09,27.08,25.82,30759.25,81229059.0,4.7297,-2.0646,-0.55,4.417689832265161,世纪恒通
2026-07-31,301428,26.63,28.09,28.96,26.5,61653.04,172123223.0,9.4289,7.6658,2.0,8.854702502051813,世纪恒通
2026-08-03,301428,28.39,28.86,29.12,27.89,43442.19,124576748.0,4.3788,2.7412,0.77,6.23923278540053,世纪恒通
2026-08-04,301428,28.89,29.66,30.03,28.89,38871.87,115101506.0,3.9501,2.772,0.8,5.58283654055717,世纪恒通
2026-08-05,301428,29.56,29.78,30.45,29.5,37530.36,112249657.0,3.203,0.4046,0.12,5.3901668530036035,世纪恒通
2026-08-06,301428,29.28,29.47,30.22,29.02,29063.62,86126688.0,4.0296,-1.041,-0.31,4.174160896732474,世纪恒通
2026-08-07,301428,29.58,29.14,29.58,28.31,31946.9,92205232.0,4.3095,-1.1198,-0.33,4.588261914786345,世纪恒通
2026-08-10,301428,29.24,29.57,29.68,28.61,28197.48,82444870.0,3.6719,1.4756,0.43,4.049764564854481,世纪恒通
2026-08-11,301428,29.52,29.75,30.01,28.9,29663.78,87487352.0,3.7538,0.6087,0.18,4.260356780238485,世纪恒通
2026-08-12,301428,29.88,30.21,30.36,29.36,34398.95,103115474.0,3.3613,1.5462,0.46,4.940429030473683,世纪恒通
2026-08-13,301428,31.8,30.52,33.32,30.33,106932.46,340457417.0,9.8974,1.0262,0.31,15.357801028344351,世纪恒通
2026-08-14,301428,29.51,29.6,30.25,28.95,73899.99,217320045.0,4.2595,-3.0144,-0.92,10.613627914448402,世纪恒通
2026-08-17,301428,29.61,29.93,30.05,29.15,43529.53,128782943.0,3.0405,1.1149,0.33,6.251776687802248,世纪恒通
2026-08-18,301428,29.51,29.42,29.68,29.01,30333.36,88899010.0,2.2386,-1.704,-0.51,4.356522868744808,世纪恒通
2026-08-19,301428,29.0,27.95,29.16,27.89,30281.93,85964635.0,4.3168,-4.9966,-1.47,4.349136414651376,世纪恒通
2026-08-20,301428,28.16,28.18,28.54,28.0,19488.22,55092211.0,1.932,0.8229,0.23,2.798927520760309,世纪恒通
2026-08-21,301428,28.15,28.14,28.34,27.51,17374.4,48685124.0,2.9454,-0.1419,-0.04,2.4953375073094373,世纪恒通
2026-08-24,301428,28.3,27.56,28.3,27.16,19735.12,54366760.0,4.0512,-2.0611,-0.58,2.834387670783027,世纪恒通
2026-06-25,301429,16.65,15.99,16.71,15.92,15588.09,25175665.0,,,,3.5410567921758997,森泰股份
2026-06-26,301429,15.96,15.76,16.15,15.64,15783.09,25003381.0,3.1895,-1.4384,-0.23,3.5853538211559925,森泰股份
2026-06-29,301429,15.99,15.75,15.99,15.11,19401.0,30155575.0,5.5838,-0.0635,-0.01,4.4072136371425,森泰股份
2026-06-30,301429,15.7,15.67,15.96,15.45,13667.0,21438072.0,3.2381,-0.5079,-0.08,3.104653820876581,森泰股份
2026-07-01,301429,15.65,15.89,16.28,15.52,17638.0,27931967.0,4.85,1.404,0.22,4.006723062312221,森泰股份
2026-07-02,301429,16.0,15.94,16.68,15.8,24754.0,40296970.0,5.5381,0.3147,0.05,5.623223873708852,森泰股份
2026-07-03,301429,16.01,16.5,16.69,15.99,24282.0,39969603.0,4.3915,3.5132,0.56,5.516002347151909,森泰股份
2026-07-06,301429,16.57,16.58,17.07,16.4,19858.0,33041027.0,4.0606,0.4848,0.08,4.511027699931744,森泰股份
2026-07-07,301429,16.46,16.04,16.7,15.86,14587.0,23485409.0,5.0663,-3.2569,-0.54,3.313644931962149,森泰股份
2026-07-08,301429,16.08,15.81,16.14,15.48,14159.0,22368061.0,4.1147,-1.4339,-0.23,3.2164186324571236,森泰股份
2026-07-09,301429,15.87,15.77,16.09,15.4,14235.0,22347110.0,4.3643,-0.253,-0.04,3.233683115546801,森泰股份
2026-07-10,301429,15.82,16.0,16.27,15.41,14427.0,22987936.0,5.4534,1.4585,0.23,3.277298651773354,森泰股份
2026-07-13,301429,15.92,15.51,16.0,15.42,14472.46,22596230.0,3.625,-3.0625,-0.49,3.2876255386319957,森泰股份
2026-07-14,301429,15.61,15.97,16.08,15.2,13467.0,21157191.0,5.6738,2.9658,0.46,3.059220970640588,森泰股份
2026-07-15,301429,15.92,16.01,16.23,15.82,11238.83,18024886.0,2.5673,0.2505,0.04,2.5530604010889255,森泰股份
2026-07-16,301429,16.01,16.11,16.37,15.79,11162.15,18033640.0,3.6227,0.6246,0.1,2.535641446308446,森泰股份
2026-07-17,301429,16.04,15.54,16.36,15.43,15629.0,24806957.0,5.7728,-3.5382,-0.57,3.550350081691672,森泰股份
2026-07-20,301429,15.55,15.26,16.15,14.78,22673.0,35332589.0,8.816,-1.8018,-0.28,5.150495067003345,森泰股份
2026-07-21,301429,15.18,14.94,15.19,14.15,24982.54,36657109.0,6.8152,-2.097,-0.32,5.675139991673522,森泰股份
2026-07-22,301429,14.82,14.61,15.08,14.49,17127.0,25253685.0,3.9491,-2.2088,-0.33,3.89064212995926,森泰股份
2026-07-23,301429,14.61,15.02,15.08,14.52,15077.0,22353015.0,3.833,2.8063,0.41,3.4249554150403316,森泰股份
2026-07-24,301429,15.07,14.93,15.28,14.67,22928.0,34241476.0,4.0613,-0.5992,-0.09,5.208421951054237,森泰股份
2026-07-27,301429,14.78,15.21,15.55,14.74,16522.39,25189373.0,5.4253,1.8754,0.28,3.753296352053341,森泰股份
2026-07-28,301429,15.21,15.23,15.61,15.0,11420.0,17544508.0,4.0105,0.1315,0.02,2.5942157484751998,森泰股份
2026-07-29,301429,15.3,15.55,15.64,15.23,13695.0,21219473.0,2.6921,2.1011,0.32,3.11101441990962,森泰股份
2026-07-30,301429,15.4,15.5,15.94,15.19,14462.0,22623282.0,4.8232,-0.3215,-0.05,3.285249400564653,森泰股份
2026-07-31,301429,15.75,15.85,15.95,15.51,12446.0,19626396.0,2.8387,2.2581,0.35,2.827286270185844,森泰股份
2026-08-03,301429,15.81,16.39,16.46,15.73,17322.0,28085355.0,4.6057,3.4069,0.54,3.934939158939353,森泰股份
2026-08-04,301429,16.53,16.64,16.65,16.31,18583.0,30635812.0,2.0744,1.5253,0.25,4.221393279677288,森泰股份
2026-08-05,301429,16.6,16.43,16.73,16.2,18471.1,30331305.0,3.1851,-1.262,-0.21,4.195973599970251,森泰股份
2026-08-06,301429,16.43,16.55,16.58,16.26,15050.0,24737690.0,1.9477,0.7304,0.12,3.4188219802584725,森泰股份
2026-08-07,301429,16.55,16.44,16.58,16.08,17123.0,27942511.0,3.0211,-0.6647,-0.11,3.8897334729545396,森泰股份
2026-08-10,301429,16.61,16.91,16.98,16.34,23158.75,38857722.0,3.8929,2.8589,0.47,5.260840102014013,森泰股份
2026-08-11,301429,16.9,16.95,17.2,16.66,17477.0,29678798.0,3.1934,0.2365,0.04,3.9701496178722477,森泰股份
2026-08-12,301429,17.05,17.24,17.31,16.9,11711.95,20120289.0,2.4189,1.7109,0.29,2.6605363516071905,森泰股份
2026-08-13,301429,17.33,16.96,17.33,16.93,13341.42,22907952.0,2.3202,-1.6241,-0.28,3.030693683977408,森泰股份
2026-08-14,301429,16.96,17.09,17.15,16.8,9821.0,16688440.0,2.0637,0.7665,0.13,2.230980110838436,森泰股份
2026-08-17,301429,17.1,17.33,17.39,16.95,12186.0,20997885.0,2.5746,1.4043,0.24,2.7682235648790527,森泰股份
2026-08-18,301429,17.33,17.28,17.39,17.04,12555.0,21617744.0,2.0196,-0.2885,-0.05,2.85204717356446,森泰股份
2026-08-19,301429,17.19,17.01,17.38,16.91,12141.0,20789425.0,2.7199,-1.5625,-0.27,2.7580011735759546,森泰股份
2026-08-20,301429,17.03,17.34,17.45,17.03,12717.07,22015919.0,2.4691,1.94,0.33,2.888863683753197,森泰股份
2026-08-21,301429,17.25,17.29,17.41,16.88,10332.0,17770051.0,3.0565,-0.2884,-0.05,2.347061043191398,森泰股份
2026-08-24,301429,17.29,17.15,17.41,16.98,11608.0,19905324.0,2.487,-0.8097,-0.14,2.6369226276970332,森泰股份
2026-06-25,301439,17.13,16.66,17.14,16.47,157788.07,262951118.0,,,,8.610680417205803,泓淋电力
2026-06-26,301439,16.5,16.16,16.72,16.11,122740.6,200914128.0,3.6615,-3.0012,-0.5,6.6980987904604605,泓淋电力
2026-06-29,301439,16.01,15.64,16.15,15.34,99844.0,156193040.0,5.0124,-3.2178,-0.52,5.448604419684557,泓淋电力
2026-06-30,301439,15.55,15.72,15.78,15.39,81841.0,127632179.0,2.4936,0.5115,0.08,4.466196110850769,泓淋电力
2026-07-01,301439,15.6,15.85,16.04,15.6,100759.94,159158371.0,2.799,0.827,0.13,5.498633351957538,泓淋电力
2026-07-02,301439,15.85,16.07,16.5,15.76,131130.73,212496737.0,4.6688,1.388,0.22,7.1560166217302115,泓淋电力
2026-07-03,301439,16.07,16.02,16.43,15.81,128457.76,207494981.0,3.8581,-0.3111,-0.05,7.01014831344438,泓淋电力
2026-07-06,301439,16.17,15.43,16.23,15.41,103273.54,162117478.0,5.1186,-3.6829,-0.59,5.6358045808554555,泓淋电力
2026-07-07,301439,15.36,14.75,15.6,14.71,75529.5,113513152.0,5.768,-4.407,-0.68,4.121767319002738,泓淋电力
2026-07-08,301439,14.8,14.28,14.8,14.24,72675.0,104785631.0,3.7966,-3.1864,-0.47,3.9659926241868946,泓淋电力
2026-07-09,301439,14.26,14.2,14.42,13.65,78059.93,109351335.0,5.3922,-0.5602,-0.08,4.2598569882978365,泓淋电力
2026-07-10,301439,14.14,14.31,14.69,14.0,84248.79,121085760.0,4.8592,0.7746,0.11,4.597593116431656,泓淋电力
2026-07-13,301439,14.27,13.58,14.32,13.54,74515.7,103154967.0,5.4507,-5.1013,-0.73,4.066442608684188,泓淋电力
2026-07-14,301439,13.69,13.93,14.18,13.45,65467.19,90304545.0,5.3756,2.5773,0.35,3.5726507418815547,泓淋电力
2026-07-15,301439,13.93,13.95,14.12,13.79,50720.92,70806290.0,2.369,0.1436,0.02,2.767922870477792,泓淋电力
2026-07-16,301439,13.85,13.83,14.04,13.7,48034.48,66625755.0,2.4373,-0.8602,-0.12,2.6213194824444845,泓淋电力
2026-07-17,301439,13.86,13.44,14.03,13.38,91761.82,125910555.0,4.6999,-2.82,-0.39,5.007591349184251,泓淋电力
2026-07-20,301439,13.42,13.1,13.69,12.97,89419.46,119425972.0,5.3571,-2.5298,-0.34,4.8797649648266255,泓淋电力
2026-07-21,301439,13.1,13.39,13.42,12.43,90788.55,117480693.0,7.5573,2.2137,0.29,4.954478426702759,泓淋电力
2026-07-22,301439,13.38,13.66,13.85,13.21,85008.2,116262489.0,4.7797,2.0164,0.27,4.6390353518459495,泓淋电力
2026-07-23,301439,13.95,15.21,15.48,13.73,243748.33,356313638.0,12.8111,11.347,1.55,13.301741712251436,泓淋电力
2026-07-24,301439,14.51,14.14,14.68,13.97,182820.76,261789418.0,4.668,-7.0348,-1.07,9.976825396742242,泓淋电力
2026-07-27,301439,13.85,14.36,14.38,13.55,128999.54,180807754.0,5.8699,1.5559,0.22,7.039714126776777,泓淋电力
2026-07-28,301439,14.08,13.82,14.18,13.72,103995.52,145279033.0,3.2033,-3.7604,-0.54,5.67520420046069,泓淋电力
2026-07-29,301439,14.06,14.75,14.98,14.01,167965.95,243916397.0,7.0188,6.7294,0.93,9.166174321493562,泓淋电力
2026-07-30,301439,14.51,14.55,14.9,14.49,127196.33,186674433.0,2.7797,-1.3559,-0.2,6.941310032385857,泓淋电力
2026-07-31,301439,14.8,14.68,14.84,14.5,110027.53,161766055.0,2.3368,0.8935,0.13,6.004380769693873,泓淋电力
2026-08-03,301439,14.81,15.06,15.07,14.65,98129.27,146361496.0,2.861,2.5886,0.38,5.355073423279591,泓淋电力
2026-08-04,301439,15.15,15.13,15.22,14.87,106984.97,161028106.0,2.324,0.4648,0.07,5.838343335656776,泓淋电力
2026-08-05,301439,15.18,15.2,15.28,15.02,103546.06,156967405.0,1.7184,0.4627,0.07,5.650676439265409,泓淋电力
2026-08-06,301439,15.21,15.1,15.21,14.89,74852.56,112794434.0,2.1053,-0.6579,-0.1,4.084825605249494,泓淋电力
2026-08-07,301439,14.98,15.05,15.09,14.82,69574.92,103951932.0,1.7881,-0.3311,-0.05,3.7968162304560473,泓淋电力
2026-08-10,301439,15.06,15.35,15.38,15.01,75553.29,115106281.0,2.4585,1.9934,0.3,4.1230655778885925,泓淋电力
2026-08-11,301439,15.25,15.18,15.35,15.0,56373.0,85514671.0,2.2801,-1.1075,-0.17,3.076366043388893,泓淋电力
2026-08-12,301439,15.21,15.29,15.33,15.14,43941.44,67010150.0,1.2516,0.7246,0.11,2.3979556509962294,泓淋电力
2026-08-13,301439,15.38,16.04,16.36,15.36,166549.98,264498936.0,6.5402,4.9052,0.75,9.088902541981076,泓淋电力
2026-08-14,301439,15.86,15.66,15.9,15.29,130382.02,202809855.0,3.803,-2.3691,-0.38,7.115158302670633,泓淋电力
2026-08-17,301439,15.41,15.4,15.5,14.95,94486.54,143994239.0,3.5121,-1.6603,-0.26,5.1562837389052625,泓淋电力
2026-08-18,301439,15.39,15.36,15.67,15.2,91014.03,140096937.0,3.0519,-0.2597,-0.04,4.966783236016852,泓淋电力
2026-08-19,301439,15.16,14.63,15.2,14.61,86142.8,128110943.0,3.8411,-4.7526,-0.73,4.700952314094349,泓淋电力
2026-08-20,301439,14.87,14.87,15.17,14.76,56295.86,84125728.0,2.8025,1.6405,0.24,3.0721563884727625,泓淋电力
2026-08-21,301439,14.75,14.88,14.97,14.57,35704.84,52760037.0,2.69,0.0672,0.01,1.9484710297595211,泓淋电力
2026-08-24,301439,14.91,14.75,14.91,14.56,37813.01,55578255.0,2.3522,-0.8737,-0.13,2.0635172859759927,泓淋电力
2026-06-25,301446,42.12,39.8,42.51,39.1,17209.8,69470330.0,,,,5.539040875442549,福事特
2026-06-26,301446,39.5,38.02,39.65,37.96,9232.0,35577515.0,4.2462,-4.4724,-1.78,2.9713550048278083,福事特
2026-06-29,301446,37.88,35.88,38.64,35.63,15124.0,55143381.0,7.9169,-5.6286,-2.14,4.867718056002575,福事特
2026-06-30,301446,36.52,36.7,37.17,35.35,10330.0,37553824.0,5.0725,2.2854,0.82,3.324750563244287,福事特
2026-07-01,301446,37.62,36.77,37.62,35.91,9413.0,34582834.0,4.6594,0.1907,0.07,3.0296105568072096,福事特
2026-07-02,301446,37.0,36.41,38.18,36.31,10257.5,38210390.0,5.0857,-0.9791,-0.36,3.3014161570646925,福事特
2026-07-03,301446,36.63,37.03,37.78,36.12,8358.0,31072496.0,4.5592,1.7028,0.62,2.6900547151593175,福事特
2026-07-06,301446,37.5,36.64,37.76,36.16,7112.5,26247099.0,4.3208,-1.0532,-0.39,2.2891857096878017,福事特
2026-07-07,301446,37.0,35.32,37.12,35.05,8747.66,31239124.0,5.6496,-3.6026,-1.32,2.8154682973929837,福事特
2026-07-08,301446,35.7,33.4,35.7,33.33,8439.86,28893499.0,6.7101,-5.436,-1.92,2.7164016736401675,福事特
2026-07-09,301446,33.43,34.65,35.4,31.4,19454.43,64663581.0,11.976,3.7425,1.25,6.261483746379144,福事特
2026-07-10,301446,34.55,34.53,35.83,34.28,10713.77,37548419.0,4.4733,-0.3463,-0.12,3.448268426134535,福事特
2026-07-13,301446,34.54,32.41,34.99,32.19,9957.1,33091383.0,8.1089,-6.1396,-2.12,3.204731252011587,福事特
2026-07-14,301446,32.39,33.03,33.14,31.72,6758.38,21941527.0,4.3814,1.913,0.62,2.1752108142903124,福事特
2026-07-15,301446,32.7,32.74,33.7,32.61,4776.4,15765879.0,3.3,-0.878,-0.29,1.5373028644995173,福事特
2026-07-16,301446,32.75,31.74,33.01,31.64,4820.26,15513161.0,4.1845,-3.0544,-1.0,1.551419375603476,福事特
2026-07-17,301446,31.76,29.54,31.97,29.33,8713.2,26532963.0,8.3176,-6.9313,-2.2,2.8043772127454134,福事特
2026-07-20,301446,30.07,28.48,31.27,27.81,11952.98,35577799.0,11.7129,-3.5884,-1.06,3.847112970711297,福事特
2026-07-21,301446,28.73,29.8,30.14,26.39,13007.2,37089647.0,13.1671,4.6348,1.32,4.186417766334085,福事特
2026-07-22,301446,29.6,28.7,29.78,28.37,8348.8,24190817.0,4.7315,-3.6913,-1.1,2.687093659478597,福事特
2026-07-23,301446,28.98,32.3,32.99,28.91,22429.53,69780193.0,14.216,12.5436,3.6,7.219031219826198,福事特
2026-07-24,301446,32.04,30.82,32.52,30.05,15301.07,47395263.0,7.6471,-4.582,-1.48,4.924708722240103,福事特
2026-07-27,301446,31.36,32.2,32.8,30.33,12056.5,38210234.0,8.0143,4.4776,1.38,3.8804312841969746,福事特
2026-07-28,301446,32.0,33.22,34.44,31.5,13849.16,46122367.0,9.1304,3.1677,1.02,4.457405857740586,福事特
2026-07-29,301446,33.43,33.94,34.11,32.12,12703.86,42557861.0,5.9904,2.1674,0.72,4.088786610878661,福事特
2026-07-30,301446,33.73,32.95,34.41,32.8,10523.42,35345815.0,4.7437,-2.9169,-0.99,3.312167946619665,福事特
2026-07-31,301446,33.29,33.59,34.09,33.29,8107.86,27351391.0,2.4279,1.9423,0.64,2.5518884552436107,福事特
2026-08-03,301446,33.76,34.43,34.46,32.74,7831.5,26430526.0,5.1206,2.5007,0.84,2.4649062067229006,福事特
2026-08-04,301446,34.69,35.4,35.48,34.6,5755.86,20194527.0,2.5559,2.8173,0.97,1.811613999748206,福事特
2026-08-05,301446,35.0,35.67,35.96,35.0,7738.0,27495499.0,2.7119,0.7627,0.27,2.4354777791766336,福事特
2026-08-06,301446,35.6,36.56,36.6,35.16,6210.9,22271351.0,4.037,2.4951,0.89,1.9548344454236435,福事特
2026-08-07,301446,36.33,37.57,37.94,36.06,10214.93,37657041.0,5.1422,2.7626,1.01,3.2150730202694198,福事特
2026-08-10,301446,37.49,39.69,39.86,36.89,16050.36,61939550.0,7.9052,5.6428,2.12,5.05173108397331,福事特
2026-08-11,301446,39.38,39.0,39.88,38.2,10306.61,40234359.0,4.2328,-1.7385,-0.69,3.2439286163917913,福事特
2026-08-12,301446,39.58,39.07,39.58,38.35,5754.09,22375130.0,3.1538,0.1795,0.07,1.8110569054513408,福事特
2026-08-13,301446,39.07,38.02,39.38,37.9,7156.0,27593688.0,3.7881,-2.6875,-1.05,2.252297620546393,福事特
2026-08-14,301446,38.25,37.71,38.58,37.6,10018.0,38034145.0,2.5776,-0.8154,-0.31,3.1530907717487096,福事特
2026-08-17,301446,37.82,38.27,38.55,37.43,12264.4,46661500.0,2.97,1.485,0.56,3.860128414956566,福事特
2026-08-18,301446,38.65,37.65,38.65,37.45,7114.0,26920061.0,3.1356,-1.6201,-0.62,2.239078433841118,福事特
2026-08-19,301446,37.52,35.48,37.66,35.22,8123.0,29357527.0,6.4807,-5.7636,-2.17,2.556653657308322,福事特
2026-08-20,301446,35.69,35.54,36.41,35.06,7694.0,27553258.0,3.805,0.1691,0.06,2.421629107390155,福事特
2026-08-21,301446,35.55,36.16,36.17,34.51,10105.0,35769012.0,4.6708,1.7445,0.62,3.1804733727810652,福事特
2026-08-24,301446,36.34,35.27,36.5,34.1,9040.0,32034559.0,6.6372,-2.4613,-0.89,2.845272567040161,福事特
2026-06-25,301448,50.96,52.45,52.96,49.08,39482.85,202164893.0,,,,8.177465955573966,开创电气
2026-06-26,301448,51.98,45.64,52.8,45.3,38640.23,187722253.0,14.2993,-12.9838,-6.81,8.002947237611972,开创电气
2026-06-29,301448,47.49,46.0,48.48,44.08,34697.64,159101493.0,9.6407,0.7888,0.36,7.1863801584425,开创电气
2026-06-30,301448,45.54,45.38,45.65,42.59,25896.74,114943246.0,6.6522,-1.3478,-0.62,3.6534486407178024,开创电气
2026-07-01,301448,45.0,44.02,45.3,42.34,19274.36,84030937.0,6.5227,-2.9969,-1.36,2.719179492967284,开创电气
2026-07-02,301448,43.58,43.93,45.2,43.0,16452.3,72883133.0,4.9977,-0.2045,-0.09,2.3210501812846522,开创电气
2026-07-03,301448,43.98,44.5,44.99,43.05,11261.09,49636403.0,4.4161,1.2975,0.57,1.5886869912390842,开创电气
2026-07-06,301448,44.89,43.62,45.99,42.61,12899.6,56425630.0,7.5955,-1.9775,-0.88,1.8198439682293357,开创电气
2026-07-07,301448,44.5,42.86,44.5,42.76,23691.67,103214635.0,3.989,-1.7423,-0.76,3.3423627668129168,开创电气
2026-07-08,301448,42.43,39.51,43.23,39.51,18079.57,73096288.0,8.6794,-7.8161,-3.35,2.550621446609201,开创电气
2026-07-09,301448,39.62,39.06,41.3,37.75,15256.0,59462444.0,8.9851,-1.139,-0.45,2.1522791078255716,开创电气
2026-07-10,301448,38.94,38.85,40.15,38.38,11994.0,46855392.0,4.5315,-0.5376,-0.21,1.6920841386510164,开创电气
2026-07-13,301448,38.26,36.01,39.18,36.0,10651.3,39672746.0,8.1853,-7.3102,-2.84,1.5026593118237095,开创电气
2026-07-14,301448,36.2,39.88,39.88,35.17,19417.07,72959042.0,13.0797,10.747,3.87,2.739312670174795,开创电气
2026-07-15,301448,39.88,39.99,40.83,38.5,21333.5,83787218.0,5.8425,0.2758,0.11,3.009677919952598,开创电气
2026-07-16,301448,40.58,42.9,45.13,39.79,41841.0,178929926.0,13.3533,7.2768,2.91,5.902825783333098,开创电气
2026-07-17,301448,43.36,43.52,46.34,42.55,36482.9,162131040.0,8.8345,1.4452,0.62,5.146918160913054,开创电气
2026-07-20,301448,43.67,38.59,45.9,36.6,39657.77,160682505.0,21.3695,-11.3281,-4.93,5.594821043127407,开创电气
2026-07-21,301448,38.39,39.7,39.79,35.57,23576.17,89544518.0,10.9355,2.8764,1.11,3.3260683097498696,开创电气
2026-07-22,301448,39.62,38.41,39.62,37.52,12875.8,49474353.0,5.2897,-3.2494,-1.29,1.8164863225314953,开创电气
2026-07-23,301448,37.83,38.01,39.26,37.57,8363.52,31982668.0,4.3999,-1.0414,-0.4,1.179904913731078,开创电气
2026-07-24,301448,38.0,38.07,39.3,36.74,11094.9,42330980.0,6.7351,0.1579,0.06,1.5652413131498386,开创电气
2026-07-27,301448,37.5,41.53,42.12,37.3,18368.55,72638495.0,12.6609,9.0885,3.46,2.5913900371033955,开创电气
2026-07-28,301448,41.11,40.0,44.48,39.2,25901.19,109663259.0,12.7137,-3.6841,-1.53,3.6540764358167688,开创电气
2026-07-29,301448,40.39,39.8,41.68,38.77,22895.3,92077655.0,7.275,-0.5,-0.2,3.23001283805708,开创电气
2026-07-30,301448,39.59,37.83,40.5,37.5,17270.8,66796921.0,7.5377,-4.9497,-1.97,2.4365221562292794,开创电气
2026-07-31,301448,39.07,39.55,40.5,38.01,15817.0,63033583.0,6.5821,4.5467,1.72,2.231423613560374,开创电气
2026-08-03,301448,39.55,40.0,41.17,38.78,15454.0,61847860.0,6.043,1.1378,0.45,2.180212462790796,开创电气
2026-08-04,301448,40.49,42.65,43.66,40.0,25683.04,107167963.0,9.15,6.625,2.65,3.6233003682124068,开创电气
2026-08-05,301448,42.82,43.49,44.1,41.5,23335.43,100116612.0,6.0961,1.9695,0.84,3.2921053002835663,开创电气
2026-08-06,301448,43.0,42.28,44.07,41.44,19075.77,80960679.0,6.0474,-2.7822,-1.21,2.6911629022473655,开创电气
2026-08-07,301448,42.16,41.76,42.62,40.78,11600.29,48225701.0,4.3519,-1.2299,-0.52,1.636540496310822,开创电气
2026-08-10,301448,42.19,43.74,43.89,41.37,20543.62,87777078.0,6.0345,4.7414,1.98,2.8982435844983985,开创电气
2026-08-11,301448,43.0,44.04,44.75,42.5,16746.0,73755195.0,5.144,0.6859,0.3,2.3624846578164016,开创电气
2026-08-12,301448,44.04,44.43,46.84,43.64,19084.52,86167847.0,7.2661,0.8856,0.39,2.692397330812748,开创电气
2026-08-13,301448,45.01,45.85,47.22,44.01,26823.3,123900627.0,7.2248,3.196,1.42,3.784165455751026,开创电气
2026-08-14,301448,46.31,48.8,48.98,46.31,32868.3,157139035.0,5.8233,6.434,2.95,4.636979247492347,开创电气
2026-08-17,301448,48.32,45.23,48.8,44.73,33043.88,152611873.0,8.3402,-7.3156,-3.57,4.661749643779185,开创电气
2026-08-18,301448,45.38,43.54,45.44,42.96,19074.63,83214734.0,5.4831,-3.7365,-1.69,2.69100207383999,开创电气
2026-08-19,301448,42.69,40.38,43.39,39.78,17728.37,73670358.0,8.2912,-7.2577,-3.16,2.5010750109335103,开创电气
2026-08-20,301448,40.31,41.79,42.44,40.31,13849.3,57579934.0,5.2749,3.4918,1.41,1.953825317777182,开创电气
2026-08-21,301448,41.8,41.52,41.98,40.28,10934.1,45014934.0,4.068,-0.6461,-0.27,1.5425560430568683,开创电气
2026-08-24,301448,41.99,41.25,42.02,40.53,8534.0,35037611.0,3.5886,-0.6503,-0.27,1.2039558145112368,开创电气
2026-06-25,301449,40.99,39.39,40.99,39.0,9520.44,37518898.0,,,,4.634288087231962,天溯计量
2026-06-26,301449,39.04,37.5,39.45,37.5,11345.61,43081370.0,4.9505,-4.7982,-1.89,5.522730594949374,天溯计量
2026-06-29,301449,37.54,37.0,37.87,36.3,10642.49,39467203.0,4.1867,-1.3333,-0.5,5.180471136364,天溯计量
2026-06-30,301449,37.2,38.7,39.49,36.45,14605.23,55296561.0,8.2162,4.5946,1.7,7.109423871195331,天溯计量
2026-07-01,301449,38.33,38.94,39.5,38.2,11313.9,44065489.0,3.3592,0.6202,0.24,5.507295039949172,天溯计量
2026-07-02,301449,38.58,38.43,39.98,38.28,9588.17,37501001.0,4.3657,-1.3097,-0.51,4.667257186574872,天溯计量
2026-07-03,301449,38.43,38.61,39.18,38.3,8276.17,32049590.0,2.2899,0.4684,0.18,4.028611706907091,天溯计量
2026-07-06,301449,39.0,38.21,39.9,38.13,9992.58,38707147.0,4.5843,-1.036,-0.4,4.8641128408678975,天溯计量
2026-07-07,301449,37.78,36.68,38.21,36.61,9420.83,35139428.0,4.1874,-4.0042,-1.53,4.585800681569075,天溯计量
2026-07-08,301449,36.68,35.82,36.8,35.76,8631.17,31157418.0,2.8353,-2.3446,-0.86,4.2014159334940295,天溯计量
2026-07-09,301449,36.04,35.2,36.04,34.25,11385.86,39858582.0,4.9972,-1.7309,-0.62,5.542323186837049,天溯计量
2026-07-10,301449,35.03,35.48,36.39,34.74,9914.8,35307811.0,4.6875,0.7955,0.28,4.8262516782089335,天溯计量
2026-07-13,301449,35.48,33.55,35.48,33.51,10092.99,34434383.0,5.5524,-5.4397,-1.93,4.912989664506191,天溯计量
2026-07-14,301449,33.7,34.28,34.34,32.95,9226.78,31193660.0,4.1431,2.1759,0.73,4.491342483909371,天溯计量
2026-07-15,301449,34.02,34.5,34.79,34.0,7674.03,26392640.0,2.3046,0.6418,0.22,3.735506532267489,天溯计量
2026-07-16,301449,34.13,34.65,35.28,33.72,8231.58,28559245.0,4.5217,0.4348,0.15,4.006906522502834,天溯计量
2026-07-17,301449,34.66,33.21,35.1,32.84,9870.43,33515655.0,6.5224,-4.1558,-1.44,4.804653583747912,天溯计量
2026-07-20,301449,33.35,31.75,34.15,31.25,11420.72,37231840.0,8.7323,-4.3963,-1.46,5.559292075115416,天溯计量
2026-07-21,301449,32.1,31.4,32.1,29.94,11701.65,36275539.0,6.8031,-1.1024,-0.35,5.696041064904342,天溯计量
2026-07-22,301449,31.4,31.0,31.67,30.55,7897.95,24526090.0,3.5669,-1.2739,-0.4,3.84450462358396,天溯计量
2026-07-23,301449,30.98,32.03,32.11,30.8,7834.35,24801735.0,4.2258,3.3226,1.03,3.8135458945390885,天溯计量
2026-07-24,301449,31.79,31.06,31.9,31.06,5440.57,17078107.0,2.6225,-3.0284,-0.97,2.6483196930763278,天溯计量
2026-07-27,301449,30.6,31.9,32.13,30.6,6862.36,21782262.0,4.9259,2.7044,0.84,3.340407922144053,天溯计量
2026-07-28,301449,32.15,32.38,32.91,31.74,7087.23,22898796.0,3.6677,1.5047,0.48,3.4498684473063195,天溯计量
2026-07-29,301449,32.4,32.57,32.69,32.04,6322.76,20479853.0,2.0074,0.5868,0.19,3.0777454977319074,天溯计量
2026-07-30,301449,32.1,39.08,39.08,32.1,49079.09,180993302.0,21.4308,19.9877,6.51,23.890349828283703,天溯计量
2026-07-31,301449,38.6,40.22,42.18,37.52,62052.33,244287728.0,11.9243,2.9171,1.14,30.20536589737307,天溯计量
2026-08-03,301449,39.11,39.2,39.85,37.6,38539.39,148938805.0,5.5942,-2.5361,-1.02,18.759914034034836,天溯计量
2026-08-04,301449,39.98,38.84,40.0,38.4,32883.6,127577581.0,4.0816,-0.9184,-0.36,16.00683117012459,天溯计量
2026-08-05,301449,38.4,38.79,38.79,38.23,27843.74,107290510.0,1.4418,-0.1287,-0.05,13.553566073205028,天溯计量
2026-08-06,301449,38.79,38.3,39.4,37.82,24982.27,95993264.0,4.0732,-1.2632,-0.49,12.160681255594534,天溯计量
2026-08-07,301449,38.29,38.18,38.29,36.98,20579.6,77356393.0,3.4204,-0.3133,-0.12,10.017582708362102,天溯计量
2026-08-10,301449,38.14,40.82,41.25,37.95,47394.98,189853558.0,8.6433,6.9146,2.64,23.070571445079967,天溯计量
2026-08-11,301449,40.1,40.66,41.45,39.46,33538.85,135371952.0,4.8751,-0.392,-0.16,16.325788830606534,天溯计量
2026-08-12,301449,40.26,41.69,41.85,39.9,34934.0,143418652.0,4.7959,2.5332,1.03,17.0049094410932,天溯计量
2026-08-13,301449,41.6,39.5,41.6,39.38,31956.89,128460337.0,5.325,-5.2531,-2.19,15.555734255137601,天溯计量
2026-08-14,301449,39.22,39.05,39.47,38.18,18529.91,71806893.0,3.2658,-1.1392,-0.45,9.019850045846663,天溯计量
2026-08-17,301449,39.04,39.19,39.75,38.7,13595.54,53108791.0,2.6889,0.3585,0.14,6.617934576709231,天溯计量
2026-08-18,301449,39.0,43.76,45.02,38.63,54601.59,230367479.0,16.3052,11.6611,4.57,26.57855078976642,天溯计量
2026-08-19,301449,42.67,40.93,43.9,40.66,36793.91,153069587.0,7.404,-6.4671,-2.83,17.910262424392673,天溯计量
2026-08-20,301449,41.54,39.84,41.68,39.61,26155.94,105416172.0,5.0574,-2.6631,-1.09,12.73199149958972,天溯计量
2026-08-21,301449,39.8,41.0,41.08,38.45,23482.53,93738869.0,6.6014,2.9116,1.16,11.430649112548071,天溯计量
2026-08-24,301449,40.56,44.35,46.97,40.4,50942.43,226592450.0,16.0244,8.1707,3.35,24.79737244115273,天溯计量
2026-06-25,301456,24.0,23.49,24.41,23.27,20555.7,48589136.0,,,,3.3780332736203498,盘古智能
2026-06-26,301456,23.4,22.96,23.63,22.86,15177.73,35155408.0,3.278,-2.2563,-0.53,2.4942413519377005,盘古智能
2026-06-29,301456,22.8,22.72,23.0,22.17,13738.28,31114044.0,3.615,-1.0453,-0.24,2.2576884738691936,盘古智能
2026-06-30,301456,22.72,22.58,23.09,22.47,12066.06,27373854.0,2.7289,-0.6162,-0.14,1.9828831984072333,盘古智能
2026-07-01,301456,22.5,23.37,23.55,22.38,17139.02,39455022.0,5.1816,3.4987,0.79,2.816551119020255,盘古智能
2026-07-02,301456,23.2,23.36,24.11,23.11,16761.0,39655901.0,4.279,-0.0428,-0.01,2.754428975863176,盘古智能
2026-07-03,301456,23.26,24.12,24.56,23.26,17730.0,42746151.0,5.5651,3.2534,0.76,2.9136701713533864,盘古智能
2026-07-06,301456,24.16,24.3,24.75,24.01,17822.0,43471134.0,3.068,0.7463,0.18,2.928789046467008,盘古智能
2026-07-07,301456,24.19,23.1,24.23,23.05,13338.06,31387198.0,4.856,-4.9383,-1.2,2.1919180804129583,盘古智能
2026-07-08,301456,23.11,22.51,23.25,22.39,9835.0,22309997.0,3.7229,-2.5541,-0.59,1.6162406167659646,盘古智能
2026-07-09,301456,22.51,22.36,22.81,21.81,10160.95,22562703.0,4.4425,-0.6664,-0.15,1.6698058052799318,盘古智能
2026-07-10,301456,22.36,22.87,23.29,21.6,13828.0,31554425.0,7.5581,2.2809,0.51,2.229950754340349,盘古智能
2026-07-13,301456,22.9,21.58,22.9,21.47,15304.04,33515817.0,6.2527,-5.6406,-1.29,2.4679820322862938,盘古智能
2026-07-14,301456,21.66,22.19,22.29,21.38,12530.0,27375876.0,4.2169,2.8267,0.61,2.020630818041985,盘古智能
2026-07-15,301456,22.2,22.01,22.53,21.95,7743.0,17168515.0,2.6138,-0.8112,-0.18,1.1295101963568066,盘古智能
2026-07-16,301456,21.95,21.95,22.4,21.73,9065.04,20030818.0,3.0441,-0.2726,-0.06,1.3223627935402695,盘古智能
2026-07-17,301456,21.74,22.05,23.33,21.51,32930.33,73268695.0,8.2916,0.4556,0.1,4.803712192224518,盘古智能
2026-07-20,301456,22.06,20.78,22.16,20.55,34098.26,73273785.0,7.3016,-5.7596,-1.27,4.974083991737756,盘古智能
2026-07-21,301456,20.98,20.87,21.12,19.6,25852.0,52680350.0,7.3147,0.4331,0.09,3.7711607382430796,盘古智能
2026-07-22,301456,20.67,20.34,20.88,20.27,12814.0,26310683.0,2.9229,-2.5395,-0.53,1.8692423680893866,盘古智能
2026-07-23,301456,20.39,21.2,21.29,20.26,13932.93,29046060.0,5.0639,4.2281,0.86,2.032466292151058,盘古智能
2026-07-24,301456,21.12,20.63,21.13,20.52,10474.0,21741693.0,2.8774,-2.6887,-0.57,1.5278948465247568,盘古智能
2026-07-27,301456,20.5,21.22,21.41,20.5,13255.08,28023191.0,4.4111,2.8599,0.59,1.9335849171542272,盘古智能
2026-07-28,301456,21.28,21.26,21.47,21.1,13068.66,27808343.0,1.7436,0.1885,0.04,1.906390897936245,盘古智能
2026-07-29,301456,21.29,21.74,21.85,21.13,12404.0,26642659.0,3.3866,2.2578,0.48,1.8094336143109686,盘古智能
2026-07-30,301456,21.86,21.43,22.1,21.3,11648.95,25243142.0,3.6799,-1.4259,-0.31,1.6992906886026893,盘古智能
2026-07-31,301456,21.65,21.7,22.0,21.47,18053.07,39273035.0,2.4732,1.2599,0.27,2.6334917526208415,盘古智能
2026-08-03,301456,21.7,22.99,23.38,21.7,37492.09,85066421.0,7.7419,5.9447,1.29,5.4691589742641185,盘古智能
2026-08-04,301456,23.38,23.24,23.47,22.85,25657.35,59459109.0,2.6968,1.0874,0.25,3.7427661676992527,盘古智能
2026-08-05,301456,23.23,23.08,23.4,22.75,21511.37,49554656.0,2.7969,-0.6885,-0.16,3.1379712969913367,盘古智能
2026-08-06,301456,23.0,23.05,23.32,22.73,13336.0,30672980.0,2.5563,-0.13,-0.03,1.9453891228999578,盘古智能
2026-08-07,301456,22.92,23.07,23.18,22.66,11757.16,26872235.0,2.256,0.0868,0.02,1.7150758233499153,盘古智能
2026-08-10,301456,22.93,23.96,24.14,22.87,21605.99,51008225.0,5.505,3.8578,0.89,3.151773990363322,盘古智能
2026-08-11,301456,23.8,23.57,23.9,23.3,12261.09,28915742.0,2.5042,-1.6277,-0.39,1.7885866167439595,盘古智能
2026-08-12,301456,23.56,23.72,23.98,23.51,8884.92,21107941.0,1.9941,0.6364,0.15,1.296087786880346,盘古智能
2026-08-13,301456,23.78,23.33,23.86,23.3,9745.0,22968458.0,2.3609,-1.6442,-0.39,1.4215519648065453,盘古智能
2026-08-14,301456,23.48,23.26,23.52,23.04,8991.0,20882148.0,2.0574,-0.3,-0.07,1.3115622078579425,盘古智能
2026-08-17,301456,23.65,23.77,23.78,23.21,10871.5,25632995.0,2.4506,2.1926,0.51,1.5858801626879793,盘古智能
2026-08-18,301456,23.79,23.39,23.88,23.2,10111.0,23634257.0,2.8607,-1.5987,-0.38,1.4749422181794747,盘古智能
2026-08-19,301456,23.15,22.52,23.38,22.5,11182.0,25465365.0,3.7623,-3.7195,-0.87,1.6311743530494398,盘古智能
2026-08-20,301456,22.58,22.96,23.24,22.58,9095.0,20920248.0,2.9307,1.9538,0.44,1.3267332088163706,盘古智能
2026-08-21,301456,22.9,23.02,23.12,22.56,7537.0,17246287.0,2.439,0.2613,0.06,1.099459944458382,盘古智能
2026-08-24,301456,23.15,22.82,23.18,22.5,6954.5,15821085.0,2.954,-0.8688,-0.2,1.0144877515902637,盘古智能
2026-06-25,301458,63.0,66.78,68.8,62.11,236032.18,1559938220.0,,,,20.090925087945607,钧崴电子
2026-06-26,301458,67.88,63.32,68.0,62.0,190372.55,1221239360.0,8.9847,-5.1812,-3.46,16.20440331844234,钧崴电子
2026-06-29,301458,63.0,56.83,63.77,55.49,173239.66,1016226160.0,13.0764,-10.2495,-6.49,14.746061453659273,钧崴电子
2026-06-30,301458,58.04,58.46,61.4,56.9,153835.42,899456711.0,7.9184,2.8682,1.63,13.094383567073987,钧崴电子
2026-07-01,301458,58.58,58.05,61.57,55.35,162331.25,952428010.0,10.6398,-0.7013,-0.41,13.817543790777048,钧崴电子
2026-07-02,301458,55.0,54.33,57.85,53.1,121134.0,673663395.0,8.1826,-6.4083,-3.72,10.310857272102487,钧崴电子
2026-07-03,301458,54.0,50.99,54.5,50.9,132751.78,692975900.0,6.6262,-6.1476,-3.34,11.299756106440384,钧崴电子
2026-07-06,301458,52.0,51.41,53.27,50.34,96349.43,497825084.0,5.7462,0.8237,0.42,8.20120875211278,钧崴电子
2026-07-07,301458,51.12,49.41,51.4,48.86,86358.2,430134310.0,4.9407,-3.8903,-2.0,7.350760929843653,钧崴电子
2026-07-08,301458,49.9,48.3,50.78,46.26,92318.33,446420892.0,9.1479,-2.2465,-1.11,7.858083809903555,钧崴电子
2026-07-09,301458,48.55,50.32,50.49,47.55,91974.76,454074605.0,6.087,4.1822,2.02,7.8288393266620515,钧崴电子
2026-07-10,301458,50.31,46.94,51.15,46.66,111480.9,548828060.0,8.9229,-6.717,-3.38,9.489190883364952,钧崴电子
2026-07-13,301458,46.25,42.56,46.8,42.31,104783.7,463010292.0,9.5654,-9.3311,-4.38,8.919129023583844,钧崴电子
2026-07-14,301458,42.58,45.28,45.8,41.88,104428.84,459057626.0,9.2105,6.391,2.72,8.888923541955414,钧崴电子
2026-07-15,301458,45.74,42.12,45.9,42.01,71958.9,312518814.0,8.591,-6.9788,-3.16,6.12510069309604,钧崴电子
2026-07-16,301458,41.76,40.34,42.86,39.83,66719.12,274779458.0,7.1937,-4.226,-1.78,5.679093595854826,钧崴电子
2026-07-17,301458,39.51,35.95,40.5,35.6,99068.57,373839699.0,12.1468,-10.8825,-4.39,8.432660404356286,钧崴电子
2026-07-20,301458,37.51,32.75,37.69,31.64,118160.26,404032146.0,16.8289,-8.9013,-3.2,10.057734212479739,钧崴电子
2026-07-21,301458,33.3,35.8,36.0,29.81,140098.74,467289200.0,18.9008,9.313,3.05,11.925125168337507,钧崴电子
2026-07-22,301458,35.57,35.13,36.45,34.62,98170.23,349766892.0,5.1117,-1.8715,-0.67,8.35619421384148,钧崴电子
2026-07-23,301458,35.27,35.13,36.74,34.73,72384.98,257860479.0,5.7216,0.0,0.0,6.161368380669284,钧崴电子
2026-07-24,301458,34.51,34.3,35.37,33.73,59596.0,205876272.0,4.6684,-2.3627,-0.83,5.0727776676095875,钧崴电子
2026-07-27,301458,34.15,35.86,35.93,33.62,66984.53,234489682.0,6.7347,4.5481,1.56,5.701685144293651,钧崴电子
2026-07-28,301458,35.35,34.02,35.7,33.69,67263.41,233736063.0,5.6051,-5.1311,-1.84,5.7254232514810965,钧崴电子
2026-07-29,301458,34.0,34.31,34.74,32.88,69601.53,235259586.0,5.4674,0.8524,0.29,5.924442697755869,钧崴电子
2026-07-30,301458,34.15,32.29,34.72,32.04,66401.71,220007202.0,7.8111,-5.8875,-2.02,5.6520758369536255,钧崴电子
2026-07-31,301458,34.56,33.37,35.75,33.28,95081.73,328790302.0,7.6494,3.3447,1.08,8.093302848205997,钧崴电子
2026-08-03,301458,33.37,32.68,33.81,32.47,59193.56,195221949.0,4.0156,-2.0677,-0.69,5.0385222034080845,钧崴电子
2026-08-04,301458,33.01,35.05,35.26,32.63,87838.74,302327901.0,8.0477,7.2521,2.37,7.476783653650665,钧崴电子
2026-08-05,301458,34.8,36.72,37.29,34.5,85745.43,310816099.0,7.9601,4.7646,1.67,7.298602295516162,钧崴电子
2026-08-06,301458,36.79,37.02,37.7,35.81,78568.32,289289928.0,5.1471,0.817,0.3,6.68769076913893,钧崴电子
2026-08-07,301458,37.45,38.16,38.38,36.4,82377.43,310068826.0,5.3485,3.0794,1.14,7.011920048645413,钧崴电子
2026-08-10,301458,38.28,37.16,38.98,36.35,81870.04,302430062.0,6.892,-2.6205,-1.0,6.96873130005879,钧崴电子
2026-08-11,301458,36.7,38.63,39.48,36.6,120682.8,462859695.0,7.7503,3.9559,1.47,10.272451384398188,钧崴电子
2026-08-12,301458,38.2,38.62,38.98,37.93,79508.76,306255769.0,2.7181,-0.0259,-0.01,6.767740487739622,钧崴电子
2026-08-13,301458,39.03,37.99,39.85,37.99,82316.35,321835493.0,4.8162,-1.6313,-0.63,7.006720953740762,钧崴电子
2026-08-14,301458,38.62,39.37,39.67,38.0,80381.54,313231579.0,4.3959,3.6325,1.38,6.8420310255733074,钧崴电子
2026-08-17,301458,39.4,40.7,41.2,39.0,92754.37,370280696.0,5.588,3.3782,1.33,7.895199287019208,钧崴电子
2026-08-18,301458,40.48,40.78,41.68,39.47,91843.18,373080527.0,5.43,0.1966,0.08,7.817639311803603,钧崴电子
2026-08-19,301458,39.8,37.66,39.97,37.36,77288.79,297708175.0,6.4002,-7.6508,-3.12,6.578777902351956,钧崴电子
2026-08-20,301458,38.32,38.1,39.11,37.7,60230.0,230923884.0,3.744,1.1683,0.44,5.1267433874777755,钧崴电子
2026-08-21,301458,37.72,37.9,38.74,37.03,51793.23,196437501.0,4.4882,-0.5249,-0.2,4.408610317426789,钧崴电子
2026-08-24,301458,37.53,36.44,37.7,35.02,69912.8,253825518.0,7.0712,-3.8522,-1.46,5.950937823344781,钧崴电子
2026-06-25,301459,33.77,32.52,33.86,32.36,8879.66,29122189.0,,,,3.4023001119085405,丰茂股份
2026-06-26,301459,32.23,31.3,32.36,31.3,7553.7,23923621.0,3.2595,-3.7515,-1.22,2.894249819849357,丰茂股份
2026-06-29,301459,31.04,30.67,31.68,29.1,16325.8,49413429.0,8.2428,-2.0128,-0.63,6.255337610561266,丰茂股份
2026-06-30,301459,30.84,30.94,31.41,30.55,7314.03,22751528.0,2.804,0.8803,0.27,2.8024186835422107,丰茂股份
2026-07-01,301459,30.93,32.95,33.11,30.78,12823.76,41429609.0,7.5307,6.4964,2.01,4.913507958985847,丰茂股份
2026-07-02,301459,32.8,34.79,35.72,32.65,18618.26,64669069.0,9.3171,5.5842,1.84,7.133708732264783,丰茂股份
2026-07-03,301459,35.12,36.01,37.27,34.46,21085.18,76415149.0,8.077,3.5068,1.22,8.078925350025983,丰茂股份
2026-07-06,301459,35.9,35.4,36.56,35.1,11083.2,39534938.0,4.0544,-1.694,-0.61,4.246600950971629,丰茂股份
2026-07-07,301459,35.39,34.72,36.12,34.4,13607.54,47757398.0,4.8588,-1.9209,-0.68,5.213818419263794,丰茂股份
2026-07-08,301459,35.04,33.91,35.2,33.75,8958.0,30767576.0,4.1763,-2.3329,-0.81,3.4323165979864894,丰茂股份
2026-07-09,301459,34.31,34.02,34.43,32.65,9244.0,31046991.0,5.2492,0.3244,0.11,3.54189937840892,丰茂股份
2026-07-10,301459,34.03,33.88,35.0,33.72,9238.32,31651626.0,3.7625,-0.4115,-0.14,3.5397230490634675,丰茂股份
2026-07-13,301459,33.61,32.2,33.84,31.99,6833.2,22263961.0,5.4604,-4.9587,-1.68,2.6181855076313103,丰茂股份
2026-07-14,301459,32.02,33.02,33.1,31.62,6326.97,20518132.0,4.5963,2.5466,0.82,2.4242201547178586,丰茂股份
2026-07-15,301459,33.1,34.35,34.67,32.6,14273.8,48357780.0,6.2689,4.0279,1.33,5.46910031885907,丰茂股份
2026-07-16,301459,33.86,34.04,35.33,33.4,9071.8,31227604.0,5.6186,-0.9025,-0.31,3.4759198162105194,丰茂股份
2026-07-17,301459,34.08,33.69,34.77,33.49,11040.49,37604604.0,3.7603,-1.0282,-0.35,4.230236333657497,丰茂股份
2026-07-20,301459,34.05,31.98,34.34,31.37,12002.03,39613757.0,8.8157,-5.0757,-1.71,4.598656706690309,丰茂股份
2026-07-21,301459,31.98,30.56,32.48,30.16,13447.7,41450655.0,7.2545,-4.4403,-1.42,5.152574672331203,丰茂股份
2026-07-22,301459,30.57,29.63,30.88,29.4,9122.82,27438933.0,4.8429,-3.0432,-0.93,3.4954684646621015,丰茂股份
2026-07-23,301459,29.51,30.42,30.47,29.41,6530.97,19570413.0,3.5775,2.6662,0.79,2.502384095998194,丰茂股份
2026-07-24,301459,29.98,29.67,30.26,29.56,5096.52,15209214.0,2.3011,-2.4655,-0.75,1.9527651471277183,丰茂股份
2026-07-27,301459,29.58,29.95,30.27,29.56,4864.21,14588806.0,2.393,0.9437,0.28,1.863754043211862,丰茂股份
2026-07-28,301459,30.15,30.37,31.58,30.15,8291.0,25423404.0,4.7746,1.4023,0.42,3.176751162525785,丰茂股份
2026-07-29,301459,30.38,30.77,31.65,30.38,9971.7,30851284.0,4.1818,1.3171,0.4,3.8207224179662735,丰茂股份
2026-07-30,301459,30.45,30.6,31.0,29.99,7019.3,21408353.0,3.2824,-0.5525,-0.17,2.689490946220871,丰茂股份
2026-07-31,301459,31.0,32.24,32.33,31.0,13716.61,43743365.0,4.3464,5.3595,1.64,5.25560930688853,丰茂股份
2026-08-03,301459,31.94,33.56,33.57,31.81,9589.06,31756996.0,5.4591,4.0943,1.32,3.6741113861451575,丰茂股份
2026-08-04,301459,33.8,34.41,34.79,33.2,10027.16,34363747.0,4.7378,2.5328,0.85,3.841972281610427,丰茂股份
2026-08-05,301459,34.59,35.2,35.2,34.26,9675.68,33664826.0,2.7318,2.2958,0.79,3.707300408663308,丰茂股份
2026-08-06,301459,35.09,35.4,35.6,34.86,11048.5,38982998.0,2.1023,0.5682,0.2,4.233305417822474,丰茂股份
2026-08-07,301459,35.36,36.02,36.22,34.76,12020.86,42968340.0,4.1243,1.7514,0.62,4.605871544995743,丰茂股份
2026-08-10,301459,36.29,36.13,36.29,35.78,6986.0,25200656.0,1.4159,0.3054,0.11,2.676731832276581,丰茂股份
2026-08-11,301459,36.2,35.21,36.2,34.79,17278.0,61024433.0,3.9026,-2.5464,-0.92,6.6201793011844785,丰茂股份
2026-08-12,301459,35.22,35.55,35.97,35.15,10639.41,37898168.0,2.3289,0.9656,0.34,4.076559894595158,丰茂股份
2026-08-13,301459,35.63,35.24,36.08,35.11,10264.01,36519655.0,2.7286,-0.872,-0.31,3.932722916376346,丰茂股份
2026-08-14,301459,36.9,37.57,37.8,36.58,56158.93,207541657.0,3.462,6.6118,2.33,21.517663269051283,丰茂股份
2026-08-17,301459,37.6,39.59,39.75,37.2,71003.8,274635538.0,6.7873,5.3766,2.02,27.205572813140556,丰茂股份
2026-08-18,301459,35.0,34.82,36.2,34.8,51012.57,180569215.0,3.5362,-12.0485,-4.77,19.54580159823037,丰茂股份
2026-08-19,301459,33.75,31.21,34.0,31.17,36514.14,118543627.0,8.1275,-10.3676,-3.61,13.990632817950702,丰茂股份
2026-08-20,301459,32.0,31.23,32.11,31.04,14506.32,45517141.0,3.4284,0.0641,0.02,5.558191885655656,丰茂股份
2026-08-21,301459,31.01,31.35,31.48,30.51,15862.43,48981052.0,3.106,0.3842,0.12,6.077794348448183,丰茂股份
2026-08-24,301459,31.34,32.13,32.15,30.79,19259.31,60466784.0,4.3381,2.488,0.78,7.37933125460674,丰茂股份
2026-06-25,301468,49.5,50.25,52.8,48.5,141643.74,716689468.0,,,,14.52705828027227,博盈特焊
2026-06-26,301468,50.24,48.3,53.9,48.19,181294.7,926998003.0,11.3632,-3.8806,-1.95,18.593682098513337,博盈特焊
2026-06-29,301468,48.0,42.08,48.0,40.52,209867.73,915482375.0,15.4865,-12.8778,-6.22,21.524147448086627,博盈特焊
2026-06-30,301468,42.16,41.71,42.48,40.68,95628.04,396951012.0,4.2776,-0.8793,-0.37,9.807663298838396,博盈特焊
2026-07-01,301468,42.9,42.37,45.09,41.86,121625.46,527281603.0,7.7439,1.5824,0.66,12.473972699287126,博盈特焊
2026-07-02,301468,41.94,40.72,43.64,40.51,101360.68,424450061.0,7.3873,-3.8943,-1.65,10.395605945508272,博盈特焊
2026-07-03,301468,41.12,41.72,42.76,40.62,84799.4,354024024.0,5.2554,2.4558,1.0,8.697072146867347,博盈特焊
2026-07-06,301468,42.0,41.51,44.2,41.18,91732.98,390702120.0,7.2387,-0.5034,-0.21,9.408183846903864,博盈特焊
2026-07-07,301468,42.45,39.94,43.76,39.7,81542.52,334831477.0,9.7808,-3.7822,-1.57,8.363044779531148,博盈特焊
2026-07-08,301468,40.08,37.33,40.4,37.3,71508.92,273390848.0,7.7616,-6.5348,-2.61,7.33399335826156,博盈特焊
2026-07-09,301468,37.96,37.15,38.35,34.97,76890.96,279687629.0,9.0544,-0.4822,-0.18,7.885978280057304,博盈特焊
2026-07-10,301468,36.85,36.81,38.2,36.75,60328.04,225899878.0,3.9031,-0.9152,-0.34,6.187276282132884,博盈特焊
2026-07-13,301468,36.46,34.1,36.66,34.01,60281.42,210194205.0,7.1991,-7.3621,-2.71,6.182494909817903,博盈特焊
2026-07-14,301468,34.44,34.18,34.66,32.36,79290.3,265237550.0,6.7449,0.2346,0.08,8.13205588302224,博盈特焊
2026-07-15,301468,34.8,33.37,34.8,33.11,47637.66,161129126.0,4.9444,-2.3698,-0.81,4.88574407281109,博盈特焊
2026-07-16,301468,32.84,32.63,34.63,32.16,56213.86,187350670.0,7.4019,-2.2176,-0.74,5.7653237649547115,博盈特焊
2026-07-17,301468,32.48,29.75,32.72,29.14,65361.65,200650443.0,10.9715,-8.8262,-2.88,6.703526035423507,博盈特焊
2026-07-20,301468,30.09,27.49,30.57,26.64,76468.07,217005077.0,13.2101,-7.5966,-2.26,7.842606453839326,博盈特焊
2026-07-21,301468,27.86,28.5,28.54,24.36,87250.23,233877459.0,15.2055,3.6741,1.01,8.948430591970814,博盈特焊
2026-07-22,301468,28.21,28.63,29.38,27.87,59526.4,171199010.0,5.2982,0.4561,0.13,6.105059651875892,博盈特焊
2026-07-23,301468,30.68,29.97,32.0,29.13,96201.1,288745428.0,10.0244,4.6804,1.34,9.866436641155484,博盈特焊
2026-07-24,301468,29.52,28.14,29.86,28.01,63378.7,182527250.0,6.1728,-6.1061,-1.83,6.500153615174891,博盈特焊
2026-07-27,301468,28.13,29.69,29.69,28.1,53115.85,153464714.0,5.6503,5.5082,1.55,5.44759019040446,博盈特焊
2026-07-28,301468,29.41,28.29,29.49,28.09,44473.11,127347537.0,4.7154,-4.7154,-1.4,4.56118612001462,博盈特焊
2026-07-29,301468,28.21,27.92,28.36,27.16,47291.52,131143336.0,4.2418,-1.3079,-0.37,4.8502437679396335,博盈特焊
2026-07-30,301468,27.89,26.56,28.11,26.3,51471.59,139200409.0,6.4828,-4.8711,-1.36,5.27895399901386,博盈特焊
2026-07-31,301468,28.0,28.12,28.95,27.78,62128.34,176502753.0,4.4051,5.8735,1.56,6.371916019984865,博盈特焊
2026-08-03,301468,28.43,29.93,30.29,28.09,75849.7,224000642.0,7.8236,6.4367,1.81,7.779186093512975,博盈特焊
2026-08-04,301468,30.13,30.94,31.14,29.51,64554.13,196750637.0,5.446,3.3745,1.01,6.620706349198861,博盈特焊
2026-08-05,301468,31.0,33.11,33.58,30.8,83092.16,270670586.0,8.9851,7.0136,2.17,8.521976692748359,博盈特焊
2026-08-06,301468,32.82,33.9,34.25,32.5,59301.26,199595628.0,5.2854,2.386,0.79,6.081969172189176,博盈特焊
2026-08-07,301468,33.93,34.33,34.41,32.95,48875.28,165642264.0,4.3068,1.2684,0.43,5.012675046737863,博盈特焊
2026-08-10,301468,34.89,34.21,34.97,33.53,37399.97,127482245.0,4.1946,-0.3495,-0.12,3.8357610711947774,博盈特焊
2026-08-11,301468,33.87,33.43,34.18,33.32,41226.31,138580830.0,2.5139,-2.28,-0.78,4.228192562908686,博盈特焊
2026-08-12,301468,33.54,33.74,34.26,33.19,34570.77,116655017.0,3.2007,0.9273,0.31,3.5455967950570084,博盈特焊
2026-08-13,301468,33.57,33.06,34.47,33.06,35078.2,118261869.0,4.179,-2.0154,-0.68,3.5976390892181103,博盈特焊
2026-08-14,301468,33.2,33.36,33.41,32.68,27222.35,89967912.0,2.2081,0.9074,0.3,2.7919388811391865,博盈特焊
2026-08-17,301468,33.4,36.01,36.25,33.06,66539.22,233484289.0,9.5624,7.9436,2.65,6.824298249000332,博盈特焊
2026-08-18,301468,35.43,35.89,36.77,35.23,53134.4,190458254.0,4.2766,-0.3332,-0.12,5.449492688397658,博盈特焊
2026-08-19,301468,35.33,33.35,35.7,33.31,46004.18,156763272.0,6.6592,-7.0772,-2.54,4.718213484027857,博盈特焊
2026-08-20,301468,33.9,33.19,33.99,32.9,32228.79,107203318.0,3.2684,-0.4798,-0.16,3.3054020645928737,博盈特焊
2026-08-21,301468,32.83,33.68,33.83,32.4,29361.09,97951416.0,4.3085,1.4763,0.49,3.0112892077145053,博盈特焊
2026-08-24,301468,33.22,33.69,33.73,32.06,37961.5,124355719.0,4.9584,0.0297,0.01,3.8933518905004614,博盈特焊
2026-06-25,301469,29.58,28.7,30.0,28.55,10333.94,29871335.0,,,,2.243646339447164,恒达新材
2026-06-26,301469,28.67,27.99,28.67,27.9,9587.64,27047832.0,2.6829,-2.4739,-0.71,2.0816139236280846,恒达新材
2026-06-29,301469,28.02,27.9,28.21,26.92,13691.0,37810063.0,4.6088,-0.3215,-0.09,2.972512133162291,恒达新材
2026-06-30,301469,27.6,27.58,28.46,27.21,9913.0,27323993.0,4.4803,-1.147,-0.32,2.1522542382614707,恒达新材
2026-07-01,301469,27.6,28.05,28.4,27.41,13219.96,36995851.0,3.5896,1.7041,0.47,2.870242604624948,恒达新材
2026-07-02,301469,28.02,28.38,29.1,27.81,11698.0,33460941.0,4.5989,1.1765,0.33,2.5398032965986768,恒达新材
2026-07-03,301469,28.55,28.99,29.48,28.42,10945.91,31834579.0,3.735,2.1494,0.61,2.376513788876083,恒达新材
2026-07-06,301469,29.4,28.87,29.82,28.75,13023.0,38088445.0,3.6909,-0.4139,-0.12,2.8274797684736335,恒达新材
2026-07-07,301469,28.76,27.82,28.97,27.67,10049.96,28259383.0,4.5029,-3.637,-1.05,2.181990215309013,恒达新材
2026-07-08,301469,27.81,26.76,27.82,26.6,11664.0,31412638.0,4.3853,-3.8102,-1.06,2.532421409773206,恒达新材
2026-07-09,301469,26.76,26.32,27.1,25.88,13616.27,35871870.0,4.559,-1.6442,-0.44,2.9562871801485433,恒达新材
2026-07-10,301469,26.35,26.63,26.99,25.88,10924.0,29012429.0,4.2173,1.1778,0.31,2.3717568141600225,恒达新材
2026-07-13,301469,26.6,25.73,26.87,25.7,13726.0,35834759.0,4.3935,-3.3796,-0.9,2.980111134306158,恒达新材
2026-07-14,301469,25.96,26.66,26.72,25.44,12166.0,31838259.0,4.9747,3.6145,0.93,2.6414127976080954,恒达新材
2026-07-15,301469,26.35,26.74,27.17,26.16,9304.3,24848995.0,3.7884,0.3001,0.08,2.020096752653707,恒达新材
2026-07-16,301469,26.69,26.74,27.48,26.28,8855.14,23806842.0,4.4877,0.0,0.0,1.9225776854028727,恒达新材
2026-07-17,301469,26.6,25.17,26.98,25.01,14146.0,36682861.0,7.3672,-5.8714,-1.57,3.0712991480325593,恒达新材
2026-07-20,301469,25.18,23.83,25.77,23.56,19433.0,47829292.0,8.7803,-5.3238,-1.34,4.219182549393237,恒达新材
2026-07-21,301469,24.07,23.71,24.23,22.43,19097.4,44721528.0,7.5535,-0.5036,-0.12,4.146318984139475,恒达新材
2026-07-22,301469,23.36,23.08,23.7,22.89,14111.0,32791013.0,3.4163,-2.6571,-0.63,3.0637001468886926,恒达新材
2026-07-23,301469,23.08,24.06,24.14,23.06,12293.4,29093923.0,4.6794,4.2461,0.98,2.6690731617717707,恒达新材
2026-07-24,301469,23.8,23.72,24.55,23.32,10671.0,25395084.0,5.1122,-1.4131,-0.34,2.3168268916057855,恒达新材
2026-07-27,301469,23.57,24.26,24.39,23.51,11378.0,27486291.0,3.7099,2.2766,0.54,2.4703267147118946,恒达新材
2026-07-28,301469,24.29,24.43,24.66,24.15,9675.0,23590697.0,2.1022,0.7007,0.17,2.1005810304831765,恒达新材
2026-07-29,301469,24.44,24.74,25.0,24.39,11381.0,28163984.0,2.4969,1.2689,0.31,2.4709780576670832,恒达新材
2026-07-30,301469,24.77,24.42,25.31,24.21,13963.0,34547591.0,4.4462,-1.2935,-0.32,3.031567227766056,恒达新材
2026-07-31,301469,24.65,25.98,26.63,24.49,24104.29,61577689.0,8.7633,6.3882,1.56,5.233386493774193,恒达新材
2026-08-03,301469,26.06,27.04,27.28,25.56,22175.5,58597384.0,6.6205,4.0801,1.06,4.814618567594799,恒达新材
2026-08-04,301469,26.9,26.8,27.27,26.52,15735.0,42328501.0,2.7737,-0.8876,-0.24,3.416293799964112,恒达新材
2026-08-05,301469,26.81,26.87,27.06,26.54,10998.0,29505006.0,1.9403,0.2612,0.07,2.3878232737213407,恒达新材
2026-08-06,301469,26.66,26.97,27.01,26.54,9925.0,26630500.0,1.7492,0.3722,0.1,2.154859610082225,恒达新材
2026-08-07,301469,27.01,27.81,27.86,26.52,14350.0,39008837.0,4.9685,3.1146,0.84,3.115590468985383,恒达新材
2026-08-10,301469,27.6,28.99,29.11,27.38,15616.0,44538408.0,6.2208,4.2431,1.18,3.3904571960749648,恒达新材
2026-08-11,301469,28.84,28.65,28.93,28.0,9209.96,26212181.0,3.208,-1.1728,-0.34,1.9996141878562104,恒达新材
2026-08-12,301469,28.66,28.67,28.99,28.42,5314.29,15225596.0,1.9895,0.0698,0.02,1.1538084511097093,恒达新材
2026-08-13,301469,28.6,28.33,28.95,28.23,6585.0,18816270.0,2.5113,-1.1859,-0.34,1.429697786638937,恒达新材
2026-08-14,301469,28.28,28.7,28.96,28.28,7276.69,20798941.0,2.4003,1.306,0.37,1.5798735895304006,恒达新材
2026-08-17,301469,28.95,29.3,29.39,28.56,9112.0,26533274.0,2.892,2.0906,0.6,1.978345669226119,恒达新材
2026-08-18,301469,29.48,28.72,29.48,28.56,9421.87,27159406.0,3.1399,-1.9795,-0.58,2.045622883067548,恒达新材
2026-08-19,301469,28.5,27.75,28.57,27.65,11551.6,32253119.0,3.2033,-3.3774,-0.97,2.508017760385474,恒达新材
2026-08-20,301469,27.91,28.57,29.24,27.91,11320.96,32504370.0,4.7928,2.955,0.82,2.4579425139905755,恒达新材
2026-08-21,301469,28.75,28.42,28.75,28.01,7347.0,20795329.0,2.5901,-0.525,-0.15,1.6027946700477993,恒达新材
2026-08-24,301469,28.95,28.49,29.0,28.21,12461.96,35655684.0,2.7797,0.2463,0.07,2.7186556507892847,恒达新材
2026-06-25,301479,61.52,60.26,64.25,59.64,31843.87,195192957.0,,,,4.466123799370196,弘景光电
2026-06-26,301479,60.08,57.08,60.09,57.05,37429.97,217559508.0,5.0448,-5.2771,-3.18,5.2495780138127826,弘景光电
2026-06-29,301479,56.88,54.41,57.55,53.3,34321.37,188973134.0,7.4457,-4.6776,-2.67,4.813594810680683,弘景光电
2026-06-30,301479,54.25,60.2,62.06,54.25,55632.62,329691519.0,14.354,10.6414,5.79,7.802511698588091,弘景光电
2026-07-01,301479,60.5,62.81,64.69,59.35,41368.72,259116543.0,8.8704,4.3355,2.61,5.801990302732734,弘景光电
2026-07-02,301479,61.95,63.54,66.01,61.06,51462.92,329053766.0,7.8809,1.1622,0.73,7.217708519632961,弘景光电
2026-07-03,301479,63.2,63.89,65.99,62.12,37419.48,238977892.0,6.0907,0.5508,0.35,5.248106784384468,弘景光电
2026-07-06,301479,64.0,62.15,65.5,61.76,28361.61,179757449.0,5.8538,-2.7234,-1.74,3.9777345344474697,弘景光电
2026-07-07,301479,62.05,59.77,62.45,59.26,27943.75,169308668.0,5.1327,-3.8294,-2.38,3.9191293934641394,弘景光电
2026-07-08,301479,59.8,57.08,60.3,56.58,19382.6,111811144.0,6.2239,-4.5006,-2.69,2.7184224515950093,弘景光电
2026-07-09,301479,57.31,57.47,57.89,54.56,22245.67,125397928.0,5.8339,0.6833,0.39,3.1199699100623004,弘景光电
2026-07-10,301479,57.01,57.23,59.6,57.0,25760.84,150165177.0,4.5241,-0.4176,-0.24,3.612974824221042,弘景光电
2026-07-13,301479,57.23,52.55,57.23,52.0,25427.53,136792398.0,9.1386,-8.1775,-4.68,3.5662278765803164,弘景光电
2026-07-14,301479,52.3,53.25,53.67,50.58,19924.88,104165013.0,5.8801,1.3321,0.7,2.794477579753819,弘景光电
2026-07-15,301479,53.25,51.71,54.43,51.26,13297.14,69311516.0,5.9531,-2.892,-1.54,1.864932667340917,弘景光电
2026-07-16,301479,51.6,51.46,53.15,50.26,17145.57,88677626.0,5.5889,-0.4835,-0.25,2.4046775166073613,弘景光电
2026-07-17,301479,50.16,47.83,51.2,47.0,25479.89,124770970.0,8.1617,-7.054,-3.63,3.5735714011624427,弘景光电
2026-07-20,301479,48.4,46.0,49.0,44.91,24568.01,114575288.0,8.5511,-3.8261,-1.83,3.445679628894508,弘景光电
2026-07-21,301479,46.44,47.6,47.78,43.01,28025.86,128197841.0,10.3696,3.4783,1.6,3.9306453751952004,弘景光电
2026-07-22,301479,47.0,46.64,48.14,46.4,17207.58,81273844.0,3.6555,-2.0168,-0.96,2.4133744600630074,弘景光电
2026-07-23,301479,46.81,47.26,47.44,45.9,14254.68,66537445.0,3.3019,1.3293,0.62,1.9992282847658385,弘景光电
2026-07-24,301479,46.79,45.13,46.89,45.05,13486.26,61752819.0,3.8934,-4.507,-2.13,1.8914568722487028,弘景光电
2026-07-27,301479,44.87,46.5,46.64,44.79,12204.84,56214844.0,4.0993,3.0357,1.37,1.7117368709112724,弘景光电
2026-07-28,301479,46.0,45.19,47.16,44.86,13326.78,61082006.0,4.9462,-2.8172,-1.31,1.8690896969172008,弘景光电
2026-07-29,301479,45.2,45.51,45.94,43.66,18332.91,82222832.0,5.0454,0.7081,0.32,2.5712027358079235,弘景光电
2026-07-30,301479,45.11,43.32,45.55,42.8,17142.08,75293730.0,6.0426,-4.8121,-2.19,2.4041880418023265,弘景光电
2026-07-31,301479,45.25,44.8,46.23,44.57,21483.35,97668061.0,3.8319,3.4164,1.48,3.013054026574022,弘景光电
2026-08-03,301479,44.78,45.37,45.55,44.02,14037.15,63382890.0,3.4152,1.2723,0.57,1.9687195585941453,弘景光电
2026-08-04,301479,45.73,47.39,47.73,45.54,19517.0,91632623.0,4.827,4.4523,2.02,2.7372721403619633,弘景光电
2026-08-05,301479,47.41,48.79,48.97,47.3,19633.09,94895152.0,3.524,2.9542,1.4,2.753553839535741,弘景光电
2026-08-06,301479,47.98,48.26,49.13,47.58,16598.2,80144719.0,3.1769,-1.0863,-0.53,2.3279085125867676,弘景光电
2026-08-07,301479,48.0,48.69,48.88,47.1,16784.28,80910560.0,3.6884,0.891,0.43,2.354006355486729,弘景光电
2026-08-10,301479,48.71,47.75,49.0,46.92,20080.41,95489136.0,4.2719,-1.9306,-0.94,2.8162907649764706,弘景光电
2026-08-11,301479,47.63,47.85,48.28,46.8,16224.0,77358988.0,3.0995,0.2094,0.1,2.2754267154394885,弘景光电
2026-08-12,301479,47.8,49.64,50.66,47.35,26939.11,132988549.0,6.9175,3.7409,1.79,3.778227969931156,弘景光电
2026-08-13,301479,50.1,50.93,51.89,49.66,33625.73,171477472.0,4.4923,2.5987,1.29,4.716030841232437,弘景光电
2026-08-14,301479,50.8,55.36,57.28,50.1,55377.88,295537254.0,14.0978,8.6982,4.43,7.766784245340368,弘景光电
2026-08-17,301479,55.0,55.5,56.0,53.52,49808.88,273701446.0,4.4798,0.2529,0.14,6.985728317191792,弘景光电
2026-08-18,301479,56.39,53.25,56.39,52.71,38343.64,205792944.0,6.6306,-4.0541,-2.25,5.377720834762955,弘景光电
2026-08-19,301479,51.5,48.45,52.33,48.23,31987.3,159838001.0,7.6995,-9.0141,-4.8,4.48623995160118,弘景光电
2026-08-20,301479,49.12,48.77,49.44,47.89,18959.53,92154921.0,3.1992,0.6605,0.32,2.6590866046706387,弘景光电
2026-08-21,301479,48.02,48.28,48.88,47.02,15357.02,73911493.0,3.8138,-1.0047,-0.49,2.153832197826586,弘景光电
2026-08-24,301479,48.3,48.53,50.5,47.39,22243.31,108537023.0,6.4416,0.5178,0.25,3.119638918503595,弘景光电
2026-06-25,301486,240.0,231.41,245.91,225.58,84561.26,1979082072.0,,,,11.664787743271726,致尚科技
2026-06-26,301486,229.33,221.05,240.0,220.0,58158.2,1331259590.0,8.6427,-4.4769,-10.36,8.02262239861073,致尚科技
2026-06-29,301486,213.73,198.0,218.0,196.61,70107.73,1435100906.0,9.6765,-10.4275,-23.05,9.670998156988238,致尚科技
2026-06-30,301486,198.0,208.32,211.7,190.18,64752.51,1315116900.0,10.8687,5.2121,10.32,8.93227330096642,致尚科技
2026-07-01,301486,206.98,200.3,219.55,198.5,56311.31,1160451755.0,10.1046,-3.8498,-8.02,7.767853491014377,致尚科技
2026-07-02,301486,192.17,188.85,199.9,186.01,51021.7,979248191.0,6.9346,-5.7164,-11.45,7.038179194596757,致尚科技
2026-07-03,301486,187.22,185.87,193.64,183.69,41650.02,784129481.0,5.2687,-1.578,-2.98,5.7454044890416975,致尚科技
2026-07-06,301486,185.0,186.94,199.8,185.0,61424.97,1179674513.0,7.9626,0.5757,1.07,8.473256396449548,致尚科技
2026-07-07,301486,186.94,182.14,189.0,177.8,38967.17,713643916.0,5.9912,-2.5677,-4.8,5.352895592465301,致尚科技
2026-07-08,301486,185.78,183.4,189.69,175.0,46444.71,856113603.0,8.0652,0.6918,1.26,6.380080551200641,致尚科技
2026-07-09,301486,188.36,206.22,208.7,183.08,74601.49,1465075908.0,13.9695,12.4427,22.82,10.24795968022169,致尚科技
2026-07-10,301486,206.99,198.7,209.87,198.01,54788.49,1122611054.0,5.7511,-3.6466,-7.52,7.515142970928311,致尚科技
2026-07-13,301486,197.71,182.0,201.5,180.0,44882.14,857613102.0,10.8203,-8.4046,-16.7,6.1563240553119885,致尚科技
2026-07-14,301486,182.01,188.6,190.27,173.73,45779.22,835717093.0,9.0879,3.6264,6.6,6.279373339137121,致尚科技
2026-07-15,301486,192.38,178.99,197.68,177.4,38798.11,719985407.0,10.7529,-5.0954,-9.61,5.321799225563679,致尚科技
2026-07-16,301486,178.0,187.54,192.2,167.03,70273.43,1283137469.0,14.0622,4.7768,8.55,9.63915730306717,致尚科技
2026-07-17,301486,184.11,162.08,186.01,161.25,60435.88,1046023428.0,13.2025,-13.5758,-25.46,8.289775439583511,致尚科技
2026-07-20,301486,170.25,151.58,171.76,145.81,55133.92,874549483.0,16.0106,-6.4783,-10.5,7.56252437962287,致尚科技
2026-07-21,301486,155.0,157.59,158.71,122.04,87666.4,1242184663.0,24.1918,3.9649,6.01,12.024889347134584,致尚科技
2026-07-22,301486,151.0,150.1,159.99,148.5,60016.39,926133149.0,7.2911,-4.7528,-7.49,8.2322354832008,致尚科技
2026-07-23,301486,151.98,145.7,156.66,144.0,48427.88,724010555.0,8.4344,-2.9314,-4.4,6.642680642940875,致尚科技
2026-07-24,301486,143.39,140.5,147.82,140.08,35614.34,511033445.0,5.3123,-3.569,-5.2,4.885092779801943,致尚科技
2026-07-27,301486,140.5,149.13,149.6,136.99,43004.36,625202592.0,8.9751,6.1423,8.63,5.8987556286597895,致尚科技
2026-07-28,301486,146.14,136.01,149.59,134.96,44975.09,634796431.0,9.8102,-8.7977,-13.12,6.169073677342963,致尚科技
2026-07-29,301486,136.01,132.23,137.37,124.88,54944.93,716872336.0,9.1831,-2.7792,-3.78,7.536601291213685,致尚科技
2026-07-30,301486,130.99,117.75,132.8,115.5,59566.8,724638724.0,13.0833,-10.9506,-14.48,8.170566816510046,致尚科技
2026-07-31,301486,130.58,124.63,135.0,124.43,61571.08,794986205.0,8.9766,5.8429,6.88,8.445486799772446,致尚科技
2026-08-03,301486,122.0,126.0,129.49,120.27,57026.82,709322962.0,7.3979,1.0993,1.37,7.8221667630809675,致尚科技
2026-08-04,301486,126.56,136.81,139.0,126.56,69567.51,931510234.0,9.873,8.5794,10.81,9.542328758859478,致尚科技
2026-08-05,301486,131.78,141.7,143.55,130.0,74025.87,1026135130.0,9.9042,3.5743,4.89,10.15386619703067,致尚科技
2026-08-06,301486,139.99,145.8,147.11,138.5,58786.77,846018622.0,6.0762,2.8934,4.1,8.063572866291429,致尚科技
2026-08-07,301486,148.63,152.11,153.51,144.23,52540.39,785717496.0,6.3649,4.3278,6.31,7.206779062506233,致尚科技
2026-08-10,301486,155.0,158.19,168.08,152.5,77398.95,1217867090.0,10.2426,3.9971,6.08,10.616539624467325,致尚科技
2026-08-11,301486,155.13,153.11,160.3,151.55,52450.21,811831023.0,5.5313,-3.2113,-5.08,7.194409391556762,致尚科技
2026-08-12,301486,153.66,170.04,183.73,151.1,137711.81,2359049204.0,21.3115,11.0574,16.93,18.889440846705487,致尚科技
2026-08-13,301486,173.6,168.04,179.9,167.9,101685.05,1768748711.0,7.0572,-1.1762,-2.0,13.947777877360624,致尚科技
2026-08-14,301486,171.4,175.5,178.4,167.21,61264.77,1058988058.0,6.6591,4.4394,7.46,8.403471342813786,致尚科技
2026-08-17,301486,179.0,182.48,184.98,175.39,80889.41,1457514429.0,5.4644,3.9772,6.98,11.09531365044078,致尚科技
2026-08-18,301486,181.01,183.0,185.0,175.47,59352.35,1068265330.0,5.2225,0.285,0.52,8.141151470145955,致尚科技
2026-08-19,301486,175.91,163.5,177.99,161.74,71551.29,1212537538.0,8.8798,-10.6557,-19.5,9.814436829785839,致尚科技
2026-08-20,301486,166.13,175.0,176.0,161.11,58388.4,997131248.0,9.107,7.0336,11.5,8.008929865447115,致尚科技
2026-08-21,301486,171.0,173.1,183.6,168.01,59078.34,1039595258.0,8.9086,-1.0857,-1.9,8.103566489697249,致尚科技
2026-08-24,301486,174.53,168.0,174.99,163.5,42164.6,710714402.0,6.6378,-2.9463,-5.1,5.783568726059139,致尚科技
2026-06-25,301487,21.15,19.99,21.23,19.81,157920.0,320369954.0,,,,5.788983543787862,盟固利
2026-06-26,301487,19.99,18.18,20.13,18.17,190750.8,358358953.0,9.8049,-9.0545,-1.81,6.992485069429899,盟固利
2026-06-29,301487,18.14,17.9,18.52,17.42,162526.79,290228420.0,6.0506,-1.5402,-0.28,5.957857856729138,盟固利
2026-06-30,301487,17.91,19.14,19.53,17.79,212480.11,400255655.0,9.7207,6.9274,1.24,7.7890315360450515,盟固利
2026-07-01,301487,19.28,19.75,20.29,18.81,205760.16,399651337.0,7.7325,3.187,0.61,7.542693643662343,盟固利
2026-07-02,301487,19.54,19.32,20.13,19.28,121038.08,237908910.0,4.3038,-2.1772,-0.43,4.436977287814582,盟固利
2026-07-03,301487,19.51,19.84,20.19,19.09,155686.35,305132624.0,5.6936,2.6915,0.52,5.707103078409304,盟固利
2026-07-06,301487,19.84,19.33,20.39,19.09,130097.0,255203081.0,6.5524,-2.5706,-0.51,4.769056434246259,盟固利
2026-07-07,301487,19.31,18.8,19.75,18.7,101457.64,194339101.0,5.432,-2.7419,-0.53,3.7192034470083146,盟固利
2026-07-08,301487,18.82,17.85,18.9,17.85,119463.89,217123505.0,5.5851,-5.0532,-0.95,4.379271107439737,盟固利
2026-07-09,301487,17.91,17.56,18.09,16.78,141409.99,245184136.0,7.3389,-1.6246,-0.29,5.183764596233574,盟固利
2026-07-10,301487,17.56,17.28,17.85,17.26,112241.63,197421216.0,3.3599,-1.5945,-0.28,4.11451968717025,盟固利
2026-07-13,301487,17.13,16.12,17.37,16.11,140962.35,232582236.0,7.2917,-6.713,-1.16,5.167355144653399,盟固利
2026-07-14,301487,16.23,16.31,16.33,15.76,110513.9,177779405.0,3.536,1.1787,0.19,4.051185083965408,盟固利
2026-07-15,301487,16.22,15.99,16.54,15.86,108700.26,175852351.0,4.1692,-1.962,-0.32,3.9847012179930466,盟固利
2026-07-16,301487,15.87,15.76,16.13,15.6,106078.78,168251396.0,3.3146,-1.4384,-0.23,3.8886037979045907,盟固利
2026-07-17,301487,15.84,15.12,16.04,15.07,158811.56,246529134.0,6.1548,-4.0609,-0.64,5.82166608031458,盟固利
2026-07-20,301487,15.33,14.48,15.43,14.12,173560.88,256467796.0,8.664,-4.2328,-0.64,6.362342186963904,盟固利
2026-07-21,301487,14.45,15.22,15.24,14.09,184678.31,272501802.0,7.942,5.1105,0.74,6.769881569684354,盟固利
2026-07-22,301487,15.16,14.78,15.32,14.71,118689.4,178036263.0,4.0079,-2.8909,-0.44,4.3508800875256775,盟固利
2026-07-23,301487,14.8,15.42,15.46,14.77,137923.43,208896037.0,4.6685,4.3302,0.64,5.055955335440584,盟固利
2026-07-24,301487,15.18,14.81,15.47,14.78,92334.12,139302281.0,4.4747,-3.9559,-0.61,3.3847562133367126,盟固利
2026-07-27,301487,15.0,15.87,15.95,14.9,166001.0,259200988.0,7.0898,7.1573,1.06,6.085214394961555,盟固利
2026-07-28,301487,15.77,15.7,16.08,15.63,129323.47,204485403.0,2.8355,-1.0712,-0.17,4.740700605721525,盟固利
2026-07-29,301487,15.75,16.1,16.28,15.29,152450.91,242060757.0,6.3057,2.5478,0.4,5.5884992985403015,盟固利
2026-07-30,301487,16.0,15.95,16.21,15.82,122962.37,196732018.0,2.4224,-0.9317,-0.15,4.507517327983499,盟固利
2026-07-31,301487,16.0,15.97,16.33,15.93,134522.77,216725219.0,2.5078,0.1254,0.02,4.931294970838142,盟固利
2026-08-03,301487,15.87,16.06,16.11,15.63,117524.29,187545493.0,3.0056,0.5636,0.09,4.3081698379264965,盟固利
2026-08-04,301487,16.06,16.16,16.28,16.0,113957.01,184336226.0,1.7435,0.6227,0.1,4.177401567814519,盟固利
2026-08-05,301487,16.15,16.39,16.44,16.02,113692.9,185412998.0,2.599,1.4233,0.23,4.167719903403742,盟固利
2026-08-06,301487,16.23,16.16,16.37,15.93,109301.35,176870767.0,2.6846,-1.4033,-0.23,4.00673579321047,盟固利
2026-08-07,301487,16.17,16.37,16.42,15.81,120257.0,195178817.0,3.7748,1.2995,0.21,4.408344693675891,盟固利
2026-08-10,301487,16.54,16.65,16.68,16.35,120531.53,199056968.0,2.0159,1.7104,0.28,4.418408331291622,盟固利
2026-08-11,301487,16.57,16.42,16.57,16.25,93499.11,153553192.0,1.9219,-1.3814,-0.23,3.427462064012228,盟固利
2026-08-12,301487,16.4,16.71,17.0,16.3,118646.1,199081134.0,4.2631,1.7661,0.29,2.581415506292227,盟固利
2026-08-13,301487,16.8,16.42,16.96,16.42,88309.84,146982703.0,3.2316,-1.7355,-0.29,1.9213812365866687,盟固利
2026-08-14,301487,16.53,16.34,16.77,16.23,87041.88,143103672.0,3.2887,-0.4872,-0.08,1.8937938855877037,盟固利
2026-08-17,301487,16.34,16.76,16.81,16.14,98459.79,162886773.0,4.1004,2.5704,0.42,2.142216462675776,盟固利
2026-08-18,301487,16.68,16.61,16.87,16.42,90831.34,151037743.0,2.685,-0.895,-0.15,1.9762421987178795,盟固利
2026-08-19,301487,16.46,15.87,16.55,15.83,93826.14,151472247.0,4.3347,-4.4551,-0.74,2.0414008778337034,盟固利
2026-08-20,301487,16.03,15.97,16.12,15.85,76124.9,121569873.0,1.7013,0.6301,0.1,1.6562701789181875,盟固利
2026-08-21,301487,15.87,16.2,16.36,15.71,81768.63,131649771.0,4.0701,1.4402,0.23,1.7790623493757638,盟固利
2026-08-24,301487,16.25,16.74,17.25,16.12,195559.62,326841856.0,6.9753,3.3333,0.54,4.25484390530001,盟固利
2026-06-25,301488,129.09,127.54,130.68,124.5,21202.55,269460053.0,,,,9.055114243006619,豪恩汽电
2026-06-26,301488,126.13,124.41,128.99,123.7,17621.96,221541145.0,4.1477,-2.4541,-3.13,7.525927824044416,豪恩汽电
2026-06-29,301488,122.67,119.84,128.0,118.76,22440.0,275446206.0,7.4271,-3.6733,-4.57,9.583600256245996,豪恩汽电
2026-06-30,301488,121.69,126.82,127.83,120.65,19621.19,244364216.0,5.9913,5.8244,6.98,8.379752295537049,豪恩汽电
2026-07-01,301488,127.0,129.48,134.5,127.0,24456.68,321418497.0,5.9139,2.0975,2.66,10.444877215460176,豪恩汽电
2026-07-02,301488,130.0,132.23,136.63,128.99,29533.66,392518488.0,5.9005,2.1239,2.75,12.614273051542419,豪恩汽电
2026-07-03,301488,131.01,137.5,141.5,129.23,36543.36,499193218.0,9.2793,3.9855,5.27,15.608221983350967,豪恩汽电
2026-07-06,301488,135.73,126.0,135.73,125.88,26539.49,342060014.0,7.1636,-8.3636,-11.5,6.38691781998995,豪恩汽电
2026-07-07,301488,124.62,121.3,128.59,120.47,16796.45,207753952.0,6.4444,-3.7302,-4.7,4.042185656829509,豪恩汽电
2026-07-08,301488,121.3,116.7,121.94,115.42,15467.51,181648724.0,5.3751,-3.7923,-4.6,3.7223667542169325,豪恩汽电
2026-07-09,301488,117.0,117.3,117.64,113.98,12418.95,143951096.0,3.1362,0.5141,0.6,2.9887090166602364,豪恩汽电
2026-07-10,301488,117.0,117.03,121.72,116.49,14452.26,172169479.0,4.4587,-0.2302,-0.27,3.478039590554602,豪恩汽电
2026-07-13,301488,114.95,106.32,115.78,106.25,16705.21,183800922.0,8.1432,-9.1515,-10.71,4.020228099171247,豪恩汽电
2026-07-14,301488,106.5,106.65,108.64,103.0,12177.47,128738588.0,5.3047,0.3104,0.33,2.9305951299513673,豪恩汽电
2026-07-15,301488,108.0,106.22,109.99,105.0,9370.88,99997328.0,4.6789,-0.4032,-0.43,2.25516920110324,豪恩汽电
2026-07-16,301488,104.94,107.67,109.2,103.4,11650.08,125072508.0,5.4604,1.3651,1.45,2.8036749597037667,豪恩汽电
2026-07-17,301488,107.63,99.0,109.8,97.76,16767.02,171442946.0,11.1823,-8.0524,-8.67,4.0351031171332945,豪恩汽电
2026-07-20,301488,100.98,97.0,101.8,94.05,19744.62,193884557.0,7.8283,-2.0202,-2.0,4.751683823876418,豪恩汽电
2026-07-21,301488,98.01,99.54,100.0,91.22,18839.15,181812282.0,9.0515,2.6186,2.54,4.533776001289537,豪恩汽电
2026-07-22,301488,99.9,96.15,100.29,95.87,13780.39,134641743.0,4.4404,-3.4057,-3.39,3.3163492763957145,豪恩汽电
2026-07-23,301488,95.29,96.06,97.09,94.68,10413.13,99833234.0,2.5065,-0.0936,-0.09,2.505994107606135,豪恩汽电
2026-07-24,301488,94.9,93.67,96.33,93.29,9674.01,91407011.0,3.1647,-2.488,-2.39,2.3281196006313976,豪恩汽电
2026-07-27,301488,94.23,98.26,98.55,92.89,11718.24,112581075.0,6.0425,4.9002,4.59,2.8200781505190577,豪恩汽电
2026-07-28,301488,97.0,96.0,99.14,95.5,9019.99,87285462.0,3.7045,-2.3,-2.26,2.1707250164615504,豪恩汽电
2026-07-29,301488,96.99,97.38,97.88,94.28,11496.27,110674441.0,3.75,1.4375,1.38,2.7666594846553516,豪恩汽电
2026-07-30,301488,96.7,94.11,101.0,93.59,13283.17,127968619.0,7.6094,-3.358,-3.27,3.1966897321295886,豪恩汽电
2026-07-31,301488,95.5,98.46,101.67,95.1,16717.49,165752753.0,6.9812,4.6223,4.35,4.0231833688779925,豪恩汽电
2026-08-03,301488,97.61,99.41,100.84,97.61,9557.02,94771300.0,3.2805,0.9649,0.95,2.2999651215603745,豪恩汽电
2026-08-04,301488,100.0,102.14,103.0,99.57,11351.89,114932992.0,3.4504,2.7462,2.73,2.7319134064582897,豪恩汽电
2026-08-05,301488,112.56,113.0,118.0,108.15,39582.47,439978049.0,9.6436,10.6325,10.86,9.525804113124163,豪恩汽电
2026-08-06,301488,108.51,109.73,112.41,107.5,35986.97,394979655.0,4.3451,-2.8938,-3.27,8.660521358189012,豪恩汽电
2026-08-07,301488,108.45,106.75,109.08,103.72,26566.92,281641274.0,4.8847,-2.7158,-2.98,6.393519045401678,豪恩汽电
2026-08-10,301488,106.03,103.54,106.73,102.5,16557.04,171515400.0,3.9625,-3.007,-3.21,3.9845699304050832,豪恩汽电
2026-08-11,301488,102.52,104.97,105.19,101.79,18107.49,187963692.0,3.2838,1.3811,1.43,4.357696796595933,豪恩汽电
2026-08-12,301488,103.27,103.86,104.5,101.9,14756.78,152834493.0,2.4769,-1.0574,-1.11,3.551324503510478,豪恩汽电
2026-08-13,301488,103.36,102.95,107.58,102.65,17683.43,186335097.0,4.7468,-0.8762,-0.91,4.255643728856315,豪恩汽电
2026-08-14,301488,103.9,103.2,104.75,102.0,11755.49,121411447.0,2.6712,0.2428,0.25,2.829042629067614,豪恩汽电
2026-08-17,301488,103.3,106.6,106.71,102.11,16547.95,173020480.0,4.4574,3.2946,3.4,3.9823823569820926,豪恩汽电
2026-08-18,301488,106.47,106.04,107.02,104.58,11772.35,124559850.0,2.2889,-0.5253,-0.56,2.833100108485833,豪恩汽电
2026-08-19,301488,104.0,96.16,104.4,96.0,17935.86,178475043.0,7.9215,-9.3172,-9.88,4.316392811272746,豪恩汽电
2026-08-20,301488,97.43,96.44,97.94,95.75,10502.95,101492850.0,2.2775,0.2912,0.28,2.527609932122412,豪恩汽电
2026-08-21,301488,95.97,97.32,98.0,94.6,9066.22,87768542.0,3.5255,0.9125,0.88,2.18185059614745,豪恩汽电
2026-08-24,301488,97.58,96.8,100.79,95.23,9778.65,95501035.0,5.7131,-0.5343,-0.52,2.353301963995718,豪恩汽电
2026-06-25,301489,171.73,176.65,182.98,171.04,107648.36,1920133626.0,,,,15.470994031180888,思泉新材
2026-06-26,301489,176.0,170.32,185.0,170.22,90827.44,1604374524.0,8.3668,-3.5834,-6.33,13.053527077490454,思泉新材
2026-06-29,301489,170.3,154.45,170.3,152.2,109669.27,1753692650.0,10.6271,-9.3178,-15.87,15.761434931047393,思泉新材
2026-06-30,301489,152.51,164.58,165.7,149.8,78196.49,1243159623.0,10.2946,6.5588,10.13,11.238233727381411,思泉新材
2026-07-01,301489,166.41,167.44,181.39,165.15,89316.01,1547135025.0,9.8675,1.7378,2.86,12.83630756287316,思泉新材
2026-07-02,301489,164.08,163.52,178.0,158.0,90417.85,1522779519.0,11.9446,-2.3411,-3.92,12.994661671224799,思泉新材
2026-07-03,301489,163.75,166.24,174.76,163.0,74960.72,1273041469.0,7.1918,1.6634,2.72,10.773195724421829,思泉新材
2026-07-06,301489,167.42,176.57,185.0,164.68,109075.75,1952181347.0,12.2233,6.2139,10.33,15.676135495204747,思泉新材
2026-07-07,301489,176.57,169.19,185.0,165.6,67956.08,1179739886.0,10.9871,-4.1796,-7.38,9.766503716939589,思泉新材
2026-07-08,301489,171.36,159.01,175.0,159.0,61693.19,1018410220.0,9.4568,-6.0169,-10.18,8.866414446578736,思泉新材
2026-07-09,301489,161.92,162.22,163.57,149.5,70925.23,1114682526.0,8.8485,2.0187,3.21,10.193223658866067,思泉新材
2026-07-10,301489,162.42,154.0,165.98,153.9,53542.53,857322587.0,7.4467,-5.0672,-8.22,7.695018874828411,思泉新材
2026-07-13,301489,152.5,136.68,156.5,135.72,71087.41,1031189638.0,13.4935,-11.2468,-17.32,10.216531530904224,思泉新材
2026-07-14,301489,138.02,145.34,146.0,133.36,66061.97,923496090.0,9.2479,6.336,8.66,9.494285971294337,思泉新材
2026-07-15,301489,146.5,140.5,150.53,138.32,45708.5,650094616.0,8.401,-3.3301,-4.84,6.569128506444892,思泉新材
2026-07-16,301489,139.0,136.6,144.4,133.02,54459.01,758592533.0,8.0996,-2.7758,-3.9,7.826733212067065,思泉新材
2026-07-17,301489,135.24,116.62,137.66,116.01,75627.05,935418943.0,15.8492,-14.6266,-19.98,10.86895894665835,思泉新材
2026-07-20,301489,122.0,112.47,127.96,108.35,102455.72,1219421674.0,16.8153,-3.5586,-4.15,14.724718398117112,思泉新材
2026-07-21,301489,114.72,120.0,120.9,96.06,94763.91,1035011511.0,22.0859,6.6951,7.53,13.619267807151363,思泉新材
2026-07-22,301489,118.04,113.0,121.45,111.88,83702.41,981158754.0,7.975,-5.8333,-7.0,12.02953252872306,思泉新材
2026-07-23,301489,113.82,108.18,116.76,107.34,52572.64,583289158.0,8.3363,-4.2655,-4.82,7.555628123501426,思泉新材
2026-07-24,301489,106.0,106.51,110.5,103.71,45746.25,490610812.0,6.2766,-1.5437,-1.67,6.574553856240188,思泉新材
2026-07-27,301489,106.7,110.6,111.0,102.8,44525.48,480422910.0,7.6988,3.84,4.09,6.39910738552221,思泉新材
2026-07-28,301489,108.3,100.63,109.67,99.84,48461.84,504619438.0,8.8879,-9.0145,-9.97,6.964832681421865,思泉新材
2026-07-29,301489,100.29,95.3,101.06,90.44,76353.31,725118906.0,10.5535,-5.2966,-5.33,10.973335490826077,思泉新材
2026-07-30,301489,94.95,86.02,96.88,83.96,70595.66,626947397.0,13.5572,-9.7377,-9.28,10.14585826569,思泉新材
2026-07-31,301489,92.8,89.06,95.98,88.84,60563.58,559059620.0,8.3004,3.5341,3.04,8.704069042527227,思泉新材
2026-08-03,301489,89.39,84.74,89.95,83.33,52886.23,452083330.0,7.4332,-4.8507,-4.32,7.600696612039358,思泉新材
2026-08-04,301489,85.42,89.45,90.25,84.0,54051.79,476954188.0,7.3755,5.5582,4.71,7.768208418858044,思泉新材
2026-08-05,301489,88.97,96.7,97.77,88.53,64106.06,602645163.0,10.3298,8.1051,7.25,9.213186741675324,思泉新材
2026-08-06,301489,95.0,98.05,99.92,93.0,58033.86,563145256.0,7.1562,1.3961,1.35,8.340503058840957,思泉新材
2026-08-07,301489,99.0,102.5,103.1,95.37,61972.69,622358563.0,7.8837,4.5385,4.45,8.906583337892783,思泉新材
2026-08-10,301489,104.03,99.8,104.96,97.34,56435.27,562945792.0,7.4341,-2.6341,-2.7,8.110757100449899,思泉新材
2026-08-11,301489,98.0,99.02,100.8,96.77,39458.82,390797960.0,4.0381,-0.7816,-0.78,5.670937775089487,思泉新材
2026-08-12,301489,99.5,103.4,104.35,97.63,53728.39,546995939.0,6.7865,4.4233,4.38,7.721730057962713,思泉新材
2026-08-13,301489,104.8,104.21,108.32,103.7,64666.3,687751960.0,4.4681,0.7834,0.81,9.293703244173782,思泉新材
2026-08-14,301489,107.75,119.8,121.0,107.6,137287.01,1586004624.0,12.8587,14.9602,15.59,19.73059739338602,思泉新材
2026-08-17,301489,120.0,119.6,120.0,114.5,100933.28,1190194916.0,4.591,-0.1669,-0.2,14.505916555935636,思泉新材
2026-08-18,301489,120.55,118.23,120.8,114.0,75870.81,889398434.0,5.6856,-1.1455,-1.37,10.903991615959049,思泉新材
2026-08-19,301489,114.85,102.26,115.2,101.61,85978.46,923910866.0,11.4945,-13.5076,-15.97,12.35664159896369,思泉新材
2026-08-20,301489,104.5,102.05,106.79,100.73,54972.47,569363510.0,5.9261,-0.2054,-0.21,7.900526592355614,思泉新材
2026-08-21,301489,101.9,105.25,108.8,99.8,53217.29,559478997.0,8.8192,3.1357,3.2,7.648275851860041,思泉新材
2026-08-24,301489,105.84,113.99,121.0,105.0,122348.55,1413268361.0,15.2019,8.304,8.74,17.583673660855162,思泉新材
2026-06-25,301491,43.08,40.91,43.08,40.86,5865.25,24350923.0,,,,2.05197413188401,汉桑科技
2026-06-26,301491,40.88,38.87,41.09,38.83,8159.58,32480054.0,5.5243,-4.9866,-2.04,2.854651905210883,汉桑科技
2026-06-29,301491,38.81,39.0,39.31,37.73,6740.35,26125212.0,4.0648,0.3344,0.13,2.3581303166692615,汉桑科技
2026-06-30,301491,39.31,39.09,39.41,38.42,5207.23,20354474.0,2.5385,0.2308,0.09,1.8217639928000295,汉桑科技
2026-07-01,301491,38.86,39.76,40.17,38.86,6682.77,26612958.0,3.3512,1.714,0.67,2.3379857924778156,汉桑科技
2026-07-02,301491,39.31,39.68,40.81,39.28,7226.45,29158421.0,3.8481,-0.2012,-0.08,2.528193762474439,汉桑科技
2026-07-03,301491,39.82,40.52,40.77,39.79,5512.89,22398347.0,2.4698,2.1169,0.84,1.928699999475221,汉桑科技
2026-07-06,301491,40.62,39.72,40.92,39.63,4272.47,17217463.0,3.1836,-1.9743,-0.8,1.4947355900005075,汉桑科技
2026-07-07,301491,39.77,38.47,39.91,38.25,3815.47,14887533.0,4.1793,-3.147,-1.25,1.3348528606588779,汉桑科技
2026-07-08,301491,38.45,37.94,38.67,37.63,3569.22,13654468.0,2.7034,-1.3777,-0.53,1.2487016087980984,汉桑科技
2026-07-09,301491,37.93,37.93,38.35,37.15,5948.77,22497025.0,3.1629,-0.0264,-0.01,2.081193837692791,汉桑科技
2026-07-10,301491,37.72,38.25,39.12,37.1,6306.08,24258741.0,5.3256,0.8437,0.32,2.2061997414587817,汉桑科技
2026-07-13,301491,37.84,37.23,38.26,37.14,4893.89,18475498.0,2.9281,-2.6667,-1.02,1.71214111662518,汉桑科技
2026-07-14,301491,37.2,38.1,38.41,36.95,5129.64,19479733.0,3.9216,2.3368,0.87,1.7946189140918962,汉桑科技
2026-07-15,301491,37.96,38.32,38.75,37.96,5245.45,20177336.0,2.0735,0.5774,0.22,1.8351353667944215,汉桑科技
2026-07-16,301491,38.0,39.16,39.78,37.88,8863.05,34804416.0,4.9582,2.1921,0.84,3.1007628540291674,汉桑科技
2026-07-17,301491,39.13,37.65,39.6,37.4,8871.46,34097760.0,5.618,-3.856,-1.51,3.1037051160724127,汉桑科技
2026-07-20,301491,37.1,37.3,38.55,36.81,7354.35,27703045.0,4.6215,-0.9296,-0.35,2.5729399355221294,汉桑科技
2026-07-21,301491,37.3,38.21,38.49,37.1,7467.14,28303357.0,3.7265,2.4397,0.91,2.6123998327703624,汉桑科技
2026-07-22,301491,38.23,37.19,38.3,36.92,7151.0,26706012.0,3.6116,-2.6695,-1.02,2.501797368757096,汉桑科技
2026-07-23,301491,37.0,37.37,37.5,36.64,4596.82,17026405.0,2.3124,0.484,0.18,1.6082103454971322,汉桑科技
2026-07-24,301491,37.26,36.38,37.27,36.36,4386.04,16112048.0,2.4351,-2.6492,-0.99,1.5344683724322994,汉桑科技
2026-07-27,301491,36.69,37.11,37.19,36.15,4516.57,16602927.0,2.8587,2.0066,0.73,1.5801346583425024,汉桑科技
2026-07-28,301491,36.64,37.3,37.55,36.45,5094.02,18940490.0,2.9642,0.512,0.19,1.7821571573760342,汉桑科技
2026-07-29,301491,36.98,37.84,37.9,36.98,7225.78,27167318.0,2.4665,1.4477,0.54,2.527959361098818,汉桑科技
2026-07-30,301491,37.76,38.4,38.77,37.55,8817.19,33761318.0,3.2241,1.4799,0.56,3.084718604647095,汉桑科技
2026-07-31,301491,38.6,40.2,41.29,38.45,19636.01,77930067.0,7.3958,4.6875,1.8,6.869713068226544,汉桑科技
2026-08-03,301491,39.16,39.52,39.71,39.01,10704.56,42146220.0,1.7413,-1.6915,-0.68,3.7450202827160473,汉桑科技
2026-08-04,301491,39.65,39.45,39.69,39.25,8903.03,35135179.0,1.1134,-0.1771,-0.07,3.1147499689505644,汉桑科技
2026-08-05,301491,39.42,39.54,39.6,39.06,8752.33,34473389.0,1.3688,0.2281,0.09,3.0620271520757645,汉桑科技
2026-08-06,301491,39.34,39.8,40.76,39.1,11740.71,47014975.0,4.1983,0.6576,0.26,3.0693992602515396,汉桑科技
2026-08-07,301491,39.64,39.15,40.24,38.56,9136.16,35605013.0,4.2211,-1.6332,-0.65,2.388486109063226,汉桑科技
2026-08-10,301491,39.0,39.87,39.94,38.81,6814.0,27003022.0,2.8863,1.8391,0.72,1.781398787582181,汉桑科技
2026-08-11,301491,39.8,40.68,41.02,39.53,15383.81,62141217.0,3.7371,2.0316,0.81,4.0218227887283,汉桑科技
2026-08-12,301491,40.18,40.09,40.68,39.82,9012.63,36088964.0,2.1141,-1.4503,-0.59,2.3561913934439085,汉桑科技
2026-08-13,301491,40.06,39.47,40.88,39.46,7664.98,30697948.0,3.542,-1.5465,-0.62,2.003872333261178,汉桑科技
2026-08-14,301491,39.39,40.33,40.8,39.39,9559.98,38337916.0,3.5723,2.1789,0.86,2.499286290183431,汉桑科技
2026-08-17,301491,39.99,41.17,41.24,39.7,10918.24,44505366.0,3.8185,2.0828,0.84,2.854379145660592,汉桑科技
2026-08-18,301491,41.19,40.68,41.19,40.26,7883.45,32025005.0,2.2589,-1.1902,-0.49,2.0609874188383834,汉桑科技
2026-08-19,301491,40.41,39.31,40.96,39.24,7984.96,31848018.0,4.2281,-3.3677,-1.37,2.0875253981350474,汉桑科技
2026-08-20,301491,39.41,39.84,40.19,39.41,5912.0,23643475.0,1.9842,1.3483,0.53,1.5455869727305334,汉桑科技
2026-08-21,301491,39.63,39.21,39.7,38.85,5456.99,21376113.0,2.1335,-1.5813,-0.63,1.426632722314072,汉桑科技
2026-08-24,301491,39.59,38.5,39.76,38.22,5045.0,19488158.0,3.9276,-1.8108,-0.71,1.318925283732331,汉桑科技
2026-06-25,301498,39.78,39.5,39.99,38.83,38426.31,151412757.0,,,,2.1426199193661892,乖宝宠物
2026-06-26,301498,39.56,38.43,39.69,38.43,39042.0,152112771.0,3.1899,-2.7089,-1.07,2.1769502950425053,乖宝宠物
2026-06-29,301498,38.42,40.8,41.23,37.21,66489.9,264443142.0,10.4606,6.1671,2.37,3.707422965584413,乖宝宠物
2026-06-30,301498,40.6,40.59,40.75,39.54,32101.0,128909878.0,2.9657,-0.5147,-0.21,1.7899257574191756,乖宝宠物
2026-07-01,301498,40.41,41.57,41.88,40.19,45836.67,189301520.0,4.1636,2.4144,0.98,2.5558155903966484,乖宝宠物
2026-07-02,301498,41.76,40.89,42.25,40.82,35049.0,144520098.0,3.44,-1.6358,-0.68,1.9543038494683869,乖宝宠物
2026-07-03,301498,40.95,40.92,41.49,40.41,28950.0,118436491.0,2.6412,0.0734,0.03,1.614228549804839,乖宝宠物
2026-07-06,301498,40.7,40.65,41.35,40.44,26228.91,107060069.0,2.2239,-0.6598,-0.27,1.4625027755530788,乖宝宠物
2026-07-07,301498,40.82,39.39,40.89,39.39,28011.06,111819580.0,3.69,-3.0996,-1.26,1.5618740159687852,乖宝宠物
2026-07-08,301498,39.59,38.9,39.91,38.77,28853.64,113048320.0,2.8941,-1.244,-0.49,1.6088555942587526,乖宝宠物
2026-07-09,301498,38.2,37.64,38.58,37.01,47476.0,178617959.0,4.036,-3.2391,-1.26,2.647223303299984,乖宝宠物
2026-07-10,301498,37.4,39.06,39.8,37.0,54753.94,211476763.0,7.4389,3.7726,1.42,3.0530353423938226,乖宝宠物
2026-07-13,301498,38.84,37.65,39.1,37.47,31879.0,121182714.0,4.1731,-3.6098,-1.41,1.7775472172445066,乖宝宠物
2026-07-14,301498,37.47,37.01,37.86,37.01,31689.0,118220046.0,2.2576,-1.6999,-0.64,1.766952971149069,乖宝宠物
2026-07-15,301498,37.02,40.3,40.9,36.54,87980.77,349343976.0,11.7806,8.8895,3.29,4.905736468663664,乖宝宠物
2026-07-16,301498,40.01,41.0,41.46,39.65,79017.44,321573364.0,4.4913,1.737,0.7,4.405948448376195,乖宝宠物
2026-07-17,301498,40.94,39.91,42.09,39.73,65843.0,267385271.0,5.7561,-2.6585,-1.09,3.671352345588947,乖宝宠物
2026-07-20,301498,39.51,41.97,41.99,39.37,76990.2,315728239.0,6.5648,5.1616,2.06,4.292911188089275,乖宝宠物
2026-07-21,301498,41.59,41.15,43.2,40.89,98879.07,415703709.0,5.5039,-1.9538,-0.82,5.513416848778969,乖宝宠物
2026-07-22,301498,40.46,41.23,41.87,39.75,84088.77,343176018.0,5.1519,0.1944,0.08,4.688721701277121,乖宝宠物
2026-07-23,301498,40.37,39.56,40.6,39.01,64152.07,254058761.0,3.8564,-4.0504,-1.67,3.57706745848285,乖宝宠物
2026-07-24,301498,39.3,37.64,39.62,37.64,41776.64,160406412.0,5.0051,-4.8534,-1.92,2.32943160631844,乖宝宠物
2026-07-27,301498,37.48,39.28,39.75,37.1,49154.58,191642893.0,7.0404,4.3571,1.64,2.740819564409877,乖宝宠物
2026-07-28,301498,39.2,40.85,40.96,38.92,64779.97,261156826.0,5.1935,3.9969,1.57,3.612078653868773,乖宝宠物
2026-07-29,301498,40.76,41.2,41.98,40.6,79039.75,327446112.0,3.3782,0.8568,0.35,4.407192435904561,乖宝宠物
2026-07-30,301498,40.98,43.75,45.6,40.9,149905.77,658173776.0,11.4078,6.1893,2.55,8.358624307926691,乖宝宠物
2026-07-31,301498,41.0,44.46,45.7,40.99,142365.0,625932130.0,10.7657,1.6229,0.71,7.9381570809314645,乖宝宠物
2026-08-03,301498,44.23,43.6,44.8,43.06,72754.38,318604887.0,3.9136,-1.9343,-0.86,4.056725296005188,乖宝宠物
2026-08-04,301498,43.6,43.16,44.19,42.87,65047.95,281730794.0,3.0275,-1.0092,-0.44,3.627021001598538,乖宝宠物
2026-08-05,301498,43.15,43.05,43.99,42.7,79252.3,341687443.0,2.9889,-0.2549,-0.11,4.419044051733956,乖宝宠物
2026-08-06,301498,43.29,42.18,43.49,41.61,82957.37,351247971.0,4.367,-2.0209,-0.87,4.625635753738289,乖宝宠物
2026-08-07,301498,42.02,42.89,43.13,41.81,87887.21,374262275.0,3.1294,1.6833,0.71,4.90051963884951,乖宝宠物
2026-08-10,301498,42.85,43.76,44.18,42.5,92097.51,400954590.0,3.917,2.0284,0.87,5.135282556405412,乖宝宠物
2026-08-11,301498,43.54,42.93,44.46,42.92,67313.28,292992615.0,3.5192,-1.8967,-0.83,3.7533339674268418,乖宝宠物
2026-08-12,301498,42.8,43.78,45.08,42.62,89814.84,395264806.0,5.7303,1.98,0.85,5.008002726222924,乖宝宠物
2026-08-13,301498,43.79,42.55,43.95,42.51,62260.3,269055002.0,3.2892,-2.8095,-1.23,3.471583895661976,乖宝宠物
2026-08-14,301498,42.35,41.08,42.5,40.77,65706.46,272098743.0,4.0658,-3.4548,-1.47,3.6637389857896254,乖宝宠物
2026-08-17,301498,40.96,40.69,41.03,40.17,43829.9,177550006.0,2.0935,-0.9494,-0.39,2.4439197207285357,乖宝宠物
2026-08-18,301498,40.49,40.93,41.6,40.05,61674.29,251357037.0,3.8093,0.5898,0.24,3.438908452744148,乖宝宠物
2026-08-19,301498,40.9,39.25,41.06,39.22,49474.01,197400757.0,4.4955,-4.1046,-1.68,2.758630722463907,乖宝宠物
2026-08-20,301498,39.7,39.3,39.9,38.98,34994.99,137661213.0,2.3439,0.1274,0.05,1.8462438794584262,乖宝宠物
2026-08-21,301498,39.2,38.41,39.2,38.22,33898.12,130324216.0,2.4936,-2.2646,-0.89,1.788375895382375,乖宝宠物
2026-08-24,301498,38.43,37.77,38.48,37.5,29582.65,111847986.0,2.5514,-1.6662,-0.64,1.560703017793713,乖宝宠物
2026-06-25,301499,36.03,34.1,36.35,33.7,63262.92,218768867.0,,,,18.30327450025123,维科精密
2026-06-26,301499,30.6,29.9,31.87,29.36,72487.81,220667542.0,7.3607,-12.3167,-4.2,20.972226453537967,维科精密
2026-06-29,301499,29.1,27.45,29.46,26.7,55906.41,154601198.0,9.2308,-8.194,-2.45,16.174883621457727,维科精密
2026-06-30,301499,27.55,29.18,29.56,26.96,45975.65,129748205.0,9.4718,6.3024,1.73,13.30170884109484,维科精密
2026-07-01,301499,29.18,27.78,29.53,27.7,35880.98,101813241.0,6.2714,-4.7978,-1.4,10.381111499090217,维科精密
2026-07-02,301499,27.86,28.95,30.76,27.6,55343.52,162815387.0,11.3751,4.2117,1.17,16.012027873043863,维科精密
2026-07-03,301499,29.6,34.74,34.74,29.06,89446.97,292465316.0,19.62,20.0,5.79,25.878863086397796,维科精密
2026-07-06,301499,35.37,33.17,35.94,32.77,73077.85,248146382.0,9.1249,-4.5193,-1.57,21.142937259901764,维科精密
2026-07-07,301499,33.88,32.39,36.0,32.36,74269.76,251916826.0,10.9738,-2.3515,-0.78,21.487781536922085,维科精密
2026-07-08,301499,31.9,29.15,33.75,29.15,63591.18,194174042.0,14.2019,-10.0031,-3.24,18.398246924658014,维科精密
2026-07-09,301499,29.69,28.75,30.47,27.9,41887.41,120820066.0,8.8165,-1.3722,-0.4,12.118896240239438,维科精密
2026-07-10,301499,28.75,28.53,30.04,28.41,41551.74,121439717.0,5.6696,-0.7652,-0.22,12.021779949187756,维科精密
2026-07-13,301499,28.69,27.22,28.69,27.02,34786.44,96120087.0,5.8535,-4.5917,-1.31,10.064438382017768,维科精密
2026-07-14,301499,27.22,27.21,27.44,26.15,31955.81,85755953.0,4.7392,-0.0367,-0.01,9.245478430459316,维科精密
2026-07-15,301499,26.81,25.85,27.0,25.48,30747.53,79872890.0,5.5862,-4.9982,-1.36,8.895897973010253,维科精密
2026-07-16,301499,25.7,25.33,26.26,25.0,27115.22,69378587.0,4.8743,-2.0116,-0.52,7.844995374774073,维科精密
2026-07-17,301499,25.27,23.05,25.5,22.8,35101.89,84416689.0,10.6593,-9.0012,-2.28,10.155704607811712,维科精密
2026-07-20,301499,23.7,22.66,24.35,21.82,46289.16,107254638.0,10.9761,-1.692,-0.39,13.392413784663265,维科精密
2026-07-21,301499,22.45,23.04,23.2,21.35,42367.95,95171732.0,8.1642,1.677,0.38,3.064481650866451,维科精密
2026-07-22,301499,22.83,22.05,23.07,21.9,27284.05,61096992.0,5.0781,-4.2969,-0.99,1.9734603771559116,维科精密
2026-07-23,301499,22.2,22.34,22.45,21.6,24457.01,53966334.0,3.8549,1.3152,0.29,1.7689800516677654,维科精密
2026-07-24,301499,22.0,22.2,22.33,21.68,18662.62,41189148.0,2.9096,-0.6267,-0.14,1.3498707524695732,维科精密
2026-07-27,301499,21.98,22.96,22.96,21.87,23253.54,52281263.0,4.9099,3.4234,0.76,1.6819328442298733,维科精密
2026-07-28,301499,22.69,22.26,23.03,22.04,18005.5,40528719.0,4.3118,-3.0488,-0.7,1.302341141468395,维科精密
2026-07-29,301499,22.21,22.56,22.69,21.89,23601.66,52592161.0,3.5939,1.3477,0.3,1.7071124281441203,维科精密
2026-07-30,301499,22.49,21.51,22.65,21.4,25848.8,56800850.0,5.5408,-4.6543,-1.05,1.8696484794972785,维科精密
2026-07-31,301499,22.1,22.57,22.99,22.1,30560.15,69159246.0,4.1376,4.9279,1.06,2.210421295406702,维科精密
2026-08-03,301499,22.57,23.21,23.23,22.39,19551.14,44925635.0,3.7218,2.8356,0.64,1.4141375682212878,维科精密
2026-08-04,301499,23.23,23.8,23.8,23.11,18441.49,43439717.0,2.9729,2.542,0.59,1.3338763787163916,维科精密
2026-08-05,301499,23.9,24.3,24.6,23.77,21556.37,52350404.0,3.4874,2.1008,0.5,1.5591762245822147,维科精密
2026-08-06,301499,24.26,24.31,24.53,23.8,18894.8,45707524.0,3.0041,0.0412,0.01,1.3666643747642127,维科精密
2026-08-07,301499,24.26,24.42,24.51,23.63,18465.8,44685636.0,3.6199,0.4525,0.11,1.3356347255075998,维科精密
2026-08-10,301499,24.5,24.71,24.8,23.92,18596.23,45464977.0,3.6036,1.1876,0.29,1.3450687515041966,维科精密
2026-08-11,301499,24.83,25.27,25.48,24.31,25451.91,63726267.0,4.7349,2.2663,0.56,1.840941352472903,维科精密
2026-08-12,301499,25.07,25.76,26.06,24.99,19801.87,50828835.0,4.2343,1.9391,0.49,1.4322729154429905,维科精密
2026-08-13,301499,25.98,25.08,25.98,25.08,17088.0,43523094.0,3.4938,-2.6398,-0.68,1.2359781969627022,维科精密
2026-08-14,301499,25.19,25.04,25.53,24.71,12926.49,32395800.0,3.2695,-0.1595,-0.04,0.9349754098347614,维科精密
2026-08-17,301499,25.08,25.66,25.75,24.77,14592.06,37030220.0,3.9137,2.476,0.62,1.0554463956444036,维科精密
2026-08-18,301499,25.4,25.49,25.79,25.12,13386.35,33962660.0,2.6111,-0.6625,-0.17,0.9682371685926773,维科精密
2026-08-19,301499,25.35,24.09,25.35,24.05,17615.0,43164238.0,5.1,-5.4923,-1.4,1.2740962043245552,维科精密
2026-08-20,301499,24.45,24.65,25.06,24.37,15465.14,38212853.0,2.8643,2.3246,0.56,1.1185964333436191,维科精密
2026-08-21,301499,24.69,24.64,24.78,23.83,12360.44,30179378.0,3.854,-0.0406,-0.01,0.8940329087585244,维科精密
2026-08-24,301499,24.7,24.25,24.77,23.84,12145.0,29409549.0,3.7744,-1.5828,-0.39,0.8784500937565554,维科精密
2026-06-25,301500,27.17,27.44,28.48,26.84,135640.58,375830360.0,,,,9.416171537642574,飞南资源
2026-06-26,301500,27.41,26.45,28.02,26.44,153576.2,416845974.0,5.758,-3.6079,-0.99,10.661262605182783,飞南资源
2026-06-29,301500,26.65,25.86,27.46,25.5,137979.32,362260990.0,7.4102,-2.2306,-0.59,9.578526911100475,飞南资源
2026-06-30,301500,25.6,25.99,26.29,25.16,98916.33,255394582.0,4.3697,0.5027,0.13,6.8667734328035195,飞南资源
2026-07-01,301500,26.11,28.85,29.33,25.94,258519.98,723615149.0,13.0435,11.0042,2.86,17.94646172692514,飞南资源
2026-07-02,301500,28.42,29.2,29.92,27.87,262405.82,767098513.0,7.1057,1.2132,0.35,18.216216810601672,飞南资源
2026-07-03,301500,29.72,28.9,29.72,27.65,225390.27,650116058.0,7.089,-1.0274,-0.3,15.646596654449391,飞南资源
2026-07-06,301500,28.71,28.32,30.38,28.26,201378.54,590872570.0,7.3356,-2.0069,-0.58,13.9797019198828,飞南资源
2026-07-07,301500,28.74,27.8,28.77,27.6,134636.8,377790066.0,4.1314,-1.8362,-0.52,9.346489111733936,飞南资源
2026-07-08,301500,27.74,26.72,28.3,26.53,131833.07,362787947.0,6.3669,-3.8849,-1.08,9.15185412399476,飞南资源
2026-07-09,301500,26.48,25.79,27.51,24.72,167609.13,434284866.0,10.4416,-3.4805,-0.93,11.63542886173912,飞南资源
2026-07-10,301500,25.72,26.29,27.06,25.66,121391.8,320382415.0,5.4285,1.9387,0.5,8.427020970149197,飞南资源
2026-07-13,301500,25.8,23.99,25.89,23.91,120353.42,296290179.0,7.5314,-8.7486,-2.3,8.354936611609464,飞南资源
2026-07-14,301500,23.98,25.24,25.26,23.48,101544.37,246750792.0,7.4198,5.2105,1.25,7.049212017538162,飞南资源
2026-07-15,301500,25.34,23.16,25.34,23.03,120679.07,286556855.0,9.1521,-8.2409,-2.08,8.37754324054922,飞南资源
2026-07-16,301500,22.9,22.2,23.05,21.95,94412.85,212709676.0,4.7496,-4.1451,-0.96,6.554141769061425,飞南资源
2026-07-17,301500,22.03,20.43,22.13,20.43,101530.24,215239517.0,7.6577,-7.973,-1.77,7.048231112680435,飞南资源
2026-07-20,301500,20.71,19.64,20.97,19.0,112084.02,225283726.0,9.6427,-3.8669,-0.79,7.780874712778145,飞南资源
2026-07-21,301500,19.77,20.83,20.9,18.62,129099.44,257877987.0,11.609,6.0591,1.19,8.962085479534188,飞南资源
2026-07-22,301500,21.46,21.2,21.99,21.02,203514.3,438854146.0,4.6567,1.7763,0.37,14.12796641803841,飞南资源
2026-07-23,301500,21.32,22.39,23.8,20.71,209098.4,460740555.0,14.5755,5.6132,1.19,14.515614741890682,飞南资源
2026-07-24,301500,21.66,20.51,21.7,20.37,142357.54,296716288.0,5.9402,-8.3966,-1.88,9.882463023357865,飞南资源
2026-07-27,301500,20.74,21.35,21.37,20.71,127805.76,268462828.0,3.2179,4.0956,0.84,8.87227819033786,飞南资源
2026-07-28,301500,21.02,20.64,21.1,20.4,79882.96,165313424.0,3.2787,-3.3255,-0.71,5.5454765402406885,飞南资源
2026-07-29,301500,20.41,21.0,21.17,20.12,94258.72,195520673.0,5.0872,1.7442,0.36,6.543442061650142,飞南资源
2026-07-30,301500,21.07,20.54,21.45,20.51,89182.14,187136561.0,4.4762,-2.1905,-0.46,6.191025785454879,飞南资源
2026-07-31,301500,21.46,21.1,21.94,21.02,120997.15,259736661.0,4.4791,2.7264,0.56,8.399624359950902,飞南资源
2026-08-03,301500,21.34,21.43,21.77,21.0,76540.07,164218819.0,3.6493,1.564,0.33,5.313413055467399,飞南资源
2026-08-04,301500,21.53,22.01,22.12,21.35,99925.64,218782974.0,3.5931,2.7065,0.58,6.936839751413023,飞南资源
2026-08-05,301500,22.03,23.56,23.75,22.01,164045.94,380172846.0,7.9055,7.0423,1.55,11.388072146947628,飞南资源
2026-08-06,301500,23.91,23.32,24.38,23.04,161970.9,381611479.0,5.6876,-1.0187,-0.24,11.244022832299535,飞南资源
2026-08-07,301500,23.25,24.31,24.44,23.1,145617.82,348072014.0,5.7461,4.2453,0.99,10.108791720424373,飞南资源
2026-08-10,301500,24.34,24.68,24.88,24.1,144806.8,354131885.0,3.2086,1.522,0.37,10.052490697231615,飞南资源
2026-08-11,301500,24.69,24.19,25.35,24.17,126319.41,310599826.0,4.7812,-1.9854,-0.49,8.769095746227293,飞南资源
2026-08-12,301500,24.37,24.11,24.57,23.96,81459.92,197169530.0,2.5217,-0.3307,-0.08,5.654949132203955,飞南资源
2026-08-13,301500,24.01,23.18,24.33,23.07,107893.02,255168879.0,5.226,-3.8573,-0.93,7.489935416335591,飞南资源
2026-08-14,301500,23.25,23.06,23.35,22.77,69161.33,159250268.0,2.5022,-0.5177,-0.12,4.801180790081445,飞南资源
2026-08-17,301500,23.59,24.43,24.5,23.36,119199.69,285517098.0,4.9436,5.941,1.37,8.274844653965783,飞南资源
2026-08-18,301500,24.19,23.91,24.36,23.61,89040.52,213053339.0,3.07,-2.1285,-0.52,6.181194522471774,飞南资源
2026-08-19,301500,23.59,22.91,23.62,22.66,98850.79,227707343.0,4.0151,-4.1824,-1.0,6.86222364480809,飞南资源
2026-08-20,301500,23.77,22.73,24.46,22.47,170843.5,399673734.0,8.6862,-0.7857,-0.18,11.859958886133038,飞南资源
2026-08-21,301500,22.51,23.15,23.28,22.33,113326.74,259148491.0,4.1795,1.8478,0.42,7.8671443578449765,飞南资源
2026-08-24,301500,23.56,23.25,23.98,22.87,141075.18,330004836.0,4.7948,0.432,0.1,9.793441568768012,飞南资源
2026-06-25,301501,27.57,27.1,27.94,26.35,17802.42,48124372.0,,,,4.092510344827587,恒鑫生活
2026-06-26,301501,26.67,25.42,26.97,25.4,13772.75,35829600.0,5.7934,-6.1993,-1.68,3.166149425287356,恒鑫生活
2026-06-29,301501,25.43,26.11,26.85,24.79,17475.29,45306212.0,8.1039,2.7144,0.69,4.017308045977011,恒鑫生活
2026-06-30,301501,26.11,26.02,26.11,25.34,12474.82,32086971.0,2.9491,-0.3447,-0.09,2.867774712643678,恒鑫生活
2026-07-01,301501,25.98,26.92,27.1,25.83,15711.73,41955009.0,4.8809,3.4589,0.9,3.6118919540229886,恒鑫生活
2026-07-02,301501,27.1,26.98,28.17,26.92,16472.28,45279343.0,4.6434,0.2229,0.06,3.7867310344827585,恒鑫生活
2026-07-03,301501,27.18,27.8,28.03,27.15,15318.64,42395337.0,3.2617,3.0393,0.82,3.5215264367816093,恒鑫生活
2026-07-06,301501,27.52,27.37,28.09,27.16,8948.5,24556211.0,3.3453,-1.5468,-0.43,2.0571264367816093,恒鑫生活
2026-07-07,301501,27.27,27.21,27.56,26.89,8639.98,23502845.0,2.4479,-0.5846,-0.16,1.9862022988505745,恒鑫生活
2026-07-08,301501,27.35,27.01,27.61,26.69,9189.92,24863232.0,3.3811,-0.735,-0.2,2.112625287356322,恒鑫生活
2026-07-09,301501,26.92,26.18,27.1,26.05,12731.2,33694914.0,3.8874,-3.0729,-0.83,2.9267126436781608,恒鑫生活
2026-07-10,301501,26.12,27.32,27.65,25.68,14294.52,38424027.0,7.5248,4.3545,1.14,3.286096551724138,恒鑫生活
2026-07-13,301501,27.21,27.78,28.11,27.03,15126.6,41858475.0,3.9531,1.6837,0.46,3.4773793103448276,恒鑫生活
2026-07-14,301501,27.66,27.9,28.18,27.43,13746.35,38318292.0,2.6998,0.432,0.12,3.160080459770115,恒鑫生活
2026-07-15,301501,27.73,28.65,28.81,27.55,19568.19,55670815.0,4.5161,2.6882,0.75,4.49843448275862,恒鑫生活
2026-07-16,301501,28.5,28.95,29.23,28.31,15039.5,43243001.0,3.2112,1.0471,0.3,3.4573563218390806,恒鑫生活
2026-07-17,301501,28.86,28.26,29.55,28.0,17201.39,49357871.0,5.3541,-2.3834,-0.69,3.9543425287356317,恒鑫生活
2026-07-20,301501,28.2,27.86,29.15,27.58,14667.46,41288573.0,5.5556,-1.4154,-0.4,3.3718298850574717,恒鑫生活
2026-07-21,301501,27.88,27.32,28.2,27.27,15261.06,42067211.0,3.3381,-1.9383,-0.54,3.508289655172414,恒鑫生活
2026-07-22,301501,27.07,27.26,27.68,26.6,11448.71,30881864.0,3.9531,-0.2196,-0.06,2.631887356321839,恒鑫生活
2026-07-23,301501,26.98,27.5,27.76,26.7,8034.16,21890126.0,3.8885,0.8804,0.24,1.8469333333333333,恒鑫生活
2026-07-24,301501,27.24,26.65,28.05,26.65,10841.71,29588968.0,5.0909,-3.0909,-0.85,2.4923471264367816,恒鑫生活
2026-07-27,301501,26.53,27.27,27.27,26.25,8396.41,22600250.0,3.8274,2.3265,0.62,1.9302091954022988,恒鑫生活
2026-07-28,301501,27.17,27.05,27.44,26.94,5312.1,14430297.0,1.8335,-0.8067,-0.22,1.2211724137931035,恒鑫生活
2026-07-29,301501,26.93,27.9,28.15,26.88,12530.61,34823186.0,4.695,3.1423,0.85,2.8806,恒鑫生活
2026-07-30,301501,27.91,27.69,28.25,27.6,15076.5,42172762.0,2.3297,-0.7527,-0.21,3.4658620689655173,恒鑫生活
2026-07-31,301501,27.39,28.0,28.07,27.29,10318.45,28696196.0,2.8169,1.1195,0.31,2.372057471264368,恒鑫生活
2026-08-03,301501,28.06,28.3,28.56,27.9,11090.85,31307048.0,2.3571,1.0714,0.3,2.5496206896551725,恒鑫生活
2026-08-04,301501,28.4,28.56,28.58,28.03,10881.0,30851491.0,1.9435,0.9187,0.26,2.5013793103448276,恒鑫生活
2026-08-05,301501,28.5,28.89,29.23,28.36,25758.32,74026560.0,3.0462,1.1555,0.33,5.921452873563219,恒鑫生活
2026-08-06,301501,28.6,28.02,28.7,27.83,18204.89,51408810.0,3.0114,-3.0114,-0.87,4.185032183908046,恒鑫生活
2026-08-07,301501,28.01,28.07,28.59,27.79,13347.94,37565808.0,2.8551,0.1784,0.05,3.0684919540229885,恒鑫生活
2026-08-10,301501,27.9,29.08,29.1,27.86,20699.8,59405429.0,4.4175,3.5981,1.01,4.758574712643679,恒鑫生活
2026-08-11,301501,29.02,28.69,29.18,28.45,11738.4,33667853.0,2.5103,-1.3411,-0.39,2.6984827586206896,恒鑫生活
2026-08-12,301501,28.68,28.39,28.69,28.21,12248.0,34750419.0,1.6731,-1.0457,-0.3,2.815632183908046,恒鑫生活
2026-08-13,301501,28.4,29.93,30.2,28.11,44889.86,131417761.0,7.3617,5.4244,1.54,10.319508045977011,恒鑫生活
2026-08-14,301501,30.1,29.41,30.1,29.03,29176.0,85966522.0,3.575,-1.7374,-0.52,6.707126436781609,恒鑫生活
2026-08-17,301501,30.94,32.23,33.35,30.51,70796.36,226278551.0,9.6566,9.5886,2.82,16.27502528735632,恒鑫生活
2026-08-18,301501,31.66,30.55,32.15,30.31,51307.69,159259150.0,5.709,-5.2125,-1.68,11.794871264367817,恒鑫生活
2026-08-19,301501,30.0,28.7,30.19,28.65,32762.39,96273293.0,5.0409,-6.0556,-1.85,7.531583908045977,恒鑫生活
2026-08-20,301501,29.2,28.97,29.2,28.69,14933.75,43179140.0,1.777,0.9408,0.27,3.4330459770114943,恒鑫生活
2026-08-21,301501,28.89,28.1,28.91,28.01,16768.62,47219374.0,3.1067,-3.0031,-0.87,3.854855172413793,恒鑫生活
2026-08-24,301501,28.1,27.71,28.2,27.58,11625.14,32324364.0,2.2064,-1.3879,-0.39,2.672445977011494,恒鑫生活
2026-06-25,301502,83.82,85.85,85.86,81.58,13156.0,110442826.0,,,,5.557908433500804,华阳智能
2026-06-26,301502,86.15,85.68,90.48,84.1,18125.82,157071899.0,7.4316,-0.198,-0.17,7.657467911380173,华阳智能
2026-06-29,301502,85.51,70.96,86.43,69.0,25721.59,190476555.0,20.3431,-17.1802,-14.72,10.866391151113557,华阳智能
2026-06-30,301502,70.25,69.52,74.18,69.12,18602.41,131776647.0,7.1308,-2.0293,-1.44,7.858809016603809,华阳智能
2026-07-01,301502,69.85,70.85,72.33,68.55,16168.38,113950014.0,5.4373,1.9131,1.33,6.830524137887331,华阳智能
2026-07-02,301502,70.21,71.55,76.35,68.2,17884.51,131571732.0,11.5032,0.988,0.7,7.555523636213854,华阳智能
2026-07-03,301502,72.0,70.4,72.99,70.02,10414.52,74041927.0,4.1509,-1.6073,-1.15,4.399737651175341,华阳智能
2026-07-06,301502,70.3,69.22,71.66,68.24,8865.0,61845401.0,4.858,-1.6761,-1.18,3.745124525918564,华阳智能
2026-07-07,301502,69.0,65.65,69.68,65.46,7821.0,52193967.0,6.0965,-5.1575,-3.57,3.3040743279423674,华阳智能
2026-07-08,301502,65.8,64.64,66.71,62.83,8728.0,56523857.0,5.9101,-1.5385,-1.01,3.687247248981075,华阳智能
2026-07-09,301502,64.7,68.64,69.37,63.0,10765.61,71452257.0,9.8546,6.1881,4.0,4.5480597910292335,华阳智能
2026-07-10,301502,68.04,67.8,70.94,67.06,9581.38,65599992.0,5.6527,-1.2238,-0.84,4.0477677642578245,华阳智能
2026-07-13,301502,66.74,61.98,67.97,61.0,11151.0,71010829.0,10.2802,-8.5841,-5.82,4.71087237321127,华阳智能
2026-07-14,301502,61.36,63.7,64.52,60.76,7241.0,45295544.0,6.0665,2.7751,1.72,3.059046440177814,华阳智能
2026-07-15,301502,63.64,62.5,65.62,62.1,5840.54,37061605.0,5.5259,-1.8838,-1.2,2.467405482076527,华阳智能
2026-07-16,301502,61.41,61.66,64.0,60.36,7506.53,46535831.0,5.824,-1.344,-0.84,3.1712227419676795,华阳智能
2026-07-17,301502,63.1,54.65,63.1,53.82,10179.42,58665625.0,15.0503,-11.3688,-7.01,4.300416864255607,华阳智能
2026-07-20,301502,59.95,47.0,59.95,46.1,23397.3,119357286.0,25.3431,-13.9982,-7.65,9.884467238609636,华阳智能
2026-07-21,301502,49.06,47.99,49.06,40.65,22816.69,104802751.0,17.8936,2.1064,0.99,9.639181649101054,华阳智能
2026-07-22,301502,49.0,46.79,49.24,46.22,14888.55,70703774.0,6.293,-2.5005,-1.2,6.289844755822317,华阳智能
2026-07-23,301502,46.39,49.15,50.04,46.39,13235.15,64009443.0,7.8008,5.0438,2.36,5.591346290943157,华阳智能
2026-07-24,301502,49.05,47.86,49.36,46.52,12213.5,58386513.0,5.7782,-2.6246,-1.29,5.159738115883405,华阳智能
2026-07-27,301502,47.87,50.62,51.0,44.21,12281.0,60648312.0,14.1872,5.7668,2.76,5.188254292476693,华阳智能
2026-07-28,301502,51.12,48.51,52.22,48.2,11528.0,57307790.0,7.9415,-4.1683,-2.11,4.87014050025823,华阳智能
2026-07-29,301502,48.51,47.63,50.0,46.99,11721.5,56271447.0,6.2049,-1.8141,-0.88,4.9518868731589905,华阳智能
2026-07-30,301502,47.83,44.34,48.44,43.79,10839.52,49770459.0,9.7628,-6.9074,-3.29,4.579283948244195,华阳智能
2026-07-31,301502,45.23,45.69,47.39,45.23,10612.9,49540295.0,4.8714,3.0447,1.35,4.483545638028328,华阳智能
2026-08-03,301502,46.61,46.05,47.59,44.65,8819.52,40109033.0,6.4347,0.7879,0.36,3.7259109598228193,华阳智能
2026-08-04,301502,46.44,48.44,48.8,45.5,9025.0,43180180.0,7.1661,5.19,2.39,3.8127184259915445,华阳智能
2026-08-05,301502,48.45,51.28,51.66,47.69,11270.87,56823432.0,8.1957,5.8629,2.84,4.761512878222196,华阳智能
2026-08-06,301502,50.26,51.82,51.82,49.15,7757.89,39401137.0,5.2067,1.053,0.54,3.2774127589823316,华阳智能
2026-08-07,301502,51.53,52.41,52.73,50.2,8846.38,45679893.0,4.8823,1.1386,0.59,3.737258285797571,华阳智能
2026-08-10,301502,52.01,51.96,52.8,50.28,7020.0,36104010.0,4.8082,-0.8586,-0.45,2.96568236570201,华阳智能
2026-08-11,301502,51.62,52.75,53.63,50.0,7688.0,40122318.0,6.9861,1.5204,0.79,3.247886898506703,华阳智能
2026-08-12,301502,52.74,53.32,53.98,51.84,8081.82,43047251.0,4.0569,1.0806,0.57,3.414260834298835,华阳智能
2026-08-13,301502,53.55,51.85,54.2,51.73,5529.91,29349366.0,4.6324,-2.7569,-1.47,2.33617614970359,华阳智能
2026-08-14,301502,51.96,52.9,53.1,51.56,5538.0,29070309.0,2.9701,2.0251,1.05,2.3395938662760303,华阳智能
2026-08-17,301502,53.06,54.4,54.61,52.25,7123.0,38061278.0,4.4612,2.8355,1.5,3.0091959388739915,华阳智能
2026-08-18,301502,54.5,54.24,54.5,52.6,5704.0,30610689.0,3.4926,-0.2941,-0.16,2.4097225376017475,华阳智能
2026-08-19,301502,54.46,49.9,54.46,49.6,7317.15,37376293.0,8.9602,-8.0015,-4.34,3.0912169119937984,华阳智能
2026-08-20,301502,50.98,51.3,52.0,50.05,8675.0,44420221.0,3.9078,2.8056,1.4,3.6648567695819,华阳智能
2026-08-21,301502,51.31,51.71,51.91,49.65,6757.0,34425763.0,4.4055,0.7992,0.41,2.854574892457049,华阳智能
2026-08-24,301502,51.72,50.4,52.84,49.39,7162.0,36252109.0,6.6718,-2.5334,-1.31,3.02567195201678,华阳智能
2026-06-25,301503,21.8,21.15,21.87,21.03,9439.97,26453358.0,,,,2.9063947044334975,智迪科技
2026-06-26,301503,20.94,20.58,21.04,20.42,6788.32,18467977.0,2.9314,-2.695,-0.57,2.09,智迪科技
2026-06-29,301503,20.58,20.46,20.99,19.73,10533.0,28094890.0,6.1224,-0.5831,-0.12,3.242918719211823,智迪科技
2026-06-30,301503,20.12,20.88,20.98,20.09,9829.0,26800075.0,4.35,2.0528,0.42,3.0261699507389164,智迪科技
2026-07-01,301503,20.87,20.83,21.05,20.51,11736.04,32175166.0,2.5862,-0.2395,-0.05,3.613312807881773,智迪科技
2026-07-02,301503,20.83,20.92,21.45,20.72,10558.0,29387927.0,3.5046,0.4321,0.09,3.2506157635467976,智迪科技
2026-07-03,301503,21.23,21.68,21.77,20.83,13586.0,38522831.0,4.4933,3.6329,0.76,4.182881773399015,智迪科技
2026-07-06,301503,21.68,21.06,21.77,20.91,8557.0,23923796.0,3.9668,-2.8598,-0.62,2.634544334975369,智迪科技
2026-07-07,301503,21.06,20.23,21.22,20.01,7506.95,20173806.0,5.7455,-3.9411,-0.83,2.311253078817734,智迪科技
2026-07-08,301503,20.21,19.92,20.39,19.76,5687.0,14962145.0,3.1142,-1.5324,-0.31,1.750923645320197,智迪科技
2026-07-09,301503,19.2,19.99,20.14,19.2,6140.0,16027351.0,4.7189,0.3514,0.07,1.8903940886699506,智迪科技
2026-07-10,301503,19.98,20.27,20.67,19.76,6848.0,18369072.0,4.5523,1.4007,0.28,2.1083743842364533,智迪科技
2026-07-13,301503,20.59,19.74,20.75,19.43,8226.64,21792384.0,6.5121,-2.6147,-0.53,2.532832512315271,智迪科技
2026-07-14,301503,19.7,20.14,20.26,19.45,5676.0,14833267.0,4.1033,2.0263,0.4,1.7475369458128078,智迪科技
2026-07-15,301503,20.13,20.4,20.5,19.88,5075.0,13567497.0,3.0785,1.291,0.26,1.5625,智迪科技
2026-07-16,301503,20.4,20.76,21.19,20.2,8748.0,23978743.0,4.8529,1.7647,0.36,2.693349753694581,智迪科技
2026-07-17,301503,20.97,19.76,21.08,19.64,9472.71,25386295.0,6.9364,-4.817,-1.0,2.135417042380523,智迪科技
2026-07-20,301503,20.0,19.28,20.47,18.77,8518.04,22151087.0,8.6032,-2.4291,-0.48,1.9202073940486923,智迪科技
2026-07-21,301503,19.22,19.29,19.65,18.33,8832.0,22163285.0,6.8465,0.0519,0.01,1.9909828674481513,智迪科技
2026-07-22,301503,19.28,19.08,19.72,18.91,6928.64,17525861.0,4.1991,-1.0886,-0.21,1.5619116321009918,智迪科技
2026-07-23,301503,19.2,19.44,19.5,18.9,6337.0,16045040.0,3.1447,1.8868,0.36,1.4285392245266004,智迪科技
2026-07-24,301503,19.37,19.08,19.5,19.03,4959.0,12575048.0,2.4177,-1.8519,-0.36,1.1178990081154192,智迪科技
2026-07-27,301503,19.0,19.88,19.94,18.97,6861.0,17738115.0,5.0839,4.1929,0.8,1.546663660955816,智迪科技
2026-07-28,301503,19.98,19.95,20.45,19.66,9976.5,20085923.0,3.9738,0.3521,0.07,1.7299889019907053,智迪科技
2026-07-29,301503,19.98,20.24,20.41,19.85,9168.84,18437744.0,2.807,1.4536,0.29,1.5899354928209752,智迪科技
2026-07-30,301503,20.24,20.13,20.47,19.67,9010.7,18222465.0,3.9526,-0.5435,-0.11,1.5625130054796421,智迪科技
2026-07-31,301503,20.25,20.69,20.79,20.25,9912.41,20471500.0,2.6826,2.7819,0.56,1.718875286120552,智迪科技
2026-08-03,301503,20.7,20.93,20.98,20.5,12837.42,26645445.0,2.32,1.16,0.24,2.226090726225983,智迪科技
2026-08-04,301503,20.94,21.5,21.59,20.94,10197.5,21787518.0,3.1056,2.7234,0.57,1.7683117153360617,智迪科技
2026-08-05,301503,21.63,21.4,21.66,21.23,8614.84,18479848.0,2.0,-0.4651,-0.1,1.493868349864743,智迪科技
2026-08-06,301503,21.41,21.6,21.7,21.2,8011.5,17242271.0,2.3364,0.9346,0.2,1.3892453353679683,智迪科技
2026-08-07,301503,21.6,21.88,21.89,21.12,6894.3,14855964.0,3.5648,1.2963,0.28,1.1955157106194076,智迪科技
2026-08-10,301503,21.78,22.07,22.09,21.43,8058.1,17657600.0,3.0165,0.8684,0.19,1.3973260733855863,智迪科技
2026-08-11,301503,22.07,21.81,22.12,21.63,7464.0,16340049.0,2.2202,-1.1781,-0.26,1.2943053339807171,智迪科技
2026-08-12,301503,21.96,21.89,22.09,21.74,5382.14,11822549.0,1.6048,0.3668,0.08,0.9332974960116529,智迪科技
2026-08-13,301503,22.01,21.63,22.12,21.58,7340.38,16085149.0,2.4669,-1.1878,-0.26,1.2728688354026496,智迪科技
2026-08-14,301503,21.67,22.02,22.05,21.5,8510.61,18514946.0,2.5428,1.8031,0.39,1.4757942012901437,智迪科技
2026-08-17,301503,21.79,22.07,22.22,21.65,11507.9,25327567.0,2.5886,0.2271,0.05,1.9955434556426441,智迪科技
2026-08-18,301503,22.07,21.84,22.07,21.69,8218.08,17943909.0,1.7218,-1.0421,-0.23,1.4250676284941388,智迪科技
2026-08-19,301503,21.63,21.5,21.85,21.18,9052.24,19473794.0,3.0678,-1.5568,-0.34,1.5697163071374074,智迪科技
2026-08-20,301503,21.73,22.33,22.59,21.48,13696.12,30432123.0,5.1628,3.8605,0.83,2.374994797808143,智迪科技
2026-08-21,301503,22.35,22.07,22.35,21.53,9035.0,19757277.0,3.6722,-1.1644,-0.26,1.5667267808836791,智迪科技
2026-08-24,301503,22.03,21.6,22.17,21.33,8865.2,19164935.0,3.8061,-2.1296,-0.47,1.537282374973989,智迪科技
2026-06-25,301505,17.05,16.46,17.06,16.31,26377.96,43557871.0,,,,3.373504330454037,苏州规划
2026-06-26,301505,16.47,16.11,16.5,15.93,23715.36,38374246.0,3.4629,-2.1264,-0.35,3.032981688435211,苏州规划
2026-06-29,301505,16.07,16.04,16.16,15.51,28789.7,45802586.0,4.0348,-0.4345,-0.07,3.681944230049352,苏州规划
2026-06-30,301505,15.99,16.1,16.23,15.78,19940.62,31890681.0,2.8055,0.3741,0.06,2.5502263223516293,苏州规划
2026-07-01,301505,16.05,16.22,16.45,15.9,23285.08,37711131.0,3.4161,0.7453,0.12,2.977952738383434,苏州规划
2026-07-02,301505,16.16,16.0,16.65,15.93,27945.99,45630399.0,4.439,-1.3564,-0.22,3.5740412937097954,苏州规划
2026-07-03,301505,16.26,16.28,16.44,16.03,28438.48,46363693.0,2.5625,1.75,0.28,3.637026344400042,苏州规划
2026-07-06,301505,16.23,15.93,16.45,15.83,20225.11,32506212.0,3.8084,-2.1499,-0.35,2.586610039931415,苏州规划
2026-07-07,301505,15.89,15.45,16.09,15.33,23053.3,35878707.0,4.7709,-3.0132,-0.48,2.948310156708709,苏州规划
2026-07-08,301505,15.5,15.34,15.52,15.11,19623.34,30084458.0,2.6537,-0.712,-0.11,2.509649058076209,苏州规划
2026-07-09,301505,15.48,15.36,15.52,14.97,19378.39,29542286.0,3.5854,0.1304,0.02,2.4783221516079035,苏州规划
2026-07-10,301505,15.37,15.65,16.06,15.07,24299.29,38148191.0,6.4453,1.888,0.29,3.107661094412096,苏州规划
2026-07-13,301505,15.7,15.0,15.81,15.0,20894.32,31831753.0,5.1757,-4.1534,-0.65,2.672195992483589,苏州规划
2026-07-14,301505,15.04,15.52,15.85,14.77,28601.09,43867440.0,7.2,3.4667,0.52,3.657822703905293,苏州规划
2026-07-15,301505,15.52,15.62,15.77,15.32,17124.11,26675588.0,2.8995,0.6443,0.1,2.1767840883545952,苏州规划
2026-07-16,301505,15.66,15.76,16.1,15.46,19502.38,30927392.0,4.0973,0.8963,0.14,2.479105218843192,苏州规划
2026-07-17,301505,15.71,15.8,16.38,15.68,33084.61,52607424.0,4.4416,0.2538,0.04,4.205652300611088,苏州规划
2026-07-20,301505,15.58,14.63,16.13,14.33,51251.89,78161662.0,11.3924,-7.4051,-1.17,5.621610917461221,苏州规划
2026-07-21,301505,14.63,14.52,14.78,13.8,36796.73,52522392.0,6.6986,-0.7519,-0.11,4.036083334582838,苏州规划
2026-07-22,301505,14.4,14.07,14.6,13.95,23642.13,33551211.0,4.4766,-3.0992,-0.45,2.593208877175797,苏州规划
2026-07-23,301505,14.05,14.54,14.64,14.04,22074.35,31650228.0,4.2644,3.3404,0.47,2.421245479061555,苏州规划
2026-07-24,301505,14.5,14.21,14.64,14.06,17673.5,25263023.0,3.989,-2.2696,-0.33,1.938534179905383,苏州规划
2026-07-27,301505,14.1,14.6,14.8,14.1,21480.74,31363276.0,4.9261,2.7445,0.39,2.3561348176456702,苏州规划
2026-07-28,301505,14.64,14.67,14.99,14.55,19990.45,29594054.0,3.0137,0.4795,0.07,2.192670981791358,苏州规划
2026-07-29,301505,14.78,14.93,15.12,14.67,25156.34,37575613.0,3.0675,1.7723,0.26,2.75929640033502,苏州规划
2026-07-30,301505,15.01,14.74,15.15,14.55,26579.51,39592287.0,4.0188,-1.2726,-0.19,2.91539811696251,苏州规划
2026-07-31,301505,14.75,15.17,15.24,14.75,21480.22,32444745.0,3.3243,2.9172,0.43,2.356077780965129,苏州规划
2026-08-03,301505,15.29,15.79,15.81,15.23,21995.22,34229406.0,3.8233,4.087,0.62,2.412566031886071,苏州规划
2026-08-04,301505,15.87,15.99,16.13,15.75,23023.0,36698741.0,2.4066,1.2666,0.2,2.5252990309764125,苏州规划
2026-08-05,301505,15.99,15.97,16.24,15.79,19605.88,31349977.0,2.8143,-0.1251,-0.02,2.15048906595317,苏州规划
2026-08-06,301505,15.97,16.07,16.26,15.83,23100.0,37078103.0,2.6925,0.6262,0.1,2.5337448471335247,苏州规划
2026-08-07,301505,16.14,16.09,16.18,15.7,20128.24,32106727.0,2.9869,0.1245,0.02,2.207784605275623,苏州规划
2026-08-10,301505,16.11,16.53,16.57,15.97,21362.92,34978484.0,3.729,2.7346,0.44,2.343211622066048,苏州规划
2026-08-11,301505,16.56,16.5,16.61,16.27,16097.94,26475586.0,2.0569,-0.1815,-0.03,1.7657174253015,苏州规划
2026-08-12,301505,16.48,16.61,16.7,16.42,12220.5,20275911.0,1.697,0.6667,0.11,1.3404168356881054,苏州规划
2026-08-13,301505,16.7,16.34,16.7,16.3,14413.0,23732123.0,2.4082,-1.6255,-0.27,1.5809032243175536,苏州规划
2026-08-14,301505,16.34,16.29,16.43,16.1,16977.82,27599587.0,2.0196,-0.306,-0.05,1.86222787621474,苏州规划
2026-08-17,301505,16.38,16.66,16.66,16.15,18174.0,29965732.0,3.1308,2.2713,0.37,1.9934319849266093,苏州规划
2026-08-18,301505,16.6,16.73,16.77,16.35,16534.91,27351566.0,2.521,0.4202,0.07,1.8136468835634887,苏州规划
2026-08-19,301505,16.58,16.04,16.68,15.99,24922.59,40477377.0,4.1243,-4.1243,-0.69,2.73365731557236,苏州规划
2026-08-20,301505,16.18,16.51,16.55,16.18,15805.88,25933229.0,2.3067,2.9302,0.47,1.7336825543034993,苏州规划
2026-08-21,301505,16.51,16.47,16.54,16.06,13359.76,21790096.0,2.9073,-0.2423,-0.04,1.4653776215991592,苏州规划
2026-08-24,301505,16.47,16.06,16.56,15.84,28046.2,45042619.0,4.3716,-2.4894,-0.41,3.0762733650076304,苏州规划
2026-06-25,301507,12.4,12.56,12.78,12.12,40126.0,49870367.0,,,,3.6416321082501506,民生健康
2026-06-26,301507,12.4,12.05,12.52,12.02,33389.0,40660218.0,3.9809,-4.0605,-0.51,3.030216180590248,民生健康
2026-06-29,301507,12.03,12.34,12.42,11.86,45195.45,55147899.0,4.6473,2.4066,0.29,4.101709661237459,民生健康
2026-06-30,301507,12.32,12.03,12.32,11.9,39866.98,48000387.0,3.4036,-2.5122,-0.31,3.618124767656048,民生健康
2026-07-01,301507,12.0,12.37,12.39,11.87,45678.0,55585612.0,4.3225,2.8263,0.34,4.145503450148293,民生健康
2026-07-02,301507,12.33,12.3,12.55,12.19,42544.0,52624048.0,2.9103,-0.5659,-0.07,3.8610775161589594,民生健康
2026-07-03,301507,12.25,12.53,12.59,12.24,36660.51,45665408.0,2.8455,1.8699,0.23,3.3271218242741796,民生健康
2026-07-06,301507,12.54,12.7,12.77,12.45,47947.14,60740328.0,2.5539,1.3567,0.17,4.351439079967231,民生健康
2026-07-07,301507,12.6,12.12,12.63,12.01,50526.06,61925426.0,4.8819,-4.5669,-0.58,4.585488770357713,民生健康
2026-07-08,301507,12.04,12.14,12.33,11.85,38300.39,46406881.0,3.9604,0.165,0.02,3.475949010180506,民生健康
2026-07-09,301507,12.14,11.88,12.29,11.61,47585.0,56620492.0,5.6013,-2.1417,-0.26,4.318573091538739,民生健康
2026-07-10,301507,11.84,12.1,12.25,11.61,47572.59,57324088.0,5.3872,1.8519,0.22,4.3174468229232925,民生健康
2026-07-13,301507,12.07,12.11,12.25,11.91,37007.2,44594603.0,2.8099,0.0826,0.01,3.3585856491161588,民生健康
2026-07-14,301507,12.06,12.59,12.64,11.91,49142.57,60914543.0,6.0281,3.9637,0.48,4.459930239593546,民生健康
2026-07-15,301507,12.5,12.86,12.95,12.45,53635.13,68670093.0,3.9714,2.1446,0.27,4.867652184074438,民生健康
2026-07-16,301507,12.86,12.97,13.12,12.6,53267.83,68818260.0,4.0435,0.8554,0.11,4.834317900234527,民生健康
2026-07-17,301507,12.89,12.32,13.07,12.28,57570.0,72384782.0,6.091,-5.0116,-0.65,5.22476101460303,民生健康
2026-07-20,301507,12.29,12.14,12.44,11.94,50750.11,61943291.0,4.0584,-1.461,-0.18,4.605822411235285,民生健康
2026-07-21,301507,12.06,12.0,12.11,11.68,49405.17,58784704.0,3.542,-1.1532,-0.14,4.483762482818051,民生健康
2026-07-22,301507,11.91,11.93,12.21,11.82,35980.85,43155187.0,3.25,-0.5833,-0.07,3.2654393321570163,民生健康
2026-07-23,301507,11.93,12.04,12.06,11.75,27334.5,32498722.0,2.5985,0.922,0.11,2.480740489033638,民生健康
2026-07-24,301507,11.89,11.45,12.0,11.44,39459.27,46087068.0,4.6512,-4.9003,-0.59,3.5811230773092744,民生健康
2026-07-27,301507,11.46,11.83,11.95,11.4,37070.52,43667358.0,4.8035,3.3188,0.38,3.364332250947749,民生健康
2026-07-28,301507,11.75,11.83,12.05,11.73,28150.02,33572272.0,2.705,0.0,0.0,2.5547529452196556,民生健康
2026-07-29,301507,11.83,12.0,12.06,11.8,27683.85,33166065.0,2.1978,1.437,0.17,2.5124457219753014,民生健康
2026-07-30,301507,11.95,11.91,12.18,11.86,26621.84,32005379.0,2.6667,-0.75,-0.09,2.4160630844015896,民生健康
2026-07-31,301507,11.84,12.06,12.11,11.81,29202.3,35145174.0,2.5189,1.2594,0.15,2.6502525373760997,民生健康
2026-08-03,301507,12.1,12.16,12.18,12.01,27076.0,32807813.0,1.4096,0.8292,0.1,2.4572803410003763,民生健康
2026-08-04,301507,12.16,12.26,12.38,12.16,30799.23,37850810.0,1.8092,0.8224,0.1,2.7951817992668415,民生健康
2026-08-05,301507,12.26,12.17,12.32,12.08,36744.0,44809947.0,1.9576,-0.7341,-0.09,3.3346989529368374,民生健康
2026-08-06,301507,12.18,12.2,12.22,12.07,29600.07,35961713.0,1.2325,0.2465,0.03,2.686352123771421,民生健康
2026-08-07,301507,12.17,12.47,12.47,12.1,43892.24,54040713.0,3.0328,2.2131,0.27,3.9834369358276827,民生健康
2026-08-10,301507,12.47,12.77,12.9,12.41,42245.0,53694384.0,3.9294,2.4058,0.3,3.8339417936756126,民生健康
2026-08-11,301507,12.67,12.85,12.96,12.67,38974.58,50032253.0,2.2709,0.6265,0.08,3.5371350728595963,民生健康
2026-08-12,301507,12.76,13.06,13.15,12.72,50348.08,65588494.0,3.3463,1.6342,0.21,4.56933620886077,民生健康
2026-08-13,301507,13.04,13.05,13.27,12.75,58101.55,75866652.0,3.9816,-0.0766,-0.01,5.273001794823844,民生健康
2026-08-14,301507,13.08,13.07,13.26,12.9,36231.81,47274972.0,2.7586,0.1533,0.02,3.288215188058089,民生健康
2026-08-17,301507,13.07,13.62,13.82,12.84,86423.0,116921333.0,7.4981,4.2081,0.55,7.8433128567837,民生健康
2026-08-18,301507,13.48,13.23,13.8,13.15,60371.88,80526595.0,4.7724,-2.8634,-0.39,5.479045423003168,民生健康
2026-08-19,301507,13.12,13.12,13.85,13.04,61157.76,81415460.0,6.1224,-0.8314,-0.11,5.550367903221272,民生健康
2026-08-20,301507,13.27,13.23,13.56,13.12,49911.76,66424340.0,3.3537,0.8384,0.11,4.529738020118516,民生健康
2026-08-21,301507,13.15,12.88,13.17,12.79,46147.88,59677345.0,2.8723,-2.6455,-0.35,4.18814737416326,民生健康
2026-08-24,301507,12.93,12.66,12.94,12.51,30761.5,39034449.0,3.3385,-1.7081,-0.22,2.7917576159581574,民生健康
2026-06-25,301508,24.05,23.7,24.13,23.4,17604.0,41763740.0,,,,2.9920253448545457,中机认检
2026-06-26,301508,23.56,22.85,23.6,22.85,20357.34,47094063.0,3.1646,-3.5865,-0.85,3.45999075402302,中机认检
2026-06-29,301508,22.89,22.74,22.98,22.18,15374.98,34755109.0,3.5011,-0.4814,-0.11,2.6131748373455888,中机认检
2026-06-30,301508,22.6,23.14,23.19,22.45,14040.5,32159224.0,3.2542,1.759,0.4,2.3863628638053993,中机认检
2026-07-01,301508,23.14,23.33,23.59,22.86,13666.0,31762694.0,3.1547,0.8211,0.19,2.3227117906602035,中机认检
2026-07-02,301508,23.39,23.28,23.77,23.19,14175.0,33248009.0,2.4861,-0.2143,-0.05,2.4092228620377862,中机认检
2026-07-03,301508,23.29,23.76,23.94,23.24,12720.67,30152075.0,3.0069,2.0619,0.48,2.1620408454630127,中机认检
2026-07-06,301508,23.8,23.67,23.92,23.48,9274.0,21937692.0,1.8519,-0.3788,-0.09,1.5762351197557973,中机认检
2026-07-07,301508,23.6,22.96,23.65,22.96,11012.0,25543878.0,2.9151,-2.9996,-0.71,1.8716304872493899,中机认检
2026-07-08,301508,22.92,22.75,23.29,22.63,8202.84,18710373.0,2.8746,-0.9146,-0.21,1.3941777539074451,中机认检
2026-07-09,301508,22.67,22.55,22.73,22.13,12391.0,27756115.0,2.6374,-0.8791,-0.2,2.1060092051859054,中机认检
2026-07-10,301508,22.46,22.96,23.34,22.31,12424.51,28528865.0,4.5676,1.8182,0.41,2.111704659020606,中机认检
2026-07-13,301508,22.9,22.0,23.08,21.88,18091.84,40332212.0,5.2265,-4.1812,-0.96,3.0749400031273155,中机认检
2026-07-14,301508,22.0,22.54,22.55,21.9,12153.0,27040296.0,2.9545,2.4545,0.54,2.0655580558973696,中机认检
2026-07-15,301508,22.41,22.96,23.1,22.41,9295.0,21303698.0,3.0612,1.8634,0.42,1.5798043388106684,中机认检
2026-07-16,301508,22.9,23.0,23.23,22.8,8977.0,20690098.0,1.8728,0.1742,0.04,1.5257561645511963,中机认检
2026-07-17,301508,22.96,22.28,23.34,22.16,12500.0,28334170.0,5.1304,-3.1304,-0.72,2.1245351517088062,中机认检
2026-07-20,301508,22.4,22.4,22.92,22.03,13412.0,30131377.0,3.9946,0.5386,0.12,2.2795412363774807,中机认检
2026-07-21,301508,22.41,22.48,22.68,22.12,15350.04,34419118.0,2.5,0.3571,0.08,2.6089359648108994,中机认检
2026-07-22,301508,22.49,22.11,22.49,21.92,11466.0,25350251.0,2.5356,-1.6459,-0.37,1.9487936039594538,中机认检
2026-07-23,301508,22.05,22.55,22.55,22.05,9383.0,20981803.0,2.2614,1.99,0.44,1.5947610662786982,中机认检
2026-07-24,301508,22.4,22.09,22.58,22.08,7256.0,16119741.0,2.2173,-2.0399,-0.46,1.2332501648639278,中机认检
2026-07-27,301508,22.0,22.54,22.54,21.95,9061.0,20294328.0,2.6709,2.0371,0.45,1.5400330407706795,中机认检
2026-07-28,301508,22.4,22.79,22.88,22.3,10497.69,23810990.0,2.5732,1.1091,0.25,1.7842169133393613,中机认检
2026-07-29,301508,22.99,23.19,23.28,22.72,11941.0,27602637.0,2.4572,1.7552,0.4,2.029525939724388,中机认检
2026-07-30,301508,23.05,23.3,23.61,23.05,13352.41,31208450.0,2.4148,0.4743,0.11,2.2694131524022545,中机认检
2026-07-31,301508,23.18,23.53,23.59,23.18,11501.0,26970062.0,1.7597,0.9871,0.23,1.9547423023842385,中机认检
2026-08-03,301508,23.69,23.76,23.79,23.41,10104.08,23929313.0,1.615,0.9775,0.23,1.717317850854233,中机认检
2026-08-04,301508,23.84,23.65,23.84,23.58,10373.0,24581935.0,1.0943,-0.463,-0.11,1.7630242502940356,中机认检
2026-08-05,301508,24.89,24.3,25.47,24.21,42607.08,104936054.0,5.3277,2.7484,0.65,7.241619133733539,中机认检
2026-08-06,301508,24.22,24.59,25.47,24.22,33542.0,82833065.0,5.144,1.1934,0.29,5.7008926446893415,中机认检
2026-08-07,301508,24.1,23.74,24.42,23.47,29419.59,69752102.0,3.8634,-3.4567,-0.85,5.0002362483088705,中机认检
2026-08-10,301508,23.75,24.14,24.19,23.66,17398.7,41721004.0,2.2325,1.6849,0.4,2.9571319795228805,中机认检
2026-08-11,301508,23.87,24.02,24.14,23.8,11011.67,26390949.0,1.4085,-0.4971,-0.12,1.871574399521385,中机认检
2026-08-12,301508,24.0,24.12,24.12,23.81,9942.71,23839978.0,1.2906,0.4163,0.1,1.6898909518597331,中机认检
2026-08-13,301508,24.05,23.7,24.12,23.67,11828.67,28299624.0,1.8657,-1.7413,-0.42,2.0104340170370723,中机认检
2026-08-14,301508,23.7,23.74,23.79,23.51,9413.74,22261453.0,1.1814,0.1688,0.04,1.5999857231237806,中机认检
2026-08-17,301508,23.78,24.05,24.07,23.47,11450.19,27341185.0,2.5274,1.3058,0.31,1.9461064918995723,中机认检
2026-08-18,301508,23.84,23.99,24.03,23.78,8917.49,21295913.0,1.0395,-0.2495,-0.06,1.515641677600941,中机认检
2026-08-19,301508,23.96,23.32,23.96,23.25,10938.0,25678485.0,2.9596,-2.7928,-0.67,1.8590532391512735,中机认检
2026-08-20,301508,23.31,23.84,23.86,23.31,10986.25,26078999.0,2.3585,2.2298,0.52,1.86725394483687,中机认检
2026-08-21,301508,23.81,23.69,23.84,23.33,7292.38,17166400.0,2.1393,-0.6292,-0.15,1.239433411969461,中机认检
2026-08-24,301508,23.7,23.71,23.94,23.5,9425.69,22353615.0,1.8573,0.0844,0.02,1.6020167787288142,中机认检
2026-06-25,301509,27.79,28.26,28.28,26.26,36667.8,99890270.0,,,,6.4623194037291745,金凯生科
2026-06-26,301509,28.0,26.63,28.58,26.63,33140.8,91679638.0,6.9002,-5.7679,-1.63,5.840722238451933,金凯生科
2026-06-29,301509,26.31,29.28,29.68,25.77,62042.45,174416827.0,14.6827,9.9512,2.65,10.934338261087305,金凯生科
2026-06-30,301509,28.99,30.41,30.5,28.48,59143.24,174105227.0,6.8989,3.8593,1.13,10.423382571395377,金凯生科
2026-07-01,301509,30.48,30.98,31.44,29.1,65928.24,199059746.0,7.6948,1.8744,0.57,11.619168442222165,金凯生科
2026-07-02,301509,30.55,30.33,31.67,30.33,51925.0,160603033.0,4.3254,-2.0981,-0.65,9.151242644462917,金凯生科
2026-07-03,301509,30.63,30.26,31.09,29.66,38413.8,116004844.0,4.7148,-0.2308,-0.07,6.770033792891085,金凯生科
2026-07-06,301509,30.51,32.2,32.56,30.5,70517.51,224318132.0,6.8077,6.4111,1.94,12.42797967632817,金凯生科
2026-07-07,301509,31.29,30.23,32.05,30.23,46651.07,144954699.0,5.6522,-6.118,-1.97,8.221767187170432,金凯生科
2026-07-08,301509,30.25,29.61,31.35,29.57,29287.09,88767173.0,5.8882,-2.0509,-0.62,5.161545824558949,金凯生科
2026-07-09,301509,29.55,29.9,30.54,28.8,32122.81,95311741.0,5.8764,0.9794,0.29,5.661312060317377,金凯生科
2026-07-10,301509,29.51,30.65,31.23,28.58,47805.65,144577637.0,8.8629,2.5084,0.75,8.425249935989768,金凯生科
2026-07-13,301509,30.21,29.09,30.64,29.01,33616.66,99869718.0,5.3181,-5.0897,-1.56,5.924587627470598,金凯生科
2026-07-14,301509,28.89,30.11,30.27,28.5,30401.74,90168476.0,6.0846,3.5064,1.02,5.357991325062573,金凯生科
2026-07-15,301509,29.88,32.27,32.32,29.71,63754.62,200752810.0,8.6682,7.1737,2.16,11.23609046365967,金凯生科
2026-07-16,301509,31.61,32.9,33.77,30.91,72010.18,233170807.0,8.8627,1.9523,0.63,12.691047280721246,金凯生科
2026-07-17,301509,32.1,30.16,32.46,30.0,51049.5,158209050.0,7.4772,-8.3283,-2.74,8.996944850813861,金凯生科
2026-07-20,301509,29.79,30.11,31.07,29.43,34733.96,104784097.0,5.4377,-0.1658,-0.05,6.121500162986408,金凯生科
2026-07-21,301509,29.5,28.06,29.85,26.35,50817.99,141982350.0,11.624,-6.8084,-2.05,8.956143614711412,金凯生科
2026-07-22,301509,28.35,28.15,29.68,27.8,35002.0,100206283.0,6.6999,0.3207,0.09,6.16873943267195,金凯生科
2026-07-23,301509,27.88,28.08,28.35,27.31,27562.4,76706609.0,3.6945,-0.2487,-0.07,4.857587101853533,金凯生科
2026-07-24,301509,27.77,26.76,28.12,26.75,22796.7,62108201.0,4.8789,-4.7009,-1.32,4.017681910313486,金凯生科
2026-07-27,301509,26.55,27.68,27.95,26.55,22711.5,62642089.0,5.2317,3.438,0.92,4.002666294072596,金凯生科
2026-07-28,301509,27.43,27.2,28.11,27.08,18631.0,51184493.0,3.7211,-1.7341,-0.48,3.2835204951177395,金凯生科
2026-07-29,301509,27.3,27.32,27.75,26.91,19062.0,52097438.0,3.0882,0.4412,0.12,3.3594797744583946,金凯生科
2026-07-30,301509,27.3,26.19,27.58,26.12,26989.12,72231381.0,5.3441,-4.1362,-1.13,4.7565524483491,金凯生科
2026-07-31,301509,26.58,26.88,27.08,26.41,20387.22,54809651.0,2.5582,2.6346,0.69,3.593036053270049,金凯生科
2026-08-03,301509,26.81,27.22,27.28,26.68,16519.9,44757727.0,2.2321,1.2649,0.34,2.9114610180503218,金凯生科
2026-08-04,301509,27.58,28.77,28.87,27.53,36628.29,104024452.0,4.9229,5.6943,1.55,6.455356176056902,金凯生科
2026-08-05,301509,28.86,29.27,29.49,28.37,38118.76,110682847.0,3.8929,1.7379,0.5,6.718036053270049,金凯生科
2026-08-06,301509,29.64,28.51,29.7,28.2,36040.8,103445827.0,5.1247,-2.5965,-0.76,6.351817157449381,金凯生科
2026-08-07,301509,28.28,31.34,31.4,28.28,70824.13,213262419.0,10.9435,9.9263,2.83,12.482018270832652,金凯生科
2026-08-10,301509,31.01,31.86,32.28,31.01,69057.94,219878713.0,4.0523,1.6592,0.52,12.170745603596755,金凯生科
2026-08-11,301509,31.4,32.04,32.87,31.32,58130.53,186752393.0,4.865,0.565,0.18,10.244902938492652,金凯生科
2026-08-12,301509,31.91,32.11,33.17,31.6,43637.59,141727187.0,4.9001,0.2185,0.07,7.690672595273733,金凯生科
2026-08-13,301509,32.11,33.02,33.85,31.61,78435.59,258581174.0,6.976,2.834,0.91,13.82345914398862,金凯生科
2026-08-14,301509,33.09,33.8,35.15,32.18,90401.15,306925505.0,8.9945,2.3622,0.78,15.932264978112448,金凯生科
2026-08-17,301509,33.2,32.75,33.34,32.0,64050.17,209032080.0,3.9645,-3.1065,-1.05,11.288178085490602,金凯生科
2026-08-18,301509,32.62,32.18,33.62,32.01,39931.99,129087949.0,4.916,-1.7405,-0.57,7.037599032571339,金凯生科
2026-08-19,301509,32.1,30.9,32.34,30.62,32408.36,101430252.0,5.3449,-3.9776,-1.28,5.711637285875903,金凯生科
2026-08-20,301509,31.98,32.69,34.13,31.98,82735.23,275398431.0,6.9579,5.7929,1.79,14.58122609485696,金凯生科
2026-08-21,301509,31.28,30.82,31.48,30.16,62069.48,190796489.0,4.0379,-5.7204,-1.87,10.939102018211615,金凯生科
2026-08-24,301509,30.96,29.47,31.53,29.38,37493.86,112548395.0,6.976,-4.3803,-1.35,6.607903910207461,金凯生科
2026-06-25,301510,34.02,32.86,34.25,32.62,101819.59,338292568.0,,,,3.6473656650329276,固高科技
2026-06-26,301510,32.43,31.3,32.93,31.25,98366.31,314348443.0,5.1126,-4.7474,-1.56,3.5236628009402233,固高科技
2026-06-29,301510,31.11,30.5,31.4,29.46,110576.97,336420457.0,6.1981,-2.5559,-0.8,3.961071182091542,固高科技
2026-06-30,301510,30.8,31.93,32.02,30.3,87549.42,274722368.0,5.6393,4.6885,1.43,3.1361818339825085,固高科技
2026-07-01,301510,31.93,33.49,35.58,31.66,156578.91,527180974.0,12.2769,4.8857,1.56,5.6089455889802835,固高科技
2026-07-02,301510,33.5,33.36,35.06,33.1,150188.31,510775762.0,5.8525,-0.3882,-0.13,5.380022500417861,固高科技
2026-07-03,301510,33.65,35.78,36.68,33.46,219968.18,774548818.0,9.6523,7.2542,2.42,7.879666252160147,固高科技
2026-07-06,301510,36.0,34.6,36.0,34.2,164845.0,575752938.0,5.0307,-3.2979,-1.18,5.905052191354856,固高科技
2026-07-07,301510,34.63,33.15,35.32,32.99,123013.15,417716398.0,6.7341,-4.1908,-1.45,4.406558105935658,固高科技
2026-07-08,301510,33.28,32.51,33.9,31.89,134613.19,439670756.0,6.0633,-1.9306,-0.64,4.822092951528815,固高科技
2026-07-09,301510,32.71,32.54,33.0,31.43,92414.05,296907300.0,4.8293,0.0923,0.03,3.310441860320163,固高科技
2026-07-10,301510,32.38,32.92,34.98,32.38,137610.17,465891997.0,7.9902,1.1678,0.38,4.929450307326363,固高科技
2026-07-13,301510,32.6,30.55,32.93,30.36,130407.72,409227649.0,7.8068,-7.1993,-2.37,4.671445253150478,固高科技
2026-07-14,301510,30.5,30.26,30.78,29.3,105436.21,317261907.0,4.8445,-0.9493,-0.29,3.776919669438872,固高科技
2026-07-15,301510,30.48,29.64,30.7,29.1,94326.57,280593148.0,5.2875,-2.0489,-0.62,3.378951857086883,固高科技
2026-07-16,301510,29.3,28.37,29.63,28.14,106107.13,305829295.0,5.027,-4.2848,-1.27,3.800953262306255,固高科技
2026-07-17,301510,28.28,26.1,28.48,26.0,130578.21,353371213.0,8.7416,-8.0014,-2.27,4.677552519662074,固高科技
2026-07-20,301510,26.36,24.69,26.9,23.99,119274.24,301821956.0,11.1494,-5.4023,-1.41,4.272623447991659,固高科技
2026-07-21,301510,24.48,25.95,26.07,23.72,120633.67,303107463.0,9.518,5.1033,1.26,4.321320739996231,固高科技
2026-07-22,301510,25.7,25.32,26.23,25.1,96670.82,246623879.0,4.3545,-2.4277,-0.63,3.462927219394406,固高科技
2026-07-23,301510,25.33,24.77,25.45,24.53,82261.05,204479800.0,3.6335,-2.1722,-0.55,2.9467426586529855,固高科技
2026-07-24,301510,24.49,24.0,24.75,24.0,72259.89,175367991.0,3.0279,-3.1086,-0.77,2.5884826460709203,固高科技
2026-07-27,301510,24.0,24.95,25.0,23.86,60491.62,149085198.0,4.75,3.9583,0.95,2.166921491337955,固高科技
2026-07-28,301510,24.75,24.5,25.11,24.31,54487.0,134422137.0,3.2064,-1.8036,-0.45,1.95182491886531,固高科技
2026-07-29,301510,24.6,24.85,24.91,23.96,74064.06,181466880.0,3.8776,1.4286,0.35,2.6531113458317663,固高科技
2026-07-30,301510,24.66,24.19,24.85,23.87,74540.0,181449677.0,3.9437,-2.6559,-0.66,2.6701603951808726,固高科技
2026-07-31,301510,24.99,25.88,26.6,24.81,117812.61,301973502.0,7.3998,6.9864,1.69,4.2202651633336465,固高科技
2026-08-03,301510,25.82,25.99,26.41,25.7,66745.08,173707363.0,2.7434,0.425,0.11,2.3909319719503483,固高科技
2026-08-04,301510,26.03,26.39,26.65,25.9,65079.47,171448910.0,2.8857,1.5391,0.4,2.3312667471607424,固高科技
2026-08-05,301510,26.39,26.96,27.2,26.22,84624.0,226922328.0,3.7135,2.1599,0.57,3.031387889479289,固高科技
2026-08-06,301510,26.68,26.56,27.05,26.27,73300.93,195345485.0,2.8932,-1.4837,-0.4,2.6257746205517236,固高科技
2026-08-07,301510,26.69,26.92,27.32,25.83,93799.28,249778784.0,5.6099,1.3554,0.36,3.3600633559495754,固高科技
2026-08-10,301510,27.0,26.73,27.2,26.34,58021.28,154284121.0,3.1947,-0.7058,-0.19,2.078429352477865,固高科技
2026-08-11,301510,26.68,26.75,27.01,26.3,61926.86,165359780.0,2.6562,0.0748,0.02,2.2183344374820306,固高科技
2026-08-12,301510,26.8,27.05,27.23,26.64,56635.58,153224422.0,2.2056,1.1215,0.3,2.0287910205808686,固高科技
2026-08-13,301510,27.05,26.39,27.2,26.37,66225.85,177869910.0,3.0684,-2.4399,-0.66,2.3723321948911886,固高科技
2026-08-14,301510,26.49,26.66,26.71,26.15,52508.5,139086377.0,2.122,1.0231,0.27,1.880951396704519,固高科技
2026-08-17,301510,26.85,28.07,28.29,26.61,96491.28,265589351.0,6.3016,5.2888,1.41,2.539022112907808,固高科技
2026-08-18,301510,28.42,28.57,29.9,28.12,135135.17,389770155.0,6.3413,1.7813,0.5,3.5558776384928854,固高科技
2026-08-19,301510,28.09,25.88,28.09,25.83,120207.34,320518847.0,7.9104,-9.4155,-2.69,3.1630743668632775,固高科技
2026-08-20,301510,26.28,26.45,26.87,26.02,68992.31,182392923.0,3.2844,2.2025,0.57,1.8154283030610692,固高科技
2026-08-21,301510,26.24,26.16,26.39,25.73,48684.0,127154059.0,2.4953,-1.0964,-0.29,1.2810458369378426,固高科技
2026-08-24,301510,26.15,25.65,26.33,25.28,49370.09,126807607.0,4.0138,-1.9495,-0.51,1.2990992577386125,固高科技
2026-06-25,301511,143.0,152.55,155.56,140.33,384122.32,5703285501.0,,,,10.255359745365324,德福科技
2026-06-26,301511,147.07,155.3,156.22,143.53,391003.97,5880530601.0,8.3186,1.8027,2.75,10.43908714863544,德福科技
2026-06-29,301511,155.0,139.45,161.5,133.03,446117.96,6397200424.0,18.3323,-10.2061,-15.85,11.91052935603559,德福科技
2026-06-30,301511,141.96,143.85,146.3,138.21,358607.87,5100360992.0,5.8014,3.1553,4.4,9.574170838000773,德福科技
2026-07-01,301511,141.5,155.02,164.38,141.41,475017.97,7428598396.0,15.968,7.765,11.17,12.682106491138429,德福科技
2026-07-02,301511,145.69,145.61,161.97,139.8,344886.81,5184339589.0,14.3014,-6.0702,-9.41,9.207843761803423,德福科技
2026-07-03,301511,147.56,153.1,161.31,145.57,364002.33,5633925810.0,10.8097,5.1439,7.49,9.718193002430018,德福科技
2026-07-06,301511,155.0,132.3,156.44,131.0,414951.36,5747470774.0,16.6166,-13.5859,-20.8,11.078438434997985,德福科技
2026-07-07,301511,131.04,126.4,135.38,124.86,312152.95,4018237548.0,7.9516,-4.4596,-5.9,8.333909880131502,德福科技
2026-07-08,301511,128.17,118.17,131.17,117.35,352034.49,4303477076.0,10.9335,-6.5111,-8.23,9.398673676984485,德福科技
2026-07-09,301511,120.0,120.99,121.0,111.58,333741.85,3903069999.0,7.9716,2.3864,2.82,8.91029381951497,德福科技
2026-07-10,301511,121.6,116.52,124.6,116.16,269971.47,3273348671.0,6.9758,-3.6945,-4.47,7.2077419136568315,德福科技
2026-07-13,301511,116.18,103.36,118.0,102.38,349344.55,3806805656.0,13.4054,-11.2942,-13.16,9.326857224367393,德福科技
2026-07-14,301511,104.41,115.0,115.0,102.8,286634.42,3137107598.0,11.8034,11.2616,11.64,7.652612044267923,德福科技
2026-07-15,301511,118.66,111.8,121.66,110.7,266015.22,3083106931.0,9.5304,-2.7826,-3.2,7.102117312116881,德福科技
2026-07-16,301511,110.06,107.0,114.07,105.0,218843.81,2386071990.0,8.1127,-4.2934,-4.8,5.842727388495355,德福科技
2026-07-17,301511,106.53,96.22,106.53,94.57,225884.34,2253876368.0,11.1776,-10.0748,-10.78,6.030696595668833,德福科技
2026-07-20,301511,98.14,76.98,99.0,76.98,485116.32,4066952185.0,22.8851,-19.9958,-19.24,12.951713870591439,德福科技
2026-07-21,301511,78.21,84.48,84.8,65.77,482626.82,3679291112.0,24.7207,9.7428,7.5,12.885248797470753,德福科技
2026-07-22,301511,84.46,80.1,88.88,79.34,370219.05,3099364771.0,11.2926,-5.1847,-4.38,9.884167997156197,德福科技
2026-07-23,301511,81.54,78.8,84.78,78.1,246716.22,1990605422.0,8.3396,-1.623,-1.3,6.58686949281337,德福科技
2026-07-24,301511,77.7,75.48,79.05,74.7,219724.56,1681638453.0,5.5203,-4.2132,-3.32,5.866241794259984,德福科技
2026-07-27,301511,76.83,81.5,81.5,74.93,238824.85,1861707956.0,8.7043,7.9756,6.02,6.376184421886527,德福科技
2026-07-28,301511,78.53,72.45,79.9,71.42,256838.45,1928907742.0,10.4049,-11.1043,-9.05,6.857114424363636,德福科技
2026-07-29,301511,71.73,70.32,73.51,66.21,282742.98,1972691282.0,10.0759,-2.94,-2.13,7.5487177505765155,德福科技
2026-07-30,301511,70.01,63.92,70.18,62.4,281612.33,1844483739.0,11.0637,-9.1013,-6.4,7.518531474246369,德福科技
2026-07-31,301511,71.28,66.3,74.6,66.13,289112.18,2046787501.0,13.2509,3.7234,2.38,7.718763680972283,德福科技
2026-08-03,301511,65.63,63.33,67.18,62.81,258806.32,1670159522.0,6.5913,-4.4796,-2.97,6.909652935487156,德福科技
2026-08-04,301511,64.1,68.71,69.98,62.44,293072.95,1963950093.0,11.9059,8.4952,5.38,7.824508958202335,德福科技
2026-08-05,301511,66.6,76.76,78.82,65.86,367866.0,2703833116.0,18.8619,11.7159,8.05,9.821345888175829,德福科技
2026-08-06,301511,75.24,78.22,80.23,73.18,390178.86,3020178626.0,9.1845,1.902,1.46,10.417058228578158,德福科技
2026-08-07,301511,79.12,90.9,93.86,78.45,677126.83,5937157502.0,19.7008,16.2107,12.68,18.078041481392773,德福科技
2026-08-10,301511,93.28,88.7,94.0,84.8,598502.57,5281587464.0,10.121,-2.4202,-2.2,15.978918287996624,德福科技
2026-08-11,301511,87.0,85.96,90.03,85.45,375736.52,3281291416.0,5.1635,-3.0891,-2.74,10.031474302434841,德福科技
2026-08-12,301511,86.01,89.86,91.75,86.01,385516.89,3456060534.0,6.6775,4.537,3.9,10.292592200485593,德福科技
2026-08-13,301511,90.36,89.9,98.58,89.69,411394.99,3858096373.0,9.8932,0.0445,0.04,10.983489894289324,德福科技
2026-08-14,301511,88.58,95.02,95.83,88.58,362684.4,3375206852.0,8.0645,5.6952,5.12,9.683006694409153,德福科技
2026-08-17,301511,96.99,101.0,101.63,94.6,375005.9,3686623715.0,7.3984,6.2934,5.98,9.406956960339642,德福科技
2026-08-18,301511,102.0,98.61,102.0,95.97,322680.13,3178173097.0,5.9703,-2.3663,-2.39,8.094374234823507,德福科技
2026-08-19,301511,94.4,86.36,94.97,85.73,366328.74,3296194755.0,9.3702,-12.4227,-12.25,9.189291929848173,德福科技
2026-08-20,301511,89.37,88.41,93.48,86.46,348095.64,3121586945.0,8.1288,2.3738,2.05,8.731917827324535,德福科技
2026-08-21,301511,88.41,90.64,92.5,85.0,275560.82,2467029876.0,8.4832,2.5223,2.23,6.912394641513371,德福科技
2026-08-24,301511,89.14,81.87,89.99,79.31,394769.72,3264713801.0,11.7829,-9.6756,-8.77,9.902728904492788,德福科技
2026-06-25,301512,39.99,34.98,41.01,34.88,48116.73,255478693.0,,,,19.245999144030815,智信精密
2026-06-26,301512,34.08,32.71,35.15,32.27,34601.1,162819284.0,8.2333,-6.4894,-2.27,13.839941762096563,智信精密
2026-06-29,301512,32.23,31.93,32.64,30.86,24069.96,107985292.0,5.4418,-2.3846,-0.78,9.627637405053418,智信精密
2026-06-30,301512,31.56,31.84,32.45,31.16,13353.56,60354151.0,4.0401,-0.2819,-0.09,5.341231715658236,智信精密
2026-07-01,301512,31.83,31.16,32.19,30.68,18097.17,79948136.0,4.7425,-2.1357,-0.68,7.238607410133236,智信精密
2026-07-02,301512,31.13,32.05,34.7,30.85,27189.69,127789197.0,12.3556,2.8562,0.89,10.875484482558628,智信精密
2026-07-03,301512,32.22,34.22,35.66,31.98,29807.13,143958118.0,11.4821,6.7707,2.17,11.922422792779459,智信精密
2026-07-06,301512,34.15,31.93,34.8,31.91,21454.0,99196986.0,8.4454,-6.692,-2.29,8.581291073521353,智信精密
2026-07-07,301512,31.84,30.71,32.83,30.65,14018.34,62157328.0,6.8274,-3.8209,-1.22,5.607134143170846,智信精密
2026-07-08,301512,30.83,29.39,30.89,29.12,12412.65,51871445.0,5.7636,-4.2983,-1.32,4.964881264274486,智信精密
2026-07-09,301512,29.28,29.19,29.58,28.02,11923.68,48579997.0,5.3079,-0.6805,-0.2,4.769300305189013,智信精密
2026-07-10,301512,29.19,29.89,30.64,29.1,15600.96,65871517.0,5.2758,2.3981,0.7,6.2401593542632465,智信精密
2026-07-13,301512,29.71,27.52,29.71,27.45,12902.1,51719276.0,7.5611,-7.9291,-2.37,5.160654216448208,智信精密
2026-07-14,301512,28.93,28.12,28.93,27.21,10704.27,42067823.0,6.25,2.1802,0.6,4.2815538640608946,智信精密
2026-07-15,301512,28.2,28.0,28.58,27.5,10014.0,39616998.0,3.8407,-0.4267,-0.12,4.005455803591071,智信精密
2026-07-16,301512,27.67,28.49,29.78,27.67,16307.88,66617861.0,7.5357,1.75,0.49,6.5229171749817,智信精密
2026-07-17,301512,28.59,26.6,28.66,26.34,14388.33,55813557.0,8.1432,-6.6339,-1.89,5.755124815506642,智信精密
2026-07-20,301512,27.24,25.52,27.59,25.02,15929.89,59642415.0,9.6617,-4.0602,-1.08,4.577436215730053,智信精密
2026-07-21,301512,25.49,25.92,26.51,23.07,18584.0,65364193.0,13.4796,1.5674,0.4,5.340091779235594,智信精密
2026-07-22,301512,25.76,25.26,26.18,25.12,11101.15,40110036.0,4.0895,-2.5463,-0.66,3.1899031346890454,智信精密
2026-07-23,301512,25.18,25.81,26.04,25.12,8830.1,31936818.0,3.6421,2.1774,0.55,2.5373194371409937,智信精密
2026-07-24,301512,25.48,25.68,25.98,25.12,8292.5,29988225.0,3.332,-0.5037,-0.13,2.3828406736607386,智信精密
2026-07-27,301512,25.55,28.17,28.2,25.55,17836.99,68266493.0,10.3193,9.6963,2.49,5.125439284616203,智信精密
2026-07-28,301512,27.39,27.48,28.99,27.39,22835.6,64160274.0,5.6798,-2.4494,-0.69,4.6869888011927445,智信精密
2026-07-29,301512,27.72,27.73,27.77,26.35,22716.52,61655324.0,5.1674,0.9098,0.25,4.662547725571957,智信精密
2026-07-30,301512,27.44,26.66,28.66,26.4,19923.9,54732395.0,8.15,-3.8586,-1.07,4.089364683918273,智信精密
2026-07-31,301512,27.26,27.83,28.13,27.25,16049.5,44528326.0,3.3008,4.3886,1.17,3.2941471546507626,智信精密
2026-08-03,301512,28.0,28.47,28.5,27.55,13215.71,37264334.0,3.4136,2.2997,0.64,2.712514003127177,智信精密
2026-08-04,301512,28.6,29.35,29.55,28.41,14244.51,41477193.0,4.0042,3.091,0.88,2.9236743877313516,智信精密
2026-08-05,301512,29.39,29.81,30.21,29.05,14792.47,44112007.0,3.9523,1.5673,0.46,3.0361427434347963,智信精密
2026-08-06,301512,29.47,29.87,30.27,29.25,10994.4,32815730.0,3.4217,0.2013,0.06,2.2565918861704315,智信精密
2026-08-07,301512,30.2,30.01,30.2,29.11,11379.0,33856195.0,3.6491,0.4687,0.14,2.335530731348081,智信精密
2026-08-10,301512,29.3,30.6,30.63,29.3,11414.8,34497845.0,4.4319,1.966,0.59,2.3428786529740813,智信精密
2026-08-11,301512,30.41,30.71,31.0,29.87,10078.41,30669179.0,3.6928,0.3595,0.11,2.0685856646564558,智信精密
2026-08-12,301512,30.4,31.45,31.65,30.4,9943.78,31108546.0,4.0703,2.4096,0.74,2.04095296386013,智信精密
2026-08-13,301512,31.49,30.98,31.93,30.85,9913.46,31045341.0,3.434,-1.4944,-0.47,2.034729807890847,智信精密
2026-08-14,301512,31.17,31.18,31.22,30.66,9398.8,29136981.0,1.8076,0.6456,0.2,1.9290962507948275,智信精密
2026-08-17,301512,31.31,31.97,32.0,30.91,8994.4,28419076.0,3.4958,2.5337,0.79,1.8460934713100605,智信精密
2026-08-18,301512,31.95,31.83,32.06,31.56,8468.6,26925824.0,1.564,-0.4379,-0.14,1.7381734380432692,智信精密
2026-08-19,301512,31.85,30.37,31.85,30.22,12492.72,38483475.0,5.121,-4.5869,-1.46,2.564120878647227,智信精密
2026-08-20,301512,31.43,31.02,31.44,30.67,11540.4,35932952.0,2.5354,2.1403,0.65,2.368657953427313,智信精密
2026-08-21,301512,31.29,31.16,31.35,30.21,8889.6,27440665.0,3.675,0.4513,0.14,1.8245833543713772,智信精密
2026-08-24,301512,31.25,30.87,31.36,30.3,12092.72,37194643.0,3.4018,-0.9307,-0.29,2.482021195675153,智信精密
2026-06-25,301513,63.2,60.99,64.2,60.27,19804.56,122175812.0,,,,9.829058917050379,尚水智能
2026-06-26,301513,60.55,57.73,60.88,57.67,16302.77,95425039.0,5.2632,-5.3451,-3.26,8.091110675577816,尚水智能
2026-06-29,301513,57.31,57.89,59.1,57.11,12991.48,75226872.0,3.4471,0.2772,0.16,6.447708120739954,尚水智能
2026-06-30,301513,57.65,69.47,69.47,57.3,44613.54,288915027.0,21.0226,20.0035,11.58,22.14182557745205,尚水智能
2026-07-01,301513,71.0,67.78,74.99,67.25,60386.15,429633706.0,11.1415,-2.4327,-1.69,29.969816351579727,尚水智能
2026-07-02,301513,67.33,68.28,69.6,66.0,35672.9,243347768.0,5.3113,0.7377,0.5,17.704560759847553,尚水智能
2026-07-03,301513,68.61,65.33,70.58,65.3,34909.45,233791422.0,7.7329,-4.3204,-2.95,17.325658374224137,尚水智能
2026-07-06,301513,64.66,61.45,65.88,61.39,25869.08,163636529.0,6.8728,-5.9391,-3.88,12.838897276682221,尚水智能
2026-07-07,301513,61.0,59.92,63.0,59.76,16922.83,103410505.0,5.2726,-2.4898,-1.53,8.398848200274465,尚水智能
2026-07-08,301513,60.38,57.3,60.6,55.66,24907.11,142037792.0,8.2443,-4.3725,-2.62,12.361468855831923,尚水智能
2026-07-09,301513,57.25,56.78,57.56,54.0,20042.66,112072406.0,6.2129,-0.9075,-0.52,9.947228617773328,尚水智能
2026-07-10,301513,56.6,56.63,58.1,56.01,18092.79,103268349.0,3.6809,-0.2642,-0.15,8.979502644028441,尚水智能
2026-07-13,301513,56.68,52.31,56.68,52.01,19180.61,102237755.0,8.2465,-7.6285,-4.32,9.519390774395678,尚水智能
2026-07-14,301513,52.0,52.45,52.67,50.5,13015.71,67159452.0,4.1483,0.2676,0.14,6.45973353799538,尚水智能
2026-07-15,301513,52.5,50.7,52.5,50.43,11408.7,58463754.0,3.9466,-3.3365,-1.75,5.662169948080273,尚水智能
2026-07-16,301513,50.02,50.89,52.0,49.7,9516.23,48633654.0,4.5365,0.3748,0.19,4.722931756030042,尚水智能
2026-07-17,301513,51.51,48.07,51.51,47.7,12335.0,60873373.0,7.4867,-5.5414,-2.82,6.121895247448892,尚水智能
2026-07-20,301513,48.07,44.75,48.79,43.99,16179.75,75112313.0,9.9854,-6.9066,-3.32,8.030055503032932,尚水智能
2026-07-21,301513,45.03,46.08,46.46,41.88,15763.72,69709281.0,10.2346,2.9721,1.33,7.823578642084722,尚水智能
2026-07-22,301513,45.6,45.48,47.3,45.13,11692.45,53813584.0,4.7092,-1.3021,-0.6,5.802995872398363,尚水智能
2026-07-23,301513,45.22,47.42,47.65,45.01,14231.31,66582954.0,5.8047,4.2656,1.94,7.063039242316327,尚水智能
2026-07-24,301513,46.7,45.71,46.97,45.59,9955.05,46001649.0,2.9102,-3.6061,-1.71,4.940719358177226,尚水智能
2026-07-27,301513,45.67,47.88,47.94,45.58,13866.29,65480783.0,5.163,4.7473,2.17,6.881878788062269,尚水智能
2026-07-28,301513,46.7,47.04,48.55,46.66,13101.84,62297058.0,3.9474,-1.7544,-0.84,6.502480099621871,尚水智能
2026-07-29,301513,47.88,47.33,47.88,45.71,11402.88,53319248.0,4.6131,0.6165,0.29,5.659281465685449,尚水智能
2026-07-30,301513,46.94,46.7,48.1,46.22,12398.38,58388290.0,3.9721,-1.3311,-0.63,6.153350919989087,尚水智能
2026-07-31,301513,47.08,47.55,48.76,47.08,13220.23,63412197.0,3.5974,1.8201,0.85,6.56123739012414,尚水智能
2026-08-03,301513,47.1,48.26,48.4,47.1,10378.2,49587386.0,2.734,1.4932,0.71,5.150729895182335,尚水智能
2026-08-04,301513,48.26,49.11,49.9,48.06,11597.0,56628774.0,3.8127,1.7613,0.85,5.755623768517617,尚水智能
2026-08-05,301513,49.25,50.14,50.22,48.8,12301.79,61327613.0,2.8915,2.0973,1.03,6.105413030896985,尚水智能
2026-08-06,301513,49.99,49.51,50.27,48.76,11910.58,58995918.0,3.0116,-1.2565,-0.63,5.911254405866219,尚水智能
2026-08-07,301513,49.24,49.96,50.27,48.72,12115.3,60195903.0,3.1307,0.9089,0.45,6.012857518558375,尚水智能
2026-08-10,301513,50.25,49.89,50.26,48.89,9700.24,47943015.0,2.7422,-0.1401,-0.07,4.81425643738254,尚水智能
2026-08-11,301513,49.89,49.87,50.84,48.89,11743.52,58454547.0,3.9086,-0.0401,-0.02,5.828342057261533,尚水智能
2026-08-12,301513,49.69,49.78,50.2,49.53,8715.28,43394729.0,1.3435,-0.1805,-0.09,4.325418014769872,尚水智能
2026-08-13,301513,49.88,49.4,50.95,49.4,12637.99,63607926.0,3.1137,-0.7634,-0.38,6.2722700379656775,尚水智能
2026-08-14,301513,49.17,50.7,51.03,49.1,16664.21,83681718.0,3.9069,2.6316,1.3,8.270494365747085,尚水智能
2026-08-17,301513,50.5,51.57,51.8,49.88,13667.0,70039546.0,3.787,1.716,0.87,6.782970599666315,尚水智能
2026-08-18,301513,51.0,50.99,52.18,50.3,10743.03,54671199.0,3.6455,-1.1247,-0.58,5.331796051901165,尚水智能
2026-08-19,301513,50.5,47.88,50.72,47.72,10964.2,53661481.0,5.8835,-6.0992,-3.11,5.441563345932642,尚水智能
2026-08-20,301513,48.74,47.81,48.88,47.6,6508.85,31259302.0,2.6734,-0.1462,-0.07,3.230360590300585,尚水智能
2026-08-21,301513,47.5,48.56,48.63,46.9,7303.43,35083617.0,3.6185,1.5687,0.75,3.6247128826165915,尚水智能
2026-08-24,301513,48.5,48.91,51.14,48.26,16123.99,79982727.0,5.9308,0.7208,0.35,8.002381657958125,尚水智能
2026-06-25,301515,18.6,17.9,18.62,17.8,22635.11,40842646.0,,,,3.4520238125194926,港通医疗
2026-06-26,301515,17.78,17.37,17.98,17.21,16629.0,29057485.0,4.3017,-2.9609,-0.53,2.5360470516108222,港通医疗
2026-06-29,301515,17.48,17.64,17.78,16.95,21167.0,36980014.0,4.7784,1.5544,0.27,3.2281260413402055,港通医疗
2026-06-30,301515,17.65,17.53,17.88,17.25,19223.86,33670325.0,3.5714,-0.6236,-0.11,2.931782637174768,港通医疗
2026-07-01,301515,17.5,18.21,18.48,17.31,15917.0,28552294.0,6.6743,3.8791,0.68,2.4274617187136602,港通医疗
2026-07-02,301515,18.4,17.96,18.7,17.8,17712.0,32147931.0,4.9423,-1.3729,-0.25,2.7012126633069267,港通医疗
2026-07-03,301515,18.13,18.4,18.58,17.81,16129.05,29500800.0,4.2873,2.4499,0.44,2.4598009319732714,港通医疗
2026-07-06,301515,18.4,18.36,18.8,18.21,18175.6,33502009.0,3.2065,-0.2174,-0.04,2.771915135682101,港通医疗
2026-07-07,301515,18.48,17.55,18.65,17.55,16016.0,28563248.0,5.9913,-4.4118,-0.81,2.442559960226047,港通医疗
2026-07-08,301515,17.64,17.37,17.73,17.26,10063.18,17549280.0,2.6781,-1.0256,-0.18,1.534710323460761,港通医疗
2026-07-09,301515,17.2,17.18,17.67,16.73,13696.02,23421057.0,5.4116,-1.0938,-0.19,2.088745633519926,港通医疗
2026-07-10,301515,17.14,17.64,17.98,16.9,14105.06,24752350.0,6.2864,2.6775,0.46,2.151127297239386,港通医疗
2026-07-13,301515,17.64,17.29,17.82,17.15,14225.13,24770813.0,3.7982,-1.9841,-0.35,2.1694388715665798,港通医疗
2026-07-14,301515,17.31,17.83,17.93,17.03,13794.0,24119733.0,5.2053,3.1232,0.54,2.1036883173924883,港通医疗
2026-07-15,301515,17.82,18.11,18.3,17.65,11325.0,20456706.0,3.6455,1.5704,0.28,1.7271473245229756,港通医疗
2026-07-16,301515,17.96,18.32,18.49,17.8,15818.0,28746278.0,3.81,1.1596,0.21,2.412363477201274,港通医疗
2026-07-17,301515,18.26,17.38,18.47,17.23,16417.38,29156721.0,6.7686,-5.131,-0.94,2.5037734165719217,港通医疗
2026-07-20,301515,17.41,16.68,17.95,16.11,23234.38,39736061.0,10.5869,-4.0276,-0.7,3.543416976066237,港通医疗
2026-07-21,301515,16.68,16.38,16.68,15.16,30970.66,49591194.0,9.1127,-1.7986,-0.3,4.723257620989911,港通医疗
2026-07-22,301515,16.17,15.97,16.55,15.85,16655.04,26869791.0,4.2735,-2.5031,-0.41,2.54001834665105,港通医疗
2026-07-23,301515,15.89,16.42,16.46,15.78,16356.0,26371346.0,4.258,2.8178,0.45,2.4944125068342418,港通医疗
2026-07-24,301515,16.39,16.22,16.39,15.85,12671.0,20413284.0,3.2887,-1.218,-0.2,1.9324224060954194,港通医疗
2026-07-27,301515,16.26,16.64,16.94,16.08,17453.83,28946726.0,5.3021,2.5894,0.42,2.5835498771047796,港通医疗
2026-07-28,301515,16.64,16.74,17.39,16.51,22993.0,38991977.0,5.2885,0.601,0.1,3.403468598254377,港通医疗
2026-07-29,301515,16.82,16.97,17.2,16.5,25252.0,42626991.0,4.1816,1.374,0.23,3.737850173666748,港通医疗
2026-07-30,301515,16.88,16.97,17.33,16.55,16260.0,27633390.0,4.5963,0.0,0.0,2.406836837629547,港通医疗
2026-07-31,301515,17.23,17.32,17.39,16.98,13845.3,23861738.0,2.416,2.0625,0.35,2.0494082452664433,港通医疗
2026-08-03,301515,17.33,17.78,17.88,17.16,13553.0,23901639.0,4.157,2.6559,0.46,2.00614143052849,港通医疗
2026-08-04,301515,17.91,18.26,18.63,17.86,19220.06,35265295.0,4.3307,2.6997,0.48,2.8449906783179673,港通医疗
2026-08-05,301515,18.26,17.96,18.62,17.84,15113.69,27423317.0,4.2716,-1.6429,-0.3,2.2371578010155786,港通医疗
2026-08-06,301515,18.0,18.2,18.35,17.89,12873.0,23342930.0,2.5612,1.3363,0.24,1.9054865074295915,港通医疗
2026-08-07,301515,18.37,18.56,18.69,17.99,15948.0,29185273.0,3.8462,1.978,0.36,2.3606539905606407,港通医疗
2026-08-10,301515,18.63,19.17,19.27,18.35,20406.0,38710031.0,4.9569,3.2866,0.61,3.020535824641361,港通医疗
2026-08-11,301515,19.0,19.02,19.19,18.75,10134.99,19228929.0,2.2953,-0.7825,-0.15,1.5002009397913334,港通医疗
2026-08-12,301515,19.14,19.26,19.79,18.73,15234.3,29356105.0,5.5731,1.2618,0.24,2.255010727890517,港通医疗
2026-08-13,301515,19.26,18.94,19.32,18.75,16246.31,31050938.0,2.9595,-1.6615,-0.32,2.404810417192453,港通医疗
2026-08-14,301515,19.02,19.19,19.43,18.81,17190.3,32853192.0,3.2735,1.32,0.25,2.544541653745584,港通医疗
2026-08-17,301515,19.29,19.59,19.69,18.97,17775.0,34585459.0,3.752,2.0844,0.4,2.6310900854160635,港通医疗
2026-08-18,301515,19.68,19.64,19.99,19.44,12778.0,25127411.0,2.8076,0.2552,0.05,1.8914244225848924,港通医疗
2026-08-19,301515,19.63,19.21,19.64,18.86,11995.0,23137192.0,3.9715,-2.1894,-0.43,1.7755232390754254,港通医疗
2026-08-20,301515,19.3,19.71,19.93,19.3,10216.0,20133549.0,3.2795,2.6028,0.5,1.5121921976152186,港通医疗
2026-08-21,301515,19.52,19.52,19.61,19.0,14212.94,27428945.0,3.0949,-0.964,-0.19,2.103827033395971,港通医疗
2026-08-24,301515,19.42,19.08,19.71,18.9,13981.0,26785746.0,4.1496,-2.2541,-0.44,2.069494823302503,港通医疗
2026-06-25,301516,15.0,14.48,15.29,14.32,59318.0,86518627.0,,,,8.452814951396315,中远通
2026-06-26,301516,14.36,14.15,14.57,14.0,49438.21,70476833.0,3.9365,-2.279,-0.33,7.044944884491566,中远通
2026-06-29,301516,14.1,13.96,14.15,13.52,48614.37,67418946.0,4.4523,-1.3428,-0.19,6.9275476851666005,中远通
2026-06-30,301516,13.96,14.15,14.23,13.66,39925.0,56071352.0,4.0831,1.361,0.19,5.689312467286453,中远通
2026-07-01,301516,14.46,14.23,14.5,14.12,52067.21,74308425.0,2.6855,0.5654,0.08,7.4195773823374305,中远通
2026-07-02,301516,14.23,14.21,15.05,14.14,60990.0,88512941.0,6.3949,-0.1405,-0.02,8.69107495002632,中远通
2026-07-03,301516,14.23,14.45,14.8,14.12,52016.67,75624940.0,4.7854,1.689,0.24,7.412375432378841,中远通
2026-07-06,301516,14.43,15.6,15.7,14.43,130276.66,197071249.0,8.7889,7.9585,1.15,18.564423943254564,中远通
2026-07-07,301516,15.71,18.72,18.72,15.71,233851.24,417897946.0,19.2949,20.0,3.12,33.323801508388144,中远通
2026-07-08,301516,18.67,19.12,19.57,17.52,331249.69,616887148.0,10.9509,2.1368,0.4,47.20308055358229,中远通
2026-07-09,301516,18.93,19.13,19.3,18.16,232260.66,435680482.0,5.9623,0.0523,0.01,33.09714385969143,中远通
2026-07-10,301516,19.02,20.65,21.78,19.0,237670.05,492685223.0,14.5321,7.9456,1.52,33.867981930259106,中远通
2026-07-13,301516,20.96,20.06,21.5,19.9,161569.08,328670440.0,7.7482,-2.8571,-0.59,23.023593767614337,中远通
2026-07-14,301516,19.99,19.7,20.65,18.9,150879.71,295133515.0,8.7238,-1.7946,-0.36,21.50035855137294,中远通
2026-07-15,301516,20.09,20.39,20.69,19.55,152165.0,308498214.0,5.7868,3.5025,0.69,21.683512375319804,中远通
2026-07-16,301516,20.0,18.3,20.6,17.99,201751.34,383573651.0,12.8004,-10.2501,-2.09,28.749565784689995,中远通
2026-07-17,301516,18.31,17.93,19.06,17.6,164667.5,301306020.0,7.9781,-2.0219,-0.37,23.465118615075568,中远通
2026-07-20,301516,18.53,17.15,18.64,16.77,125334.25,219621469.0,10.4294,-4.3503,-0.78,17.86013052230425,中远通
2026-07-21,301516,17.32,17.81,17.94,15.68,138280.46,232999209.0,13.1778,3.8484,0.66,19.704965436696448,中远通
2026-07-22,301516,17.51,17.11,17.61,16.38,100055.03,170184139.0,6.9062,-3.9304,-0.7,14.25784169301741,中远通
2026-07-23,301516,16.81,16.88,17.2,16.68,71082.0,120084559.0,3.0392,-1.3442,-0.23,10.129184941757186,中远通
2026-07-24,301516,16.55,16.08,16.8,16.0,76301.94,124543809.0,4.7393,-4.7393,-0.8,10.873026387480099,中远通
2026-07-27,301516,15.92,16.58,16.6,15.71,55126.0,89323339.0,5.5348,3.1095,0.5,7.855454954831134,中远通
2026-07-28,301516,16.17,16.1,16.44,15.86,63118.0,101671066.0,3.4982,-2.8951,-0.48,8.994314948282689,中远通
2026-07-29,301516,16.1,15.76,16.15,15.6,62082.12,98194280.0,3.4161,-2.1118,-0.34,8.846702049131464,中远通
2026-07-30,301516,15.75,14.43,15.75,14.42,80131.05,119709756.0,8.4391,-8.4391,-1.33,11.418674559342621,中远通
2026-07-31,301516,14.76,14.75,15.32,14.74,72103.09,108294294.0,4.0194,2.2176,0.32,10.274690265920531,中远通
2026-08-03,301516,14.92,14.91,15.1,14.63,69857.21,103770750.0,3.1864,1.0847,0.16,9.95465236776075,中远通
2026-08-04,301516,15.0,15.54,15.6,14.81,71959.22,110116981.0,5.2985,4.2254,0.63,10.254188791038414,中远通
2026-08-05,301516,15.52,15.75,15.95,15.36,65449.95,102798494.0,3.7967,1.3514,0.21,9.326617821371947,中远通
2026-08-06,301516,15.73,15.81,15.9,15.4,49436.05,77535133.0,3.1746,0.381,0.06,7.044637084493337,中远通
2026-08-07,301516,15.74,16.0,16.1,15.37,52368.44,82722312.0,4.6173,1.2018,0.19,7.46250265709061,中远通
2026-08-10,301516,16.0,15.95,16.15,15.72,45868.43,72820075.0,2.6875,-0.3125,-0.05,6.536251237416556,中远通
2026-08-11,301516,15.88,16.0,16.16,15.53,53887.25,85700251.0,3.9498,0.3135,0.05,7.678933080846134,中远通
2026-08-12,301516,15.9,16.17,16.27,15.88,49640.66,79910442.0,2.4375,1.0625,0.17,7.073794009325685,中远通
2026-08-13,301516,16.18,15.95,16.36,15.95,46272.29,74926160.0,2.5356,-1.3605,-0.22,6.593801287085643,中远通
2026-08-14,301516,15.95,16.1,16.46,15.89,40826.27,65553661.0,3.5737,0.9404,0.15,5.817743441547975,中远通
2026-08-17,301516,16.17,19.32,19.32,16.1,194777.16,347567392.0,20.0,20.0,3.22,27.755745140404464,中远通
2026-08-18,301516,20.02,22.5,22.79,19.49,313507.18,663548112.0,17.0807,16.4596,3.18,44.67477289312006,中远通
2026-08-19,301516,23.9,23.31,25.1,23.21,310663.74,747939436.0,8.4,3.6,0.81,44.2695826954499,中远通
2026-08-20,301516,23.42,23.5,23.78,22.14,208850.87,479987495.0,7.0356,0.8151,0.19,29.76124880387282,中远通
2026-08-21,301516,24.9,24.22,26.27,23.75,191769.6,468404350.0,10.7234,3.0638,0.72,27.327167842868782,中远通
2026-08-24,301516,24.11,24.13,24.58,23.13,150364.55,357297618.0,5.9868,-0.3716,-0.09,21.426948251795046,中远通
2026-06-25,301517,50.06,48.71,51.0,48.39,39144.75,192446016.0,,,,4.011571888298761,陕西华达
2026-06-26,301517,48.02,48.6,49.99,46.95,47658.34,232148416.0,6.241,-0.2258,-0.11,4.884048486373891,陕西华达
2026-06-29,301517,48.59,47.95,48.89,46.45,39711.62,188105534.0,5.0206,-1.3374,-0.65,4.06966498523564,陕西华达
2026-06-30,301517,48.8,49.63,49.99,47.8,34555.39,170290126.0,4.5673,3.5036,1.68,3.5412521759163136,陕西华达
2026-07-01,301517,49.78,51.02,52.05,49.25,48834.58,248567354.0,5.6417,2.8007,1.39,5.004590099690939,陕西华达
2026-07-02,301517,50.57,49.3,51.74,49.09,37911.06,190363918.0,5.194,-3.3712,-1.72,3.88514277269896,陕西华达
2026-07-03,301517,49.03,52.31,53.9,49.03,70777.9,367217296.0,9.8783,6.1055,3.01,7.253351572121954,陕西华达
2026-07-06,301517,53.3,49.84,53.75,49.3,57505.69,293084410.0,8.507,-4.7219,-2.47,5.893209419429762,陕西华达
2026-07-07,301517,50.15,48.11,51.0,48.02,39586.4,194531083.0,5.9791,-3.4711,-1.73,4.056832382348849,陕西华达
2026-07-08,301517,48.11,46.13,48.58,46.12,33311.25,156773094.0,5.1133,-4.1156,-1.98,3.4137521395357515,陕西华达
2026-07-09,301517,49.92,47.52,49.92,45.18,42807.23,199384379.0,10.2753,3.0132,1.39,4.386904514243657,陕西华达
2026-07-10,301517,46.98,50.76,53.39,46.89,113703.12,575150415.0,13.6785,6.8182,3.24,11.652347755544756,陕西华达
2026-07-13,301517,51.0,44.42,51.24,43.37,95127.37,431267657.0,15.5043,-12.4901,-6.34,9.74869639734051,陕西华达
2026-07-14,301517,44.0,42.14,44.28,40.77,68452.49,286575285.0,7.9018,-5.1328,-2.28,7.015042491472088,陕西华达
2026-07-15,301517,42.01,41.5,42.78,40.66,44402.62,184862473.0,5.0308,-1.5187,-0.64,4.550400811317286,陕西华达
2026-07-16,301517,41.0,40.26,41.69,40.2,33550.67,136946270.0,3.5904,-2.988,-1.24,3.438288010667806,陕西华达
2026-07-17,301517,40.3,37.5,40.3,36.83,49406.98,189683893.0,8.619,-6.8554,-2.76,5.063249913557734,陕西华达
2026-07-20,301517,37.8,36.08,38.89,35.36,44704.67,164379445.0,9.4133,-3.7867,-1.42,4.581355033501886,陕西华达
2026-07-21,301517,36.2,36.67,36.73,33.05,43724.05,154038896.0,10.1996,1.6353,0.59,4.480860647278867,陕西华达
2026-07-22,301517,36.7,36.57,37.61,36.18,40944.87,151161468.0,3.8996,-0.2727,-0.1,4.196049009434146,陕西华达
2026-07-23,301517,36.2,37.72,37.85,36.2,29520.44,110184918.0,4.5119,3.1447,1.15,3.0252681964812718,陕西华达
2026-07-24,301517,37.01,36.32,37.7,36.3,25143.81,92576108.0,3.7116,-3.7116,-1.4,2.576749151820494,陕西华达
2026-07-27,301517,36.0,37.96,37.97,35.91,25371.42,94687645.0,5.6718,4.5154,1.64,2.600074728749601,陕西华达
2026-07-28,301517,37.72,36.86,38.18,36.59,20050.58,74748824.0,4.1886,-2.8978,-1.1,2.0547926113229837,陕西华达
2026-07-29,301517,37.04,36.85,37.04,35.74,27861.75,101426134.0,3.5269,-0.0271,-0.01,2.8552848864485787,陕西华达
2026-07-30,301517,36.5,34.7,36.9,34.45,31694.6,112182527.0,6.6486,-5.8345,-2.15,3.2480771079359023,陕西华达
2026-07-31,301517,35.74,36.53,37.3,35.49,41060.85,150783966.0,5.2161,5.2738,1.83,4.207934692893739,陕西华达
2026-08-03,301517,36.3,37.81,37.85,36.3,34570.62,129591022.0,4.2431,3.504,1.28,3.5428129532838732,陕西华达
2026-08-04,301517,38.07,38.52,38.86,37.73,25465.99,97804486.0,2.9886,1.8778,0.71,2.609766305614351,陕西华达
2026-08-05,301517,38.49,39.41,39.89,38.38,33804.43,133142311.0,3.92,2.3105,0.89,3.4642934515602546,陕西华达
2026-08-06,301517,39.08,40.08,40.55,38.91,29644.37,118455366.0,4.1614,1.7001,0.67,3.0379685995779036,陕西华达
2026-08-07,301517,40.3,41.0,41.2,39.24,34968.35,140917166.0,4.8902,2.2954,0.92,3.583572505641037,陕西华达
2026-08-10,301517,41.49,41.08,41.6,39.71,23403.1,94693417.0,4.6098,0.1951,0.08,2.3983603946645395,陕西华达
2026-08-11,301517,40.64,40.45,40.96,39.3,28108.96,112945923.0,4.0409,-1.5336,-0.63,2.8806190803444736,陕西华达
2026-08-12,301517,41.06,41.78,42.24,40.4,27039.92,112570564.0,4.5488,3.288,1.33,2.7710633720702633,陕西华达
2026-08-13,301517,41.78,40.81,42.27,40.81,22970.33,95773135.0,3.4945,-2.3217,-0.97,2.354009927076956,陕西华达
2026-08-14,301517,40.85,41.0,41.32,40.2,21411.69,87269373.0,2.7444,0.4656,0.19,2.194279786816053,陕西华达
2026-08-17,301517,41.36,42.01,42.1,40.68,20835.12,86466204.0,3.4634,2.4634,1.01,2.1351926294415287,陕西华达
2026-08-18,301517,42.01,41.84,42.11,41.16,21575.0,89728943.0,2.2614,-0.4047,-0.17,2.2110158703286076,陕西华达
2026-08-19,301517,43.03,38.0,43.9,37.9,50566.93,200039117.0,14.3403,-9.1778,-3.84,5.182122120222284,陕西华达
2026-08-20,301517,38.77,37.96,39.37,37.8,34140.95,131455600.0,4.1316,-0.1053,-0.04,3.498780175114507,陕西华达
2026-08-21,301517,38.3,38.38,38.73,37.39,19953.47,76315966.0,3.53,1.1064,0.42,2.0448407340962116,陕西华达
2026-08-24,301517,38.38,37.66,38.68,36.8,26689.2,99903216.0,4.8984,-1.876,-0.72,2.7351214260196652,陕西华达
2026-06-25,301518,29.67,27.88,29.97,27.7,24754.04,70712220.0,,,,4.630798693815318,长华化学
2026-06-26,301518,27.61,27.18,27.89,27.13,17066.0,47269118.0,2.726,-2.5108,-0.7,3.1925782825208415,长华化学
2026-06-29,301518,26.84,26.26,27.69,25.75,22184.99,58889339.0,7.1376,-3.3848,-0.92,4.150200238599674,长华化学
2026-06-30,301518,26.27,25.91,26.49,25.73,14538.86,38184697.0,2.8941,-1.3328,-0.35,2.71982003331835,长华化学
2026-07-01,301518,26.04,26.3,27.04,25.48,22001.04,58163027.0,6.0208,1.5052,0.39,4.115788263030138,长华化学
2026-07-02,301518,26.86,27.48,29.13,25.96,45510.94,128968594.0,12.0532,4.4867,1.18,8.513842649777867,长华化学
2026-07-03,301518,27.74,26.9,28.2,26.7,26641.99,73480602.0,5.4585,-2.1106,-0.58,4.9839821092896655,长华化学
2026-07-06,301518,26.66,26.17,27.67,26.17,21030.0,57041672.0,5.5762,-2.7138,-0.73,3.9341334396702976,长华化学
2026-07-07,301518,26.1,24.94,26.36,24.76,19026.0,48616980.0,6.1139,-4.7,-1.23,3.559240267387878,长华化学
2026-07-08,301518,25.01,24.13,25.01,24.06,16697.06,41091980.0,3.8091,-3.2478,-0.81,3.1235597760428595,长华化学
2026-07-09,301518,24.62,24.04,24.79,23.11,22880.0,54821681.0,6.9623,-0.373,-0.09,4.280217455998878,长华化学
2026-07-10,301518,24.3,24.5,25.15,23.87,29877.0,73219951.0,5.3245,1.9135,0.46,5.589163327485948,长华化学
2026-07-13,301518,23.91,23.1,24.46,23.1,22512.99,53125828.0,5.551,-5.7143,-1.4,4.2115599993325255,长华化学
2026-07-14,301518,23.09,23.39,23.48,22.64,15464.0,35704264.0,3.6364,1.2554,0.29,2.8928882316244167,长华化学
2026-07-15,301518,23.16,23.52,23.68,23.1,13198.0,30920050.0,2.4797,0.5558,0.13,2.46898207973222,长华化学
2026-07-16,301518,23.15,23.39,23.76,22.9,16382.83,38346420.0,3.6565,-0.5527,-0.13,3.064776002826141,长华化学
2026-07-17,301518,23.32,22.65,24.25,22.5,23470.0,54927660.0,7.4818,-3.1637,-0.74,4.390590196341507,长华化学
2026-07-20,301518,22.85,22.55,23.82,22.16,24270.0,55813349.0,7.3289,-0.4415,-0.1,4.540842775928885,长华化学
2026-07-21,301518,22.57,22.06,22.96,20.95,28626.0,62484178.0,8.9135,-2.1729,-0.49,5.355837054130213,长华化学
2026-07-22,301518,22.19,21.48,22.33,21.3,22707.62,49214901.0,4.6691,-2.6292,-0.58,3.865815153911915,长华化学
2026-07-23,301518,21.23,22.35,22.43,21.23,22409.29,49338205.0,5.5866,4.0503,0.87,3.815026536044145,长华化学
2026-07-24,301518,22.31,21.6,22.51,21.49,16524.25,36188164.0,4.5638,-3.3557,-0.75,2.813139204241967,长华化学
2026-07-27,301518,21.32,22.6,22.61,21.32,16642.86,36954318.0,5.9722,4.6296,1.0,2.8333317358857713,长华化学
2026-07-28,301518,22.77,22.62,23.07,22.41,12182.15,27660523.0,2.9204,0.0885,0.02,2.073926729319411,长华化学
2026-07-29,301518,22.62,23.13,23.28,22.31,15349.0,35087515.0,4.2882,2.2546,0.51,2.61306102521506,长华化学
2026-07-30,301518,23.08,23.15,23.78,22.8,19946.0,46466861.0,4.2369,0.0865,0.02,3.395668461068446,长华化学
2026-07-31,301518,23.98,23.43,24.08,23.18,18141.51,42671349.0,3.8877,1.2095,0.28,3.0884665267801976,长华化学
2026-08-03,301518,23.64,24.14,24.26,23.43,17354.33,41563361.0,3.5425,3.0303,0.71,2.95445457956352,长华化学
2026-08-04,301518,24.31,24.6,24.74,24.09,15512.0,37945922.0,2.6926,1.9056,0.46,2.6408106471519974,长华化学
2026-08-05,301518,24.45,25.15,25.27,24.45,16201.99,40518160.0,3.3333,2.2358,0.55,2.758276669484927,长华化学
2026-08-06,301518,25.1,25.01,25.34,24.64,16146.2,40256646.0,2.7833,-0.5567,-0.14,2.7487788080870024,长华化学
2026-08-07,301518,25.0,25.27,26.15,24.31,29444.72,74062255.0,7.3571,1.0396,0.26,5.012759803920149,长华化学
2026-08-10,301518,25.11,25.35,25.63,24.6,21198.0,53329773.0,4.076,0.3166,0.08,3.6088127964368257,长华化学
2026-08-11,301518,25.54,25.0,25.54,24.78,17699.0,44347345.0,2.998,-1.3807,-0.35,3.0131322617291905,长华化学
2026-08-12,301518,25.11,26.44,27.5,24.91,72943.94,192515218.0,10.36,5.76,1.44,12.41820096681385,长华化学
2026-08-13,301518,26.43,26.92,28.68,26.15,100161.26,275051714.0,9.5688,1.8154,0.48,17.051761335750353,长华化学
2026-08-14,301518,27.02,26.0,27.02,25.83,55048.54,144349127.0,4.4205,-3.4175,-0.92,9.371632964296841,长华化学
2026-08-17,301518,25.82,26.24,26.25,25.31,42221.35,109414591.0,3.6154,0.9231,0.24,7.187892639062079,长华化学
2026-08-18,301518,26.15,26.58,26.97,25.81,39421.57,104081857.0,4.4207,1.2957,0.34,6.711249470309938,长华化学
2026-08-19,301518,26.12,25.42,26.27,25.4,26613.13,68605752.0,3.2731,-4.3642,-1.16,4.5307012028133204,长华化学
2026-08-20,301518,25.55,25.71,26.03,25.3,16980.0,43668491.0,2.8718,1.1408,0.29,2.890727487663803,长华化学
2026-08-21,301518,25.48,25.44,25.65,25.0,15593.97,39614613.0,2.5282,-1.0502,-0.27,2.6547654723677687,长华化学
2026-08-24,301518,25.37,24.81,25.87,24.61,21853.11,54688824.0,4.9528,-2.4764,-0.63,3.7203407401614097,长华化学
2026-06-25,301519,11.47,11.27,11.6,11.13,26269.0,29674680.0,,,,3.475062776746471,舜禹股份
2026-06-26,301519,11.22,11.02,11.22,10.78,27171.0,29897050.0,3.9042,-2.2183,-0.25,3.594386185503002,舜禹股份
2026-06-29,301519,11.0,10.92,11.01,10.4,29849.0,32221620.0,5.5354,-0.9074,-0.1,3.948652359172615,舜禹股份
2026-06-30,301519,10.85,10.85,11.15,10.78,24929.0,27257126.0,3.3883,-0.641,-0.07,3.2977974023188086,舜禹股份
2026-07-01,301519,10.85,11.13,11.37,10.79,28318.0,31475448.0,5.3456,2.5806,0.28,3.746120054509367,舜禹股份
2026-07-02,301519,11.14,11.09,11.52,11.02,38970.0,43617703.0,4.4924,-0.3594,-0.04,5.15524749361643,舜禹股份
2026-07-03,301519,11.17,11.41,11.49,11.07,28171.51,31874757.0,3.7872,2.8855,0.32,3.7267412450318234,舜禹股份
2026-07-06,301519,11.38,11.37,11.59,11.25,20203.45,23027967.0,2.9798,-0.3506,-0.04,2.672665767895942,舜禹股份
2026-07-07,301519,11.49,11.01,11.49,10.92,23409.0,26063236.0,5.0132,-3.1662,-0.36,3.096720261176982,舜禹股份
2026-07-08,301519,11.02,10.85,11.06,10.75,23440.25,25547569.0,2.8156,-1.4532,-0.16,3.1008542484537465,舜禹股份
2026-07-09,301519,10.83,10.9,10.99,10.58,20656.02,22271756.0,3.7788,0.4608,0.05,2.732535163794992,舜禹股份
2026-07-10,301519,10.9,11.14,11.37,10.69,23982.97,26549735.0,6.2385,2.2018,0.24,3.1726493708488066,舜禹股份
2026-07-13,301519,11.1,10.61,11.16,10.6,20901.0,22563725.0,5.0269,-4.7576,-0.53,2.7649429782929684,舜禹股份
2026-07-14,301519,10.61,10.96,11.01,10.47,22304.0,24042798.0,5.0895,3.2988,0.35,2.9505424710705883,舜禹股份
2026-07-15,301519,11.01,11.08,11.15,10.84,18780.0,20706307.0,2.8285,1.0949,0.12,2.484360993844407,舜禹股份
2026-07-16,301519,11.05,11.22,11.39,10.86,23330.31,26177080.0,4.7834,1.2635,0.14,3.086310550495107,舜禹股份
2026-07-17,301519,11.18,10.86,11.46,10.76,26742.41,29618253.0,6.2389,-3.2086,-0.36,3.53768904608065,舜禹股份
2026-07-20,301519,10.89,10.43,11.12,10.13,40910.0,43590204.0,9.116,-3.9595,-0.43,5.411885423757971,舜禹股份
2026-07-21,301519,10.34,10.09,10.43,9.67,47319.5,47269815.0,7.2867,-3.2598,-0.34,6.259782750171482,舜禹股份
2026-07-22,301519,10.06,9.81,10.16,9.8,31221.0,31009737.0,3.5679,-2.775,-0.28,4.130150936571684,舜禹股份
2026-07-23,301519,9.79,10.3,10.33,9.71,32613.0,32781939.0,6.3201,4.9949,0.49,4.314295265827884,舜禹股份
2026-07-24,301519,10.28,10.15,10.29,9.91,24816.06,25091436.0,3.6893,-1.4563,-0.15,3.2828568415815997,舜禹股份
2026-07-27,301519,10.02,10.32,10.42,10.02,28339.0,29175042.0,3.9409,1.6749,0.17,3.7242643953582046,舜禹股份
2026-07-28,301519,10.3,10.43,10.55,10.17,22324.0,23284953.0,3.6822,1.0659,0.11,2.9337830679267634,舜禹股份
2026-07-29,301519,10.44,10.66,10.93,10.34,27944.0,29654920.0,5.6568,2.2052,0.23,3.6723541502484087,舜禹股份
2026-07-30,301519,10.61,10.73,10.92,10.5,26170.0,28119995.0,3.94,0.6567,0.07,3.439218011451505,舜禹股份
2026-07-31,301519,10.7,10.93,10.96,10.7,21036.42,22835467.0,2.4231,1.8639,0.2,2.7645714390698766,舜禹股份
2026-08-03,301519,10.92,11.43,11.47,10.83,25243.0,28334972.0,5.8554,4.5746,0.5,3.3173932083710485,舜禹股份
2026-08-04,301519,11.45,11.44,11.66,11.33,27136.0,31089511.0,2.8871,0.0875,0.01,3.566168129871916,舜禹股份
2026-08-05,301519,11.51,11.46,11.64,11.31,22444.0,25738237.0,2.8846,0.1748,0.02,2.9495532689727773,舜禹股份
2026-08-06,301519,11.46,11.51,11.64,11.25,26495.94,30272517.0,3.4031,0.4363,0.05,3.4820525058593197,舜禹股份
2026-08-07,301519,11.54,11.84,11.92,11.33,33960.99,39560154.0,5.126,2.8671,0.33,4.463097000180529,舜禹股份
2026-08-10,301519,11.86,12.04,12.1,11.6,37256.5,44267307.0,4.223,1.6892,0.2,4.896187460590103,舜禹股份
2026-08-11,301519,12.04,11.84,12.18,11.77,21429.25,25488940.0,3.4053,-1.6611,-0.2,2.8161965063774232,舜禹股份
2026-08-12,301519,11.88,12.05,12.1,11.83,21278.0,25532046.0,2.2804,1.7736,0.21,2.7963194821423434,舜禹股份
2026-08-13,301519,12.11,11.79,12.13,11.75,24595.0,29211504.0,3.1535,-2.1577,-0.26,3.2322341227225744,舜禹股份
2026-08-14,301519,11.8,11.81,11.94,11.66,18866.0,22273412.0,2.3749,0.1696,0.02,2.4793384411174664,舜禹股份
2026-08-17,301519,11.84,12.13,12.16,11.71,20524.44,24686254.0,3.8103,2.7096,0.32,2.6972878763070587,舜禹股份
2026-08-18,301519,12.13,12.11,12.35,12.01,20410.0,24715011.0,2.803,-0.1649,-0.02,2.682248361242844,舜禹股份
2026-08-19,301519,12.11,11.8,12.25,11.76,25149.0,29948217.0,4.0462,-2.5599,-0.31,3.305039884218338,舜禹股份
2026-08-20,301519,11.9,12.14,12.2,11.82,19157.0,23130182.0,3.2203,2.8814,0.34,2.51758117865405,舜禹股份
2026-08-21,301519,12.11,12.05,12.12,11.8,26295.19,31490239.0,2.6359,-0.7414,-0.09,3.455670273692759,舜禹股份
2026-08-24,301519,12.05,12.05,12.18,11.86,23475.0,28206895.0,2.6556,0.0,0.0,3.0850455796264455,舜禹股份
2026-06-25,301520,24.93,24.22,24.95,23.6,10226.6,24682876.0,,,,3.1275495288873536,万邦医药
2026-06-26,301520,23.97,23.55,24.5,23.5,6217.6,14827924.0,4.1288,-2.7663,-0.67,1.9014972670105421,万邦医药
2026-06-29,301520,28.26,28.26,28.26,26.7,24287.84,68247674.0,6.6242,20.0,4.71,7.4278276797460965,万邦医药
2026-06-30,301520,31.0,32.5,33.91,31.0,144257.91,473424568.0,10.2972,15.0035,4.24,44.117669456004364,万邦医药
2026-07-01,301520,28.92,31.0,31.48,28.63,120709.94,362191446.0,8.7692,-4.6154,-1.5,36.91611248890352,万邦医药
2026-07-02,301520,29.5,31.4,33.66,29.0,110873.34,340772156.0,15.0323,1.2903,0.4,33.90783469414736,万邦医药
2026-07-03,301520,31.37,35.55,35.67,31.0,135362.22,453284970.0,14.8726,13.2166,4.15,41.39714542371329,万邦医药
2026-07-06,301520,33.49,38.03,41.8,32.85,150091.83,554870073.0,25.1758,6.9761,2.48,45.90182780262656,万邦医药
2026-07-07,301520,36.91,37.74,41.0,35.55,131033.28,499302058.0,14.3308,-0.7626,-0.29,40.07324752435459,万邦医药
2026-07-08,301520,36.61,42.74,43.0,36.0,146761.19,596328247.0,18.548,13.2485,5.0,44.883234960147796,万邦医药
2026-07-09,301520,40.0,41.6,43.27,39.03,129403.12,528135430.0,9.9204,-2.6673,-1.14,39.574703908684576,万邦医药
2026-07-10,301520,40.1,45.18,45.58,39.06,150606.51,644817883.0,15.6731,8.6058,3.58,46.05922979268462,万邦医药
2026-07-13,301520,45.27,54.22,54.22,45.27,177997.99,907872413.0,19.8097,20.0089,9.04,54.43622804914594,万邦医药
2026-07-14,301520,51.0,48.99,53.88,46.05,158588.03,781086441.0,14.4412,-9.6459,-5.23,48.500177821922584,万邦医药
2026-07-15,301520,48.0,58.79,58.79,47.2,176762.44,964698381.0,23.6579,20.0041,9.8,54.058366020669546,万邦医药
2026-07-16,301520,54.88,66.65,69.54,54.8,183495.84,1133012888.0,25.0723,13.3696,7.86,56.11760780169257,万邦医药
2026-07-17,301520,63.76,66.62,71.8,60.5,169809.62,1119678338.0,16.9542,-0.045,-0.03,51.93202012707454,万邦医药
2026-07-20,301520,56.12,53.3,67.11,53.3,146710.69,884165202.0,20.7295,-19.994,-13.32,44.867790799702604,万邦医药
2026-07-21,301520,48.0,46.9,51.99,42.64,196646.2,892571747.0,17.5422,-12.0075,-6.4,60.13931611361433,万邦医药
2026-07-22,301520,45.7,52.99,54.13,44.04,184884.74,924829687.0,21.5139,12.9851,6.09,56.54236808767927,万邦医药
2026-07-23,301520,51.56,51.45,56.5,50.05,163178.41,867797026.0,12.1721,-2.9062,-1.54,49.90403059864349,万邦医药
2026-07-24,301520,52.12,53.59,55.0,48.48,152609.12,796772086.0,12.6725,4.1594,2.14,46.67167791444993,万邦医药
2026-07-27,301520,53.0,61.03,62.0,52.35,163717.42,952432843.0,18.0071,13.8832,7.44,50.06887330996157,万邦医药
2026-07-28,301520,58.03,61.02,64.49,55.0,169980.09,1027497250.0,15.5497,-0.0164,-0.01,51.984154107888244,万邦医药
2026-07-29,301520,58.6,51.8,60.0,50.16,131024.73,728017611.0,16.1259,-15.1098,-9.22,40.07063272095249,万邦医药
2026-07-30,301520,50.0,44.96,54.9,44.85,154161.76,763570110.0,19.4015,-13.2046,-6.84,47.146513979274175,万邦医药
2026-07-31,301520,42.85,45.91,47.66,40.0,137294.43,613695064.0,17.0374,2.113,0.95,41.98806346834312,万邦医药
2026-08-03,301520,45.02,41.83,46.2,41.0,117835.19,509050155.0,11.3265,-8.887,-4.08,36.03694218712493,万邦医药
2026-08-04,301520,42.99,45.95,46.87,42.71,131591.07,587153020.0,9.945,9.8494,4.12,40.243833628408545,万邦医药
2026-08-05,301520,45.94,49.25,49.58,45.54,130952.83,628049312.0,8.7922,7.1817,3.3,40.04864390637805,万邦医药
2026-08-06,301520,51.0,50.2,54.18,47.51,149743.8,757040417.0,13.5431,1.9289,0.95,45.79539154203764,万邦医药
2026-08-07,301520,51.19,56.33,57.2,50.3,159963.85,854337595.0,13.745,12.2112,6.13,48.920937917441506,万邦医药
2026-08-10,301520,55.25,58.66,61.76,55.25,163869.67,959419790.0,11.5569,4.1363,2.33,50.11543516001663,万邦医药
2026-08-11,301520,57.72,70.39,70.39,57.38,211993.92,1404170947.0,22.1787,19.9966,11.73,64.83303195812718,万邦医药
2026-08-12,301520,70.86,73.9,79.99,68.87,196248.96,1469959031.0,15.7977,4.9865,3.51,60.01783020677773,万邦医药
2026-08-13,301520,74.0,88.68,88.68,70.07,161153.67,1276425647.0,25.1827,20.0,14.78,49.28481457052863,万邦医药
2026-08-14,301520,85.8,85.79,88.68,81.0,137512.86,1161248700.0,8.6604,-3.2589,-2.89,42.05486481420537,万邦医药
2026-08-17,301520,82.0,85.06,87.77,80.54,122253.37,1027524435.0,8.4276,-0.8509,-0.73,37.38813190585252,万邦医药
2026-08-18,301520,83.5,73.86,84.8,73.53,134422.78,1058579249.0,13.2495,-13.1672,-11.2,41.10984122393839,万邦医药
2026-08-19,301520,74.0,77.16,80.97,73.63,139219.01,1085819308.0,9.9377,4.4679,3.3,42.576648068533416,万邦医药
2026-08-20,301520,81.98,74.0,85.04,73.5,136493.15,1090272476.0,14.9559,-4.0954,-3.16,41.743012044946596,万邦医药
2026-08-21,301520,71.52,71.15,73.48,67.36,113704.3,793862468.0,8.2703,-3.8514,-2.85,34.77361292095773,万邦医药
2026-08-24,301520,72.09,77.1,77.59,70.06,116425.63,873505798.0,10.5833,8.3626,5.95,35.60586355747886,万邦医药
2026-06-25,301522,27.05,26.62,27.35,26.4,49314.71,131595982.0,,,,1.7817188014840593,上大股份
2026-06-26,301522,26.36,26.01,26.76,26.0,48739.65,127991737.0,2.855,-2.2915,-0.61,1.7609421363879565,上大股份
2026-06-29,301522,25.91,25.5,26.4,25.08,57190.28,146672150.0,5.075,-1.9608,-0.51,2.066259684750002,上大股份
2026-06-30,301522,25.57,26.17,26.47,25.34,48908.48,127629740.0,4.4314,2.6275,0.67,1.7670418900974392,上大股份
2026-07-01,301522,26.25,26.97,27.86,26.17,73263.64,198402047.0,6.4578,3.0569,0.8,2.646983118285793,上大股份
2026-07-02,301522,26.72,26.71,27.61,26.63,50687.15,137371036.0,3.6337,-0.964,-0.26,1.831304455580145,上大股份
2026-07-03,301522,26.74,27.6,27.89,26.74,67255.0,184787804.0,4.3055,3.3321,0.89,2.4298935955176537,上大股份
2026-07-06,301522,27.66,26.56,27.88,26.38,64143.89,172099071.0,5.4348,-3.7681,-1.04,2.317490558361295,上大股份
2026-07-07,301522,26.57,25.83,26.81,25.7,41855.0,109217718.0,4.1792,-2.7485,-0.73,1.5122027572729375,上大股份
2026-07-08,301522,25.73,24.5,25.9,24.46,56618.15,141211198.0,5.5749,-5.1491,-1.33,2.0455888792663424,上大股份
2026-07-09,301522,24.5,24.39,24.66,23.39,56243.77,134988985.0,5.1837,-0.449,-0.11,2.0320626943835842,上大股份
2026-07-10,301522,24.29,25.18,26.61,24.08,99525.55,254067473.0,10.3731,3.239,0.79,3.5958143860734824,上大股份
2026-07-13,301522,25.19,23.44,25.19,23.43,80567.01,193538839.0,6.9897,-6.9102,-1.74,2.910850666998837,上大股份
2026-07-14,301522,23.5,22.51,23.68,22.23,59335.81,134120042.0,6.186,-3.9676,-0.93,2.1437767408200488,上大股份
2026-07-15,301522,22.48,22.62,22.9,22.27,41580.39,93878902.0,2.7988,0.4887,0.11,1.502281218647332,上大股份
2026-07-16,301522,22.41,22.82,23.19,22.24,44559.64,101649703.0,4.1998,0.8842,0.2,1.6099202119481417,上大股份
2026-07-17,301522,22.98,21.61,23.19,21.56,60216.17,133842053.0,7.1429,-5.3024,-1.21,2.175583760755368,上大股份
2026-07-20,301522,22.0,21.4,22.39,20.9,66738.83,144038748.0,6.895,-0.9718,-0.21,2.411244600242978,上大股份
2026-07-21,301522,21.36,21.63,21.66,20.66,60100.34,127897624.0,4.6729,1.0748,0.23,2.171398873755609,上大股份
2026-07-22,301522,21.42,21.02,21.59,20.81,52462.0,110853914.0,3.6061,-2.8202,-0.61,1.8954290061415087,上大股份
2026-07-23,301522,21.09,21.76,21.79,21.0,43694.93,93813999.0,3.7583,3.5205,0.74,1.5786786196355989,上大股份
2026-07-24,301522,21.61,21.09,21.73,21.08,31749.0,67798403.0,2.9871,-3.079,-0.67,1.147077418245335,上大股份
2026-07-27,301522,21.26,21.88,21.88,21.02,37635.18,81439233.0,4.0778,3.7459,0.79,1.3597425150271965,上大股份
2026-07-28,301522,21.7,22.04,22.1,21.5,38949.9,85403070.0,2.7422,0.7313,0.16,1.407242770887712,上大股份
2026-07-29,301522,22.04,22.75,22.85,21.83,48908.0,109788473.0,4.6279,3.2214,0.71,1.7670245479083702,上大股份
2026-07-30,301522,22.66,22.8,23.03,22.48,41615.0,94915307.0,2.4176,0.2198,0.05,1.5035316627383417,上大股份
2026-07-31,301522,22.85,23.01,23.25,22.6,50602.74,116444308.0,2.8509,0.9211,0.21,1.8282547593732066,上大股份
2026-08-03,301522,22.89,23.66,23.8,22.89,74968.21,176145854.0,3.9548,2.8249,0.65,2.708568483330943,上大股份
2026-08-04,301522,23.54,23.45,23.79,23.4,44608.52,105186098.0,1.6484,-0.8876,-0.21,1.6116862248683546,上大股份
2026-08-05,301522,23.45,23.59,23.7,23.35,40898.92,96331725.0,1.4925,0.597,0.14,1.477660007011953,上大股份
2026-08-06,301522,23.61,23.11,23.63,22.95,45755.77,106394820.0,2.8826,-2.0348,-0.48,1.65313586322175,上大股份
2026-08-07,301522,23.11,23.16,23.3,22.7,43856.49,100926612.0,2.5963,0.2164,0.05,1.584515711439804,上大股份
2026-08-10,301522,23.23,24.66,24.84,23.16,94793.95,228961800.0,7.2539,6.4767,1.5,3.4248637573239273,上大股份
2026-08-11,301522,24.3,23.92,24.3,23.77,55916.0,134115572.0,2.1492,-3.0008,-0.74,2.0202205083185656,上大股份
2026-08-12,301522,23.77,23.87,24.05,23.74,29913.84,71425062.0,1.296,-0.209,-0.05,1.0807738938865485,上大股份
2026-08-13,301522,24.1,23.41,24.1,23.41,41119.0,97315859.0,2.8907,-1.9271,-0.46,1.485611400700177,上大股份
2026-08-14,301522,23.41,23.35,23.57,23.21,24983.36,58390095.0,1.5378,-0.2563,-0.06,0.9026378181326584,上大股份
2026-08-17,301522,23.45,23.98,24.24,23.03,47629.65,112965512.0,5.182,2.6981,0.63,1.7208383241654512,上大股份
2026-08-18,301522,23.95,23.68,23.95,23.37,34901.0,82236730.0,2.4187,-1.251,-0.3,1.2609577931330256,上大股份
2026-08-19,301522,24.4,22.77,24.47,22.61,74011.0,170861470.0,7.8547,-3.8429,-0.91,2.6739849066665244,上大股份
2026-08-20,301522,22.81,22.61,23.0,22.56,37197.79,84566368.0,1.9324,-0.7027,-0.16,1.3439398065335013,上大股份
2026-08-21,301522,22.5,22.76,22.92,22.27,31280.0,71006800.0,2.8748,0.6634,0.15,1.1301326543423122,上大股份
2026-08-24,301522,22.69,22.5,22.95,22.33,32553.0,73517615.0,2.7241,-1.1424,-0.26,1.1761255849362307,上大股份
2026-06-25,301525,50.4,47.65,50.9,47.15,26842.18,129687038.0,,,,3.8810771445156997,儒竞科技
2026-06-26,301525,47.3,44.67,47.65,44.54,20877.77,95100842.0,6.5268,-6.2539,-2.98,3.0186905823392713,儒竞科技
2026-06-29,301525,44.9,46.2,47.49,43.95,33392.42,153415877.0,7.9248,3.4251,1.53,4.828168131726594,儒竞科技
2026-06-30,301525,46.2,47.21,47.88,45.64,19352.86,90954648.0,4.8485,2.1861,1.01,2.7982057577667723,儒竞科技
2026-07-01,301525,46.81,48.42,49.3,46.81,20804.8,100107551.0,5.2743,2.563,1.21,3.0081399415479755,儒竞科技
2026-07-02,301525,48.26,50.39,53.62,48.05,35072.8,178287035.0,11.5035,4.0686,1.97,5.0711321686305,儒竞科技
2026-07-03,301525,50.92,53.04,53.49,50.45,32322.98,169289937.0,6.0329,5.259,2.65,4.673539143267726,儒竞科技
2026-07-06,301525,53.1,52.99,56.5,51.7,27702.79,149917353.0,9.0498,-0.0943,-0.05,4.005511665159762,儒竞科技
2026-07-07,301525,52.99,50.44,54.28,50.38,23420.2,121510715.0,7.3599,-4.8122,-2.55,3.3862973476813956,儒竞科技
2026-07-08,301525,50.8,47.05,50.8,47.05,21059.89,100740499.0,7.4346,-6.7209,-3.39,3.0450230847499995,儒竞科技
2026-07-09,301525,47.08,45.7,47.52,44.2,18001.62,82483339.0,7.0563,-2.8693,-1.35,2.6028316607018027,儒竞科技
2026-07-10,301525,45.83,45.7,47.85,45.42,18402.22,85854293.0,5.3173,0.0,0.0,2.6607539123256645,儒竞科技
2026-07-13,301525,45.7,40.9,45.85,40.54,25731.27,109442024.0,11.6193,-10.5033,-4.8,3.720452060762668,儒竞科技
2026-07-14,301525,41.33,41.0,41.4,39.36,15037.8,60749410.0,4.9878,0.2445,0.1,2.174296643707709,儒竞科技
2026-07-15,301525,41.16,40.53,41.49,40.26,10568.6,43084537.0,3.0,-1.1463,-0.47,1.5281006203493392,儒竞科技
2026-07-16,301525,40.03,40.67,41.86,39.7,12214.52,50000646.0,5.3294,0.3454,0.14,1.7660821290681274,儒竞科技
2026-07-17,301525,40.67,37.67,40.67,37.4,15875.77,61634077.0,8.0403,-7.3764,-3.0,2.2954576751436737,儒竞科技
2026-07-20,301525,38.31,37.41,39.68,36.6,17633.44,67372299.0,8.1763,-0.6902,-0.26,2.5495969762213395,儒竞科技
2026-07-21,301525,37.4,39.28,40.0,35.4,21680.55,81870150.0,12.2962,4.9987,1.87,3.134763535805581,儒竞科技
2026-07-22,301525,39.01,38.26,39.01,37.8,11462.4,43949357.0,3.0804,-2.5967,-1.02,1.6573340414711752,儒竞科技
2026-07-23,301525,37.96,37.96,38.47,37.58,8055.2,30556224.0,2.3262,-0.7841,-0.3,1.164691266301875,儒竞科技
2026-07-24,301525,37.7,35.97,37.98,35.87,14642.81,53644669.0,5.5585,-5.2424,-1.99,2.1171855349485744,儒竞科技
2026-07-27,301525,36.02,36.97,37.11,36.02,10846.46,39857215.0,3.0303,2.7801,1.0,1.568276049296434,儒竞科技
2026-07-28,301525,37.1,36.91,37.88,36.37,8664.61,32157119.0,4.0844,-0.1623,-0.06,1.2528050939656235,儒竞科技
2026-07-29,301525,36.92,37.31,37.68,36.41,11216.4,41664433.0,3.4408,1.0837,0.4,1.6217652099697526,儒竞科技
2026-07-30,301525,37.1,37.48,38.71,36.7,19637.53,74248455.0,5.3873,0.4556,0.17,2.839365836073724,儒竞科技
2026-07-31,301525,38.07,38.42,39.01,38.07,15239.75,58838822.0,2.508,2.508,0.94,2.203496340950442,儒竞科技
2026-08-03,301525,38.42,39.4,39.75,38.02,13236.02,51467287.0,4.5029,2.5508,0.98,1.9137795330465965,儒竞科技
2026-08-04,301525,39.4,40.38,40.88,38.9,11761.24,47050051.0,5.0254,2.4873,0.98,1.7005429423081073,儒竞科技
2026-08-05,301525,40.4,40.88,41.19,40.38,12122.66,49458126.0,2.0059,1.2382,0.5,1.7528002068660107,儒竞科技
2026-08-06,301525,40.8,40.58,41.76,40.1,11428.6,46791641.0,4.0607,-0.7339,-0.3,1.6524469418583783,儒竞科技
2026-08-07,301525,40.66,40.95,41.24,39.81,12376.87,50288207.0,3.5239,0.9118,0.37,1.7895561119716068,儒竞科技
2026-08-10,301525,41.11,41.75,42.32,40.53,12943.92,53840237.0,4.3712,1.9536,0.8,1.8715451603573054,儒竞科技
2026-08-11,301525,41.75,43.07,43.8,41.26,17747.37,75992663.0,6.0838,3.1617,1.32,2.566069972046369,儒竞科技
2026-08-12,301525,43.0,42.76,43.3,42.52,9715.86,41616933.0,1.811,-0.7198,-0.31,1.4048040131358297,儒竞科技
2026-08-13,301525,42.78,41.7,42.93,41.7,8595.4,36408157.0,2.8765,-2.479,-1.06,1.2427981068590646,儒竞科技
2026-08-14,301525,41.89,41.61,42.47,41.26,10915.6,45582846.0,2.9017,-0.2158,-0.09,1.578272915190777,儒竞科技
2026-08-17,301525,41.66,42.04,42.42,41.1,9944.96,41608065.0,3.1723,1.0334,0.43,1.437929294830854,儒竞科技
2026-08-18,301525,42.21,41.81,42.21,40.98,10712.48,44452353.0,2.9258,-0.5471,-0.23,1.5489040491152934,儒竞科技
2026-08-19,301525,41.58,39.28,41.58,39.16,14180.88,56736222.0,5.7881,-6.0512,-2.53,2.050395655536167,儒竞科技
2026-08-20,301525,39.64,39.69,40.1,39.12,6722.62,26683181.0,2.4949,1.0438,0.41,0.9720151952361594,儒竞科技
2026-08-21,301525,39.58,39.74,39.92,38.85,5635.45,22234577.0,2.6959,0.126,0.05,0.8148226483117615,儒竞科技
2026-08-24,301525,39.74,38.65,39.96,38.19,8073.8,31394384.0,4.454,-2.7428,-1.09,1.167380616976373,儒竞科技
2026-06-25,301526,42.93,47.86,49.18,42.58,1737231.54,8212473543.0,,,,12.369982157763978,国际复材
2026-06-26,301526,48.83,52.25,54.08,48.82,1778774.87,9227403442.0,10.9904,9.1726,4.39,12.665792036321733,国际复材
2026-06-29,301526,52.25,47.8,52.25,45.68,2245847.33,10823434410.0,12.5742,-8.5167,-4.45,15.991588203125687,国际复材
2026-06-30,301526,47.34,46.65,48.97,45.28,1984956.23,9250187248.0,7.7197,-2.4059,-1.15,14.133909374591743,国际复材
2026-07-01,301526,47.98,46.73,48.9,45.66,1689900.6,7986267811.0,6.9453,0.1715,0.08,12.032961518989369,国际复材
2026-07-02,301526,43.5,45.19,47.7,42.9,1436440.18,6511072596.0,10.2718,-3.2955,-1.54,10.228192954230659,国际复材
2026-07-03,301526,45.0,46.99,50.41,43.87,2155539.69,10298830783.0,14.4722,3.9832,1.8,15.348551354099923,国际复材
2026-07-06,301526,47.64,40.66,48.53,40.32,2367342.8,10132277998.0,17.4718,-13.471,-6.33,16.856698444072123,国际复材
2026-07-07,301526,41.47,40.3,42.31,39.51,1570706.56,6405635789.0,6.8864,-0.8854,-0.36,11.184238643446937,国际复材
2026-07-08,301526,40.9,37.16,41.75,37.02,1852003.65,7206187490.0,11.737,-7.7916,-3.14,13.187218617164733,国际复材
2026-07-09,301526,37.91,38.85,39.77,36.33,1845157.86,7051626053.0,9.2573,4.5479,1.69,13.138473071043807,国际复材
2026-07-10,301526,40.12,37.77,43.0,37.5,1979191.65,7966116159.0,14.157,-2.7799,-1.08,14.092862599821004,国际复材
2026-07-13,301526,36.41,33.96,37.45,33.22,1840849.25,6472147224.0,11.1994,-10.0874,-3.81,13.107793551591401,国际复材
2026-07-14,301526,33.67,39.08,40.0,33.61,1993000.93,7432506012.0,18.8163,15.0766,5.12,14.1911917766051,国际复材
2026-07-15,301526,40.09,37.0,41.28,36.71,1473310.01,5623610482.0,11.694,-5.3224,-2.08,10.49072510884477,国际复材
2026-07-16,301526,35.39,34.8,37.12,33.82,1410418.15,4973081597.0,8.9189,-5.9459,-2.2,10.042902715481713,国际复材
2026-07-17,301526,34.2,31.59,34.99,31.0,1449884.61,4750639125.0,11.4655,-9.2241,-3.21,10.323924211344092,国际复材
2026-07-20,301526,33.0,26.7,33.47,25.44,2012075.45,5748692275.0,25.4194,-15.4796,-4.89,14.327012170510631,国际复材
2026-07-21,301526,27.55,29.8,30.36,24.05,2207242.83,6131921718.0,23.633,11.6105,3.1,15.71670430583621,国际复材
2026-07-22,301526,29.02,27.29,30.28,27.16,1835087.04,5293691957.0,10.4698,-8.4228,-2.51,13.06676365243974,国际复材
2026-07-23,301526,27.78,26.71,29.2,26.51,1339341.16,3688211492.0,9.8571,-2.1253,-0.58,9.536797986271253,国际复材
2026-07-24,301526,26.23,25.7,26.79,25.35,1077856.11,2797878159.0,5.3912,-3.7814,-1.01,7.674889928222744,国际复材
2026-07-27,301526,26.13,30.84,30.84,25.99,2255539.85,6471469116.0,18.8716,20.0,5.14,16.060603931140715,国际复材
2026-07-28,301526,30.9,28.87,31.09,28.44,1907060.07,5665424204.0,8.5927,-6.3878,-1.97,13.579248647353086,国际复材
2026-07-29,301526,28.89,30.2,31.25,27.73,3121036.28,9238547403.0,12.1926,4.6069,1.33,22.223383704704126,国际复材
2026-07-30,301526,29.88,32.93,35.47,29.68,3649860.85,11517902787.0,19.1722,9.0397,2.73,25.98888665860929,国际复材
2026-07-31,301526,35.88,31.99,36.8,31.89,3216851.15,11116036876.0,14.9104,-2.8545,-0.94,22.905634864125556,国际复材
2026-08-03,301526,30.88,27.88,31.3,27.3,2366646.26,6792763526.0,12.5039,-12.8478,-4.11,16.851738720987562,国际复材
2026-08-04,301526,27.76,29.98,30.84,27.3,2404133.35,7008243357.0,12.6973,7.5323,2.1,17.118666084306376,国际复材
2026-08-05,301526,28.8,34.19,35.0,28.78,2930914.86,9455762035.0,20.7472,14.0427,4.21,20.86962140010727,国际复材
2026-08-06,301526,32.89,35.2,36.39,32.89,2465041.66,8583294463.0,10.2369,2.9541,1.01,17.55236458137578,国际复材
2026-08-07,301526,35.83,38.32,40.69,34.6,3005330.28,11209296793.0,17.3011,8.8636,3.12,21.39949746813129,国际复材
2026-08-10,301526,38.34,38.12,38.74,36.2,2503646.56,9338827807.0,6.6284,-0.5219,-0.2,17.827251326871004,国际复材
2026-08-11,301526,37.79,39.39,40.54,36.81,2334166.71,9068571348.0,9.7849,3.3316,1.27,16.62046761823507,国际复材
2026-08-12,301526,38.37,38.75,39.72,37.88,1703115.41,6594815454.0,4.6712,-1.6248,-0.64,12.127057763591422,国际复材
2026-08-13,301526,39.51,36.44,40.3,36.31,2072717.12,7885977512.0,10.2968,-5.9613,-2.31,14.758812053626391,国际复材
2026-08-14,301526,36.53,37.19,37.68,36.03,1461518.15,5401409259.0,4.528,2.0582,0.75,10.406761000176301,国际复材
2026-08-17,301526,37.31,38.45,38.62,36.92,1768501.66,6707914765.0,4.5711,3.388,1.26,12.592641496812785,国际复材
2026-08-18,301526,37.96,37.33,38.93,36.75,1507195.04,5672774345.0,5.6697,-2.9129,-1.12,10.732003952144668,国际复材
2026-08-19,301526,35.0,33.79,36.6,33.5,1506683.52,5258210070.0,8.3043,-9.483,-3.54,10.728361666630244,国际复材
2026-08-20,301526,34.35,32.49,34.7,31.89,1595759.91,5264153416.0,8.3161,-3.8473,-1.3,11.362631382328605,国际复材
2026-08-21,301526,32.49,32.43,32.85,31.13,1259449.87,4052831746.0,5.2939,-0.1847,-0.06,8.967930907182447,国际复材
2026-08-24,301526,32.03,30.09,32.2,29.04,1660955.62,5002215590.0,9.7441,-7.2155,-2.34,11.826858372740462,国际复材
2026-06-25,301528,64.24,63.93,66.1,62.11,30447.15,194975089.0,,,,6.582266259627627,多浦乐
2026-06-26,301528,63.62,62.0,63.62,59.08,34621.36,211877881.0,7.1015,-3.0189,-1.93,7.48467458499142,多浦乐
2026-06-29,301528,61.81,74.4,74.4,61.21,61002.47,423014745.0,21.2742,20.0,12.4,13.1879174252745,多浦乐
2026-06-30,301528,78.36,81.9,85.0,75.8,76373.39,614430848.0,12.3656,10.0806,7.5,16.510904571704806,多浦乐
2026-07-01,301528,83.12,85.34,88.4,80.75,51990.8,443098013.0,9.3407,4.2002,3.44,11.239715002916464,多浦乐
2026-07-02,301528,82.91,73.8,85.99,73.33,64193.44,505665318.0,14.8348,-13.5224,-11.54,13.877762424444667,多浦乐
2026-07-03,301528,75.28,77.83,79.25,73.3,47152.0,362035452.0,8.0623,5.4607,4.03,10.193631215859673,多浦乐
2026-07-06,301528,78.0,77.42,84.95,76.78,36518.05,292405285.0,10.4972,-0.5268,-0.41,7.894713573598667,多浦乐
2026-07-07,301528,77.42,70.78,77.53,69.73,30329.8,221163067.0,10.0749,-8.5766,-6.64,6.556896760493314,多浦乐
2026-07-08,301528,72.04,72.0,74.59,68.6,27502.42,197427828.0,8.4628,1.7237,1.22,5.945655052249817,多浦乐
2026-07-09,301528,72.4,73.18,76.86,69.58,27054.76,197093550.0,10.1111,1.6389,1.18,5.8488769526974815,多浦乐
2026-07-10,301528,74.64,72.23,75.06,71.2,23628.74,172814128.0,5.2747,-1.2982,-0.95,5.108217289943843,多浦乐
2026-07-13,301528,70.4,64.98,71.2,64.3,30975.64,208891683.0,9.5528,-10.0374,-7.25,6.696518723176779,多浦乐
2026-07-14,301528,64.91,64.22,65.4,61.56,20202.94,128823879.0,5.9095,-1.1696,-0.76,4.36760518824525,多浦乐
2026-07-15,301528,64.23,62.41,64.81,61.87,14435.3,91120444.0,4.578,-2.8184,-1.81,3.120718626787817,多浦乐
2026-07-16,301528,61.94,58.98,63.64,58.22,20888.6,125559491.0,8.6845,-5.4959,-3.43,4.5158357018918895,多浦乐
2026-07-17,301528,58.97,52.41,59.0,51.98,27810.25,152983173.0,11.9023,-11.1394,-6.57,6.012203777588681,多浦乐
2026-07-20,301528,53.35,46.62,54.02,45.81,31455.61,155963329.0,15.6649,-11.0475,-5.79,6.800281812222337,多浦乐
2026-07-21,301528,47.09,48.87,49.38,41.88,31634.85,145782467.0,16.0875,4.8263,2.25,6.8390311008873095,多浦乐
2026-07-22,301528,49.18,46.53,49.77,46.11,18424.6,88194553.0,7.4893,-4.7882,-2.34,3.983151885386158,多浦乐
2026-07-23,301528,46.52,45.85,48.49,45.28,13888.05,64507934.0,6.8988,-1.4614,-0.68,3.0024105023629946,多浦乐
2026-07-24,301528,45.1,45.31,47.43,44.6,15873.5,72897537.0,6.1723,-1.1778,-0.54,3.431638214814823,多浦乐
2026-07-27,301528,45.5,46.3,46.57,44.37,12027.4,54872017.0,4.8554,2.1849,0.99,2.6001628793186002,多浦乐
2026-07-28,301528,46.12,44.31,47.12,44.02,14817.18,67071365.0,6.6955,-4.2981,-1.99,3.203275970881651,多浦乐
2026-07-29,301528,45.22,44.3,45.85,42.04,22404.85,97907256.0,8.5985,-0.0226,-0.01,4.843628655129233,多浦乐
2026-07-30,301528,44.2,40.52,45.5,40.0,27242.98,114156362.0,12.4153,-8.5327,-3.78,5.88956759715475,多浦乐
2026-07-31,301528,42.53,45.08,47.18,42.53,29979.01,134895765.0,11.4758,11.2537,4.56,6.481060658223814,多浦乐
2026-08-03,301528,45.72,44.5,46.0,43.86,17767.0,79692192.0,4.7471,-1.2866,-0.58,3.8409875681239143,多浦乐
2026-08-04,301528,45.0,45.84,46.77,44.31,16733.75,76856181.0,5.5281,3.0112,1.34,3.617612749372069,多浦乐
2026-08-05,301528,46.21,47.79,48.42,45.98,17007.7,80776472.0,5.3229,4.2539,1.95,3.6768370722339787,多浦乐
2026-08-06,301528,47.43,50.52,50.65,47.32,18513.05,90943548.0,6.968,5.7125,2.73,4.002273591380448,多浦乐
2026-08-07,301528,50.49,51.73,51.85,48.88,16552.1,84148549.0,5.8789,2.3951,1.21,3.5783424509677406,多浦乐
2026-08-10,301528,51.73,53.15,53.54,50.66,22644.95,116962895.0,5.5674,2.745,1.42,4.895535061112604,多浦乐
2026-08-11,301528,53.0,52.55,54.01,52.3,14189.71,75427435.0,3.2173,-1.1289,-0.6,3.0676253562944558,多浦乐
2026-08-12,301528,52.17,54.3,55.11,52.17,13276.44,71825424.0,5.5947,3.3302,1.75,2.8701886074713268,多浦乐
2026-08-13,301528,54.07,53.78,55.62,53.52,11756.78,64049803.0,3.8674,-0.9576,-0.52,2.541658457880783,多浦乐
2026-08-14,301528,54.3,54.06,55.91,53.05,12795.8,69447239.0,5.318,0.5206,0.28,2.7662806733944945,多浦乐
2026-08-17,301528,54.6,55.87,56.5,53.63,14582.85,80733353.0,5.3089,3.3481,1.81,3.1526169616601463,多浦乐
2026-08-18,301528,55.82,57.02,57.49,55.32,15690.8,88929450.0,3.884,2.0583,1.15,3.3921409204659603,多浦乐
2026-08-19,301528,56.02,52.9,57.2,52.61,24977.43,135369684.0,8.0498,-7.2255,-4.12,5.399786014165887,多浦乐
2026-08-20,301528,54.0,55.54,57.2,53.88,19641.75,109712444.0,6.276,4.9905,2.64,4.246283422423476,多浦乐
2026-08-21,301528,54.78,56.06,56.41,53.08,16128.34,88910692.0,5.9957,0.9363,0.52,3.4867312114862195,多浦乐
2026-08-24,301528,56.36,55.19,57.4,53.89,11911.63,65575616.0,6.2611,-1.5519,-0.87,2.575134955034157,多浦乐
2026-06-25,301529,96.7,92.2,96.7,91.61,31860.83,297098968.0,,,,5.012190821876255,福赛科技
2026-06-26,301529,92.0,89.59,92.2,88.02,20426.49,183543207.0,4.5336,-2.8308,-2.61,3.2133960634781675,福赛科技
2026-06-29,301529,90.41,91.18,91.68,86.47,26886.13,239018662.0,5.8154,1.7748,1.59,4.229595212107527,福赛科技
2026-06-30,301529,93.26,96.36,99.86,90.16,48172.62,459336741.0,10.6383,5.6811,5.18,7.578282293014103,福赛科技
2026-07-01,301529,96.66,109.16,109.8,94.58,58569.25,604371141.0,15.7949,13.2835,12.8,9.21382956106843,福赛科技
2026-07-02,301529,110.19,112.0,130.99,110.0,82350.67,935850270.0,19.2287,2.6017,2.84,12.955006895594382,福赛科技
2026-07-03,301529,113.3,124.3,125.29,110.0,65833.09,788367554.0,13.6518,10.9821,12.3,10.356541542507006,福赛科技
2026-07-06,301529,125.33,125.06,135.0,120.42,75060.41,957406040.0,11.7297,0.6114,0.76,11.808138648248294,福赛科技
2026-07-07,301529,124.42,125.62,131.77,122.19,54352.1,685842905.0,7.6603,0.4478,0.56,8.55040803298911,福赛科技
2026-07-08,301529,125.48,114.58,125.48,113.23,46450.19,541267369.0,9.7516,-8.7884,-11.04,7.307317982375482,福赛科技
2026-07-09,301529,114.59,110.68,117.99,106.94,42960.05,473793796.0,9.6439,-3.4037,-3.9,6.758266131715496,福赛科技
2026-07-10,301529,111.41,111.71,119.98,110.82,41038.31,472876991.0,8.2761,0.9306,1.03,6.455947341212158,福赛科技
2026-07-13,301529,111.8,106.49,117.82,105.39,38480.39,429799227.0,11.127,-4.6728,-5.22,6.053547807141837,福赛科技
2026-07-14,301529,107.08,109.7,111.0,102.03,29178.93,310877064.0,8.4233,3.0144,3.21,4.590287357177127,福赛科技
2026-07-15,301529,111.67,108.32,111.95,104.66,23042.42,249246434.0,6.6454,-1.258,-1.38,3.6249214486194448,福赛科技
2026-07-16,301529,108.64,103.27,111.49,102.05,25604.0,273621753.0,8.7149,-4.6621,-5.05,4.02789675608952,福赛科技
2026-07-17,301529,105.0,89.4,105.0,88.78,44157.17,417041257.0,15.7064,-13.4308,-13.87,6.9465912279758415,福赛科技
2026-07-20,301529,91.2,80.73,92.28,78.36,48226.88,408464862.0,15.5705,-9.698,-8.67,7.586818212323017,福赛科技
2026-07-21,301529,81.8,82.73,84.7,72.54,37034.46,295011129.0,15.0626,2.4774,2.0,5.826081131757814,福赛科技
2026-07-22,301529,81.21,79.94,83.0,77.66,27036.81,215915081.0,6.4547,-3.3724,-2.79,4.253299456882076,福赛科技
2026-07-23,301529,77.92,79.65,80.48,76.62,23375.0,184045602.0,4.8286,-0.3628,-0.29,3.6772413167314686,福赛科技
2026-07-24,301529,77.42,75.35,78.0,73.56,20347.3,154253298.0,5.5744,-5.3986,-4.3,3.2009382778151965,福赛科技
2026-07-27,301529,75.67,84.0,84.0,74.78,30858.94,244930513.0,12.2362,11.4798,8.65,4.854578359723524,福赛科技
2026-07-28,301529,82.6,81.66,85.97,80.32,28499.2,236451969.0,6.7262,-2.7857,-2.34,4.483355539413624,福赛科技
2026-07-29,301529,81.0,76.0,83.0,74.0,29121.2,225056541.0,11.0213,-6.9312,-5.66,4.581205554344404,福赛科技
2026-07-30,301529,75.99,68.81,75.99,66.01,34682.4,243716453.0,13.1316,-9.4605,-7.19,5.456066491696577,福赛科技
2026-07-31,301529,74.18,75.86,79.68,72.25,37600.93,287181486.0,10.7978,10.2456,7.05,5.915195437156268,福赛科技
2026-08-03,301529,75.86,74.97,80.88,74.03,30962.0,237590169.0,9.0298,-1.1732,-0.89,4.870791257695817,福赛科技
2026-08-04,301529,76.7,76.03,78.0,73.69,26976.2,205747894.0,5.749,1.4139,1.06,4.243764586456105,福赛科技
2026-08-05,301529,75.55,79.85,81.45,75.55,29583.26,233970738.0,7.7601,5.0243,3.82,4.65389458633623,福赛科技
2026-08-06,301529,78.32,79.7,82.0,78.3,22179.52,177174271.0,4.6337,-0.1879,-0.15,3.489174217295056,福赛科技
2026-08-07,301529,80.22,80.14,81.0,76.48,24690.6,195755211.0,5.6713,0.5521,0.44,3.8842051103696256,福赛科技
2026-08-10,301529,80.79,80.13,81.68,77.21,23487.29,185016574.0,5.5777,-0.0125,-0.01,3.6949062334140685,福赛科技
2026-08-11,301529,80.12,96.16,96.16,77.8,62753.52,557583952.0,22.9128,20.005,16.03,9.872078567458162,福赛科技
2026-08-12,301529,96.16,99.01,100.2,92.0,63997.08,615073561.0,8.5275,2.9638,2.85,10.067709378659643,福赛科技
2026-08-13,301529,98.5,106.32,109.55,97.41,62889.14,655794609.0,12.2614,7.3831,7.31,9.893413646276349,福赛科技
2026-08-14,301529,108.0,103.13,108.0,101.0,42973.87,447493600.0,6.5839,-3.0004,-3.19,6.760440226902544,福赛科技
2026-08-17,301529,103.22,106.8,106.98,100.01,35003.06,363645774.0,6.7585,3.5586,3.67,5.506511163380988,福赛科技
2026-08-18,301529,108.24,105.0,108.53,102.6,25685.12,268056720.0,5.5524,-1.6854,-1.8,4.040658159966022,福赛科技
2026-08-19,301529,103.68,88.01,104.78,86.98,59531.74,551342224.0,16.9524,-16.181,-16.99,9.3652438068413,福赛科技
2026-08-20,301529,89.01,99.15,101.96,86.0,63890.96,607074316.0,18.1343,12.6577,11.14,10.051015096369524,福赛科技
2026-08-21,301529,100.0,107.31,107.6,97.66,52824.8,552169977.0,10.0252,8.23,8.16,8.310140624944449,福赛科技
2026-08-24,301529,110.4,110.18,113.39,106.17,47916.76,528319274.0,6.7282,2.6745,2.87,7.538031642177787,福赛科技
2026-06-25,301531,72.9,74.65,75.58,68.12,109503.39,787251045.0,,,,23.35641166868972,春光集团
2026-06-26,301531,73.31,67.01,73.31,66.68,76570.77,529935685.0,8.8814,-10.2344,-7.64,16.332082741078217,春光集团
2026-06-29,301531,69.04,72.0,76.78,68.4,99356.34,720281728.0,12.5056,7.4466,4.99,21.192107193524357,春光集团
2026-06-30,301531,70.03,74.99,75.68,69.07,81581.87,595463350.0,9.1806,4.1528,2.99,17.400920103218063,春光集团
2026-07-01,301531,75.0,73.88,77.71,72.86,78307.7,587651054.0,6.4675,-1.4802,-1.11,16.702559418738122,春光集团
2026-07-02,301531,72.56,70.97,74.96,70.0,63563.41,458334216.0,6.7136,-3.9388,-2.91,13.557691419651107,春光集团
2026-07-03,301531,70.19,67.48,70.88,67.43,60744.27,416669393.0,4.8612,-4.9176,-3.49,12.956385885715857,春光集团
2026-07-06,301531,67.5,63.12,68.28,62.69,49391.79,319028574.0,8.2839,-6.4612,-4.36,10.534970472544021,春光集团
2026-07-07,301531,62.67,61.2,64.19,60.86,33522.1,209005564.0,5.2757,-3.0418,-1.92,7.150061451056297,春光集团
2026-07-08,301531,61.2,58.2,61.48,57.5,41918.58,245629673.0,6.5033,-4.902,-3.0,8.940979918949573,春光集团
2026-07-09,301531,58.2,58.52,58.87,56.28,39192.81,226052293.0,4.4502,0.5498,0.32,8.359589642044316,春光集团
2026-07-10,301531,58.68,57.21,60.25,57.2,42439.77,250143292.0,5.2119,-2.2386,-1.31,9.052146597877089,春光集团
2026-07-13,301531,56.0,51.99,56.88,51.0,45678.6,243184605.0,10.2779,-9.1243,-5.22,9.742969473816384,春光集团
2026-07-14,301531,52.97,53.6,53.84,50.5,34547.46,180735096.0,6.4243,3.0967,1.61,7.368764545714898,春光集团
2026-07-15,301531,54.01,50.72,54.3,50.11,29646.03,152781917.0,7.8172,-5.3731,-2.88,6.323319132150389,春光集团
2026-07-16,301531,50.18,49.46,51.35,49.1,29103.53,145868359.0,4.4361,-2.4842,-1.26,6.207607158938744,春光集团
2026-07-17,301531,49.02,46.16,49.46,45.73,33123.32,157389148.0,7.5414,-6.6721,-3.3,7.065004085752447,春光集团
2026-07-20,301531,46.99,42.88,48.0,41.6,41657.21,186148833.0,13.8648,-7.1057,-3.28,8.885231276666943,春光集团
2026-07-21,301531,43.69,47.8,47.8,40.5,53468.54,238185386.0,17.0243,11.4739,4.92,11.404516623310046,春光集团
2026-07-22,301531,47.84,47.79,51.8,47.1,57981.15,284686725.0,9.8326,-0.0209,-0.01,12.367029079410683,春光集团
2026-07-23,301531,47.78,49.77,50.66,47.78,51133.08,254320116.0,6.0264,4.1431,1.98,10.90637711186882,春光集团
2026-07-24,301531,48.73,48.11,48.91,46.88,34662.49,165909874.0,4.0788,-3.3353,-1.66,7.393299749914964,春光集团
2026-07-27,301531,47.55,48.51,48.53,46.41,29017.36,138108423.0,4.4066,0.8314,0.4,6.189227618419579,春光集团
2026-07-28,301531,47.08,46.44,48.31,46.23,26453.4,124748546.0,4.2878,-4.2672,-2.07,5.642350437155568,春光集团
2026-07-29,301531,47.03,47.9,48.54,46.06,34408.65,162737201.0,5.3402,3.1438,1.46,7.339157211149907,春光集团
2026-07-30,301531,47.32,44.92,47.93,43.96,39752.0,181433965.0,8.2881,-6.2213,-2.98,8.478861491445642,春光集团
2026-07-31,301531,47.0,46.08,49.1,46.01,41271.59,196850815.0,6.8789,2.5824,1.16,8.802980859874548,春光集团
2026-08-03,301531,46.59,46.09,47.27,45.68,23699.68,110006933.0,3.4505,0.0217,0.01,5.054998594072863,春光集团
2026-08-04,301531,47.0,48.81,49.1,46.22,40713.69,196365608.0,6.2486,5.9015,2.72,8.683984159681412,春光集团
2026-08-05,301531,48.5,51.88,52.18,48.01,48774.92,248531882.0,8.5433,6.2897,3.07,10.40339582753929,春光集团
2026-08-06,301531,51.35,51.15,53.5,50.38,43095.1,221895468.0,6.0139,-1.4071,-0.73,9.191924528577156,春光集团
2026-08-07,301531,50.5,51.98,52.51,50.5,39061.41,202428987.0,3.9296,1.6227,0.83,8.331562815721718,春光集团
2026-08-10,301531,52.0,51.5,52.48,50.5,28912.47,147850305.0,3.8092,-0.9234,-0.48,6.166855214972262,春光集团
2026-08-11,301531,51.0,51.38,52.49,50.42,25785.09,132803106.0,4.0194,-0.233,-0.12,5.4998039508568155,春光集团
2026-08-12,301531,51.08,51.25,51.72,50.89,16592.24,84911921.0,1.6154,-0.253,-0.13,3.5390245721680422,春光集团
2026-08-13,301531,51.79,50.68,52.68,50.66,29798.64,154808120.0,3.9415,-1.1122,-0.57,6.3558699233611335,春光集团
2026-08-14,301531,50.99,53.2,53.5,50.55,41120.41,214337628.0,5.8208,4.9724,2.52,8.77073507902637,春光集团
2026-08-17,301531,54.2,54.68,54.68,53.0,41067.08,221646222.0,3.1579,2.782,1.48,8.759360112148256,春光集团
2026-08-18,301531,53.99,54.03,55.05,53.11,29655.03,160297509.0,3.5479,-1.1887,-0.65,6.325238777788924,春光集团
2026-08-19,301531,52.88,49.51,52.9,49.5,33838.97,172205293.0,6.2928,-8.3657,-4.52,7.217647908109889,春光集团
2026-08-20,301531,50.5,50.35,51.5,49.91,23069.17,116618096.0,3.2115,1.6966,0.84,4.920514619455953,春光集团
2026-08-21,301531,49.52,49.85,50.32,48.75,18582.63,92257344.0,3.1182,-0.993,-0.5,3.96356273688827,春光集团
2026-08-24,301531,50.06,48.35,50.4,47.11,21012.71,101404267.0,6.5998,-3.009,-1.5,4.481884122809286,春光集团
2026-06-25,301533,24.64,24.3,24.85,24.06,11972.78,29160859.0,,,,4.193735726395135,威马农机
2026-06-26,301533,24.03,23.5,24.15,23.31,9060.97,21434129.0,3.4568,-3.2922,-0.8,3.173808723186639,威马农机
2026-06-29,301533,23.31,23.69,23.91,22.58,13072.46,30623045.0,5.6596,0.8085,0.19,4.578923402407073,威马农机
2026-06-30,301533,23.45,23.66,24.64,23.38,12407.46,29510622.0,5.3187,-0.1266,-0.03,4.345992181917532,威马农机
2026-07-01,301533,23.68,24.3,24.68,23.38,15320.56,37010386.0,5.4945,2.705,0.64,5.366371036666527,威马农机
2026-07-02,301533,24.41,24.75,25.2,24.13,14501.0,36042921.0,4.4033,1.8519,0.45,5.079301696720048,威马农机
2026-07-03,301533,25.5,25.51,25.75,24.5,16436.16,41502532.0,5.0505,3.0707,0.76,5.757135051069732,威马农机
2026-07-06,301533,25.3,25.09,25.75,25.07,12148.0,30747628.0,2.6656,-1.6464,-0.42,4.255110475950289,威马农机
2026-07-07,301533,25.11,24.01,25.22,24.0,9591.72,23422261.0,4.8625,-4.3045,-1.08,3.359715858938254,威马农机
2026-07-08,301533,24.15,23.59,24.21,23.44,9744.0,23072876.0,3.207,-1.7493,-0.42,3.4130553570677984,威马农机
2026-07-09,301533,23.6,23.58,23.78,22.9,9016.0,21090812.0,3.7304,-0.0424,-0.01,3.1580569683213535,威马农机
2026-07-10,301533,23.65,24.18,24.72,23.22,13544.1,32704809.0,6.3613,2.5445,0.6,4.744125929973519,威马农机
2026-07-13,301533,24.04,23.19,24.18,23.11,8051.0,18861107.0,4.4251,-4.0943,-0.99,2.820043994227509,威马农机
2026-07-14,301533,23.13,23.65,23.73,22.85,9343.0,21865054.0,3.7947,1.9836,0.46,3.2725960797500453,威马农机
2026-07-15,301533,23.65,24.06,24.15,23.26,7343.1,17562962.0,3.7632,1.7336,0.41,2.5720860829725525,威马农机
2026-07-16,301533,24.07,24.65,25.02,23.9,10541.72,25973750.0,4.655,2.4522,0.59,3.6924747453518836,威马农机
2026-07-17,301533,24.7,23.68,25.01,23.48,13563.0,32771608.0,6.2069,-3.9351,-0.97,4.7507460804505905,威马农机
2026-07-20,301533,23.85,23.18,24.49,22.83,12243.8,28893063.0,7.0101,-2.1115,-0.5,4.288666582601264,威马农机
2026-07-21,301533,23.05,22.7,23.17,22.0,14929.15,33830320.0,5.0475,-2.0708,-0.48,5.229270872738991,威马农机
2026-07-22,301533,22.7,22.36,22.94,22.12,11305.0,25343557.0,3.6123,-1.4978,-0.34,3.9598307483221946,威马农机
2026-07-23,301533,22.88,23.57,23.63,22.7,15532.0,35998757.0,4.1592,5.4114,1.21,5.44043265660684,威马农机
2026-07-24,301533,23.0,22.96,23.55,22.7,10778.0,24834345.0,3.6063,-2.588,-0.61,3.775237134490634,威马农机
2026-07-27,301533,22.85,23.62,23.77,22.7,8726.25,20526127.0,4.6603,2.8746,0.66,3.056565507965197,威马农机
2026-07-28,301533,23.54,24.2,24.73,23.45,15379.5,37465802.0,5.4191,2.4555,0.58,5.3870160985246525,威马农机
2026-07-29,301533,24.06,24.5,24.68,24.06,10980.0,26798541.0,2.562,1.2397,0.3,3.845992181917532,威马农机
2026-07-30,301533,24.3,24.62,24.94,24.21,9354.57,22993472.0,2.9796,0.4898,0.12,3.2766487327140514,威马农机
2026-07-31,301533,24.75,24.96,25.04,24.64,9746.0,24236760.0,1.6247,1.381,0.34,3.413755902091827,威马农机
2026-08-03,301533,24.93,25.56,25.64,24.93,10556.0,26797505.0,2.8446,2.4038,0.6,3.697476636823448,威马农机
2026-08-04,301533,25.6,25.25,25.74,25.23,10187.0,25909114.0,1.9953,-1.2128,-0.31,3.568226079890154,威马农机
2026-08-05,301533,25.3,25.26,25.55,24.99,10754.0,27168049.0,2.2178,0.0396,0.01,3.7668305942022897,威马农机
2026-08-06,301533,25.45,25.96,26.02,24.93,13945.76,35362372.0,4.3151,2.7712,0.7,4.884816387149201,威马农机
2026-08-07,301533,25.86,25.35,25.96,25.05,11929.0,30192582.0,3.5054,-2.3498,-0.61,4.178400795819147,威马农机
2026-08-10,301533,25.56,26.5,26.52,25.35,16061.41,41969355.0,4.6154,4.5365,1.15,5.625870427192356,威马农机
2026-08-11,301533,26.75,26.16,26.75,25.93,8287.29,21704959.0,3.0943,-1.283,-0.34,2.902809886091379,威马农机
2026-08-12,301533,26.7,26.74,27.3,26.21,15452.2,41560390.0,4.1667,2.2171,0.58,5.412480910148095,威马农机
2026-08-13,301533,27.0,26.14,27.05,26.14,10238.6,27145463.0,3.4031,-2.2438,-0.6,3.5863001415100944,威马农机
2026-08-14,301533,26.15,26.2,26.5,26.03,8121.0,21263821.0,1.798,0.2295,0.06,2.8445630700685136,威马农机
2026-08-17,301533,26.57,27.56,27.62,25.98,15738.99,42780421.0,6.2595,5.1908,1.36,5.51293556386869,威马农机
2026-08-18,301533,27.5,28.01,28.31,27.17,19418.23,54090664.0,4.1364,1.6328,0.45,6.801672200972357,威马农机
2026-08-19,301533,28.0,26.87,28.0,26.81,14771.0,40120204.0,4.2485,-4.07,-1.14,5.173875274963922,威马农机
2026-08-20,301533,27.02,26.98,27.4,26.78,10050.3,27201686.0,2.3074,0.4094,0.11,3.5203438274977934,威马农机
2026-08-21,301533,26.88,26.94,27.2,26.3,8177.56,21873039.0,3.3358,-0.1483,-0.04,2.8643744833480445,威马农机
2026-08-24,301533,27.01,26.69,27.05,26.32,9252.0,24618364.0,2.7097,-0.928,-0.25,3.2407212811567403,威马农机
2026-06-25,301535,13.88,13.56,14.64,13.34,52267.61,71614526.0,,,,3.0782570659242046,浙江华远
2026-06-26,301535,13.4,13.18,13.76,13.02,40378.54,53681949.0,5.4572,-2.8024,-0.38,2.3780602569488662,浙江华远
2026-06-29,301535,13.15,13.55,13.7,12.73,50224.04,66520103.0,7.3596,2.8073,0.37,2.957902724254273,浙江华远
2026-06-30,301535,13.4,13.42,13.69,13.32,26001.34,34946765.0,2.7306,-0.9594,-0.13,1.5313271178555448,浙江华远
2026-07-01,301535,13.42,13.66,14.02,13.35,39898.42,54852724.0,4.9925,1.7884,0.24,2.349783992116946,浙江华远
2026-07-02,301535,13.51,13.98,14.75,13.4,57584.0,81796912.0,9.8829,2.3426,0.32,3.3913613973200496,浙江华远
2026-07-03,301535,13.99,14.61,15.04,13.99,48755.89,70896792.0,7.5107,4.5064,0.63,2.8714372610097008,浙江华远
2026-07-06,301535,14.64,14.12,14.89,14.09,34321.32,49218124.0,5.4757,-3.3539,-0.49,2.0213253638696265,浙江华远
2026-07-07,301535,14.02,13.6,14.4,13.56,25833.0,35793822.0,5.949,-3.6827,-0.52,1.521412874704238,浙江华远
2026-07-08,301535,13.68,13.21,13.68,13.12,23737.0,31529887.0,4.1176,-2.8676,-0.39,1.397970712145492,浙江华远
2026-07-09,301535,13.07,13.13,13.25,12.65,26114.87,33943977.0,4.542,-0.6056,-0.08,1.538013372013605,浙江华远
2026-07-10,301535,13.17,13.28,13.61,12.91,25959.4,34597986.0,5.3313,1.1424,0.15,1.5288570967211395,浙江华远
2026-07-13,301535,13.29,12.69,13.34,12.64,24666.0,31740540.0,5.2711,-4.4428,-0.59,1.4526833882032568,浙江华远
2026-07-14,301535,12.56,12.79,12.81,12.46,19374.42,24486455.0,2.7581,0.788,0.1,1.141040220954875,浙江华远
2026-07-15,301535,12.8,12.83,13.02,12.61,17443.0,22405179.0,3.2056,0.3127,0.04,1.0272908595000976,浙江华远
2026-07-16,301535,12.77,12.94,13.26,12.61,24499.0,31787385.0,5.0663,0.8574,0.11,1.4428480632283949,浙江华远
2026-07-17,301535,12.91,12.37,13.16,12.26,26725.0,33850251.0,6.9552,-4.4049,-0.57,1.5739464667855363,浙江华远
2026-07-20,301535,12.29,12.17,12.77,11.92,36753.78,45278399.0,6.8715,-1.6168,-0.2,2.1645830560154504,浙江华远
2026-07-21,301535,12.09,12.31,12.4,11.71,34725.77,41969570.0,5.6697,1.1504,0.14,2.045145107498865,浙江华远
2026-07-22,301535,12.11,13.4,13.55,12.01,68854.15,88514071.0,12.5102,8.8546,1.09,4.055107431843642,浙江华远
2026-07-23,301535,13.34,14.35,14.56,13.14,107652.26,152024287.0,10.597,7.0896,0.95,6.340089589091784,浙江华远
2026-07-24,301535,14.1,16.41,16.78,13.85,142753.65,222979494.0,20.4181,14.3554,2.06,8.40735652154309,浙江华远
2026-07-27,301535,16.75,16.88,16.9,15.01,139462.82,225413754.0,11.5174,2.8641,0.47,8.213545847968092,浙江华远
2026-07-28,301535,16.77,16.7,17.35,16.4,93732.2,158497837.0,5.628,-1.0664,-0.18,5.520279326998512,浙江华远
2026-07-29,301535,16.65,17.03,17.28,16.58,97270.41,165408716.0,4.1916,1.976,0.33,5.728659238251843,浙江华远
2026-07-30,301535,17.03,17.32,17.67,16.51,80817.39,139151070.0,6.8115,1.7029,0.29,4.759672420779372,浙江华远
2026-07-31,301535,16.8,16.49,17.32,16.43,78168.38,130264611.0,5.1386,-4.7921,-0.83,4.603661197955067,浙江华远
2026-08-03,301535,16.44,16.33,16.63,16.16,56968.22,92967741.0,2.8502,-0.9703,-0.16,3.355095550535496,浙江华远
2026-08-04,301535,16.33,16.88,17.01,16.18,67820.18,113425590.0,5.0827,3.368,0.55,3.994212635650481,浙江华远
2026-08-05,301535,16.71,16.81,16.98,16.34,48394.18,80913854.0,3.7915,-0.4147,-0.07,2.850134653844089,浙江华远
2026-08-06,301535,16.65,15.59,16.92,15.36,88582.72,141687803.0,9.2802,-7.2576,-1.22,5.217005020102992,浙江华远
2026-08-07,301535,15.73,15.25,15.83,15.06,63118.0,96747245.0,4.9391,-2.1809,-0.34,3.717281687205593,浙江华远
2026-08-10,301535,15.37,16.16,16.35,15.33,66028.3,104655807.0,6.6885,5.9672,0.91,3.888681365495058,浙江华远
2026-08-11,301535,16.16,15.98,16.18,15.75,38608.4,61522012.0,2.6609,-1.1139,-0.18,2.2738093458650215,浙江华远
2026-08-12,301535,15.83,15.84,15.89,15.6,30439.24,47967678.0,1.8148,-0.8761,-0.14,1.7926935172923093,浙江华远
2026-08-13,301535,15.77,15.86,16.33,15.56,43243.89,68763516.0,4.8611,0.1263,0.02,2.546812642677732,浙江华远
2026-08-14,301535,15.88,15.46,16.14,15.32,33302.53,52003863.0,5.1702,-2.5221,-0.4,1.9613245810484312,浙江华远
2026-08-17,301535,15.44,15.5,15.58,15.29,23545.86,36452441.0,1.8758,0.2587,0.04,1.3867136821113897,浙江华远
2026-08-18,301535,15.49,15.26,15.64,15.07,25748.79,39148294.0,3.6774,-1.5484,-0.24,1.5164533973621235,浙江华远
2026-08-19,301535,15.11,14.33,15.21,14.33,26778.34,39189732.0,5.7667,-6.0944,-0.93,1.5770878813613394,浙江华远
2026-08-20,301535,14.44,14.25,14.63,14.22,21565.0,31021138.0,2.8611,-0.5583,-0.08,1.2700525933107611,浙江华远
2026-08-21,301535,14.38,14.7,14.97,13.95,46327.33,67325224.0,7.1579,3.1579,0.45,2.728409256093829,浙江华远
2026-08-24,301535,14.78,14.49,14.86,14.36,27651.32,40307209.0,3.4014,-1.4286,-0.21,1.628501306490411,浙江华远
2026-06-25,301536,122.3,127.85,128.88,120.0,146814.85,1826200561.0,,,,7.842955907248414,星宸科技
2026-06-26,301536,129.88,124.42,133.08,123.5,142073.36,1806229961.0,7.4932,-2.6828,-3.43,7.589662068071659,星宸科技
2026-06-29,301536,125.63,120.83,128.23,116.31,139352.79,1687873131.0,9.5805,-2.8854,-3.59,7.444327242932494,星宸科技
2026-06-30,301536,122.14,128.71,128.96,122.14,91143.39,1149610111.0,5.6443,6.5216,7.88,4.868946084181171,星宸科技
2026-07-01,301536,128.9,123.35,130.18,122.34,105797.93,1332988719.0,6.0912,-4.1644,-5.36,5.651802253437947,星宸科技
2026-07-02,301536,120.89,116.0,123.9,115.27,108868.24,1301239229.0,6.9964,-5.9587,-7.35,5.815820443366173,星宸科技
2026-07-03,301536,115.75,117.5,120.6,113.88,84450.99,990334026.0,5.7931,1.2931,1.5,4.5114332160096655,星宸科技
2026-07-06,301536,119.56,116.42,119.99,112.3,75687.89,882111459.0,6.5447,-0.9191,-1.08,4.043302050049216,星宸科技
2026-07-07,301536,116.26,115.23,121.19,113.5,79636.67,929887747.0,6.6054,-1.0222,-1.19,4.254248745342127,星宸科技
2026-07-08,301536,116.8,115.06,119.98,111.4,88108.76,1022130690.0,7.446,-0.1475,-0.17,4.706833945764565,星宸科技
2026-07-09,301536,115.68,122.6,122.98,111.0,99183.81,1158884798.0,10.412,6.5531,7.54,5.298471159715139,星宸科技
2026-07-10,301536,122.93,118.01,127.5,117.6,115179.93,1420108761.0,8.075,-3.7439,-4.59,6.152995506857507,星宸科技
2026-07-13,301536,116.32,111.15,120.36,110.34,108140.88,1241078491.0,8.4908,-5.8131,-6.86,5.7769643439409695,星宸科技
2026-07-14,301536,112.54,112.52,114.28,106.66,97337.19,1081619522.0,6.8556,1.2326,1.37,5.199823378258134,星宸科技
2026-07-15,301536,114.77,107.07,117.34,105.51,85320.0,934167372.0,10.5137,-4.8436,-5.45,4.557856361304287,星宸科技
2026-07-16,301536,106.64,104.0,114.0,102.2,104993.66,1133712660.0,11.0208,-2.8673,-3.07,5.6088375659589715,星宸科技
2026-07-17,301536,103.57,91.85,104.0,90.5,138908.9,1345161406.0,12.9808,-11.6827,-12.15,7.420614316769586,星宸科技
2026-07-20,301536,110.22,106.65,110.22,104.59,283394.45,3075327493.0,6.1296,16.1132,14.8,15.139137326427916,星宸科技
2026-07-21,301536,110.0,122.18,123.91,105.28,355760.02,4052937342.0,17.4684,14.5617,15.53,19.004958629333572,星宸科技
2026-07-22,301536,119.73,137.0,146.62,119.73,377893.16,5031314298.0,22.0085,12.1296,14.82,20.187327041717985,星宸科技
2026-07-23,301536,138.47,131.45,139.8,129.0,272409.31,3615183275.0,7.8832,-4.0511,-5.55,14.552303169972006,星宸科技
2026-07-24,301536,128.15,131.8,137.12,128.1,276493.17,3665023412.0,6.8619,0.2663,0.35,14.77046593696305,星宸科技
2026-07-27,301536,132.0,130.0,133.0,120.0,257412.82,3282748630.0,9.8634,-1.3657,-1.8,13.751179783383444,星宸科技
2026-07-28,301536,124.85,118.8,127.6,117.1,220151.1,2679752578.0,8.0769,-8.6154,-11.2,11.760631640683734,星宸科技
2026-07-29,301536,120.0,125.83,137.0,119.99,305590.51,3926319680.0,14.3182,5.9175,7.03,16.32486697090625,星宸科技
2026-07-30,301536,123.53,104.0,125.72,100.9,339567.04,3736709261.0,19.725,-17.3488,-21.83,18.139917878027042,星宸科技
2026-07-31,301536,113.12,113.07,117.99,108.0,264861.12,2976146147.0,9.6058,8.7212,9.07,14.149073378506541,星宸科技
2026-08-03,301536,114.0,104.31,119.99,103.5,219983.99,2421257722.0,14.5839,-7.7474,-8.76,11.75170450312469,星宸科技
2026-08-04,301536,107.04,108.61,110.2,102.03,177811.78,1898690816.0,7.8324,4.1223,4.3,9.498834418516623,星宸科技
2026-08-05,301536,109.2,114.5,116.7,109.11,212787.8,2414063869.0,6.9883,5.4231,5.89,11.36727880728955,星宸科技
2026-08-06,301536,111.0,119.0,122.2,110.5,202621.88,2387108539.0,10.2183,3.9301,4.5,10.824207978169643,星宸科技
2026-08-07,301536,118.79,122.7,124.14,117.6,177210.97,2155321219.0,5.4958,3.1092,3.7,9.466738711994878,星宸科技
2026-08-10,301536,122.5,121.6,123.02,117.85,158629.61,1902518621.0,4.2135,-0.8965,-1.1,8.474108966593038,星宸科技
2026-08-11,301536,120.41,125.79,128.1,120.08,168018.15,2094911393.0,6.5954,3.4457,4.19,8.975651591562093,星宸科技
2026-08-12,301536,124.54,124.41,126.99,122.62,125873.98,1567413615.0,3.474,-1.0971,-1.38,6.724279424117306,星宸科技
2026-08-13,301536,126.5,122.3,127.99,122.3,156616.65,1967201354.0,4.5736,-1.696,-2.11,8.36657518153618,星宸科技
2026-08-14,301536,124.29,122.31,127.84,120.46,138887.61,1720585466.0,6.0343,0.0082,0.01,7.419476989508309,星宸科技
2026-08-17,301536,123.04,129.67,129.82,122.35,171382.94,2175271662.0,6.1074,6.0175,7.36,9.155401116948322,星宸科技
2026-08-18,301536,128.58,128.18,130.33,124.76,133575.01,1702822724.0,4.2955,-1.1491,-1.49,7.135674039378618,星宸科技
2026-08-19,301536,124.28,115.65,125.47,114.62,156873.58,1877852600.0,8.4647,-9.7753,-12.53,8.38030056872453,星宸科技
2026-08-20,301536,118.02,117.4,121.33,115.91,107514.76,1273035305.0,4.6866,1.5132,1.75,5.743516558838533,星宸科技
2026-08-21,301536,116.91,117.1,119.3,115.5,83884.74,981838227.0,3.2368,-0.2555,-0.3,4.481183729786172,星宸科技
2026-08-24,301536,117.17,114.31,117.7,111.2,106192.81,1210884937.0,5.5508,-2.3826,-2.79,5.6728970298086905,星宸科技
2026-06-25,301538,56.76,51.88,57.03,51.71,53213.18,286805374.0,,,,12.17482869488488,骏鼎达
2026-06-26,301538,52.0,49.35,52.0,49.31,26427.18,133053840.0,5.185,-4.8766,-2.53,6.046366508990589,骏鼎达
2026-06-29,301538,49.85,50.1,51.48,48.39,36220.4,179761608.0,6.2614,1.5198,0.75,8.286991404389068,骏鼎达
2026-06-30,301538,50.18,50.37,50.62,49.38,29142.4,146091856.0,2.475,0.5389,0.27,6.667591144859472,骏鼎达
2026-07-01,301538,50.12,50.98,51.2,49.25,29614.57,148675693.0,3.8714,1.211,0.61,6.775620562850724,骏鼎达
2026-07-02,301538,50.4,51.92,55.49,50.0,45689.1,244114972.0,10.7689,1.8439,0.94,10.453368239287048,骏鼎达
2026-07-03,301538,52.71,54.17,56.0,52.45,40046.42,217370339.0,6.8374,4.3336,2.25,9.162359839111508,骏鼎达
2026-07-06,301538,53.83,50.3,54.82,50.01,32590.65,168322069.0,8.8795,-7.1442,-3.87,7.456528266210551,骏鼎达
2026-07-07,301538,50.3,47.43,50.76,47.1,33027.23,159709346.0,7.2763,-5.7058,-2.87,7.556414924207927,骏鼎达
2026-07-08,301538,47.6,44.48,47.62,44.4,26565.59,120177879.0,6.789,-6.2197,-2.95,6.078033814715581,骏鼎达
2026-07-09,301538,45.08,44.02,45.08,42.04,29136.41,126342090.0,6.8345,-1.0342,-0.46,6.666220671907426,骏鼎达
2026-07-10,301538,43.9,44.31,45.7,43.9,33709.71,151230403.0,4.0891,0.6588,0.29,7.712561899218348,骏鼎达
2026-07-13,301538,44.53,41.23,44.63,41.17,23932.24,101071848.0,7.8086,-6.951,-3.08,5.475540501147869,骏鼎达
2026-07-14,301538,41.19,41.38,42.07,40.2,23521.98,96806572.0,4.5355,0.3638,0.15,5.381675687574174,骏鼎达
2026-07-15,301538,41.27,40.7,41.56,40.2,24104.62,98146695.0,3.2866,-1.6433,-0.68,5.514979921427285,骏鼎达
2026-07-16,301538,40.29,40.05,41.29,39.73,18581.22,74982781.0,3.8329,-1.5971,-0.65,4.251262007682474,骏鼎达
2026-07-17,301538,39.83,37.43,40.47,36.86,26167.67,101092523.0,9.0137,-6.5418,-2.62,5.986992312699189,骏鼎达
2026-07-20,301538,37.62,34.66,38.0,33.95,32059.89,114824458.0,10.8202,-7.4005,-2.77,7.335093838159133,骏鼎达
2026-07-21,301538,34.95,36.17,36.2,32.66,32354.73,112204171.0,10.2135,4.3566,1.51,7.402551308139311,骏鼎达
2026-07-22,301538,35.98,35.96,36.8,35.4,21819.27,78605474.0,3.8706,-0.5806,-0.21,4.99210673929731,骏鼎达
2026-07-23,301538,35.67,35.79,36.2,35.27,27213.02,96989561.0,2.5862,-0.4727,-0.17,6.226161578211942,骏鼎达
2026-07-24,301538,35.37,34.55,35.54,34.2,15448.28,53792477.0,3.7441,-3.4647,-1.24,3.534465758870569,骏鼎达
2026-07-27,301538,34.34,36.15,36.19,34.03,17259.38,61348147.0,6.2518,4.631,1.6,3.9488336325685145,骏鼎达
2026-07-28,301538,35.55,35.57,36.58,35.35,15800.65,56726673.0,3.4025,-1.6044,-0.58,3.6150857178209006,骏鼎达
2026-07-29,301538,35.74,35.8,36.47,34.9,22667.46,80538465.0,4.4138,0.6466,0.23,5.186167082067924,骏鼎达
2026-07-30,301538,35.49,34.53,35.78,34.33,18847.6,65968206.0,4.0503,-3.5475,-1.27,4.3122080151893245,骏鼎达
2026-07-31,301538,35.36,36.11,37.08,35.18,27011.22,97998225.0,5.5025,4.5757,1.58,6.1799910537173,骏鼎达
2026-08-03,301538,36.47,37.1,37.25,35.88,23319.76,85734378.0,3.794,2.7416,0.99,5.335409069817452,骏鼎达
2026-08-04,301538,37.41,38.17,38.46,36.36,26748.04,100888062.0,5.6604,2.8841,1.07,6.119777185350107,骏鼎达
2026-08-05,301538,38.18,39.29,39.3,37.94,25645.32,99782527.0,3.563,2.9342,1.12,5.8674820378241845,骏鼎达
2026-08-06,301538,39.31,39.49,39.9,38.66,19967.74,78519462.0,3.156,0.509,0.2,4.568488745156757,骏鼎达
2026-08-07,301538,39.59,39.94,40.1,38.55,18652.26,73575081.0,3.925,1.1395,0.45,4.267515496582867,骏鼎达
2026-08-10,301538,40.0,39.67,40.2,39.02,16480.57,64934643.0,2.9544,-0.676,-0.27,3.770646981519595,骏鼎达
2026-08-11,301538,39.5,39.75,40.58,39.1,16407.82,65243161.0,3.7308,0.2017,0.08,3.754002255766448,骏鼎达
2026-08-12,301538,39.62,40.24,40.37,39.62,11954.76,47951033.0,1.8868,1.2327,0.49,2.7351711566281507,骏鼎达
2026-08-13,301538,40.28,39.26,40.88,39.21,16265.89,65216450.0,4.1501,-2.4354,-0.98,3.7215295969878333,骏鼎达
2026-08-14,301538,39.26,39.26,39.72,38.63,13364.12,52392721.0,2.7764,0.0,0.0,3.057623537211738,骏鼎达
2026-08-17,301538,39.5,40.37,40.57,39.21,20532.2,82030479.0,3.4641,2.8273,1.11,4.69763351352269,骏鼎达
2026-08-18,301538,40.0,42.51,42.77,39.3,52068.36,215589456.0,8.5955,5.301,2.14,11.912901341802842,骏鼎达
2026-08-19,301538,41.75,38.01,41.75,37.81,49757.17,193824693.0,9.2684,-10.5857,-4.5,11.384116136120133,骏鼎达
2026-08-20,301538,38.6,38.3,40.5,38.0,33679.23,130500797.0,6.5772,0.763,0.29,7.705588273913111,骏鼎达
2026-08-21,301538,37.24,38.0,38.35,36.91,21593.6,81754532.0,3.7598,-0.7833,-0.3,4.940474914407787,骏鼎达
2026-08-24,301538,38.07,37.35,38.07,36.59,14983.6,55701555.0,3.8947,-1.7105,-0.65,3.4281500040530766,骏鼎达
2026-06-25,301539,13.66,13.38,13.93,13.08,21220.98,28606617.0,,,,2.8271363997545063,宏鑫科技
2026-06-26,301539,13.37,13.15,13.42,12.9,19522.0,25892465.0,3.8864,-1.719,-0.23,2.6007920838720677,宏鑫科技
2026-06-29,301539,13.04,13.15,13.25,12.7,16873.0,22074550.0,4.1825,0.0,0.0,2.2478826365727587,宏鑫科技
2026-06-30,301539,13.22,13.0,13.27,12.87,14590.0,19128723.0,3.0418,-1.1407,-0.15,1.943733044959198,宏鑫科技
2026-07-01,301539,13.12,13.27,13.5,12.96,20611.39,27428600.0,4.1538,2.0769,0.27,2.7459245953078524,宏鑫科技
2026-07-02,301539,13.28,13.29,13.74,13.28,17509.0,23762146.0,3.4665,0.1507,0.02,2.3326128776004524,宏鑫科技
2026-07-03,301539,13.62,14.69,15.12,13.43,47765.49,68949645.0,12.7163,10.5342,1.4,6.363492893877185,宏鑫科技
2026-07-06,301539,14.52,14.15,14.85,13.93,33438.14,48301501.0,6.2628,-3.676,-0.54,4.454751040436735,宏鑫科技
2026-07-07,301539,13.93,15.06,15.76,13.5,62182.62,92275421.0,15.9717,6.4311,0.91,8.28419556656208,宏鑫科技
2026-07-08,301539,14.87,13.85,14.87,13.65,46957.06,65964764.0,8.1009,-8.0345,-1.21,6.25579089898093,宏鑫科技
2026-07-09,301539,13.68,13.52,13.89,13.16,32451.48,43936807.0,5.2708,-2.3827,-0.33,4.323304594505313,宏鑫科技
2026-07-10,301539,13.72,14.05,14.2,13.24,31585.12,43625110.0,7.1006,3.9201,0.53,4.2078849535984695,宏鑫科技
2026-07-13,301539,13.89,13.31,13.97,13.23,23900.42,32233547.0,5.2669,-5.2669,-0.74,3.184101174941996,宏鑫科技
2026-07-14,301539,13.35,13.6,13.63,13.05,17264.85,23072133.0,4.3576,2.1788,0.29,2.3000863235958744,宏鑫科技
2026-07-15,301539,13.47,13.91,13.97,13.42,15746.0,21688680.0,4.0441,2.2794,0.31,2.0977395836824906,宏鑫科技
2026-07-16,301539,13.72,14.25,14.36,13.65,18340.0,25978276.0,5.1042,2.4443,0.34,2.4433217302639956,宏鑫科技
2026-07-17,301539,14.12,13.95,14.46,13.64,22349.0,31427406.0,5.7544,-2.1053,-0.3,2.9774153407671777,宏鑫科技
2026-07-20,301539,13.74,13.33,14.4,13.01,21583.57,29517722.0,9.9642,-4.4444,-0.62,2.8754419627957506,宏鑫科技
2026-07-21,301539,13.3,13.64,13.66,12.35,34044.12,44216567.0,9.8275,2.3256,0.31,4.535481907509001,宏鑫科技
2026-07-22,301539,13.6,13.02,13.8,12.96,20384.0,26955998.0,6.1584,-4.5455,-0.62,2.7156308696674634,宏鑫科技
2026-07-23,301539,12.83,13.24,13.31,12.79,11856.0,15539048.0,3.9939,1.6897,0.22,1.5794995874596471,宏鑫科技
2026-07-24,301539,13.2,12.81,13.26,12.79,12428.04,16093328.0,3.5498,-3.2477,-0.43,1.655708843870782,宏鑫科技
2026-07-27,301539,12.85,13.25,13.42,12.85,16085.0,21217751.0,4.4496,3.4348,0.44,2.142902400834044,宏鑫科技
2026-07-28,301539,13.15,13.25,13.51,13.0,13357.0,17771367.0,3.8491,0.0,0.0,1.7794682852309809,宏鑫科技
2026-07-29,301539,13.25,13.53,13.65,13.25,14075.0,19002339.0,3.0189,2.1132,0.28,1.8751228655106726,宏鑫科技
2026-07-30,301539,13.53,13.54,13.88,13.42,14517.0,19878516.0,3.3999,0.0739,0.01,1.9340077185519313,宏鑫科技
2026-07-31,301539,13.53,13.95,14.0,13.53,18997.0,26297442.0,3.4712,3.0281,0.41,2.530849667929396,宏鑫科技
2026-08-03,301539,13.95,14.33,14.33,13.95,13991.0,19823449.0,2.724,2.724,0.38,1.863932078959845,宏鑫科技
2026-08-04,301539,14.33,14.31,14.46,14.18,15417.0,22097912.0,1.9539,-0.1396,-0.02,2.053909003025083,宏鑫科技
2026-08-05,301539,14.45,14.21,14.5,13.95,23655.82,33671587.0,3.8435,-0.6988,-0.1,3.1515146702951817,宏鑫科技
2026-08-06,301539,14.27,14.2,14.27,13.94,15356.56,21689462.0,2.3223,-0.0704,-0.01,2.0458569656544636,宏鑫科技
2026-08-07,301539,14.2,14.26,14.37,13.9,14451.0,20410817.0,3.3099,0.4225,0.06,1.9252149576905668,宏鑫科技
2026-08-10,301539,14.29,15.02,15.13,14.19,28160.0,41537766.0,6.5919,5.3296,0.76,3.751577967515492,宏鑫科技
2026-08-11,301539,15.0,14.9,15.0,14.64,16856.0,24957926.0,2.3968,-0.7989,-0.12,2.2456178345327102,宏鑫科技
2026-08-12,301539,14.82,14.92,14.99,14.79,9604.0,14298262.0,1.3423,0.1342,0.02,1.2794799289779395,宏鑫科技
2026-08-13,301539,15.07,14.65,15.07,14.64,11928.0,17679051.0,2.882,-1.8097,-0.27,1.5890916902174992,宏鑫科技
2026-08-14,301539,14.91,14.75,14.91,14.59,10863.0,16006829.0,2.1843,0.6826,0.1,1.4472085035909368,宏鑫科技
2026-08-17,301539,14.8,15.02,15.08,14.63,13524.0,20176714.0,3.0508,1.8305,0.27,1.801716634683221,宏鑫科技
2026-08-18,301539,14.94,14.93,15.04,14.75,11511.0,17116213.0,1.9308,-0.5992,-0.09,1.533537428411606,宏鑫科技
2026-08-19,301539,14.79,14.42,14.9,14.37,12916.0,18822406.0,3.5499,-3.4159,-0.51,1.7207166558391367,宏鑫科技
2026-08-20,301539,14.6,14.73,14.86,14.47,12254.0,18030351.0,2.7046,2.1498,0.31,1.632522599926663,宏鑫科技
2026-08-21,301539,14.72,14.6,14.76,14.28,9199.0,13370309.0,3.2587,-0.8826,-0.13,1.2255243509650215,宏鑫科技
2026-08-24,301539,14.69,14.54,14.78,14.38,11178.0,16250803.0,2.7397,-0.411,-0.06,1.4891739531565398,宏鑫科技
2026-06-25,301548,93.54,94.33,97.86,92.02,44062.63,415565661.0,,,,15.094155738273232,崇德科技
2026-06-26,301548,94.14,92.3,95.5,88.8,38259.12,351392106.0,7.1027,-2.152,-2.03,13.10609729127118,崇德科技
2026-06-29,301548,92.3,86.07,92.73,84.8,40660.5,355901295.0,8.5915,-6.7497,-6.23,13.928717359723167,崇德科技
2026-06-30,301548,86.06,88.77,89.49,85.0,30086.86,262310060.0,5.2167,3.137,2.7,10.306596553942047,崇德科技
2026-07-01,301548,88.2,92.16,93.93,88.2,35384.08,323841221.0,6.4549,3.8189,3.39,12.121219595278792,崇德科技
2026-07-02,301548,90.32,90.49,96.68,88.5,30970.62,286659134.0,8.8759,-1.8121,-1.67,10.60933860713443,崇德科技
2026-07-03,301548,90.18,90.43,94.27,89.5,31490.94,288865843.0,5.2713,-0.0663,-0.06,10.787580149088198,崇德科技
2026-07-06,301548,89.54,92.23,94.2,88.53,33506.73,308232142.0,6.27,1.9905,1.8,11.47811197153397,崇德科技
2026-07-07,301548,91.31,84.88,92.66,84.77,32396.23,284797599.0,8.5547,-7.9692,-7.35,11.097697548986964,崇德科技
2026-07-08,301548,85.8,82.61,86.67,80.57,29567.4,247009006.0,7.1866,-2.6744,-2.27,10.128649614782868,崇德科技
2026-07-09,301548,82.72,84.34,84.69,79.69,18304.34,150683547.0,6.0525,2.0942,1.73,6.270360136158561,崇德科技
2026-07-10,301548,85.0,82.39,86.6,82.1,17510.34,147896943.0,5.3355,-2.3121,-1.95,5.998366393247869,崇德科技
2026-07-13,301548,81.44,71.45,82.0,71.2,29742.57,223761107.0,13.1084,-13.2783,-10.94,10.188656093303857,崇德科技
2026-07-14,301548,71.87,71.33,72.28,69.0,23081.62,163657455.0,4.5906,-0.1679,-0.12,7.90687180886938,崇德科技
2026-07-15,301548,71.52,74.31,75.6,71.45,26578.68,196327615.0,5.818,4.1778,2.98,9.104829540082559,崇德科技
2026-07-16,301548,73.0,70.6,74.38,70.02,20446.9,147075275.0,5.8673,-4.9926,-3.71,7.004318465894999,崇德科技
2026-07-17,301548,70.6,65.95,71.69,65.3,25525.29,174062056.0,9.051,-6.5864,-4.65,8.743978798464557,崇德科技
2026-07-20,301548,67.0,59.29,67.66,57.53,25420.31,158489917.0,15.3601,-10.0986,-6.66,8.708016703841428,崇德科技
2026-07-21,301548,59.46,63.95,64.1,54.0,32506.86,194454742.0,17.0349,7.8597,4.66,11.13559511545826,崇德科技
2026-07-22,301548,63.2,61.55,64.5,60.62,18879.69,117851180.0,6.0672,-3.7529,-2.4,6.467452831352095,崇德科技
2026-07-23,301548,62.0,61.72,62.81,60.57,13373.53,82410528.0,3.6393,0.2762,0.17,4.581255013385928,崇德科技
2026-07-24,301548,61.72,60.56,62.0,59.34,13514.96,81673698.0,4.3098,-1.8795,-1.16,4.62970347064016,崇德科技
2026-07-27,301548,60.57,62.77,62.94,59.15,18107.19,110948435.0,6.2583,3.6493,2.21,6.202824158306113,崇德科技
2026-07-28,301548,62.05,59.72,62.49,59.2,12443.57,75542261.0,5.2414,-4.859,-3.05,4.262686624019144,崇德科技
2026-07-29,301548,59.98,59.74,60.4,57.86,16274.0,96236474.0,4.2532,0.0335,0.02,5.574844045502019,崇德科技
2026-07-30,301548,59.74,54.99,60.08,54.71,25094.49,141554654.0,8.989,-7.9511,-4.75,8.59640335205911,崇德科技
2026-07-31,301548,57.5,57.02,60.25,56.88,24767.92,145334916.0,6.1284,3.6916,2.03,8.484533079234998,崇德科技
2026-08-03,301548,58.0,59.2,60.65,57.5,24842.22,147660705.0,5.5244,3.8232,2.18,8.50998539044188,崇德科技
2026-08-04,301548,59.84,61.93,62.0,58.83,25777.43,157248987.0,5.3547,4.6115,2.73,8.83035222710121,崇德科技
2026-08-05,301548,61.9,63.96,64.48,61.2,19470.02,123465463.0,5.2963,3.2779,2.03,6.669677096153694,崇德科技
2026-08-06,301548,63.95,64.72,64.94,63.08,17494.31,111996794.0,2.9081,1.1882,0.76,5.992875134181296,崇德科技
2026-08-07,301548,65.02,65.66,65.98,63.49,19911.87,129725715.0,3.8473,1.4524,0.94,6.821037845908213,崇德科技
2026-08-10,301548,65.83,64.63,65.83,63.5,19200.02,123729510.0,3.5486,-1.5687,-1.03,6.577185521108496,崇德科技
2026-08-11,301548,64.58,64.0,64.8,63.0,12227.0,78276463.0,2.7851,-0.9748,-0.63,4.188498103991225,崇德科技
2026-08-12,301548,64.0,64.59,65.77,63.98,13589.65,88334315.0,2.7969,0.9219,0.59,4.655289380788774,崇德科技
2026-08-13,301548,64.55,63.73,65.68,63.72,15902.04,103141148.0,3.0345,-1.3315,-0.86,5.447424911228642,崇德科技
2026-08-14,301548,64.03,64.6,64.99,63.2,11468.27,73702801.0,2.8087,1.3651,0.87,3.928586501272547,崇德科技
2026-08-17,301548,64.55,66.99,67.22,64.0,15224.95,100128152.0,4.9845,3.6997,2.39,5.21548002031252,崇德科技
2026-08-18,301548,66.95,66.02,67.11,65.54,13341.7,88305002.0,2.3436,-1.448,-0.97,4.570351284372267,崇德科技
2026-08-19,301548,65.07,60.74,65.07,60.35,18251.34,114037376.0,7.1493,-7.9976,-5.28,6.252204382538578,崇德科技
2026-08-20,301548,61.97,60.9,62.15,60.31,10263.55,62780581.0,3.0293,0.2634,0.16,3.5158959446486566,崇德科技
2026-08-21,301548,61.8,61.91,63.13,60.5,12099.61,74939320.0,4.3186,1.6585,1.01,4.144859208639343,崇德科技
2026-08-24,301548,62.74,60.7,62.74,59.01,11101.0,67002741.0,6.0249,-1.9545,-1.21,3.802773979913845,崇德科技
2026-06-25,301550,94.03,91.72,95.59,91.49,72459.5,672192042.0,,,,3.5303196255831955,斯菱智驱
2026-06-26,301550,91.69,89.43,94.26,89.4,71167.22,650286471.0,5.2987,-2.4967,-2.29,3.467358089197371,斯菱智驱
2026-06-29,301550,89.44,88.82,90.18,86.3,65926.61,581375301.0,4.3386,-0.6821,-0.61,3.2120288593099504,斯菱智驱
2026-06-30,301550,90.95,91.43,93.47,87.77,88804.61,807263736.0,6.4175,2.9385,2.61,4.326674314965763,斯菱智驱
2026-07-01,301550,90.0,96.1,98.61,89.02,132852.25,1253066404.0,10.4889,5.1077,4.67,6.472731739494271,斯菱智驱
2026-07-02,301550,99.5,102.3,107.9,97.12,194722.47,2019994428.0,11.2175,6.4516,6.2,9.487128083730015,斯菱智驱
2026-07-03,301550,105.0,109.09,112.66,102.89,197617.44,2133692597.0,9.5503,6.6373,6.79,9.628174729186782,斯菱智驱
2026-07-06,301550,109.0,101.63,109.52,100.5,143610.85,1496055814.0,8.2684,-6.8384,-7.46,6.99690450805877,斯菱智驱
2026-07-07,301550,102.5,102.58,108.78,100.6,100396.22,1043007910.0,8.0488,0.9348,0.95,4.891432397413288,斯菱智驱
2026-07-08,301550,102.27,89.45,102.5,89.41,118332.03,1117425722.0,12.7608,-12.7998,-13.13,5.765288027713405,斯菱智驱
2026-07-09,301550,90.76,86.8,91.0,84.6,99460.91,863046718.0,7.1548,-2.9625,-2.65,4.845862896533427,斯菱智驱
2026-07-10,301550,86.99,90.5,94.44,86.99,97891.2,890883975.0,8.5829,4.2627,3.7,4.7693846152939186,斯菱智驱
2026-07-13,301550,88.63,82.51,88.88,82.28,68207.33,579286957.0,7.2928,-8.8287,-7.99,3.3231484582094755,斯菱智驱
2026-07-14,301550,82.56,85.28,85.58,81.18,59480.34,497390045.0,5.3327,3.3572,2.77,2.897958330355042,斯菱智驱
2026-07-15,301550,85.96,83.57,87.28,82.95,45045.09,378700842.0,5.0774,-2.0052,-1.71,2.194654465779661,斯菱智驱
2026-07-16,301550,82.89,81.86,84.87,81.11,46201.17,382979535.0,4.4992,-2.0462,-1.71,2.2509801637591424,斯菱智驱
2026-07-17,301550,81.86,73.44,82.25,72.83,87883.14,671345355.0,11.5075,-10.2859,-8.42,4.281779116608251,斯菱智驱
2026-07-20,301550,74.68,71.0,75.88,67.91,87658.44,624506409.0,10.8524,-3.3224,-2.44,4.270831444876199,斯菱智驱
2026-07-21,301550,71.5,76.56,76.76,68.03,93130.59,680397032.0,12.2958,7.831,5.56,4.537441600054405,斯菱智驱
2026-07-22,301550,75.8,75.27,76.85,74.0,52043.32,391762835.0,3.7226,-1.685,-1.29,2.5356171927284405,斯菱智驱
2026-07-23,301550,74.44,76.28,79.15,73.8,70858.4,543594140.0,7.1077,1.3418,1.01,3.4523119833482747,斯菱智驱
2026-07-24,301550,74.71,71.57,75.55,71.44,58510.26,425639182.0,5.388,-6.1746,-4.71,2.8506947905516244,斯菱智驱
2026-07-27,301550,72.0,73.9,74.0,70.45,45042.35,326463632.0,4.9602,3.2556,2.33,2.194520969471046,斯菱智驱
2026-07-28,301550,73.44,70.66,74.62,70.5,41175.85,297251252.0,5.5751,-4.3843,-3.24,2.0061401383541124,斯菱智驱
2026-07-29,301550,71.6,68.45,72.0,67.03,57851.65,397562704.0,7.0337,-3.1277,-2.21,2.818606467990672,斯菱智驱
2026-07-30,301550,68.33,63.52,68.92,62.8,63359.76,412239112.0,8.9408,-7.2023,-4.93,3.086968640416248,斯菱智驱
2026-07-31,301550,67.38,72.44,72.78,66.88,83843.64,595306469.0,9.2884,14.0428,8.92,4.084969503961968,斯菱智驱
2026-08-03,301550,72.0,70.15,74.5,69.5,64245.49,458575369.0,6.9023,-3.1612,-2.29,3.1301225402081014,斯菱智驱
2026-08-04,301550,70.21,70.62,71.32,68.6,58491.05,411565264.0,3.8774,0.67,0.47,2.849758854752903,斯菱智驱
2026-08-05,301550,70.8,73.99,74.94,70.24,68129.86,499551103.0,6.6553,4.772,3.37,3.319374020607864,斯菱智驱
2026-08-06,301550,72.48,73.77,75.3,71.53,59728.43,441215746.0,5.0953,-0.2973,-0.22,2.9100455928383733,斯菱智驱
2026-08-07,301550,74.46,73.95,74.55,71.38,67012.86,491192263.0,4.2971,0.244,0.18,3.2649523502709665,斯菱智驱
2026-08-10,301550,74.25,72.85,75.0,71.8,46749.36,339578620.0,4.3272,-1.4875,-1.1,2.2776886825254663,斯菱智驱
2026-08-11,301550,72.06,87.42,87.42,72.06,145535.69,1173063680.0,21.0844,20.0,14.57,7.090685177648092,斯菱智驱
2026-08-12,301550,89.58,88.69,91.0,84.49,212119.37,1873069148.0,7.4468,1.4528,1.27,10.334727328747,斯菱智驱
2026-08-13,301550,88.71,91.1,93.66,87.0,176283.93,1610900707.0,7.5093,2.7173,2.41,8.588778804075853,斯菱智驱
2026-08-14,301550,90.17,88.92,92.17,87.7,103054.06,919876807.0,4.9067,-2.393,-2.18,5.020925765621183,斯菱智驱
2026-08-17,301550,88.92,90.64,91.74,86.78,106117.52,947643696.0,5.578,1.9343,1.72,5.170181459632171,斯菱智驱
2026-08-18,301550,91.0,88.85,91.0,86.33,118382.28,1044118176.0,5.1523,-1.9748,-1.79,5.7677362720593575,斯菱智驱
2026-08-19,301550,87.04,75.43,87.12,75.07,151639.99,1193412951.0,13.5622,-15.1041,-13.42,7.388094490304785,斯菱智驱
2026-08-20,301550,77.09,84.03,86.86,73.89,154723.98,1247742692.0,17.1948,11.4013,8.6,7.538350432204774,斯菱智驱
2026-08-21,301550,82.77,88.22,89.5,82.77,127644.59,1109684262.0,8.009,4.9863,4.19,6.219007875799868,斯菱智驱
2026-08-24,301550,88.22,86.88,89.99,85.8,88043.69,769618924.0,4.7495,-1.5189,-1.34,4.28960131819517,斯菱智驱
2026-06-25,301551,20.85,20.43,20.85,20.1,45204.02,95208537.0,,,,2.9248095743020617,无线传媒
2026-06-26,301551,20.25,19.8,20.48,19.77,43866.04,87680309.0,3.4753,-3.0837,-0.63,2.8382390278279943,无线传媒
2026-06-29,301551,19.72,20.0,20.43,19.19,58577.73,116147563.0,6.2626,1.0101,0.2,3.7901210012932722,无线传媒
2026-06-30,301551,19.99,19.73,20.1,19.54,40448.75,79958299.0,2.8,-1.35,-0.27,2.6171320884414815,无线传媒
2026-07-01,301551,19.73,20.36,20.97,19.55,63575.04,129345855.0,7.1972,3.1931,0.63,4.113459061354201,无线传媒
2026-07-02,301551,20.34,20.33,20.84,20.26,56876.21,116798528.0,2.8487,-0.1473,-0.03,3.6800285363561613,无线传媒
2026-07-03,301551,20.4,20.58,20.7,20.15,47930.0,97997508.0,2.7054,1.2297,0.25,3.1011870823943934,无线传媒
2026-07-06,301551,20.49,20.29,20.79,20.17,35280.34,72172107.0,3.0126,-1.4091,-0.29,2.282723443990866,无线传媒
2026-07-07,301551,20.21,19.84,20.35,19.7,36888.17,73608923.0,3.2035,-2.2178,-0.45,2.3867539390187438,无线传媒
2026-07-08,301551,19.88,19.63,20.06,19.53,37267.98,73531130.0,2.6714,-1.0585,-0.21,2.411328565886347,无线传媒
2026-07-09,301551,19.57,19.63,20.05,19.39,41578.92,81821473.0,3.3622,0.0,0.0,2.6902568246173564,无线传媒
2026-07-10,301551,19.4,20.54,20.96,19.25,85008.5,173202110.0,8.7112,4.6358,0.91,5.500255833376253,无线传媒
2026-07-13,301551,20.31,19.5,20.7,19.41,76791.62,152084451.0,6.2804,-5.0633,-1.04,4.96860379678988,无线传媒
2026-07-14,301551,19.5,19.22,19.53,18.89,57597.0,110345293.0,3.2821,-1.4359,-0.28,3.7266653950484017,无线传媒
2026-07-15,301551,19.15,19.88,19.95,19.08,58226.99,114762543.0,4.5265,3.4339,0.66,3.767427273830743,无线传媒
2026-07-16,301551,19.88,20.54,20.69,19.68,71521.7,145593056.0,5.0805,3.3199,0.66,4.6276272094906545,无线传媒
2026-07-17,301551,20.5,19.8,21.25,19.73,76011.87,154937334.0,7.4002,-3.6027,-0.74,4.918152083301521,无线传媒
2026-07-20,301551,19.59,20.18,20.33,19.58,67469.26,135375846.0,3.7879,1.9192,0.38,4.365424526824718,无线传媒
2026-07-21,301551,19.99,20.51,21.08,19.91,91831.04,189239597.0,5.7978,1.6353,0.33,5.941690694989418,无线传媒
2026-07-22,301551,20.25,20.08,20.3,19.65,67356.0,134248071.0,3.1692,-2.0965,-0.43,4.358096330518606,无线传媒
2026-07-23,301551,19.9,19.9,20.11,19.6,58233.06,115848914.0,2.5398,-0.8964,-0.18,3.767820017531768,无线传媒
2026-07-24,301551,19.79,18.95,19.79,18.93,60424.95,116490286.0,4.3216,-4.7739,-0.95,3.9096406091034237,无线传媒
2026-07-27,301551,18.81,19.8,19.82,18.65,62732.03,122102341.0,6.1741,4.4855,0.85,4.058914272655488,无线传媒
2026-07-28,301551,19.6,19.91,20.14,19.47,46362.01,92190945.0,3.3838,0.5556,0.11,2.9997343318556164,无线传媒
2026-07-29,301551,20.0,20.64,20.72,19.81,75063.39,153653923.0,4.5706,3.6665,0.73,4.856783130163414,无线传媒
2026-07-30,301551,20.6,20.82,21.04,20.45,69201.07,144310058.0,2.8585,0.8721,0.18,4.47747682812164,无线传媒
2026-07-31,301551,20.71,21.41,21.69,20.61,100777.58,214037181.0,5.1873,2.8338,0.59,6.5205535007504185,无线传媒
2026-08-03,301551,21.4,21.48,21.64,21.15,58330.24,124761959.0,2.2887,0.327,0.07,3.774107798893485,无线传媒
2026-08-04,301551,21.58,21.66,21.84,21.34,58669.67,126875304.0,2.3277,0.838,0.18,3.7960697419641534,无线传媒
2026-08-05,301551,21.69,21.48,21.83,21.33,55511.37,119519725.0,2.3084,-0.831,-0.18,3.5917200828294527,无线传媒
2026-08-06,301551,21.35,21.03,21.59,20.79,59749.81,126176323.0,3.7244,-2.095,-0.45,3.8659574159716117,无线传媒
2026-08-07,301551,21.27,20.81,21.36,20.2,91870.77,189373752.0,5.5159,-1.0461,-0.22,5.944261322212109,无线传媒
2026-08-10,301551,20.75,22.18,22.98,20.56,187838.57,411769374.0,11.629,6.5834,1.37,12.15361040808335,无线传媒
2026-08-11,301551,22.11,21.59,22.44,21.55,106876.72,232996588.0,4.0126,-2.6601,-0.59,6.915182630350146,无线传媒
2026-08-12,301551,21.5,21.57,22.04,21.4,79179.47,171507214.0,2.9643,-0.0926,-0.02,5.1231034749600335,无线传媒
2026-08-13,301551,21.7,21.93,23.31,21.4,173055.21,386486935.0,8.8549,1.669,0.36,11.197091212039414,无线传媒
2026-08-14,301551,21.93,21.16,22.05,21.0,115523.88,247298633.0,4.788,-3.5112,-0.77,7.474674825038181,无线传媒
2026-08-17,301551,21.16,21.11,21.23,20.68,71378.79,149206170.0,2.5992,-0.2363,-0.05,4.618380586374757,无线传媒
2026-08-18,301551,20.94,20.69,20.99,20.4,70943.23,146388366.0,2.7949,-1.9896,-0.42,4.590198799485383,无线传媒
2026-08-19,301551,20.53,19.93,20.75,19.9,60295.85,121800918.0,4.1083,-3.6733,-0.76,3.9012875264341744,无线传媒
2026-08-20,301551,20.19,20.25,20.56,20.0,53262.45,108243999.0,2.8098,1.6056,0.32,3.4462095121359746,无线传媒
2026-08-21,301551,20.1,20.03,20.12,19.7,43652.0,87040061.0,2.0741,-1.0864,-0.22,2.8243901214412697,无线传媒
2026-08-24,301551,20.01,19.55,20.15,19.45,37314.0,73564535.0,3.4948,-2.3964,-0.48,2.4143061713428833,无线传媒
2026-06-25,301552,23.83,23.4,23.99,23.24,10400.34,24381920.0,,,,3.361454427925016,科力装备
2026-06-26,301552,23.23,22.48,23.95,22.48,16272.67,37263554.0,6.2821,-3.9316,-0.92,5.25942792501616,科力装备
2026-06-29,301552,22.32,22.49,22.68,21.8,11167.56,24809908.0,3.9146,0.0445,0.01,3.6094246929541045,科力装备
2026-06-30,301552,22.49,22.33,22.66,22.04,8382.22,18819756.0,2.7568,-0.7114,-0.16,2.709185520361991,科力装备
2026-07-01,301552,22.76,22.91,23.21,22.12,10057.94,22923544.0,4.8813,2.5974,0.58,3.250788623141564,科力装备
2026-07-02,301552,22.8,22.9,23.55,22.76,12699.28,29429150.0,3.4483,-0.0436,-0.01,4.104486102133161,科力装备
2026-07-03,301552,23.04,23.85,24.18,23.0,14034.36,33274228.0,5.1528,4.1485,0.95,4.535992243051067,科力装备
2026-07-06,301552,24.04,23.37,24.2,23.32,10940.92,25869197.0,3.6897,-2.0126,-0.48,3.5361732385261795,科力装备
2026-07-07,301552,23.37,22.46,23.73,22.45,9262.46,21125035.0,5.4771,-3.8939,-0.91,2.9936845507433745,科力装备
2026-07-08,301552,22.4,22.2,22.62,22.03,8238.16,18313272.0,2.6269,-1.1576,-0.26,2.6626244343891403,科力装备
2026-07-09,301552,22.2,21.91,22.26,21.21,10238.78,22235035.0,4.7297,-1.3063,-0.29,3.3092372333548803,科力装备
2026-07-10,301552,22.04,22.28,22.64,21.58,11268.24,25128873.0,4.838,1.6887,0.37,3.6419650937297994,科力装备
2026-07-13,301552,21.96,21.38,22.3,21.32,11061.5,23947872.0,4.3986,-4.0395,-0.9,3.575145442792502,科力装备
2026-07-14,301552,21.38,22.12,22.12,21.23,7978.28,17291208.0,4.1628,3.4612,0.74,2.5786296056884295,科力装备
2026-07-15,301552,21.98,22.4,22.76,21.82,9497.22,21160319.0,4.2495,1.2658,0.28,3.0695604395604392,科力装备
2026-07-16,301552,22.63,22.37,22.74,22.15,7951.85,17864646.0,2.6339,-0.1339,-0.03,2.570087265675501,科力装备
2026-07-17,301552,22.37,21.74,22.75,21.6,14818.7,33051349.0,5.1408,-2.8163,-0.63,4.789495798319328,科力装备
2026-07-20,301552,21.74,20.85,22.36,20.68,13559.24,29139166.0,7.7277,-4.0938,-0.89,4.382430510665804,科力装备
2026-07-21,301552,20.8,20.58,21.15,19.75,16373.18,33544717.0,6.7146,-1.295,-0.27,5.2919133807369105,科力装备
2026-07-22,301552,20.5,19.95,20.63,19.76,13765.22,27578754.0,4.2274,-3.0612,-0.63,4.4490045248868775,科力装备
2026-07-23,301552,19.89,20.3,20.3,19.75,11011.06,22027937.0,2.7569,1.7544,0.35,3.558842921784098,科力装备
2026-07-24,301552,20.23,22.16,22.16,19.73,42960.63,91109384.0,11.9704,9.1626,1.86,13.885142210730447,科力装备
2026-07-27,301552,22.0,23.97,23.98,21.8,50771.82,117240939.0,9.8375,8.1679,1.81,16.409767291532,科力装备
2026-07-28,301552,23.13,22.45,23.13,22.31,32309.7,73086735.0,3.4209,-6.3413,-1.52,10.442695539754364,科力装备
2026-07-29,301552,22.46,23.66,23.76,22.31,34913.78,81022703.0,6.4588,5.3898,1.21,11.284350355526826,科力装备
2026-07-30,301552,23.01,23.08,23.37,22.62,24953.32,57340532.0,3.1699,-2.4514,-0.58,8.065067873303168,科力装备
2026-07-31,301552,22.82,23.71,24.98,22.8,34564.24,81559324.0,9.4454,2.7296,0.63,11.171376858435682,科力装备
2026-08-03,301552,23.49,23.44,23.6,23.09,19046.27,44458311.0,2.151,-1.1388,-0.27,6.15587265675501,科力装备
2026-08-04,301552,23.5,23.61,23.69,23.26,17795.02,41825639.0,1.8345,0.7253,0.17,5.751460892049128,科力装备
2026-08-05,301552,23.61,23.69,23.76,23.4,17242.06,40695836.0,1.5248,0.3388,0.08,5.5727407886231415,科力装备
2026-08-06,301552,23.39,23.13,23.58,22.92,19283.61,44837393.0,2.786,-2.3639,-0.56,6.232582417582417,科力装备
2026-08-07,301552,23.09,23.19,23.58,22.74,14283.06,32976026.0,3.6316,0.2594,0.06,4.616373626373626,科力装备
2026-08-10,301552,23.26,26.79,27.66,23.12,65448.55,166601838.0,19.5774,15.5239,3.6,21.15337750484809,科力装备
2026-08-11,301552,25.9,26.07,26.3,25.54,42476.41,110379987.0,2.8369,-2.6876,-0.72,13.728639301874596,科力装备
2026-08-12,301552,25.9,25.83,26.15,25.7,24867.32,64296235.0,1.7261,-0.9206,-0.24,8.037272139625081,科力装备
2026-08-13,301552,25.85,25.27,26.0,25.27,21001.82,53834905.0,2.8262,-2.168,-0.56,6.787918552036198,科力装备
2026-08-14,301552,25.56,25.09,25.56,24.73,13745.33,34346070.0,3.2845,-0.7123,-0.18,4.442575953458306,科力装备
2026-08-17,301552,25.29,25.41,25.47,24.7,16563.31,41799657.0,3.069,1.2754,0.32,5.353364576599871,科力装备
2026-08-18,301552,25.42,26.31,26.51,25.1,38893.16,100936360.0,5.549,3.5419,0.9,12.570510665804782,科力装备
2026-08-19,301552,25.6,24.69,26.0,24.3,25437.49,63504244.0,6.4614,-6.1574,-1.62,8.221554621848739,科力装备
2026-08-20,301552,24.75,25.05,25.06,24.6,12956.2,32200160.0,1.8631,1.4581,0.36,4.187524240465417,科力装备
2026-08-21,301552,24.89,24.39,24.89,24.1,12614.94,30740261.0,3.1537,-2.6347,-0.66,4.077226890756302,科力装备
2026-08-24,301552,24.66,25.85,25.95,24.4,33122.14,84528468.0,6.3551,5.9861,1.46,10.705281189398837,科力装备
2026-06-25,301555,43.28,44.96,46.01,43.28,74933.44,338062660.0,,,,15.499809183003324,惠柏新材
2026-06-26,301555,45.0,42.18,45.0,41.85,53263.25,228725282.0,7.0062,-6.1833,-2.78,11.017380377393614,惠柏新材
2026-06-29,301555,42.18,44.08,44.87,38.85,73409.41,306492801.0,14.2722,4.5045,1.9,15.18456709363478,惠柏新材
2026-06-30,301555,43.61,45.41,45.67,42.9,65837.42,291169160.0,6.284,3.0172,1.33,13.618318431680793,惠柏新材
2026-07-01,301555,45.06,46.87,47.64,44.6,77393.2,359219658.0,6.6946,3.2152,1.46,16.0086048640235,惠柏新材
2026-07-02,301555,45.71,45.85,48.1,44.44,69150.22,323553124.0,7.8088,-2.1762,-1.02,14.303563468628964,惠柏新材
2026-07-03,301555,46.2,45.82,46.8,43.58,59317.49,269115901.0,7.0229,-0.0654,-0.03,12.269685953490296,惠柏新材
2026-07-06,301555,45.51,43.1,45.82,41.56,53171.78,231688261.0,9.2973,-5.9363,-2.72,10.998460018926563,惠柏新材
2026-07-07,301555,42.48,40.53,43.21,40.3,35437.19,146930956.0,6.7517,-5.9629,-2.57,7.330100993386044,惠柏新材
2026-07-08,301555,40.4,39.07,40.89,37.85,32925.35,129089629.0,7.5006,-3.6023,-1.46,6.81053268452107,惠柏新材
2026-07-09,301555,39.55,37.49,40.88,36.52,46120.96,175227923.0,11.1595,-4.044,-1.58,9.54001416906696,惠柏新材
2026-07-10,301555,37.55,37.73,40.1,37.31,41685.0,160655224.0,7.442,0.6402,0.24,8.622446077392064,惠柏新材
2026-07-13,301555,37.01,33.61,37.8,33.52,37523.68,131372596.0,11.3438,-10.9197,-4.12,7.761686636087682,惠柏新材
2026-07-14,301555,33.4,34.53,35.19,32.56,26682.24,90612779.0,7.8251,2.7373,0.92,5.519159784671552,惠柏新材
2026-07-15,301555,34.49,33.8,34.77,33.3,23829.33,80792006.0,4.2572,-2.1141,-0.73,4.929041933198538,惠柏新材
2026-07-16,301555,33.46,32.06,34.02,32.01,23882.12,78614610.0,5.9467,-5.1479,-1.74,4.939961422905279,惠柏新材
2026-07-17,301555,32.28,29.68,32.33,29.29,31055.99,95323933.0,9.4822,-7.4236,-2.38,6.423859881372848,惠柏新材
2026-07-20,301555,30.3,27.27,30.47,26.71,39829.03,113223710.0,12.6685,-8.1199,-2.41,8.238542964851407,惠柏新材
2026-07-21,301555,27.6,28.71,28.8,25.57,34836.41,95432398.0,11.8445,5.2805,1.44,7.205831036462077,惠柏新材
2026-07-22,301555,28.01,27.94,28.85,27.61,25616.7,72297591.0,4.3191,-2.682,-0.77,5.2987552940081395,惠柏新材
2026-07-23,301555,27.48,28.78,28.79,27.48,20794.55,58784808.0,4.6886,3.0064,0.84,4.301304691822794,惠柏新材
2026-07-24,301555,28.5,28.09,28.69,27.97,15515.52,43929173.0,2.5017,-2.3975,-0.69,3.2093495157178387,惠柏新材
2026-07-27,301555,28.09,28.86,29.1,27.79,20264.54,57946998.0,4.6636,2.7412,0.77,4.191673346123416,惠柏新材
2026-07-28,301555,28.48,28.47,29.67,28.3,19449.56,56283717.0,4.7471,-1.3514,-0.39,4.023096613386149,惠柏新材
2026-07-29,301555,28.2,28.36,28.57,27.47,22052.92,61904095.0,3.8637,-0.3864,-0.11,4.561595623102819,惠柏新材
2026-07-30,301555,27.98,27.11,28.42,26.85,23652.6,64989016.0,5.536,-4.4076,-1.25,4.892485740437173,惠柏新材
2026-07-31,301555,27.9,28.19,28.75,27.65,22176.27,62969850.0,4.0575,3.9838,1.08,4.587110286018648,惠柏新材
2026-08-03,301555,28.5,28.93,28.95,28.08,17353.11,49579653.0,3.0862,2.625,0.74,3.5894507676635006,惠柏新材
2026-08-04,301555,29.16,30.0,30.0,28.91,21739.73,64262327.0,3.7677,3.6986,1.07,4.496812994172066,惠柏新材
2026-08-05,301555,30.0,30.49,30.79,29.65,21241.98,64670365.0,3.8,1.6333,0.49,4.393854555044756,惠柏新材
2026-08-06,301555,30.43,30.75,30.99,30.12,17752.0,54277742.0,2.8534,0.8527,0.26,3.67196024387343,惠柏新材
2026-08-07,301555,30.6,31.12,31.25,29.99,17735.24,54503516.0,4.0976,1.2033,0.37,3.6684934765408865,惠柏新材
2026-08-10,301555,31.21,31.47,31.56,30.48,16538.0,51468807.0,3.4704,1.1247,0.35,3.4208471447261593,惠柏新材
2026-08-11,301555,31.49,31.06,31.54,30.88,13491.0,42092685.0,2.0972,-1.3028,-0.41,2.7905822245435132,惠柏新材
2026-08-12,301555,30.99,31.55,31.85,30.88,13211.92,41628953.0,3.123,1.5776,0.49,2.732855170416643,惠柏新材
2026-08-13,301555,31.84,31.03,31.89,31.03,14519.33,45636738.0,2.7258,-1.6482,-0.52,3.003289912555138,惠柏新材
2026-08-14,301555,31.39,32.19,32.3,30.87,21098.88,66965616.0,4.6084,3.7383,1.16,4.364254650194695,惠柏新材
2026-08-17,301555,32.7,32.64,32.88,31.88,20767.0,67411439.0,3.1066,1.3979,0.45,4.295606037884156,惠柏新材
2026-08-18,301555,32.5,32.22,32.79,31.84,15352.73,49429904.0,2.9105,-1.2868,-0.42,3.1756767797951175,惠柏新材
2026-08-19,301555,32.06,30.38,32.06,30.21,23529.0,72515383.0,5.7418,-5.7107,-1.84,4.866919365598126,惠柏新材
2026-08-20,301555,30.68,30.62,31.27,30.45,13782.69,42539531.0,2.6991,0.79,0.24,2.8509176280775055,惠柏新材
2026-08-21,301555,30.46,31.0,31.19,29.88,13060.0,40247257.0,4.2782,1.241,0.38,2.701430868915446,惠柏新材
2026-08-24,301555,31.0,30.46,31.14,30.0,15716.0,47823434.0,3.6774,-1.7419,-0.54,3.250818341184927,惠柏新材
2026-06-25,301556,61.25,59.75,61.96,58.83,14108.48,84632639.0,,,,4.785780189959294,托普云农
2026-06-26,301556,59.4,57.44,59.4,57.39,13540.07,78505814.0,3.364,-3.8661,-2.31,4.592968113975577,托普云农
2026-06-29,301556,57.0,57.45,57.88,55.72,14640.03,83544657.0,3.7604,0.0174,0.01,4.966088873812755,托普云农
2026-06-30,301556,57.45,58.46,58.66,56.84,11332.59,65810268.0,3.168,1.7581,1.01,3.8441621438263227,托普云农
2026-07-01,301556,58.9,60.8,61.79,58.3,16312.3,98300819.0,5.9699,4.0027,2.34,5.533344640434193,托普云农
2026-07-02,301556,60.8,59.87,61.72,59.81,13978.91,84878491.0,3.1414,-1.5296,-0.93,4.741828358208956,托普云农
2026-07-03,301556,59.86,60.26,61.2,59.36,12726.49,76617507.0,3.0733,0.6514,0.39,4.31699118046133,托普云农
2026-07-06,301556,59.79,58.71,60.6,58.7,9312.56,55291832.0,3.153,-2.5722,-1.55,3.1589416553595657,托普云农
2026-07-07,301556,59.44,56.51,59.45,56.4,9123.68,52429542.0,5.195,-3.7472,-2.2,3.0948710990502035,托普云农
2026-07-08,301556,56.17,57.01,57.76,56.17,10213.45,58376804.0,2.8137,0.8848,0.5,3.464535278154681,托普云农
2026-07-09,301556,57.64,56.48,57.96,55.3,12299.0,69366784.0,4.6658,-0.9297,-0.53,4.171981004070556,托普云农
2026-07-10,301556,56.56,57.98,59.43,55.77,15530.0,90423424.0,6.4802,2.6558,1.5,5.26797829036635,托普云农
2026-07-13,301556,57.55,54.81,58.29,54.66,14890.0,82807904.0,6.2608,-5.4674,-3.17,5.050881953867028,托普云农
2026-07-14,301556,55.08,54.71,55.3,53.5,10289.54,55881215.0,3.2841,-0.1824,-0.1,3.4903459972862954,托普云农
2026-07-15,301556,54.71,55.35,56.48,54.45,11207.79,62199892.0,3.7105,1.1698,0.64,3.801828358208955,托普云农
2026-07-16,301556,54.64,55.9,56.57,54.06,11555.0,64457101.0,4.5348,0.9937,0.55,3.9196065128900948,托普云农
2026-07-17,301556,55.67,53.08,56.5,52.68,14617.66,79329302.0,6.8336,-5.0447,-2.82,4.958500678426052,托普云农
2026-07-20,301556,53.11,53.2,54.91,52.03,12194.68,65339618.0,5.4258,0.2261,0.12,4.136594301221167,托普云农
2026-07-21,301556,52.67,54.01,54.36,51.49,15323.76,81613225.0,5.3947,1.5226,0.81,5.198018995929444,托普云农
2026-07-22,301556,53.92,52.7,53.92,52.31,10730.4,56875731.0,2.9809,-2.4255,-1.31,3.6398914518317502,托普云农
2026-07-23,301556,52.89,54.38,54.79,52.35,10145.55,54233766.0,4.63,3.1879,1.68,3.441502713704206,托普云农
2026-07-24,301556,53.75,52.18,54.05,52.17,10192.89,54027676.0,3.4572,-4.0456,-2.2,3.4575610583446403,托普云农
2026-07-27,301556,52.29,53.33,53.62,51.73,9065.01,48151807.0,3.6221,2.2039,1.15,3.07496947082768,托普云农
2026-07-28,301556,52.86,53.83,54.45,52.73,8563.81,46154109.0,3.2252,0.9376,0.5,2.9049559023066487,托普云农
2026-07-29,301556,53.93,55.2,55.42,53.85,13583.0,74286856.0,2.9166,2.545,1.37,4.607530529172321,托普云农
2026-07-30,301556,55.11,55.32,57.03,54.8,15021.0,84108210.0,4.0399,0.2174,0.12,5.095318860244234,托普云农
2026-07-31,301556,55.29,59.28,61.14,55.1,31236.24,183346229.0,10.9183,7.1584,3.96,10.595739484396201,托普云农
2026-08-03,301556,58.86,58.9,59.75,57.7,16862.3,98967934.0,3.4582,-0.641,-0.38,5.7199118046132975,托普云农
2026-08-04,301556,59.14,59.99,60.46,58.6,18067.67,108172759.0,3.1579,1.8506,1.09,6.1287890094979645,托普云农
2026-08-05,301556,60.0,60.45,61.66,59.8,20039.97,121287074.0,3.1005,0.7668,0.46,6.797818860244233,托普云农
2026-08-06,301556,60.17,62.85,63.66,59.0,38155.41,234302471.0,7.7089,3.9702,2.4,12.942812075983717,托普云农
2026-08-07,301556,61.6,60.42,61.66,59.02,30106.72,180735799.0,4.2005,-3.8663,-2.43,10.21259158751696,托普云农
2026-08-10,301556,60.01,60.4,61.3,58.87,19781.65,118895350.0,4.0218,-0.0331,-0.02,6.710193351424695,托普云农
2026-08-11,301556,59.71,61.5,62.44,59.62,18452.51,112981873.0,4.6689,1.8212,1.1,6.2593317503392125,托普云农
2026-08-12,301556,61.62,61.5,61.87,60.76,12298.29,75415270.0,1.8049,0.0,0.0,4.171740162822252,托普云农
2026-08-13,301556,61.68,60.15,62.5,60.15,13237.02,81202797.0,3.8211,-2.1951,-1.35,4.49016960651289,托普云农
2026-08-14,301556,60.03,59.82,62.6,59.08,13131.24,79059930.0,5.852,-0.5486,-0.33,4.454287652645862,托普云农
2026-08-17,301556,60.0,63.21,64.56,59.51,30408.58,190159615.0,8.442,5.667,3.39,10.31498643147897,托普云农
2026-08-18,301556,63.21,70.01,70.1,62.51,61454.7,412712488.0,12.0076,10.7578,6.8,20.84623473541384,托普云农
2026-08-19,301556,66.9,61.75,67.95,61.75,44917.37,291185317.0,8.8559,-11.7983,-8.26,15.23655698778833,托普云农
2026-08-20,301556,61.75,59.8,62.54,59.19,32683.64,198338921.0,5.4251,-3.1579,-1.95,11.086716417910447,托普云农
2026-08-21,301556,59.21,58.0,59.75,57.0,21085.59,121909016.0,4.5987,-3.01,-1.8,7.152506784260515,托普云农
2026-08-24,301556,57.56,56.23,58.37,55.69,16294.95,92504872.0,4.6207,-3.0517,-1.77,5.527459294436906,托普云农
2026-06-25,301557,91.15,89.04,91.58,86.51,14319.43,126938002.0,,,,5.757485924256213,常友科技
2026-06-26,301557,89.23,87.41,91.0,85.33,13051.4,114220535.0,6.3679,-1.8306,-1.63,5.247642663977374,常友科技
2026-06-29,301557,87.41,87.96,89.69,83.67,11897.75,102742763.0,6.8871,0.6292,0.55,4.783788751041023,常友科技
2026-06-30,301557,87.04,90.91,91.24,86.53,15251.01,136046515.0,5.3547,3.3538,2.95,6.132051024774782,常友科技
2026-07-01,301557,91.56,91.01,91.7,88.0,14019.34,125945213.0,4.07,0.11,0.1,5.636827214306861,常友科技
2026-07-02,301557,90.8,88.1,91.64,86.5,12492.66,110825749.0,5.6477,-3.1975,-2.91,5.022987235282314,常友科技
2026-07-03,301557,87.94,87.67,88.15,85.2,10704.0,92889624.0,3.3485,-0.4881,-0.43,4.303811627504621,常友科技
2026-07-06,301557,88.0,89.58,90.19,86.67,9079.73,80094011.0,4.0151,2.1786,1.91,3.650733141685589,常友科技
2026-07-07,301557,90.0,87.01,90.0,86.09,7903.21,69015189.0,4.3648,-2.8689,-2.57,3.177683771731203,常友科技
2026-07-08,301557,86.5,88.66,89.3,86.23,8834.4,77678438.0,3.5283,1.8963,1.65,3.5520920629696215,常友科技
2026-07-09,301557,88.8,87.7,90.0,85.85,10144.8,88822816.0,4.6808,-1.0828,-0.96,4.078971244273999,常友科技
2026-07-10,301557,87.7,88.68,90.18,86.81,11743.11,104619832.0,3.8426,1.1174,0.98,4.721611861086117,常友科技
2026-07-13,301557,88.68,84.0,89.6,81.52,14077.29,120024823.0,9.1114,-5.2774,-4.68,5.660127465036859,常友科技
2026-07-14,301557,84.08,88.6,88.87,82.16,10931.56,92718972.0,7.9881,5.4762,4.6,4.395307832096826,常友科技
2026-07-15,301557,88.6,86.3,89.9,85.0,8040.59,69724044.0,5.5305,-2.5959,-2.3,3.2329208458517735,常友科技
2026-07-16,301557,85.85,80.8,85.85,80.8,8064.42,66468386.0,5.8517,-6.3731,-5.5,3.2425022949440234,常友科技
2026-07-17,301557,80.5,78.0,80.5,72.6,12573.22,95627352.0,9.7772,-3.4653,-2.8,5.055378403510245,常友科技
2026-07-20,301557,77.28,75.5,77.99,68.02,13671.82,99622604.0,12.7821,-3.2051,-2.5,5.497098083440792,常友科技
2026-07-21,301557,74.5,78.07,79.33,68.0,12516.42,92399077.0,15.0066,3.404,2.57,5.032540539119151,常友科技
2026-07-22,301557,77.0,75.06,77.61,73.21,7609.8,57394811.0,5.636,-3.8555,-3.01,3.059710923298269,常友科技
2026-07-23,301557,74.77,74.61,75.48,72.0,5013.0,36940050.0,4.6363,-0.5995,-0.45,2.0156023625449055,常友科技
2026-07-24,301557,73.2,74.63,75.5,72.62,3674.33,27140163.0,3.8601,0.0268,0.02,1.4773565188050315,常友科技
2026-07-27,301557,76.2,76.83,77.33,74.69,5496.05,41861742.0,3.5375,2.9479,2.2,2.2098247286385253,常友科技
2026-07-28,301557,76.0,72.55,76.0,70.02,6796.36,49775960.0,7.7834,-5.5707,-4.28,2.7326469724128657,常友科技
2026-07-29,301557,71.9,70.0,72.77,69.83,4589.46,32380566.0,4.0524,-3.5148,-2.55,1.8453074843018835,常友科技
2026-07-30,301557,69.99,63.12,70.35,63.0,9309.8,61184983.0,10.5,-9.8286,-6.88,3.7432385547218354,常友科技
2026-07-31,301557,65.65,67.67,69.78,65.65,13165.58,89476761.0,6.5431,7.2085,4.55,5.2935515963044,常友科技
2026-08-03,301557,67.9,73.32,74.0,66.8,15554.08,110619078.0,10.6399,8.3493,5.65,6.253907918454511,常友科技
2026-08-04,301557,75.0,76.5,76.97,73.34,10523.4,79414147.0,4.9509,4.3372,3.18,4.2311968685428,常友科技
2026-08-05,301557,76.53,77.64,78.17,75.61,9114.6,70105662.0,3.3464,1.4902,1.14,3.664753499631318,常友科技
2026-08-06,301557,77.52,77.64,80.5,75.8,9379.11,73268489.0,6.0536,0.0,0.0,3.771106378330052,常友科技
2026-08-07,301557,77.58,80.04,80.49,76.52,8509.51,67497248.0,5.1133,3.0912,2.4,3.421461891103032,常友科技
2026-08-10,301557,80.36,82.73,82.88,79.5,10142.8,82584551.0,4.2229,3.3608,2.69,4.078167094119383,常友科技
2026-08-11,301557,82.2,81.38,82.75,79.89,6895.14,55791617.0,3.457,-1.6318,-1.35,2.772363948549348,常友科技
2026-08-12,301557,81.32,81.47,82.8,80.23,8980.94,73384355.0,3.158,0.1106,0.09,3.6110121447983334,常友科技
2026-08-13,301557,82.48,80.59,83.0,80.1,7161.1,58358029.0,3.5596,-1.0802,-0.88,2.879299836110178,常友科技
2026-08-14,301557,80.38,82.12,82.29,79.99,7818.15,63575029.0,2.854,1.8985,1.53,3.143483265655387,常友科技
2026-08-17,301557,81.98,86.55,87.58,80.92,13144.14,110881070.0,8.1101,5.3945,4.43,5.2849311066469165,常友科技
2026-08-18,301557,86.0,84.65,86.54,84.3,6435.0,54807684.0,2.5881,-2.1953,-1.9,2.5873531224768533,常友科技
2026-08-19,301557,83.8,83.03,84.5,82.7,7333.6,61140925.0,2.1264,-1.9138,-1.62,2.948657786945805,常友科技
2026-08-20,301557,84.15,86.96,89.5,82.66,23619.8,203948020.0,8.238,4.7332,3.93,9.496932910999034,常友科技
2026-08-21,301557,86.1,86.8,88.0,84.5,12405.48,106840050.0,4.0248,-0.184,-0.16,4.987934330042605,常友科技
2026-08-24,301557,85.53,86.82,87.15,85.07,7971.4,68655776.0,2.3963,0.023,0.02,3.2051012712528344,常友科技
2026-06-25,301558,6.42,6.28,6.43,6.23,60590.0,38101896.0,,,,2.7605927072275662,三态股份
2026-06-26,301558,6.26,6.13,6.27,6.07,57134.68,35234573.0,3.1847,-2.3885,-0.15,2.6031619233830776,三态股份
2026-06-29,301558,6.13,6.12,6.17,5.96,72746.61,44243995.0,3.4258,-0.1631,-0.01,3.314470391839048,三态股份
2026-06-30,301558,6.12,6.17,6.21,6.03,64522.79,39710841.0,2.9412,0.817,0.05,2.939777909291562,三态股份
2026-07-01,301558,6.2,6.32,6.38,6.13,78915.24,49436637.0,4.0519,2.4311,0.15,3.5955246085676364,三态股份
2026-07-02,301558,6.28,6.27,6.42,6.26,64324.61,40713475.0,2.5316,-0.7911,-0.05,2.930748461152952,三态股份
2026-07-03,301558,6.35,6.35,6.4,6.24,55176.29,34940624.0,2.5518,1.2759,0.08,2.513934044988831,三态股份
2026-07-06,301558,6.33,6.26,6.4,6.23,53355.99,33592943.0,2.6772,-1.4173,-0.09,2.430997802952747,三态股份
2026-07-07,301558,6.26,6.06,6.27,6.04,48933.25,29953357.0,3.6741,-3.1949,-0.2,2.22948957073681,三态股份
2026-07-08,301558,6.08,6.12,6.14,5.97,57163.0,34770381.0,2.8053,0.9901,0.06,2.6044522350759096,三态股份
2026-07-09,301558,6.05,6.11,6.16,5.94,56378.0,34072086.0,3.5948,-0.1634,-0.01,2.5686861800309577,三态股份
2026-07-10,301558,6.12,6.24,6.35,6.0,80965.42,50434494.0,5.7283,2.1277,0.13,3.6889346095001967,三态股份
2026-07-13,301558,6.19,6.04,6.29,6.02,61417.57,37428334.0,4.3269,-3.2051,-0.2,2.798298330378586,三态股份
2026-07-14,301558,6.11,6.25,6.25,5.98,58452.38,35865903.0,4.4702,3.4768,0.21,2.6631987778196806,三态股份
2026-07-15,301558,6.2,6.37,6.46,6.18,82694.0,52610230.0,4.48,1.92,0.12,3.7676919183277167,三态股份
2026-07-16,301558,6.3,6.45,6.51,6.28,78243.01,50344605.0,3.6107,1.2559,0.08,3.5648965637486962,三态股份
2026-07-17,301558,6.39,6.27,6.53,6.22,87211.98,55458915.0,4.8062,-2.7907,-0.18,3.9735394614767516,三态股份
2026-07-20,301558,6.26,6.22,6.47,6.14,82955.0,52324313.0,5.2632,-0.7974,-0.05,3.779583562106994,三态股份
2026-07-21,301558,6.25,6.28,6.32,6.15,85149.0,53120075.0,2.7331,0.9646,0.06,3.8795462688186175,三态股份
2026-07-22,301558,6.22,6.16,6.29,6.1,67771.1,41862850.0,3.0255,-1.9108,-0.12,3.0877769338305017,三态股份
2026-07-23,301558,6.19,6.29,6.3,6.12,51850.82,32188325.0,2.9221,2.1104,0.13,2.362419467829167,三态股份
2026-07-24,301558,6.24,6.09,6.27,6.05,51725.0,31709614.0,3.4976,-3.1797,-0.2,2.356686875414191,三态股份
2026-07-27,301558,6.05,6.29,6.3,6.0,66425.0,41415211.0,4.9261,3.2841,0.2,3.026446122752782,三态股份
2026-07-28,301558,6.25,6.31,6.38,6.25,47153.0,29837581.0,2.0668,0.318,0.02,2.1483780809358217,三态股份
2026-07-29,301558,6.31,6.4,6.43,6.31,55723.39,35571456.0,1.9017,1.4263,0.09,2.5388609350717526,三态股份
2026-07-30,301558,6.36,6.38,6.54,6.33,72396.0,46576792.0,3.2812,-0.3125,-0.02,3.2984959503622195,三态股份
2026-07-31,301558,6.35,6.59,6.61,6.34,98548.0,64306813.0,4.232,3.2915,0.21,4.490029544675065,三态股份
2026-08-03,301558,6.6,6.65,6.68,6.52,75006.0,49494465.0,2.4279,0.9105,0.06,3.4174123881549896,三态股份
2026-08-04,301558,6.66,6.73,6.79,6.62,75986.0,50937816.0,2.5564,1.203,0.08,3.4620630046442296,三态股份
2026-08-05,301558,6.69,6.7,6.77,6.61,77679.63,51994448.0,2.3774,-0.4458,-0.03,3.5392279266898115,三态股份
2026-08-06,301558,6.7,6.63,6.76,6.55,61753.0,41018722.0,3.1343,-1.0448,-0.07,2.8135811429183675,三态股份
2026-08-07,301558,6.59,6.57,6.62,6.41,63012.11,41091549.0,3.1674,-0.905,-0.06,2.8709485283548637,三态股份
2026-08-10,301558,6.58,6.68,6.69,6.53,56009.0,37180065.0,2.4353,1.6743,0.11,2.5518738560671523,三态股份
2026-08-11,301558,6.67,6.62,6.68,6.56,46048.0,30505665.0,1.7964,-0.8982,-0.06,2.098032232751526,三态股份
2026-08-12,301558,6.6,6.72,6.72,6.6,49245.2,32910665.0,1.8127,1.5106,0.1,2.243702590954992,三态股份
2026-08-13,301558,6.7,6.6,6.78,6.58,42287.0,28239895.0,2.9762,-1.7857,-0.12,1.9266741015106799,三态股份
2026-08-14,301558,6.61,6.58,6.66,6.51,36238.23,23784590.0,2.2727,-0.303,-0.02,1.6510809285498467,三态股份
2026-08-17,301558,6.55,6.73,6.74,6.51,50570.73,33644626.0,3.4954,2.2796,0.15,2.3040961947049725,三态股份
2026-08-18,301558,6.7,6.63,6.73,6.55,43941.19,29057935.0,2.6746,-1.4859,-0.1,2.002042064051838,三态股份
2026-08-19,301558,6.6,6.4,6.61,6.39,59653.0,38531734.0,3.3183,-3.4691,-0.23,2.7179012504414257,三态股份
2026-08-20,301558,6.46,6.61,6.62,6.42,55750.0,36570251.0,3.125,3.2812,0.21,2.540073335994996,三态股份
2026-08-21,301558,6.61,6.57,6.61,6.45,46757.59,30438118.0,2.4206,-0.6051,-0.04,2.130362468419485,三态股份
2026-08-24,301558,6.53,6.49,6.61,6.43,39120.0,25424972.0,2.7397,-1.2177,-0.08,1.7823797112847397,三态股份
2026-06-25,301559,13.06,12.65,13.13,12.64,27364.42,35101124.0,,,,3.040491111111111,中集环科
2026-06-26,301559,12.65,12.27,12.66,12.21,24848.07,30824711.0,3.5573,-3.004,-0.38,2.7608966666666666,中集环科
2026-06-29,301559,12.34,12.33,12.45,11.88,23798.0,29044473.0,4.6455,0.489,0.06,2.644222222222222,中集环科
2026-06-30,301559,12.35,12.16,12.4,12.11,19344.32,23724807.0,2.352,-1.3788,-0.17,2.149368888888889,中集环科
2026-07-01,301559,12.18,12.55,12.71,12.16,20929.0,26170525.0,4.523,3.2072,0.39,2.3254444444444444,中集环科
2026-07-02,301559,12.52,12.55,12.85,12.52,17773.0,22625696.0,2.6295,0.0,0.0,1.9747777777777777,中集环科
2026-07-03,301559,12.57,12.8,12.94,12.51,20207.15,25940994.0,3.4263,1.992,0.25,2.245238888888889,中集环科
2026-07-06,301559,12.79,12.81,12.98,12.7,15531.0,20025848.0,2.1875,0.0781,0.01,1.7256666666666667,中集环科
2026-07-07,301559,12.81,12.44,12.95,12.4,16366.59,20593267.0,4.2935,-2.8884,-0.37,1.8185099999999998,中集环科
2026-07-08,301559,12.48,12.24,12.62,12.23,9937.02,12291474.0,3.135,-1.6077,-0.2,1.1041133333333333,中集环科
2026-07-09,301559,12.2,12.26,12.36,12.03,12767.0,15582842.0,2.6961,0.1634,0.02,1.4185555555555556,中集环科
2026-07-10,301559,12.18,12.86,13.1,12.11,32662.58,41812779.0,8.075,4.894,0.6,3.6291755555555554,中集环科
2026-07-13,301559,12.66,12.23,12.82,12.17,24871.0,30791798.0,5.0544,-4.8989,-0.63,2.7634444444444446,中集环科
2026-07-14,301559,12.16,12.41,12.44,12.08,17915.14,22005100.0,2.9436,1.4718,0.18,1.9905711111111108,中集环科
2026-07-15,301559,12.41,12.53,12.59,12.34,11918.37,14921859.0,2.0145,0.967,0.12,1.3242633333333333,中集环科
2026-07-16,301559,12.57,12.64,12.79,12.37,15760.08,19944449.0,3.352,0.8779,0.11,1.75112,中集环科
2026-07-17,301559,12.62,12.28,12.76,12.21,20765.92,26008435.0,4.3513,-2.8481,-0.36,2.3073244444444443,中集环科
2026-07-20,301559,12.52,12.39,13.02,12.23,32603.59,41153191.0,6.4332,0.8958,0.11,3.6226211111111106,中集环科
2026-07-21,301559,12.36,12.54,12.6,12.17,31975.28,39673059.0,3.4705,1.2107,0.15,3.5528088888888885,中集环科
2026-07-22,301559,12.54,12.3,12.55,12.18,23327.18,28769260.0,2.9506,-1.9139,-0.24,2.591908888888889,中集环科
2026-07-23,301559,12.2,12.73,12.91,12.2,29792.92,37698865.0,5.7724,3.4959,0.43,3.3103244444444444,中集环科
2026-07-24,301559,12.57,12.52,12.73,12.49,12963.96,16364414.0,1.8853,-1.6496,-0.21,1.44044,中集环科
2026-07-27,301559,12.5,12.69,12.78,12.48,18448.41,23456658.0,2.3962,1.3578,0.17,2.0498233333333333,中集环科
2026-07-28,301559,12.6,12.71,12.77,12.58,13363.82,16939740.0,1.4972,0.1576,0.02,1.4848688888888888,中集环科
2026-07-29,301559,12.76,12.98,13.0,12.69,22501.18,29040766.0,2.439,2.1243,0.27,2.500131111111111,中集环科
2026-07-30,301559,12.95,12.96,13.19,12.85,26302.52,34325804.0,2.6194,-0.1541,-0.02,2.922502222222222,中集环科
2026-07-31,301559,12.98,13.26,13.28,12.98,24185.38,31951309.0,2.3148,2.3148,0.3,2.6872644444444442,中集环科
2026-08-03,301559,13.22,13.46,13.46,13.19,23708.0,31707663.0,2.0362,1.5083,0.2,2.6342222222222222,中集环科
2026-08-04,301559,13.56,14.04,14.19,13.47,61606.0,85785178.0,5.3492,4.3091,0.58,6.845111111111112,中集环科
2026-08-05,301559,13.92,13.78,13.93,13.54,48761.26,66661810.0,2.7778,-1.8519,-0.26,5.417917777777777,中集环科
2026-08-06,301559,13.59,13.37,13.7,13.23,33811.02,45327139.0,3.4107,-2.9753,-0.41,3.75678,中集环科
2026-08-07,301559,13.37,13.25,13.37,13.1,22162.46,29277728.0,2.0194,-0.8975,-0.12,2.462495555555556,中集环科
2026-08-10,301559,13.26,13.35,13.4,13.2,22009.0,29321643.0,1.5094,0.7547,0.1,2.4454444444444445,中集环科
2026-08-11,301559,13.39,13.21,13.56,13.21,21931.94,29168584.0,2.6217,-1.0487,-0.14,2.436882222222222,中集环科
2026-08-12,301559,13.15,13.29,13.36,13.11,17283.0,22961368.0,1.8925,0.6056,0.08,1.9203333333333332,中集环科
2026-08-13,301559,13.29,13.15,13.35,13.14,15890.75,21022971.0,1.5801,-1.0534,-0.14,1.7656388888888888,中集环科
2026-08-14,301559,13.13,13.09,13.21,13.03,13478.61,17675188.0,1.3688,-0.4563,-0.06,1.4976233333333333,中集环科
2026-08-17,301559,13.13,13.25,13.28,12.96,13262.72,17508323.0,2.4446,1.2223,0.16,1.4736355555555556,中集环科
2026-08-18,301559,13.2,13.14,13.27,13.07,12161.04,15969088.0,1.5094,-0.8302,-0.11,1.3512266666666666,中集环科
2026-08-19,301559,13.08,12.79,13.08,12.76,20159.66,25937953.0,2.4353,-2.6636,-0.35,2.239962222222222,中集环科
2026-08-20,301559,12.78,13.09,13.16,12.78,13593.52,17777398.0,2.9711,2.3456,0.3,1.510391111111111,中集环科
2026-08-21,301559,13.04,13.05,13.09,12.9,10742.88,13977013.0,1.4515,-0.3056,-0.04,1.1936533333333335,中集环科
2026-08-24,301559,12.91,12.82,13.21,12.72,17871.54,22954288.0,3.7548,-1.7625,-0.23,1.9857266666666669,中集环科
2026-06-25,301560,29.62,28.5,29.97,28.24,19412.71,55901211.0,,,,3.1792843105142485,众捷汽车
2026-06-26,301560,28.99,27.21,28.99,26.93,19750.91,54332826.0,7.2281,-4.5263,-1.29,3.234672453324599,众捷汽车
2026-06-29,301560,28.0,26.68,28.0,26.0,16954.21,45164625.0,7.3502,-1.9478,-0.53,2.7766475597772686,众捷汽车
2026-06-30,301560,26.71,26.73,27.2,26.25,13172.53,35143345.0,3.5607,0.1874,0.05,2.157309204061579,众捷汽车
2026-07-01,301560,26.66,26.96,27.6,25.9,18703.9,49861052.0,6.3599,0.8605,0.23,3.0632001310186703,众捷汽车
2026-07-02,301560,26.7,27.56,29.14,26.7,27026.46,75378770.0,9.0504,2.2255,0.6,4.426213560432362,众捷汽车
2026-07-03,301560,27.31,28.71,29.09,27.31,22447.7,64099523.0,6.4586,4.1727,1.15,3.6763347527022603,众捷汽车
2026-07-06,301560,29.0,27.28,29.04,27.22,17181.81,47820891.0,6.3393,-4.9808,-1.43,2.81392237143793,众捷汽车
2026-07-07,301560,27.27,25.78,27.77,25.7,14852.19,39307804.0,7.588,-5.4985,-1.5,2.4323927284638063,众捷汽车
2026-07-08,301560,26.1,25.16,26.87,24.92,18198.19,46832987.0,7.564,-2.405,-0.62,2.9803783164100888,众捷汽车
2026-07-09,301560,25.24,24.85,25.75,24.25,14780.0,36750413.0,5.9618,-1.2321,-0.31,2.4205699312151983,众捷汽车
2026-07-10,301560,25.0,25.58,26.59,24.53,21513.9,55819555.0,8.2897,2.9376,0.73,3.5234032099574186,众捷汽车
2026-07-13,301560,25.58,23.8,25.84,23.65,20596.0,50373811.0,8.5614,-6.9586,-1.78,3.373075663282018,众捷汽车
2026-07-14,301560,23.8,24.13,24.19,23.0,18737.21,44314916.0,5.0,1.3866,0.33,3.068655420897478,众捷汽车
2026-07-15,301560,24.0,24.2,24.74,23.89,14565.9,35316811.0,3.5226,0.2901,0.07,2.385506059613495,众捷汽车
2026-07-16,301560,24.1,24.0,24.87,23.61,12228.84,29745000.0,5.2066,-0.8264,-0.2,2.0027579430068787,众捷汽车
2026-07-17,301560,24.0,22.37,24.29,22.35,16733.0,38900104.0,8.0833,-6.7917,-1.63,2.7404192597445136,众捷汽车
2026-07-20,301560,22.35,21.25,23.21,20.82,23535.0,51758525.0,10.684,-5.0067,-1.12,3.8544055027841466,众捷汽车
2026-07-21,301560,21.05,21.29,21.59,19.6,29238.0,60941492.0,9.3647,0.1882,0.04,4.788404847690796,众捷汽车
2026-07-22,301560,21.13,21.05,21.68,20.8,17105.0,36255896.0,4.1334,-1.1273,-0.24,2.8013429413691453,众捷汽车
2026-07-23,301560,21.05,22.26,22.33,20.88,14782.75,32184031.0,6.8884,5.7482,1.21,2.421020307893875,众捷汽车
2026-07-24,301560,21.88,22.04,22.6,21.72,13593.34,30156973.0,3.9533,-0.9883,-0.22,2.2262266622993776,众捷汽车
2026-07-27,301560,21.81,22.37,22.51,21.74,12066.32,26872540.0,3.4936,1.4973,0.33,1.9761415001637732,众捷汽车
2026-07-28,301560,22.38,21.84,22.65,21.8,11509.0,25501808.0,3.7997,-2.3692,-0.53,1.8848673435964625,众捷汽车
2026-07-29,301560,21.94,22.4,22.49,21.5,13521.7,29913101.0,4.533,2.5641,0.56,2.214493940386505,众捷汽车
2026-07-30,301560,22.15,21.72,22.8,21.63,13375.23,29666860.0,5.2232,-3.0357,-0.68,2.190506059613495,众捷汽车
2026-07-31,301560,21.9,22.3,22.65,21.9,13414.84,30028800.0,3.453,2.6703,0.58,2.196993121519817,众捷汽车
2026-08-03,301560,22.22,22.96,23.09,22.21,15140.03,34376183.0,3.9462,2.9596,0.66,2.4795332459875534,众捷汽车
2026-08-04,301560,23.06,23.4,23.73,22.63,17895.0,41621279.0,4.7909,1.9164,0.44,2.930723878152637,众捷汽车
2026-08-05,301560,23.48,23.37,23.95,23.04,23408.03,54838536.0,3.8889,-0.1282,-0.03,3.8336112020962987,众捷汽车
2026-08-06,301560,23.21,23.31,23.61,22.78,18682.0,43426205.0,3.5516,-0.2567,-0.06,3.0596134949230263,众捷汽车
2026-08-07,301560,23.28,23.39,23.49,22.8,13014.6,30216140.0,2.9601,0.3432,0.08,2.1314444808385193,众捷汽车
2026-08-10,301560,23.59,24.1,24.18,23.09,17023.72,40416657.0,4.6601,3.0355,0.71,2.7880314444808385,众捷汽车
2026-08-11,301560,23.86,23.95,24.4,23.35,16171.57,38618013.0,4.3568,-0.6224,-0.15,2.6484719947592534,众捷汽车
2026-08-12,301560,23.9,24.23,24.38,23.9,11750.71,28444032.0,2.0042,1.1691,0.28,1.9244529970520798,众捷汽车
2026-08-13,301560,24.54,23.82,24.55,23.81,13807.89,33372958.0,3.0541,-1.6921,-0.41,2.261364231903046,众捷汽车
2026-08-14,301560,23.64,23.73,23.96,23.5,13022.03,30871026.0,1.9312,-0.3778,-0.09,2.132661316737635,众捷汽车
2026-08-17,301560,23.96,23.88,24.08,23.57,16951.62,40479245.0,2.1492,0.6321,0.15,2.7762233868326236,众捷汽车
2026-08-18,301560,23.8,23.9,24.0,23.42,12496.16,29632090.0,2.4288,0.0838,0.02,2.0465378316410088,众捷汽车
2026-08-19,301560,23.66,22.4,23.72,22.23,17407.0,39556189.0,6.2343,-6.2762,-1.5,2.850802489354733,众捷汽车
2026-08-20,301560,22.57,22.61,22.84,22.11,14557.6,32972255.0,3.2589,0.9375,0.21,2.3841467409105794,众捷汽车
2026-08-21,301560,22.49,22.64,22.74,21.88,11463.08,25743424.0,3.8036,0.1327,0.03,1.8773468719292499,众捷汽车
2026-08-24,301560,22.65,22.3,22.98,22.02,12427.0,27861432.0,4.2403,-1.5018,-0.34,2.035211267605634,众捷汽车
2026-06-25,301563,183.0,189.39,190.0,180.03,41206.63,768258970.0,,,,21.533907102203127,云汉芯城
2026-06-26,301563,186.38,171.4,186.4,171.33,38121.54,674714128.0,7.9571,-9.4989,-17.99,19.921689809453493,云汉芯城
2026-06-29,301563,169.52,165.4,174.6,160.2,28028.5,465213296.0,8.4014,-3.5006,-6.0,14.647233108218275,云汉芯城
2026-06-30,301563,163.0,174.39,175.9,161.01,28903.99,492101322.0,9.0024,5.4353,8.99,15.104749782814276,云汉芯城
2026-07-01,301563,173.97,167.2,175.0,166.58,25938.64,441045185.0,4.8283,-4.1229,-7.19,13.555106644670776,云汉芯城
2026-07-02,301563,161.0,158.58,166.36,157.4,22301.02,358914417.0,5.3589,-5.1555,-8.62,11.654146261520877,云汉芯城
2026-07-03,301563,156.89,157.92,162.5,155.02,16924.33,268948676.0,4.7169,-0.4162,-0.66,8.844376499292213,云汉芯城
2026-07-06,301563,162.22,154.71,163.3,152.0,19872.71,312849234.0,7.1555,-2.0327,-3.21,10.385151394545565,云汉芯城
2026-07-07,301563,171.03,163.34,175.0,160.13,41888.01,702667602.0,9.6115,5.5782,8.63,21.88998508337507,云汉芯城
2026-07-08,301563,159.6,154.51,162.0,152.7,29439.86,461756897.0,5.6936,-5.4059,-8.83,15.384786631225747,云汉芯城
2026-07-09,301563,157.29,158.19,159.88,148.28,31686.04,489201337.0,7.5076,2.3817,3.68,16.558603355738928,云汉芯城
2026-07-10,301563,158.22,154.58,166.7,154.09,33077.5,531375357.0,7.9714,-2.2821,-3.61,17.2857574660467,云汉芯城
2026-07-13,301563,150.99,140.31,153.9,139.12,32297.34,467926026.0,9.5614,-9.2315,-14.27,16.878058681534238,云汉芯城
2026-07-14,301563,142.67,145.45,145.5,135.66,26463.63,373556872.0,7.013,3.6633,5.14,13.829457784028342,云汉芯城
2026-07-15,301563,146.48,138.76,147.29,138.01,16976.48,240293742.0,6.3802,-4.5995,-6.69,8.87162923156806,云汉芯城
2026-07-16,301563,137.0,134.44,139.88,133.41,15906.74,216981502.0,4.6627,-3.1133,-4.32,8.312600701850615,云汉芯城
2026-07-17,301563,134.43,122.57,134.43,121.01,21092.98,268156674.0,9.9821,-8.8292,-11.87,11.02284442645828,云汉芯城
2026-07-20,301563,125.02,113.62,126.01,110.34,25028.67,293585820.0,12.7845,-7.3019,-8.95,13.079571289175998,云汉芯城
2026-07-21,301563,114.4,122.65,123.0,105.7,30071.12,349493037.0,15.2262,7.9475,9.03,15.714672724733921,云汉芯城
2026-07-22,301563,122.65,121.48,125.68,120.65,23887.63,294769406.0,4.1011,-0.9539,-1.17,12.483282552147568,云汉芯城
2026-07-23,301563,121.55,120.88,125.0,119.74,15948.67,194105329.0,4.3299,-0.4939,-0.6,8.33451263021737,云汉芯城
2026-07-24,301563,118.04,118.5,121.5,117.01,13556.72,161507423.0,3.7144,-1.9689,-2.38,7.084518901220002,云汉芯城
2026-07-27,301563,117.68,120.66,121.41,116.33,13305.58,159010206.0,4.2869,1.8228,2.16,6.953277267782681,云汉芯城
2026-07-28,301563,119.0,113.97,120.2,113.52,14712.29,171585579.0,5.5362,-5.5445,-6.69,7.688400777269873,云汉芯城
2026-07-29,301563,112.9,113.9,115.5,109.0,17423.04,195079777.0,5.7033,-0.0614,-0.07,9.104994142883541,云汉芯城
2026-07-30,301563,112.8,107.8,114.1,105.9,16314.6,178805756.0,7.1993,-5.3556,-6.1,8.525741629674718,云汉芯城
2026-07-31,301563,115.99,114.07,119.88,113.81,23592.98,275737507.0,5.6308,5.8163,6.27,12.329303308330148,云汉芯城
2026-08-03,301563,112.1,112.42,114.48,111.14,14235.38,160339031.0,2.928,-1.4465,-1.65,7.439175455128468,云汉芯城
2026-08-04,301563,113.5,118.43,119.8,113.06,19524.69,228386153.0,5.9954,5.346,6.01,10.203281866517946,云汉芯城
2026-08-05,301563,118.55,125.16,126.89,116.81,28428.02,349452615.0,8.5114,5.6827,6.73,14.856015689212454,云汉芯城
2026-08-06,301563,122.5,125.3,127.66,121.93,20628.5,257738323.0,4.5781,0.1119,0.14,10.780114817877541,云汉芯城
2026-08-07,301563,125.01,129.0,129.94,122.7,22237.55,283351263.0,5.7781,2.9529,3.7,11.620977883427914,云汉芯城
2026-08-10,301563,128.5,127.45,130.0,125.63,16523.77,210152774.0,3.3876,-1.2016,-1.55,8.635050431403174,云汉芯城
2026-08-11,301563,126.0,126.9,129.5,125.38,15269.61,194753040.0,3.2326,-0.4315,-0.55,7.979647042887805,云汉芯城
2026-08-12,301563,126.41,128.26,129.4,126.41,14783.26,189772683.0,2.3562,1.0717,1.36,7.725488532008451,云汉芯城
2026-08-13,301563,130.0,125.38,131.79,125.35,17711.24,228592827.0,5.0211,-2.2454,-2.88,9.25560272278573,云汉芯城
2026-08-14,301563,126.38,127.9,128.2,126.08,16387.56,208642475.0,1.6909,2.0099,2.52,8.563869325683267,云汉芯城
2026-08-17,301563,128.81,134.71,136.0,128.32,25561.15,338609718.0,6.0047,5.3245,6.81,13.357836579343651,云汉芯城
2026-08-18,301563,134.99,133.0,135.9,131.15,20143.46,268644788.0,3.5261,-1.2694,-1.71,10.52664089145229,云汉芯城
2026-08-19,301563,129.71,122.96,129.71,122.5,21189.79,267015657.0,5.4211,-7.5489,-10.04,11.073435740199885,云汉芯城
2026-08-20,301563,125.51,122.82,126.22,122.04,13422.62,166322315.0,3.3995,-0.1139,-0.14,7.014440446796395,云汉芯城
2026-08-21,301563,122.1,122.83,123.5,119.31,13502.03,164932698.0,3.4115,0.0081,0.01,7.055938806720173,云汉芯城
2026-08-24,301563,123.9,120.35,124.48,117.61,13852.85,166295672.0,5.5931,-2.0191,-2.48,7.239271568695489,云汉芯城
2026-06-25,301565,29.23,27.66,29.23,27.61,110878.21,311802187.0,,,,8.661683462229513,中仑新材
2026-06-26,301565,27.3,24.11,27.32,24.0,168336.19,421258467.0,12.0029,-12.8344,-3.55,13.15023748144676,中仑新材
2026-06-29,301565,23.8,23.01,24.3,22.57,120043.76,279209018.0,7.1754,-4.5624,-1.1,9.37768611827201,中仑新材
2026-06-30,301565,23.0,22.79,23.1,22.31,81451.41,184790516.0,3.4333,-0.9561,-0.22,6.362894305132412,中仑新材
2026-07-01,301565,22.88,23.63,23.8,22.83,90182.77,209777882.0,4.2563,3.6858,0.84,7.044978517303335,中仑新材
2026-07-02,301565,23.29,24.31,24.78,22.84,90371.55,216319983.0,8.2099,2.8777,0.68,7.059725802671666,中仑新材
2026-07-03,301565,24.07,23.57,24.25,23.32,69388.25,163724576.0,3.8256,-3.044,-0.74,5.420533552066245,中仑新材
2026-07-06,301565,23.6,21.8,23.8,21.7,87207.66,195845919.0,8.9096,-7.5095,-1.77,6.812566205765175,中仑新材
2026-07-07,301565,21.7,22.0,22.29,21.63,48065.85,105769569.0,3.0275,0.9174,0.2,3.754851183501289,中仑新材
2026-07-08,301565,21.83,20.79,22.0,20.78,54467.26,115146181.0,5.5455,-5.5,-1.21,4.254922271697524,中仑新材
2026-07-09,301565,20.79,21.11,21.17,20.3,45774.94,95269000.0,4.1847,1.5392,0.32,3.5758878212639638,中仑新材
2026-07-10,301565,21.12,20.76,21.38,20.5,58817.63,123639610.0,4.1686,-1.658,-0.35,4.59476837747051,中仑新材
2026-07-13,301565,20.5,19.0,20.7,18.75,87767.4,170810657.0,9.3931,-8.4778,-1.76,6.856292477150222,中仑新材
2026-07-14,301565,18.9,19.24,19.3,18.44,49103.51,92673655.0,4.5263,1.2632,0.24,3.835912038122022,中仑新材
2026-07-15,301565,19.05,19.03,19.43,18.92,34143.81,65349501.0,2.6507,-1.0915,-0.21,2.6672767752519335,中仑新材
2026-07-16,301565,18.82,18.84,19.14,18.62,34786.6,65768867.0,2.7325,-0.9984,-0.19,2.717490821029607,中仑新材
2026-07-17,301565,18.71,19.06,19.44,18.11,64634.96,121633389.0,7.0594,1.1677,0.22,5.049211780329662,中仑新材
2026-07-20,301565,19.2,17.64,19.35,17.36,74444.53,135746769.0,10.4407,-7.4502,-1.42,5.815524568393094,中仑新材
2026-07-21,301565,17.74,18.33,18.33,16.91,63325.96,112394659.0,8.0499,3.9116,0.69,4.946954144207484,中仑新材
2026-07-22,301565,18.1,17.62,18.29,17.6,48661.72,86895522.0,3.7643,-3.8734,-0.71,3.8013998906335447,中仑新材
2026-07-23,301565,17.62,18.31,18.45,17.55,40723.67,73464568.0,5.1078,3.916,0.69,3.1812881806108897,中仑新材
2026-07-24,301565,18.0,18.11,18.39,17.96,30937.67,56139732.0,2.3484,-1.0923,-0.2,2.416816654948832,中仑新材
2026-07-27,301565,17.99,18.83,18.84,17.99,35690.48,66442103.0,4.6935,3.9757,0.72,2.788100929614874,中仑新材
2026-07-28,301565,18.61,18.86,18.97,18.51,30801.71,58023145.0,2.4429,0.1593,0.03,2.406195609717991,中仑新材
2026-07-29,301565,18.86,19.44,19.6,18.77,48629.06,93435580.0,4.4008,3.0753,0.58,3.7988485274587926,中仑新材
2026-07-30,301565,19.22,19.48,19.69,19.22,46612.02,90834168.0,2.4177,0.2058,0.04,3.641279587532224,中仑新材
2026-07-31,301565,19.75,19.65,20.04,19.61,55720.14,110260027.0,2.2074,0.8727,0.17,4.352795875322241,中仑新材
2026-08-03,301565,19.62,20.68,20.68,19.6,59641.78,120914977.0,5.4962,5.2417,1.03,4.659150066401063,中仑新材
2026-08-04,301565,20.5,20.79,20.93,20.19,84213.77,173969257.0,3.5783,0.5319,0.11,6.578686821342082,中仑新材
2026-08-05,301565,20.8,20.89,21.27,20.69,106942.24,224109148.0,2.7898,0.481,0.1,8.354209827357238,中仑新材
2026-08-06,301565,19.58,19.88,20.12,19.55,93247.89,185001533.0,2.7286,-4.8348,-1.01,7.284422310756971,中仑新材
2026-08-07,301565,19.7,19.62,19.74,19.19,65869.62,128205880.0,2.7666,-1.3078,-0.26,5.145662057651746,中仑新材
2026-08-10,301565,19.62,19.75,19.78,19.43,44436.21,87167035.0,1.7839,0.6626,0.13,3.47130771033513,中仑新材
2026-08-11,301565,19.61,19.78,19.9,19.5,34682.01,68380336.0,2.0253,0.1519,0.03,2.7093203655964375,中仑新材
2026-08-12,301565,19.78,19.76,19.9,19.67,29547.46,58529578.0,1.1628,-0.1011,-0.02,2.308214983204437,中仑新材
2026-08-13,301565,19.8,19.5,19.84,19.48,34320.77,67518885.0,1.8219,-1.3158,-0.26,2.6811006952581833,中仑新材
2026-08-14,301565,19.56,19.63,19.72,19.45,24495.13,47985745.0,1.3846,0.6667,0.13,1.9135325365205842,中仑新材
2026-08-17,301565,19.71,20.04,20.05,19.42,43727.9,86804432.0,3.2094,2.0886,0.41,3.4159753144285605,中仑新材
2026-08-18,301565,19.91,20.22,20.38,19.9,55736.14,112352991.0,2.3952,0.8982,0.18,4.354045777673619,中仑新材
2026-08-19,301565,20.01,19.35,20.16,19.3,47039.96,92690419.0,4.2532,-4.3027,-0.87,3.6747097882977893,中仑新材
2026-08-20,301565,19.6,19.49,19.68,19.31,27373.3,53404886.0,1.9121,0.7235,0.14,2.138372002187329,中仑新材
2026-08-21,301565,19.32,19.69,19.72,19.23,27429.6,53639288.0,2.5141,1.0262,0.2,2.142770096086243,中仑新材
2026-08-24,301565,19.75,19.93,20.15,19.75,50050.65,99849167.0,2.0315,1.2189,0.24,3.909901570189829,中仑新材
2026-06-25,301566,37.87,40.34,40.34,37.01,503596.97,1974059704.0,,,,23.32441010262052,达利凯普
2026-06-26,301566,38.7,37.38,39.41,36.89,385394.96,1467984509.0,6.2469,-7.3376,-2.96,17.849809736788192,达利凯普
2026-06-29,301566,37.85,36.72,39.6,35.06,337174.51,1255000155.0,12.1455,-1.7657,-0.66,15.616449295535123,达利凯普
2026-06-30,301566,35.59,37.08,37.36,34.4,284105.7,1027709393.0,8.061,0.9804,0.36,13.15853401439662,达利凯普
2026-07-01,301566,38.6,36.52,38.98,35.32,335105.03,1245325803.0,9.8706,-1.5102,-0.56,15.5206000289695,达利凯普
2026-07-02,301566,34.64,33.42,35.68,33.23,244274.56,840743283.0,6.7087,-8.4885,-3.1,11.313729737248384,达利凯普
2026-07-03,301566,33.03,31.81,33.31,31.6,210908.63,683174300.0,5.1167,-4.8175,-1.61,9.768365723689428,达利凯普
2026-07-06,301566,32.37,30.02,32.64,29.77,200405.19,616518745.0,9.0223,-5.6272,-1.79,9.281892300212975,达利凯普
2026-07-07,301566,29.72,28.96,30.28,28.46,156185.37,457661141.0,6.0626,-3.531,-1.06,7.2338235512209765,达利凯普
2026-07-08,301566,28.99,27.59,29.28,27.29,168802.19,471791448.0,6.8715,-4.7307,-1.37,7.818179497347787,达利凯普
2026-07-09,301566,27.99,28.27,28.5,26.46,177013.59,489462820.0,7.394,2.4647,0.68,8.198495648012193,达利凯普
2026-07-10,301566,28.55,27.49,30.4,27.45,228507.22,662793730.0,10.4351,-2.7591,-0.78,10.583455477680355,达利凯普
2026-07-13,301566,27.01,24.73,27.62,24.64,187864.78,486444017.0,10.8403,-10.04,-2.76,8.70107533124868,达利凯普
2026-07-14,301566,24.83,25.93,26.2,24.2,184580.95,466339326.0,8.0873,4.8524,1.2,8.548982681391614,达利凯普
2026-07-15,301566,26.19,24.37,26.46,24.13,142851.65,357378183.0,8.9857,-6.0162,-1.56,6.616263931127326,达利凯普
2026-07-16,301566,24.04,23.36,24.67,23.2,137551.01,328499726.0,6.032,-4.1444,-1.01,6.3707614588500325,达利凯普
2026-07-17,301566,23.29,21.18,23.4,21.0,189895.98,421060849.0,10.274,-9.3322,-2.18,8.79515163556092,达利凯普
2026-07-20,301566,22.34,19.09,22.55,18.6,255728.39,516484163.0,18.6497,-9.8678,-2.09,11.844221070756006,达利凯普
2026-07-21,301566,19.79,22.25,22.42,17.6,323065.64,649864874.0,25.2488,16.5532,3.16,14.962988116123025,达利凯普
2026-07-22,301566,21.97,22.3,23.47,21.82,274028.92,620905868.0,7.4157,0.2247,0.05,12.6918216169136,达利凯普
2026-07-23,301566,22.42,22.44,23.84,22.21,270603.81,619307631.0,7.3094,0.6278,0.14,12.53318549508271,达利凯普
2026-07-24,301566,21.88,21.51,22.38,21.28,171282.13,373854091.0,4.902,-4.1444,-0.93,7.933039476727513,达利凯普
2026-07-27,301566,21.43,23.0,23.06,21.43,208371.53,465554393.0,7.5779,6.927,1.49,9.650858342992997,达利凯普
2026-07-28,301566,22.46,21.7,22.99,21.56,168074.73,374928787.0,6.2174,-5.6522,-1.3,7.78448673034553,达利凯普
2026-07-29,301566,21.76,22.3,22.77,21.44,254530.37,561835670.0,6.129,2.765,0.6,11.788734021675584,达利凯普
2026-07-30,301566,22.56,21.53,23.3,20.8,291756.7,640314047.0,11.2108,-3.4529,-0.77,13.512894886931557,达利凯普
2026-07-31,301566,23.51,22.0,23.7,21.88,328842.08,746681288.0,8.4533,2.183,0.47,15.230527564371057,达利凯普
2026-08-03,301566,21.62,21.12,22.11,20.92,216489.3,460473973.0,5.4091,-4.0,-0.88,10.026837961374637,达利凯普
2026-08-04,301566,21.26,22.28,22.53,20.75,251111.23,548333549.0,8.428,5.4924,1.16,11.630374404145966,达利凯普
2026-08-05,301566,21.96,23.82,24.43,21.94,309596.17,726865938.0,11.1759,6.912,1.54,14.339141149480348,达利凯普
2026-08-06,301566,23.41,24.22,24.7,23.06,288646.7,694184669.0,6.885,1.6793,0.4,13.368853282751234,达利凯普
2026-08-07,301566,24.23,24.8,25.09,23.56,258707.48,633994567.0,6.3171,2.3947,0.58,11.982199496028532,达利凯普
2026-08-10,301566,25.28,24.9,25.31,23.95,241093.04,589772947.0,5.4839,0.4032,0.1,11.166375639328196,达利凯普
2026-08-11,301566,24.85,28.19,29.88,24.6,665794.21,1857185545.0,21.2048,13.2129,3.29,30.836677190472866,达利凯普
2026-08-12,301566,28.15,28.69,29.24,26.88,531979.44,1497631098.0,8.3718,1.7737,0.5,24.63896203490344,达利凯普
2026-08-13,301566,29.0,27.26,29.13,27.18,430113.88,1212043732.0,6.7968,-4.9843,-1.43,19.920994615891573,达利凯普
2026-08-14,301566,27.99,27.64,28.05,27.0,276235.32,759802159.0,3.8518,1.394,0.38,12.794012419313427,达利凯普
2026-08-17,301566,27.53,27.84,28.08,27.04,264661.56,729130776.0,3.7627,0.7236,0.2,12.257966452497335,达利凯普
2026-08-18,301566,27.82,27.46,28.26,26.94,247074.56,681555665.0,4.7414,-1.3649,-0.38,11.443413496639028,达利凯普
2026-08-19,301566,26.5,24.95,26.88,24.72,253294.55,653244546.0,7.866,-9.1406,-2.51,11.73149624184339,达利凯普
2026-08-20,301566,25.77,25.35,26.0,25.02,175479.14,448488744.0,3.9279,1.6032,0.4,8.1274266320847,达利凯普
2026-08-21,301566,25.16,25.6,26.05,24.68,180604.11,461276687.0,5.4043,0.9862,0.25,8.364792837929084,达利凯普
2026-08-24,301566,25.45,24.58,25.62,23.77,167166.05,410366508.0,7.2266,-3.9844,-1.02,7.742400645172998,达利凯普
2026-06-25,301567,37.76,36.64,37.96,36.33,12997.45,47880189.0,,,,6.119369957885767,贝隆精密
2026-06-26,301567,36.64,35.11,36.64,35.05,14166.0,50389666.0,4.3395,-4.1758,-1.53,6.669538626685216,贝隆精密
2026-06-29,301567,35.0,34.44,35.17,33.25,15658.68,53509379.0,5.4685,-1.9083,-0.67,7.372311951355588,贝隆精密
2026-06-30,301567,34.36,34.61,35.13,33.97,10601.0,36731672.0,3.3682,0.4936,0.17,4.991089861745728,贝隆精密
2026-07-01,301567,34.44,35.15,35.5,34.17,12937.86,45068971.0,3.8428,1.5602,0.54,6.091314204196357,贝隆精密
2026-07-02,301567,35.0,34.75,35.87,34.58,14273.0,50385740.0,3.67,-1.138,-0.4,6.719915630289291,贝隆精密
2026-07-03,301567,34.76,36.41,36.95,34.33,14886.0,53503519.0,7.5396,4.777,1.66,7.008524071497681,贝隆精密
2026-07-06,301567,35.87,35.86,37.48,35.2,13672.07,49249878.0,6.262,-1.5106,-0.55,6.436989903412689,贝隆精密
2026-07-07,301567,35.6,34.96,36.3,34.34,10800.0,38037507.0,5.4657,-2.5098,-0.9,5.084781672186951,贝隆精密
2026-07-08,301567,34.95,33.75,35.18,33.75,9723.0,33154153.0,4.0904,-3.4611,-1.21,4.577715944321641,贝隆精密
2026-07-09,301567,33.58,34.32,34.5,32.88,10432.89,35141540.0,4.8,1.6889,0.57,4.911941468513196,贝隆精密
2026-07-10,301567,34.3,34.65,35.68,33.82,11397.0,39815654.0,5.4196,0.9615,0.33,5.365857103510618,贝隆精密
2026-07-13,301567,34.65,32.65,34.9,32.31,10431.0,34804725.0,7.4747,-5.772,-2.0,4.911051631720563,贝隆精密
2026-07-14,301567,32.65,33.38,33.47,31.9,11036.0,36062805.0,4.8086,2.2358,0.73,5.195893567986591,贝隆精密
2026-07-15,301567,33.2,33.3,33.79,32.71,6758.0,22514940.0,3.2355,-0.2397,-0.08,3.1817550500592047,贝隆精密
2026-07-16,301567,33.43,33.66,35.1,33.1,10935.25,37472710.0,6.006,1.0811,0.36,5.148459146368737,贝隆精密
2026-07-17,301567,33.66,31.78,34.0,31.51,13417.0,44073421.0,7.3975,-5.5853,-1.88,6.316899601456696,贝隆精密
2026-07-20,301567,31.61,30.2,32.99,29.52,15926.0,49574509.0,10.9188,-4.9717,-1.58,7.498169714004571,贝隆精密
2026-07-21,301567,30.4,30.07,30.49,27.95,15612.0,46003503.0,8.4106,-0.4305,-0.13,7.3503343950169135,贝隆精密
2026-07-22,301567,29.85,29.79,30.51,29.33,10900.0,32542786.0,3.9242,-0.9312,-0.28,5.131862983966459,贝隆精密
2026-07-23,301567,29.19,30.35,30.44,29.19,8497.0,25454570.0,4.196,1.8798,0.56,4.000499061904863,贝隆精密
2026-07-24,301567,30.0,29.87,30.25,29.3,8410.0,25076757.0,3.1301,-1.5815,-0.48,3.95953832065669,贝隆精密
2026-07-27,301567,29.5,31.08,31.18,29.46,10285.0,31556918.0,5.7583,4.0509,1.21,4.84231291652248,贝隆精密
2026-07-28,301567,30.67,31.13,31.92,30.64,7862.0,24729249.0,4.1184,0.1609,0.05,3.701532732104982,贝隆精密
2026-07-29,301567,30.83,31.58,31.81,30.83,9189.3,28781593.0,3.1481,1.4456,0.45,4.3264429833544025,贝隆精密
2026-07-30,301567,31.58,30.53,32.01,30.4,9997.13,31158287.0,5.0982,-3.3249,-1.05,4.7067799443028076,贝隆精密
2026-07-31,301567,30.8,31.65,32.25,30.8,11921.76,37899179.0,4.7494,3.6685,1.12,5.612920995204768,贝隆精密
2026-08-03,301567,31.66,32.44,32.5,31.62,10382.0,33432925.0,2.7804,2.4961,0.79,4.887981788948604,贝隆精密
2026-08-04,301567,32.84,32.94,33.2,32.47,9020.0,29621126.0,2.2503,1.5413,0.5,4.246734322511694,贝隆精密
2026-08-05,301567,32.8,33.24,33.49,32.62,10259.0,34055005.0,2.6412,0.9107,0.3,4.830071775459808,贝隆精密
2026-08-06,301567,32.1,33.77,33.94,32.1,12428.5,41721159.0,5.5355,1.5945,0.53,5.851500834516251,贝隆精密
2026-08-07,301567,33.76,34.2,34.28,33.04,9638.0,32399400.0,3.6719,1.2733,0.43,4.537696829309058,贝隆精密
2026-08-10,301567,34.14,35.07,35.48,33.66,10854.0,37741969.0,5.3216,2.5439,0.87,5.110205580547885,贝隆精密
2026-08-11,301567,34.55,35.7,36.5,34.3,14217.75,50357611.0,6.2732,1.7964,0.63,6.693903205531113,贝隆精密
2026-08-12,301567,35.7,36.61,36.72,35.7,14878.92,54123836.0,2.8571,2.549,0.91,7.005190714623691,贝隆精密
2026-08-13,301567,36.72,35.55,37.3,35.52,13694.25,49685622.0,4.8621,-2.8954,-1.06,6.447432538365384,贝隆精密
2026-08-14,301567,35.59,35.6,36.14,35.1,10198.68,36244845.0,2.9255,0.1406,0.05,4.8016723281944085,贝隆精密
2026-08-17,301567,35.66,36.65,36.87,35.34,13625.68,49440878.0,4.2978,2.9494,1.05,6.415148882878174,贝隆精密
2026-08-18,301567,36.58,37.48,37.56,36.02,13942.88,51407035.0,4.2019,2.2647,0.83,6.5644908038427765,贝隆精密
2026-08-19,301567,37.18,35.45,37.28,35.45,9475.0,34239441.0,4.8826,-5.4162,-2.03,4.460954291108459,贝隆精密
2026-08-20,301567,36.26,36.02,36.62,35.62,8135.37,29432440.0,2.8209,1.6079,0.57,3.830238914116625,贝隆精密
2026-08-21,301567,35.51,35.8,36.07,34.91,9144.62,32434714.0,3.2204,-0.6108,-0.22,4.305407053251318,贝隆精密
2026-08-24,301567,35.79,35.23,36.4,34.77,9290.49,32717726.0,4.5531,-1.5922,-0.57,4.374084562744087,贝隆精密
2026-06-25,301568,122.35,122.22,124.77,119.0,43413.16,529533192.0,,,,9.086433086357738,思泰克
2026-06-26,301568,121.75,118.53,122.66,115.8,35009.37,416755802.0,5.6128,-3.0191,-3.69,7.32750847670476,思泰克
2026-06-29,301568,118.58,108.1,120.21,102.0,74150.2,806288438.0,15.3632,-8.7995,-10.43,15.519737117501778,思泰克
2026-06-30,301568,110.0,111.6,112.46,106.09,47433.2,518882619.0,5.8927,3.2377,3.5,9.927832893800494,思泰克
2026-07-01,301568,110.36,110.14,112.99,107.5,42383.96,466030981.0,4.9194,-1.3082,-1.46,8.87102013479007,思泰克
2026-07-02,301568,107.86,102.47,108.88,102.11,37909.96,398973633.0,6.1467,-6.9639,-7.67,7.934605885554021,思泰克
2026-07-03,301568,102.34,101.42,103.73,99.0,37302.0,378018498.0,4.616,-1.0247,-1.05,7.80735903553937,思泰克
2026-07-06,301568,101.42,97.0,103.35,94.03,34200.0,335087676.0,9.1895,-4.3581,-4.42,7.158106241366319,思泰克
2026-07-07,301568,96.37,92.04,97.28,90.3,32122.0,301013316.0,7.1959,-5.1134,-4.96,6.723178031730084,思泰克
2026-07-08,301568,93.25,89.42,94.16,87.41,31931.5,289463816.0,7.3338,-2.8466,-2.62,6.683306124157562,思泰克
2026-07-09,301568,89.57,97.5,97.98,88.0,38196.04,355670854.0,11.1608,9.036,8.08,7.994482816358994,思泰克
2026-07-10,301568,98.36,93.5,100.34,93.5,36769.0,357584290.0,7.0154,-4.1026,-4.0,7.69580141487714,思泰克
2026-07-13,301568,93.54,92.8,99.23,92.22,44313.46,421401385.0,7.4973,-0.7487,-0.7,9.274867093641424,思泰克
2026-07-14,301568,94.65,92.5,94.78,87.46,48496.02,442097494.0,7.8879,-0.3233,-0.3,10.150282556825317,思泰克
2026-07-15,301568,93.75,89.33,96.24,88.9,31797.09,290547547.0,7.9351,-3.427,-3.17,6.655173929423584,思泰克
2026-07-16,301568,83.27,83.88,89.33,83.01,39085.35,333443821.0,7.0749,-6.101,-5.45,8.180616601783248,思泰克
2026-07-17,301568,83.0,73.18,83.8,72.31,54698.53,422678187.0,13.6981,-12.7563,-10.7,11.448476286156808,思泰克
2026-07-20,301568,74.65,62.64,76.51,59.8,74405.25,500986545.0,22.8341,-14.4028,-10.54,15.5731194273515,思泰克
2026-07-21,301568,64.95,68.9,69.2,54.0,67580.4,425950151.0,24.2656,9.9936,6.26,14.144669094562351,思泰克
2026-07-22,301568,68.01,66.26,70.21,65.3,42722.99,289301042.0,7.1263,-3.8316,-2.64,8.941979572188036,思泰克
2026-07-23,301568,66.25,67.13,69.23,64.75,39361.0,263042456.0,6.7612,1.313,0.87,8.238310519485955,思泰克
2026-07-24,301568,65.6,65.0,67.3,63.99,32851.88,215445589.0,4.9307,-3.1729,-2.13,6.8759429025911505,思泰克
2026-07-27,301568,65.6,67.37,67.71,63.28,38520.99,254313453.0,6.8154,3.6462,2.37,8.062495290719578,思泰克
2026-07-28,301568,67.8,63.64,68.3,63.17,41522.6,271180348.0,7.6147,-5.5366,-3.73,8.69073632215664,思泰克
2026-07-29,301568,63.95,61.22,64.28,58.36,40846.71,248631012.0,9.3023,-3.8026,-2.42,8.549271631294738,思泰克
2026-07-30,301568,61.08,55.23,61.48,54.88,37372.0,214049868.0,10.7808,-9.7844,-5.99,7.822010130185442,思泰克
2026-07-31,301568,59.6,58.48,62.88,57.63,44312.0,266958786.0,9.5057,5.8845,3.25,9.27456151366738,思泰克
2026-08-03,301568,58.0,54.75,58.71,54.2,43471.0,241301675.0,7.712,-6.3782,-3.73,9.098539076562433,思泰克
2026-08-04,301568,55.56,59.84,60.6,55.24,50595.64,297629819.0,9.79,9.2968,5.09,10.589735861693667,思泰克
2026-08-05,301568,59.25,63.48,64.63,59.25,45201.37,283398630.0,8.9906,6.0829,3.64,9.460707857172759,思泰克
2026-08-06,301568,63.0,65.66,67.21,61.72,44052.96,285717748.0,8.6484,3.4342,2.18,9.220344091422831,思泰克
2026-08-07,301568,65.35,69.1,69.57,64.35,46365.6,312550197.0,7.95,5.2391,3.44,9.704382770312696,思泰克
2026-08-10,301568,69.3,68.33,69.86,66.22,47918.29,323806900.0,5.2677,-1.1143,-0.77,10.029362886684249,思泰克
2026-08-11,301568,67.51,67.45,69.96,65.8,35624.0,241959337.0,6.0881,-1.2879,-0.88,7.456151366737829,思泰克
2026-08-12,301568,67.33,68.56,69.54,66.6,29727.12,203488430.0,4.3588,1.6457,1.11,6.221926409644606,思泰克
2026-08-13,301568,69.25,67.31,71.33,67.21,31182.0,216453048.0,6.0093,-1.8232,-1.25,6.526434760768554,思泰克
2026-08-14,301568,67.94,70.85,71.06,67.93,40522.89,283733083.0,4.6501,5.2592,3.54,8.481495667462012,思泰克
2026-08-17,301568,71.35,74.5,74.5,70.33,35711.36,261021948.0,5.8857,5.1517,3.65,7.474435932856125,思泰克
2026-08-18,301568,74.95,74.03,75.5,72.03,32689.8,241099541.0,4.6577,-0.6309,-0.47,6.842019339444932,思泰克
2026-08-19,301568,71.91,67.8,72.88,67.02,36672.37,255077336.0,7.9157,-8.4155,-6.23,7.675576625224998,思泰克
2026-08-20,301568,68.87,69.65,72.1,67.8,30038.89,210339147.0,6.3422,2.7286,1.85,6.287180292184688,思泰克
2026-08-21,301568,69.17,72.9,73.3,67.51,31460.23,223257614.0,8.313,4.6662,3.25,6.584668675959647,思泰克
2026-08-24,301568,72.7,69.96,72.91,67.85,34256.0,240500807.0,6.941,-4.0329,-2.94,7.169827117083176,思泰克
2026-06-25,301571,66.98,66.38,66.98,64.18,43183.96,283503172.0,,,,3.6238311426046512,国科天成
2026-06-26,301571,66.27,65.37,67.28,63.42,38874.47,254527288.0,5.815,-1.5215,-1.01,3.2621953854683596,国科天成
2026-06-29,301571,65.49,63.18,66.29,60.89,59951.41,377453934.0,8.2607,-3.3502,-2.19,5.030890789104563,国科天成
2026-06-30,301571,62.99,65.06,65.58,61.89,37820.29,240780826.0,5.8405,2.9756,1.88,3.173732671212628,国科天成
2026-07-01,301571,65.06,64.56,66.54,63.6,41631.68,270467109.0,4.5189,-0.7685,-0.5,3.4935698000588924,国科天成
2026-07-02,301571,64.39,61.06,64.39,60.88,37610.3,235916247.0,5.4368,-5.4213,-3.5,3.1561111214141477,国科天成
2026-07-03,301571,61.06,60.24,61.96,60.17,34228.0,208931671.0,2.9315,-1.3429,-0.82,2.872281568181149,国科天成
2026-07-06,301571,60.75,58.89,62.97,58.79,45873.57,278734855.0,6.9389,-2.241,-1.35,3.8495328262728674,国科天成
2026-07-07,301571,59.32,58.54,60.49,58.21,30457.62,180885841.0,3.8716,-0.5943,-0.35,2.5558858401503306,国科天成
2026-07-08,301571,58.55,61.72,62.34,56.93,52423.46,312004503.0,9.2415,5.4322,3.18,4.399174298769479,国科天成
2026-07-09,301571,62.02,67.08,67.68,59.19,110083.81,699311785.0,13.7557,8.6844,5.36,9.237808180967502,国科天成
2026-07-10,301571,66.59,67.39,70.45,65.78,94535.05,648053414.0,6.9618,0.4621,0.31,7.933016292569922,国科天成
2026-07-13,301571,67.36,62.51,67.75,62.09,70786.49,450925853.0,8.3989,-7.2414,-4.88,5.940128856586397,国科天成
2026-07-14,301571,62.64,60.99,63.33,59.0,46526.74,282894890.0,6.9269,-2.4316,-1.52,3.904344330067681,国科天成
2026-07-15,301571,60.39,60.75,64.35,59.7,38263.96,235357206.0,7.6242,-0.3935,-0.24,3.210963744116534,国科天成
2026-07-16,301571,60.2,62.02,64.3,58.61,56889.63,350788511.0,9.3663,2.0905,1.27,4.773958036392583,国科天成
2026-07-17,301571,61.28,59.12,63.44,58.89,58264.13,353973906.0,7.3363,-4.6759,-2.9,4.889300767941753,国科天成
2026-07-20,301571,59.88,58.59,61.58,57.5,56389.35,336278347.0,6.9012,-0.8965,-0.53,4.731976470921925,国科天成
2026-07-21,301571,62.0,62.7,64.55,59.03,70986.11,440264600.0,9.4214,7.0148,4.11,5.9568801960348114,国科天成
2026-07-22,301571,62.24,62.99,64.81,61.56,58981.69,372788840.0,5.1834,0.4625,0.29,4.949515631856211,国科天成
2026-07-23,301571,62.67,62.66,63.98,62.02,33776.0,212657345.0,3.1116,-0.5239,-0.33,2.8343514738485007,国科天成
2026-07-24,301571,61.48,62.27,65.3,59.8,42030.09,264612430.0,8.7775,-0.6224,-0.39,3.5270028285612605,国科天成
2026-07-27,301571,61.1,64.82,65.87,60.92,61612.22,395971062.0,7.9493,4.0951,2.55,5.170259550097053,国科天成
2026-07-28,301571,63.66,63.75,65.02,62.38,48975.28,311448776.0,4.0728,-1.6507,-1.07,4.109816350371358,国科天成
2026-07-29,301571,64.0,62.83,65.3,54.52,119289.0,707945981.0,16.9098,-1.4431,-0.92,10.010272174440841,国科天成
2026-07-30,301571,60.96,54.25,61.96,54.01,72056.52,411917305.0,12.6532,-13.6559,-8.58,6.046704869208727,国科天成
2026-07-31,301571,56.85,56.1,57.96,55.86,45667.91,258874464.0,3.871,3.4101,1.85,3.8322746333515125,国科天成
2026-08-03,301571,56.0,56.5,58.25,55.0,36235.93,204323776.0,5.7932,0.713,0.4,3.0407792989629057,国科天成
2026-08-04,301571,56.66,55.84,56.86,55.37,39364.66,220373292.0,2.6372,-1.1681,-0.66,3.303330237107565,国科天成
2026-08-05,301571,55.51,58.37,59.5,55.33,51629.85,300307227.0,7.4678,4.5308,2.53,4.332577612567415,国科天成
2026-08-06,301571,57.99,60.17,61.13,57.2,52868.94,312960172.0,6.7329,3.0838,1.8,4.436557259882992,国科天成
2026-08-07,301571,60.5,67.2,67.5,60.21,91161.29,586444926.0,12.1157,11.6836,7.03,7.649903383154625,国科天成
2026-08-10,301571,67.11,68.0,68.78,65.71,55128.61,371591497.0,4.5685,1.1905,0.8,4.626180039220724,国科天成
2026-08-11,301571,67.58,64.6,68.63,64.2,48733.33,321216707.0,6.5147,-5.0,-3.4,4.089512840805464,国科天成
2026-08-12,301571,64.21,66.66,67.09,63.85,42819.0,282104042.0,5.0155,3.1889,2.06,3.593205108915175,国科天成
2026-08-13,301571,66.64,67.36,68.77,65.7,46163.0,310024423.0,4.6055,1.0501,0.7,3.873820674066448,国科天成
2026-08-14,301571,67.5,68.46,70.18,67.5,39676.0,273192123.0,3.9786,1.633,1.1,3.3294566874826246,国科天成
2026-08-17,301571,68.44,69.13,69.49,67.08,31656.67,216439253.0,3.5203,0.9787,0.67,2.6565054853042285,国科天成
2026-08-18,301571,68.8,70.45,71.47,68.68,34365.52,240065066.0,4.0359,1.9094,1.32,2.883821715465719,国科天成
2026-08-19,301571,69.99,66.38,70.25,65.83,42965.12,290638229.0,6.274,-5.7771,-4.07,3.6054669349857202,国科天成
2026-08-20,301571,66.6,65.86,67.45,65.58,26250.65,174598873.0,2.8171,-0.7834,-0.52,2.2028531654719665,国科天成
2026-08-21,301571,65.7,65.52,67.12,63.8,26114.33,171326211.0,5.041,-0.5162,-0.34,2.1914137175528814,国科天成
2026-08-24,301571,65.25,64.91,66.28,63.67,26349.17,171297247.0,3.9835,-0.931,-0.61,2.2111205833782774,国科天成
2026-06-25,301575,28.5,27.86,28.87,27.52,6391.68,17852324.0,,,,2.6225558480138025,艾芬达
2026-06-26,301575,27.69,26.77,27.69,26.7,7522.36,20344191.0,3.5535,-3.9124,-1.09,3.0864826162863457,艾芬达
2026-06-29,301575,26.61,26.93,27.15,26.35,6209.49,16639576.0,2.9884,0.5977,0.16,2.547801878799193,艾芬达
2026-06-30,301575,26.71,26.81,27.1,26.38,5775.64,15430213.0,2.6736,-0.4456,-0.12,2.369789860885157,艾芬达
2026-07-01,301575,26.82,27.69,27.75,26.75,7542.74,20614495.0,3.73,3.2824,0.88,3.094844688258428,艾芬达
2026-07-02,301575,27.92,27.91,29.29,27.73,8307.93,23555200.0,5.6338,0.7945,0.22,3.4088080764977766,艾芬达
2026-07-03,301575,28.11,29.36,30.18,27.93,13784.3,40097910.0,8.0616,5.1953,1.45,5.655805136642739,艾芬达
2026-07-06,301575,29.36,28.68,29.61,28.5,8237.66,23749548.0,3.7807,-2.3161,-0.68,3.379975750811896,艾芬达
2026-07-07,301575,28.65,27.68,29.1,27.47,6157.95,17298565.0,5.6834,-3.4868,-1.0,2.5266546172957027,艾芬达
2026-07-08,301575,27.5,26.95,27.64,26.91,6227.76,16908802.0,2.6373,-2.6373,-0.73,2.555298201415972,艾芬达
2026-07-09,301575,26.84,26.54,27.12,26.18,6685.01,17737425.0,3.4879,-1.5213,-0.41,2.7429114207111045,艾芬达
2026-07-10,301575,26.54,27.01,27.48,26.11,5717.02,15385513.0,5.162,1.7709,0.47,2.3457376205022578,艾芬达
2026-07-13,301575,26.83,25.86,26.93,25.67,6117.9,15948163.0,4.6649,-4.2577,-1.15,2.5102217918549807,艾芬达
2026-07-14,301575,25.9,26.49,26.55,25.31,5834.35,15177999.0,4.7951,2.4362,0.63,2.3938790289656757,艾芬达
2026-07-15,301575,26.49,26.71,26.74,26.06,5100.77,13532998.0,2.567,0.8305,0.22,2.0928854687458327,艾芬达
2026-07-16,301575,26.78,27.15,27.44,26.26,6853.8,18548540.0,4.4178,1.6473,0.44,2.812167266057907,艾芬达
2026-07-17,301575,27.13,26.61,28.05,26.37,12528.26,34187916.0,6.1878,-1.989,-0.54,5.140442188663607,艾芬达
2026-07-20,301575,26.61,25.99,27.34,25.6,9058.53,24049684.0,6.5389,-2.33,-0.62,3.7167850746452373,艾芬达
2026-07-21,301575,25.99,26.35,26.4,25.06,8218.44,21209278.0,5.1558,1.3851,0.36,3.3720896358313555,艾芬达
2026-07-22,301575,26.5,25.6,26.5,25.28,8469.9,21671052.0,4.63,-2.8463,-0.75,3.4752656229805168,艾芬达
2026-07-23,301575,25.11,25.95,26.06,25.11,7023.34,18032292.0,3.7109,1.3672,0.35,2.8817308422182055,艾芬达
2026-07-24,301575,25.61,25.07,25.8,25.07,5079.12,12847957.0,2.8131,-3.3911,-0.88,2.0840023059295625,艾芬达
2026-07-27,301575,25.06,25.6,25.75,25.02,5062.9,12935309.0,2.9118,2.1141,0.53,2.077347114203008,艾芬达
2026-07-28,301575,25.63,25.57,26.09,25.46,5255.16,13535486.0,2.4609,-0.1172,-0.03,2.156232882473499,艾芬达
2026-07-29,301575,25.57,26.29,26.97,25.57,10236.72,26708090.0,5.4752,2.8158,0.72,4.200205564183416,艾芬达
2026-07-30,301575,26.4,26.21,26.95,26.13,11028.15,29264831.0,3.1191,-0.3043,-0.08,4.524935427817635,艾芬达
2026-07-31,301575,26.29,26.8,26.93,26.29,8267.24,22069989.0,2.4418,2.251,0.59,3.3921126540962048,艾芬达
2026-08-03,301575,26.74,27.3,27.32,26.6,8439.02,22896474.0,2.6866,1.8657,0.5,3.4625953196194805,艾芬达
2026-08-04,301575,27.3,27.19,27.41,26.96,7118.1,19344289.0,1.6484,-0.4029,-0.11,2.920611604734131,艾芬达
2026-08-05,301575,27.18,27.2,27.4,26.8,9248.45,25122879.0,2.2067,0.0368,0.01,3.7947107227776193,艾芬达
2026-08-06,301575,27.07,27.32,27.34,26.76,7380.22,19962178.0,2.1324,0.4412,0.12,3.028161472512458,艾芬达
2026-08-07,301575,27.25,27.42,27.48,26.84,8038.59,21861092.0,2.3426,0.366,0.1,3.2982957867548555,艾芬达
2026-08-10,301575,27.42,27.91,27.96,27.29,11218.2,31121469.0,2.4435,1.787,0.49,4.602914415957689,艾芬达
2026-08-11,301575,27.91,27.69,27.91,27.6,6009.74,16668751.0,1.1107,-0.7882,-0.22,2.4658429054712485,艾芬达
2026-08-12,301575,27.6,27.76,27.88,27.6,4377.57,12158111.0,1.0112,0.2528,0.07,1.7961509029847837,艾芬达
2026-08-13,301575,27.76,27.4,28.12,27.4,7536.13,20944273.0,2.5937,-1.2968,-0.36,3.0921325540221445,艾芬达
2026-08-14,301575,27.94,27.28,27.94,26.95,11698.23,31916179.0,3.6131,-0.438,-0.12,4.7998744458280935,艾芬达
2026-08-17,301575,27.29,27.38,27.57,27.06,7917.0,21645674.0,1.8695,0.3666,0.1,3.2484064672707764,艾芬达
2026-08-18,301575,27.16,26.99,27.38,26.67,9097.6,24562735.0,2.5931,-1.4244,-0.39,3.7328157984896575,艾芬达
2026-08-19,301575,26.98,26.46,26.98,26.31,8228.4,21907737.0,2.4824,-1.9637,-0.53,3.376176301034591,艾芬达
2026-08-20,301575,26.78,26.08,26.78,25.85,12141.21,31669038.0,3.5147,-1.4361,-0.38,4.981632573511763,艾芬达
2026-08-21,301575,26.03,25.58,26.03,25.2,7476.29,19061530.0,3.1825,-1.9172,-0.5,3.0675797381826237,艾芬达
2026-08-24,301575,25.64,25.87,26.28,25.49,9018.67,23295754.0,3.0884,1.1337,0.29,3.700430207677268,艾芬达
2026-06-25,301577,86.67,85.22,89.0,82.0,18048.55,153972877.0,,,,9.579322499071846,美信科技
2026-06-26,301577,84.79,81.83,84.79,80.13,13901.1,114177194.0,5.4682,-3.9779,-3.39,7.378050867900614,美信科技
2026-06-29,301577,82.0,76.91,83.7,74.66,20835.0,162246347.0,11.0473,-6.0125,-4.92,11.058239263994166,美信科技
2026-06-30,301577,77.6,77.54,81.66,76.11,21394.35,168410842.0,7.2162,0.8191,0.63,11.355115968208954,美信科技
2026-07-01,301577,77.54,75.53,79.0,75.01,15860.2,121206790.0,5.1457,-2.5922,-2.01,8.41784911806097,美信科技
2026-07-02,301577,74.9,71.86,76.23,71.08,17422.15,128506759.0,6.8185,-4.859,-3.67,9.24685880456904,美信科技
2026-07-03,301577,72.34,72.0,74.43,70.7,15127.2,109544792.0,5.1906,0.1948,0.14,8.028807151153948,美信科技
2026-07-06,301577,71.99,67.8,72.0,66.19,16809.0,114959910.0,8.0694,-5.8333,-4.2,8.92142758763993,美信科技
2026-07-07,301577,67.46,64.62,68.66,64.21,11965.19,78888856.0,6.5634,-4.6903,-3.18,6.350560780376786,美信科技
2026-07-08,301577,65.1,63.14,65.49,61.88,12944.0,82011661.0,5.5865,-2.2903,-1.48,6.870067148218887,美信科技
2026-07-09,301577,64.0,62.4,64.0,59.0,16851.0,103306089.0,7.9189,-1.172,-0.74,8.943719214665979,美信科技
2026-07-10,301577,62.0,61.6,64.85,61.01,15454.0,97356863.0,6.1538,-1.2821,-0.8,8.202257239537596,美信科技
2026-07-13,301577,61.29,56.14,61.59,55.8,18705.11,108245370.0,9.3994,-8.8636,-5.46,9.927793704791453,美信科技
2026-07-14,301577,56.7,56.7,57.0,53.53,17644.4,97849688.0,6.181,0.9975,0.56,9.364818664248556,美信科技
2026-07-15,301577,56.7,54.69,57.02,54.38,14533.91,80859946.0,4.6561,-3.545,-2.01,7.713916689290014,美信科技
2026-07-16,301577,54.3,53.5,56.29,52.55,16081.95,87353890.0,6.8385,-2.1759,-1.19,8.535543601228268,美信科技
2026-07-17,301577,54.54,48.49,54.57,47.81,24136.14,121495495.0,12.6355,-9.3645,-5.01,12.810329303060241,美信科技
2026-07-20,301577,49.34,44.86,50.17,44.0,27437.74,129557830.0,12.7243,-7.4861,-3.63,14.562663488517558,美信科技
2026-07-21,301577,45.35,48.65,48.78,39.96,38358.82,170293342.0,19.6612,8.4485,3.79,20.35905972855698,美信科技
2026-07-22,301577,47.35,49.45,51.95,47.34,33503.2,166874419.0,9.4758,1.6444,0.8,17.78192472807532,美信科技
2026-07-23,301577,49.55,51.85,51.99,49.08,22696.85,115369827.0,5.8847,4.8534,2.4,12.046421782528725,美信科技
2026-07-24,301577,51.0,51.25,52.61,50.15,17306.04,88931640.0,4.7445,-1.1572,-0.6,9.1852330709025,美信科技
2026-07-27,301577,50.66,51.74,52.5,50.05,15840.72,81506611.0,4.7805,0.9561,0.49,8.407510049145078,美信科技
2026-07-28,301577,51.0,49.82,52.29,49.82,16335.0,83136513.0,4.7739,-3.7109,-1.92,8.669850654060221,美信科技
2026-07-29,301577,49.82,49.3,50.38,47.58,17240.41,84168710.0,5.6202,-1.0438,-0.52,9.150399749909175,美信科技
2026-07-30,301577,49.85,46.01,49.85,45.55,15528.0,72898245.0,8.7221,-6.6734,-3.29,8.2415329633454,美信科技
2026-07-31,301577,47.47,47.9,49.52,47.2,16105.0,78183863.0,5.0424,4.1078,1.89,8.547777458441374,美信科技
2026-08-03,301577,47.9,49.3,49.47,47.75,13537.97,66101294.0,3.5908,2.9228,1.4,7.185318522139434,美信科技
2026-08-04,301577,49.52,50.61,51.29,49.14,13773.0,69388025.0,4.3611,2.6572,1.31,7.310061405471162,美信科技
2026-08-05,301577,51.0,52.5,52.98,50.04,15033.0,77992110.0,5.8091,3.7344,1.89,7.978810216252666,美信科技
2026-08-06,301577,52.51,53.33,53.7,51.8,14492.81,76459026.0,3.619,1.581,0.83,7.692102739985951,美信科技
2026-08-07,301577,53.06,54.98,55.85,53.05,23818.61,130163028.0,5.2503,3.0939,1.65,12.641799295213058,美信科技
2026-08-10,301577,54.97,54.51,55.23,53.35,16113.0,87175013.0,3.4194,-0.8549,-0.47,8.552023482636812,美信科技
2026-08-11,301577,54.16,54.72,55.94,53.52,12973.12,71153347.0,4.4396,0.3853,0.21,6.885522676290281,美信科技
2026-08-12,301577,54.9,56.64,57.66,54.38,18914.0,107114423.0,5.9942,3.5088,1.92,10.038662704064587,美信科技
2026-08-13,301577,57.0,55.41,57.83,55.34,15844.12,90195303.0,4.3962,-2.1716,-1.23,8.409314609428138,美信科技
2026-08-14,301577,55.27,56.62,56.9,55.2,12898.0,72422125.0,3.068,2.1837,1.21,6.845652509095117,美信科技
2026-08-17,301577,56.62,57.97,58.1,56.36,12833.11,73770435.0,3.0731,2.3843,1.35,6.81121194533987,美信科技
2026-08-18,301577,57.71,57.59,58.19,56.4,10763.8,61746648.0,3.0878,-0.6555,-0.38,5.712919404357111,美信科技
2026-08-19,301577,56.41,54.02,57.45,53.77,12934.0,71164441.0,6.39,-6.199,-3.57,6.864759617974587,美信科技
2026-08-20,301577,54.7,56.42,56.97,54.12,15472.0,86696461.0,5.2758,4.4428,2.4,8.211810793977333,美信科技
2026-08-21,301577,55.4,56.61,57.77,53.27,18761.64,105002148.0,7.9759,0.3368,0.19,9.957797173262467,美信科技
2026-08-24,301577,56.63,55.16,57.5,53.61,15655.68,86298549.0,6.8716,-2.5614,-1.45,8.309299509504593,美信科技
2026-06-25,301578,21.75,21.11,21.94,21.01,11573.63,24650009.0,,,,3.842395654574386,辰奕智能
2026-06-26,301578,20.84,20.51,21.1,20.43,10339.49,21418265.0,3.1739,-2.8423,-0.6,3.4326664535254126,辰奕智能
2026-06-29,301578,20.39,20.37,20.77,19.68,15885.29,31878933.0,5.3145,-0.6826,-0.14,5.273848331738094,辰奕智能
2026-06-30,301578,20.08,20.39,20.7,20.01,10526.79,21407365.0,3.3873,0.0982,0.02,3.4948492523622323,辰奕智能
2026-07-01,301578,20.38,20.55,20.86,19.94,14283.77,29170244.0,4.512,0.7847,0.16,4.742150542132415,辰奕智能
2026-07-02,301578,20.51,20.8,21.3,20.51,14466.93,30333351.0,3.8443,1.2165,0.25,4.802958878677807,辰奕智能
2026-07-03,301578,21.02,22.88,23.45,20.8,34396.74,77327197.0,12.7404,10.0,2.08,11.419570550253031,辰奕智能
2026-07-06,301578,22.9,21.49,22.99,21.21,28331.84,62003886.0,7.7797,-6.0752,-1.39,9.406049692455762,辰奕智能
2026-07-07,301578,21.61,20.7,21.61,20.43,16169.21,33692749.0,5.4909,-3.6761,-0.79,5.368108557289348,辰奕智能
2026-07-08,301578,20.72,20.46,20.84,20.2,8724.69,17822486.0,3.0918,-1.1594,-0.24,2.8965597607240428,辰奕智能
2026-07-09,301578,20.64,20.38,20.64,19.74,13168.8,26590399.0,4.3988,-0.391,-0.08,4.371985271341764,辰奕智能
2026-07-10,301578,20.27,20.73,21.2,20.11,12065.61,25007436.0,5.3484,1.7174,0.35,4.005730910162954,辰奕智能
2026-07-13,301578,20.8,19.81,20.82,19.76,9649.57,19417125.0,5.1134,-4.438,-0.92,3.203615964611912,辰奕智能
2026-07-14,301578,19.99,20.27,20.34,19.4,10848.18,21621698.0,4.7451,2.3221,0.46,3.6015493576380764,辰奕智能
2026-07-15,301578,20.34,20.55,20.6,20.0,7304.13,14876558.0,2.96,1.3814,0.28,2.4249399170741084,辰奕智能
2026-07-16,301578,21.0,21.77,21.97,20.7,27498.95,59032630.0,6.18,5.9367,1.22,9.129533775086841,辰奕智能
2026-07-17,301578,21.47,20.11,21.77,20.08,22809.4,47740319.0,7.763,-7.6252,-1.66,7.57262323432225,辰奕智能
2026-07-20,301578,20.2,19.27,20.76,18.91,18568.1,36676518.0,9.1994,-4.177,-0.84,6.164529776198364,辰奕智能
2026-07-21,301578,19.27,19.24,19.33,18.02,16320.27,30739725.0,6.7981,-0.1557,-0.03,5.418259831140335,辰奕智能
2026-07-22,301578,19.05,20.21,21.2,18.73,25951.23,51648309.0,12.8378,5.0416,0.97,8.615697355355273,辰奕智能
2026-07-23,301578,20.2,19.59,20.2,19.01,23007.05,44571525.0,5.8882,-3.0678,-0.62,7.638242188887638,辰奕智能
2026-07-24,301578,19.27,21.0,21.0,18.97,35816.93,72741650.0,10.3624,7.1975,1.41,11.891067555485616,辰奕智能
2026-07-27,301578,20.45,21.4,21.57,20.15,30111.92,63139536.0,6.7619,1.9048,0.4,9.997028638283025,辰奕智能
2026-07-28,301578,21.09,22.01,22.33,20.89,24385.61,53509340.0,6.729,2.8505,0.61,8.095918212189753,辰奕智能
2026-07-29,301578,21.87,22.09,22.2,21.68,18961.31,41652414.0,2.3626,0.3635,0.08,6.295073814268977,辰奕智能
2026-07-30,301578,21.77,21.77,22.19,21.66,15280.21,33409044.0,2.3993,-1.4486,-0.32,5.0729643599271865,辰奕智能
2026-07-31,301578,21.75,21.85,22.05,21.61,13997.26,30601790.0,2.0211,0.3675,0.08,4.647030447659713,辰奕智能
2026-08-03,301578,21.83,21.93,22.03,21.65,9557.21,20888906.0,1.7391,0.3661,0.08,3.1729528396756135,辰奕智能
2026-08-04,301578,21.93,22.05,22.34,21.81,17843.67,39182384.0,2.4168,0.5472,0.12,5.9240221148990715,辰奕智能
2026-08-05,301578,22.11,21.85,22.2,21.54,22712.83,49634125.0,2.9932,-0.907,-0.2,7.540562407393943,辰奕智能
2026-08-06,301578,21.88,23.12,23.2,21.6,40303.3,91842082.0,7.3227,5.8124,1.27,13.380523205339024,辰奕智能
2026-08-07,301578,22.37,22.04,22.61,21.6,29693.49,65176686.0,4.3685,-4.6713,-1.08,9.858111668089268,辰奕智能
2026-08-10,301578,21.96,22.9,22.98,21.78,28580.55,64519853.0,5.4446,3.902,0.86,9.488620348615429,辰奕智能
2026-08-11,301578,22.79,22.96,23.12,22.53,16384.78,37403020.0,2.5764,0.262,0.06,5.43967687520314,辰奕智能
2026-08-12,301578,22.84,22.99,23.45,22.81,13280.59,30556447.0,2.7875,0.1307,0.03,4.409099073167541,辰奕智能
2026-08-13,301578,22.95,22.75,23.3,22.67,13654.61,31466200.0,2.7403,-1.0439,-0.24,4.533272113322092,辰奕智能
2026-08-14,301578,22.58,23.28,23.32,22.47,15747.51,36153929.0,3.7363,2.3297,0.53,5.228105961082798,辰奕智能
2026-08-17,301578,23.23,23.45,23.52,23.04,11316.82,26423965.0,2.0619,0.7302,0.17,3.757135833061927,辰奕智能
2026-08-18,301578,23.38,23.35,23.49,23.05,11524.5,26866619.0,1.8763,-0.4264,-0.1,3.8260847047246647,辰奕智能
2026-08-19,301578,23.35,22.48,23.36,22.3,12073.18,27463812.0,4.5396,-3.7259,-0.87,4.0082441177827866,辰奕智能
2026-08-20,301578,22.98,22.92,23.2,22.66,10079.02,23114745.0,2.4021,1.9573,0.44,3.346191527668357,辰奕智能
2026-08-21,301578,22.84,22.75,22.92,22.35,7318.43,16542670.0,2.4869,-0.7417,-0.17,2.429687455906818,辰奕智能
2026-08-24,301578,22.68,22.54,22.88,22.36,8127.92,18317500.0,2.2857,-0.9231,-0.21,2.6984346733676685,辰奕智能
2026-06-25,301580,80.5,72.5,81.36,69.81,200192.89,1504663864.0,,,,19.860104700000182,爱迪特
2026-06-26,301580,71.43,66.55,72.42,64.46,156552.29,1065532470.0,10.9793,-8.2069,-5.95,15.53074572441005,爱迪特
2026-06-29,301580,67.0,69.65,69.93,65.39,140057.34,950100832.0,6.8219,4.6582,3.1,13.894366759995942,爱迪特
2026-06-30,301580,68.06,64.33,68.21,60.29,155747.12,984262585.0,11.3711,-7.6382,-5.32,15.450868959049908,爱迪特
2026-07-01,301580,64.5,61.74,65.58,61.0,117899.2,740858754.0,7.1195,-4.0261,-2.59,11.696171907235374,爱迪特
2026-07-02,301580,60.0,61.65,64.49,58.96,95847.54,595271730.0,8.9569,-0.1458,-0.09,9.508540386411603,爱迪特
2026-07-03,301580,62.75,59.96,63.9,59.9,81825.73,501117066.0,6.4882,-2.7413,-1.69,8.11750889331757,爱迪特
2026-07-06,301580,60.11,60.29,63.16,60.11,85431.24,526085843.0,5.0867,0.5504,0.33,8.475192955408374,爱迪特
2026-07-07,301580,60.8,59.64,63.0,57.02,101047.86,606634782.0,9.9187,-1.0781,-0.65,10.024437327973839,爱迪特
2026-07-08,301580,59.0,54.35,59.32,54.33,122263.61,682912418.0,8.3669,-8.8699,-5.29,12.129142526490273,爱迪特
2026-07-09,301580,54.98,56.08,56.29,53.94,77702.51,429108694.0,4.3238,3.1831,1.73,7.7084654907215295,爱迪特
2026-07-10,301580,55.33,53.9,57.66,53.79,79343.62,441844473.0,6.9009,-3.8873,-2.18,7.871271554534371,爱迪特
2026-07-13,301580,53.72,51.38,54.8,51.25,64985.68,342147365.0,6.5863,-4.6753,-2.52,6.44689433676045,爱迪特
2026-07-14,301580,51.3,52.8,53.4,51.05,61726.74,321951150.0,4.5738,2.7637,1.42,6.123591697935373,爱迪特
2026-07-15,301580,52.79,52.96,54.87,52.22,64129.53,342389915.0,5.0189,0.303,0.16,6.361960108382483,爱迪特
2026-07-16,301580,52.0,52.86,54.45,51.06,60691.97,321100491.0,6.4011,-0.1888,-0.1,6.020937500074404,爱迪特
2026-07-17,301580,52.95,48.26,53.8,47.6,74962.42,374582397.0,11.7291,-8.7022,-4.6,7.436635285925427,爱迪特
2026-07-20,301580,50.95,46.0,52.26,44.7,93972.77,456529991.0,15.6651,-4.683,-2.26,9.322554118425664,爱迪特
2026-07-21,301580,48.11,55.2,55.2,47.0,150363.73,769786044.0,17.8261,20.0,9.2,14.916810586442697,爱迪特
2026-07-22,301580,52.19,53.83,56.3,52.19,145399.89,788501835.0,7.4457,-2.4819,-1.37,14.42437360671755,爱迪特
2026-07-23,301580,54.09,52.4,55.9,52.07,97401.19,522566713.0,7.115,-2.6565,-1.43,9.66266999444691,爱迪特
2026-07-24,301580,50.51,49.58,51.82,49.51,76377.81,385644522.0,4.4084,-5.3817,-2.82,7.577048832037546,爱迪特
2026-07-27,301580,49.83,52.58,52.58,49.36,77841.46,400838746.0,6.4946,6.0508,3.0,7.722250003988035,爱迪特
2026-07-28,301580,51.7,51.49,53.27,51.01,66119.38,344394639.0,4.2982,-2.073,-1.09,6.559362869975542,爱迪特
2026-07-29,301580,51.51,51.38,53.2,49.89,74320.43,382842548.0,6.4284,-0.2136,-0.11,7.372946767235512,爱迪特
2026-07-30,301580,50.92,47.91,51.47,46.88,89332.84,436253604.0,8.9334,-6.7536,-3.47,8.862250580169777,爱迪特
2026-07-31,301580,51.52,49.95,52.68,49.89,85456.28,435006213.0,5.8234,4.258,2.04,8.477677044736861,爱迪特
2026-08-03,301580,49.69,49.02,51.0,48.55,56237.31,279046580.0,4.9049,-1.8619,-0.93,5.57901364352334,爱迪特
2026-08-04,301580,49.17,50.42,51.2,48.91,58693.66,294820008.0,4.6716,2.856,1.4,5.822695465489372,爱迪特
2026-08-05,301580,50.78,53.32,54.02,50.21,79983.21,421144289.0,7.5565,5.7517,2.9,7.934721981595358,爱迪特
2026-08-06,301580,52.08,53.3,54.0,51.31,76238.97,403877410.0,5.045,-0.0375,-0.02,7.563275231304033,爱迪特
2026-08-07,301580,52.87,55.66,55.85,51.92,105769.82,575786604.0,7.3734,4.4278,2.36,10.49287863969681,爱迪特
2026-08-10,301580,56.19,55.77,56.58,54.0,92441.62,510468479.0,4.6353,0.1976,0.11,9.170656619411563,爱迪特
2026-08-11,301580,55.01,53.2,55.45,53.02,78505.01,423393581.0,4.3572,-4.6082,-2.57,7.788077379144491,爱迪特
2026-08-12,301580,53.0,53.22,53.75,52.6,54183.8,287699414.0,2.1617,0.0376,0.02,5.375295501472954,爱迪特
2026-08-13,301580,53.28,52.6,55.22,52.6,73244.03,396443683.0,4.923,-1.165,-0.62,7.266162671661089,爱迪特
2026-08-14,301580,52.82,53.38,53.98,52.18,55275.12,293635867.0,3.4221,1.4829,0.78,5.483559733340551,爱迪特
2026-08-17,301580,53.94,56.21,56.49,53.34,90497.35,500883445.0,5.9011,5.3016,2.83,8.977775614671238,爱迪特
2026-08-18,301580,55.81,54.77,55.9,53.72,58318.08,318941816.0,3.8783,-2.5618,-1.44,5.785436109658973,爱迪特
2026-08-19,301580,53.72,50.44,53.83,50.3,58814.69,305675387.0,6.4451,-7.9058,-4.33,5.834702227926545,爱迪特
2026-08-20,301580,51.45,50.19,51.99,49.74,49963.73,253848937.0,4.4607,-0.4956,-0.25,4.9566441096011955,爱迪特
2026-08-21,301580,49.43,51.34,52.3,48.91,46966.91,238469684.0,6.7543,2.2913,1.15,4.659345044848924,爱迪特
2026-08-24,301580,51.0,48.96,51.5,48.01,46431.8,227713160.0,6.7978,-4.6358,-2.38,4.606259540033957,爱迪特
2026-06-25,301581,48.21,48.97,50.86,46.88,20320.3,99069629.0,,,,4.804478123633096,黄山谷捷
2026-06-26,301581,48.17,45.89,48.59,45.88,16727.1,78326184.0,5.534,-6.2896,-3.08,3.9549113950986534,黄山谷捷
2026-06-29,301581,46.21,49.93,51.6,46.21,25434.9,125991493.0,11.7455,8.8037,4.04,6.0137606544586175,黄山谷捷
2026-06-30,301581,49.38,50.9,51.49,48.95,30302.33,154007393.0,5.0871,1.9427,0.97,7.164602962560143,黄山谷捷
2026-07-01,301581,50.51,50.41,52.22,50.02,25368.78,129453305.0,4.3222,-0.9627,-0.49,5.998127416094292,黄山谷捷
2026-07-02,301581,50.0,48.2,50.62,48.01,18583.61,91438078.0,5.1775,-4.3841,-2.21,4.393859721713225,黄山谷捷
2026-07-03,301581,48.35,46.96,48.88,46.96,17133.0,81898323.0,3.9834,-2.5726,-1.24,4.050881320266229,黄山谷捷
2026-07-06,301581,45.0,41.44,45.78,40.99,30994.32,133495869.0,10.2002,-11.7547,-5.52,7.328215252574212,黄山谷捷
2026-07-07,301581,40.9,39.78,42.69,39.66,15306.41,62395875.0,7.3118,-4.0058,-1.66,3.6190071995176676,黄山谷捷
2026-07-08,301581,39.75,38.05,40.1,37.84,12901.75,49676595.0,5.6812,-4.3489,-1.73,3.050455733014931,黄山谷捷
2026-07-09,301581,38.18,39.0,39.19,36.32,14418.89,54367929.0,7.5427,2.4967,0.95,3.4091643121446054,黄山谷捷
2026-07-10,301581,39.5,38.36,41.69,38.36,14198.27,56565082.0,8.5385,-1.641,-0.64,3.3570015013772476,黄山谷捷
2026-07-13,301581,38.18,36.25,38.27,36.21,10019.71,37042914.0,5.3702,-5.5005,-2.11,2.369033798720874,黄山谷捷
2026-07-14,301581,36.27,36.67,36.74,35.2,7840.02,28240354.0,4.2483,1.1586,0.42,1.8536736455094633,黄山谷捷
2026-07-15,301581,36.59,36.23,36.95,35.84,7198.37,26140462.0,3.027,-1.1999,-0.44,1.701963612290014,黄山谷捷
2026-07-16,301581,35.9,35.44,36.38,35.34,6785.37,24306219.0,2.8705,-2.1805,-0.79,1.6043149818534324,黄山谷捷
2026-07-17,301581,35.22,33.86,35.55,33.69,7966.0,27533862.0,5.2483,-4.4582,-1.58,1.8834600243530484,黄山谷捷
2026-07-20,301581,34.27,32.4,34.76,31.51,8458.32,28116073.0,9.5983,-4.3119,-1.46,1.9998628663301377,黄山谷捷
2026-07-21,301581,32.39,33.63,33.65,30.87,9448.08,30633304.0,8.5802,3.7963,1.23,2.233879109576895,黄山谷捷
2026-07-22,301581,33.36,32.38,33.59,32.32,6976.0,22855448.0,3.7764,-3.7169,-1.25,1.649387036139451,黄山谷捷
2026-07-23,301581,32.18,33.01,33.11,32.03,5412.68,17645454.0,3.3354,1.9456,0.63,1.2797597796403788,黄山谷捷
2026-07-24,301581,32.4,32.3,33.39,32.23,5817.0,19029525.0,3.5141,-2.1509,-0.71,1.3753561337762594,黄山谷捷
2026-07-27,301581,32.3,33.39,33.65,32.1,6778.01,22538362.0,4.7988,3.3746,1.09,1.6025748028703497,黄山谷捷
2026-07-28,301581,33.12,33.58,34.22,33.0,7454.0,25178858.0,3.6538,0.569,0.19,1.7624040950951068,黄山谷捷
2026-07-29,301581,33.69,34.89,35.57,33.2,10405.0,35734100.0,7.0578,3.9011,1.31,2.460130749861093,黄山谷捷
2026-07-30,301581,34.4,33.71,34.85,33.19,7974.0,27037803.0,4.7578,-3.3821,-1.18,1.8853515232477036,黄山谷捷
2026-07-31,301581,34.71,34.44,35.7,34.38,7113.0,24740660.0,3.9158,2.1655,0.73,1.6817789547104234,黄山谷捷
2026-08-03,301581,34.22,34.84,34.98,34.19,5525.3,19187518.0,2.2938,1.1614,0.4,1.3063873553298893,黄山谷捷
2026-08-04,301581,35.13,35.58,35.69,34.68,6131.0,21707366.0,2.899,2.124,0.74,1.4495974653914812,黄山谷捷
2026-08-05,301581,35.6,36.11,36.15,35.01,7458.76,26772403.0,3.204,1.4896,0.53,1.7635295369374269,黄山谷捷
2026-08-06,301581,35.65,35.86,36.29,35.2,6009.5,21489423.0,3.0186,-0.6923,-0.25,1.4208703259289033,黄山谷捷
2026-08-07,301581,36.02,36.23,36.25,35.22,6239.0,22382418.0,2.8723,1.0318,0.37,1.4751327004693282,黄山谷捷
2026-08-10,301581,36.27,36.98,37.08,35.9,5514.96,20102802.0,3.257,2.0701,0.75,1.3039425930085473,黄山谷捷
2026-08-11,301581,36.51,36.75,36.91,36.15,4641.0,16967572.0,2.0552,-0.622,-0.23,1.0973057962619253,黄山谷捷
2026-08-12,301581,36.74,37.06,37.8,36.54,5359.5,19947465.0,3.4286,0.8435,0.31,1.2671860407381574,黄山谷捷
2026-08-13,301581,37.2,36.43,37.5,36.4,5090.0,18853387.0,2.9682,-1.6999,-0.63,1.203466171724456,黄山谷捷
2026-08-14,301581,36.43,36.83,37.1,36.18,5248.04,19173195.0,2.5254,1.098,0.4,1.240832732388372,黄山谷捷
2026-08-17,301581,36.84,38.0,38.2,36.5,8202.49,30935962.0,4.6158,3.1768,1.17,1.939375096052678,黄山谷捷
2026-08-18,301581,38.2,37.87,38.2,37.23,7679.04,28926293.0,2.5526,-0.3421,-0.13,1.8156119590017612,黄山谷捷
2026-08-19,301581,37.53,36.64,37.87,36.08,7488.0,27543945.0,4.7267,-3.248,-1.23,1.770442965397392,黄山谷捷
2026-08-20,301581,36.85,36.58,37.4,36.1,5542.0,20464371.0,3.548,-0.1638,-0.06,1.3103358592724823,黄山谷捷
2026-08-21,301581,36.36,37.2,37.42,35.95,6672.1,24680786.0,4.0186,1.6949,0.62,1.577533721878731,黄山谷捷
2026-08-24,301581,37.21,37.19,37.6,36.45,4983.0,18435894.0,3.0914,-0.0269,-0.01,1.1781673740084408,黄山谷捷
2026-07-10,301583,203.4,216.7,264.42,203.4,250811.68,5943898887.0,,,,81.34950071798619,托伦斯
2026-07-13,301583,220.0,221.8,235.99,206.98,168754.04,3782615928.0,13.3872,2.3535,5.1,54.7345199320186,托伦斯
2026-07-14,301583,210.0,179.03,213.0,163.13,180087.51,3288638562.0,22.4842,-19.2831,-42.77,58.41047364319455,托伦斯
2026-07-15,301583,176.99,139.66,176.99,138.02,164749.75,2520033961.0,21.7673,-21.9907,-39.37,53.43574870960174,托伦斯
2026-07-16,301583,125.99,140.0,143.79,125.6,130740.79,1766266593.0,13.0245,0.2434,0.34,42.40511442678858,托伦斯
2026-07-17,301583,135.0,136.0,153.6,128.55,150139.45,2118024108.0,17.8929,-2.8571,-4.0,48.69697175017149,托伦斯
2026-07-20,301583,144.02,110.22,146.88,108.89,143029.4,1797158389.0,27.9338,-18.9559,-25.78,46.39086296935268,托伦斯
2026-07-21,301583,108.97,132.26,132.26,102.56,122221.62,1415628829.0,26.9461,19.9964,22.04,39.64196469615544,托伦斯
2026-07-22,301583,153.17,158.71,158.71,146.06,166477.94,2606820327.0,9.5645,19.9985,26.45,53.996278401224615,托伦斯
2026-07-23,301583,153.0,145.0,164.97,143.88,171786.24,2644986535.0,13.2884,-8.6384,-13.71,55.71799867621854,托伦斯
2026-07-24,301583,143.46,174.0,174.0,143.46,135130.3,2195569708.0,21.0621,20.0,29.0,43.82882980916874,托伦斯
2026-07-27,301583,156.19,175.0,177.68,156.0,142865.63,2392430284.0,12.4598,0.5747,1.0,46.33774499760357,托伦斯
2026-07-28,301583,166.7,175.1,189.5,157.5,166883.75,2853632522.0,18.2857,0.0571,0.1,54.127900823618845,托伦斯
2026-07-29,301583,169.8,193.82,208.08,169.8,178053.79,3354100321.0,21.8618,10.691,18.72,57.75084684032722,托伦斯
2026-07-30,301583,190.0,158.07,194.0,155.06,171029.94,3040384349.0,20.0908,-18.4449,-35.75,55.47269659382344,托伦斯
2026-07-31,301583,174.0,149.6,178.07,146.6,173466.04,2826999993.0,19.9089,-5.3584,-8.47,56.26283331592141,托伦斯
2026-08-03,301583,148.97,154.8,157.6,144.7,129213.42,1960409097.0,8.623,3.4759,5.2,41.90971968715114,托伦斯
2026-08-04,301583,150.8,153.94,158.97,140.2,139966.55,2072367376.0,12.1253,-0.5556,-0.86,45.39744305256856,托伦斯
2026-08-05,301583,145.88,158.22,167.5,145.0,153016.9,2370260897.0,14.6161,2.7803,4.28,49.630258114032095,托伦斯
2026-08-06,301583,150.0,150.39,155.7,147.0,114517.27,1732054409.0,5.4987,-4.9488,-7.83,37.14309771413683,托伦斯
2026-08-07,301583,147.17,148.8,153.0,146.6,107006.72,1605767696.0,4.2556,-1.0573,-1.59,34.707088782585195,托伦斯
2026-08-10,301583,145.86,163.28,168.89,142.6,149861.59,2339774459.0,17.668,9.7312,14.48,48.60684926357318,托伦斯
2026-08-11,301583,159.0,166.31,173.99,158.99,142361.48,2395088450.0,9.1867,1.8557,3.03,46.174226493254125,托伦斯
2026-08-12,301583,164.53,164.0,169.8,160.6,115417.01,1903377384.0,5.5318,-1.389,-2.31,37.43492383553597,托伦斯
2026-08-13,301583,166.35,155.1,167.78,155.0,107614.82,1743527739.0,7.7927,-5.4268,-8.9,34.90432294403496,托伦斯
2026-08-14,301583,157.2,161.85,169.76,157.2,110988.28,1813042712.0,8.098,4.352,6.75,35.998487644387424,托伦斯
2026-08-17,301583,158.89,160.32,161.0,152.15,107233.06,1687210506.0,5.468,-0.9453,-1.53,34.78050101758362,托伦斯
2026-08-18,301583,158.0,161.12,167.66,158.0,100058.62,1625485900.0,6.0254,0.499,0.8,32.4535076657144,托伦斯
2026-08-19,301583,152.0,137.5,152.48,135.0,104724.18,1505909522.0,10.8491,-14.6599,-23.62,33.96675847034123,托伦斯
2026-08-20,301583,138.88,130.86,139.14,128.78,66240.87,876591564.0,7.5345,-4.8291,-6.64,21.484891379958977,托伦斯
2026-08-21,301583,129.04,130.11,135.96,128.0,56953.1,751932359.0,6.0828,-0.5731,-0.75,18.47245012409924,托伦斯
2026-08-24,301583,128.81,124.7,128.81,121.22,58980.95,732661881.0,5.8335,-4.158,-5.41,19.1301730221356,托伦斯
2026-06-25,301584,21.76,21.16,22.0,20.72,56556.32,119861907.0,,,,10.529102267674233,建发致新
2026-06-26,301584,20.91,20.03,21.08,20.03,36322.01,73822710.0,4.9622,-5.3403,-1.13,6.762076419708462,建发致新
2026-06-29,301584,19.82,20.52,20.76,19.19,33451.67,67338681.0,7.8382,2.4463,0.49,6.227704604091817,建发致新
2026-06-30,301584,20.36,19.94,20.5,19.66,24923.87,49737047.0,4.0936,-2.8265,-0.58,4.640082242554286,建发致新
2026-07-01,301584,19.72,20.5,20.65,19.65,25045.84,50799081.0,5.015,2.8084,0.56,4.662789423707306,建发致新
2026-07-02,301584,20.44,20.81,21.51,20.28,34647.32,72879438.0,6.0,1.5122,0.31,6.450299021945466,建发致新
2026-07-03,301584,20.81,21.17,21.56,20.76,28055.1,59255902.0,3.8443,1.7299,0.36,5.223024005625319,建发致新
2026-07-06,301584,21.21,21.16,21.5,20.97,25119.25,53307227.0,2.5035,-0.0472,-0.01,4.676456179208194,建发致新
2026-07-07,301584,21.01,20.06,21.06,20.03,22913.76,46680417.0,4.8677,-5.1985,-1.1,4.2658596311949415,建发致新
2026-07-08,301584,20.07,20.17,21.26,19.9,38278.2,78039012.0,6.7797,0.5484,0.11,7.126260733061978,建发致新
2026-07-09,301584,20.0,20.23,20.75,19.63,28100.17,56857956.0,5.5528,0.2975,0.06,5.23141469722626,建发致新
2026-07-10,301584,20.0,20.54,20.8,19.57,36644.89,74816853.0,6.0801,1.5324,0.31,6.822187058805679,建发致新
2026-07-13,301584,20.24,21.54,22.33,20.24,80681.2,171445823.0,10.1753,4.8685,1.0,15.020436369952611,建发致新
2026-07-14,301584,21.33,24.5,24.73,21.0,144137.69,340284996.0,17.3166,13.7419,2.96,26.83414477173065,建发致新
2026-07-15,301584,23.5,24.32,26.47,23.0,151512.7,374625706.0,14.1633,-0.7347,-0.18,28.20715197083979,建发致新
2026-07-16,301584,24.23,23.85,24.83,23.02,99368.05,235876657.0,7.4424,-1.9326,-0.47,18.499371256640575,建发致新
2026-07-17,301584,23.67,22.1,23.85,22.1,79958.84,182159019.0,7.3375,-7.3375,-1.75,14.885954453270672,建发致新
2026-07-20,301584,22.05,22.95,22.99,21.78,64184.3,143492975.0,5.4751,3.8462,0.85,11.949204946133046,建发致新
2026-07-21,301584,22.37,22.25,22.46,21.47,59896.2,132083235.0,4.3137,-3.0501,-0.7,11.150888446155431,建发致新
2026-07-22,301584,21.93,21.56,22.54,21.23,62696.75,136717888.0,5.8876,-3.1011,-0.69,11.672267442450366,建发致新
2026-07-23,301584,21.0,21.46,21.59,20.76,42749.28,90489717.0,3.8497,-0.4638,-0.1,7.958642659024504,建发致新
2026-07-24,301584,21.02,20.1,21.44,20.05,40926.53,84474920.0,6.4772,-6.3374,-1.36,7.619300899192831,建发致新
2026-07-27,301584,19.91,21.27,21.83,19.91,47401.32,99788692.0,9.5522,5.8209,1.17,8.824713947137154,建发致新
2026-07-28,301584,21.1,21.11,21.8,20.94,33229.76,70827636.0,4.0433,-0.7522,-0.16,6.1863915716275475,建发致新
2026-07-29,301584,21.1,21.02,21.38,20.66,28275.0,59325280.0,3.4107,-0.4263,-0.09,5.263962835956953,建发致新
2026-07-30,301584,20.89,20.97,21.52,20.77,33004.94,69707014.0,3.568,-0.2379,-0.05,6.144536783836925,建发致新
2026-07-31,301584,20.94,22.04,22.15,20.91,50650.94,109783380.0,5.9132,5.1025,1.07,9.429696401990643,建发致新
2026-08-03,301584,21.9,21.98,22.15,21.76,30211.0,66305545.0,1.7695,-0.2722,-0.06,5.624388372664739,建发致新
2026-08-04,301584,21.98,22.17,22.47,21.91,32496.78,71999247.0,2.5478,0.8644,0.19,6.049932527259741,建发致新
2026-08-05,301584,22.01,22.17,22.28,21.98,28919.78,63974265.0,1.3532,0.0,0.0,5.384001667340447,建发致新
2026-08-06,301584,22.05,23.95,24.0,21.75,126722.76,292386755.0,10.1488,8.0289,1.78,23.592003505212812,建发致新
2026-08-07,301584,23.56,23.02,23.65,22.75,94100.88,217257892.0,3.7578,-3.8831,-0.93,17.518781084026344,建发致新
2026-08-10,301584,23.03,23.6,24.81,23.03,101061.86,242420130.0,7.7324,2.5195,0.58,18.81470822891899,建发致新
2026-08-11,301584,23.53,23.38,24.21,23.28,68135.78,161071429.0,3.9407,-0.9322,-0.22,12.684852828256021,建发致新
2026-08-12,301584,23.06,23.09,23.78,23.0,52818.83,122701799.0,3.3362,-1.2404,-0.29,9.83329294991081,建发致新
2026-08-13,301584,23.09,23.64,24.19,22.58,81448.84,191805384.0,6.9727,2.382,0.55,15.163348073980693,建发致新
2026-08-14,301584,23.3,24.5,24.57,23.0,99569.92,240516284.0,6.6413,3.6379,0.86,18.536953437991404,建发致新
2026-08-17,301584,24.14,24.2,24.67,23.68,73138.79,176886423.0,4.0408,-1.2245,-0.3,13.616264276812027,建发致新
2026-08-18,301584,23.95,23.68,24.4,23.58,53338.2,127566414.0,3.3884,-2.1488,-0.52,9.929984174600854,建发致新
2026-08-19,301584,23.33,22.85,23.78,22.77,47840.55,110778272.0,4.2652,-3.5051,-0.83,8.906485490777733,建发致新
2026-08-20,301584,23.2,23.3,23.92,23.02,44273.77,103943589.0,3.9387,1.9694,0.45,8.242457290458209,建发致新
2026-08-21,301584,22.98,22.05,23.09,21.96,47366.66,105240237.0,4.8498,-5.3648,-1.25,8.81826128747688,建发致新
2026-08-24,301584,21.89,21.32,22.18,21.2,25891.88,55678521.0,4.4444,-3.3107,-0.73,4.820296872610331,建发致新
2026-06-25,301585,26.3,25.5,26.5,25.36,15912.1,41062044.0,,,,2.33627216965129,蓝宇股份
2026-06-26,301585,25.25,26.33,27.8,25.25,33436.13,89209908.0,10.0,3.2549,0.83,4.9092137417338115,蓝宇股份
2026-06-29,301585,26.0,25.26,26.35,24.52,26086.41,65657894.0,6.9502,-4.0638,-1.07,3.8301012241698524,蓝宇股份
2026-06-30,301585,25.26,25.21,25.72,24.67,16210.3,40770631.0,4.1568,-0.1979,-0.05,2.3800549739945267,蓝宇股份
2026-07-01,301585,25.21,25.94,26.27,25.0,18752.49,48061771.0,5.0377,2.8957,0.73,2.753308519847419,蓝宇股份
2026-07-02,301585,25.91,26.42,26.91,25.7,17193.38,45340709.0,4.6646,1.8504,0.48,2.5243943411767833,蓝宇股份
2026-07-03,301585,26.62,26.1,26.62,25.7,13543.32,35361788.0,3.4822,-1.2112,-0.32,1.9884793082422625,蓝宇股份
2026-07-06,301585,26.39,26.01,26.39,25.74,9207.8,23950478.0,2.4904,-0.3448,-0.09,1.3519225547674505,蓝宇股份
2026-07-07,301585,26.01,26.16,26.49,25.6,13085.4,34084483.0,3.4218,0.5767,0.15,1.9212458348524073,蓝宇股份
2026-07-08,301585,25.9,25.26,26.15,25.26,10557.67,26998160.0,3.4021,-3.4404,-0.9,1.5501153585863798,蓝宇股份
2026-07-09,301585,25.05,24.91,25.38,24.5,11632.57,28917900.0,3.4838,-1.3856,-0.35,1.7079360708216078,蓝宇股份
2026-07-10,301585,24.9,24.99,25.6,24.8,9101.87,23023160.0,3.2116,0.3212,0.08,1.3363695283956227,蓝宇股份
2026-07-13,301585,24.74,25.63,25.91,24.6,17037.19,43088807.0,5.2421,2.561,0.64,2.501461959518936,蓝宇股份
2026-07-14,301585,25.34,26.42,26.45,25.18,20411.05,53163771.0,4.9551,3.0823,0.79,2.996824307813611,蓝宇股份
2026-07-15,301585,26.28,26.33,26.6,26.16,11570.19,30509071.0,1.6654,-0.3407,-0.09,1.6987772132262653,蓝宇股份
2026-07-16,301585,26.46,26.5,26.87,26.08,9557.0,25346565.0,3.0004,0.6457,0.17,1.403193363877639,蓝宇股份
2026-07-17,301585,26.61,26.04,27.07,25.7,11813.5,31219332.0,5.1698,-1.7358,-0.46,1.7345008689095414,蓝宇股份
2026-07-20,301585,25.85,25.21,26.39,24.82,11205.65,28597122.0,6.0292,-3.1874,-0.83,1.645254129741076,蓝宇股份
2026-07-21,301585,25.58,25.04,25.58,24.46,13994.28,34799537.0,4.4427,-0.6743,-0.17,2.054690889216863,蓝宇股份
2026-07-22,301585,24.83,24.5,24.99,24.31,9073.5,22295936.0,2.7157,-2.1565,-0.54,1.332204142214477,蓝宇股份
2026-07-23,301585,24.33,24.93,24.94,24.33,7417.0,18308198.0,2.4898,1.7551,0.43,1.0889908109114208,蓝宇股份
2026-07-24,301585,24.8,23.9,24.89,23.9,8099.2,19672284.0,3.9711,-4.1316,-1.03,1.1891538864411189,蓝宇股份
2026-07-27,301585,24.0,24.63,24.8,24.0,7183.53,17601232.0,3.3473,3.0544,0.73,1.0547118996772977,蓝宇股份
2026-07-28,301585,25.0,24.8,25.26,24.53,7409.3,18475639.0,2.9639,0.6902,0.17,1.087860269015234,蓝宇股份
2026-07-29,301585,24.7,25.33,25.85,24.65,9784.55,24761643.0,4.8387,2.1371,0.53,1.4366030792643039,蓝宇股份
2026-07-30,301585,25.21,24.82,25.3,24.73,6590.12,16492136.0,2.2503,-2.0134,-0.51,0.9675852936232401,蓝宇股份
2026-07-31,301585,25.1,25.35,25.37,25.1,6965.5,17624404.0,1.0878,2.1354,0.53,1.022699945180464,蓝宇股份
2026-08-03,301585,25.35,25.54,25.84,25.35,6578.2,16821272.0,1.9329,0.7495,0.19,0.9658351560384937,蓝宇股份
2026-08-04,301585,25.54,25.59,25.7,25.32,6011.6,15356233.0,1.4879,0.1958,0.05,0.8826448913138866,蓝宇股份
2026-08-05,301585,25.59,25.76,25.79,25.4,7805.2,19984705.0,1.524,0.6643,0.17,1.1459877413139843,蓝宇股份
2026-08-06,301585,25.77,25.64,25.88,25.29,6426.43,16448099.0,2.2904,-0.4658,-0.12,0.943551734793782,蓝宇股份
2026-08-07,301585,25.6,25.71,25.77,25.21,7328.7,18723049.0,2.1841,0.273,0.07,1.076026285010992,蓝宇股份
2026-08-10,301585,25.55,27.89,27.99,25.48,40155.81,108989388.0,9.7627,8.4792,2.18,5.895821503937567,蓝宇股份
2026-08-11,301585,27.88,27.52,28.4,27.28,21348.9,59176751.0,4.0158,-1.3266,-0.37,3.134522842532942,蓝宇股份
2026-08-12,301585,27.47,27.95,28.87,27.2,27088.52,76685290.0,6.0683,1.5625,0.43,3.977234644895542,蓝宇股份
2026-08-13,301585,28.01,27.7,28.4,27.68,17531.79,49243657.0,2.576,-0.8945,-0.25,2.5740809233960817,蓝宇股份
2026-08-14,301585,27.7,27.52,27.8,27.11,10301.46,28181925.0,2.491,-0.6498,-0.18,1.5124976781679336,蓝宇股份
2026-08-17,301585,27.6,27.81,28.11,27.34,8237.1,22902282.0,2.798,1.0538,0.29,1.2094008640364653,蓝宇股份
2026-08-18,301585,27.82,27.51,27.91,27.32,7041.9,19385788.0,2.1215,-1.0787,-0.3,1.0339172699686037,蓝宇股份
2026-08-19,301585,27.34,26.56,27.49,26.41,7119.2,19125074.0,3.9258,-3.4533,-0.95,1.0452667360173367,蓝宇股份
2026-08-20,301585,26.58,26.55,26.99,26.5,7189.5,19189045.0,1.8449,-0.0377,-0.01,1.0555884367058999,蓝宇股份
2026-08-21,301585,26.28,26.9,27.14,25.95,8869.02,23563749.0,4.4821,1.3183,0.35,1.3021816478076862,蓝宇股份
2026-08-24,301585,27.0,26.7,27.1,26.25,5544.7,14752653.0,3.1599,-0.7435,-0.2,0.814092941790556,蓝宇股份
2026-06-25,301586,34.77,33.44,34.85,33.09,11821.7,39865085.0,,,,2.2342583508517215,佳力奇
2026-06-26,301586,33.3,32.72,33.33,32.31,10847.7,35726999.0,3.0502,-2.1531,-0.72,2.0501758894688766,佳力奇
2026-06-29,301586,32.63,32.83,33.41,31.2,15942.7,51690390.0,6.7543,0.3362,0.11,3.0131123789407397,佳力奇
2026-06-30,301586,32.68,33.55,33.63,32.18,9759.96,32387476.0,4.4167,2.1931,0.72,1.844596981312228,佳力奇
2026-07-01,301586,33.38,33.59,33.94,33.02,9069.0,30493011.0,2.7422,0.1192,0.04,1.7140080516232237,佳力奇
2026-07-02,301586,33.09,33.2,34.46,33.07,9500.0,32012712.0,4.1381,-1.1611,-0.39,1.7954654857669672,佳力奇
2026-07-03,301586,33.39,34.16,34.46,33.17,12472.0,42579454.0,3.8855,2.8916,0.96,2.357162688261644,佳力奇
2026-07-06,301586,34.55,33.02,34.99,32.94,10020.8,33665898.0,6.0012,-3.3372,-1.14,1.8938947936603814,佳力奇
2026-07-07,301586,32.94,31.74,33.14,31.64,10511.0,33918791.0,4.5427,-3.8764,-1.28,1.986540812725957,佳力奇
2026-07-08,301586,31.75,31.09,31.79,30.97,7361.0,23044962.0,2.5835,-2.0479,-0.65,1.3912022569190152,佳力奇
2026-07-09,301586,30.65,30.78,31.32,30.1,9964.0,30622359.0,3.9241,-0.9971,-0.31,1.8831598000191643,佳力奇
2026-07-10,301586,30.53,31.76,33.17,30.2,14402.0,45953411.0,9.6491,3.1839,0.98,2.721925676422722,佳力奇
2026-07-13,301586,31.76,29.92,31.76,29.92,11439.0,35037772.0,5.7935,-5.7935,-1.84,2.161929441230351,佳力奇
2026-07-14,301586,30.26,30.29,30.34,29.32,8238.0,24678662.0,3.4091,1.2366,0.37,1.5569520707103446,佳力奇
2026-07-15,301586,30.28,30.48,30.85,30.05,6107.0,18655191.0,2.6411,0.6273,0.19,1.1542008127977756,佳力奇
2026-07-16,301586,30.0,30.83,31.4,30.0,8670.27,26948499.0,4.5932,1.1483,0.35,1.6386495302400803,佳力奇
2026-07-17,301586,30.7,30.19,31.33,29.94,8312.0,25553647.0,4.5086,-2.0759,-0.64,1.5709378018626348,佳力奇
2026-07-20,301586,29.89,29.15,30.92,28.58,11880.15,35186595.0,7.7509,-3.4448,-1.04,2.2453051884983615,佳力奇
2026-07-21,301586,29.15,28.62,29.39,27.71,13995.0,39822855.0,5.7633,-1.8182,-0.53,2.6450041550851267,佳力奇
2026-07-22,301586,28.6,28.27,28.77,27.81,9373.78,26488790.0,3.3543,-1.2229,-0.35,1.7716103643339662,佳力奇
2026-07-23,301586,28.41,29.08,29.18,27.98,7914.0,22736151.0,4.2448,2.8652,0.81,1.495717247827345,佳力奇
2026-07-24,301586,28.82,28.7,29.64,28.6,7938.0,23132281.0,3.5763,-1.3067,-0.38,1.5002531606334932,佳力奇
2026-07-27,301586,28.26,29.39,29.55,28.03,8491.0,24737823.0,5.2962,2.4042,0.69,1.604768151541823,佳力奇
2026-07-28,301586,29.01,29.19,29.69,28.95,5673.0,16601698.0,2.5179,-0.6805,-0.2,1.0721763895532637,佳力奇
2026-07-29,301586,29.33,29.71,29.87,29.22,7865.0,23332537.0,2.2268,1.7814,0.52,1.4864564258481259,佳力奇
2026-07-30,301586,29.44,29.5,30.22,29.26,9296.0,27746001.0,3.2312,-0.7068,-0.21,1.7569102269147079,佳力奇
2026-07-31,301586,29.5,30.09,30.27,29.5,8878.0,26656736.0,2.6102,2.0,0.59,1.6779097455409615,佳力奇
2026-08-03,301586,30.07,31.42,31.45,29.91,12284.0,37964881.0,5.118,4.4201,1.33,2.3216313712801497,佳力奇
2026-08-04,301586,31.43,31.5,31.95,31.13,9083.0,28635944.0,2.6098,0.2546,0.08,1.7166540007601434,佳力奇
2026-08-05,301586,31.5,31.48,31.98,31.17,7689.0,24294818.0,2.5714,-0.0635,-0.02,1.4531930652697063,佳力奇
2026-08-06,301586,31.37,31.41,31.76,30.97,8051.0,25289068.0,2.5095,-0.2224,-0.07,1.521609750095774,佳力奇
2026-08-07,301586,31.7,31.41,31.76,30.81,6255.0,19508573.0,3.0245,0.0,0.0,1.1821722751023558,佳力奇
2026-08-10,301586,31.42,32.22,32.25,31.23,9033.1,28837547.0,3.2474,2.5788,0.81,1.7072230820506937,佳力奇
2026-08-11,301586,32.4,31.87,32.4,31.5,6178.0,19646459.0,2.7933,-1.0863,-0.35,1.1676195548492971,佳力奇
2026-08-12,301586,31.92,32.27,32.32,31.8,5410.0,17385603.0,1.6316,1.2551,0.4,1.022470345052557,佳力奇
2026-08-13,301586,32.4,31.87,32.4,31.82,5274.5,16922418.0,1.7973,-1.2395,-0.4,0.9968613373345123,佳力奇
2026-08-14,301586,31.94,31.69,32.1,31.52,7042.0,22368497.0,1.8199,-0.5648,-0.18,1.3309124158706296,佳力奇
2026-08-17,301586,32.0,32.28,32.32,31.56,8393.0,26892635.0,2.3982,1.8618,0.59,1.586246507583385,佳力奇
2026-08-18,301586,32.11,31.87,32.27,31.55,6199.0,19710427.0,2.2305,-1.2701,-0.41,1.1715884785546768,佳力奇
2026-08-19,301586,31.52,30.68,31.9,30.43,8733.0,27072404.0,4.6125,-3.7339,-1.19,1.6505052723371498,佳力奇
2026-08-20,301586,31.0,31.25,31.46,30.66,5758.0,17963316.0,2.6076,1.8579,0.57,1.088241080741705,佳力奇
2026-08-21,301586,31.01,31.23,31.32,30.62,4997.12,15491548.0,2.24,-0.064,-0.02,0.9444375250774554,佳力奇
2026-08-24,301586,31.42,30.76,31.52,30.32,5684.0,17500788.0,3.8425,-1.505,-0.47,1.074255349589415,佳力奇
2026-06-25,301587,23.33,22.69,23.68,22.52,34748.27,79319017.0,,,,4.73067826736647,中瑞股份
2026-06-26,301587,22.44,21.6,22.68,21.6,31282.58,68787925.0,4.7598,-4.8039,-1.09,4.2588543646389585,中瑞股份
2026-06-29,301587,21.29,21.35,21.68,20.52,37291.0,78680833.0,5.3704,-1.1574,-0.25,5.076849099778579,中瑞股份
2026-06-30,301587,21.35,21.95,22.0,21.12,27974.0,60612811.0,4.1218,2.8103,0.6,3.80841963790743,中瑞股份
2026-07-01,301587,21.8,21.82,22.1,21.31,31270.87,68059820.0,3.5991,-0.5923,-0.13,4.2572601487971085,中瑞股份
2026-07-02,301587,21.88,21.63,22.56,21.58,32602.86,71515415.0,4.4913,-0.8708,-0.19,4.43859913762589,中瑞股份
2026-07-03,301587,21.67,22.12,22.46,21.52,34710.93,76479534.0,4.3458,2.2654,0.49,4.725594747337891,中瑞股份
2026-07-06,301587,22.08,22.74,24.0,21.89,60909.09,140603239.0,9.5389,2.8029,0.62,8.29224903421288,中瑞股份
2026-07-07,301587,22.5,22.04,23.12,22.02,40375.78,91076936.0,4.8373,-3.0783,-0.7,5.496815380275616,中瑞股份
2026-07-08,301587,22.05,20.87,22.15,20.8,29908.01,63246449.0,6.1252,-5.3085,-1.17,4.071718474824187,中瑞股份
2026-07-09,301587,20.87,20.64,20.97,19.97,29322.99,60024832.0,4.7916,-1.1021,-0.23,3.9920730306056766,中瑞股份
2026-07-10,301587,20.6,20.56,21.14,20.4,27320.0,56692175.0,3.5853,-0.3876,-0.08,3.719383159635054,中瑞股份
2026-07-13,301587,20.48,19.47,20.59,19.43,25287.0,50259925.0,5.642,-5.3016,-1.09,3.442607685127804,中瑞股份
2026-07-14,301587,19.57,19.83,19.84,19.02,28923.69,56211043.0,4.2116,1.849,0.36,3.937711767954056,中瑞股份
2026-07-15,301587,19.78,19.76,20.08,19.55,20867.32,41328308.0,2.6727,-0.353,-0.07,2.8409062443160966,中瑞股份
2026-07-16,301587,19.68,19.74,20.18,19.57,28628.5,56989526.0,3.087,-0.1012,-0.02,3.8975241868818498,中瑞股份
2026-07-17,301587,19.66,18.87,19.93,18.69,31078.65,59774373.0,6.2817,-4.4073,-0.87,4.231091048103659,中瑞股份
2026-07-20,301587,19.01,18.12,19.15,17.8,35981.51,66431888.0,7.1542,-3.9746,-0.75,4.898573292541738,中瑞股份
2026-07-21,301587,18.05,18.46,18.49,17.24,41495.06,74447936.0,6.8985,1.8764,0.34,5.64919573104122,中瑞股份
2026-07-22,301587,18.3,17.98,18.53,17.77,21523.0,38942328.0,4.117,-2.6002,-0.48,2.9301714401473378,中瑞股份
2026-07-23,301587,17.96,21.58,21.58,17.83,104469.65,210496259.0,20.8565,20.0222,3.6,14.222644835394153,中瑞股份
2026-07-24,301587,20.77,20.42,21.23,20.36,98186.62,204196768.0,4.0315,-5.3753,-1.16,13.367264309278418,中瑞股份
2026-07-27,301587,20.67,20.96,21.27,20.24,72581.44,150876733.0,5.0441,2.6445,0.54,9.881339152198466,中瑞股份
2026-07-28,301587,20.48,20.22,21.01,20.16,49405.12,101231515.0,4.0553,-3.5305,-0.74,6.726082405847328,中瑞股份
2026-07-29,301587,20.31,20.54,20.68,19.83,46677.5,94989069.0,4.2038,1.5826,0.32,6.3547403892337195,中瑞股份
2026-07-30,301587,20.2,19.6,20.49,19.47,40950.5,81716022.0,4.9659,-4.5764,-0.94,5.575058568032039,中瑞股份
2026-07-31,301587,20.09,20.03,20.26,19.88,35886.47,72128005.0,1.9388,2.1939,0.43,4.885634413497385,中瑞股份
2026-08-03,301587,19.95,21.27,21.28,19.95,61501.12,127829858.0,6.64,6.1907,1.24,8.372848829674034,中瑞股份
2026-08-04,301587,21.24,21.32,21.49,20.77,49522.12,104481567.0,3.385,0.2351,0.05,6.742010950125414,中瑞股份
2026-08-05,301587,21.31,21.43,21.53,21.09,43255.66,92329329.0,2.0638,0.5159,0.11,5.888886287075389,中瑞股份
2026-08-06,301587,21.38,21.22,21.38,20.81,30858.97,65194902.0,2.6598,-0.9799,-0.21,4.2011835044540025,中瑞股份
2026-08-07,301587,21.08,21.28,21.46,20.8,39593.0,83839734.0,3.1103,0.2828,0.06,5.3902466119850185,中瑞股份
2026-08-10,301587,21.28,21.95,21.95,21.13,46491.16,100605565.0,3.8534,3.1485,0.67,6.329371799996297,中瑞股份
2026-08-11,301587,21.96,21.58,21.96,21.4,28743.92,62235377.0,2.5513,-1.6856,-0.37,3.9132376277414798,中瑞股份
2026-08-12,301587,21.61,21.57,21.76,21.46,22172.42,47847154.0,1.3902,-0.0463,-0.01,3.018584390788999,中瑞股份
2026-08-13,301587,21.5,21.2,21.61,21.2,23682.66,50703395.0,1.9008,-1.7153,-0.37,3.224190584896146,中瑞股份
2026-08-14,301587,21.22,21.27,21.55,21.01,17330.66,36815319.0,2.5472,0.3302,0.07,2.359420386140587,中瑞股份
2026-08-17,301587,21.36,21.84,21.84,20.99,25755.39,55515778.0,3.9962,2.6798,0.57,3.5063749573877403,中瑞股份
2026-08-18,301587,21.72,21.41,21.83,21.28,21534.0,46266017.0,2.5183,-1.9689,-0.43,2.9316689955922857,中瑞股份
2026-08-19,301587,21.33,20.53,21.33,20.42,28044.13,58235744.0,4.2504,-4.1102,-0.88,3.817967234575996,中瑞股份
2026-08-20,301587,20.94,20.92,21.03,20.55,18804.0,39215245.0,2.338,1.8997,0.39,2.5600029624369527,中瑞股份
2026-08-21,301587,20.71,21.17,21.19,20.53,20037.45,41975143.0,3.1549,1.195,0.25,2.7279265773070795,中瑞股份
2026-08-24,301587,21.12,21.21,21.67,20.87,25415.74,53840951.0,3.7789,0.1889,0.04,3.4601345294898618,中瑞股份
2026-06-25,301588,38.25,38.13,40.54,37.5,58129.4,227065530.0,,,,7.923943209672878,美新科技
2026-06-26,301588,38.15,41.55,42.61,37.23,62117.48,249986804.0,14.1096,8.9693,3.42,8.467580670847983,美新科技
2026-06-29,301588,40.75,38.84,41.7,37.36,53179.15,207307088.0,10.4452,-6.5223,-2.71,7.2491469813670095,美新科技
2026-06-30,301588,39.2,43.71,44.25,38.15,64156.0,266362073.0,15.7055,12.5386,4.87,8.74546271868922,美新科技
2026-07-01,301588,43.58,46.17,46.44,42.31,76332.62,344424755.0,9.4486,5.628,2.46,10.405325806313845,美新科技
2026-07-02,301588,45.54,48.82,50.89,45.14,94073.25,454515912.0,12.454,5.7397,2.65,12.82365017614768,美新科技
2026-07-03,301588,46.39,53.84,54.42,46.23,101542.98,517490762.0,16.7759,10.2827,5.02,13.84189079641195,美新科技
2026-07-06,301588,54.93,52.74,55.11,51.14,85753.23,456776239.0,7.3737,-2.0431,-1.1,11.68950177648516,美新科技
2026-07-07,301588,52.92,52.58,53.86,50.74,57661.27,302341846.0,5.9158,-0.3034,-0.16,7.8601297945207484,美新科技
2026-07-08,301588,51.81,48.95,52.72,48.08,68493.31,340000101.0,8.8246,-6.9038,-3.63,9.336705671872055,美新科技
2026-07-09,301588,48.96,48.24,49.92,47.14,50559.5,243944902.0,5.6793,-1.4505,-0.71,6.892047857185105,美新科技
2026-07-10,301588,48.44,55.36,57.08,47.49,116946.19,621321934.0,19.8798,14.7595,7.12,15.94158838982708,美新科技
2026-07-13,301588,51.94,44.58,53.94,44.29,93769.1,445261729.0,17.4314,-19.4725,-10.78,12.782189790745079,美新科技
2026-07-14,301588,44.95,43.38,46.34,41.95,71915.39,312795553.0,9.8475,-2.6918,-1.2,9.803188511518728,美新科技
2026-07-15,301588,43.38,43.22,44.84,41.8,49223.53,212609825.0,7.0078,-0.3688,-0.16,6.709934324105,美新科技
2026-07-16,301588,41.87,39.9,42.98,39.5,48283.55,199012420.0,8.0518,-7.6816,-3.32,6.581800399821793,美新科技
2026-07-17,301588,39.59,32.6,40.05,32.0,79823.51,279881834.0,20.1754,-18.2957,-7.3,10.88118852141524,美新科技
2026-07-20,301588,33.57,27.73,33.85,26.9,75185.96,227143157.0,21.319,-14.9387,-4.87,10.249018176770045,美新科技
2026-07-21,301588,28.5,33.28,33.28,26.5,97333.15,292487090.0,24.4501,20.0144,5.55,13.268025354099159,美新科技
2026-07-22,301588,32.8,34.01,35.66,32.16,99122.17,338540591.0,10.5168,2.1935,0.73,13.511896663298446,美新科技
2026-07-23,301588,34.34,33.88,35.0,32.1,57971.58,192795630.0,8.5269,-0.3822,-0.13,7.902429883931504,美新科技
2026-07-24,301588,33.24,32.77,34.01,32.14,38735.93,127767252.0,5.5195,-3.2763,-1.11,5.280310987105731,美新科技
2026-07-27,301588,32.77,36.05,36.5,32.38,51110.01,176795173.0,12.5725,10.0092,3.28,6.967090950290436,美新科技
2026-07-28,301588,36.41,33.39,37.36,32.4,72485.05,254560978.0,13.7587,-7.3786,-2.66,9.880842048090967,美新科技
2026-07-29,301588,33.36,33.08,34.5,30.33,72295.27,234097255.0,12.4888,-0.9284,-0.31,9.854972076229366,美新科技
2026-07-30,301588,33.2,29.16,33.88,29.03,68585.93,209604861.0,14.6614,-11.8501,-3.92,9.349331221423226,美新科技
2026-07-31,301588,31.38,30.09,31.53,29.77,41210.58,126435704.0,6.0357,3.1893,0.93,5.61764435135544,美新科技
2026-08-03,301588,29.79,29.25,30.85,28.7,40983.52,120397841.0,7.1452,-2.7916,-0.84,5.586692534457479,美新科技
2026-08-04,301588,29.92,29.97,31.38,28.89,67855.72,205186484.0,8.5128,2.4615,0.72,9.249792217560547,美新科技
2026-08-05,301588,30.42,30.84,31.77,29.65,67275.28,206948175.0,7.0737,2.9029,0.87,9.17066919897404,美新科技
2026-08-06,301588,30.71,30.48,31.79,29.33,71503.63,218284493.0,7.9767,-1.1673,-0.36,9.747059205934724,美新科技
2026-08-07,301588,30.94,32.11,32.39,30.0,72581.81,227825277.0,7.8412,5.3478,1.63,9.894031944167098,美新科技
2026-08-10,301588,32.55,32.76,32.88,30.92,75343.0,239645749.0,6.104,2.0243,0.65,10.270425176354541,美新科技
2026-08-11,301588,31.5,31.97,32.38,30.05,65652.52,206512588.0,7.1123,-2.4115,-0.79,8.949461719059766,美新科技
2026-08-12,301588,31.79,32.07,32.99,31.58,72150.53,232596169.0,4.4104,0.3128,0.1,9.835241758349463,美新科技
2026-08-13,301588,32.08,31.46,32.59,31.43,63038.62,201916557.0,3.6171,-1.9021,-0.61,8.593146409495864,美新科技
2026-08-14,301588,31.2,31.47,31.9,30.02,51764.13,160329442.0,5.9758,0.0318,0.01,7.056257701234214,美新科技
2026-08-17,301588,31.45,32.0,32.03,30.9,40426.13,127299596.0,3.5907,1.6841,0.53,5.510711590122262,美新科技
2026-08-18,301588,32.0,32.45,32.56,31.5,41072.45,131283530.0,3.3125,1.4063,0.45,5.598815079497273,美新科技
2026-08-19,301588,32.45,28.0,33.2,27.99,95210.17,282594673.0,16.0555,-13.7134,-4.45,12.978630091886384,美新科技
2026-08-20,301588,28.41,27.61,28.61,27.05,72538.05,201100018.0,5.5714,-1.3929,-0.39,9.88806677413515,美新科技
2026-08-21,301588,27.28,27.5,28.12,26.7,38604.79,105822898.0,5.1431,-0.3984,-0.11,5.262434561191882,美新科技
2026-08-24,301588,27.39,26.82,27.7,26.31,38159.15,102087343.0,5.0545,-2.4727,-0.68,5.20168688356303,美新科技
2026-06-25,301589,145.13,144.5,147.44,143.28,5826.22,84253330.0,,,,1.6904763562760554,诺瓦星云
2026-06-26,301589,144.0,143.61,146.6,142.02,8040.6,116410119.0,3.1696,-0.6159,-0.89,2.332978190022562,诺瓦星云
2026-06-29,301589,142.0,139.56,142.97,138.58,8804.52,123550868.0,3.0569,-2.8201,-4.05,2.5546293975098187,诺瓦星云
2026-06-30,301589,142.38,148.98,150.9,142.09,12924.64,191678880.0,6.3127,6.7498,9.42,3.7500812419338363,诺瓦星云
2026-07-01,301589,147.0,147.16,149.9,145.01,9085.37,134162596.0,3.2823,-1.2216,-1.82,2.6361179586455346,诺瓦星云
2026-07-02,301589,147.17,144.87,151.47,144.85,10746.01,158552941.0,4.4985,-1.5561,-2.29,3.117952262239678,诺瓦星云
2026-07-03,301589,145.1,146.5,149.65,144.89,7868.0,115553587.0,3.2857,1.1251,1.63,2.2828983408075914,诺瓦星云
2026-07-06,301589,147.26,143.92,148.86,142.5,7262.72,105460894.0,4.3413,-1.7611,-2.58,2.107276491834025,诺瓦星云
2026-07-07,301589,143.0,139.81,143.74,138.85,6911.8,97110275.0,3.3977,-2.8558,-4.11,2.005457136755708,诺瓦星云
2026-07-08,301589,139.82,139.19,141.73,138.58,5228.4,73022852.0,2.2531,-0.4435,-0.62,1.5170190245397064,诺瓦星云
2026-07-09,301589,138.45,145.67,146.19,134.75,11592.94,162965958.0,8.219,4.6555,6.48,3.3636888016118403,诺瓦星云
2026-07-10,301589,144.95,148.1,152.66,143.74,14164.5,211403594.0,6.1234,1.6682,2.43,4.109826327957439,诺瓦星云
2026-07-13,301589,147.71,138.74,148.43,138.23,11021.72,156191143.0,6.8872,-6.3201,-9.36,3.1979494535899646,诺瓦星云
2026-07-14,301589,139.0,137.27,139.97,135.58,7069.08,97125402.0,3.1642,-1.0595,-1.47,2.0510918915907634,诺瓦星云
2026-07-15,301589,138.0,135.69,138.5,135.08,6633.15,90359375.0,2.4914,-1.151,-1.58,1.9246069051001364,诺瓦星云
2026-07-16,301589,135.01,143.0,148.4,133.52,13899.56,197606002.0,10.9662,5.3873,7.31,4.032954049562222,诺瓦星云
2026-07-17,301589,142.0,135.48,144.88,135.0,10886.37,151335607.0,6.9091,-5.2587,-7.52,3.1586776830728946,诺瓦星云
2026-07-20,301589,136.71,135.37,137.87,130.33,9851.52,132424640.0,5.5654,-0.0812,-0.11,2.8584162001058466,诺瓦星云
2026-07-21,301589,135.01,139.04,139.86,133.18,9219.92,126611374.0,4.9346,2.7111,3.67,2.675157609351643,诺瓦星云
2026-07-22,301589,139.04,134.05,139.23,134.01,8429.88,114704085.0,3.7543,-3.5889,-4.99,2.445927690036489,诺瓦星云
2026-07-23,301589,134.2,134.59,135.48,132.72,5384.28,72144124.0,2.0589,0.4028,0.54,1.562247569705579,诺瓦星云
2026-07-24,301589,132.01,130.31,133.99,130.2,6344.08,83657495.0,2.816,-3.18,-4.28,1.84073331290679,诺瓦星云
2026-07-27,301589,130.37,132.77,133.0,129.4,5775.5,76187878.0,2.7626,1.8878,2.46,1.6757599602610882,诺瓦星云
2026-07-28,301589,131.01,129.95,132.76,129.0,6163.06,80372456.0,2.832,-2.124,-2.82,1.788210402681448,诺瓦星云
2026-07-29,301589,129.9,133.96,134.98,127.57,8251.6,108630624.0,5.7022,3.0858,4.01,2.394199790163691,诺瓦星云
2026-07-30,301589,132.81,133.56,134.66,131.06,6990.77,93099667.0,2.6874,-0.2986,-0.4,2.0283702635952574,诺瓦星云
2026-07-31,301589,134.51,137.33,139.88,134.51,9851.51,135957685.0,4.0207,2.8227,3.77,2.85841329860821,诺瓦星云
2026-08-03,301589,137.36,138.8,139.5,137.11,5681.28,78738477.0,1.7403,1.0704,1.47,1.6484220495250828,诺瓦星云
2026-08-04,301589,138.8,140.85,141.65,138.3,5181.31,72935346.0,2.4135,1.4769,2.05,1.5033558721669777,诺瓦星云
2026-08-05,301589,140.79,145.54,147.5,140.2,9125.21,132737012.0,5.1828,3.3298,4.69,2.6476775252314235,诺瓦星云
2026-08-06,301589,144.43,146.36,150.22,143.48,9073.27,133608981.0,4.631,0.5634,0.82,2.63260714650474,诺瓦星云
2026-08-07,301589,146.36,144.44,146.47,142.17,7133.6,102539047.0,2.938,-1.3118,-1.92,2.0698123543448186,诺瓦星云
2026-08-10,301589,144.44,146.34,146.81,142.0,6038.36,87174107.0,3.3301,1.3154,1.9,1.7520287271478048,诺瓦星云
2026-08-11,301589,142.29,141.5,143.6,138.2,6886.47,97385225.0,3.69,-3.3074,-4.84,1.9981076432411353,诺瓦星云
2026-08-12,301589,141.27,140.89,143.32,140.5,4084.0,57913472.0,1.9929,-0.4311,-0.61,1.1849716349591004,诺瓦星云
2026-08-13,301589,141.29,143.33,144.17,141.0,6039.92,86361425.0,2.25,1.7318,2.44,1.7524813607791796,诺瓦星云
2026-08-14,301589,143.29,142.68,143.89,141.63,3330.17,47496151.0,1.5768,-0.4535,-0.65,0.9662480385875974,诺瓦星云
2026-08-17,301589,142.7,145.55,145.85,141.0,4713.53,67612551.0,3.3992,2.0115,2.87,1.367629615702441,诺瓦星云
2026-08-18,301589,144.9,145.1,146.77,142.11,4007.0,57648102.0,3.2016,-0.3092,-0.45,1.162630103154044,诺瓦星云
2026-08-19,301589,151.01,139.65,152.2,139.59,16146.52,231962830.0,8.6906,-3.756,-5.45,4.684908962610141,诺瓦星云
2026-08-20,301589,139.08,136.9,139.69,135.66,8272.34,113728827.0,2.8858,-1.9692,-2.75,2.400217496262871,诺瓦星云
2026-08-21,301589,136.0,136.9,137.9,135.28,4338.83,59282720.0,1.9138,0.0,0.0,1.2589104992432896,诺瓦星云
2026-08-24,301589,142.05,139.15,146.35,138.52,11526.35,164110766.0,5.7195,1.6435,2.25,3.344367728846922,诺瓦星云
2026-06-25,301590,113.79,109.38,114.03,109.17,6607.67,103068071.0,,,,3.795548279625481,优优绿能
2026-06-26,301590,108.95,96.54,109.45,95.34,11567.28,165248609.0,12.9,-11.7389,-12.84,6.644425297260039,优优绿能
2026-06-29,301590,95.69,90.87,95.69,89.81,8455.13,109436030.0,6.0907,-5.8732,-5.67,4.856757998736286,优优绿能
2026-06-30,301590,90.93,93.17,93.55,90.25,6291.01,81877222.0,3.6316,2.5311,2.3,3.613653857200299,优优绿能
2026-07-01,301590,93.47,93.95,98.46,89.83,7875.82,103237927.0,9.2626,0.8372,0.78,4.523993336779827,优优绿能
2026-07-02,301590,93.41,101.01,110.32,91.44,18200.83,264008186.0,20.0958,7.5146,7.06,10.454839450858751,优优绿能
2026-07-03,301590,100.65,105.61,109.49,99.94,10412.62,155410838.0,9.4545,4.554,4.6,5.981170658854616,优优绿能
2026-07-06,301590,105.29,105.16,114.42,104.97,10552.29,163448233.0,8.948,-0.4261,-0.45,6.06139927623643,优优绿能
2026-07-07,301590,104.56,100.51,108.36,100.03,5426.73,79110296.0,7.9213,-4.4218,-4.65,3.117198001033948,优优绿能
2026-07-08,301590,99.97,93.92,99.97,93.7,7257.31,98444642.0,6.2382,-6.5566,-6.59,4.168711585961284,优优绿能
2026-07-09,301590,95.26,93.61,95.93,90.63,5329.14,70085917.0,5.6431,-0.3301,-0.31,3.061140789246941,优优绿能
2026-07-10,301590,97.83,98.74,110.09,95.12,14575.85,215209099.0,15.9919,5.4802,5.13,8.37259463495893,优优绿能
2026-07-13,301590,97.41,91.08,97.82,90.51,10212.3,134857859.0,7.4033,-7.7577,-7.66,5.866103739445115,优优绿能
2026-07-14,301590,91.59,91.15,91.59,86.49,6835.66,86043608.0,5.5995,0.0769,0.07,3.9265092768108447,优优绿能
2026-07-15,301590,90.64,86.33,91.0,85.21,6766.73,83358671.0,6.3522,-5.288,-4.82,3.886914814176575,优优绿能
2026-07-16,301590,86.28,82.55,86.28,81.51,6135.09,72121367.0,5.5253,-4.3785,-3.78,3.5240909874202995,优优绿能
2026-07-17,301590,82.29,75.12,82.85,73.54,9663.39,105448772.0,11.278,-9.0006,-7.43,5.550801309667413,优优绿能
2026-07-20,301590,75.85,71.04,76.38,68.51,9539.24,97670361.0,10.4766,-5.4313,-4.08,5.479487621345281,优优绿能
2026-07-21,301590,70.8,71.57,71.94,65.39,12259.78,119782855.0,9.2202,0.7461,0.53,7.042208053305761,优优绿能
2026-07-22,301590,72.92,70.07,72.97,69.31,9000.0,89752420.0,5.1139,-2.0959,-1.5,5.169739789763915,优优绿能
2026-07-23,301590,69.68,72.96,73.3,69.61,8911.42,89873077.0,5.2662,4.1244,2.89,5.118858061921994,优优绿能
2026-07-24,301590,71.48,70.17,72.62,70.04,6361.09,63821188.0,3.5362,-3.824,-2.79,3.6539088976965934,优优绿能
2026-07-27,301590,70.18,74.01,74.11,70.18,7871.87,80681463.0,5.6007,5.4724,3.84,4.521724395427652,优优绿能
2026-07-28,301590,73.34,70.69,74.48,70.31,10376.66,74594090.0,5.6344,-4.4859,-3.32,4.257510483083462,优优绿能
2026-07-29,301590,71.1,70.11,71.38,68.57,9039.96,63283456.0,3.9751,-0.8205,-0.58,3.7090667388789043,优优绿能
2026-07-30,301590,70.11,67.1,71.0,66.0,10170.27,69771107.0,7.1317,-4.2933,-3.01,4.172829324733511,优优绿能
2026-07-31,301590,69.11,69.77,71.88,69.11,11015.55,77762835.0,4.1282,3.9791,2.67,4.519645011201103,优优绿能
2026-08-03,301590,69.78,70.75,71.5,69.25,6724.86,47428272.0,3.2249,1.4046,0.98,2.7591885970310916,优优绿能
2026-08-04,301590,71.15,73.35,73.88,71.15,7261.85,52911163.0,3.8587,3.6749,2.6,2.979513880341038,优优绿能
2026-08-05,301590,72.83,74.93,75.15,72.83,8868.38,65824350.0,3.1629,2.1541,1.58,3.6386680124401987,优优绿能
2026-08-06,301590,74.93,76.0,76.39,73.5,9216.4,68996246.0,3.8569,1.428,1.07,3.781459507807948,优优绿能
2026-08-07,301590,76.0,75.52,76.35,73.22,9151.04,68571814.0,4.1184,-0.6316,-0.48,3.754642508390569,优优绿能
2026-08-10,301590,76.0,77.05,78.26,74.0,10143.89,77892753.0,5.6409,2.026,1.53,4.162005694919705,优优绿能
2026-08-11,301590,76.8,76.35,77.19,74.49,6482.2,49277196.0,3.5042,-0.9085,-0.7,2.6596259734291783,优优绿能
2026-08-12,301590,76.37,77.63,78.18,76.0,6422.82,49772333.0,2.8553,1.6765,1.28,2.6352625489278942,优优绿能
2026-08-13,301590,78.0,77.0,80.66,77.0,8090.96,63976034.0,4.7147,-0.8115,-0.63,3.3196950674117653,优优绿能
2026-08-14,301590,76.69,77.0,78.15,76.28,5349.36,41227662.0,2.4286,0.0,0.0,2.194825336648531,优优绿能
2026-08-17,301590,76.86,78.78,79.18,76.54,7670.0,59805517.0,3.4286,2.3117,1.78,3.146976522816605,优优绿能
2026-08-18,301590,79.18,78.09,79.18,76.62,7875.9,61303644.0,3.2496,-0.8759,-0.69,3.231456635730287,优优绿能
2026-08-19,301590,77.11,72.96,77.11,72.5,7989.74,59414255.0,5.9034,-6.5693,-5.13,3.2781648244339947,优优绿能
2026-08-20,301590,73.8,73.95,75.0,72.7,5552.89,41075334.0,3.1524,1.3569,0.99,2.278333046125567,优优绿能
2026-08-21,301590,73.55,74.48,74.7,72.09,3796.45,28048681.0,3.5294,0.7167,0.53,1.5576713194324772,优优绿能
2026-08-24,301590,74.27,71.6,74.48,70.72,5572.62,40192653.0,5.0483,-3.8668,-2.88,2.286428202161443,优优绿能
2026-06-25,301591,55.26,55.29,56.17,53.99,66689.4,367435476.0,,,,14.92108233658868,肯特股份
2026-06-26,301591,55.61,52.11,56.46,51.0,56192.32,299944463.0,9.8752,-5.7515,-3.18,12.572466290054177,肯特股份
2026-06-29,301591,51.52,47.69,52.17,45.0,81247.34,390921199.0,13.7594,-8.4821,-4.42,18.17827495477265,肯特股份
2026-06-30,301591,48.01,47.3,49.48,46.8,66255.59,317794350.0,5.6196,-0.8178,-0.39,14.824021713334679,肯特股份
2026-07-01,301591,47.69,45.84,48.28,45.02,59071.22,274462251.0,6.8922,-3.0867,-1.46,13.216591202541094,肯特股份
2026-07-02,301591,45.13,45.18,48.28,44.4,55263.4,256571552.0,8.4642,-1.4398,-0.66,12.364629785240759,肯特股份
2026-07-03,301591,45.39,43.72,46.22,43.63,44219.75,197419339.0,5.7326,-3.2315,-1.46,9.893724199848362,肯特股份
2026-07-06,301591,43.72,41.37,44.0,40.7,45469.75,191213309.0,7.548,-5.3751,-2.35,10.173399124510091,肯特股份
2026-07-07,301591,41.0,39.37,41.55,38.83,38474.47,153466380.0,6.5748,-4.8344,-2.0,8.608275598919937,肯特股份
2026-07-08,301591,39.39,37.53,39.49,37.08,41967.8,159626079.0,6.1214,-4.6736,-1.84,9.389873042574779,肯特股份
2026-07-09,301591,37.69,36.75,38.28,34.77,59200.8,215877488.0,9.3525,-2.0783,-0.78,13.24558342393123,肯特股份
2026-07-10,301591,36.93,35.87,37.71,35.81,51133.3,188357515.0,5.1701,-2.3946,-0.88,11.440561460164435,肯特股份
2026-07-13,301591,35.52,32.8,35.52,32.5,53516.46,179766085.0,8.4193,-8.5587,-3.07,11.973769534929911,肯特股份
2026-07-14,301591,32.68,33.8,33.9,32.0,42559.13,141009116.0,5.7927,3.0488,1.0,9.522177181134955,肯特股份
2026-07-15,301591,33.56,32.29,33.95,32.11,32668.09,107303845.0,5.4438,-4.4675,-1.51,7.309156487674044,肯特股份
2026-07-16,301591,32.0,30.97,32.58,30.58,39521.04,124375538.0,6.1939,-4.088,-1.32,8.842435107642515,肯特股份
2026-07-17,301591,31.0,28.15,31.45,28.08,56000.73,165506611.0,10.8815,-9.1056,-2.82,12.529599955001421,肯特股份
2026-07-20,301591,28.72,25.45,29.08,24.88,69918.89,188556909.0,14.9201,-9.5915,-2.7,15.643648234545326,肯特股份
2026-07-21,301591,25.99,27.29,27.29,23.02,72907.14,185808690.0,16.778,7.2299,1.84,16.312239109441652,肯特股份
2026-07-22,301591,26.8,26.4,27.65,26.15,46273.8,124541662.0,5.4965,-3.2613,-0.89,10.353297223049502,肯特股份
2026-07-23,301591,26.64,27.48,27.48,26.48,48079.68,129771503.0,3.7879,4.0909,1.08,10.757344705407998,肯特股份
2026-07-24,301591,27.04,26.41,27.27,26.03,37365.59,99542989.0,4.5124,-3.8937,-1.07,8.360174854552819,肯特股份
2026-07-27,301591,26.15,27.41,27.41,25.94,36478.22,97740357.0,5.5661,3.7864,1.0,8.161634744235156,肯特股份
2026-07-28,301591,26.86,26.36,27.56,26.06,35252.7,94445946.0,5.4725,-3.8307,-1.05,7.887436973298002,肯特股份
2026-07-29,301591,26.34,26.3,26.52,25.38,39809.36,103482984.0,4.3247,-0.2276,-0.06,8.906943807065291,肯特股份
2026-07-30,301591,26.08,24.73,26.33,24.6,41475.4,105205332.0,6.5779,-5.9696,-1.57,9.279703496252031,肯特股份
2026-07-31,301591,26.28,25.9,26.81,25.8,42827.02,112620743.0,4.0841,4.7311,1.17,9.58211487358906,肯特股份
2026-08-03,301591,26.03,26.4,26.49,25.72,30582.7,80001220.0,2.973,1.9305,0.5,6.842571454761787,肯特股份
2026-08-04,301591,26.4,27.45,27.7,26.3,39073.0,106126712.0,5.303,3.9773,1.05,8.742190665046163,肯特股份
2026-08-05,301591,27.5,28.79,29.33,27.32,54624.9,155844899.0,7.3224,4.8816,1.34,12.221771833723546,肯特股份
2026-08-06,301591,28.64,29.43,29.66,28.39,45464.91,132505888.0,4.4113,2.223,0.64,10.1723162232018,肯特股份
2026-08-07,301591,29.88,30.22,30.48,28.66,50285.01,149794618.0,6.1842,2.6843,0.79,11.250765106691398,肯特股份
2026-08-10,301591,30.15,29.92,30.38,29.4,34680.94,103095191.0,3.2429,-0.9927,-0.3,7.7595114253583315,肯特股份
2026-08-11,301591,29.73,29.54,29.9,29.19,28239.73,83459903.0,2.373,-1.2701,-0.38,6.318355488174035,肯特股份
2026-08-12,301591,29.54,31.49,32.43,29.38,67840.47,209490131.0,10.325,6.6012,1.95,15.178622669012984,肯特股份
2026-08-13,301591,32.05,34.81,36.36,31.98,155977.4,538687242.0,13.9092,10.543,3.32,34.89837407514579,肯特股份
2026-08-14,301591,35.0,33.35,35.85,33.04,115505.22,394389171.0,8.0724,-4.1942,-1.46,25.843130961229065,肯特股份
2026-08-17,301591,34.02,36.28,37.66,32.45,113007.28,394140534.0,15.6222,8.7856,2.93,25.28424201618145,肯特股份
2026-08-18,301591,35.66,34.99,36.3,34.14,81980.98,286445801.0,5.9537,-3.5557,-1.29,18.342419524155716,肯特股份
2026-08-19,301591,33.51,31.9,34.18,31.68,61065.63,199788389.0,7.1449,-8.8311,-3.09,13.662820375736773,肯特股份
2026-08-20,301591,32.21,31.48,32.3,31.2,45488.71,144194376.0,3.4483,-1.3166,-0.42,10.177641233767359,肯特股份
2026-08-21,301591,31.48,37.78,37.78,30.51,111304.99,381200707.0,23.094,20.0127,6.3,24.903371754179524,肯特股份
2026-08-24,301591,38.45,37.54,38.88,36.1,141023.06,527810155.0,7.3584,-0.6353,-0.24,31.552490944853094,肯特股份
2026-06-25,301592,122.76,126.0,130.82,121.02,34658.72,442173064.0,,,,14.837781864050417,六九一二
2026-06-26,301592,125.29,120.35,128.0,116.0,27363.15,329301832.0,9.5238,-4.4841,-5.65,11.714467551406722,六九一二
2026-06-29,301592,122.65,120.7,123.71,116.81,19966.2,241240446.0,5.7333,0.2908,0.35,8.547751338018353,六九一二
2026-06-30,301592,120.81,132.35,138.74,120.7,40549.65,534053366.0,14.9461,9.652,11.65,17.35975423684406,六九一二
2026-07-01,301592,132.03,145.56,147.8,129.6,42304.51,588558424.0,13.7514,9.9811,13.21,18.111029237246484,六九一二
2026-07-02,301592,140.02,137.9,146.29,137.9,25116.57,354038288.0,5.7639,-5.2624,-7.66,10.752681773393617,六九一二
2026-07-03,301592,137.75,130.68,140.3,130.0,24285.99,323645846.0,7.4692,-5.2357,-7.22,10.39710127703821,六九一二
2026-07-06,301592,132.49,129.6,138.08,128.87,21243.73,281527355.0,7.0478,-0.8264,-1.08,9.094676079173833,六九一二
2026-07-07,301592,129.61,126.72,130.34,122.18,19298.36,244029699.0,6.2963,-2.2222,-2.88,8.261841637946121,六九一二
2026-07-08,301592,125.09,128.95,133.53,125.09,18485.99,239017353.0,6.6604,1.7598,2.23,7.914057044259493,六九一二
2026-07-09,301592,128.58,130.19,131.3,127.5,16657.0,215562632.0,2.9469,0.9616,1.24,7.1310461698957095,六九一二
2026-07-10,301592,130.0,124.8,132.87,124.65,22149.2,283936857.0,6.3138,-4.1401,-5.39,9.482317813907308,六九一二
2026-07-13,301592,123.46,114.25,125.02,113.65,19677.81,232112883.0,9.1106,-8.4535,-10.55,8.42428838520955,六九一二
2026-07-14,301592,115.36,109.64,115.67,107.1,19757.0,216403942.0,7.5011,-4.035,-4.61,8.458190501208472,六九一二
2026-07-15,301592,109.55,106.71,109.59,105.15,11558.0,123477004.0,4.0496,-2.6724,-2.93,4.9481078004235215,六九一二
2026-07-16,301592,105.54,105.63,109.38,104.56,13710.73,145823990.0,4.5169,-1.0121,-1.08,5.86971535408382,六九一二
2026-07-17,301592,105.0,97.83,106.0,96.88,18236.04,183918067.0,8.6339,-7.3843,-7.8,7.807050681158969,六九一二
2026-07-20,301592,100.0,92.72,100.0,90.38,18469.66,175293541.0,9.8334,-5.2233,-5.11,7.907065990410997,六九一二
2026-07-21,301592,92.73,95.38,95.49,87.71,16547.06,152620339.0,8.3909,2.8689,2.66,7.083979638352314,六九一二
2026-07-22,301592,94.03,90.71,95.28,90.49,14049.0,129670946.0,5.022,-4.8962,-4.67,6.014532487294519,六九一二
2026-07-23,301592,91.8,96.4,97.55,90.0,21056.56,197742441.0,8.3232,6.2727,5.69,9.014546529337766,六九一二
2026-07-24,301592,94.67,93.1,98.76,93.1,13063.0,124820569.0,5.8714,-3.4232,-3.3,5.592414967722138,六九一二
2026-07-27,301592,92.0,96.0,96.18,90.51,12896.4,120790170.0,6.0902,3.1149,2.9,5.521091662690942,六九一二
2026-07-28,301592,95.0,93.41,98.54,92.87,14765.16,140776030.0,5.9063,-2.6979,-2.59,6.321128514492245,六九一二
2026-07-29,301592,93.51,93.5,95.02,90.2,12977.16,120520000.0,5.16,0.0963,0.09,5.5556659130770125,六九一二
2026-07-30,301592,93.49,88.02,93.98,87.61,16580.43,149131955.0,6.8128,-5.861,-5.48,7.098265704912284,六九一二
2026-07-31,301592,90.09,92.61,95.17,90.0,16480.06,153505657.0,5.8737,5.2147,4.59,7.055296196352972,六九一二
2026-08-03,301592,92.23,93.48,93.8,91.5,8554.0,79455881.0,2.4835,0.9394,0.87,3.6620621322739924,六九一二
2026-08-04,301592,93.48,98.5,99.4,92.74,16369.28,158457691.0,7.1245,5.3701,5.02,7.0078700515069,六九一二
2026-08-05,301592,98.49,100.8,102.88,97.29,14486.0,145916613.0,5.6751,2.335,2.3,6.2016170269021575,六九一二
2026-08-06,301592,100.12,104.0,105.9,99.38,12521.47,129448809.0,6.4683,3.1746,3.2,5.360579977484782,六九一二
2026-08-07,301592,104.4,104.19,105.99,101.3,9399.0,97100665.0,4.5096,0.1827,0.19,4.0238159903253745,六九一二
2026-08-10,301592,104.2,106.6,109.2,104.0,11562.0,122282687.0,4.9909,2.3131,2.41,4.94982024472199,六九一二
2026-08-11,301592,106.08,107.26,110.8,105.6,16536.0,179318410.0,4.878,0.6191,0.66,7.079244729867049,六九一二
2026-08-12,301592,108.11,108.41,110.36,107.44,9396.87,102376088.0,2.7224,1.0722,1.15,4.02290411373644,六九一二
2026-08-13,301592,108.54,106.63,110.19,105.04,13272.1,143218774.0,4.7505,-1.6419,-1.78,5.681932993424557,六九一二
2026-08-14,301592,106.77,107.26,108.21,105.2,7525.12,80195393.0,2.8228,0.5908,0.63,3.2215872098220326,六九一二
2026-08-17,301592,107.01,109.38,110.98,106.01,9398.95,102302674.0,4.6336,1.9765,2.12,4.023794584771643,六九一二
2026-08-18,301592,109.38,108.98,110.0,106.06,10502.5,113106022.0,3.6021,-0.3657,-0.4,4.496236561165256,六九一二
2026-08-19,301592,107.95,104.5,108.8,104.0,13792.13,146503182.0,4.4045,-4.1108,-4.48,5.904563595557645,六九一二
2026-08-20,301592,104.51,105.71,107.46,104.31,7974.0,84564991.0,3.0144,1.1579,1.21,3.413757708996121,六九一二
2026-08-21,301592,105.64,104.2,106.43,103.01,7416.0,77787687.0,3.2353,-1.4284,-1.51,3.174871729359823,六九一二
2026-08-24,301592,105.18,102.77,105.18,101.8,7500.16,77150437.0,3.2438,-1.3724,-1.43,3.2109015573995916,六九一二
2026-06-25,301595,42.53,40.32,42.96,39.69,16102.28,65700688.0,,,,3.9434959897140756,太力科技
2026-06-26,301595,39.6,39.2,40.68,38.62,14934.0,58954086.0,5.1091,-2.7778,-1.12,3.657380762872712,太力科技
2026-06-29,301595,39.0,38.9,39.22,37.27,13571.0,52172701.0,4.9745,-0.7653,-0.3,3.323578032204739,太力科技
2026-06-30,301595,38.9,39.6,39.65,38.17,10148.92,39574334.0,3.8046,1.7995,0.7,2.485500520418784,太力科技
2026-07-01,301595,39.83,40.79,41.99,38.91,14836.24,59961953.0,7.7778,3.0051,1.19,3.633439049776526,太力科技
2026-07-02,301595,40.32,41.1,42.53,40.11,25530.4,105782152.0,5.9328,0.76,0.31,6.252470458580787,太力科技
2026-07-03,301595,41.7,41.08,42.86,40.96,15851.31,66191794.0,4.6229,-0.0487,-0.02,3.8820326945447867,太力科技
2026-07-06,301595,41.98,44.52,46.64,41.89,31378.74,140815543.0,11.5628,8.3739,3.44,7.684746219310598,太力科技
2026-07-07,301595,43.62,48.0,49.6,43.5,47300.61,224571874.0,13.7017,7.8167,3.48,11.584059266515643,太力科技
2026-07-08,301595,46.33,44.24,48.24,44.0,29008.68,132301110.0,8.8333,-7.8333,-3.76,7.1043115165615625,太力科技
2026-07-09,301595,43.2,41.15,44.68,40.5,24919.57,104858449.0,9.4485,-6.9846,-3.09,6.102876385232352,太力科技
2026-07-10,301595,40.7,42.89,45.36,40.5,22703.79,97332753.0,11.8104,4.2284,1.74,5.560225310720627,太力科技
2026-07-13,301595,42.47,39.98,42.89,39.8,17410.0,71161855.0,7.2045,-6.7848,-2.91,4.263760484907856,太力科技
2026-07-14,301595,39.97,39.68,39.97,37.86,13969.92,54394145.0,5.2776,-0.7504,-0.3,3.421274719892243,太力科技
2026-07-15,301595,39.64,40.76,42.5,39.0,15923.96,64791687.0,8.8206,2.7218,1.08,3.8998248943856,太力科技
2026-07-16,301595,40.03,40.27,41.44,39.64,8790.88,35535565.0,4.4161,-1.2022,-0.49,2.152912508418539,太力科技
2026-07-17,301595,40.5,37.08,40.51,37.0,14395.04,54924930.0,8.7162,-7.9215,-3.19,3.5253878650584705,太力科技
2026-07-20,301595,37.08,34.64,38.5,33.77,15239.17,54226279.0,12.7562,-6.5804,-2.44,3.7321177983224145,太力科技
2026-07-21,301595,35.05,34.2,35.22,31.5,13975.56,46408496.0,10.739,-1.2702,-0.44,3.422655972570869,太力科技
2026-07-22,301595,33.83,34.35,34.57,33.48,10109.96,34454644.0,3.1871,0.4386,0.15,2.475959101206147,太力科技
2026-07-23,301595,33.96,34.97,35.15,33.8,6776.44,23368128.0,3.9301,1.8049,0.62,1.6595701953101085,太力科技
2026-07-24,301595,34.3,33.88,35.49,33.42,12417.0,42702910.0,5.9194,-3.117,-1.09,3.040960019592237,太力科技
2026-07-27,301595,33.7,34.88,34.95,33.33,6612.0,22742913.0,4.7816,2.9516,1.0,1.619298353027613,太力科技
2026-07-28,301595,34.88,34.58,35.8,34.25,6435.94,22541041.0,4.4438,-0.8601,-0.3,1.576180738382416,太力科技
2026-07-29,301595,34.9,36.51,37.5,34.35,18556.23,67149787.0,9.1093,5.5813,1.93,4.544475601542889,太力科技
2026-07-30,301595,36.07,35.75,36.7,35.12,8830.73,31695458.0,4.3276,-2.0816,-0.76,2.162671891263087,太力科技
2026-07-31,301595,35.82,36.43,37.11,35.82,8404.0,30734966.0,3.6084,1.9021,0.68,2.0581644523357623,太力科技
2026-08-03,301595,36.35,37.21,37.6,35.72,7839.0,28936766.0,5.1606,2.1411,0.78,1.9197942815159494,太力科技
2026-08-04,301595,37.25,39.02,39.07,36.98,10491.23,40338875.0,5.6168,4.8643,1.81,2.569333251699014,太力科技
2026-08-05,301595,39.36,40.62,40.7,39.0,10638.01,42734936.0,4.3567,4.1005,1.6,2.605280107757301,太力科技
2026-08-06,301595,40.65,40.28,41.66,39.71,8815.44,35682941.0,4.8006,-0.837,-0.34,2.1589273250474497,太力科技
2026-08-07,301595,40.2,40.28,40.85,39.51,4823.7,19369963.0,3.3267,0.0,0.0,1.1813383946611156,太力科技
2026-08-10,301595,40.44,40.93,41.5,39.67,6250.0,25479896.0,4.5432,1.6137,0.65,1.5306434825200514,太力科技
2026-08-11,301595,41.12,41.77,41.99,40.15,10306.75,42773509.0,4.4955,2.0523,0.84,2.5241535541541666,太力科技
2026-08-12,301595,41.96,41.2,42.2,41.13,6876.84,28596336.0,2.5616,-1.3646,-0.57,1.6841584522133104,太力科技
2026-08-13,301595,41.46,40.18,41.89,40.18,7790.34,32012921.0,4.1505,-2.4757,-1.02,1.9078773036184413,太力科技
2026-08-14,301595,40.06,41.25,42.12,40.02,9001.66,36872885.0,5.2265,2.663,1.07,2.2045331537378314,太力科技
2026-08-17,301595,41.23,41.91,42.99,40.53,18410.57,77008034.0,5.9636,1.6,0.66,4.508803036796669,太力科技
2026-08-18,301595,41.98,41.05,42.93,40.2,12492.81,51390491.0,6.514,-2.052,-0.86,3.0595261127778115,太力科技
2026-08-19,301595,41.06,38.55,41.06,38.25,12687.04,50365385.0,6.8453,-6.0901,-2.5,3.107093614155391,太力科技
2026-08-20,301595,39.16,38.7,39.46,38.32,7750.9,30041741.0,2.9572,0.3891,0.15,1.8982183309863467,太力科技
2026-08-21,301595,38.75,38.6,38.99,37.61,7046.47,27094108.0,3.5659,-0.2584,-0.1,1.7257013408436908,太力科技
2026-08-24,301595,38.58,38.54,38.76,37.68,6180.0,23534750.0,2.7979,-0.1554,-0.06,1.5135002755158269,太力科技
2026-06-25,301596,54.66,51.57,54.8,51.07,26735.3,139635947.0,,,,6.0979273027565615,瑞迪智驱
2026-06-26,301596,51.15,48.12,51.48,48.08,26553.33,131015671.0,6.593,-6.6899,-3.45,6.056422631730516,瑞迪智驱
2026-06-29,301596,48.1,47.68,48.1,45.41,20192.97,94726032.0,5.5902,-0.9144,-0.44,4.605718398025987,瑞迪智驱
2026-06-30,301596,47.71,50.4,50.87,47.03,18079.72,89245492.0,8.0537,5.7047,2.72,4.123717265719624,瑞迪智驱
2026-07-01,301596,50.08,51.78,53.1,50.08,21221.1,110355434.0,5.9921,2.7381,1.38,4.84021967528052,瑞迪智驱
2026-07-02,301596,51.61,53.31,55.79,51.41,26162.04,141549763.0,8.4589,2.9548,1.53,5.96717515837897,瑞迪智驱
2026-07-03,301596,53.23,63.97,63.97,53.23,80402.07,488549456.0,20.1463,19.9962,10.66,18.338525389696176,瑞迪智驱
2026-07-06,301596,63.63,60.6,66.02,60.21,75355.05,472272812.0,9.0824,-5.2681,-3.37,17.187374624394934,瑞迪智驱
2026-07-07,301596,61.3,59.2,63.98,58.8,57164.11,349004283.0,8.5479,-2.3102,-1.4,13.038289718341645,瑞迪智驱
2026-07-08,301596,58.73,56.68,59.48,55.02,44971.2,256035785.0,7.5338,-4.2568,-2.52,10.257266921176344,瑞迪智驱
2026-07-09,301596,56.98,56.38,56.98,54.0,31499.64,175438452.0,5.2576,-0.5293,-0.3,7.184602932564912,瑞迪智驱
2026-07-10,301596,55.86,58.92,62.62,55.86,53295.23,314380889.0,11.9901,4.5051,2.54,12.15585529706757,瑞迪智驱
2026-07-13,301596,58.0,53.08,58.42,52.99,34765.92,192501867.0,9.2159,-9.9117,-5.84,7.929593188535397,瑞迪智驱
2026-07-14,301596,53.14,52.3,53.49,50.02,27197.21,140924103.0,6.5373,-1.4695,-0.78,6.203282155719359,瑞迪智驱
2026-07-15,301596,52.84,52.82,53.45,50.79,21388.28,112120180.0,5.086,0.9943,0.52,4.878350965614828,瑞迪智驱
2026-07-16,301596,52.2,52.1,54.51,51.44,22601.32,119811748.0,5.8122,-1.3631,-0.72,5.155027484499442,瑞迪智驱
2026-07-17,301596,51.92,46.6,52.4,45.9,27516.32,133778100.0,12.476,-10.5566,-5.5,6.276066436486086,瑞迪智驱
2026-07-20,301596,46.9,42.48,47.88,41.58,30751.9,135781330.0,13.5193,-8.8412,-4.12,7.014054475604893,瑞迪智驱
2026-07-21,301596,42.48,43.93,44.44,39.01,25645.48,107914476.0,12.7825,3.4134,1.45,5.849355447079231,瑞迪智驱
2026-07-22,301596,43.49,42.2,43.78,41.61,19124.32,81410395.0,4.9397,-3.9381,-1.73,4.3619751068682,瑞迪智驱
2026-07-23,301596,42.01,41.29,42.36,40.5,21104.3,87066690.0,4.4076,-2.1564,-0.91,4.813579319310623,瑞迪智驱
2026-07-24,301596,40.01,38.99,40.55,38.75,18490.67,72980620.0,4.3594,-5.5704,-2.3,4.217448894879118,瑞迪智驱
2026-07-27,301596,39.03,41.0,41.07,38.76,17230.69,69244518.0,5.9246,5.1552,2.01,3.930066054853862,瑞迪智驱
2026-07-28,301596,40.5,40.92,41.79,40.02,16668.0,68380953.0,4.3171,-0.1951,-0.08,3.80172477145745,瑞迪智驱
2026-07-29,301596,40.75,40.39,41.49,39.25,18158.88,72846142.0,5.4741,-1.2952,-0.53,4.141772493275933,瑞迪智驱
2026-07-30,301596,40.0,38.18,40.35,38.08,19560.64,76156578.0,5.6202,-5.4717,-2.21,4.461493258553003,瑞迪智驱
2026-07-31,301596,39.97,41.52,42.48,39.64,26468.56,109315424.0,7.4384,8.748,3.34,6.03708784598079,瑞迪智驱
2026-08-03,301596,42.54,49.82,49.82,42.15,37686.49,181440751.0,18.473,19.9904,8.3,8.595732096369298,瑞迪智驱
2026-08-04,301596,48.59,49.68,49.78,47.1,59388.47,289546172.0,5.3794,-0.281,-0.14,13.54563340160533,瑞迪智驱
2026-08-05,301596,49.33,50.45,50.5,48.71,49696.45,247832961.0,3.6031,1.5499,0.77,11.335026698973879,瑞迪智驱
2026-08-06,301596,49.09,49.5,50.14,48.87,32882.07,162721195.0,2.5173,-1.8831,-0.95,7.49991481016306,瑞迪智驱
2026-08-07,301596,49.5,49.12,50.47,48.11,30224.54,148189170.0,4.7677,-0.7677,-0.38,6.893771443718896,瑞迪智驱
2026-08-10,301596,49.75,48.9,49.86,48.0,18784.98,91470066.0,3.7866,-0.4479,-0.22,4.28457666170703,瑞迪智驱
2026-08-11,301596,49.12,54.71,58.09,47.75,78098.75,412033430.0,21.1452,11.8814,5.81,17.81317209592408,瑞迪智驱
2026-08-12,301596,54.0,56.72,59.5,53.03,66181.41,374499110.0,11.826,3.6739,2.01,15.095002748199052,瑞迪智驱
2026-08-13,301596,56.99,54.68,56.99,54.68,36916.66,205647696.0,4.0726,-3.5966,-2.04,8.420145236469425,瑞迪智驱
2026-08-14,301596,54.34,54.6,54.97,53.69,22851.74,124177905.0,2.3409,-0.1463,-0.08,5.2121445901670915,瑞迪智驱
2026-08-17,301596,54.55,53.99,54.69,53.3,29672.86,159771967.0,2.5458,-1.1172,-0.61,6.767941378809031,瑞迪智驱
2026-08-18,301596,54.42,54.2,54.59,52.83,32785.19,176273917.0,3.2599,0.389,0.21,7.477817912163371,瑞迪智驱
2026-08-19,301596,52.88,47.76,53.0,47.65,35548.31,176487889.0,9.8708,-11.8819,-6.44,8.108044799042991,瑞迪智驱
2026-08-20,301596,48.72,47.8,49.1,47.0,23140.13,110811887.0,4.397,0.0838,0.04,5.277922092377351,瑞迪智驱
2026-08-21,301596,47.24,48.25,48.47,46.61,15769.32,75315287.0,3.8912,0.9414,0.45,3.5967491284520876,瑞迪智驱
2026-08-24,301596,48.12,46.5,48.12,45.82,14836.59,69265992.0,4.7668,-3.6269,-1.75,3.38400718304283,瑞迪智驱
2026-06-25,301598,51.92,50.92,52.79,50.41,7218.0,36839235.0,,,,4.003278273374655,博科测试
2026-06-26,301598,50.79,49.14,50.79,49.11,6096.0,30280231.0,3.2993,-3.4957,-1.78,3.3809897969647964,博科测试
2026-06-29,301598,49.0,48.57,49.6,47.53,6418.0,31036081.0,4.2125,-1.16,-0.57,3.5595788249540785,博科测试
2026-06-30,301598,48.8,49.52,49.81,48.19,4276.0,21016501.0,3.3354,1.9559,0.95,2.3717215359304165,博科测试
2026-07-01,301598,49.5,50.24,50.73,49.3,6698.95,33545638.0,2.8877,1.454,0.72,3.7156323627504824,博科测试
2026-07-02,301598,50.24,52.1,52.94,50.03,8332.17,43174844.0,5.7922,3.7022,1.86,4.621512401785158,博科测试
2026-07-03,301598,52.09,53.62,54.5,51.66,6748.0,36108357.0,5.4511,2.9175,1.52,3.7428383827077765,博科测试
2026-07-06,301598,53.23,52.62,53.89,52.5,5615.0,29752395.0,2.5923,-1.865,-1.0,3.1144098279348196,博科测试
2026-07-07,301598,53.09,51.23,53.09,50.6,4522.0,23382873.0,4.732,-2.6416,-1.39,2.5081676299058335,博科测试
2026-07-08,301598,50.56,49.55,51.89,49.46,5357.0,26805952.0,4.7433,-3.2793,-1.68,2.9713078269362114,博科测试
2026-07-09,301598,49.44,49.05,49.7,47.48,5586.69,27134681.0,4.4803,-1.0091,-0.5,3.098707433949275,博科测试
2026-07-10,301598,48.71,49.83,50.66,48.51,5146.29,25666716.0,4.3833,1.5902,0.78,2.8544356461981626,博科测试
2026-07-13,301598,50.0,49.88,50.0,47.5,6398.98,30901417.0,5.0171,0.1003,0.05,3.549251326938264,博科测试
2026-07-14,301598,48.93,47.79,48.93,46.8,8750.82,41525123.0,4.2702,-4.1901,-2.09,4.853720358056737,博科测试
2026-07-15,301598,47.5,47.48,48.32,47.22,7571.0,36058942.0,2.3017,-0.6487,-0.31,4.199322672714963,博科测试
2026-07-16,301598,47.88,48.02,48.67,47.25,6102.01,29340864.0,2.9907,1.1373,0.54,3.3845342678818433,博科测试
2026-07-17,301598,48.07,46.32,48.98,46.0,6835.97,32573958.0,6.2057,-3.5402,-1.7,3.7916317277769527,博科测试
2026-07-20,301598,46.48,44.95,47.96,44.08,9935.11,45313906.0,8.3765,-2.9577,-1.37,5.510597368764649,博科测试
2026-07-21,301598,44.94,45.49,46.2,43.23,8911.0,40007992.0,6.6073,1.2013,0.54,4.942565623637965,博科测试
2026-07-22,301598,45.6,44.6,45.6,44.28,6986.69,31324948.0,2.9017,-1.9565,-0.89,3.8752299199882323,博科测试
2026-07-23,301598,44.5,45.7,45.73,44.42,4687.0,21158798.0,2.9372,2.4664,1.1,2.5996863514747104,博科测试
2026-07-24,301598,45.5,44.59,45.77,44.5,3758.0,16906448.0,2.779,-2.4289,-1.11,2.0844082160960022,博科测试
2026-07-27,301598,44.56,45.55,45.65,44.15,3820.05,17294165.0,3.364,2.1529,0.96,2.118824801995086,博科测试
2026-07-28,301598,45.7,45.36,46.21,44.9,3925.0,17861418.0,2.876,-0.4171,-0.19,2.177036255502078,博科测试
2026-07-29,301598,45.45,46.33,46.33,45.1,4789.0,21953684.0,2.7116,2.1384,0.97,2.6562615611718345,博科测试
2026-07-30,301598,46.33,45.36,46.6,45.13,4653.0,21349990.0,3.1729,-2.0937,-0.97,2.580827948242336,博科测试
2026-07-31,301598,46.18,46.58,46.93,45.82,5163.6,24026941.0,2.4471,2.6896,1.22,2.8640367920791157,博科测试
2026-08-03,301598,46.6,47.79,47.9,46.16,4579.0,21715356.0,3.7355,2.5977,1.21,2.539783188265991,博科测试
2026-08-04,301598,47.99,48.12,48.6,47.72,5620.28,27073886.0,1.8414,0.6905,0.33,3.1173384270250235,博科测试
2026-08-05,301598,48.85,48.16,49.55,47.81,6099.71,29562268.0,3.616,0.0831,0.04,3.3832585523690644,博科测试
2026-08-06,301598,48.0,48.05,48.75,47.31,5125.0,24573615.0,2.99,-0.2284,-0.11,2.8426269578211842,博科测试
2026-08-07,301598,48.25,47.83,48.25,47.14,4073.5,19395204.0,2.3101,-0.4579,-0.22,2.259403104914067,博科测试
2026-08-10,301598,47.97,48.93,48.97,47.6,5541.75,26880126.0,2.8643,2.2998,1.1,3.073781062147424,博科测试
2026-08-11,301598,48.41,48.72,48.93,47.87,4273.59,20686003.0,2.1664,-0.4292,-0.21,2.3703848079365923,博科测试
2026-08-12,301598,48.69,48.71,49.06,48.18,3703.0,18046610.0,1.8062,-0.0205,-0.01,2.053901975573043,博科测试
2026-08-13,301598,48.52,47.88,48.93,47.88,4372.0,21184770.0,2.1556,-1.704,-0.83,2.424968792115945,博科测试
2026-08-14,301598,47.81,47.96,48.2,47.16,3341.0,15978005.0,2.1721,0.1671,0.08,1.8531154470401126,博科测试
2026-08-17,301598,48.0,48.88,48.95,47.71,4392.84,21295586.0,2.5855,1.9183,0.92,2.4365278839795534,博科测试
2026-08-18,301598,48.99,48.46,48.99,48.0,3912.0,18887025.0,2.0254,-0.8592,-0.42,2.1698256895602874,博科测试
2026-08-19,301598,48.47,47.19,48.47,46.84,4439.5,21035077.0,3.3636,-2.6207,-1.27,2.462408269121395,博科测试
2026-08-20,301598,47.6,47.89,47.97,47.16,4550.0,21705615.0,1.7165,1.4834,0.7,2.5236980796266124,博科测试
2026-08-21,301598,47.49,47.37,47.87,46.81,3431.03,16227136.0,2.2134,-1.0858,-0.52,1.9030513894816037,博科测试
2026-08-24,301598,52.24,55.46,56.84,52.24,35386.3,195738071.0,9.7108,17.0783,8.09,19.627326891228837,博科测试
2026-06-25,301599,48.9,48.0,51.96,47.92,110316.66,548974814.0,,,,20.167381906458832,理奇智能
2026-06-26,301599,46.26,42.96,46.35,42.66,111414.0,486243726.0,7.6875,-10.5,-5.04,20.367990544004908,理奇智能
2026-06-29,301599,42.0,42.33,43.86,41.61,71100.8,303701980.0,5.2374,-1.4665,-0.63,12.998190730708744,理奇智能
2026-06-30,301599,41.68,45.18,45.79,41.62,93977.2,411637870.0,9.8512,6.7328,2.85,17.180306971763496,理奇智能
2026-07-01,301599,44.76,44.97,46.15,44.04,71068.39,319834176.0,4.6702,-0.4648,-0.21,12.992265743063285,理奇智能
2026-07-02,301599,44.37,44.0,46.6,43.78,63260.75,285791253.0,6.2708,-2.157,-0.97,11.564923239509024,理奇智能
2026-07-03,301599,44.25,43.12,44.75,43.11,50569.6,221604134.0,3.7273,-2.0,-0.88,9.244808862567636,理奇智能
2026-07-06,301599,42.89,42.26,44.18,41.9,43405.29,185920464.0,5.2876,-1.9944,-0.86,7.935075809860437,理奇智能
2026-07-07,301599,42.01,40.68,42.71,40.3,40871.95,168365312.0,5.7028,-3.7388,-1.58,7.471946892805584,理奇智能
2026-07-08,301599,40.56,39.16,40.66,38.0,51663.06,202137461.0,6.5388,-3.7365,-1.52,9.444708183481055,理奇智能
2026-07-09,301599,39.09,39.5,39.88,37.73,43584.72,169650043.0,5.4903,0.8682,0.34,7.967878047849476,理奇智能
2026-07-10,301599,39.2,39.63,40.9,39.08,43411.69,173999893.0,4.6076,0.3291,0.13,7.936245816677189,理奇智能
2026-07-13,301599,39.65,36.54,40.41,36.2,51147.34,192402962.0,10.6233,-7.7971,-3.09,9.350427571678638,理奇智能
2026-07-14,301599,36.16,36.59,36.79,35.2,39256.81,141727692.0,4.3514,0.1368,0.05,7.176677391241651,理奇智能
2026-07-15,301599,36.55,35.66,36.89,35.4,32503.42,116763302.0,4.0722,-2.5417,-0.93,5.942066088712549,理奇智能
2026-07-16,301599,35.22,35.85,36.88,34.88,35672.05,128599196.0,5.6085,0.5328,0.19,6.52133463555092,理奇智能
2026-07-17,301599,35.77,33.4,35.98,32.98,38596.98,132427123.0,8.3682,-6.834,-2.45,7.0560515165701485,理奇智能
2026-07-20,301599,33.27,31.1,33.93,30.5,46291.82,148648243.0,10.2695,-6.8862,-2.3,8.46277264997915,理奇智能
2026-07-21,301599,31.28,32.6,32.65,29.21,47894.45,149957912.0,11.0611,4.8232,1.5,8.755755153843465,理奇智能
2026-07-22,301599,32.0,32.86,35.5,32.0,48058.97,160254923.0,10.7362,0.7975,0.26,8.785831641576602,理奇智能
2026-07-23,301599,32.46,33.77,33.91,32.01,42673.01,142174354.0,5.7821,2.7693,0.91,7.80120509239617,理奇智能
2026-07-24,301599,33.0,32.66,33.69,32.56,28244.99,93169053.0,3.3462,-3.2869,-1.11,5.16356731860909,理奇智能
2026-07-27,301599,33.08,33.95,34.07,32.68,35470.46,119190089.0,4.256,3.9498,1.29,6.484481248958877,理奇智能
2026-07-28,301599,33.54,33.19,35.18,32.86,38410.91,129683782.0,6.8336,-2.2386,-0.76,7.022035396508729,理奇智能
2026-07-29,301599,32.77,33.0,33.3,32.32,34134.65,111817730.0,2.9527,-0.5725,-0.19,6.240277060539224,理奇智能
2026-07-30,301599,32.97,31.54,33.09,31.37,34990.27,112503912.0,5.2121,-4.4242,-1.46,6.396696003125088,理奇智能
2026-07-31,301599,32.35,32.88,34.21,32.25,43720.87,145576858.0,6.2143,4.2486,1.34,7.992768114740229,理奇智能
2026-08-03,301599,32.84,33.25,33.37,32.68,26398.13,87283533.0,2.0985,1.1253,0.37,4.825936257736122,理奇智能
2026-08-04,301599,33.44,34.45,34.48,33.08,34728.62,118174194.0,4.2105,3.609,1.2,6.348862833812086,理奇智能
2026-08-05,301599,34.15,35.64,35.75,33.94,43773.63,154075459.0,5.254,3.4543,1.19,8.00241335843583,理奇智能
2026-08-06,301599,34.92,35.18,35.98,34.86,38267.35,135444348.0,3.1425,-1.2907,-0.46,6.9957906811004555,理奇智能
2026-08-07,301599,34.88,35.61,35.75,34.68,30250.15,106858692.0,3.0415,1.2223,0.43,5.530137766840164,理奇智能
2026-08-10,301599,35.68,35.23,35.72,34.7,25274.91,88519102.0,2.8644,-1.0671,-0.38,4.620596405124806,理奇智能
2026-08-11,301599,35.0,35.33,35.88,34.74,26633.03,94048603.0,3.2359,0.2838,0.1,4.86887916418223,理奇智能
2026-08-12,301599,35.29,35.56,35.78,35.29,21597.8,76732309.0,1.3869,0.651,0.23,3.9483708166954705,理奇智能
2026-08-13,301599,35.79,34.74,36.98,34.72,36820.6,132156358.0,6.3555,-2.306,-0.82,6.731305155766663,理奇智能
2026-08-14,301599,34.52,38.0,39.35,34.35,126886.83,471796253.0,14.3926,9.384,3.26,23.196633758762434,理奇智能
2026-08-17,301599,38.66,39.94,40.87,37.5,137967.99,544939341.0,8.8684,5.1053,1.94,25.22242012400025,理奇智能
2026-08-18,301599,39.8,37.98,40.36,37.44,103651.99,401487268.0,7.311,-4.9074,-1.96,18.94898982342696,理奇智能
2026-08-19,301599,36.78,35.3,37.48,35.05,62835.42,227400675.0,6.3981,-7.0563,-2.68,11.487167145857583,理奇智能
2026-08-20,301599,35.97,34.61,36.21,34.37,43792.0,152326906.0,5.2125,-1.9547,-0.69,8.005771643627039,理奇智能
2026-08-21,301599,34.0,34.08,36.21,33.6,56362.61,194267556.0,7.5412,-1.5313,-0.53,10.30384967342916,理奇智能
2026-08-24,301599,33.57,35.37,37.56,33.5,87442.02,310042499.0,11.9131,3.7852,1.29,15.98558741727869,理奇智能
2026-06-25,301600,91.0,88.28,91.0,87.09,15005.12,133002559.0,,,,4.65152440442054,慧翰股份
2026-06-26,301600,88.0,83.6,89.17,83.55,13810.57,118142948.0,6.3661,-5.3013,-4.68,4.281218903544802,慧翰股份
2026-06-29,301600,84.01,87.22,92.1,83.66,23706.2,207476393.0,10.0957,4.3301,3.62,7.348822790892323,慧翰股份
2026-06-30,301600,87.23,91.4,93.3,87.23,23935.61,217203806.0,6.9594,4.7925,4.18,7.419938930824434,慧翰股份
2026-07-01,301600,91.2,89.48,91.2,88.6,14318.21,128642373.0,2.8446,-2.1007,-1.92,4.438585179100082,慧翰股份
2026-07-02,301600,89.39,86.63,90.87,86.09,13829.98,122398177.0,5.342,-3.1851,-2.85,4.287235922315049,慧翰股份
2026-07-03,301600,86.64,86.66,89.21,86.29,10052.67,87990130.0,3.3707,0.0346,0.03,3.116285630143993,慧翰股份
2026-07-06,301600,87.2,83.48,88.25,82.1,12060.23,101395226.0,7.0967,-3.6695,-3.18,3.738620828618814,慧翰股份
2026-07-07,301600,83.4,81.45,84.27,80.62,10023.95,82187562.0,4.3723,-2.4317,-2.03,3.1073825503355703,慧翰股份
2026-07-08,301600,81.45,81.12,82.5,80.62,6953.47,56500110.0,2.3082,-0.4052,-0.33,2.1555466001208985,慧翰股份
2026-07-09,301600,80.68,81.7,82.16,78.3,10462.62,83770767.0,4.7584,0.715,0.58,3.243368414526404,慧翰股份
2026-07-10,301600,81.92,82.75,84.95,80.52,12451.0,103639397.0,5.4223,1.2852,1.05,3.859757893268441,慧翰股份
2026-07-13,301600,82.4,78.4,83.16,77.23,11320.77,90176013.0,7.1662,-5.2568,-4.35,3.509391323217136,慧翰股份
2026-07-14,301600,79.01,78.87,79.77,76.29,8796.21,68745406.0,4.4388,0.5995,0.47,2.726788288358107,慧翰股份
2026-07-15,301600,78.66,79.71,82.5,78.66,8199.25,65714431.0,4.8688,1.065,0.84,2.5417331866019808,慧翰股份
2026-07-16,301600,79.4,82.99,84.45,77.1,12467.48,102430194.0,9.2209,4.1149,3.28,3.864866624300572,慧翰股份
2026-07-17,301600,81.88,79.61,84.99,79.5,13905.43,114390249.0,6.6153,-4.0728,-3.38,4.310625106561061,慧翰股份
2026-07-20,301600,80.75,78.25,82.79,75.0,14739.41,116261686.0,9.7852,-1.7083,-1.36,4.569155416401879,慧翰股份
2026-07-21,301600,79.02,79.35,79.94,74.48,14572.96,113341289.0,6.9776,1.4058,1.1,4.517556612985725,慧翰股份
2026-07-22,301600,77.77,78.2,80.15,77.77,8707.66,68493011.0,2.9994,-1.4493,-1.15,2.699338158934854,慧翰股份
2026-07-23,301600,78.2,80.87,82.0,77.36,9314.09,74243274.0,5.9335,3.4143,2.67,2.8873289210595656,慧翰股份
2026-07-24,301600,80.0,84.11,87.99,79.5,19779.94,168621085.0,10.4983,4.0064,3.24,6.131698622068602,慧翰股份
2026-07-27,301600,84.06,89.26,90.57,82.56,21322.86,185621186.0,9.5232,6.1229,5.15,6.609997365035572,慧翰股份
2026-07-28,301600,89.0,87.5,90.0,86.88,13978.16,122996217.0,3.4954,-1.9718,-1.76,4.3331711021901205,慧翰股份
2026-07-29,301600,87.42,87.89,89.0,85.87,12850.27,112795660.0,3.5771,0.4457,0.39,3.9835299223460483,慧翰股份
2026-07-30,301600,87.89,86.0,88.86,85.5,12064.04,104879463.0,3.823,-2.1504,-1.89,3.739801912674179,慧翰股份
2026-07-31,301600,88.0,89.75,91.5,86.5,17503.39,156595198.0,5.814,4.3605,3.75,5.425977649301735,慧翰股份
2026-08-03,301600,89.89,89.21,92.5,89.1,10479.98,94749963.0,3.7883,-0.6017,-0.54,3.2487499418757846,慧翰股份
2026-08-04,301600,89.5,90.9,91.49,89.11,9151.25,82931665.0,2.6679,1.8944,1.69,2.836849202535766,慧翰股份
2026-08-05,301600,91.14,92.67,96.49,91.14,13912.64,130470652.0,5.8856,1.9472,1.77,4.312860176387619,慧翰股份
2026-08-06,301600,91.8,90.9,93.29,90.04,9569.15,87391367.0,3.5071,-1.91,-1.77,2.9663964536478757,慧翰股份
2026-08-07,301600,91.0,90.19,91.62,89.61,9034.97,81681888.0,2.2112,-0.7811,-0.71,2.8008028891609964,慧翰股份
2026-08-10,301600,90.5,87.88,90.5,87.08,9561.19,84176171.0,3.792,-2.5613,-2.31,2.963928886960026,慧翰股份
2026-08-11,301600,87.87,88.85,89.89,87.32,7803.42,69122386.0,2.9244,1.1038,0.97,2.4190275431281676,慧翰股份
2026-08-12,301600,88.85,88.68,89.5,88.07,5398.83,47970714.0,1.6095,-0.1913,-0.17,1.6736147062014664,慧翰股份
2026-08-13,301600,89.43,87.17,90.9,87.08,8094.54,71948782.0,4.3076,-1.7028,-1.51,2.5092735248074147,慧翰股份
2026-08-14,301600,87.07,87.52,88.88,87.07,5378.47,47231759.0,2.0764,0.4015,0.35,1.6673031914069159,慧翰股份
2026-08-17,301600,87.97,88.55,89.12,86.5,6871.96,60622049.0,2.9936,1.1769,1.03,2.1302788412356435,慧翰股份
2026-08-18,301600,88.13,87.76,89.5,87.5,6288.0,55458579.0,2.2586,-0.8922,-0.79,1.9492536850752515,慧翰股份
2026-08-19,301600,86.95,82.27,87.08,81.72,9777.06,81968222.0,6.1076,-6.2557,-5.49,3.030847683556272,慧翰股份
2026-08-20,301600,82.87,83.8,84.94,82.28,8291.32,69459381.0,3.2333,1.8597,1.53,2.5702745012942327,慧翰股份
2026-08-21,301600,83.79,85.0,85.75,82.12,7746.45,65497225.0,4.3317,1.432,1.2,2.4013670815443993,慧翰股份
2026-08-24,301600,85.03,83.67,85.4,82.81,5267.42,44094969.0,3.0471,-1.5647,-1.33,1.632878156144892,慧翰股份
2026-06-25,301601,16.78,16.05,16.78,15.99,23276.4,37597580.0,,,,2.755255681818182,惠通科技
2026-06-26,301601,16.1,15.58,16.1,15.55,19450.51,30555198.0,3.4268,-2.9283,-0.47,2.3023804450757575,惠通科技
2026-06-29,301601,15.54,15.5,15.69,15.01,23398.0,36040617.0,4.3646,-0.5135,-0.08,2.769649621212121,惠通科技
2026-06-30,301601,15.65,15.62,15.77,15.28,20673.48,32166079.0,3.1613,0.7742,0.12,2.4471448863636365,惠通科技
2026-07-01,301601,15.8,15.94,16.08,15.43,23072.94,36471085.0,4.1613,2.0487,0.32,2.731171875,惠通科技
2026-07-02,301601,15.93,15.86,16.31,15.79,21590.93,34623214.0,3.2622,-0.5019,-0.08,2.5557445549242424,惠通科技
2026-07-03,301601,16.0,16.3,16.48,15.93,30116.92,49090737.0,3.4678,2.7743,0.44,3.564976325757576,惠通科技
2026-07-06,301601,16.24,16.08,16.61,15.99,17648.34,28586516.0,3.8037,-1.3497,-0.22,2.0890553977272726,惠通科技
2026-07-07,301601,16.11,15.58,16.11,15.5,18268.53,28568342.0,3.7935,-3.1095,-0.5,2.162468039772727,惠通科技
2026-07-08,301601,16.1,15.3,16.1,15.12,14610.11,22457088.0,6.2901,-1.7972,-0.28,1.7294164299242423,惠通科技
2026-07-09,301601,15.38,15.09,15.43,14.86,14124.0,21334869.0,3.7255,-1.3725,-0.21,1.671875,惠通科技
2026-07-10,301601,14.98,15.35,15.79,14.93,25325.0,39179308.0,5.6991,1.723,0.26,2.997750946969697,惠通科技
2026-07-13,301601,15.29,15.03,15.37,14.83,24604.05,36904008.0,3.5179,-2.0847,-0.32,2.912411221590909,惠通科技
2026-07-14,301601,14.86,15.17,15.19,14.63,17015.76,25423476.0,3.7259,0.9315,0.14,2.0141761363636363,惠通科技
2026-07-15,301601,15.13,15.38,15.45,15.03,16246.11,24828157.0,2.7686,1.3843,0.21,1.9230717329545455,惠通科技
2026-07-16,301601,15.18,15.64,15.8,15.1,18487.0,28799994.0,4.5514,1.6905,0.26,2.1883285984848486,惠通科技
2026-07-17,301601,15.48,15.13,15.88,14.94,20543.0,31630528.0,6.0102,-3.2609,-0.51,2.4316998106060606,惠通科技
2026-07-20,301601,15.13,14.84,15.56,14.58,19779.59,29714014.0,6.4772,-1.9167,-0.29,2.341334043560606,惠通科技
2026-07-21,301601,14.55,14.6,14.88,14.05,29993.0,43202356.0,5.593,-1.6173,-0.24,3.5503077651515147,惠通科技
2026-07-22,301601,14.58,14.27,14.65,14.16,16393.0,23505627.0,3.3562,-2.2603,-0.33,1.9404592803030303,惠通科技
2026-07-23,301601,14.22,14.74,14.75,14.18,17465.0,25390703.0,3.9944,3.2936,0.47,2.0673532196969697,惠通科技
2026-07-24,301601,14.56,14.15,14.82,14.15,14719.0,21169042.0,4.5455,-4.0027,-0.59,1.742305871212121,惠通科技
2026-07-27,301601,14.14,14.57,14.6,14.05,15895.51,22951348.0,3.8869,2.9682,0.42,1.8815707859848485,惠通科技
2026-07-28,301601,14.48,14.57,14.89,14.44,17140.0,25201744.0,3.0885,0.0,0.0,2.0288825757575757,惠通科技
2026-07-29,301601,14.51,14.89,14.94,14.51,17687.21,26197940.0,2.9513,2.1963,0.32,2.0936564867424243,惠通科技
2026-07-30,301601,14.99,15.22,15.49,14.89,28902.46,43975414.0,4.0296,2.2163,0.33,3.421219223484848,惠通科技
2026-07-31,301601,15.21,15.68,15.76,15.02,28278.8,43795975.0,4.862,3.0223,0.46,3.347395833333333,惠通科技
2026-08-03,301601,15.59,16.1,16.16,15.52,21144.82,33547732.0,4.0816,2.6786,0.42,2.5029379734848485,惠通科技
2026-08-04,301601,16.11,15.92,16.19,15.84,23723.0,37858185.0,2.1739,-1.118,-0.18,2.808120265151515,惠通科技
2026-08-05,301601,15.87,15.75,15.99,15.63,31067.42,49153667.0,2.2613,-1.0678,-0.17,3.6774881628787877,惠通科技
2026-08-06,301601,15.71,15.86,15.96,15.57,19597.0,30879227.0,2.4762,0.6984,0.11,2.319720643939394,惠通科技
2026-08-07,301601,15.89,15.86,15.93,15.4,14219.0,22327947.0,3.3417,0.0,0.0,1.6831202651515151,惠通科技
2026-08-10,301601,15.9,16.38,16.49,15.71,26043.8,42359488.0,4.918,3.2787,0.52,3.0828361742424244,惠通科技
2026-08-11,301601,16.34,16.31,16.37,15.96,15139.0,24477235.0,2.5031,-0.4274,-0.07,1.7920217803030305,惠通科技
2026-08-12,301601,16.31,16.48,16.57,16.26,12064.88,19842177.0,1.9007,1.0423,0.17,1.4281344696969698,惠通科技
2026-08-13,301601,16.54,16.33,16.54,16.28,15881.0,26049089.0,1.5777,-0.9102,-0.15,1.8798532196969697,惠通科技
2026-08-14,301601,16.33,16.24,16.4,16.06,12250.0,19832241.0,2.0821,-0.5511,-0.09,1.4500473484848484,惠通科技
2026-08-17,301601,16.4,16.54,16.6,16.13,15020.0,24740062.0,2.8941,1.8473,0.3,1.7779356060606062,惠通科技
2026-08-18,301601,16.49,16.38,16.53,16.25,13392.0,21918224.0,1.6929,-0.9674,-0.16,1.585227272727273,惠通科技
2026-08-19,301601,16.35,15.93,16.35,15.86,14975.0,24036587.0,2.9915,-2.7473,-0.45,1.7726089015151516,惠通科技
2026-08-20,301601,15.93,16.26,16.39,15.93,13430.69,21738953.0,2.8876,2.0716,0.33,1.5898070549242422,惠通科技
2026-08-21,301601,16.05,16.16,16.23,15.88,10031.61,16105403.0,2.1525,-0.615,-0.1,1.1874538352272728,惠通科技
2026-08-24,301601,16.73,16.03,17.48,15.9,45137.27,74197491.0,9.7772,-0.8045,-0.13,5.342953361742424,惠通科技
2026-06-25,301602,14.82,14.33,14.87,14.11,34605.21,49841470.0,,,,1.6597271499944093,超研股份
2026-06-26,301602,14.28,13.83,14.39,13.74,23318.0,32552657.0,4.5359,-3.4892,-0.5,1.1183725711697643,超研股份
2026-06-29,301602,13.75,14.12,14.33,13.4,27635.67,38648301.0,6.7245,2.0969,0.29,1.3254556700359859,超研股份
2026-06-30,301602,14.18,13.74,14.29,13.71,21502.58,29842992.0,4.1076,-2.6912,-0.38,1.0313018132508598,超研股份
2026-07-01,301602,13.7,14.34,14.46,13.56,30054.06,42377179.0,6.5502,4.3668,0.6,1.4414459368852546,超研股份
2026-07-02,301602,14.46,14.32,14.88,14.3,26680.0,38741848.0,4.0446,-0.1395,-0.02,1.2796200445496744,超研股份
2026-07-03,301602,14.58,14.71,14.99,14.46,26030.24,38339351.0,3.7011,2.7235,0.39,1.2484564043642699,超研股份
2026-07-06,301602,14.67,14.53,14.89,14.46,20548.26,30101977.0,2.9232,-1.2237,-0.18,0.9855309361551086,超研股份
2026-07-07,301602,14.49,13.97,14.49,13.93,19157.54,27013921.0,3.8541,-3.8541,-0.56,0.9188295422886871,超研股份
2026-07-08,301602,14.09,13.81,14.13,13.76,13911.0,19329573.0,2.6485,-1.1453,-0.16,0.667196193393198,超研股份
2026-07-09,301602,13.71,13.63,14.04,13.48,19481.2,26631168.0,4.055,-1.3034,-0.18,0.9343528490210313,超研股份
2026-07-10,301602,13.67,13.93,14.24,13.4,25179.01,35134412.0,6.1629,2.201,0.3,1.2076299062187668,超研股份
2026-07-13,301602,14.0,13.93,14.13,13.8,27786.52,38729709.0,2.369,0.0,0.0,1.3326907031589363,超研股份
2026-07-14,301602,13.8,14.24,14.33,13.69,30240.63,42653264.0,4.5944,2.2254,0.31,1.450394164460653,超研股份
2026-07-15,301602,14.14,14.47,14.75,14.11,30548.62,44481855.0,4.4944,1.6152,0.23,1.465165910244793,超研股份
2026-07-16,301602,14.41,15.46,15.75,14.41,79456.71,120992992.0,9.2605,6.8417,0.99,3.8108845123677124,超研股份
2026-07-17,301602,15.46,14.88,16.33,14.85,67251.25,103756534.0,9.5731,-3.7516,-0.58,3.225489037519539,超研股份
2026-07-20,301602,14.79,14.94,15.17,14.5,49804.74,74308911.0,4.5027,0.4032,0.06,2.388723523897487,超研股份
2026-07-21,301602,14.8,15.2,15.36,14.64,43239.92,64503751.0,4.8193,1.7403,0.26,2.0738631318112577,超研股份
2026-07-22,301602,15.06,14.76,15.15,14.46,37438.0,55228322.0,4.5395,-2.8947,-0.44,1.7955927746570732,超研股份
2026-07-23,301602,14.6,14.81,14.88,14.52,20460.0,30064347.0,2.439,0.3388,0.05,0.9812978302656049,超研股份
2026-07-24,301602,14.7,14.22,14.88,14.22,22900.79,33184108.0,4.4564,-3.9838,-0.59,1.0983624407804626,超研股份
2026-07-27,301602,14.08,14.58,14.68,14.08,19602.4,28490727.0,4.2194,2.5316,0.36,0.9401658156402001,超研股份
2026-07-28,301602,14.5,14.34,14.66,14.26,18375.0,26469493.0,2.7435,-1.6461,-0.24,0.8812975381784209,超研股份
2026-07-29,301602,14.43,14.75,14.77,14.34,26407.74,38619956.0,2.9986,2.8591,0.41,1.2665619728356903,超研股份
2026-07-30,301602,14.74,14.82,14.98,14.53,23835.98,35200411.0,3.0508,0.4746,0.07,1.1432158092010927,超研股份
2026-07-31,301602,14.77,15.02,15.06,14.6,28532.48,42684293.0,3.1039,1.3495,0.2,1.3684682656938791,超研股份
2026-08-03,301602,14.9,15.14,15.18,14.9,24661.6,37176215.0,1.8642,0.7989,0.12,1.1828140063967862,超研股份
2026-08-04,301602,15.08,15.32,15.36,15.08,25460.61,38876604.0,1.8494,1.1889,0.18,1.221135940871885,超研股份
2026-08-05,301602,15.27,15.15,15.34,15.04,27008.55,40920926.0,1.9582,-1.1097,-0.17,1.2953778843411585,超研股份
2026-08-06,301602,15.1,14.94,15.17,14.8,26657.34,39917787.0,2.4422,-1.3861,-0.21,1.2785332308236814,超研股份
2026-08-07,301602,14.95,15.25,15.25,14.71,33998.7,50949683.0,3.6145,2.075,0.31,1.6306378563954653,超研股份
2026-08-10,301602,15.26,15.49,15.77,15.25,36024.19,55966304.0,3.4098,1.5738,0.24,1.7277839435032212,超研股份
2026-08-11,301602,15.5,15.32,15.55,15.22,23158.0,35557468.0,2.1304,-1.0975,-0.17,1.110698687844129,超研股份
2026-08-12,301602,15.25,18.38,18.38,15.25,127243.01,226785824.0,20.4308,19.9739,3.06,6.102800079641479,超研股份
2026-08-13,301602,18.0,20.4,21.28,17.81,294448.49,568242943.0,18.8792,10.9902,2.02,14.122270985434197,超研股份
2026-08-14,301602,19.34,18.9,19.6,18.52,177389.75,336604370.0,5.2941,-7.3529,-1.5,8.507926529147513,超研股份
2026-08-17,301602,18.91,18.85,19.53,18.4,146424.56,275895663.0,5.9788,-0.2646,-0.05,7.022781184046719,超研股份
2026-08-18,301602,18.5,17.8,18.62,17.6,142773.87,256262249.0,5.4111,-5.5703,-1.05,6.847687627058824,超研股份
2026-08-19,301602,17.7,18.13,18.28,17.41,129551.76,231842938.0,4.8876,1.8539,0.33,6.213531817941856,超研股份
2026-08-20,301602,17.63,17.98,19.5,17.42,158635.99,293526842.0,11.4727,-0.8274,-0.15,7.608462990666482,超研股份
2026-08-21,301602,17.63,16.64,17.75,16.55,115775.93,194258621.0,6.6741,-7.4527,-1.34,5.552818617105697,超研股份
2026-08-24,301602,16.6,16.08,16.66,15.94,71053.37,114942397.0,4.3269,-3.3654,-0.56,3.40784544545744,超研股份
2026-06-25,301603,136.99,135.21,138.0,129.51,37811.12,505334158.0,,,,10.020836149208243,乔锋智能
2026-06-26,301603,135.84,126.0,135.84,124.33,30449.0,392627338.0,8.5127,-6.8116,-9.21,8.069701185980255,乔锋智能
2026-06-29,301603,127.0,122.04,128.22,118.7,23203.12,285257263.0,7.5556,-3.1429,-3.96,6.149372556814417,乔锋智能
2026-06-30,301603,122.26,143.8,146.13,122.0,54600.26,754740848.0,19.7722,17.8302,21.76,14.470353143841516,乔锋智能
2026-07-01,301603,142.0,138.86,145.48,135.77,30182.0,422247868.0,6.7524,-3.4353,-4.94,7.998939905916651,乔锋智能
2026-07-02,301603,135.53,144.73,151.73,133.68,51236.89,741030817.0,12.9987,4.2273,5.87,13.57898098456238,乔锋智能
2026-07-03,301603,144.0,159.99,161.39,142.63,77448.91,1197225233.0,12.9621,10.5438,15.26,20.525782813224673,乔锋智能
2026-07-06,301603,160.51,156.05,161.0,150.18,66607.09,1035708653.0,6.7629,-2.4627,-3.94,17.652445504538527,乔锋智能
2026-07-07,301603,152.15,149.08,157.5,146.4,43011.16,653543260.0,7.1131,-4.4665,-6.97,11.398969058503942,乔锋智能
2026-07-08,301603,150.0,134.01,152.5,132.01,52862.68,728285276.0,13.7443,-10.1087,-15.07,14.009853574504739,乔锋智能
2026-07-09,301603,135.14,143.5,143.58,130.51,45026.31,614196461.0,9.753,7.0816,9.49,11.933031206519578,乔锋智能
2026-07-10,301603,144.05,139.07,147.8,138.73,27613.4,396651938.0,6.3206,-3.0871,-4.43,7.318200490293513,乔锋智能
2026-07-13,301603,138.5,128.0,138.5,126.32,34676.24,454110499.0,8.7582,-7.96,-11.07,9.190019214205261,乔锋智能
2026-07-14,301603,128.99,133.68,134.86,126.0,23289.12,304146554.0,6.9219,4.4375,5.68,6.17216457960644,乔锋智能
2026-07-15,301603,135.01,136.9,142.96,134.37,33193.0,458210024.0,6.4258,2.4087,3.22,8.796925727158285,乔锋智能
2026-07-16,301603,134.0,134.74,139.8,132.1,25192.9,340663953.0,5.6245,-1.5778,-2.16,6.676711058106408,乔锋智能
2026-07-17,301603,133.01,113.45,134.48,113.0,40360.13,492277168.0,15.9418,-15.8008,-21.29,10.696383754058173,乔锋智能
2026-07-20,301603,117.95,105.6,119.6,102.32,36390.0,398847702.0,15.2314,-6.9193,-7.85,9.64420592327569,乔锋智能
2026-07-21,301603,107.5,116.12,116.99,95.0,48888.81,523268784.0,20.8239,9.9621,10.52,12.956684555754322,乔锋智能
2026-07-22,301603,113.6,109.8,116.77,109.06,25117.22,284362512.0,6.6397,-5.4426,-6.32,6.656654078049427,乔锋智能
2026-07-23,301603,110.39,107.17,112.84,105.11,24903.83,269154862.0,7.0401,-2.3953,-2.63,6.6001007089379184,乔锋智能
2026-07-24,301603,106.0,104.85,107.66,102.0,16207.0,170140338.0,5.2813,-2.1648,-2.32,4.295236202212947,乔锋智能
2026-07-27,301603,103.83,108.4,108.58,102.09,18380.81,194363713.0,6.1898,3.3858,3.55,4.871346982044657,乔锋智能
2026-07-28,301603,107.0,101.64,108.42,100.8,17818.02,185709159.0,7.0295,-6.2362,-6.76,4.722194394752535,乔锋智能
2026-07-29,301603,101.0,101.75,103.88,95.58,24122.94,239983994.0,8.1661,0.1082,0.11,6.393146491751144,乔锋智能
2026-07-30,301603,100.01,94.1,103.5,93.0,27335.9,264674978.0,10.3194,-7.5184,-7.65,7.244656463261115,乔锋智能
2026-07-31,301603,100.01,100.57,106.86,100.0,29432.14,305513312.0,7.2901,6.8757,6.47,7.800209368581462,乔锋智能
2026-08-03,301603,100.07,99.06,104.25,97.81,18308.83,183576273.0,6.4035,-1.5014,-1.51,4.8522705890147755,乔锋智能
2026-08-04,301603,101.61,114.3,114.49,101.01,43845.35,480493028.0,13.6079,15.3846,15.24,11.620049029351355,乔锋智能
2026-08-05,301603,113.7,119.39,123.0,111.5,31089.7,367487194.0,10.0612,4.4532,5.09,8.239501755780825,乔锋智能
2026-08-06,301603,119.34,121.59,123.98,117.11,20523.66,247952682.0,5.7543,1.8427,2.2,5.439252633671239,乔锋智能
2026-08-07,301603,123.49,125.23,126.42,120.58,22813.41,283334686.0,4.803,2.9937,3.64,6.046090240508845,乔锋智能
2026-08-10,301603,125.76,124.0,125.87,120.88,19769.84,243475072.0,3.9847,-0.9822,-1.23,5.2394726031935335,乔锋智能
2026-08-11,301603,124.23,123.87,127.15,122.11,16177.97,202187361.0,4.0645,-0.1048,-0.13,4.287542569403034,乔锋智能
2026-08-12,301603,124.0,126.01,128.5,123.44,16867.44,212654659.0,4.0849,1.7276,2.14,4.470268336314848,乔锋智能
2026-08-13,301603,126.5,126.07,134.44,126.0,19474.14,252887829.0,6.6979,0.0476,0.06,5.161105148081893,乔锋智能
2026-08-14,301603,127.37,129.1,131.25,125.76,15182.84,194813458.0,4.3547,2.4034,3.03,4.023809713112039,乔锋智能
2026-08-17,301603,129.99,131.02,131.58,127.0,18334.0,237956887.0,3.5476,1.4872,1.92,4.858941231034255,乔锋智能
2026-08-18,301603,130.15,130.01,132.3,128.0,17741.05,230705932.0,3.2819,-0.7709,-1.01,4.701795534353674,乔锋智能
2026-08-19,301603,127.8,116.86,129.0,115.52,27327.71,328840606.0,10.3684,-10.1146,-13.15,7.242485920625455,乔锋智能
2026-08-20,301603,119.0,120.76,122.2,116.46,22268.61,265680774.0,4.9119,3.3373,3.9,5.901705426356589,乔锋智能
2026-08-21,301603,122.5,120.01,123.52,117.07,18781.0,226272844.0,5.3412,-0.6211,-0.75,4.977406744848605,乔锋智能
2026-08-24,301603,120.01,119.0,120.56,114.6,22725.99,266993230.0,4.9663,-0.8416,-1.01,6.022921884317233,乔锋智能
2026-06-25,301606,61.53,62.03,63.17,61.14,28015.32,174513184.0,,,,1.6979105611297274,绿联科技
2026-06-26,301606,61.4,57.75,61.51,57.7,38996.46,230185002.0,6.1422,-6.8999,-4.28,2.3634390498010722,绿联科技
2026-06-29,301606,58.01,56.7,58.32,55.95,39778.85,227233175.0,4.1039,-1.8182,-1.05,2.4108569712784025,绿联科技
2026-06-30,301606,57.0,61.02,62.19,56.66,51858.28,310736694.0,9.7531,7.619,4.32,3.142948975561319,绿联科技
2026-07-01,301606,61.03,60.49,63.3,60.1,32401.49,199176361.0,5.2442,-0.8686,-0.53,1.96374098412366,绿联科技
2026-07-02,301606,60.01,58.58,61.2,58.26,28441.1,169574132.0,4.8603,-3.1575,-1.91,1.723715597756752,绿联科技
2026-07-03,301606,59.0,59.24,60.39,58.69,24216.9,144297575.0,2.902,1.1267,0.66,1.46770160996992,绿联科技
2026-07-06,301606,59.31,58.05,60.0,56.91,26214.7,152339770.0,5.2161,-2.0088,-1.19,1.5887812806295796,绿联科技
2026-07-07,301606,57.69,56.69,58.28,56.36,20288.79,115774695.0,3.3075,-2.3428,-1.36,1.2296326015031491,绿联科技
2026-07-08,301606,56.89,56.55,57.95,56.46,23095.9,131713566.0,2.6283,-0.247,-0.14,1.3997617206869695,绿联科技
2026-07-09,301606,56.4,57.17,57.3,55.01,21188.94,119000198.0,4.0495,1.0964,0.62,1.2841875447128261,绿联科技
2026-07-10,301606,57.0,57.53,58.99,56.89,22674.34,131587494.0,3.6733,0.6297,0.36,1.3742124435004215,绿联科技
2026-07-13,301606,57.1,55.12,57.41,54.74,27524.11,153580038.0,4.6411,-4.1891,-2.41,1.668140041045269,绿联科技
2026-07-14,301606,54.82,56.48,57.12,54.74,24558.39,137724530.0,4.3179,2.4673,1.36,1.4883981245026896,绿联科技
2026-07-15,301606,56.48,58.7,59.7,56.42,36776.82,214312226.0,5.8074,3.9306,2.22,2.2289144326306816,绿联科技
2026-07-16,301606,58.23,61.1,64.2,56.84,52687.27,321323603.0,12.5383,4.0886,2.4,3.1931911600543366,绿联科技
2026-07-17,301606,60.23,56.7,61.58,56.68,36498.83,216145651.0,8.0196,-7.2013,-4.4,2.2120664310055544,绿联科技
2026-07-20,301606,57.88,59.9,61.5,56.65,43015.61,256045135.0,8.5538,5.6437,3.2,2.607025674253855,绿联科技
2026-07-21,301606,59.0,58.69,59.89,56.21,44435.14,259450950.0,6.1436,-2.02,-1.21,2.693058422722925,绿联科技
2026-07-22,301606,58.4,55.83,58.72,55.51,36409.66,206198074.0,5.4694,-4.8731,-2.86,2.2066621491791847,绿联科技
2026-07-23,301606,55.84,54.44,56.65,54.09,30377.46,166862045.0,4.5853,-2.4897,-1.39,1.8410716049038829,绿联科技
2026-07-24,301606,53.5,53.45,54.5,52.6,19637.0,105229362.0,3.4901,-1.8185,-0.99,1.190129889250041,绿联科技
2026-07-27,301606,53.4,51.93,53.45,50.51,47152.48,243262924.0,5.5005,-2.8438,-1.52,2.8577468961788854,绿联科技
2026-07-28,301606,50.61,48.94,51.53,48.13,50341.56,247745759.0,6.5473,-5.7578,-2.99,3.0510258811159696,绿联科技
2026-07-29,301606,48.84,52.44,53.08,47.7,59715.7,301234911.0,10.9931,7.1516,3.5,3.61915972029784,绿联科技
2026-07-30,301606,51.44,51.78,53.2,51.03,32885.57,170985600.0,4.1381,-1.2586,-0.66,1.993079379845418,绿联科技
2026-07-31,301606,52.51,53.28,53.78,52.23,34346.15,182624579.0,2.9934,2.8969,1.5,2.0816000252413964,绿联科技
2026-08-03,301606,52.86,50.72,53.36,50.36,35419.89,181114856.0,5.6306,-4.8048,-2.56,2.1466756512170204,绿联科技
2026-08-04,301606,51.0,52.45,53.11,50.26,30756.91,159626378.0,5.6191,3.4109,1.73,1.8640687422708906,绿联科技
2026-08-05,301606,52.13,54.04,54.33,52.0,30575.65,163518674.0,4.4423,3.0315,1.59,1.8530832076309018,绿联科技
2026-08-06,301606,53.28,53.5,54.22,52.57,30090.35,160711365.0,3.0533,-0.9993,-0.54,1.823670871976115,绿联科技
2026-08-07,301606,53.35,52.86,54.04,52.0,27742.39,146377759.0,3.8131,-1.1963,-0.64,1.6813692284071622,绿联科技
2026-08-10,301606,52.99,53.45,53.79,52.18,31270.38,166038878.0,3.0458,1.1162,0.59,1.895188363100611,绿联科技
2026-08-11,301606,53.45,53.11,53.66,51.9,24760.93,130664309.0,3.2928,-0.6361,-0.34,1.5006733655155073,绿联科技
2026-08-12,301606,52.99,52.75,53.4,52.5,20850.98,110279281.0,1.6946,-0.6778,-0.36,1.2637049711338197,绿联科技
2026-08-13,301606,53.01,51.79,53.5,51.6,27481.66,145015451.0,3.6019,-1.8199,-0.96,1.665567295014884,绿联科技
2026-08-14,301606,51.82,51.56,52.38,50.99,19557.14,100757898.0,2.6839,-0.4441,-0.23,1.1852898539617838,绿联科技
2026-08-17,301606,51.71,52.96,52.98,51.3,27304.67,142827163.0,3.2583,2.7153,1.4,1.6548405501404957,绿联科技
2026-08-18,301606,52.87,53.23,53.99,51.99,30156.6,159594495.0,3.7764,0.5098,0.27,1.827686052765585,绿联科技
2026-08-19,301606,52.45,49.85,52.5,49.59,29752.98,150783524.0,5.4668,-6.3498,-3.38,1.8032240562335735,绿联科技
2026-08-20,301606,49.98,50.51,51.3,49.71,17729.63,89750989.0,3.1896,1.324,0.66,1.0745308646098797,绿联科技
2026-08-21,301606,50.33,50.59,51.45,50.03,17712.0,89803983.0,2.8113,0.1584,0.08,1.0734623719711118,绿联科技
2026-08-24,301606,50.56,48.95,50.9,48.18,30080.29,147133948.0,5.3766,-3.2417,-1.64,1.8230611705611406,绿联科技
2026-06-25,301607,46.51,44.34,47.44,43.7,153307.58,683950585.0,,,,10.099893948451333,富特科技
2026-06-26,301607,43.92,42.26,45.17,42.21,93954.76,406978916.0,6.6757,-4.691,-2.08,6.189733814545878,富特科技
2026-06-29,301607,42.64,43.54,47.49,41.6,189434.53,835358436.0,13.9375,3.0289,1.28,12.479935194167977,富特科技
2026-06-30,301607,43.58,52.25,52.25,43.54,253729.44,1230888793.0,20.0046,20.0046,8.71,16.715679913543386,富特科技
2026-07-01,301607,52.25,51.59,52.25,50.0,184849.57,942441219.0,4.3062,-1.2632,-0.66,12.177878311149593,富特科技
2026-07-02,301607,50.66,52.22,53.2,49.5,180223.91,933386030.0,7.1719,1.2212,0.63,11.873140114632543,富特科技
2026-07-03,301607,53.56,52.0,54.2,50.33,154033.52,803307612.0,7.411,-0.4213,-0.22,10.147718831036649,富特科技
2026-07-06,301607,55.0,54.52,60.03,54.28,243200.11,1376173137.0,11.0577,4.8462,2.52,16.022008300252985,富特科技
2026-07-07,301607,54.16,53.3,55.79,52.8,140384.34,759783226.0,5.4842,-2.2377,-1.22,9.248511691485408,富特科技
2026-07-08,301607,52.75,47.81,53.87,47.79,158673.71,786989285.0,11.4071,-10.3002,-5.49,10.453414263060717,富特科技
2026-07-09,301607,48.25,57.37,57.37,47.11,201042.63,1060171708.0,21.4599,19.9958,9.56,13.244676108759531,富特科技
2026-07-10,301607,60.81,55.56,62.6,55.2,226882.28,1339820923.0,12.8987,-3.155,-1.81,14.946990662711137,富特科技
2026-07-13,301607,55.65,54.0,58.69,53.3,159058.48,882905394.0,9.7012,-2.8078,-1.56,10.478762887013593,富特科技
2026-07-14,301607,54.78,53.9,55.1,51.01,134508.3,711743588.0,7.5741,-0.1852,-0.1,8.861398537413978,富特科技
2026-07-15,301607,54.78,50.16,55.36,49.81,142434.43,729765458.0,10.2968,-6.9388,-3.74,9.38357149469136,富特科技
2026-07-16,301607,49.0,47.26,49.48,46.76,128798.96,618827675.0,5.4226,-5.7815,-2.9,8.48526756909753,富特科技
2026-07-17,301607,46.59,40.35,47.22,40.0,143493.95,622605538.0,15.2772,-14.6212,-6.91,9.453372607175575,富特科技
2026-07-20,301607,42.17,37.96,42.49,36.53,145271.86,572573232.0,14.7708,-5.9232,-2.39,9.570501208709114,富特科技
2026-07-21,301607,38.33,39.79,40.15,34.3,170416.07,645775060.0,15.411,4.8209,1.83,11.227000218200944,富特科技
2026-07-22,301607,39.45,37.64,41.1,37.3,143237.37,560269829.0,9.5501,-5.4034,-2.15,9.43646913254442,富特科技
2026-07-23,301607,37.67,36.62,38.2,36.36,97527.6,362296917.0,4.8884,-2.7099,-1.02,6.425112294166943,富特科技
2026-07-24,301607,35.91,36.15,37.68,35.55,87094.1,318127568.0,5.8165,-1.2835,-0.47,5.737753955387041,富特科技
2026-07-27,301607,35.89,36.93,37.09,34.87,90401.03,326864315.0,6.1411,2.1577,0.78,5.955614300550354,富特科技
2026-07-28,301607,36.31,34.05,36.85,33.8,100471.4,352647479.0,8.2589,-7.7985,-2.88,6.619049657247432,富特科技
2026-07-29,301607,34.49,34.59,34.95,32.63,107455.78,364556226.0,6.8135,1.5859,0.54,7.079180182402708,富特科技
2026-07-30,301607,34.28,31.01,34.68,30.76,144499.07,466401540.0,11.3328,-10.3498,-3.58,9.519589851003097,富特科技
2026-07-31,301607,33.97,32.28,34.39,32.25,156877.96,522924361.0,6.901,4.0955,1.27,10.335110363423585,富特科技
2026-08-03,301607,32.48,31.35,32.97,31.04,86817.95,275380014.0,5.9789,-2.881,-0.93,5.719561210358616,富特科技
2026-08-04,301607,31.91,34.21,34.77,31.66,145374.55,487246825.0,9.9203,9.1228,2.86,9.577266419598011,富特科技
2026-08-05,301607,33.36,36.36,36.92,33.36,121422.49,433911202.0,10.4063,6.2847,2.15,7.99930617883925,富特科技
2026-08-06,301607,36.01,37.17,38.19,35.77,109680.91,406770980.0,6.6557,2.2277,0.81,7.225771610051083,富特科技
2026-08-07,301607,37.0,37.99,38.7,36.2,107417.93,402835480.0,6.7259,2.2061,0.82,7.076686626728887,富特科技
2026-08-10,301607,38.37,40.11,40.26,38.37,128561.8,505881422.0,4.975,5.5804,2.12,8.469643482872865,富特科技
2026-08-11,301607,40.17,40.69,41.48,39.36,122655.89,497384538.0,5.2855,1.446,0.58,8.080562495037181,富特科技
2026-08-12,301607,40.88,41.09,41.99,40.6,96483.55,397854036.0,3.4161,0.983,0.4,6.356330344331974,富特科技
2026-08-13,301607,41.26,43.14,45.53,41.26,138686.41,610383781.0,10.3918,4.989,2.05,9.136652167436472,富特科技
2026-08-14,301607,43.71,44.86,45.0,42.0,106153.44,461890670.0,6.9541,3.987,1.72,6.993382103241677,富特科技
2026-08-17,301607,44.85,45.37,45.41,44.15,89415.1,401838906.0,2.8087,1.1369,0.51,5.890661292743456,富特科技
2026-08-18,301607,45.38,46.68,46.9,44.95,101063.36,466114787.0,4.298,2.8874,1.31,6.658047945666865,富特科技
2026-08-19,301607,45.67,43.08,46.29,42.57,126548.76,561690241.0,7.9692,-7.7121,-3.6,8.337024531389902,富特科技
2026-08-20,301607,43.7,43.5,44.7,43.02,89349.3,391080868.0,3.8997,0.9749,0.42,5.88632639278738,富特科技
2026-08-21,301607,43.3,44.86,44.87,42.66,93555.05,409923565.0,5.0805,3.1264,1.36,6.163400944311181,富特科技
2026-08-24,301607,44.52,42.26,44.85,41.16,125595.9,535292353.0,8.2256,-5.7958,-2.6,8.274250173150595,富特科技
2026-06-25,301608,52.7,51.75,53.62,51.26,13916.38,72313009.0,,,,2.3386376913402844,博实结
2026-06-26,301608,51.78,50.17,52.78,49.86,18313.98,93330993.0,5.6425,-3.0531,-1.58,3.0776512215426814,博实结
2026-06-29,301608,50.62,48.82,50.72,47.51,19938.29,97304656.0,6.3982,-2.6909,-1.35,3.3506153536245114,博实结
2026-06-30,301608,48.81,50.26,50.47,48.01,18968.01,94131472.0,5.0389,2.9496,1.44,3.187560494591225,博实结
2026-07-01,301608,50.96,52.38,53.77,49.64,22352.35,117126701.0,8.2173,4.2181,2.12,3.756296407544922,博实结
2026-07-02,301608,52.01,50.77,53.63,50.55,19027.08,99376267.0,5.8801,-3.0737,-1.61,3.197487165782114,博实结
2026-07-03,301608,51.0,51.29,52.2,50.7,13147.62,67718117.0,2.9545,1.0242,0.52,2.2094481239675368,博实结
2026-07-06,301608,51.29,49.84,51.8,49.01,15053.41,75536188.0,5.4397,-2.8271,-1.45,2.5297147684382537,博实结
2026-07-07,301608,49.98,48.25,50.75,48.07,11607.69,57047212.0,5.3772,-3.1902,-1.59,1.950663990448213,博实结
2026-07-08,301608,48.3,47.63,48.46,46.87,13126.38,62590561.0,3.2953,-1.285,-0.62,2.205878757180767,博实结
2026-07-09,301608,47.2,47.99,48.19,45.76,18044.44,84781455.0,5.1018,0.7558,0.36,3.032355217601724,博实结
2026-07-10,301608,47.67,47.7,49.61,47.5,16784.24,81859381.0,4.3967,-0.6043,-0.29,2.8205795102247317,博实结
2026-07-13,301608,47.01,44.35,47.68,44.16,18332.3,83543243.0,7.3795,-7.0231,-3.35,3.0807298844209123,博实结
2026-07-14,301608,44.64,45.52,45.75,43.69,14549.39,65146188.0,4.6449,2.6381,1.17,2.445014568444482,博实结
2026-07-15,301608,45.5,45.69,46.2,44.88,9813.68,44675041.0,2.8998,0.3735,0.17,1.6491818949146488,博实结
2026-07-16,301608,45.59,45.92,46.94,44.9,10786.48,49652502.0,4.4649,0.5034,0.23,1.8126602381429762,博实结
2026-07-17,301608,45.92,43.52,46.52,43.39,16118.81,72191216.0,6.8162,-5.2265,-2.4,2.7087544753414816,博实结
2026-07-20,301608,44.01,42.32,44.75,41.3,21191.4,90792449.0,7.9274,-2.7574,-1.2,3.5611995915797423,博实结
2026-07-21,301608,42.32,43.73,44.09,41.71,19526.21,84222294.0,5.6238,3.3318,1.41,3.281365604778367,博实结
2026-07-22,301608,43.49,42.69,43.79,42.2,13122.76,56371687.0,3.6359,-2.3782,-1.04,2.2052704187736056,博实结
2026-07-23,301608,42.28,42.88,43.47,42.15,9242.99,39484957.0,3.0921,0.4451,0.19,1.553277849173516,博实结
2026-07-24,301608,42.5,41.8,42.62,41.51,14829.95,62303014.0,2.5886,-2.5187,-1.08,2.492162475492323,博实结
2026-07-27,301608,42.0,43.14,43.42,41.38,15059.67,64388969.0,4.8804,3.2057,1.34,2.530766756954505,博实结
2026-07-28,301608,42.61,42.31,43.16,41.98,8163.77,34713024.0,2.7353,-1.924,-0.83,1.3719157011689156,博实结
2026-07-29,301608,42.3,43.3,43.64,42.2,13479.19,57849912.0,3.4035,2.3399,0.99,2.2651682249792726,博实结
2026-07-30,301608,43.0,42.53,43.46,42.22,11943.49,51159212.0,2.8637,-1.7783,-0.77,2.0070949399301954,博实结
2026-07-31,301608,43.12,44.5,44.86,43.06,17339.88,76713101.0,4.2323,4.632,1.97,2.913954414245484,博实结
2026-08-03,301608,44.74,47.97,48.25,44.01,36184.43,167841248.0,9.5281,7.7978,3.47,6.0807675442654,博实结
2026-08-04,301608,48.92,47.57,49.0,46.44,28783.58,136378777.0,5.3367,-0.8339,-0.4,4.837060002652153,博实结
2026-08-05,301608,47.13,48.0,48.75,47.13,18798.56,90402765.0,3.4055,0.9039,0.43,3.159084543460427,博实结
2026-08-06,301608,48.86,46.72,49.0,46.25,15536.08,73305644.0,5.7292,-2.6667,-1.28,2.610827116224044,博实结
2026-08-07,301608,46.28,46.8,47.16,45.6,17840.1,82670515.0,3.339,0.1712,0.08,2.9980160269610203,博实结
2026-08-10,301608,46.58,46.42,46.88,45.71,17159.64,79350941.0,2.5,-0.812,-0.38,2.8836652113430645,博实结
2026-08-11,301608,46.43,46.07,47.15,45.53,15081.86,69746351.0,3.4899,-0.754,-0.35,2.534495770560834,博实结
2026-08-12,301608,46.07,47.35,47.53,46.04,15588.84,73199258.0,3.2342,2.7784,1.28,2.619693396434495,博实结
2026-08-13,301608,47.53,46.5,48.75,46.5,18519.98,88582468.0,4.7518,-1.7951,-0.85,3.112269373994404,博实结
2026-08-14,301608,46.41,47.82,47.88,46.41,16050.22,76107728.0,3.1613,2.8387,1.32,2.697227974969328,博实结
2026-08-17,301608,47.7,48.5,48.61,47.7,15616.3,75429593.0,1.903,1.422,0.68,2.6243080297661665,博实结
2026-08-18,301608,48.2,48.31,48.42,47.0,12572.2,60127025.0,2.9278,-0.3918,-0.19,2.112749205114284,博实结
2026-08-19,301608,47.69,45.59,47.9,45.11,14571.53,67471247.0,5.7752,-5.6303,-2.72,2.448735179586623,博实结
2026-08-20,301608,45.9,46.38,47.87,45.6,12950.15,60376791.0,4.9792,1.7328,0.79,2.1762634319061696,博实结
2026-08-21,301608,47.0,46.75,47.0,45.55,10505.65,48605863.0,3.1263,0.7978,0.37,1.7654669577885238,博实结
2026-08-24,301608,46.76,45.42,46.76,44.71,9621.96,43690579.0,4.385,-2.8449,-1.33,1.6169634862348226,博实结
2026-06-25,301609,36.0,34.61,36.48,34.55,25298.16,88532044.0,,,,6.903012442698101,山大电力
2026-06-26,301609,34.39,32.62,34.59,32.62,24858.37,82672743.0,5.692,-5.7498,-1.99,6.78300862257149,山大电力
2026-06-29,301609,32.69,32.88,33.0,31.63,19522.48,63364295.0,4.1999,0.7971,0.26,5.327024667103252,山大电力
2026-06-30,301609,32.7,33.21,33.32,32.19,14491.46,47587084.0,3.4367,1.0036,0.33,3.954229425889544,山大电力
2026-07-01,301609,32.96,33.62,33.71,32.86,18303.0,60941325.0,2.5595,1.2346,0.41,4.994269810085134,山大电力
2026-07-02,301609,33.15,33.2,34.16,33.12,18005.57,60597738.0,3.0934,-1.2493,-0.42,4.913111220257585,山大电力
2026-07-03,301609,33.5,34.11,34.5,33.15,18452.28,62860600.0,4.0663,2.741,0.91,5.035003274394237,山大电力
2026-07-06,301609,34.29,33.0,34.88,32.93,18210.54,61395103.0,5.7168,-3.2542,-1.11,4.96904060248854,山大电力
2026-07-07,301609,32.99,31.71,33.19,31.65,15117.25,48634182.0,4.6667,-3.9091,-1.29,4.124986356690679,山大电力
2026-07-08,301609,31.69,30.74,31.7,30.73,12292.25,38150432.0,3.059,-3.059,-0.97,3.3541393800480246,山大电力
2026-07-09,301609,30.8,30.43,30.94,29.55,17183.55,51927651.0,4.5218,-1.0085,-0.31,4.688809757694826,山大电力
2026-07-10,301609,30.34,31.36,32.15,30.15,20954.72,65858763.0,6.5725,3.0562,0.93,5.717834533944553,山大电力
2026-07-13,301609,31.63,29.93,31.63,29.8,15001.09,45434383.0,5.8355,-4.5599,-1.43,4.093290220475879,山大电力
2026-07-14,301609,30.3,30.36,30.46,29.11,14529.78,43423892.0,4.5105,1.4367,0.43,3.9646856581532415,山大电力
2026-07-15,301609,30.3,30.37,30.85,30.0,10446.42,31755553.0,2.7997,0.0329,0.01,2.8504747871643747,山大电力
2026-07-16,301609,30.01,30.61,30.9,29.92,12332.81,37670286.0,3.2269,0.7903,0.24,3.365206832569308,山大电力
2026-07-17,301609,30.42,35.1,35.73,30.4,65021.31,214515712.0,17.4126,14.6684,4.49,17.742116895874265,山大电力
2026-07-20,301609,33.05,37.46,38.0,33.05,79530.65,289738093.0,14.1026,6.7236,2.36,21.701225169177036,山大电力
2026-07-21,301609,36.6,34.89,36.6,33.45,60812.8,210092512.0,8.409,-6.8607,-2.57,16.593756821654658,山大电力
2026-07-22,301609,33.51,36.25,37.59,33.13,69767.01,248270430.0,12.783,3.898,1.36,19.037057956777996,山大电力
2026-07-23,301609,34.57,38.27,39.0,34.25,84105.49,311703744.0,13.1034,5.5724,2.02,8.567709930336127,山大电力
2026-07-24,301609,36.55,34.12,37.13,34.0,61512.03,217983262.0,8.1787,-10.844,-4.15,6.266145411745819,山大电力
2026-07-27,301609,33.6,35.51,36.5,33.18,42951.53,150414982.0,9.7304,4.0739,1.39,4.375412949905293,山大电力
2026-07-28,301609,34.9,36.99,37.25,34.5,62610.35,227434467.0,7.7443,4.1678,1.48,6.378029750933269,山大电力
2026-07-29,301609,36.3,37.96,38.33,35.59,67676.31,254319379.0,7.4074,2.6223,0.97,6.8940920888221,山大电力
2026-07-30,301609,37.4,35.27,37.6,34.91,67214.57,242270596.0,7.0864,-7.0864,-2.69,6.84705527370773,山大电力
2026-07-31,301609,34.71,36.4,36.51,34.68,43353.95,155925841.0,5.1885,3.2039,1.13,4.416406918671967,山大电力
2026-08-03,301609,36.41,37.34,38.67,35.8,67963.62,251293976.0,7.8846,2.5824,0.94,6.923359961110637,山大电力
2026-08-04,301609,37.35,37.15,37.65,36.61,67034.77,249521620.0,2.7852,-0.5088,-0.19,6.828739296409762,山大电力
2026-08-05,301609,36.8,37.06,37.24,36.7,47444.1,175609439.0,1.4536,-0.2423,-0.09,4.833064841615693,山大电力
2026-08-06,301609,37.02,35.97,37.02,35.35,48533.39,174175143.0,4.5062,-2.9412,-1.09,4.944029307193574,山大电力
2026-08-07,301609,35.77,35.76,36.03,34.63,42222.26,148485668.0,3.8921,-0.5838,-0.21,4.301123223742397,山大电力
2026-08-10,301609,35.38,36.16,36.27,35.38,38512.34,138482009.0,2.4888,1.1186,0.4,3.923198804958883,山大电力
2026-08-11,301609,36.11,35.49,36.11,35.06,28444.34,100757613.0,2.9038,-1.8529,-0.67,2.897585571166129,山大电力
2026-08-12,301609,35.47,35.22,35.52,35.02,23893.46,84194444.0,1.4088,-0.7608,-0.27,2.433993720410987,山大电力
2026-08-13,301609,35.4,37.45,37.51,34.9,81514.88,296790094.0,7.4106,6.3316,2.23,8.303808073006385,山大电力
2026-08-14,301609,37.34,35.57,38.35,35.4,61248.0,222281073.0,7.8772,-5.02,-1.88,6.239249040856039,山大电力
2026-08-17,301609,35.27,34.97,35.27,34.1,37719.33,130780973.0,3.2893,-1.6868,-0.6,3.842415973162102,山大电力
2026-08-18,301609,34.8,33.84,34.81,33.57,35907.18,121779081.0,3.5459,-3.2313,-1.13,3.657814759254917,山大电力
2026-08-19,301609,33.5,32.2,33.5,32.03,30481.6,99407234.0,4.344,-4.8463,-1.64,3.105118429397816,山大电力
2026-08-20,301609,32.35,32.69,32.7,32.11,16494.83,53500593.0,1.8323,1.5217,0.49,1.6803055162059728,山大电力
2026-08-21,301609,32.06,32.28,32.54,31.83,14981.97,48318839.0,2.1719,-1.2542,-0.41,1.526192560616411,山大电力
2026-08-24,301609,32.43,33.0,33.0,32.19,22338.97,73008614.0,2.5093,2.2305,0.72,2.27563997430466,山大电力
2026-06-25,301611,157.0,150.42,158.0,149.0,168274.88,2575255075.0,,,,11.47986043208595,珂玛科技
2026-06-26,301611,148.01,167.66,173.77,148.01,214264.36,3483414523.0,17.1254,11.4612,17.24,14.61730323842881,珂玛科技
2026-06-29,301611,170.0,177.0,178.9,158.5,259725.61,4375062832.0,12.1675,5.5708,9.34,17.718709729214407,珂玛科技
2026-06-30,301611,180.0,180.07,186.88,175.0,173992.09,3148279189.0,6.7119,1.7345,3.07,11.870051438818653,珂玛科技
2026-07-01,301611,178.6,184.48,191.56,175.86,180792.21,3325753255.0,8.7188,2.449,4.41,12.3339677823153,珂玛科技
2026-07-02,301611,171.45,154.06,176.0,152.0,254764.65,4090541526.0,13.0095,-16.4896,-30.42,17.380499885326,珂玛科技
2026-07-03,301611,152.92,150.0,156.3,146.02,140930.2,2134159578.0,6.6727,-2.6353,-4.06,9.61451019573936,珂玛科技
2026-07-06,301611,151.36,145.9,152.5,140.37,120081.91,1755876716.0,8.0867,-2.7333,-4.1,8.192202579850568,珂玛科技
2026-07-07,301611,144.84,146.61,151.24,142.06,98998.61,1452187541.0,6.292,0.4866,0.71,6.753862161616351,珂玛科技
2026-07-08,301611,147.77,142.07,148.25,135.46,123385.46,1741820187.0,8.7238,-3.0967,-4.54,8.417576666860553,珂玛科技
2026-07-09,301611,146.4,156.3,157.29,141.0,143171.41,2135988136.0,11.4662,10.0162,14.23,9.767409548722561,珂玛科技
2026-07-10,301611,155.02,145.57,161.56,145.45,149570.33,2324702122.0,10.3071,-6.865,-10.73,10.203955310963163,珂玛科技
2026-07-13,301611,148.48,141.06,149.99,140.0,134918.26,1950079268.0,6.8627,-3.0982,-4.51,9.20436490093262,珂玛科技
2026-07-14,301611,141.71,140.0,144.68,132.01,121000.79,1688081702.0,8.982,-0.7515,-1.06,8.254890216202895,珂玛科技
2026-07-15,301611,142.01,132.54,142.85,130.58,97929.86,1320697838.0,8.7643,-5.3286,-7.46,6.6809501259299156,珂玛科技
2026-07-16,301611,127.23,121.11,132.82,120.03,141968.06,1781625504.0,9.6499,-8.6238,-11.43,9.685314860401371,珂玛科技
2026-07-17,301611,119.09,106.06,121.66,104.77,139710.25,1567405773.0,13.946,-12.4267,-15.05,9.531283025741075,珂玛科技
2026-07-20,301611,110.0,92.35,111.4,89.24,162227.11,1595355504.0,20.8938,-12.9266,-13.71,11.067423470060575,珂玛科技
2026-07-21,301611,94.21,107.17,108.17,84.7,202673.04,1971867567.0,25.4142,16.0476,14.82,13.826717122955131,珂玛科技
2026-07-22,301611,104.99,100.9,108.98,100.0,149296.61,1568517755.0,8.3792,-5.8505,-6.27,10.185281643212903,珂玛科技
2026-07-23,301611,101.95,95.15,102.84,94.1,134789.27,1309499991.0,8.662,-5.6987,-5.75,9.195564972527292,珂玛科技
2026-07-24,301611,93.44,94.6,96.12,91.3,140075.27,1313991511.0,5.0657,-0.578,-0.55,9.556185342715358,珂玛科技
2026-07-27,301611,94.6,100.1,101.0,89.59,136707.99,1313652688.0,12.0613,5.814,5.5,9.326463481170357,珂玛科技
2026-07-28,301611,100.0,93.01,104.28,92.6,139087.83,1363415232.0,11.6683,-7.0829,-7.09,9.488820420593052,珂玛科技
2026-07-29,301611,92.59,88.08,94.1,83.31,155067.46,1364240576.0,11.6009,-5.3005,-4.93,10.578979347204543,珂玛科技
2026-07-30,301611,86.75,78.84,87.68,78.02,142201.88,1163277361.0,10.9673,-10.4905,-9.24,9.701266478819338,珂玛科技
2026-07-31,301611,86.0,84.6,90.8,84.0,163591.41,1427145543.0,8.6251,7.3059,5.76,11.160498455124438,珂玛科技
2026-08-03,301611,84.6,77.45,84.88,76.5,131905.22,1050463734.0,9.9054,-8.4515,-7.15,8.998809925489665,珂玛科技
2026-08-04,301611,78.0,85.55,87.06,76.93,155345.4,1277411303.0,13.0794,10.4584,8.1,10.59794091089922,珂玛科技
2026-08-05,301611,86.0,93.73,95.53,85.8,152053.86,1385429826.0,11.3735,9.5617,8.18,10.373386167560433,珂玛科技
2026-08-06,301611,91.5,95.57,98.5,90.1,136821.4,1298209263.0,8.9619,1.9631,1.84,9.334200514122122,珂玛科技
2026-08-07,301611,95.84,100.94,101.98,93.1,125519.84,1238880215.0,9.2916,5.6189,5.37,8.563187886255559,珂玛科技
2026-08-10,301611,101.01,105.02,106.98,101.01,152823.93,1588988404.0,5.9144,4.042,4.08,10.425921719673699,珂玛科技
2026-08-11,301611,102.72,103.5,107.33,100.5,109746.41,1139814013.0,6.5035,-1.4473,-1.52,7.487096292283642,珂玛科技
2026-08-12,301611,104.22,106.21,109.5,103.23,121839.52,1303073924.0,6.058,2.6184,2.71,8.312109876264916,珂玛科技
2026-08-13,301611,107.65,102.97,108.78,102.94,101578.42,1080203128.0,5.4985,-3.0506,-3.24,6.92986141194077,珂玛科技
2026-08-14,301611,104.05,105.33,106.86,103.47,75963.83,798904086.0,3.2922,2.2919,2.36,5.182388288971502,珂玛科技
2026-08-17,301611,105.99,109.09,111.2,103.27,97635.16,1055373544.0,7.5287,3.5697,3.76,6.660845165072099,珂玛科技
2026-08-18,301611,109.12,113.58,115.49,109.12,148163.01,1669847278.0,5.8392,4.1159,4.49,10.107945424589143,珂玛科技
2026-08-19,301611,109.14,103.83,111.31,102.42,140047.6,1495327830.0,7.8271,-8.5843,-9.75,9.554297645847573,珂玛科技
2026-08-20,301611,104.01,99.8,105.0,98.61,156183.13,1568728442.0,6.1543,-3.8813,-4.03,10.655092349173463,珂玛科技
2026-08-21,301611,99.91,98.27,101.8,95.64,107779.5,1060395107.0,6.1723,-1.5331,-1.53,7.352910175687613,珂玛科技
2026-08-24,301611,103.61,102.9,106.0,97.76,180934.72,1855571769.0,8.3851,4.7115,4.63,12.34369006929137,珂玛科技
2026-06-25,301613,39.77,37.32,39.9,37.2,16931.07,64360057.0,,,,2.0179759664358743,新铝时代
2026-06-26,301613,37.32,36.38,37.32,36.32,13873.47,50936811.0,2.6795,-2.5188,-0.94,1.653547533089705,新铝时代
2026-06-29,301613,36.41,35.84,37.35,35.0,18048.67,64474514.0,6.4596,-1.4843,-0.54,2.15118018448522,新铝时代
2026-06-30,301613,36.2,36.43,37.37,35.38,13042.64,47720969.0,5.5525,1.6462,0.59,1.5545227831953439,新铝时代
2026-07-01,301613,36.6,37.21,37.33,36.06,13294.95,48827048.0,3.4861,2.1411,0.78,1.5845950418353139,新铝时代
2026-07-02,301613,37.38,39.94,42.49,37.3,44219.17,180748361.0,13.9479,7.3367,2.73,5.27038293006539,新铝时代
2026-07-03,301613,39.4,40.42,40.84,39.4,25266.0,102048815.0,3.6054,1.2018,0.48,3.0113974348915216,新铝时代
2026-07-06,301613,40.32,39.95,41.83,39.94,18791.5,76368441.0,4.6759,-1.1628,-0.47,2.2397164132733334,新铝时代
2026-07-07,301613,39.73,41.4,42.67,39.71,39284.56,163778208.0,7.4093,3.6295,1.45,4.6822379171551525,新铝时代
2026-07-08,301613,40.99,41.0,41.6,40.19,22279.05,91351864.0,3.4058,-0.9662,-0.4,2.6553896153653116,新铝时代
2026-07-09,301613,40.78,41.06,41.29,39.25,23049.0,93056269.0,4.9756,0.1463,0.06,2.7471582156579863,新铝时代
2026-07-10,301613,41.07,40.53,41.79,40.47,21117.0,86780827.0,3.2148,-1.2908,-0.53,2.5168875022799124,新铝时代
2026-07-13,301613,40.6,39.49,41.98,39.31,19842.55,79856878.0,6.5877,-2.566,-1.04,2.364988687236079,新铝时代
2026-07-14,301613,39.31,40.14,41.23,39.0,18727.44,75020415.0,5.647,1.646,0.65,2.2320812466589444,新铝时代
2026-07-15,301613,39.96,38.77,40.17,38.3,18002.97,69936730.0,4.6587,-3.4131,-1.37,2.1457333047743616,新铝时代
2026-07-16,301613,38.41,39.06,39.38,38.3,10635.5,41452321.0,2.7857,0.748,0.29,1.267621207107923,新铝时代
2026-07-17,301613,39.06,36.93,39.28,36.69,15035.5,56911169.0,6.6308,-5.4531,-2.13,1.792047262420307,新铝时代
2026-07-20,301613,37.04,36.66,38.39,35.96,12046.5,44424798.0,6.58,-0.7311,-0.27,1.435795108027417,新铝时代
2026-07-21,301613,36.69,39.91,40.4,36.18,33110.28,127805310.0,11.5112,8.8652,3.25,3.9463394387928465,新铝时代
2026-07-22,301613,39.27,38.73,40.18,38.17,17154.09,66847485.0,5.0363,-2.9567,-1.18,2.044557216175822,新铝时代
2026-07-23,301613,38.38,38.89,38.95,37.9,10183.07,39177896.0,2.7111,0.4131,0.16,1.2136970979704271,新铝时代
2026-07-24,301613,38.88,37.45,38.88,37.45,8274.0,31424494.0,3.677,-3.7028,-1.44,0.9861593594669695,新铝时代
2026-07-27,301613,37.22,38.0,38.08,37.22,6196.5,23399051.0,2.2964,1.4686,0.55,0.7385468299416337,新铝时代
2026-07-28,301613,37.56,37.18,38.13,37.17,6447.0,24175746.0,2.5263,-2.1579,-0.82,0.7684033587724864,新铝时代
2026-07-29,301613,37.18,37.67,37.75,36.96,7240.0,27123790.0,2.1248,1.3179,0.49,0.8629192364685593,新铝时代
2026-07-30,301613,37.42,36.48,38.05,36.37,10589.0,39368128.0,4.4598,-3.159,-1.19,1.26207897720519,新铝时代
2026-07-31,301613,36.99,37.02,37.62,36.88,10352.0,38593968.0,2.0285,1.4803,0.54,1.2338314828622272,新铝时代
2026-08-03,301613,37.11,38.18,38.3,37.02,12561.0,47469210.0,3.4576,3.1334,1.16,1.4971172001770128,新铝时代
2026-08-04,301613,38.4,38.77,38.88,38.05,15062.5,58053505.0,2.1739,1.5453,0.59,1.7952653313960878,新铝时代
2026-08-05,301613,38.78,39.18,40.12,38.77,18695.52,73755564.0,3.4821,1.0575,0.41,2.228276774003133,新铝时代
2026-08-06,301613,39.19,38.33,39.3,37.88,12018.64,46234400.0,3.6243,-2.1695,-0.85,1.432474537595371,新铝时代
2026-08-07,301613,38.9,40.39,41.16,38.69,43043.76,173281355.0,6.444,5.3744,2.06,5.130288468775679,新铝时代
2026-08-10,301613,40.0,39.59,40.21,39.3,20468.5,81169794.0,2.253,-1.9807,-0.8,2.4395942529912578,新铝时代
2026-08-11,301613,39.57,39.31,39.75,38.65,15337.01,59996954.0,2.7785,-0.7072,-0.28,1.8279835578605883,新铝时代
2026-08-12,301613,39.62,39.45,39.86,39.22,9906.0,39067144.0,1.6281,0.3561,0.14,1.1806737508919265,新铝时代
2026-08-13,301613,39.55,39.02,39.79,38.9,12483.8,49110067.0,2.256,-1.09,-0.43,1.4879159066610774,新铝时代
2026-08-14,301613,38.88,39.0,39.3,38.55,9332.01,36300535.0,1.9221,-0.0513,-0.02,1.1122611800990276,新铝时代
2026-08-17,301613,39.0,39.65,40.28,38.6,17043.35,67619168.0,4.3077,1.6667,0.65,2.0313583658655276,新铝时代
2026-08-18,301613,39.61,38.89,39.75,38.55,13658.08,53084568.0,3.0265,-1.9168,-0.76,1.6278756858047652,新铝时代
2026-08-19,301613,38.6,37.39,38.6,37.27,12521.82,47309746.0,3.4199,-3.857,-1.5,1.4924474245299357,新铝时代
2026-08-20,301613,37.7,37.43,38.0,37.37,6632.5,24962955.0,1.6849,0.107,0.04,0.7905126845134971,新铝时代
2026-08-21,301613,36.95,36.99,37.43,36.61,8463.0,31340059.0,2.1908,-1.1755,-0.44,1.0086858422974334,新铝时代
2026-08-24,301613,37.01,36.49,37.69,36.31,9129.78,33421309.0,3.7307,-1.3517,-0.5,1.0881578434704313,新铝时代
2026-06-25,301616,35.7,35.06,36.14,34.87,6730.0,23712822.0,,,,2.369568876835971,浙江华业
2026-06-26,301616,34.8,33.71,34.99,33.5,8319.0,28310052.0,4.2499,-3.8505,-1.35,2.92904063690913,浙江华业
2026-06-29,301616,33.99,33.5,34.28,32.76,8034.67,26885805.0,4.509,-0.623,-0.21,2.8289307529937107,浙江华业
2026-06-30,301616,33.5,33.52,33.95,33.01,4598.62,15445275.0,2.806,0.0597,0.02,1.6191302865372115,浙江华业
2026-07-01,301616,33.59,34.6,34.75,33.51,8263.0,28322604.0,3.6993,3.222,1.08,2.9093235704748337,浙江华业
2026-07-02,301616,34.89,34.85,35.58,34.41,6783.0,23819513.0,3.3815,0.7225,0.25,2.3882296718541447,浙江华业
2026-07-03,301616,34.87,36.59,37.18,34.87,9280.83,33599673.0,6.6284,4.9928,1.74,3.2676918156323307,浙江华业
2026-07-06,301616,36.81,36.07,36.95,35.7,8156.84,29486156.0,3.4162,-1.4212,-0.52,2.8719456459629606,浙江华业
2026-07-07,301616,36.01,35.11,36.3,34.6,4817.0,16960182.0,4.7131,-2.6615,-0.96,1.6960198038215266,浙江华业
2026-07-08,301616,34.8,33.88,35.18,33.8,5453.0,18666039.0,3.9305,-3.5033,-1.23,1.9199493440396065,浙江华业
2026-07-09,301616,34.0,33.3,34.34,32.66,6804.0,22693204.0,4.9587,-1.7119,-0.58,2.395623571767006,浙江华业
2026-07-10,301616,33.71,36.2,37.05,33.01,17357.36,61698671.0,12.1321,8.7087,2.9,6.111361075785679,浙江华业
2026-07-13,301616,36.0,34.34,36.67,34.2,10058.25,35321137.0,6.8232,-5.1381,-1.86,3.54141399040645,浙江华业
2026-07-14,301616,34.34,35.55,35.83,33.53,8656.0,30071425.0,6.6977,3.5236,1.21,3.0476951259869494,浙江华业
2026-07-15,301616,35.05,35.45,36.22,34.8,6119.47,21747861.0,3.9944,-0.2813,-0.1,2.154607080940776,浙江华业
2026-07-16,301616,35.45,36.2,36.6,35.21,7232.89,26080645.0,3.921,2.1157,0.75,2.546631654320673,浙江华业
2026-07-17,301616,36.2,34.39,36.5,34.18,7656.14,26948118.0,6.4088,-5.0,-1.81,2.695653946612029,浙江华业
2026-07-20,301616,34.61,33.02,35.3,32.4,10948.0,36835666.0,8.4327,-3.9837,-1.37,3.8546864879049356,浙江华业
2026-07-21,301616,33.5,32.79,33.5,31.3,9828.09,31845890.0,6.6626,-0.6965,-0.23,3.4603768473614918,浙江华业
2026-07-22,301616,32.79,31.92,32.79,31.4,7760.94,24873463.0,4.2391,-2.6532,-0.87,2.732553028081926,浙江华业
2026-07-23,301616,31.72,32.85,32.85,31.6,6479.0,20941794.0,3.916,2.9135,0.93,2.2811941683536787,浙江华业
2026-07-24,301616,33.19,32.09,33.19,31.84,4735.0,15306424.0,4.1096,-2.3135,-0.76,1.667148385114164,浙江华业
2026-07-27,301616,32.1,33.21,34.6,31.55,9053.8,30230704.0,9.5045,3.4902,1.12,3.187756715764861,浙江华业
2026-07-28,301616,32.85,32.56,33.58,32.0,7358.0,24031311.0,4.7576,-1.9572,-0.65,2.5906816932777232,浙江华业
2026-07-29,301616,32.4,33.17,33.27,32.4,6055.0,19938517.0,2.672,1.8735,0.61,2.1319078082082923,浙江华业
2026-07-30,301616,32.84,32.75,33.55,32.6,5749.0,19041425.0,2.864,-1.2662,-0.42,2.024168123763744,浙江华业
2026-07-31,301616,33.19,33.63,34.29,33.18,8611.0,29155669.0,3.3893,2.687,0.88,3.031851054745104,浙江华业
2026-08-03,301616,33.52,34.42,34.6,33.52,5725.0,19606612.0,3.2114,2.3491,0.79,2.01571795243476,浙江华业
2026-08-04,301616,34.4,34.44,34.76,34.29,7007.0,24187882.0,1.3655,0.0581,0.02,2.46709793759133,浙江华业
2026-08-05,301616,34.32,34.78,34.96,34.28,6667.0,23132137.0,1.9744,0.9872,0.34,2.3473871770973878,浙江华业
2026-08-06,301616,34.75,34.8,35.08,34.14,5541.2,19221446.0,2.7027,0.0575,0.02,1.9510037236736233,浙江华业
2026-08-07,301616,34.78,35.04,35.18,34.18,6160.88,21335836.0,2.8736,0.6897,0.24,2.1691871473879942,浙江华业
2026-08-10,301616,34.99,35.6,35.7,34.88,6593.5,23358638.0,2.3402,1.5982,0.56,2.321508527402374,浙江华业
2026-08-11,301616,35.49,35.24,35.5,34.8,5048.0,17733739.0,1.9663,-1.0112,-0.36,1.7773527028629992,浙江华业
2026-08-12,301616,35.24,35.66,35.74,35.11,6022.58,21420323.0,1.7877,1.1918,0.42,2.1204930351047224,浙江华业
2026-08-13,301616,36.37,35.78,36.37,35.1,5831.76,20717773.0,3.5614,0.3365,0.12,2.053307131229858,浙江华业
2026-08-14,301616,35.68,35.01,35.68,34.83,6332.08,22225273.0,2.3756,-2.152,-0.77,2.2294650362014146,浙江华业
2026-08-17,301616,34.9,35.59,35.77,34.9,6389.0,22650637.0,2.485,1.6567,0.58,2.249506025869988,浙江华业
2026-08-18,301616,35.55,35.3,35.99,35.07,5095.0,18030215.0,2.585,-0.8148,-0.29,1.7939009550489264,浙江华业
2026-08-19,301616,35.02,33.78,35.16,33.6,6333.0,21626829.0,4.4193,-4.3059,-1.52,2.229788959435692,浙江华业
2026-08-20,301616,33.9,34.53,34.7,33.85,4416.0,15198245.0,2.5163,2.2202,0.75,1.5548315245330833,浙江华业
2026-08-21,301616,34.3,34.48,34.73,33.87,3408.0,11726783.0,2.4906,-0.1448,-0.05,1.199924328715749,浙江华业
2026-08-24,301616,34.49,34.5,35.51,34.02,3840.0,13212228.0,4.3213,0.058,0.02,1.3520274126374636,浙江华业
2026-06-25,301617,59.01,56.6,63.95,56.6,76185.2,456439093.0,,,,11.049019607843137,博苑新材
2026-06-26,301617,56.61,57.3,58.27,55.0,40092.94,228360207.0,5.7774,1.2367,0.7,5.814615964729087,博苑新材
2026-06-29,301617,57.5,58.76,58.8,55.1,43566.44,247778805.0,6.4572,2.548,1.46,6.318372200951386,博苑新材
2026-06-30,301617,58.89,58.85,59.28,57.5,31477.09,184048013.0,3.0293,0.1532,0.09,4.5650728042696365,博苑新材
2026-07-01,301617,58.59,65.4,67.86,57.2,100284.15,640522947.0,18.1138,11.13,6.55,14.544052384267317,博苑新材
2026-07-02,301617,64.2,66.21,69.9,62.66,75959.11,503895856.0,11.0703,1.2385,0.81,11.016230131105695,博苑新材
2026-07-03,301617,65.57,61.78,66.88,61.3,56449.38,357969571.0,8.4277,-6.6908,-4.43,8.186764705882354,博苑新材
2026-07-06,301617,61.4,65.38,67.55,60.6,51126.76,327771686.0,11.2496,5.8271,3.6,7.414833507367444,博苑新材
2026-07-07,301617,64.3,66.75,67.49,62.62,47438.17,309539380.0,7.4488,2.0954,1.37,6.87988310708899,博苑新材
2026-07-08,301617,66.76,60.8,66.76,60.1,51525.41,324693235.0,9.9775,-8.9139,-5.95,7.472649089221488,博苑新材
2026-07-09,301617,60.68,55.19,60.68,54.12,63754.89,363110579.0,10.7895,-9.227,-5.61,9.24627131917856,博苑新材
2026-07-10,301617,55.3,53.67,55.99,53.18,41598.77,227316136.0,5.0915,-2.7541,-1.52,6.033004118807287,博苑新材
2026-07-13,301617,53.0,48.88,53.65,47.08,43296.42,215841887.0,12.2415,-8.9249,-4.79,6.2792116254785935,博苑新材
2026-07-14,301617,49.98,51.91,52.23,48.9,27770.43,142054353.0,6.8126,6.1989,3.03,4.0275017403411075,博苑新材
2026-07-15,301617,51.92,50.84,52.37,50.66,17742.8,91134024.0,3.2942,-2.0613,-1.07,2.573210349228449,博苑新材
2026-07-16,301617,50.79,49.09,52.37,48.82,18066.51,90933429.0,6.9827,-3.4422,-1.75,2.6201575008701705,博苑新材
2026-07-17,301617,49.49,44.86,49.76,44.6,21955.52,101879921.0,10.5113,-8.6168,-4.23,3.1841744982016476,博苑新材
2026-07-20,301617,45.66,44.08,45.87,40.81,29752.42,128152242.0,11.2795,-1.7387,-0.78,4.3149466295393895,博苑新材
2026-07-21,301617,43.53,45.86,46.68,43.53,22909.68,103519644.0,7.1461,4.0381,1.78,3.322554820744866,博苑新材
2026-07-22,301617,45.61,46.21,47.9,45.61,19803.95,92716247.0,4.9935,0.7632,0.35,2.8721356885949647,博苑新材
2026-07-23,301617,45.74,46.03,46.43,45.11,10583.45,48409407.0,2.8565,-0.3895,-0.18,1.5349010906137601,博苑新材
2026-07-24,301617,45.36,45.31,45.95,44.1,14108.03,63451969.0,4.0191,-1.5642,-0.72,2.0460653788142475,博苑新材
2026-07-27,301617,45.31,46.2,46.46,44.81,10060.53,45939786.0,3.6416,1.9642,0.89,1.4590628263139576,博苑新材
2026-07-28,301617,45.6,44.62,46.15,44.11,10766.4,48398868.0,4.4156,-3.4199,-1.58,1.5614340410720502,博苑新材
2026-07-29,301617,44.96,45.15,45.45,43.19,11785.49,52322178.0,5.065,1.1878,0.53,1.7092310592876203,博苑新材
2026-07-30,301617,44.01,42.67,45.05,42.08,11742.85,51014754.0,6.5781,-5.4928,-2.48,1.7030470472212553,博苑新材
2026-07-31,301617,44.8,45.12,46.0,43.6,15820.68,71332816.0,5.6246,5.7417,2.45,2.294448311869126,博苑新材
2026-08-03,301617,44.7,45.48,45.68,43.9,11340.55,50780455.0,3.945,0.7979,0.36,1.6447021116138765,博苑新材
2026-08-04,301617,45.21,46.98,47.38,45.21,14288.2,66627427.0,4.7713,3.2982,1.5,2.072195150249449,博苑新材
2026-08-05,301617,46.98,48.76,49.27,46.6,17830.9,86073433.0,5.6833,3.7888,1.78,2.58598735352129,博苑新材
2026-08-06,301617,48.1,47.7,49.16,47.05,17185.7,82641563.0,4.3273,-2.1739,-1.06,2.4924150133426153,博苑新材
2026-08-07,301617,47.9,48.65,48.99,47.22,15713.94,75938955.0,3.7107,1.9916,0.95,2.278967977723634,博苑新材
2026-08-10,301617,48.59,47.91,48.86,46.5,17538.51,83219070.0,4.851,-1.5211,-0.74,2.5435824921684653,博苑新材
2026-08-11,301617,47.8,47.07,48.12,46.88,10215.5,48258105.0,2.5882,-1.7533,-0.84,1.4815378814247593,博苑新材
2026-08-12,301617,47.26,49.47,49.95,46.75,24062.49,117837636.0,6.7984,5.0988,2.4,3.489745040027845,博苑新材
2026-08-13,301617,49.38,48.02,49.84,48.02,15449.62,75490558.0,3.679,-2.9311,-1.45,2.2406340642765983,博苑新材
2026-08-14,301617,48.0,47.53,48.81,46.94,12324.7,58739410.0,3.8942,-1.0204,-0.49,1.7874318366399813,博苑新材
2026-08-17,301617,47.53,50.74,50.8,46.96,27662.26,136594614.0,8.0791,6.7536,3.21,4.011814015547047,博苑新材
2026-08-18,301617,50.29,50.67,50.99,49.55,14483.29,73065598.0,2.838,-0.138,-0.07,2.1004887457941757,博苑新材
2026-08-19,301617,50.0,46.73,50.77,46.5,21474.71,103377030.0,8.4271,-7.7758,-3.94,3.114443380902657,博苑新材
2026-08-20,301617,48.12,49.01,49.98,46.2,23682.47,114289854.0,8.089,4.8791,2.28,3.4346313377421973,博苑新材
2026-08-21,301617,48.99,49.5,50.18,48.23,21057.6,104078058.0,3.9788,0.9998,0.49,3.0539505743125654,博苑新材
2026-08-24,301617,49.54,48.11,50.11,47.29,14779.76,71631560.0,5.697,-2.8081,-1.39,2.143485323123332,博苑新材
2026-06-25,301618,42.93,45.77,46.16,42.86,52284.88,236488635.0,,,,10.858431542120334,长联科技
2026-06-26,301618,45.16,47.47,48.99,45.0,54449.0,256414390.0,8.7175,3.7142,1.7,11.307872161835506,长联科技
2026-06-29,301618,47.67,47.71,49.49,46.55,46481.68,222158579.0,6.1934,0.5056,0.24,9.65323321470268,长联科技
2026-06-30,301618,47.58,45.97,47.58,45.52,41448.68,191106589.0,4.3178,-3.647,-1.74,8.607988663094421,长联科技
2026-07-01,301618,45.57,48.27,51.0,44.58,49668.15,240178497.0,13.9656,5.0033,2.3,10.314993676924649,长联科技
2026-07-02,301618,47.58,47.59,48.21,46.0,30204.13,142428858.0,4.5784,-1.4087,-0.68,6.272740377223837,长联科技
2026-07-03,301618,48.15,44.6,48.15,44.51,32485.18,148726628.0,7.6487,-6.2828,-2.99,6.746464812837988,长联科技
2026-07-06,301618,44.39,41.17,44.81,41.0,35649.3,151759568.0,8.5426,-7.6906,-3.43,7.403583666530561,长联科技
2026-07-07,301618,41.2,39.02,41.5,38.01,30429.33,119445964.0,8.477,-5.2222,-2.15,6.319509515515548,长联科技
2026-07-08,301618,39.47,36.9,39.47,36.61,24127.04,90308026.0,7.3296,-5.4331,-2.12,5.010661058302112,长联科技
2026-07-09,301618,37.01,41.77,43.3,37.0,62106.12,251987337.0,17.0732,13.1978,4.87,12.898089320788545,长联科技
2026-07-10,301618,42.27,42.57,44.44,41.48,38861.64,166651144.0,7.0864,1.9153,0.8,8.070716764665525,长联科技
2026-07-13,301618,42.99,40.1,42.99,40.02,25113.76,102611281.0,6.9767,-5.8022,-2.47,5.215581325332294,长联科技
2026-07-14,301618,40.48,41.59,42.3,40.1,26516.76,110045952.0,5.4863,3.7157,1.49,5.506953887602588,长联科技
2026-07-15,301618,41.45,41.2,41.45,39.69,22147.48,89664272.0,4.2318,-0.9377,-0.39,4.599549533449809,长联科技
2026-07-16,301618,41.09,41.1,41.88,40.46,16431.04,67647118.0,3.4466,-0.2427,-0.1,3.4123693696120347,长联科技
2026-07-17,301618,41.09,38.5,41.75,38.3,22634.12,90765724.0,8.3942,-6.326,-2.6,4.7006140692325715,长联科技
2026-07-20,301618,38.98,33.96,39.18,33.48,36522.02,130386473.0,14.8052,-11.7922,-4.54,7.58482861488732,长联科技
2026-07-21,301618,34.18,33.08,34.66,31.06,25202.47,82791721.0,10.6007,-2.5913,-0.88,5.234004461468429,长联科技
2026-07-22,301618,33.28,32.17,33.48,32.02,15753.72,51274065.0,4.4135,-2.7509,-0.91,3.2717047481744617,长联科技
2026-07-23,301618,31.88,32.82,32.82,31.84,12847.92,41557565.0,3.0463,2.0205,0.65,2.6682333358829298,长联科技
2026-07-24,301618,32.43,30.8,32.52,30.8,16675.48,52474286.0,5.2407,-6.1548,-2.02,3.463134237125471,长联科技
2026-07-27,301618,30.6,31.5,31.63,30.0,15477.63,47992696.0,5.2922,2.2727,0.7,3.214366864555641,长联科技
2026-07-28,301618,31.04,30.85,31.76,30.7,14574.24,45366155.0,3.3651,-2.0635,-0.65,3.0267524247627966,长联科技
2026-07-29,301618,30.79,30.8,30.96,30.08,16222.34,49544017.0,2.8525,-0.1621,-0.05,3.369026922180951,长联科技
2026-07-30,301618,30.48,30.07,30.83,29.6,20172.86,60869706.0,3.9935,-2.3701,-0.73,4.189463939073353,长联科技
2026-07-31,301618,30.35,31.51,32.46,30.35,23894.0,75616853.0,7.017,4.7888,1.44,4.96226372265602,长联科技
2026-08-03,301618,31.51,31.96,32.15,31.4,10783.08,34313206.0,2.3802,1.4281,0.45,2.239411011237033,长联科技
2026-08-04,301618,31.98,32.82,32.86,31.98,13597.52,44218895.0,2.7534,2.6909,0.86,2.8239089400723896,长联科技
2026-08-05,301618,32.76,33.62,34.27,32.55,18246.32,61083732.0,5.2407,2.4375,0.8,3.7893635141865314,长联科技
2026-08-06,301618,33.11,33.39,33.78,32.94,11930.28,39765114.0,2.4985,-0.6841,-0.23,2.4776594812559076,长联科技
2026-08-07,301618,33.21,33.81,34.04,32.7,13259.41,44409461.0,4.0132,1.2579,0.42,2.7536908523822903,长联科技
2026-08-10,301618,33.8,33.36,33.85,33.15,10623.21,35454125.0,2.0704,-1.331,-0.45,2.206209491971066,长联科技
2026-08-11,301618,33.5,33.02,33.65,32.76,8137.4,26923644.0,2.6679,-1.0192,-0.34,1.6899608611677028,长联科技
2026-08-12,301618,33.02,33.07,33.19,32.86,9196.04,30378746.0,0.9994,0.1514,0.05,1.9098173467855386,长联科技
2026-08-13,301618,33.1,32.94,33.99,32.77,12823.43,42639177.0,3.6891,-0.3931,-0.13,2.663147295932823,长联科技
2026-08-14,301618,33.0,33.4,33.49,32.61,10985.4,36485985.0,2.6715,1.3965,0.46,2.281428471535341,长联科技
2026-08-17,301618,33.5,34.18,34.18,32.95,14541.7,48874520.0,3.6826,2.3353,0.78,3.019994575029172,长联科技
2026-08-18,301618,34.8,33.55,34.9,33.21,13751.24,46338211.0,4.9444,-1.8432,-0.63,2.855833238199396,长联科技
2026-08-19,301618,33.44,36.2,37.9,32.87,61488.3,220824635.0,14.9925,7.8987,2.65,12.769781554272624,长联科技
2026-08-20,301618,35.06,34.39,35.52,33.5,45638.45,157538051.0,5.5801,-5.0,-1.81,9.478112697465917,长联科技
2026-08-21,301618,33.5,33.2,33.77,31.88,24595.66,80752175.0,5.4958,-3.4603,-1.19,5.1079832323086025,长联科技
2026-08-24,301618,33.13,32.05,33.99,31.76,19160.96,62008293.0,6.7169,-3.4639,-1.15,3.9793143341116215,长联科技
2026-06-25,301622,51.07,51.58,52.19,49.0,24375.11,123415774.0,,,,3.7697707538127947,英思特
2026-06-26,301622,51.48,49.5,51.48,49.33,16898.54,84343202.0,4.1683,-4.0326,-2.08,2.6134701289198556,英思特
2026-06-29,301622,49.02,46.26,49.89,46.0,23113.52,110330784.0,7.8586,-6.5455,-3.24,3.574657579541881,英思特
2026-06-30,301622,46.74,47.1,47.33,45.68,15394.23,71837039.0,3.5668,1.8158,0.84,2.380818713493705,英思特
2026-07-01,301622,47.12,47.09,47.88,46.34,17588.16,82656570.0,3.2696,-0.0212,-0.01,2.7201243884183515,英思特
2026-07-02,301622,47.09,48.2,49.94,46.5,25039.75,121450247.0,7.3052,2.3572,1.11,3.8725616923486266,英思特
2026-07-03,301622,48.3,50.18,51.6,47.33,25175.3,124906512.0,8.8589,4.1079,1.98,3.893525389565965,英思特
2026-07-06,301622,50.15,46.17,50.25,46.1,35388.78,167395063.0,8.2702,-7.9912,-4.01,5.473107110372636,英思特
2026-07-07,301622,46.16,45.22,47.55,45.0,17535.56,80711220.0,5.5231,-2.0576,-0.95,2.7119894531647035,英思特
2026-07-08,301622,45.26,43.91,45.52,43.63,15583.42,68825547.0,4.1796,-2.8969,-1.31,2.410078188790999,英思特
2026-07-09,301622,44.0,42.56,44.19,41.51,19234.0,81890456.0,6.1034,-3.0745,-1.35,2.9746643473131114,英思特
2026-07-10,301622,42.42,42.39,43.69,42.22,15351.02,66069470.0,3.4539,-0.3994,-0.17,2.37413600337374,英思特
2026-07-13,301622,42.29,40.06,42.62,39.75,21270.06,86657171.0,6.7705,-5.4966,-2.33,3.2895543905173503,英思特
2026-07-14,301622,40.0,40.86,41.05,39.59,14804.18,59614266.0,3.6445,1.997,0.8,2.2895636080485504,英思特
2026-07-15,301622,40.84,41.06,41.34,40.03,11602.88,47405449.0,3.2061,0.4895,0.2,1.7944615504914398,英思特
2026-07-16,301622,40.99,40.89,41.41,40.43,10436.76,42783910.0,2.3868,-0.414,-0.17,1.6141134383624616,英思特
2026-07-17,301622,40.51,38.86,41.31,38.77,18162.0,72852598.0,6.2118,-4.9645,-2.03,2.8088725109649957,英思特
2026-07-20,301622,39.22,37.95,40.29,37.19,19220.94,74306512.0,7.9774,-2.3417,-0.91,2.9726445325904374,英思特
2026-07-21,301622,37.72,38.83,38.99,36.85,19798.71,75799830.0,5.639,2.3188,0.88,3.062000455432649,英思特
2026-07-22,301622,38.6,38.04,38.99,37.84,13967.32,53492219.0,2.9616,-2.0345,-0.79,2.1601377161023896,英思特
2026-07-23,301622,37.94,39.35,39.5,37.9,12322.65,47868282.0,4.2061,3.4437,1.31,1.9057787053872264,英思特
2026-07-24,301622,39.13,38.66,39.26,38.5,9403.0,36511476.0,1.9314,-1.7535,-0.69,1.4542356690124356,英思特
2026-07-27,301622,39.05,39.32,39.66,38.66,10486.85,41229203.0,2.5867,1.7072,0.66,1.6218601856410786,英思特
2026-07-28,301622,38.56,38.86,39.5,38.55,9840.0,38397103.0,2.4161,-1.1699,-0.46,1.5218205873744939,英思特
2026-07-29,301622,38.74,40.02,40.14,38.43,15072.29,59520260.0,4.4004,2.9851,1.16,2.3310285793575924,英思特
2026-07-30,301622,39.98,40.12,40.75,39.58,11606.0,46704007.0,2.9235,0.2499,0.1,1.7949440789703632,英思特
2026-07-31,301622,40.0,40.95,41.64,40.0,14393.43,59277070.0,4.0877,2.0688,0.83,2.2260384244851283,英思特
2026-08-03,301622,40.8,42.48,42.56,40.6,14377.01,60442476.0,4.7863,3.7363,1.53,2.223498963708229,英思特
2026-08-04,301622,42.75,42.48,42.95,42.35,10491.88,44623754.0,1.4124,0.0,0.0,1.622638108156779,英思特
2026-08-05,301622,43.48,42.98,43.92,42.7,13904.0,59946987.0,2.8719,1.177,0.5,2.1503448624852606,英思特
2026-08-06,301622,42.97,42.61,43.57,42.27,15444.3,66257656.0,3.0247,-0.8609,-0.37,2.3885623676410463,英思特
2026-08-07,301622,42.58,42.87,43.18,42.12,16248.0,69398894.0,2.4877,0.6102,0.26,2.5128598479330058,英思特
2026-08-10,301622,42.87,43.55,43.85,42.21,14990.54,64655248.0,3.8255,1.5862,0.68,2.318385405270411,英思特
2026-08-11,301622,43.55,42.18,43.55,41.82,19383.34,82105225.0,3.9724,-3.1458,-1.37,2.997760758544667,英思特
2026-08-12,301622,42.35,42.37,42.74,41.93,14054.9,59608094.0,1.9203,0.4505,0.19,2.1736825379562776,英思特
2026-08-13,301622,42.84,41.41,42.84,41.41,12509.61,52428355.0,3.375,-2.2658,-0.96,1.9346932965473418,英思特
2026-08-14,301622,41.38,41.57,42.29,41.31,10365.24,43234661.0,2.3666,0.3864,0.16,1.6030524009225202,英思特
2026-08-17,301622,41.7,42.37,42.42,41.3,10725.82,44982719.0,2.6943,1.9245,0.8,1.658818464682225,英思特
2026-08-18,301622,42.71,42.39,42.73,41.81,9060.0,38218865.0,2.1713,0.0472,0.02,1.4011884676435888,英思特
2026-08-19,301622,42.41,40.05,42.41,39.86,14784.77,60216794.0,6.0156,-5.5202,-2.34,2.286561724146016,英思特
2026-08-20,301622,40.42,40.53,41.1,39.8,10910.71,44357160.0,3.2459,1.1985,0.48,1.6874129167553622,英思特
2026-08-21,301622,40.24,40.29,40.52,39.68,7967.77,31999858.0,2.0725,-0.5922,-0.24,1.2322679290106575,英思特
2026-08-24,301622,40.35,39.62,40.97,39.39,10924.0,43559294.0,3.9216,-1.6629,-0.67,1.6894683024877004,英思特
2026-06-25,301626,350.0,363.29,373.5,346.78,32230.96,1162706753.0,,,,6.1253465905983235,苏州天脉
2026-06-26,301626,360.0,345.2,360.0,335.5,31017.34,1070853334.0,6.7439,-4.9795,-18.09,5.894703658173042,苏州天脉
2026-06-29,301626,351.0,347.5,356.0,334.0,20319.15,700451459.0,6.3731,0.6663,2.3,3.861561559952168,苏州天脉
2026-06-30,301626,352.0,383.96,386.21,350.0,33133.44,1241884967.0,10.4201,10.4921,36.46,6.296858788531093,苏州天脉
2026-07-01,301626,387.01,343.5,387.01,330.02,44768.0,1589921792.0,14.8427,-10.5376,-40.46,8.507953724242336,苏州天脉
2026-07-02,301626,336.88,328.28,344.78,326.0,25196.8,836611497.0,5.4672,-4.4309,-15.22,4.788536642221883,苏州天脉
2026-07-03,301626,329.41,321.0,333.99,320.0,17378.98,567052209.0,4.2616,-2.2176,-7.28,3.302795693677025,苏州天脉
2026-07-06,301626,323.64,328.49,335.0,309.0,17097.41,552170245.0,8.0997,2.3333,7.49,3.2492846024928106,苏州天脉
2026-07-07,301626,325.0,315.17,327.99,312.52,11736.15,374082256.0,4.7094,-4.0549,-13.32,2.230401650749792,苏州天脉
2026-07-08,301626,317.98,305.88,321.52,305.88,10483.88,327741226.0,4.9624,-2.9476,-9.29,1.992413462529256,苏州天脉
2026-07-09,301626,310.0,325.9,326.66,308.8,18232.44,580255122.0,5.8389,6.5451,20.02,3.46499186472536,苏州天脉
2026-07-10,301626,325.9,313.01,330.66,312.0,13406.75,432086391.0,5.7257,-3.9552,-12.89,2.5478915428986313,苏州天脉
2026-07-13,301626,309.82,294.92,314.87,290.0,16181.43,490899621.0,7.9454,-5.7794,-18.09,3.075206791280974,苏州天脉
2026-07-14,301626,294.0,309.02,319.0,290.51,21509.3,659659472.0,9.6602,4.781,14.1,4.087744126180434,苏州天脉
2026-07-15,301626,314.0,304.14,320.0,300.2,12442.16,382704734.0,6.4074,-1.5792,-4.88,2.3645756234278728,苏州天脉
2026-07-16,301626,295.88,281.0,298.05,277.25,21621.41,621141534.0,6.839,-7.6083,-23.14,4.109050119122375,苏州天脉
2026-07-17,301626,280.56,244.49,280.56,242.03,29540.43,762782902.0,13.7117,-12.9929,-36.51,5.6140236649888315,苏州天脉
2026-07-20,301626,251.04,226.6,258.25,212.0,33299.13,769854894.0,18.9169,-7.3173,-17.89,6.3283474155095085,苏州天脉
2026-07-21,301626,224.23,236.38,237.59,203.0,37012.86,826700764.0,15.2648,4.316,9.78,7.0341248231294715,苏州天脉
2026-07-22,301626,232.33,228.0,237.38,227.0,22096.46,511464257.0,4.3912,-3.5451,-8.38,4.199331199731322,苏州天脉
2026-07-23,301626,228.92,220.53,233.4,219.5,15789.03,354202491.0,6.0965,-3.2763,-7.47,3.00063296530276,苏州天脉
2026-07-24,301626,217.0,212.4,221.0,209.97,15211.34,326444948.0,5.0016,-3.6866,-8.13,2.890845621955781,苏州天脉
2026-07-27,301626,211.45,226.33,226.33,208.48,15617.63,342629104.0,8.404,6.5584,13.93,2.9680591789300133,苏州天脉
2026-07-28,301626,222.35,206.9,222.78,205.32,16360.46,348182913.0,7.7144,-8.5848,-19.43,3.1092306242699643,苏州天脉
2026-07-29,301626,205.57,202.0,208.12,189.0,24290.11,479340857.0,9.2412,-2.3683,-4.9,4.616224353036901,苏州天脉
2026-07-30,301626,211.0,211.3,225.66,208.84,39152.76,848465900.0,8.3267,4.604,9.3,7.4408030346758025,苏州天脉
2026-07-31,301626,228.26,225.0,235.0,217.0,36684.66,830895380.0,8.5187,6.4837,13.7,6.9717519136339305,苏州天脉
2026-08-03,301626,222.91,205.5,222.91,202.01,28094.35,587248605.0,9.2889,-8.6667,-19.5,5.339202772352297,苏州天脉
2026-08-04,301626,208.78,220.0,222.3,208.78,27181.44,588268952.0,6.5791,7.056,14.5,5.165708400604664,苏州天脉
2026-08-05,301626,220.0,231.29,234.3,217.86,21918.99,499170804.0,7.4727,5.1318,11.29,4.165603837610134,苏州天脉
2026-08-06,301626,228.79,230.44,233.99,223.46,16223.43,371848130.0,4.5527,-0.3675,-0.85,3.0831886992602935,苏州天脉
2026-08-07,301626,231.65,256.84,260.66,220.0,36332.46,863500748.0,17.6445,11.4563,26.4,6.904817913864495,苏州天脉
2026-08-10,301626,254.0,247.52,256.38,240.0,22500.21,554835784.0,6.3775,-3.6287,-9.32,4.276062041318233,苏州天脉
2026-08-11,301626,245.04,257.1,260.0,240.51,23599.0,586303248.0,7.8741,3.8704,9.58,4.484882057237198,苏州天脉
2026-08-12,301626,254.87,254.09,263.78,250.0,15121.02,387364385.0,5.3598,-1.1708,-3.01,2.8736807188916824,苏州天脉
2026-08-13,301626,254.09,243.7,259.48,243.7,17303.12,439569157.0,6.2104,-4.0891,-10.39,3.2883788475029494,苏州天脉
2026-08-14,301626,246.4,255.9,269.97,246.4,30825.51,795576930.0,9.6717,5.0062,12.2,5.858247243704641,苏州天脉
2026-08-17,301626,255.01,307.08,307.08,255.01,43144.56,1234891879.0,20.3478,20.0,51.18,8.199426374481703,苏州天脉
2026-08-18,301626,308.0,293.96,308.88,289.35,39868.07,1183733450.0,6.3599,-4.2725,-13.12,7.57674442983502,苏州天脉
2026-08-19,301626,290.0,257.94,291.68,254.34,33383.32,894447202.0,12.7024,-12.2534,-36.02,6.344347340099482,苏州天脉
2026-08-20,301626,258.92,259.59,265.28,253.09,20846.38,540197762.0,4.7259,0.6397,1.65,3.9617592109982787,苏州天脉
2026-08-21,301626,253.0,255.89,263.0,248.8,15158.38,387349301.0,5.4702,-1.4253,-3.7,2.880780816084715,苏州天脉
2026-08-24,301626,255.0,251.98,259.9,242.58,16273.65,406254517.0,6.7685,-1.528,-3.91,3.092732780658423,苏州天脉
2026-06-25,301628,118.0,113.85,118.0,113.21,27112.39,312107555.0,,,,9.726138801397628,强达电路
2026-06-26,301628,113.18,108.12,113.3,107.01,25785.7,283366080.0,5.5248,-5.0329,-5.73,9.250209859447981,强达电路
2026-06-29,301628,108.0,99.35,110.28,96.06,32736.55,333775647.0,13.1521,-8.1114,-8.77,11.74371677225407,强达电路
2026-06-30,301628,99.35,105.45,107.23,98.66,22794.67,235401814.0,8.6261,6.1399,6.1,8.177225406983837,强达电路
2026-07-01,301628,106.0,105.37,109.16,104.44,20491.46,217884271.0,4.4761,-0.0759,-0.08,7.350985442570258,强达电路
2026-07-02,301628,103.28,99.9,104.5,99.41,19363.23,196959516.0,4.8306,-5.1912,-5.47,6.94625086993019,强达电路
2026-07-03,301628,99.91,98.65,101.85,98.0,17383.11,173626189.0,3.8539,-1.2513,-1.25,6.2359143055984045,强达电路
2026-07-06,301628,99.2,94.09,99.64,92.66,22102.19,210681966.0,7.0755,-4.6224,-4.56,7.92880921803141,强达电路
2026-07-07,301628,93.59,90.8,94.97,89.39,16247.4,149176871.0,5.9305,-3.4967,-3.29,5.828496401896986,强达电路
2026-07-08,301628,90.81,87.12,91.76,86.4,14900.03,131683179.0,5.9031,-4.0529,-3.68,5.345148838777721,强达电路
2026-07-09,301628,87.96,89.85,90.16,83.84,19951.2,173617918.0,7.2544,3.1336,2.73,7.157175758184518,强达电路
2026-07-10,301628,89.88,87.85,92.18,87.52,17926.96,161897706.0,5.1864,-2.2259,-2.0,6.431011845399953,强达电路
2026-07-13,301628,86.7,79.63,88.4,79.5,21048.74,174974753.0,10.1309,-9.3569,-8.22,7.550900781322868,强达电路
2026-07-14,301628,80.5,84.51,84.77,78.88,20528.33,168595734.0,7.3967,6.1283,4.88,7.364211968804482,强达电路
2026-07-15,301628,84.68,80.73,85.68,80.0,16364.95,134369310.0,6.7211,-4.4728,-3.78,5.870665595247491,强达电路
2026-07-16,301628,79.52,78.96,81.57,77.67,15179.64,120917133.0,4.8309,-2.1925,-1.77,5.445454480230164,强达电路
2026-07-17,301628,78.16,73.16,78.96,72.82,18940.4,143438954.0,7.7761,-7.3455,-5.8,6.794567330803063,强达电路
2026-07-20,301628,74.62,69.1,74.99,67.51,18059.14,128288246.0,10.2242,-5.5495,-4.06,6.478429318620452,强达电路
2026-07-21,301628,69.88,73.55,73.67,63.09,23227.5,159544271.0,15.3111,6.4399,4.45,8.332496287102074,强达电路
2026-07-22,301628,72.5,72.82,74.87,72.08,19302.13,142172387.0,3.7933,-0.9925,-0.73,6.924332216474505,强达电路
2026-07-23,301628,73.1,73.9,74.5,72.51,13815.34,101750826.0,2.7328,1.4831,1.08,4.9560335488129486,强达电路
2026-07-24,301628,72.4,72.0,73.88,71.32,11590.88,84314358.0,3.4641,-2.571,-1.9,4.158043894704367,强达电路
2026-07-27,301628,71.03,74.5,74.5,71.03,11872.71,87269475.0,4.8194,3.4722,2.5,4.259145925856837,强达电路
2026-07-28,301628,73.01,72.02,74.33,71.52,11638.71,84756524.0,3.7718,-3.3289,-2.48,4.175202146664849,强达电路
2026-07-29,301628,72.04,73.48,73.49,70.0,14089.0,101337983.0,4.8459,2.0272,1.46,5.0542047223756805,强达电路
2026-07-30,301628,72.9,71.04,73.25,69.81,14483.04,103534288.0,4.6815,-3.3206,-2.44,5.195560306789401,强达电路
2026-07-31,301628,74.89,72.66,75.45,72.63,18313.54,135872149.0,3.9696,2.2804,1.62,6.569691273434305,强达电路
2026-08-03,301628,72.0,72.5,72.76,71.11,10639.43,76624886.0,2.2709,-0.2202,-0.16,3.816726336105152,强达电路
2026-08-04,301628,72.78,77.74,78.1,72.78,22655.98,172473061.0,7.3379,7.2276,5.24,8.127472574778123,强达电路
2026-08-05,301628,76.02,79.85,80.49,76.0,23200.51,183075992.0,5.7757,2.7142,2.11,8.322814053767067,强达电路
2026-08-06,301628,78.88,80.7,81.58,78.66,18889.4,151444662.0,3.6569,1.0645,0.85,6.776271891748397,强达电路
2026-08-07,301628,80.66,84.04,84.77,80.02,25767.57,213201763.0,5.886,4.1388,3.34,9.243706010231097,强达电路
2026-08-10,301628,83.7,82.36,84.28,80.78,25712.26,210377718.0,4.1647,-1.999,-1.68,9.223864427209264,强达电路
2026-08-11,301628,81.99,84.48,84.73,80.61,22676.27,188890172.0,5.0024,2.5741,2.12,8.134751289649087,强达电路
2026-08-12,301628,83.87,85.91,85.95,83.5,18287.11,155615767.0,2.9001,1.6927,1.43,6.560209931194799,强达电路
2026-08-13,301628,85.78,83.81,87.5,83.76,15930.94,135894018.0,4.3534,-2.4444,-2.1,5.714971408892301,强达电路
2026-08-14,301628,83.8,84.88,84.88,83.11,13136.6,110395256.0,2.1119,1.2767,1.07,4.71254636638231,强达电路
2026-08-17,301628,86.63,92.07,92.38,86.0,45718.05,404697386.0,7.5165,8.4708,7.19,16.400623479864255,强达电路
2026-08-18,301628,93.0,95.65,96.66,92.08,53888.98,512987044.0,4.9745,3.8883,3.58,19.331814692313763,强达电路
2026-08-19,301628,88.82,88.28,94.23,88.01,40456.62,367332690.0,6.5029,-7.7052,-7.37,14.513169128778367,强达电路
2026-08-20,301628,89.88,91.06,92.38,85.8,27002.97,243450722.0,7.4536,3.1491,2.78,9.686886116272895,强达电路
2026-08-21,301628,91.0,90.7,91.66,87.58,20511.84,184042688.0,4.4806,-0.3953,-0.36,7.358296443510142,强达电路
2026-08-24,301628,90.49,88.5,90.72,85.0,16469.27,144477990.0,6.3065,-2.4256,-2.2,5.908088736466756,强达电路
2026-06-25,301629,408.0,400.41,422.0,393.0,24557.0,998267846.0,,,,12.792733339883291,矽电股份
2026-06-26,301629,396.0,432.27,436.0,391.0,28267.63,1181486747.0,11.2385,7.9568,31.86,14.725750406828404,矽电股份
2026-06-29,301629,427.95,416.0,440.13,368.88,29457.15,1202311611.0,16.4828,-3.7639,-16.27,15.345419428388771,矽电股份
2026-06-30,301629,408.52,430.4,435.0,392.0,23410.16,976508735.0,10.3365,3.4615,14.4,12.195234524582373,矽电股份
2026-07-01,301629,430.87,439.0,460.55,425.0,26574.4,1181822259.0,8.2598,1.9981,8.6,13.843606380736476,矽电股份
2026-07-02,301629,404.0,407.0,437.97,391.0,21804.83,897811745.0,10.6993,-7.2893,-32.0,11.3589576328675,矽电股份
2026-07-03,301629,398.01,360.69,401.99,360.0,22968.45,872483819.0,10.317,-11.3784,-46.31,11.965131140331547,矽电股份
2026-07-06,301629,365.0,356.88,365.77,331.97,17499.53,615831815.0,9.3709,-1.0563,-3.81,9.116164623392791,矽电股份
2026-07-07,301629,351.0,347.23,359.8,340.01,11547.25,403668196.0,5.5453,-2.704,-9.65,6.0153976676786405,矽电股份
2026-07-08,301629,346.84,364.1,375.0,327.95,18735.9,662261246.0,13.5501,4.8585,16.87,9.760236347343328,矽电股份
2026-07-09,301629,366.0,376.0,376.0,355.21,16378.23,600949033.0,5.71,3.2683,11.9,8.532037198701364,矽电股份
2026-07-10,301629,380.0,360.0,407.83,360.0,18567.95,719264038.0,12.7207,-4.2553,-16.0,9.672744863372111,矽电股份
2026-07-13,301629,347.62,360.1,389.73,347.62,19495.36,730739183.0,11.6972,0.0278,0.1,10.1558676805781,矽电股份
2026-07-14,301629,357.39,345.48,362.57,328.5,14506.92,500762392.0,9.4613,-4.06,-14.62,7.557201301885784,矽电股份
2026-07-15,301629,349.0,321.0,351.0,317.0,12525.26,411160900.0,9.8414,-7.0858,-24.48,6.52487993167798,矽电股份
2026-07-16,301629,311.83,303.5,339.6,301.49,17845.69,570731663.0,11.8723,-5.4517,-17.5,9.296492411969606,矽电股份
2026-07-17,301629,303.5,271.02,303.99,268.0,15558.96,443940408.0,11.8583,-10.7018,-32.48,8.105248582606702,矽电股份
2026-07-20,301629,276.44,243.0,278.88,231.11,19378.75,496651737.0,17.626,-10.3387,-28.02,10.095121137286146,矽电股份
2026-07-21,301629,245.43,263.55,264.6,216.0,19925.86,484879207.0,20.0,8.4568,20.55,10.38013135339506,矽电股份
2026-07-22,301629,257.26,256.39,271.77,252.28,14952.57,393094069.0,7.3952,-2.7168,-7.16,7.789357180610241,矽电股份
2026-07-23,301629,257.68,248.07,260.09,244.28,9977.0,249579351.0,6.1664,-3.2451,-8.32,5.19739526990667,矽电股份
2026-07-24,301629,242.99,249.39,256.66,242.99,11691.67,292310304.0,5.5105,0.5321,1.32,6.090631487953264,矽电股份
2026-07-27,301629,247.77,254.5,255.0,236.48,10325.0,257277453.0,7.4261,2.049,5.11,5.378681583821425,矽电股份
2026-07-28,301629,250.0,240.94,261.0,238.54,9689.77,242628867.0,8.8251,-5.3281,-13.56,5.04776633902812,矽电股份
2026-07-29,301629,240.8,230.15,243.08,217.39,11864.15,270975224.0,10.6624,-4.4783,-10.79,6.180482819631474,矽电股份
2026-07-30,301629,227.22,210.0,231.98,209.0,11639.57,253708163.0,9.9848,-8.7552,-20.15,6.063490634634417,矽电股份
2026-07-31,301629,229.32,225.51,240.78,223.05,15269.76,354525610.0,8.4429,7.3857,15.51,7.954593404491337,矽电股份
2026-08-03,301629,224.62,211.0,227.0,208.99,11293.89,242550592.0,7.9863,-6.4343,-14.51,5.883412896145759,矽电股份
2026-08-04,301629,212.0,223.6,225.44,210.04,11402.0,250324988.0,7.2986,5.9716,12.6,5.939731469126576,矽电股份
2026-08-05,301629,223.62,239.21,242.8,222.39,14267.76,336145010.0,9.1279,6.9812,15.61,7.432613845460918,矽电股份
2026-08-06,301629,235.0,247.01,249.85,234.32,13850.53,337824938.0,6.4922,3.2607,7.8,7.215263015706166,矽电股份
2026-08-07,301629,245.99,255.41,257.51,242.0,13549.82,339579983.0,6.2791,3.4007,8.4,7.058611844851839,矽电股份
2026-08-10,301629,257.0,255.85,257.17,247.42,11350.37,286865908.0,3.8174,0.1723,0.44,5.91283545651905,矽电股份
2026-08-11,301629,253.29,254.06,259.84,246.2,8078.73,204434639.0,5.3312,-0.6996,-1.79,4.208514893139532,矽电股份
2026-08-12,301629,256.09,259.6,262.8,253.51,9452.73,244704910.0,3.6566,2.1806,5.54,4.924283270492621,矽电股份
2026-08-13,301629,262.01,252.56,268.0,252.3,9940.0,259339305.0,6.0478,-2.7119,-7.04,5.1781205756111355,矽电股份
2026-08-14,301629,256.0,256.49,259.0,251.0,6945.0,177460665.0,3.1676,1.5561,3.93,3.6179122130401744,矽电股份
2026-08-17,301629,256.51,271.51,272.75,255.29,10362.73,275134539.0,6.8073,5.856,15.02,5.398336562626034,矽电股份
2026-08-18,301629,270.0,275.18,277.77,268.07,10054.21,275743237.0,3.5726,1.3517,3.67,5.237616868462297,矽电股份
2026-08-19,301629,265.94,251.39,271.18,249.6,12055.74,313787867.0,7.8421,-8.6453,-23.79,6.280289270444486,矽电股份
2026-08-20,301629,256.0,251.81,258.47,248.0,7970.0,200647407.0,4.1648,0.1671,0.42,4.151873338794844,矽电股份
2026-08-21,301629,248.0,255.01,260.18,246.06,8437.95,214504460.0,5.6074,1.2708,3.2,4.395646127864987,矽电股份
2026-08-24,301629,253.94,255.79,261.97,249.3,10529.0,268988780.0,4.9684,0.3059,0.78,5.484952871288697,矽电股份
2026-06-25,301630,284.76,279.99,287.76,272.0,27183.07,763512593.0,,,,19.416478571428573,同宇新材
2026-06-26,301630,274.0,265.88,279.99,261.0,27497.16,743175345.0,6.7824,-5.0395,-14.11,19.64082857142857,同宇新材
2026-06-29,301630,269.69,242.22,269.77,233.43,29376.04,726715744.0,13.6678,-8.8988,-23.66,20.982885714285715,同宇新材
2026-06-30,301630,241.98,250.16,253.0,238.0,20394.49,504338975.0,6.1927,3.278,7.94,14.567492857142858,同宇新材
2026-07-01,301630,250.16,244.5,254.31,241.68,18224.93,449348097.0,5.0488,-2.2626,-5.66,13.017807142857144,同宇新材
2026-07-02,301630,235.56,232.28,244.99,231.11,16755.0,398107379.0,5.6769,-4.998,-12.22,11.967857142857143,同宇新材
2026-07-03,301630,230.0,224.32,233.28,223.17,13761.4,313404542.0,4.3525,-3.4269,-7.96,9.829571428571429,同宇新材
2026-07-06,301630,230.01,232.8,262.0,229.68,27935.17,676746857.0,14.408,3.7803,8.48,19.95369285714286,同宇新材
2026-07-07,301630,231.01,230.54,238.29,226.02,19962.08,462997706.0,5.2706,-0.9708,-2.26,14.258628571428572,同宇新材
2026-07-08,301630,235.0,219.7,236.4,218.0,18394.15,416086471.0,7.9813,-4.702,-10.84,13.138678571428573,同宇新材
2026-07-09,301630,224.1,226.3,226.95,212.26,17834.71,391590669.0,6.6864,3.0041,6.6,12.739078571428571,同宇新材
2026-07-10,301630,229.0,215.8,238.61,215.55,19066.27,435332416.0,10.19,-4.6399,-10.5,9.087961219655192,同宇新材
2026-07-13,301630,215.16,203.76,219.97,203.11,16856.06,356523873.0,7.8128,-5.5792,-12.04,8.03446188458367,同宇新材
2026-07-14,301630,204.9,219.8,223.0,202.59,20482.83,442712847.0,10.0167,7.872,16.04,9.763166298850795,同宇新材
2026-07-15,301630,220.86,208.0,221.85,206.88,12915.6,275203892.0,6.8107,-5.3685,-11.8,6.156236743137415,同宇新材
2026-07-16,301630,208.01,198.04,213.31,195.58,14228.97,289465484.0,8.524,-4.7885,-9.96,6.782256180974944,同宇新材
2026-07-17,301630,196.0,181.18,198.0,177.59,13694.58,257855804.0,10.306,-8.5134,-16.86,6.527538525336397,同宇新材
2026-07-20,301630,186.0,154.39,187.0,151.5,21647.13,361627535.0,19.5938,-14.7864,-26.79,10.318131336482411,同宇新材
2026-07-21,301630,158.96,170.67,170.84,140.6,23012.29,364704648.0,19.5868,10.5447,16.28,10.968836541990592,同宇新材
2026-07-22,301630,165.04,161.87,171.99,161.0,15986.4,265946310.0,6.4393,-5.1561,-8.8,7.619937368027189,同宇新材
2026-07-23,301630,163.15,162.12,167.53,159.38,11320.7,184005879.0,5.0349,0.1544,0.25,5.396025681968761,同宇新材
2026-07-24,301630,159.6,160.44,170.84,157.01,14865.03,243880456.0,8.5307,-1.0363,-1.68,7.085434968088202,同宇新材
2026-07-27,301630,162.67,169.46,169.6,160.46,15049.98,250052836.0,5.6968,5.622,9.02,7.173591614751404,同宇新材
2026-07-28,301630,164.97,156.16,167.79,155.34,16565.38,267136151.0,7.3469,-7.8485,-13.3,7.895908902415193,同宇新材
2026-07-29,301630,156.29,152.61,157.0,145.5,15647.26,236765911.0,7.3642,-2.2733,-3.55,7.458285866814113,同宇新材
2026-07-30,301630,151.0,144.7,153.26,139.39,14735.28,214436171.0,9.0885,-5.1831,-7.91,7.023589469820828,同宇新材
2026-07-31,301630,156.0,149.9,160.99,149.7,18806.84,291448966.0,7.8023,3.5936,5.2,8.96430358870718,同宇新材
2026-08-03,301630,148.6,142.0,148.88,141.31,11902.0,171495928.0,5.05,-5.2702,-7.9,5.673103047231373,同宇新材
2026-08-04,301630,143.82,153.7,154.47,142.11,16827.69,251179411.0,8.7042,8.2394,11.7,8.020939288931682,同宇新材
2026-08-05,301630,151.4,164.81,165.57,150.96,18295.96,292921111.0,9.5055,7.2284,11.11,8.720792003698815,同宇新材
2026-08-06,301630,160.99,166.2,169.87,159.6,14727.82,243273219.0,6.2314,0.8434,1.39,7.020033651577479,同宇新材
2026-08-07,301630,166.02,175.33,177.6,164.0,19336.92,332545818.0,8.1829,5.4934,9.13,9.216966877505401,同宇新材
2026-08-10,301630,175.65,173.61,176.88,169.0,13543.53,233233156.0,4.4944,-0.981,-1.72,6.455540355677155,同宇新材
2026-08-11,301630,171.22,171.54,175.36,169.0,9881.58,170135317.0,3.6634,-1.1923,-2.07,4.710067350820079,同宇新材
2026-08-12,301630,169.44,175.63,177.88,169.44,10962.44,191601439.0,4.9201,2.3843,4.09,5.2252606090649545,同宇新材
2026-08-13,301630,177.8,172.2,181.28,172.2,11996.82,212994734.0,5.17,-1.953,-3.43,5.718299117718558,同宇新材
2026-08-14,301630,174.38,176.8,178.95,173.0,12651.4,223263847.0,3.4553,2.6713,4.6,6.030305485779111,同宇新材
2026-08-17,301630,176.44,184.35,184.85,176.44,15423.78,279117508.0,4.7568,4.2704,7.55,7.351763847910124,同宇新材
2026-08-18,301630,184.18,181.77,188.99,178.82,13398.55,244583681.0,5.5167,-1.3995,-2.58,6.386435459038976,同宇新材
2026-08-19,301630,175.0,167.11,179.5,165.1,13724.08,236383943.0,7.9221,-8.0651,-14.66,6.541599736888518,同宇新材
2026-08-20,301630,168.24,167.25,171.8,165.67,9000.45,151221456.0,3.6682,0.0838,0.14,4.290075644551639,同宇新材
2026-08-21,301630,164.38,166.22,168.94,162.02,9269.74,153673013.0,4.1375,-0.6158,-1.03,4.418433056716731,同宇新材
2026-08-24,301630,166.22,161.93,166.22,156.08,10856.95,174242091.0,6.1003,-2.5809,-4.29,5.174978669857054,同宇新材
2026-06-25,301631,78.03,76.73,80.7,76.51,28067.67,219669897.0,,,,6.4383601770858885,壹连科技
2026-06-26,301631,76.05,72.74,76.4,71.14,27775.66,204684148.0,6.8552,-5.2001,-3.99,6.371376862998512,壹连科技
2026-06-29,301631,72.55,69.37,73.09,67.48,27552.75,191966546.0,7.7124,-4.6329,-3.37,6.320244194448746,壹连科技
2026-06-30,301631,69.37,71.86,72.56,68.94,24005.86,170460396.0,5.2184,3.5894,2.49,5.506633667349949,壹连科技
2026-07-01,301631,80.31,76.6,83.47,76.31,46717.22,371965389.0,9.9638,6.5962,4.74,10.71632578449572,壹连科技
2026-07-02,301631,76.6,75.82,80.49,74.52,31424.03,243586701.0,7.7937,-1.0183,-0.78,7.208265880156546,壹连科技
2026-07-03,301631,75.08,75.57,77.1,74.5,25524.81,193470680.0,3.4292,-0.3297,-0.25,5.855061143350443,壹连科技
2026-07-06,301631,75.57,77.51,82.27,74.6,33353.83,263439810.0,10.1495,2.5672,1.94,7.6509370300862685,壹连科技
2026-07-07,301631,77.23,73.05,77.79,73.0,28591.38,214848715.0,6.1798,-5.7541,-4.46,6.558492622384534,壹连科技
2026-07-08,301631,73.23,71.38,73.63,70.23,17820.4,127587289.0,4.6543,-2.2861,-1.67,4.087769178260768,壹连科技
2026-07-09,301631,71.38,73.1,73.18,69.83,23337.69,167365380.0,4.6932,2.4096,1.72,5.353364114935947,壹连科技
2026-07-10,301631,72.42,70.97,74.31,70.37,17301.82,125749930.0,5.3899,-2.9138,-2.13,3.968813636271673,壹连科技
2026-07-13,301631,70.9,65.2,70.97,64.86,21652.23,145484443.0,8.6093,-8.1302,-5.77,4.966741399441828,壹连科技
2026-07-14,301631,64.6,64.83,65.57,62.0,18187.15,116258556.0,5.4755,-0.5675,-0.37,4.171896882808766,壹连科技
2026-07-15,301631,65.71,63.98,67.28,63.44,21274.12,139207154.0,5.9232,-1.3111,-0.85,4.880007857883155,壹连科技
2026-07-16,301631,63.6,61.81,64.18,61.31,21087.56,132116698.0,4.4858,-3.3917,-2.17,4.837213407820511,壹连科技
2026-07-17,301631,61.77,56.7,62.26,56.21,26584.42,156479751.0,9.7881,-8.2673,-5.11,6.098121966843569,壹连科技
2026-07-20,301631,57.37,53.35,57.99,51.85,33183.85,181260259.0,10.8289,-5.9083,-3.35,7.611945817491672,壹连科技
2026-07-21,301631,53.68,56.01,56.25,50.37,32516.09,175452780.0,11.0216,4.9859,2.66,7.458770313772596,壹连科技
2026-07-22,301631,55.35,55.21,56.16,54.13,24769.21,136715194.0,3.6244,-1.4283,-0.8,5.681736280210792,壹连科技
2026-07-23,301631,54.99,56.0,56.31,54.51,17524.16,97305023.0,3.2603,1.4309,0.79,4.019815555369701,壹连科技
2026-07-24,301631,55.18,57.28,60.43,54.77,41180.14,237899678.0,10.1071,2.2857,1.28,9.446191277887332,壹连科技
2026-07-27,301631,57.01,59.08,59.26,55.77,30125.94,175116631.0,6.0929,3.1425,1.8,6.910500830404098,壹连科技
2026-07-28,301631,58.9,57.3,59.85,56.94,22759.35,131832753.0,4.9255,-3.0129,-1.78,5.2207004021935095,壹连科技
2026-07-29,301631,58.33,58.81,61.73,57.02,40002.77,236001968.0,8.2199,2.6353,1.51,9.176117834114526,壹连科技
2026-07-30,301631,58.59,55.96,58.88,55.5,34465.86,195761954.0,5.7473,-4.8461,-2.85,7.906022323306473,壹连科技
2026-07-31,301631,58.81,58.54,60.72,57.91,37574.87,221804815.0,5.0214,4.6104,2.58,8.61918898920087,壹连科技
2026-08-03,301631,58.21,57.78,59.22,56.87,21156.74,122687961.0,4.0143,-1.2983,-0.76,4.85308240468658,壹连科技
2026-08-04,301631,58.47,60.1,61.1,58.04,30523.04,182548278.0,5.296,4.0152,2.32,7.001590432247343,壹连科技
2026-08-05,301631,60.1,61.51,62.28,59.76,25510.14,156327161.0,4.193,2.3461,1.41,5.851696035168523,壹连科技
2026-08-06,301631,61.0,60.9,61.58,59.9,21485.21,130338326.0,2.7313,-0.9917,-0.61,4.928429172547196,壹连科技
2026-08-07,301631,60.9,61.46,61.65,59.7,21305.11,129921055.0,3.202,0.9195,0.56,4.8871165628973126,壹连科技
2026-08-10,301631,61.8,61.81,63.06,60.55,17868.37,109468250.0,4.084,0.5695,0.35,4.098772875567292,壹连科技
2026-08-11,301631,61.38,61.5,62.49,60.61,17272.66,106413611.0,3.0416,-0.5015,-0.31,3.9621247095787773,壹连科技
2026-08-12,301631,61.5,62.63,63.32,61.37,16355.44,102152953.0,3.1707,1.8374,1.13,3.751726309672807,壹连科技
2026-08-13,301631,63.68,64.75,68.99,63.66,42740.79,281583192.0,8.5103,3.385,2.12,9.804184194323138,壹连科技
2026-08-14,301631,64.76,66.5,67.38,64.21,40789.96,268732079.0,4.8958,2.7027,1.75,9.356689034504814,壹连科技
2026-08-17,301631,66.53,69.89,69.99,64.23,41365.13,277712648.0,8.6617,5.0977,3.39,9.488625590264519,壹连科技
2026-08-18,301631,69.3,73.8,74.88,69.0,61046.63,441623183.0,8.4132,5.5945,3.91,14.003307027378126,壹连科技
2026-08-19,301631,71.12,67.25,73.82,66.8,56207.39,394163016.0,9.5122,-8.8753,-6.55,12.893247987277642,壹连科技
2026-08-20,301631,67.53,67.09,69.3,66.61,33302.28,226535678.0,4.0,-0.2379,-0.16,7.639112127102086,壹连科技
2026-08-21,301631,66.58,66.83,68.52,65.28,26340.12,175997311.0,4.8293,-0.3875,-0.26,6.042082707890397,壹连科技
2026-08-24,301631,65.86,60.12,66.02,58.38,55751.63,339895710.0,11.432,-10.0404,-6.71,12.788702540447936,壹连科技
2026-06-25,301632,15.84,15.42,15.87,15.4,20181.8,31392039.0,,,,2.7547432502525186,广东建科
2026-06-26,301632,15.36,14.91,15.41,14.91,25828.19,38895039.0,3.2425,-3.3074,-0.51,3.525455215527832,广东建科
2026-06-29,301632,14.91,15.3,15.35,14.52,26600.53,39795123.0,5.5667,2.6157,0.39,3.630876852938768,广东建科
2026-06-30,301632,15.17,15.48,15.63,14.97,27445.82,41965345.0,4.3137,1.1765,0.18,3.746255903469739,广东建科
2026-07-01,301632,15.53,15.7,15.87,15.16,33496.03,52169759.0,4.5866,1.4212,0.22,4.572087849089569,广东建科
2026-07-02,301632,15.7,15.59,15.92,15.32,36787.12,57630813.0,3.8217,-0.7006,-0.11,5.021309819551746,广东建科
2026-07-03,301632,15.5,15.78,15.8,15.5,20186.01,31659356.0,1.9243,1.2187,0.19,2.755317900139226,广东建科
2026-07-06,301632,15.78,15.53,15.96,15.49,16907.69,26484309.0,2.9785,-1.5843,-0.25,2.3078389888345936,广东建科
2026-07-07,301632,15.53,15.17,15.63,15.03,18494.18,28200582.0,3.8635,-2.3181,-0.36,2.5243891785646038,广东建科
2026-07-08,301632,15.26,14.93,15.3,14.88,16016.0,24072913.0,2.7686,-1.5821,-0.24,2.186126504872922,广东建科
2026-07-09,301632,14.81,14.61,15.02,14.41,24886.56,36426607.0,4.0857,-2.1433,-0.32,3.3969261008435474,广东建科
2026-07-10,301632,14.5,14.91,15.14,14.36,29710.11,44222304.0,5.3388,2.0534,0.3,4.055323359995632,广东建科
2026-07-13,301632,14.83,14.39,15.1,14.36,25754.37,37523918.0,4.9631,-3.4876,-0.52,3.5153790505309708,广东建科
2026-07-14,301632,14.4,14.77,14.79,14.28,26003.09,37865018.0,3.5441,2.6407,0.38,3.5493284376620893,广东建科
2026-07-15,301632,14.74,14.8,14.99,14.67,17165.36,25464613.0,2.1666,0.2031,0.03,2.3430100188365044,广东建科
2026-07-16,301632,14.73,15.06,15.25,14.6,24663.5,37071751.0,4.3919,1.7568,0.26,3.3664792115967352,广东建科
2026-07-17,301632,15.05,14.46,15.23,14.45,30380.42,44990849.0,5.1793,-3.9841,-0.6,4.146818268679533,广东建科
2026-07-20,301632,14.5,14.43,14.98,14.21,29276.45,42768339.0,5.325,-0.2075,-0.03,3.996130326772406,广东建科
2026-07-21,301632,14.27,14.54,14.61,14.21,21825.29,31477721.0,2.772,0.7623,0.11,2.97907373536076,广东建科
2026-07-22,301632,14.4,14.4,14.6,14.21,18508.02,26580776.0,2.6823,-0.9629,-0.14,2.5262782888810023,广东建科
2026-07-23,301632,14.41,14.63,14.67,14.29,18238.02,26501165.0,2.6389,1.5972,0.23,2.4894242581420105,广东建科
2026-07-24,301632,14.46,14.02,14.76,14.0,23150.72,32953599.0,5.1948,-4.1695,-0.61,3.1599901722584693,广东建科
2026-07-27,301632,14.0,14.37,14.46,13.9,20675.47,29537268.0,3.9943,2.4964,0.35,2.822127433048511,广东建科
2026-07-28,301632,14.45,14.49,14.59,14.32,17425.67,25179231.0,1.8789,0.8351,0.12,2.378541399361197,广东建科
2026-07-29,301632,14.48,14.75,14.86,14.41,22201.13,32692197.0,3.1056,1.7943,0.26,3.0303745461494365,广东建科
2026-07-30,301632,14.78,15.98,16.39,14.73,93033.89,146097859.0,11.2542,8.339,1.23,12.698792006770221,广东建科
2026-07-31,301632,15.45,15.64,15.91,15.39,74722.29,117061708.0,3.2541,-2.1277,-0.34,10.199324342769785,广东建科
2026-08-03,301632,15.5,15.69,15.73,15.36,34776.55,54196634.0,2.3657,0.3197,0.05,4.746874232207693,广东建科
2026-08-04,301632,15.66,15.57,16.14,15.51,43559.04,68125924.0,4.0153,-0.7648,-0.12,5.945652589336901,广东建科
2026-08-05,301632,15.5,15.48,15.69,15.44,35247.84,54816024.0,1.6057,-0.578,-0.09,4.811203625344653,广东建科
2026-08-06,301632,15.45,15.37,15.72,15.26,36110.57,55850220.0,2.9716,-0.7106,-0.11,4.928963173268543,广东建科
2026-08-07,301632,15.31,15.21,15.41,14.94,32081.01,48610352.0,3.0579,-1.041,-0.16,4.3789426988070215,广东建科
2026-08-10,301632,15.21,15.61,15.62,15.12,47271.1,73148998.0,3.2873,2.6298,0.4,6.452335453577571,广东建科
2026-08-11,301632,15.48,15.17,15.6,15.09,31193.56,47480173.0,3.2671,-2.8187,-0.44,4.257808959624362,广东建科
2026-08-12,301632,15.0,14.37,15.15,14.1,189718.94,271266351.0,6.9216,-5.2736,-0.8,10.321329615776946,广东建科
2026-08-13,301632,14.16,14.12,14.27,14.11,86312.45,122161398.0,1.1134,-1.7397,-0.25,4.695679020741244,广东建科
2026-08-14,301632,14.02,13.97,14.1,13.91,56802.86,79376740.0,1.3456,-1.0623,-0.15,3.0902609996599795,广东建科
2026-08-17,301632,13.96,13.9,13.96,13.66,52196.68,72053095.0,2.1475,-0.5011,-0.07,2.839669772186331,广东建科
2026-08-18,301632,13.9,14.1,14.12,13.81,64605.14,90631688.0,2.2302,1.4388,0.2,3.51473049982999,广东建科
2026-08-19,301632,14.01,14.14,14.3,13.91,64820.95,91140669.0,2.766,0.2837,0.04,3.5264712682760964,广东建科
2026-08-20,301632,14.02,14.13,14.15,13.82,51126.72,71768218.0,2.3338,-0.0707,-0.01,2.7814604556273377,广东建科
2026-08-21,301632,14.1,13.87,14.1,13.83,34159.43,47458322.0,1.9108,-1.8401,-0.26,1.8583844950697042,广东建科
2026-08-24,301632,13.86,13.33,13.9,13.3,48770.94,65712709.0,4.3259,-3.8933,-0.54,2.6532983339000342,广东建科
2026-06-25,301633,46.9,45.88,46.99,44.81,7778.0,35629889.0,,,,3.048923660956867,港迪技术
2026-06-26,301633,45.57,44.02,45.58,43.8,6544.99,29077248.0,3.8797,-4.0541,-1.86,2.5655920380208386,港迪技术
2026-06-29,301633,43.81,44.32,44.96,42.83,6584.5,28942083.0,4.8387,0.6815,0.3,2.581079692153573,港迪技术
2026-06-30,301633,43.87,46.81,47.21,43.87,8199.0,37718432.0,7.5361,5.6182,2.49,3.2139528280001737,港迪技术
2026-07-01,301633,46.41,49.94,50.38,46.41,13610.66,66694382.0,8.4811,6.6866,3.13,5.335287132326973,港迪技术
2026-07-02,301633,49.77,47.7,49.79,47.53,8871.0,43283162.0,4.5254,-4.4854,-2.24,3.4773723060360457,港迪技术
2026-07-03,301633,48.2,48.68,48.86,47.5,5701.2,27518888.0,2.8512,2.0545,0.98,2.234832035979338,港迪技术
2026-07-06,301633,49.02,46.36,49.02,46.18,7128.0,33466527.0,5.834,-4.7658,-2.32,2.7941280348805027,港迪技术
2026-07-07,301633,46.43,45.1,46.96,44.92,4087.0,18703044.0,4.4003,-2.7179,-1.26,1.602076498114003,港迪技术
2026-07-08,301633,45.11,44.69,45.6,44.25,3665.0,16374375.0,2.9933,-0.9091,-0.41,1.4366553377998093,港迪技术
2026-07-09,301633,45.8,45.3,46.6,44.42,5587.01,25369269.0,4.878,1.365,0.61,2.190070324376784,港迪技术
2026-07-10,301633,44.8,45.6,46.8,44.8,6430.0,29539659.0,4.415,0.6623,0.3,2.5205167318015755,港迪技术
2026-07-13,301633,45.29,44.0,45.87,43.91,5936.0,26476813.0,4.2982,-3.5088,-1.6,2.3268720559835385,港迪技术
2026-07-14,301633,44.0,45.05,45.45,43.47,5405.0,24090985.0,4.5,2.3864,1.05,2.1187236291426927,港迪技术
2026-07-15,301633,44.6,45.7,46.14,44.4,5036.0,22932614.0,3.8624,1.4428,0.65,1.9740781121854951,港迪技术
2026-07-16,301633,45.57,46.35,47.1,45.07,6107.01,28433000.0,4.442,1.4223,0.65,2.3939068252378752,港迪技术
2026-07-17,301633,46.09,48.03,49.5,45.99,14889.0,71147794.0,7.5728,3.6246,1.68,5.836387810232295,港迪技术
2026-07-20,301633,48.25,49.89,51.28,46.8,21322.17,105083551.0,9.3275,3.8726,1.86,8.358147160702583,港迪技术
2026-07-21,301633,49.88,47.96,49.88,46.5,19311.1,92532851.0,6.7749,-3.8685,-1.93,7.569821253420436,港迪技术
2026-07-22,301633,47.43,51.27,52.97,46.56,20710.9,103219380.0,13.3653,6.9016,3.31,8.11853343400766,港迪技术
2026-07-23,301633,50.76,54.02,54.95,50.08,23258.94,123996833.0,9.4987,5.3638,2.75,9.117347967957844,港迪技术
2026-07-24,301633,52.58,55.42,57.58,52.12,25715.96,141572087.0,10.1074,2.5916,1.4,10.08048327439192,港迪技术
2026-07-27,301633,54.34,56.5,57.58,53.6,19850.44,111141623.0,7.1815,1.9488,1.08,7.781238904140476,港迪技术
2026-07-28,301633,55.9,56.5,58.88,54.54,20985.18,119960427.0,7.6814,0.0,0.0,8.226049348346468,港迪技术
2026-07-29,301633,56.0,54.81,56.9,54.0,20200.15,111081854.0,5.1327,-2.9912,-1.69,7.918322870902269,港迪技术
2026-07-30,301633,54.54,53.59,55.16,52.85,13506.44,72914318.0,4.2146,-2.2259,-1.22,5.2944335936351585,港迪技术
2026-07-31,301633,53.11,55.13,56.17,53.0,13430.1,73890382.0,5.9153,2.8737,1.54,5.264508827335667,港迪技术
2026-08-03,301633,55.88,56.33,57.33,55.0,9769.0,54864083.0,4.2264,2.1767,1.2,3.829382263292316,港迪技术
2026-08-04,301633,57.47,58.9,59.99,55.7,17650.74,103353876.0,7.6158,4.5624,2.57,6.91897130617097,港迪技术
2026-08-05,301633,58.4,57.46,59.5,57.01,11850.01,68746129.0,4.2275,-2.4448,-1.44,4.645124179940279,港迪技术
2026-08-06,301633,57.6,58.44,59.73,56.88,12157.76,70873553.0,4.96,1.7055,0.98,4.765760109055664,港迪技术
2026-08-07,301633,57.9,56.7,58.29,56.53,7977.0,45547196.0,3.0116,-2.9774,-1.74,3.1269303218633233,港迪技术
2026-08-10,301633,56.7,60.93,61.85,56.46,19841.98,118706513.0,9.5062,7.4603,4.23,7.777922641068775,港迪技术
2026-08-11,301633,60.45,59.4,60.96,59.3,8591.73,51397751.0,2.7244,-2.5111,-1.53,3.367900345275513,港迪技术
2026-08-12,301633,59.4,58.65,60.19,57.71,9042.81,52951762.0,4.1751,-1.2626,-0.75,3.544720669907093,港迪技术
2026-08-13,301633,58.53,58.78,60.4,58.1,6844.64,40617545.0,3.9216,0.2217,0.13,2.683052821642043,港迪技术
2026-08-14,301633,60.02,58.1,60.02,57.4,5162.93,30132816.0,4.4573,-1.1569,-0.68,2.023833818059146,港迪技术
2026-08-17,301633,58.18,58.4,59.0,56.88,6265.58,36137506.0,3.6489,0.5164,0.3,2.456065198202382,港迪技术
2026-08-18,301633,58.43,54.49,59.92,54.0,17414.42,96612853.0,10.137,-6.6952,-3.91,6.826335456395022,港迪技术
2026-08-19,301633,53.32,53.4,55.43,53.16,10770.64,58317612.0,4.1659,-2.0004,-1.09,4.222018403143285,港迪技术
2026-08-20,301633,53.58,54.96,55.11,53.58,7580.0,41292069.0,2.8652,2.9213,1.56,2.9713089933212973,港迪技术
2026-08-21,301633,54.25,55.09,55.73,53.56,6431.89,35081474.0,3.9483,0.2365,0.13,2.5212575990835515,港迪技术
2026-08-24,301633,55.26,55.8,59.16,54.25,14150.27,79505210.0,8.9127,1.2888,0.71,5.5468106212301524,港迪技术
2026-06-25,301636,44.0,43.23,44.31,42.47,12869.5,55593426.0,,,,3.409281495017686,泽润新能
2026-06-26,301636,42.84,41.93,43.48,41.8,13247.73,56387248.0,3.8862,-3.0072,-1.3,3.5094790582377438,泽润新能
2026-06-29,301636,41.93,41.63,42.35,40.21,13846.65,57139416.0,5.1037,-0.7155,-0.3,3.6681399909077,泽润新能
2026-06-30,301636,41.62,42.11,42.85,41.13,8670.0,36554307.0,4.1316,1.153,0.48,2.2967846895219965,泽润新能
2026-07-01,301636,42.11,42.51,43.28,41.02,12358.0,52111104.0,5.3669,0.9499,0.4,3.2737791456877554,泽润新能
2026-07-02,301636,42.52,42.35,44.58,42.03,16033.0,69481807.0,5.9986,-0.3764,-0.16,4.247329749377875,泽润新能
2026-07-03,301636,42.82,42.76,43.39,41.86,12788.73,54598149.0,3.6128,0.9681,0.41,3.3878845746748145,泽润新能
2026-07-06,301636,42.02,41.2,43.48,41.2,10424.28,43718971.0,5.3321,-3.6483,-1.56,2.761514037288392,泽润新能
2026-07-07,301636,41.16,39.86,41.6,39.63,10532.28,42530611.0,4.7816,-3.2524,-1.34,2.7901245040090816,泽润新能
2026-07-08,301636,40.72,39.07,40.9,38.74,8367.28,32948574.0,5.419,-1.9819,-0.79,2.21659061095082,泽润新能
2026-07-09,301636,39.19,39.0,39.98,37.63,11075.84,42634251.0,6.0148,-0.1792,-0.07,2.9341199233673945,泽润新能
2026-07-10,301636,38.69,40.22,41.77,38.25,14995.61,60453878.0,9.0256,3.1282,1.22,3.97251297093921,泽润新能
2026-07-13,301636,39.59,37.33,40.0,37.18,11667.28,44469418.0,7.0114,-7.1855,-2.89,3.0907993163052137,泽润新能
2026-07-14,301636,37.33,37.49,37.52,36.36,8744.0,32362374.0,3.1074,0.4286,0.16,2.3163881574602465,泽润新能
2026-07-15,301636,37.41,38.1,38.8,37.11,9091.08,34560567.0,4.5079,1.6271,0.61,2.408333720325217,泽润新能
2026-07-16,301636,38.0,38.32,39.5,37.15,12556.7,48276188.0,6.168,0.5774,0.22,3.3264171062192456,泽润新能
2026-07-17,301636,38.2,36.65,38.77,36.02,13002.0,48631777.0,7.1764,-4.358,-1.67,3.4443822990963096,泽润新能
2026-07-20,301636,36.61,35.42,37.96,34.55,19438.19,69964196.0,9.3042,-3.3561,-1.23,5.1494045194947615,泽润新能
2026-07-21,301636,35.27,35.18,35.69,33.01,20055.66,69488579.0,7.5663,-0.6776,-0.24,5.312979564735724,泽润新能
2026-07-22,301636,34.6,34.96,36.5,34.6,10592.13,37234251.0,5.4008,-0.6254,-0.22,2.8059794709834636,泽润新能
2026-07-23,301636,34.58,36.74,36.85,34.58,12824.36,46114579.0,6.4931,5.0915,1.78,3.397323379575353,泽润新能
2026-07-24,301636,36.1,35.76,36.7,35.42,9417.0,33789074.0,3.4839,-2.6674,-0.98,2.4946737510067636,泽润新能
2026-07-27,301636,35.44,36.77,36.78,35.44,8240.53,29992876.0,3.7472,2.8244,1.01,2.183013049313345,泽润新能
2026-07-28,301636,36.18,36.95,37.77,36.18,11742.23,43631751.0,4.3242,0.4895,0.18,3.110654450385914,泽润新能
2026-07-29,301636,36.88,37.45,37.93,36.27,11811.38,43994974.0,4.4926,1.3532,0.5,3.1289730964390223,泽润新能
2026-07-30,301636,37.18,36.66,38.37,36.35,11917.01,44497257.0,5.3939,-2.1095,-0.79,3.156955722362229,泽润新能
2026-07-31,301636,36.82,37.78,37.99,36.82,12088.0,45601407.0,3.1915,3.0551,1.12,3.202252978886032,泽润新能
2026-08-03,301636,37.99,39.64,39.68,37.48,14436.64,56299706.0,5.8232,4.9232,1.86,3.8244352618386204,泽润新能
2026-08-04,301636,39.63,39.99,40.3,39.06,14384.0,57053985.0,3.1282,0.8829,0.35,3.810490308429573,泽润新能
2026-08-05,301636,39.7,40.38,40.9,39.65,12064.29,48587033.0,3.1258,0.9752,0.39,3.195971921793925,泽润新能
2026-08-06,301636,39.91,41.22,41.29,39.5,15037.71,60694340.0,4.4329,2.0802,0.84,3.983665754725701,泽润新能
2026-08-07,301636,41.07,40.77,41.57,39.7,13547.5,54765982.0,4.5366,-1.0917,-0.45,3.5888916472086794,泽润新能
2026-08-10,301636,40.98,41.4,41.5,40.25,10436.5,42867224.0,3.066,1.5453,0.63,2.764751258615492,泽润新能
2026-08-11,301636,40.95,40.96,41.29,40.26,7324.77,29905344.0,2.4879,-1.0628,-0.44,1.9404174844602118,泽润新能
2026-08-12,301636,40.9,41.68,41.95,40.5,8210.0,33984870.0,3.54,1.7578,0.72,2.1749252942301722,泽润新能
2026-08-13,301636,42.0,40.56,42.12,40.53,9114.0,37430413.0,3.8148,-2.6871,-1.12,2.4144054971514968,泽润新能
2026-08-14,301636,40.39,40.37,40.89,39.7,7749.0,31091980.0,2.9339,-0.4684,-0.19,2.0528009872094524,泽润新能
2026-08-17,301636,40.41,41.31,41.55,39.8,9526.97,39060180.0,4.3349,2.3285,0.94,2.5238060938333766,泽润新能
2026-08-18,301636,41.5,40.98,41.5,40.68,8118.55,33282042.0,1.985,-0.7988,-0.33,2.1506991166227,泽润新能
2026-08-19,301636,41.13,38.61,41.13,38.38,8240.27,32411321.0,6.7106,-5.7833,-2.37,2.182944172263832,泽润新能
2026-08-20,301636,38.93,39.14,39.79,38.61,5971.0,23427580.0,3.0562,1.3727,0.53,1.5817879332336613,泽润新能
2026-08-21,301636,38.84,40.02,40.5,38.42,8938.72,35383283.0,5.3143,2.2483,0.88,2.367971769310734,泽润新能
2026-08-24,301636,40.03,39.98,41.09,39.04,10314.55,41166034.0,5.1224,-0.1,-0.04,2.732445273276714,泽润新能
2026-06-25,301638,25.2,24.47,25.23,24.14,146240.77,359031171.0,,,,5.844160548843072,南网数字
2026-06-26,301638,24.38,23.68,24.85,23.68,134053.39,322977220.0,4.7814,-3.2284,-0.79,5.35712122738874,南网数字
2026-06-29,301638,23.39,23.62,23.77,23.08,117033.2,273929883.0,2.9139,-0.2534,-0.06,4.67695028099798,南网数字
2026-06-30,301638,23.6,24.05,24.22,23.11,122584.9,292524728.0,4.6994,1.8205,0.43,4.8988106152878785,南网数字
2026-07-01,301638,24.22,23.79,24.26,23.57,143290.15,341784992.0,2.869,-1.0811,-0.26,5.726246119107593,南网数字
2026-07-02,301638,23.58,23.33,24.3,23.24,141071.17,335437613.0,4.4557,-1.9336,-0.46,5.637569921801795,南网数字
2026-07-03,301638,23.32,23.45,23.88,23.13,114367.51,269183024.0,3.2147,0.5144,0.12,4.570422393231487,南网数字
2026-07-06,301638,23.45,22.48,23.67,22.47,145734.01,332971082.0,5.1173,-4.1365,-0.97,5.823909104599912,南网数字
2026-07-07,301638,22.48,22.02,22.66,21.92,86857.17,192992566.0,3.2918,-2.0463,-0.46,3.4710378391617875,南网数字
2026-07-08,301638,22.03,21.99,22.27,21.74,88963.81,196040444.0,2.4069,-0.1362,-0.03,3.555224638633746,南网数字
2026-07-09,301638,22.0,22.15,22.15,21.26,126321.02,275005333.0,4.0473,0.7276,0.16,5.048115662777327,南网数字
2026-07-10,301638,22.16,22.31,22.78,22.0,128813.85,289918457.0,3.5214,0.7223,0.16,5.1477356165082355,南网数字
2026-07-13,301638,22.28,21.43,22.28,21.3,103717.05,225015033.0,4.3926,-3.9444,-0.88,4.144802382074331,南网数字
2026-07-14,301638,21.9,21.78,22.25,21.21,136467.82,296276174.0,4.853,1.6332,0.35,5.453608113733384,南网数字
2026-07-15,301638,21.8,21.31,21.8,21.2,90731.75,194356966.0,2.7548,-2.1579,-0.47,3.6258761074459085,南网数字
2026-07-16,301638,21.18,21.4,21.72,21.0,95486.57,204555527.0,3.3787,0.4223,0.09,3.8158910496596974,南网数字
2026-07-17,301638,21.4,20.67,21.55,20.41,115030.4,241366933.0,5.3271,-3.4112,-0.73,4.596913197309055,南网数字
2026-07-20,301638,20.67,21.24,21.45,20.67,134151.16,283684280.0,3.7736,2.7576,0.57,5.3610283702249015,南网数字
2026-07-21,301638,21.11,22.16,22.16,21.1,173031.59,374868522.0,4.9906,4.3315,0.92,6.914791217124947,南网数字
2026-07-22,301638,21.9,23.07,23.36,21.76,207491.73,471933570.0,7.2202,4.1065,0.91,8.291907808453132,南网数字
2026-07-23,301638,24.0,24.85,25.92,23.75,311647.94,777061135.0,9.4062,7.7156,1.78,12.454260163401852,南网数字
2026-07-24,301638,24.0,23.0,24.33,23.0,221452.83,523645007.0,5.3521,-7.4447,-1.85,8.849829582514175,南网数字
2026-07-27,301638,22.78,23.72,23.77,22.4,159142.74,370262025.0,5.9565,3.1304,0.72,6.359756740495762,南网数字
2026-07-28,301638,23.2,24.24,25.0,23.03,212381.93,512372646.0,8.3052,2.1922,0.52,8.48733288667142,南网数字
2026-07-29,301638,23.85,24.06,24.47,23.2,171025.01,406015360.0,5.2393,-0.7426,-0.18,6.834603074829898,南网数字
2026-07-30,301638,23.7,23.12,24.17,23.06,143813.11,338687125.0,4.6135,-3.9069,-0.94,5.747144957376996,南网数字
2026-07-31,301638,23.68,24.13,24.39,23.65,189059.39,455272836.0,3.2007,4.3685,1.01,7.555303684645098,南网数字
2026-08-03,301638,24.65,24.23,25.09,24.19,217822.11,536596803.0,3.7298,0.4144,0.1,8.70473659245473,南网数字
2026-08-04,301638,24.57,24.59,24.7,24.18,174334.82,426970740.0,2.1461,1.4858,0.36,6.966871668780588,南网数字
2026-08-05,301638,24.13,24.59,24.82,24.13,190393.76,466939276.0,2.806,0.0,0.0,7.608628571484519,南网数字
2026-08-06,301638,24.16,23.84,24.39,23.6,194845.66,466677060.0,3.2127,-3.05,-0.75,7.786538044659438,南网数字
2026-08-07,301638,23.8,23.74,23.83,23.32,132856.02,313113854.0,2.1393,-0.4195,-0.1,5.30927121595644,南网数字
2026-08-10,301638,23.72,23.87,24.05,23.63,110442.96,263100354.0,1.7692,0.5476,0.13,4.413587194114565,南网数字
2026-08-11,301638,23.73,23.6,23.95,23.37,93282.72,220600414.0,2.4298,-1.1311,-0.27,3.7278194864043357,南网数字
2026-08-12,301638,23.58,23.64,23.93,23.5,77557.0,183303128.0,1.822,0.1695,0.04,3.099378919343916,南网数字
2026-08-13,301638,23.78,23.83,24.25,23.65,165546.67,396745793.0,2.5381,0.8037,0.19,6.615674396451434,南网数字
2026-08-14,301638,23.84,23.25,23.95,22.78,173245.2,400622902.0,4.9098,-2.4339,-0.58,6.923327626874692,南网数字
2026-08-17,301638,23.05,23.28,23.28,22.82,107799.46,248256219.0,1.9785,0.129,0.03,4.307946076313649,南网数字
2026-08-18,301638,23.07,22.96,23.23,22.63,103578.5,236935713.0,2.5773,-1.3746,-0.32,4.1392655646461805,南网数字
2026-08-19,301638,22.63,21.95,22.76,21.9,101949.62,226787729.0,3.7456,-4.399,-1.01,4.074171294185216,南网数字
2026-08-20,301638,22.15,22.16,22.37,22.01,56042.39,124452119.0,1.6401,0.9567,0.21,2.239599290272319,南网数字
2026-08-21,301638,22.0,22.23,22.25,21.8,50429.81,111574987.0,2.0307,0.3159,0.07,2.0153060332467603,南网数字
2026-08-24,301638,22.17,22.1,22.58,21.84,78548.33,174244026.0,3.3288,-0.5848,-0.13,3.138995037864658,南网数字
2026-08-20,301655,40.0,32.49,43.79,31.95,355159.64,1325174224.0,,,,78.9801981792106,C绿控
2026-08-21,301655,28.5,26.6,29.1,26.57,281001.2,779564954.0,7.787,-18.1287,-5.89,62.488886588003055,C绿控
2026-08-24,301655,26.76,26.99,29.6,26.76,236146.58,660310483.0,10.6767,1.4662,0.39,52.514141775069966,C绿控
2026-06-25,301656,17.8,17.49,18.07,17.44,71511.1,126226868.0,,,,3.511832500767806,联合动力
2026-06-26,301656,17.45,16.9,17.57,16.9,61381.03,105299031.0,3.8308,-3.3734,-0.59,3.0143557585410337,联合动力
2026-06-29,301656,16.85,17.0,17.17,16.7,66591.61,112680796.0,2.7811,0.5917,0.1,3.270241686625634,联合动力
2026-06-30,301656,17.05,17.23,17.46,17.01,58803.57,101279279.0,2.6471,1.3529,0.23,2.88777949559124,联合动力
2026-07-01,301656,17.18,17.67,18.1,17.0,90566.65,160601838.0,6.3842,2.5537,0.44,4.447629877818445,联合动力
2026-07-02,301656,17.61,17.37,18.05,17.33,75669.74,133779995.0,4.0747,-1.6978,-0.3,3.716058797258742,联合动力
2026-07-03,301656,17.47,17.86,18.16,17.38,100416.1,179851581.0,4.4905,2.821,0.49,4.931325676438344,联合动力
2026-07-06,301656,17.96,17.21,17.97,17.21,70468.29,123580110.0,4.2553,-3.6394,-0.65,3.4606212335641735,联合动力
2026-07-07,301656,17.22,16.75,17.57,16.71,53615.69,91558148.0,4.9971,-2.6729,-0.46,2.633008339867397,联合动力
2026-07-08,301656,16.73,16.45,16.76,16.43,44567.0,73817965.0,1.9701,-1.791,-0.3,2.1886369956792553,联合动力
2026-07-09,301656,16.66,17.69,17.87,16.46,139382.62,243142063.0,8.5714,7.538,1.24,6.844929178241823,联合动力
2026-07-10,301656,17.4,18.26,18.87,17.1,168371.8,306018767.0,10.0057,3.2222,0.57,8.268556342340935,联合动力
2026-07-13,301656,18.17,17.33,18.3,17.29,89221.47,157859470.0,5.5312,-5.0931,-0.93,4.3815695481160235,联合动力
2026-07-14,301656,17.36,17.08,17.51,16.81,60893.87,103742268.0,4.0392,-1.4426,-0.25,2.9904318597186963,联合动力
2026-07-15,301656,17.06,17.57,18.2,16.9,115658.46,202327335.0,7.6112,2.8689,0.49,5.679861431536548,联合动力
2026-07-16,301656,17.37,17.34,17.73,17.01,79035.63,138077777.0,4.0979,-1.309,-0.23,3.8813540017236345,联合动力
2026-07-17,301656,17.34,16.91,17.65,16.76,81862.02,140978481.0,5.1326,-2.4798,-0.43,4.020154946777551,联合动力
2026-07-20,301656,16.81,16.98,17.06,16.48,69493.53,116518874.0,3.4299,0.414,0.07,3.4127518279970874,联合动力
2026-07-21,301656,16.88,16.97,17.34,16.69,81609.7,138466833.0,3.828,-0.0589,-0.01,4.007763785453033,联合动力
2026-07-22,301656,16.88,16.57,16.88,16.45,65174.37,108153559.0,2.5339,-2.3571,-0.4,3.2006425685392372,联合动力
2026-07-23,301656,16.5,16.77,16.83,16.43,43022.72,71456506.0,2.414,1.207,0.2,2.1127990810857766,联合动力
2026-07-24,301656,16.6,16.17,16.76,16.17,49314.0,80647682.0,3.5182,-3.5778,-0.6,2.4217570131471,联合动力
2026-07-27,301656,16.1,16.41,16.45,16.0,36163.24,58766749.0,2.7829,1.4842,0.24,1.7759374637652943,联合动力
2026-07-28,301656,16.3,16.3,16.55,16.18,33888.77,55382281.0,2.2547,-0.6703,-0.11,1.6642407108413237,联合动力
2026-07-29,301656,16.37,16.62,16.69,16.32,47280.95,78329868.0,2.2699,1.9632,0.32,2.321916134378825,联合动力
2026-07-30,301656,16.56,16.8,17.14,16.55,64054.0,107877858.0,3.5499,1.083,0.18,3.1456224139214894,联合动力
2026-07-31,301656,16.85,16.9,17.1,16.81,52671.76,89493548.0,1.7262,0.5952,0.1,2.586652962136531,联合动力
2026-08-03,301656,16.86,16.91,17.14,16.86,40075.0,68010197.0,1.6568,0.0592,0.01,1.9680397514269785,联合动力
2026-08-04,301656,16.9,17.05,17.08,16.8,49093.01,83304559.0,1.6558,0.8279,0.14,2.4109044341160866,联合动力
2026-08-05,301656,17.05,17.11,17.26,16.99,58219.06,99693656.0,1.5836,0.3519,0.06,2.8590748439354297,联合动力
2026-08-06,301656,17.07,16.95,17.26,16.88,52463.05,89523862.0,2.2209,-0.9351,-0.16,2.5764034405764478,联合动力
2026-08-07,301656,16.9,17.08,17.17,16.75,52486.11,89153478.0,2.4779,0.767,0.13,2.577535892146452,联合动力
2026-08-10,301656,17.08,17.36,17.49,16.95,61424.46,106236290.0,3.1616,1.6393,0.28,3.016488558700846,联合动力
2026-08-11,301656,17.31,17.09,17.34,16.98,45461.71,77788820.0,2.0737,-1.5553,-0.27,2.232575232634944,联合动力
2026-08-12,301656,17.03,17.09,17.13,16.98,33889.45,57787898.0,0.8777,0.0,0.0,1.664274104903232,联合动力
2026-08-13,301656,17.09,16.78,17.23,16.77,56771.82,96470962.0,2.6916,-1.8139,-0.31,2.7880024584119067,联合动力
2026-08-14,301656,16.83,16.97,17.14,16.75,45015.54,76412015.0,2.3242,1.1323,0.19,2.210664308220866,联合动力
2026-08-17,301656,17.02,17.25,17.44,16.68,69646.49,120075492.0,4.4785,1.65,0.28,3.4202635275698454,联合动力
2026-08-18,301656,17.22,17.3,17.31,16.94,57669.57,98743653.0,2.1449,0.2899,0.05,2.8320899864678912,联合动力
2026-08-19,301656,17.18,16.56,17.19,16.51,65786.89,110313188.0,3.9306,-4.2775,-0.74,3.230722760892177,联合动力
2026-08-20,301656,16.64,16.73,16.87,16.62,33751.28,56473390.0,1.5097,1.0266,0.17,1.6574887261769768,联合动力
2026-08-21,301656,16.75,16.58,16.75,16.47,25632.71,42434208.0,1.6736,-0.8966,-0.15,1.258794565609478,联合动力
2026-08-24,301656,16.57,16.43,16.69,16.33,28126.96,46276080.0,2.1713,-0.9047,-0.15,1.3812844757778309,联合动力
2026-06-25,301658,27.35,26.8,27.5,26.62,42042.8,113244810.0,,,,4.315770109228008,首航新能
2026-06-26,301658,26.58,25.97,27.22,25.89,42564.0,112423207.0,4.9627,-3.097,-0.83,4.369272239935992,首航新能
2026-06-29,301658,25.96,26.48,27.0,25.2,53234.36,139130101.0,6.9311,1.9638,0.51,5.464604157474836,首航新能
2026-06-30,301658,26.21,26.97,27.13,26.21,44704.01,119883035.0,3.4743,1.8505,0.49,4.588948169975119,首航新能
2026-07-01,301658,27.01,26.82,27.08,25.72,57181.91,150957538.0,5.0426,-0.5562,-0.15,5.869827365602816,首航新能
2026-07-02,301658,26.52,26.18,27.22,26.13,40043.24,106956845.0,4.0641,-2.3863,-0.64,4.110511627880239,首航新能
2026-07-03,301658,26.19,26.64,27.06,25.98,42954.09,114122944.0,4.1253,1.7571,0.46,4.409315689989478,首航新能
2026-07-06,301658,26.64,25.72,27.04,25.71,33262.61,87326200.0,4.9925,-3.4535,-0.92,3.4144675900013466,首航新能
2026-07-07,301658,25.73,24.91,25.87,24.81,32083.68,80893241.0,4.1213,-3.1493,-0.81,3.2934482750443936,首航新能
2026-07-08,301658,24.8,23.94,24.98,23.93,31381.36,76154759.0,4.2152,-3.894,-0.97,3.221353845959913,首航新能
2026-07-09,301658,23.94,23.93,24.15,23.15,34378.59,81469565.0,4.1771,-0.0418,-0.01,3.529024972632767,首航新能
2026-07-10,301658,23.91,24.84,25.55,23.65,55988.82,138896414.0,7.9398,3.8028,0.91,5.747354500816959,首航新能
2026-07-13,301658,25.0,23.66,25.0,23.57,31099.58,74810787.0,5.7568,-4.7504,-1.18,3.192428614972008,首航新能
2026-07-14,301658,23.79,23.68,23.86,23.06,30543.54,71461528.0,3.3812,0.0845,0.02,3.1353500947132447,首航新能
2026-07-15,301658,23.5,23.59,24.16,23.33,24180.37,57272095.0,3.5051,-0.3801,-0.09,2.4821590873127772,首航新能
2026-07-16,301658,23.39,23.6,24.12,23.17,32800.37,77673201.0,4.0271,0.0424,0.01,3.3670178108408346,首航新能
2026-07-17,301658,23.45,22.6,24.0,22.53,46317.41,107350538.0,6.2288,-4.2373,-1.0,4.7545666229380155,首航新能
2026-07-20,301658,22.76,22.6,23.4,22.03,46452.07,105301686.0,6.0619,0.0,0.0,4.768389717567979,首航新能
2026-07-21,301658,22.36,22.76,22.83,21.83,56511.21,126686089.0,4.4248,0.708,0.16,5.800978787195592,首航新能
2026-07-22,301658,22.76,22.88,23.24,22.48,39231.6,89647983.0,3.3392,0.5272,0.12,4.027195301387859,首航新能
2026-07-23,301658,22.66,23.6,23.63,22.59,50789.34,118461284.0,4.5455,3.1469,0.72,5.213618394574538,首航新能
2026-07-24,301658,23.4,22.67,23.99,22.61,42382.28,98648067.0,5.8475,-3.9407,-0.93,4.35061835046505,首航新能
2026-07-27,301658,22.54,23.29,23.6,22.54,46808.69,108873003.0,4.6758,2.7349,0.62,4.80499741106967,首航新能
2026-07-28,301658,23.2,23.15,23.5,22.98,42454.1,98477611.0,2.2327,-0.6011,-0.14,4.357990804470129,首航新能
2026-07-29,301658,23.14,23.34,23.53,22.65,50522.75,117300181.0,3.8013,0.8207,0.19,5.186252444794335,首航新能
2026-07-30,301658,23.38,23.78,24.7,23.17,68947.84,164766265.0,6.5553,1.8852,0.44,7.0776215420437065,首航新能
2026-07-31,301658,23.39,24.1,24.32,23.39,58823.78,141508355.0,3.9108,1.3457,0.32,6.038368315997133,首航新能
2026-08-03,301658,24.1,24.95,25.05,24.02,56670.53,140176815.0,4.2739,3.527,0.85,5.8173332758072505,首航新能
2026-08-04,301658,25.0,24.91,25.24,24.7,49267.16,123108749.0,2.1643,-0.1603,-0.04,5.05736384100378,首航新能
2026-08-05,301658,24.99,25.05,25.21,24.73,44441.43,110773775.0,1.9269,0.562,0.14,4.561993854009458,首航新能
2026-08-06,301658,24.99,24.61,25.04,24.29,37847.4,93248591.0,2.994,-1.7565,-0.44,3.885104646502994,首航新能
2026-08-07,301658,24.54,24.53,24.85,24.01,39452.1,96162792.0,3.4132,-0.3251,-0.08,4.049830028596436,首航新能
2026-08-10,301658,24.7,24.76,24.84,24.23,33537.0,82591260.0,2.4868,0.9376,0.23,3.4426342240093355,首航新能
2026-08-11,301658,24.9,24.97,25.15,24.23,42787.79,106271803.0,3.7157,0.8481,0.21,4.392244691645776,首航新能
2026-08-12,301658,24.9,25.57,26.16,24.82,81300.3,207944331.0,5.3664,2.4029,0.6,8.345624092859413,首航新能
2026-08-13,301658,25.7,24.62,25.71,24.6,64029.05,160485815.0,4.341,-3.7153,-0.95,6.572698776300949,首航新能
2026-08-14,301658,24.5,24.31,25.05,24.06,42230.0,102629087.0,4.0211,-1.2591,-0.31,4.334986530694881,首航新能
2026-08-17,301658,24.33,24.9,24.98,24.12,45136.09,111569036.0,3.5376,2.427,0.59,4.633301970121523,首航新能
2026-08-18,301658,24.88,24.69,25.07,24.27,33203.46,81852295.0,3.2129,-0.8434,-0.21,3.4083957346072995,首航新能
2026-08-19,301658,24.46,23.57,24.5,23.42,40377.58,96267913.0,4.3742,-4.5362,-1.12,4.144832238741534,首航新能
2026-08-20,301658,23.73,23.63,23.79,23.44,25113.0,59226389.0,1.4849,0.2546,0.06,2.5778952580000127,首航新能
2026-08-21,301658,23.34,23.7,23.9,23.29,25154.65,59503716.0,2.5815,0.2962,0.07,2.582170706472744,首航新能
2026-08-24,301658,23.58,23.85,25.68,23.58,101194.59,246353059.0,8.8608,0.6329,0.15,10.387809250040041,首航新能
2026-06-25,301662,107.76,106.2,109.88,105.01,22448.88,239379061.0,,,,5.034282144396336,宏工科技
2026-06-26,301662,105.48,100.53,106.2,99.3,27594.52,280628739.0,6.4972,-5.339,-5.67,6.1882196046835105,宏工科技
2026-06-29,301662,101.05,95.8,101.13,93.59,23999.61,231846793.0,7.5002,-4.7051,-4.73,5.382041691856152,宏工科技
2026-06-30,301662,95.86,101.32,101.5,95.75,23700.99,235166161.0,6.0021,5.762,5.52,5.315074549889175,宏工科技
2026-07-01,301662,101.32,95.39,101.67,94.86,23637.07,229531558.0,6.7213,-5.8527,-5.93,5.300740145915801,宏工科技
2026-07-02,301662,96.03,91.71,96.74,90.7,21158.2,197472718.0,6.3319,-3.8578,-3.68,4.7448402088463455,宏工科技
2026-07-03,301662,90.48,90.71,92.66,90.08,17116.95,156327670.0,2.8132,-1.0904,-1.0,3.8385681491248054,宏工科技
2026-07-06,301662,90.88,86.84,91.94,86.45,20044.09,177692927.0,6.0523,-4.2663,-3.87,4.494995045974372,宏工科技
2026-07-07,301662,86.19,82.5,88.59,81.81,22864.92,193312669.0,7.8075,-4.9977,-4.34,5.127581353236805,宏工科技
2026-07-08,301662,82.94,79.01,84.97,78.01,25334.74,203866612.0,8.4364,-4.2303,-3.49,5.6814517791054,宏工科技
2026-07-09,301662,79.36,79.16,79.89,75.01,20946.21,162847956.0,6.1764,0.1898,0.15,4.697300310562307,宏工科技
2026-07-10,301662,78.28,77.49,80.42,77.49,17870.6,141348738.0,3.7014,-2.1097,-1.67,4.007578217249554,宏工科技
2026-07-13,301662,76.1,70.36,77.97,70.29,25910.25,189240065.0,9.911,-9.2012,-7.13,5.810512993603474,宏工科技
2026-07-14,301662,70.26,73.16,73.2,68.73,22951.98,163269061.0,6.353,3.9795,2.8,5.147105026733708,宏工科技
2026-07-15,301662,73.49,71.33,74.8,70.82,17900.6,129808383.0,5.4401,-2.5014,-1.83,4.014305878688872,宏工科技
2026-07-16,301662,71.6,69.74,72.28,69.13,17648.11,124547460.0,4.4161,-2.2291,-1.59,3.9576836374617534,宏工科技
2026-07-17,301662,69.45,64.1,69.99,63.37,25698.1,170313631.0,9.4924,-8.0872,-5.64,5.762937214458426,宏工科技
2026-07-20,301662,65.2,60.86,66.77,59.27,30931.34,194772272.0,11.7005,-5.0546,-3.24,6.936519446148412,宏工科技
2026-07-21,301662,61.05,63.99,64.5,57.68,31581.09,195756292.0,11.206,5.143,3.13,7.0822293801549865,宏工科技
2026-07-22,301662,64.0,62.81,65.1,62.24,20859.23,132759422.0,4.4694,-1.844,-1.18,4.67779457749591,宏工科技
2026-07-23,301662,62.49,65.34,65.85,62.49,22996.58,147934304.0,5.3495,4.028,2.53,5.1571068167401615,宏工科技
2026-07-24,301662,64.5,62.23,65.17,62.18,19158.8,121313977.0,4.5761,-4.7597,-3.11,4.296463999453894,宏工科技
2026-07-27,301662,62.71,67.81,68.0,62.71,37609.9,246926984.0,8.5007,8.9667,5.58,8.434222465554262,宏工科技
2026-07-28,301662,67.0,68.54,71.88,66.51,47757.85,331287077.0,7.9192,1.0765,0.73,10.709954862325361,宏工科技
2026-07-29,301662,68.05,70.01,71.0,64.6,47180.27,322554075.0,9.3376,2.1447,1.47,10.580429439187974,宏工科技
2026-07-30,301662,70.0,67.3,70.46,66.51,37333.02,254532197.0,5.6421,-3.8709,-2.71,8.372130635576976,宏工科技
2026-07-31,301662,68.5,67.9,69.67,67.38,29421.22,201502761.0,3.4027,0.8915,0.6,6.59786690972362,宏工科技
2026-08-03,301662,67.99,69.15,69.25,67.19,24070.75,164950285.0,3.0339,1.8409,1.25,5.39799521968259,宏工科技
2026-08-04,301662,70.0,70.78,71.41,68.77,24655.23,173935810.0,3.8178,2.3572,1.63,5.529068004951021,宏工科技
2026-08-05,301662,70.0,71.55,72.01,69.85,29588.12,210688429.0,3.0517,1.0879,0.77,6.635295132864362,宏工科技
2026-08-06,301662,71.0,70.24,72.05,69.31,26261.39,185257237.0,3.8295,-1.8309,-1.31,5.889258028196885,宏工科技
2026-08-07,301662,70.08,71.02,71.39,68.13,28252.18,198695862.0,4.6412,1.1105,0.78,6.3357033987562525,宏工科技
2026-08-10,301662,71.78,71.0,72.18,69.81,21468.42,151843653.0,3.3371,-0.0282,-0.02,4.814408713236526,宏工科技
2026-08-11,301662,70.44,71.19,72.9,70.14,28783.05,205763480.0,3.8873,0.2676,0.19,6.454753853032622,宏工科技
2026-08-12,301662,71.98,71.83,73.2,71.07,22171.17,159862885.0,2.992,0.899,0.64,4.972004182452563,宏工科技
2026-08-13,301662,71.5,69.99,72.5,69.99,21986.48,156953228.0,3.4944,-2.5616,-1.84,4.930586456078305,宏工科技
2026-08-14,301662,70.01,70.21,71.39,68.93,18946.38,132730354.0,3.5148,0.3143,0.22,4.248827671355892,宏工科技
2026-08-17,301662,69.56,73.15,73.26,69.55,30225.93,217559251.0,5.2841,4.1874,2.94,6.778327457618087,宏工科技
2026-08-18,301662,73.1,71.84,74.46,71.31,21411.54,155358662.0,4.3062,-1.7908,-1.31,4.801653067147578,宏工科技
2026-08-19,301662,70.54,67.08,70.9,67.0,21882.81,150649092.0,5.4287,-6.6258,-4.76,4.907337900697834,宏工科技
2026-08-20,301662,67.6,66.9,68.4,66.21,13792.05,92634050.0,3.2648,-0.2683,-0.18,3.0929414318051274,宏工科技
2026-08-21,301662,66.48,67.78,68.35,65.11,13676.54,91833866.0,4.843,1.3154,0.88,3.0670376927099374,宏工科技
2026-08-24,301662,67.8,71.48,73.84,67.61,43856.37,314717720.0,9.1915,5.4588,3.7,9.835026977249605,宏工科技
2026-06-25,301665,22.26,22.4,22.77,22.05,31135.29,69892613.0,,,,2.9888921954497456,泰禾股份
2026-06-26,301665,22.12,21.39,22.49,21.3,22384.0,48472937.0,5.3125,-4.5089,-1.01,2.148795238552366,泰禾股份
2026-06-29,301665,21.24,21.34,21.6,20.74,18862.59,39984413.0,4.0206,-0.2338,-0.05,1.8107506959777289,泰禾股份
2026-06-30,301665,21.5,20.96,21.5,20.68,22915.73,47833405.0,3.8425,-1.7807,-0.38,2.199839685130076,泰禾股份
2026-07-01,301665,20.95,21.34,21.57,20.76,22517.9,47924339.0,3.8645,1.813,0.38,2.161649227224729,泰禾股份
2026-07-02,301665,21.2,21.79,21.98,21.1,29407.21,63633332.0,4.1237,2.1087,0.45,2.823001823941634,泰禾股份
2026-07-03,301665,21.75,22.86,22.88,21.47,44135.17,97636297.0,6.4709,4.9105,1.07,4.236840741096285,泰禾股份
2026-07-06,301665,22.7,23.03,23.32,22.5,32832.91,75472191.0,3.5871,0.7437,0.17,3.1518585005279833,泰禾股份
2026-07-07,301665,23.0,22.3,23.03,21.68,28500.71,62989455.0,5.8619,-3.1698,-0.73,2.7359806086205243,泰禾股份
2026-07-08,301665,22.2,23.94,24.28,21.86,73590.32,173673257.0,10.852,7.3543,1.64,7.064444657770952,泰禾股份
2026-07-09,301665,23.35,23.7,23.76,22.65,53966.65,125687525.0,4.6366,-1.0025,-0.24,5.180632619756167,泰禾股份
2026-07-10,301665,23.3,23.25,23.68,23.01,39681.19,92319648.0,2.827,-1.8987,-0.45,3.8092723432850146,泰禾股份
2026-07-13,301665,23.16,23.84,24.14,22.75,52170.71,122797269.0,5.9785,2.5376,0.59,5.0082278967073055,泰禾股份
2026-07-14,301665,24.02,24.12,24.24,23.42,42623.85,101707451.0,3.4396,1.1745,0.28,4.091758663722761,泰禾股份
2026-07-15,301665,24.08,25.13,26.0,23.23,94728.56,232613830.0,11.4842,4.1874,1.01,9.093650763175578,泰禾股份
2026-07-16,301665,24.61,24.2,25.09,24.0,63419.42,155258716.0,4.3374,-3.7008,-0.93,6.088069501775943,泰禾股份
2026-07-17,301665,24.0,22.94,24.0,22.94,33878.14,78926717.0,4.3802,-5.2066,-1.26,3.2521973696841697,泰禾股份
2026-07-20,301665,22.85,23.79,23.8,22.37,34825.28,80243533.0,6.2337,3.7053,0.85,3.343119900163195,泰禾股份
2026-07-21,301665,23.38,23.71,24.09,23.36,31872.93,75456492.0,3.0685,-0.3363,-0.08,3.0597033694921763,泰禾股份
2026-07-22,301665,23.38,22.87,23.56,22.71,26105.0,60163926.0,3.585,-3.5428,-0.84,2.505999808006144,泰禾股份
2026-07-23,301665,22.9,23.31,23.5,22.63,23846.15,55305494.0,3.8041,1.9239,0.44,2.289157146971297,泰禾股份
2026-07-24,301665,23.2,22.48,23.4,22.45,17489.0,40063606.0,4.0755,-3.5607,-0.83,1.6788902755111836,泰禾股份
2026-07-27,301665,22.49,22.18,22.78,22.05,26345.5,58841270.0,3.2473,-1.3345,-0.3,2.529087069213785,泰禾股份
2026-07-28,301665,21.93,21.81,22.22,21.74,21475.55,47034142.0,2.1641,-1.6682,-0.37,2.061586829221465,泰禾股份
2026-07-29,301665,21.78,22.3,22.45,21.67,20586.35,45559988.0,3.5763,2.2467,0.49,1.9762263607564556,泰禾股份
2026-07-30,301665,22.21,22.41,23.19,22.2,35789.14,81195060.0,4.4395,0.4933,0.11,3.435647499280023,泰禾股份
2026-07-31,301665,22.41,22.68,22.86,22.31,26112.15,58783534.0,2.4543,1.2048,0.27,2.506686186042047,泰禾股份
2026-08-03,301665,22.6,22.43,22.84,22.39,24750.0,55696943.0,1.9841,-1.1023,-0.25,2.3759239704329462,泰禾股份
2026-08-04,301665,22.44,22.48,22.63,22.31,19739.89,44320923.0,1.4267,0.2229,0.05,1.894968800998368,泰禾股份
2026-08-05,301665,22.6,22.53,22.7,22.36,25014.33,56306882.0,1.5125,0.2224,0.05,2.40129883843717,泰禾股份
2026-08-06,301665,22.54,22.53,22.71,22.36,23028.84,51776127.0,1.5535,0.0,0.0,2.2106978976672744,泰禾股份
2026-08-07,301665,22.49,22.54,22.54,22.1,21368.0,47729816.0,1.953,0.0444,0.01,2.0512623596044928,泰禾股份
2026-08-10,301665,22.64,23.32,23.32,22.52,56965.27,131392247.0,3.5492,3.4605,0.78,5.4684909282902945,泰禾股份
2026-08-11,301665,23.13,22.82,23.13,22.72,32564.78,74443056.0,1.7581,-2.1441,-0.5,3.126118844196986,泰禾股份
2026-08-12,301665,22.61,23.37,23.49,22.55,57210.73,132617699.0,4.1192,2.4102,0.55,5.4920543342613035,泰禾股份
2026-08-13,301665,23.38,23.82,24.01,23.05,52914.36,124783262.0,4.1078,1.9255,0.45,5.079616012287607,泰禾股份
2026-08-14,301665,23.58,23.12,23.82,23.08,30600.39,71357137.0,3.1066,-2.9387,-0.7,2.9375434386099646,泰禾股份
2026-08-17,301665,23.16,23.52,23.54,22.92,23050.73,53803972.0,2.6817,1.7301,0.4,2.212799270423347,泰禾股份
2026-08-18,301665,23.38,23.94,24.1,23.29,42296.31,100865249.0,3.4439,1.7857,0.42,4.060315829893443,泰禾股份
2026-08-19,301665,23.86,23.32,23.89,23.2,28952.0,68049360.0,2.8822,-2.5898,-0.62,2.7793030623020063,泰禾股份
2026-08-20,301665,23.65,23.9,23.97,23.11,30372.97,71525880.0,3.6878,2.4871,0.58,2.915711817221849,泰禾股份
2026-08-21,301665,23.68,24.01,24.26,23.15,35079.63,83306310.0,4.6444,0.4603,0.11,3.3675367188249976,泰禾股份
2026-08-24,301665,24.0,24.23,24.49,23.83,33570.48,81470234.0,2.7489,0.9163,0.22,3.222662954785447,泰禾股份
2026-06-25,301666,753.0,730.16,786.0,726.0,62114.69,4657531180.0,,,,23.42505902869034,大普微
2026-06-26,301666,694.97,657.99,706.88,650.0,57406.72,3888194181.0,7.7901,-9.8841,-72.17,21.64956155530195,大普微
2026-06-29,301666,644.0,666.0,676.28,628.88,38472.38,2517601290.0,7.2038,1.2173,8.01,14.508931340946976,大普微
2026-06-30,301666,650.0,658.7,665.4,615.0,39088.33,2510124540.0,7.5676,-1.0961,-7.3,14.741222045589017,大普微
2026-07-01,301666,652.0,624.53,685.3,621.11,43678.12,2857081689.0,9.745,-5.1875,-34.17,16.47215077886117,大普微
2026-07-02,301666,593.22,602.8,639.89,593.0,34259.13,2110469567.0,7.508,-3.4794,-21.73,12.920005598057017,大普微
2026-07-03,301666,598.0,593.02,617.73,584.0,31924.1,1923871411.0,5.5956,-1.6224,-9.78,12.039405282998489,大普微
2026-07-06,301666,609.88,599.53,616.64,570.0,32725.15,1958831294.0,7.8648,1.0978,6.51,12.341501993694983,大普微
2026-07-07,301666,575.0,568.68,578.9,552.0,33909.47,1922744009.0,4.4868,-5.1457,-30.85,12.788139752152098,大普微
2026-07-08,301666,570.78,553.71,577.76,540.83,27775.75,1560937587.0,6.494,-2.6324,-14.97,10.474955011707308,大普微
2026-07-09,301666,569.58,611.0,620.0,568.02,47501.34,2841725977.0,9.3876,10.3466,57.29,17.91398610283477,大普微
2026-07-10,301666,600.11,562.3,627.0,562.01,42720.76,2543505314.0,10.6367,-7.9705,-48.7,16.11110551707677,大普微
2026-07-13,301666,550.01,533.73,568.8,528.18,28954.56,1580568114.0,7.2239,-5.0809,-28.57,10.919514806396947,大普微
2026-07-14,301666,533.7,543.98,549.66,516.88,27489.28,1465252350.0,6.1417,1.9204,10.25,10.36691975209402,大普微
2026-07-15,301666,547.0,515.0,553.69,508.0,25900.26,1361110656.0,8.3992,-5.3274,-28.98,9.76765913761185,大普微
2026-07-16,301666,521.39,537.88,578.0,521.39,50110.59,2740167175.0,10.9922,4.4427,22.88,18.898001885101575,大普微
2026-07-17,301666,520.0,482.28,555.0,480.02,49385.06,2575178410.0,13.9399,-10.3369,-55.6,18.624385723174573,大普微
2026-07-20,301666,501.55,462.0,519.01,441.0,42742.93,2060677041.0,16.1753,-4.205,-20.28,16.11946639851506,大普微
2026-07-21,301666,481.01,515.55,525.66,417.9,56285.84,2664055066.0,23.3247,11.5909,53.55,21.22684866461412,大普微
2026-07-22,301666,498.11,501.63,538.67,498.11,45585.82,2357319297.0,7.8673,-2.7,-13.92,17.19159387853747,大普微
2026-07-23,301666,505.01,510.0,532.0,498.0,38322.83,1975565079.0,6.7779,1.6686,8.37,14.452532161014814,大普微
2026-07-24,301666,498.0,485.66,501.08,478.22,27326.19,1337555791.0,4.4824,-4.7725,-24.34,10.305414287332155,大普微
2026-07-27,301666,480.0,489.15,490.9,456.0,25382.44,1207967901.0,7.1861,0.7186,3.49,9.572375798578257,大普微
2026-07-28,301666,463.11,438.66,479.95,435.02,25988.99,1175991019.0,9.1853,-10.322,-50.49,9.801121519660535,大普微
2026-07-29,301666,440.01,420.49,443.5,390.0,38878.3,1609371240.0,12.1962,-4.1422,-18.17,14.662014290582981,大普微
2026-07-30,301666,415.0,391.01,428.0,383.11,34650.57,1393951028.0,10.6756,-7.0109,-29.48,13.067627764507344,大普微
2026-07-31,301666,440.0,403.0,446.99,402.3,41274.13,1763894314.0,11.4294,3.0664,11.99,15.565543861006775,大普微
2026-08-03,301666,392.7,379.88,399.0,378.0,26510.39,1021134284.0,5.2109,-5.737,-23.12,9.997754969454121,大普微
2026-08-04,301666,386.71,411.59,419.95,383.0,39207.39,1596885228.0,9.7268,8.3474,31.71,14.786122656506592,大普微
2026-08-05,301666,410.0,433.34,439.3,405.33,35882.71,1531527540.0,8.2534,5.2844,21.75,13.53229968400997,大普微
2026-08-06,301666,418.99,439.2,445.88,415.0,28591.78,1239612201.0,7.126,1.3523,5.86,10.782701068544783,大普微
2026-08-07,301666,442.25,447.87,454.0,434.01,27863.75,1244715053.0,4.5515,1.974,8.67,10.508142091841247,大普微
2026-08-10,301666,445.0,432.0,451.0,422.0,27083.02,1169724400.0,6.4751,-3.5434,-15.87,10.213708579648408,大普微
2026-08-11,301666,425.51,433.08,442.86,422.27,18564.0,804271588.0,4.7662,0.25,1.08,7.0009654046185785,大普微
2026-08-12,301666,435.0,439.2,445.63,429.0,19101.64,836475778.0,3.8399,1.4131,6.12,7.203723379200517,大普微
2026-08-13,301666,451.6,430.0,466.8,429.2,28766.27,1291747414.0,8.561,-2.0947,-9.2,10.848505768687636,大普微
2026-08-14,301666,443.01,436.96,455.0,430.38,27383.3,1209782312.0,5.7256,1.6186,6.96,10.326951948087261,大普微
2026-08-17,301666,439.0,458.5,462.2,438.0,37766.46,1711455573.0,5.5383,4.9295,21.54,14.242710618127091,大普微
2026-08-18,301666,465.0,466.12,480.88,455.11,46499.6,2176698782.0,5.6205,1.6619,7.62,17.536203993137363,大普微
2026-08-19,301666,438.8,416.8,448.16,414.01,35134.87,1509269666.0,7.3264,-10.581,-49.32,13.25026984301719,大普微
2026-08-20,301666,427.48,418.13,430.06,414.0,20607.57,865455205.0,3.8532,0.3191,1.33,7.77164860176986,大普微
2026-08-21,301666,415.0,422.66,423.87,409.0,18096.3,757415474.0,3.5563,1.0834,4.53,6.824583616224906,大普微
2026-08-24,301666,419.89,408.66,422.65,397.25,18030.42,733504989.0,6.0096,-3.3124,-14.0,6.7997385612337276,大普微
2026-06-25,301667,77.35,75.59,77.69,74.7,20637.38,156462864.0,,,,8.696823697133436,纳百川
2026-06-26,301667,75.89,70.8,75.89,70.7,23258.37,167829937.0,6.866,-6.3368,-4.79,9.801338317785365,纳百川
2026-06-29,301667,71.7,69.77,73.14,68.81,23566.59,166302579.0,6.1158,-1.4548,-1.03,9.93122568720583,纳百川
2026-06-30,301667,70.68,72.22,72.62,69.15,20017.54,143573766.0,4.9735,3.5115,2.45,8.435616160109296,纳百川
2026-07-01,301667,72.61,71.51,72.62,69.59,19585.51,139328381.0,4.1955,-0.9831,-0.71,8.253553866258404,纳百川
2026-07-02,301667,72.18,70.48,74.95,70.13,24572.2,178150234.0,6.7403,-1.4404,-1.03,10.35500103456457,纳百川
2026-07-03,301667,71.13,71.45,72.89,69.91,19122.43,137076244.0,4.2281,1.3763,0.97,8.058406753704944,纳百川
2026-07-06,301667,71.6,67.51,71.6,67.15,25637.82,175900992.0,6.2281,-5.5143,-3.94,10.804065269857002,纳百川
2026-07-07,301667,68.0,64.13,68.0,63.92,18283.16,119658944.0,6.0435,-5.0067,-3.38,7.704728950403691,纳百川
2026-07-08,301667,65.0,61.41,65.0,61.2,15393.24,95546465.0,5.9255,-4.2414,-2.72,6.486884207572001,纳百川
2026-07-09,301667,62.0,62.64,62.86,58.89,22241.48,135468115.0,6.4647,2.0029,1.23,9.372809451748203,纳百川
2026-07-10,301667,62.54,63.42,65.6,62.01,22823.09,146603785.0,5.7312,1.2452,0.78,9.617906437435813,纳百川
2026-07-13,301667,63.34,58.57,63.5,58.27,20397.53,122190298.0,8.2466,-7.6474,-4.85,8.595748213532442,纳百川
2026-07-14,301667,58.6,59.34,59.74,56.65,19180.55,112012236.0,5.2757,1.3147,0.77,8.082899174413258,纳百川
2026-07-15,301667,59.99,58.83,60.42,58.4,13871.99,82284539.0,3.4041,-0.8595,-0.51,5.845812373392263,纳百川
2026-07-16,301667,59.13,59.3,60.48,57.34,14486.89,86034420.0,5.3374,0.7989,0.47,6.10493813893844,纳百川
2026-07-17,301667,59.41,54.85,59.56,54.07,18286.59,103090523.0,9.258,-7.5042,-4.45,7.706174390923813,纳百川
2026-07-20,301667,56.9,54.2,57.1,53.1,18213.05,100554743.0,7.2926,-1.1851,-0.65,7.675183809043401,纳百川
2026-07-21,301667,53.36,55.0,55.05,50.37,19345.66,102762212.0,8.6347,1.476,0.8,8.15247838265741,纳百川
2026-07-22,301667,55.0,54.2,55.68,53.73,12367.87,67474082.0,3.5455,-1.4545,-0.8,5.211959313588531,纳百川
2026-07-23,301667,54.2,56.77,57.04,54.08,18511.24,103798171.0,5.4613,4.7417,2.57,7.8008444238233885,纳百川
2026-07-24,301667,56.0,55.0,57.86,55.0,13830.72,77601331.0,5.0379,-3.1178,-1.77,5.828420731915453,纳百川
2026-07-27,301667,54.87,56.94,57.0,54.6,13233.63,74668385.0,4.3636,3.5273,1.94,5.576800300381925,纳百川
2026-07-28,301667,56.88,54.9,57.37,54.5,15300.61,85155540.0,5.0404,-3.5827,-2.04,6.447848885304085,纳百川
2026-07-29,301667,54.7,54.85,55.38,53.8,13297.67,72661355.0,2.878,-0.0911,-0.05,5.603787475573951,纳百川
2026-07-30,301667,55.22,65.82,65.82,54.68,41060.89,253699353.0,20.3099,20.0,10.97,17.30352017443054,纳百川
2026-07-31,301667,65.17,66.51,70.38,65.0,77416.17,520124807.0,8.1738,1.0483,0.69,32.624043449183496,纳百川
2026-08-03,301667,67.23,70.4,71.0,65.88,63481.08,434466823.0,7.6981,5.8487,3.89,26.751640027155737,纳百川
2026-08-04,301667,69.07,70.34,70.68,66.49,63837.68,436140388.0,5.9517,-0.0852,-0.06,26.901915271900844,纳百川
2026-08-05,301667,68.33,70.61,72.1,67.0,63587.09,445335007.0,7.2505,0.3838,0.27,26.796313831685826,纳百川
2026-08-06,301667,69.9,68.74,71.88,68.38,53536.39,375360553.0,4.9568,-2.6484,-1.87,22.560835978742332,纳百川
2026-08-07,301667,68.98,68.3,69.39,66.61,41238.33,278791844.0,4.0442,-0.6401,-0.44,17.378295383144984,纳百川
2026-08-10,301667,68.66,71.99,73.68,68.3,62015.79,440903669.0,7.877,5.4026,3.69,26.134150365426752,纳百川
2026-08-11,301667,71.9,69.95,73.06,69.57,37141.57,262656222.0,4.8479,-2.8337,-2.04,15.651874711069924,纳百川
2026-08-12,301667,69.97,71.35,73.79,68.68,41319.32,294163340.0,7.3052,2.0014,1.4,17.412425478691553,纳百川
2026-08-13,301667,72.73,69.24,72.73,69.16,30550.38,214547635.0,5.0035,-2.9573,-2.11,12.874273223656846,纳百川
2026-08-14,301667,69.36,69.24,69.9,68.39,22080.48,152623550.0,2.1808,0.0,0.0,9.304962243660816,纳百川
2026-08-17,301667,69.48,69.85,69.85,67.9,19430.26,134308285.0,2.8163,0.881,0.61,8.188129772745565,纳百川
2026-08-18,301667,70.61,75.75,76.97,68.69,64754.29,473336433.0,11.854,8.4467,5.9,27.288185019757865,纳百川
2026-08-19,301667,73.0,66.18,73.32,66.15,41901.23,288453805.0,9.4653,-12.6337,-9.57,17.65764888774827,纳百川
2026-08-20,301667,65.52,63.06,65.89,62.0,27868.47,176818542.0,5.8779,-4.7144,-3.12,11.7440862308516,纳百川
2026-08-21,301667,62.39,63.2,63.67,60.98,17123.37,107481228.0,4.2658,0.222,0.14,7.215980419548592,纳百川
2026-08-24,301667,63.2,62.44,65.35,61.61,21250.76,134933992.0,5.9177,-1.2025,-0.76,8.955308917609468,纳百川
2026-06-25,301668,35.25,34.67,35.59,34.03,10764.16,37136603.0,,,,4.424492961424412,昊创瑞通
2026-06-26,301668,34.66,33.11,34.66,33.1,9511.19,31867483.0,4.4996,-4.4996,-1.56,3.90947302992247,昊创瑞通
2026-06-29,301668,32.73,32.99,33.3,31.9,11239.54,36834947.0,4.2283,-0.3624,-0.12,4.6198928313633525,昊创瑞通
2026-06-30,301668,33.29,32.9,33.29,32.46,9334.82,30626219.0,2.5159,-0.2728,-0.09,3.836978025797074,昊创瑞通
2026-07-01,301668,33.12,33.32,33.82,32.6,9028.83,30024106.0,3.7082,1.2766,0.42,3.7112041055593354,昊创瑞通
2026-07-02,301668,33.25,32.93,34.46,32.72,12518.93,42108022.0,5.2221,-1.1705,-0.39,5.1457724215883935,昊创瑞通
2026-07-03,301668,33.11,33.23,33.76,32.82,10238.11,34043202.0,2.8545,0.911,0.3,4.208265729354533,昊创瑞通
2026-07-06,301668,33.31,32.45,33.97,32.4,8465.18,27904378.0,4.7246,-2.3473,-0.78,3.4795217952158555,昊创瑞通
2026-07-07,301668,32.0,31.51,32.7,31.31,11222.07,35604488.0,4.2835,-2.8968,-0.94,4.612711974516548,昊创瑞通
2026-07-08,301668,31.43,30.82,31.65,30.74,9232.76,28635296.0,2.888,-2.1898,-0.69,3.7950273532278285,昊创瑞通
2026-07-09,301668,30.87,30.4,30.87,29.51,7660.75,23121755.0,4.4127,-1.3628,-0.42,3.1488694384171243,昊创瑞通
2026-07-10,301668,30.51,31.1,31.77,30.07,11118.8,34603141.0,5.5921,2.3026,0.7,4.5702639443752,昊创瑞通
2026-07-13,301668,31.0,30.39,31.78,30.39,9223.51,28533045.0,4.4695,-2.283,-0.71,3.791225239556796,昊创瑞通
2026-07-14,301668,30.68,30.85,30.87,29.7,8599.41,26090188.0,3.85,1.5137,0.46,3.5346956025739775,昊创瑞通
2026-07-15,301668,31.21,31.16,31.47,30.67,6158.55,19102078.0,2.5932,1.0049,0.31,2.531406178241527,昊创瑞通
2026-07-16,301668,30.98,31.56,31.92,30.33,9216.4,28932705.0,5.1027,1.2837,0.4,3.7883027500215487,昊创瑞通
2026-07-17,301668,31.61,30.59,31.98,30.41,9621.84,30104564.0,4.9747,-3.0735,-0.97,3.9549545302143287,昊创瑞通
2026-07-20,301668,30.58,29.94,31.46,29.12,13096.41,39857986.0,7.6496,-2.1249,-0.65,5.383139405669211,昊创瑞通
2026-07-21,301668,30.2,29.67,30.2,28.58,11739.14,34411688.0,5.4108,-0.9018,-0.27,4.825248073530659,昊创瑞通
2026-07-22,301668,29.5,29.42,29.89,29.1,6412.93,18854464.0,2.6626,-0.8426,-0.25,2.635966359391486,昊创瑞通
2026-07-23,301668,29.11,31.02,31.1,29.1,14277.8,43558452.0,6.7981,5.4385,1.6,5.868737142947102,昊创瑞通
2026-07-24,301668,30.68,29.65,30.8,29.63,10646.71,32122489.0,3.7718,-4.4165,-1.37,4.3762163937852,昊创瑞通
2026-07-27,301668,29.75,30.81,30.85,29.49,9781.18,29748690.0,4.5868,3.9123,1.16,4.020449534791868,昊创瑞通
2026-07-28,301668,30.65,30.23,30.85,30.11,8900.65,27118753.0,2.4018,-1.8825,-0.58,3.6585170860617264,昊创瑞通
2026-07-29,301668,30.12,31.05,31.19,30.1,10403.06,32063597.0,3.6057,2.7125,0.82,4.276066664493639,昊创瑞通
2026-07-30,301668,31.02,37.26,37.26,30.8,56738.71,200747935.0,20.8052,20.0,6.21,23.321840537050818,昊创瑞通
2026-07-31,301668,36.0,38.85,39.97,36.0,72483.37,274550179.0,10.6549,4.2673,1.59,29.793514810753596,昊创瑞通
2026-08-03,301668,37.23,39.13,40.1,36.5,50122.48,190853910.0,9.2664,0.7207,0.28,20.602309884759784,昊创瑞通
2026-08-04,301668,38.75,38.9,39.5,37.71,44696.01,172311524.0,4.5745,-0.5878,-0.23,18.37181736881978,昊创瑞通
2026-08-05,301668,38.51,38.03,38.78,37.4,44947.16,169858935.0,3.5476,-2.2365,-0.87,18.475049892979747,昊创瑞通
2026-08-06,301668,37.69,36.88,37.87,36.51,33725.88,124758730.0,3.5761,-3.0239,-1.15,13.862662639522672,昊创瑞通
2026-08-07,301668,36.9,36.69,36.99,35.48,27109.26,97870430.0,4.0944,-0.5152,-0.19,11.142971681898482,昊创瑞通
2026-08-10,301668,36.69,38.39,38.39,36.51,44610.78,167971428.0,5.124,4.6334,1.7,18.336784487935233,昊创瑞通
2026-08-11,301668,37.95,37.42,37.97,37.0,27859.7,103941183.0,2.5267,-2.5267,-0.97,11.45143202603786,昊创瑞通
2026-08-12,301668,37.01,37.18,37.44,36.89,17213.1,63806580.0,1.4698,-0.6414,-0.24,7.075260846577397,昊创瑞通
2026-08-13,301668,37.57,36.32,37.57,36.27,20471.65,75287207.0,3.4965,-2.3131,-0.86,8.414653009035918,昊创瑞通
2026-08-14,301668,36.88,36.15,36.88,35.5,13269.14,47655449.0,3.7996,-0.4681,-0.17,5.454138226685141,昊创瑞通
2026-08-17,301668,36.15,36.68,36.88,35.6,13980.99,50824869.0,3.5408,1.4661,0.53,5.74673656362829,昊创瑞通
2026-08-18,301668,36.66,38.3,38.38,36.31,38598.13,145195596.0,5.6434,4.4166,1.62,15.865348945867067,昊创瑞通
2026-08-19,301668,37.7,34.44,37.73,34.43,27265.39,97889869.0,8.6162,-10.0783,-3.86,11.207147250272344,昊创瑞通
2026-08-20,301668,34.7,35.67,36.19,34.3,19125.55,67563189.0,5.4878,3.5714,1.23,7.861352986054711,昊创瑞通
2026-08-21,301668,35.33,33.85,35.33,33.5,16386.56,55874757.0,5.1304,-5.1023,-1.82,6.735520410506608,昊创瑞通
2026-08-24,301668,33.88,33.98,34.5,33.3,11205.43,37915469.0,3.5451,0.384,0.13,4.60587228030185,昊创瑞通
2026-06-25,301669,47.02,47.37,51.0,46.88,430682.29,2080769057.0,,,,52.59435851935724,高特电子
2026-06-26,301669,46.47,44.33,48.22,43.67,269747.17,1217783221.0,9.6052,-6.4176,-3.04,32.941171945013124,高特电子
2026-06-29,301669,43.3,40.87,43.34,39.0,244924.17,995602742.0,9.7902,-7.8051,-3.46,29.90981961908859,高特电子
2026-06-30,301669,40.2,41.13,42.0,39.22,238634.76,973772753.0,6.8021,0.6362,0.26,29.141765087718774,高特电子
2026-07-01,301669,41.13,41.98,43.2,38.7,283670.6,1152081455.0,10.9409,2.0666,0.85,34.64148302406673,高特电子
2026-07-02,301669,40.0,39.01,40.66,38.95,186530.31,744037391.0,4.0734,-7.0748,-2.97,22.77883773411451,高特电子
2026-07-03,301669,38.7,38.38,39.99,38.15,130669.69,508327360.0,4.7167,-1.615,-0.63,15.957211807973973,高特电子
2026-07-06,301669,38.51,35.93,38.88,35.92,145239.71,534203552.0,7.7124,-6.3835,-2.45,17.736483612984124,高特电子
2026-07-07,301669,36.17,33.46,36.17,33.31,135196.37,462286162.0,7.9599,-6.8745,-2.47,16.510004054951214,高特电子
2026-07-08,301669,33.3,35.83,36.78,31.6,193545.94,656154187.0,15.4812,7.0831,2.37,23.635577302995223,高特电子
2026-07-09,301669,34.3,34.0,35.01,32.95,142515.68,486209886.0,5.7494,-5.1075,-1.83,17.403828628639435,高特电子
2026-07-10,301669,34.37,33.96,35.75,33.96,125347.32,435246006.0,5.2647,-0.1176,-0.04,15.3072509378563,高特电子
2026-07-13,301669,33.0,30.01,33.3,30.0,125037.6,390256399.0,9.7173,-11.6313,-3.95,15.26942833614074,高特电子
2026-07-14,301669,29.54,30.61,31.16,28.5,105727.68,317445830.0,8.8637,1.9993,0.6,12.911326136349551,高特电子
2026-07-15,301669,30.62,28.38,30.72,28.3,104965.55,306922992.0,7.9059,-7.2852,-2.23,12.81825581655916,高特电子
2026-07-16,301669,28.11,28.4,29.27,27.6,78738.41,225616414.0,5.8844,0.0705,0.02,9.61543174850339,高特电子
2026-07-17,301669,28.59,28.89,30.6,28.1,143827.54,425713700.0,8.8028,1.7254,0.49,17.564031257744997,高特电子
2026-07-20,301669,28.0,26.37,29.18,25.99,123808.44,339863227.0,11.0419,-8.7227,-2.52,15.119324922978214,高特电子
2026-07-21,301669,26.5,27.69,28.0,23.77,139899.21,364606160.0,16.041,5.0057,1.32,17.08430873095536,高特电子
2026-07-22,301669,27.19,28.45,28.86,26.6,124200.46,342810045.0,8.1618,2.7447,0.76,15.167197893159454,高特电子
2026-07-23,301669,28.22,31.54,32.93,28.22,212104.67,642797050.0,16.5554,10.8612,3.09,25.901945161501665,高特电子
2026-07-24,301669,29.95,28.16,30.3,28.16,139772.34,410990119.0,6.785,-10.7166,-3.38,17.06881553232546,高特电子
2026-07-27,301669,27.21,29.79,30.2,27.0,122130.28,354919360.0,11.3636,5.7884,1.63,14.914390216485303,高特电子
2026-07-28,301669,29.45,30.33,31.89,29.22,161287.45,492621279.0,8.9627,1.8127,0.54,19.696212653584865,高特电子
2026-07-29,301669,29.69,29.93,30.28,29.0,106633.89,316829209.0,4.2202,-1.3188,-0.4,13.02199131748302,高特电子
2026-07-30,301669,29.52,27.15,29.57,27.14,118540.21,334900493.0,8.1189,-9.2883,-2.78,14.475975558920467,高特电子
2026-07-31,301669,28.51,28.08,29.46,28.01,110046.75,314880896.0,5.3407,3.4254,0.93,13.438765321392893,高特电子
2026-08-03,301669,28.55,28.58,28.95,27.8,68823.0,196570521.0,4.0954,1.7806,0.5,8.40457483491537,高特电子
2026-08-04,301669,29.09,30.15,30.5,28.7,110914.66,327838517.0,6.2981,5.4934,1.57,13.544753356569672,高特电子
2026-08-05,301669,30.0,30.75,31.02,29.52,111502.44,340624057.0,4.9751,1.99,0.6,13.616532282168187,高特电子
2026-08-06,301669,30.32,30.31,30.94,29.71,95731.55,290891047.0,4.0,-1.4309,-0.44,11.690611801831402,高特电子
2026-08-07,301669,30.05,30.6,30.67,29.61,76543.13,231957557.0,3.4972,0.9568,0.29,9.34734702328663,高特电子
2026-08-10,301669,31.87,30.85,32.8,30.71,138042.02,435288366.0,6.8301,0.817,0.25,16.857511114785524,高特电子
2026-08-11,301669,30.03,30.9,31.87,29.67,112793.75,345686141.0,7.1313,0.1621,0.05,13.774225372124663,高特电子
2026-08-12,301669,30.51,30.44,30.9,30.09,77098.8,234598035.0,2.6214,-1.4887,-0.46,9.415204717640515,高特电子
2026-08-13,301669,30.54,29.74,30.99,29.63,86957.22,263495387.0,4.4678,-2.2996,-0.7,10.619102086892457,高特电子
2026-08-14,301669,29.65,30.08,30.25,29.35,74212.66,221584244.0,3.0262,1.1432,0.34,9.062753071910997,高特电子
2026-08-17,301669,30.17,30.93,30.95,30.03,86397.67,264446305.0,3.0585,2.8258,0.85,10.550770572008233,高特电子
2026-08-18,301669,30.65,30.69,31.08,30.1,71327.37,218163485.0,3.1684,-0.7759,-0.24,8.710405227070856,高特电子
2026-08-19,301669,30.19,28.3,30.2,28.21,87745.29,253765698.0,6.4842,-7.7876,-2.39,10.715340165589286,高特电子
2026-08-20,301669,28.73,27.94,28.85,27.73,50295.0,141683838.0,3.9576,-1.2721,-0.36,6.141959683856684,高特电子
2026-08-21,301669,27.49,27.97,28.22,27.2,37347.63,104112797.0,3.6507,0.1074,0.03,4.560843776669578,高特电子
2026-08-24,301669,27.93,27.57,28.11,26.95,40505.8,111316821.0,4.1473,-1.4301,-0.4,4.946515370560932,高特电子
2026-07-30,301677,100.0,82.4,110.0,81.0,167437.75,1650201840.0,,,,78.09589991948701,欣兴工具
2026-07-31,301677,99.0,88.02,110.0,85.28,157222.22,1527267980.0,30.0,6.8204,5.62,73.33119776298696,欣兴工具
2026-08-03,301677,75.0,71.22,78.99,70.6,128276.16,945392686.0,9.5319,-19.0866,-16.8,59.830248276843804,欣兴工具
2026-08-04,301677,68.99,70.26,74.66,66.03,110531.31,771217757.0,12.1174,-1.3479,-0.96,51.55373936719643,欣兴工具
2026-08-05,301677,67.81,69.62,72.19,66.81,107314.15,739789465.0,7.6573,-0.9109,-0.64,50.05319958220185,欣兴工具
2026-08-06,301677,67.05,64.17,67.09,63.88,100272.38,656230020.0,4.6107,-7.8282,-5.45,46.76879469037759,欣兴工具
2026-08-07,301677,61.68,62.61,63.52,61.58,68245.89,426190957.0,3.0232,-2.431,-1.56,31.831078686594388,欣兴工具
2026-08-10,301677,62.62,63.6,65.58,62.62,67940.78,433768215.0,4.7277,1.5812,0.99,31.688770037413217,欣兴工具
2026-08-11,301677,62.58,62.38,65.0,61.6,55740.26,351864756.0,5.3459,-1.9182,-1.22,25.998233770139556,欣兴工具
2026-08-12,301677,61.76,61.99,62.9,60.26,45701.77,281577556.0,4.2321,-0.6252,-0.39,21.31610617117952,欣兴工具
2026-08-13,301677,62.1,61.27,63.8,61.21,55180.08,345793548.0,4.1781,-1.1615,-0.72,25.736956004421263,欣兴工具
2026-08-14,301677,60.72,59.56,61.47,58.9,50782.83,303802577.0,4.1945,-2.7909,-1.71,23.68600156958823,欣兴工具
2026-08-17,301677,59.0,61.58,61.99,58.58,48404.24,293051956.0,5.7253,3.3915,2.02,22.57658552338902,欣兴工具
2026-08-18,301677,61.29,61.15,61.53,60.06,34193.73,207729085.0,2.3871,-0.6983,-0.43,15.948554707370116,欣兴工具
2026-08-19,301677,60.38,56.4,60.69,56.09,48100.72,277778003.0,7.5225,-7.7678,-4.75,22.435018478062847,欣兴工具
2026-08-20,301677,56.3,55.45,56.5,55.05,28244.27,156937804.0,2.5709,-1.6844,-0.95,13.173622335578264,欣兴工具
2026-08-21,301677,55.0,55.03,55.58,54.23,22645.1,124351706.0,2.4346,-0.7574,-0.42,10.562071356469943,欣兴工具
2026-08-24,301677,54.8,54.08,54.85,52.52,32657.52,174876381.0,4.2341,-1.7263,-0.95,15.232039450713147,欣兴工具
2026-06-25,301678,60.55,67.38,71.0,58.48,155472.36,1029989828.0,,,,11.187398588080631,新恒汇
2026-06-26,301678,66.98,68.7,71.61,64.27,143556.14,979697432.0,10.8934,1.959,1.32,10.329937475357713,新恒汇
2026-06-29,301678,69.5,72.41,73.27,65.13,141667.92,980619851.0,11.8486,5.4003,3.71,10.194065930332052,新恒汇
2026-06-30,301678,73.48,78.84,82.95,73.0,171688.3,1372872721.0,13.7412,8.88,6.43,12.354256698811055,新恒汇
2026-07-01,301678,78.88,73.5,79.0,73.01,133397.86,1004338128.0,7.5977,-6.7732,-5.34,9.59897328770836,新恒汇
2026-07-02,301678,69.55,67.62,72.86,67.62,103737.58,724093280.0,7.1293,-8.0,-5.88,7.464694406278399,新恒汇
2026-07-03,301678,66.78,65.92,68.34,64.3,89142.51,588870337.0,5.9746,-2.514,-1.7,6.414470009408511,新恒汇
2026-07-06,301678,66.0,64.35,67.77,63.36,57946.51,377491206.0,6.6899,-2.3817,-1.57,4.1696845931855675,新恒汇
2026-07-07,301678,63.9,63.87,66.0,62.82,49180.61,316292239.0,4.9417,-0.7459,-0.48,3.538912555742668,新恒汇
2026-07-08,301678,63.58,62.01,65.69,60.1,49635.03,310190663.0,8.7522,-2.9122,-1.86,3.571611471912691,新恒汇
2026-07-09,301678,63.0,63.04,63.37,60.79,66527.81,413278773.0,4.1606,1.661,1.03,4.787173280588887,新恒汇
2026-07-10,301678,63.54,59.4,65.27,59.4,76330.62,476972456.0,9.3115,-5.7741,-3.64,5.492558744302326,新恒汇
2026-07-13,301678,58.62,55.3,59.99,55.2,52683.56,303017649.0,8.064,-6.9024,-4.1,3.790975995727223,新恒汇
2026-07-14,301678,55.24,54.57,55.99,52.34,40292.49,218931408.0,6.6004,-1.3201,-0.73,2.8993458756029233,新恒汇
2026-07-15,301678,54.57,52.0,55.3,51.34,40255.21,212981159.0,7.2567,-4.7095,-2.57,2.896663300903706,新恒汇
2026-07-16,301678,51.56,49.3,52.59,49.04,44904.55,227333973.0,6.8269,-5.1923,-2.7,3.2312180716134757,新恒汇
2026-07-17,301678,48.8,44.85,49.29,44.45,48156.16,224745489.0,9.8174,-9.0264,-4.45,3.4651957196210628,新恒汇
2026-07-20,301678,45.71,40.64,46.09,39.21,63242.21,266766130.0,15.34,-9.3868,-4.21,4.550749797977588,新恒汇
2026-07-21,301678,41.0,43.57,43.73,38.4,69425.59,287307476.0,13.1152,7.2096,2.93,4.995690214920934,新恒汇
2026-07-22,301678,43.1,43.2,44.85,42.51,53543.99,232580588.0,5.3707,-0.8492,-0.37,3.8528903666619803,新恒汇
2026-07-23,301678,43.0,42.15,43.43,41.79,30172.65,127933583.0,3.7963,-2.4306,-1.05,2.17114773332476,新恒汇
2026-07-24,301678,41.4,41.6,42.6,41.1,28219.9,118189118.0,3.5587,-1.3049,-0.55,2.030632772383314,新恒汇
2026-07-27,301678,41.86,42.89,42.9,40.83,30407.01,128343692.0,4.976,3.101,1.29,2.1880116873620086,新恒汇
2026-07-28,301678,42.42,41.33,43.13,41.05,28692.77,120717219.0,4.8496,-3.6372,-1.56,2.0646593039825363,新恒汇
2026-07-29,301678,41.43,40.64,41.91,39.01,38765.02,155821431.0,7.0167,-1.6695,-0.69,2.789432989985599,新恒汇
2026-07-30,301678,40.2,38.75,40.96,38.06,32111.88,126367749.0,7.1358,-4.6506,-1.89,2.3106898291928846,新恒汇
2026-07-31,301678,40.88,40.79,42.48,40.38,45004.89,186264302.0,5.4194,5.2645,2.04,3.238438284738999,新恒汇
2026-08-03,301678,40.73,41.43,41.5,40.27,28703.0,117924096.0,3.0154,1.569,0.64,2.0653954289603527,新恒汇
2026-08-04,301678,42.01,43.38,43.78,41.4,36003.91,154319114.0,5.7446,4.7067,1.95,2.5907504838762474,新恒汇
2026-08-05,301678,43.01,45.02,45.48,42.88,36032.0,160664900.0,5.9935,3.7805,1.64,2.5927717693725194,新恒汇
2026-08-06,301678,44.32,44.99,45.35,43.92,37169.94,166018701.0,3.1764,-0.0666,-0.03,2.674655059426909,新恒汇
2026-08-07,301678,44.34,45.7,46.1,43.97,36767.2,166384166.0,4.7344,1.5781,0.71,2.645674905608162,新恒汇
2026-08-10,301678,46.09,45.77,46.15,45.03,25631.92,116581009.0,2.4508,0.1532,0.07,1.8444082640656878,新恒汇
2026-08-11,301678,45.81,45.98,47.23,45.52,33085.07,153268351.0,3.7361,0.4588,0.21,2.3807181251030656,新恒汇
2026-08-12,301678,46.17,46.7,47.28,45.71,30238.02,141383849.0,3.4145,1.5659,0.72,2.1758515935202496,新恒汇
2026-08-13,301678,47.18,45.2,47.2,45.2,29857.23,138273524.0,4.2827,-3.212,-1.5,2.148450906296133,新恒汇
2026-08-14,301678,45.25,45.9,46.16,45.25,23570.43,107957304.0,2.0133,1.5487,0.7,1.6960686472016848,新恒汇
2026-08-17,301678,45.81,47.26,47.4,45.7,27777.98,129878251.0,3.7037,2.963,1.36,1.9988333246612582,新恒汇
2026-08-18,301678,46.88,47.57,47.96,46.5,28858.1,136479122.0,3.0893,0.6559,0.31,2.0765560334627304,新恒汇
2026-08-19,301678,46.86,44.6,46.98,44.4,33006.46,150387627.0,5.4236,-6.2434,-2.97,2.375061547927489,新恒汇
2026-08-20,301678,45.49,44.68,46.35,44.33,31175.58,140408793.0,4.5291,0.1794,0.08,2.2433160445663445,新恒汇
2026-08-21,301678,44.13,44.47,45.07,43.3,28469.37,126171217.0,3.9615,-0.47,-0.21,2.0485840038804652,新恒汇
2026-08-24,301678,44.17,44.28,44.77,43.22,20823.87,91625793.0,3.4855,-0.4273,-0.19,1.4984331223657672,新恒汇
2026-06-25,301680,116.68,112.98,117.0,112.52,15574.57,177110561.0,,,,9.269209069137412,固德电材
2026-06-26,301680,112.05,103.97,112.3,103.5,20224.2,214864173.0,7.789,-7.9749,-9.01,12.036437478277016,固德电材
2026-06-29,301680,103.1,105.51,105.68,101.17,11166.62,115474856.0,4.3378,1.4812,1.54,6.645816569934915,固德电材
2026-06-30,301680,110.01,120.99,123.0,110.01,33349.64,386221639.0,12.3116,14.6716,15.48,19.84804624079303,固德电材
2026-07-01,301680,118.81,113.16,120.6,112.3,26152.32,300004194.0,6.8601,-6.4716,-7.83,15.564559517404575,固德电材
2026-07-02,301680,111.32,109.59,113.9,108.99,13511.26,150691681.0,4.339,-3.1548,-3.57,8.041229628007294,固德电材
2026-07-03,301680,109.7,110.08,111.7,109.02,11693.73,128818743.0,2.4455,0.4471,0.49,6.959526212797158,固德电材
2026-07-06,301680,109.33,108.74,110.08,106.16,7964.9,85993266.0,3.561,-1.2173,-1.34,4.740312144397732,固德电材
2026-07-07,301680,108.11,109.5,111.13,107.01,8556.27,93184189.0,3.7889,0.6989,0.76,5.092266141664801,固德电材
2026-07-08,301680,109.5,103.0,109.97,103.0,9655.63,101422831.0,6.3653,-5.9361,-6.5,5.746550509210545,固德电材
2026-07-09,301680,103.5,107.01,107.49,101.11,11050.92,115092235.0,6.1942,3.8932,4.01,6.576957687198556,固德电材
2026-07-10,301680,106.0,104.11,107.38,104.06,8736.8,92405450.0,3.1025,-2.71,-2.9,5.19970861444263,固德电材
2026-07-13,301680,102.36,97.07,102.88,96.99,11299.54,111275776.0,5.6575,-6.7621,-7.04,6.724923939799362,固德电材
2026-07-14,301680,97.0,95.65,97.87,89.0,11562.07,106531363.0,9.1377,-1.4629,-1.42,6.881168732234766,固德电材
2026-07-15,301680,95.66,90.23,95.66,90.2,8485.2,78174270.0,5.7083,-5.6665,-5.42,5.049968814127438,固德电材
2026-07-16,301680,89.55,94.04,95.3,87.52,10192.59,93535843.0,8.6224,4.2225,3.81,6.066122381934096,固德电材
2026-07-17,301680,92.69,88.5,93.53,88.0,8971.02,80989120.0,5.8805,-5.8911,-5.54,5.339104703591375,固德电材
2026-07-20,301680,88.2,85.0,90.21,82.9,8211.71,72043818.0,8.2599,-3.9548,-3.5,4.887201175064633,固德电材
2026-07-21,301680,86.0,90.19,90.25,83.0,10076.91,88022859.0,8.5294,6.1059,5.19,5.997275402202532,固德电材
2026-07-22,301680,88.0,86.9,90.45,86.66,6794.0,59956248.0,4.2022,-3.6479,-3.29,4.043450728701954,固德电材
2026-07-23,301680,86.44,91.29,92.95,86.1,11153.25,100454785.0,7.8826,5.0518,4.39,6.637859411229771,固德电材
2026-07-24,301680,89.99,86.37,91.39,86.22,8986.0,79236858.0,5.6633,-5.3894,-4.92,5.348020054182478,固德电材
2026-07-27,301680,86.0,88.7,89.3,86.0,6587.05,57987687.0,3.8208,2.6977,2.33,3.920284386590551,固德电材
2026-07-28,301680,87.34,87.66,90.65,86.9,7578.6,67188042.0,4.2277,-1.1725,-1.04,4.5104056067913785,固德电材
2026-07-29,301680,86.91,87.9,88.8,85.0,7489.59,65049667.0,4.3349,0.2738,0.24,4.457431283953321,固德电材
2026-07-30,301680,87.0,89.1,90.45,86.71,10800.51,96014739.0,4.2548,1.3652,1.2,6.427926115668639,固德电材
2026-07-31,301680,90.22,90.51,92.47,89.5,12228.02,111245672.0,3.3333,1.5825,1.41,7.277509034380639,固德电材
2026-08-03,301680,89.0,90.76,92.0,89.0,6505.0,59022231.0,3.3146,0.2762,0.25,3.8714523094209903,固德电材
2026-08-04,301680,90.79,92.39,92.9,90.16,8592.48,79028746.0,3.019,1.7959,1.63,5.113816531845299,固德电材
2026-08-05,301680,92.39,95.0,95.01,92.07,10844.15,101816376.0,3.1822,2.825,2.61,6.453898472130305,固德电材
2026-08-06,301680,94.05,92.54,94.05,91.52,8441.67,78525683.0,2.6632,-2.5895,-2.46,5.024061924192143,固德电材
2026-08-07,301680,92.0,92.87,93.0,90.02,8186.34,75034735.0,3.2202,0.3566,0.33,4.872102213482772,固德电材
2026-08-10,301680,92.87,92.83,93.96,91.6,5754.71,53233711.0,2.5412,-0.0431,-0.04,3.4249170360565824,固德电材
2026-08-11,301680,92.83,91.65,93.99,91.19,5528.52,51114602.0,3.0163,-1.2711,-1.18,3.290300003332841,固德电材
2026-08-12,301680,91.59,91.2,92.5,90.91,5501.06,50372698.0,1.7349,-0.491,-0.45,3.273957177749951,固德电材
2026-08-13,301680,91.0,92.2,93.36,91.0,7556.72,69584265.0,2.5877,1.0965,1.0,4.497383719546162,固德电材
2026-08-14,301680,91.99,98.88,103.88,90.36,24501.57,236699706.0,14.6638,7.2451,6.68,14.582115259176026,固德电材
2026-08-17,301680,98.97,100.1,102.0,97.08,17323.44,171356141.0,4.9757,1.2338,1.22,10.310049468887925,固德电材
2026-08-18,301680,99.58,98.08,100.56,97.89,11596.51,114320248.0,2.6673,-2.018,-2.02,6.901665706490946,固德电材
2026-08-19,301680,97.1,90.73,97.99,90.5,11068.0,102984203.0,7.6366,-7.4939,-7.35,6.587122853293086,固德电材
2026-08-20,301680,91.5,93.27,93.68,90.73,7931.39,73164809.0,3.2514,2.7995,2.54,4.720368659864496,固德电材
2026-08-21,301680,92.47,93.79,94.21,90.12,8325.64,77148032.0,4.3851,0.5575,0.52,4.955006641876675,固德电材
2026-08-24,301680,92.9,98.15,99.98,92.9,16669.56,162511132.0,7.5488,4.6487,4.36,9.920892630135551,固德电材
2026-06-25,301682,179.71,187.8,191.4,176.07,63146.8,1166316044.0,,,,24.583345677536354,宏明电子
2026-06-26,301682,181.96,171.26,181.96,170.87,47631.34,841361549.0,5.9052,-8.8072,-16.54,18.543104263466468,宏明电子
2026-06-29,301682,172.01,176.07,185.3,165.73,40409.92,714562212.0,11.4271,2.8086,4.81,15.731771557095367,宏明电子
2026-06-30,301682,173.01,175.09,175.96,163.06,37272.97,639770838.0,7.3266,-0.5566,-0.98,14.510542195937754,宏明电子
2026-07-01,301682,175.58,172.51,182.06,171.15,37486.12,665864952.0,6.2311,-1.4735,-2.58,14.59352249155316,宏明电子
2026-07-02,301682,166.05,158.28,167.53,157.92,35260.86,577071325.0,5.5707,-8.2488,-14.23,13.727218327250382,宏明电子
2026-07-03,301682,157.18,156.62,161.57,155.29,24409.18,389056056.0,3.9677,-1.0488,-1.66,9.502608360917842,宏明电子
2026-07-06,301682,158.66,153.94,161.66,151.41,23771.46,371053870.0,6.5445,-1.7111,-2.68,9.25434097119297,宏明电子
2026-07-07,301682,153.11,151.43,155.99,150.66,18414.59,283131613.0,3.4624,-1.6305,-2.51,7.168886332800778,宏明电子
2026-07-08,301682,151.54,143.59,152.92,142.5,25517.48,374749925.0,6.8811,-5.1773,-7.84,9.934074753742395,宏明电子
2026-07-09,301682,145.53,147.79,148.51,138.39,30631.72,441420677.0,7.0478,2.925,4.2,11.925072394127714,宏明电子
2026-07-10,301682,146.37,148.16,154.66,143.72,39817.35,594041706.0,7.4024,0.2504,0.37,15.501081274323514,宏明电子
2026-07-13,301682,144.95,131.22,144.95,130.85,30143.87,412326593.0,9.5167,-11.4336,-16.94,11.735150098955414,宏明电子
2026-07-14,301682,132.13,133.93,135.48,127.4,21116.65,277682976.0,6.1576,2.0652,2.71,8.220810975402522,宏明电子
2026-07-15,301682,134.0,128.03,134.5,127.5,19368.49,251984919.0,5.2266,-4.4053,-5.9,7.5402440808070414,宏明电子
2026-07-16,301682,125.2,124.14,129.0,123.32,17792.89,223715457.0,4.4365,-3.0384,-3.89,6.926855604280499,宏明电子
2026-07-17,301682,123.03,116.01,124.04,115.81,22930.3,274185227.0,6.6296,-6.5491,-8.13,8.926873434435503,宏明电子
2026-07-20,301682,118.5,111.65,119.12,108.66,22574.54,256897247.0,9.0165,-3.7583,-4.36,8.788374396349006,宏明电子
2026-07-21,301682,112.5,120.68,120.68,104.91,32302.28,368887383.0,14.1245,8.0878,9.03,12.57542924443628,宏明电子
2026-07-22,301682,118.0,119.05,122.39,117.68,23133.13,278067820.0,3.9029,-1.3507,-1.63,9.005836105604505,宏明电子
2026-07-23,301682,119.1,122.82,125.1,119.1,25924.96,318923067.0,5.0399,3.1667,3.77,10.09270863062424,宏明电子
2026-07-24,301682,119.3,118.63,121.5,118.06,15949.57,190520218.0,2.8008,-3.4115,-4.19,6.209242474964107,宏明电子
2026-07-27,301682,117.02,121.9,122.06,116.8,15926.78,191741693.0,4.434,2.7565,3.27,6.200370220978298,宏明电子
2026-07-28,301682,118.18,116.17,120.06,115.05,17770.16,208963716.0,4.1099,-4.7006,-5.73,6.918006708576355,宏明电子
2026-07-29,301682,116.0,121.8,122.01,115.0,23133.45,274945999.0,6.0343,4.8463,5.63,9.00596068310672,宏明电子
2026-07-30,301682,120.11,125.98,127.88,120.11,31520.63,392687788.0,6.3793,3.4319,4.18,12.271129230043687,宏明电子
2026-07-31,301682,132.39,125.91,134.5,125.91,36109.0,472223013.0,6.8185,-0.0556,-0.07,14.057403210774897,宏明电子
2026-08-03,301682,123.01,121.82,124.88,120.92,18785.26,229606468.0,3.1451,-3.2484,-4.09,7.313189903881061,宏明电子
2026-08-04,301682,122.54,124.98,125.87,119.23,21715.95,267841990.0,5.4507,2.594,3.16,8.454121278767817,宏明电子
2026-08-05,301682,123.2,130.05,132.27,122.9,31156.24,400866903.0,7.4972,4.0566,5.07,12.129270492444356,宏明电子
2026-08-06,301682,127.6,128.23,130.49,126.18,24603.35,315132892.0,3.3141,-1.3995,-1.82,9.578199653433176,宏明电子
2026-08-07,301682,127.14,129.38,130.9,125.23,24332.51,312529717.0,4.4217,0.8968,1.15,9.472760369996738,宏明电子
2026-08-10,301682,129.33,131.9,131.98,125.53,25563.4,328315837.0,4.9853,1.9478,2.52,9.951951625310116,宏明电子
2026-08-11,301682,129.26,132.78,137.97,129.04,34996.94,469247192.0,6.7703,0.6672,0.88,13.624473032299326,宏明电子
2026-08-12,301682,131.03,131.23,132.0,130.0,20999.11,274774949.0,1.5063,-1.1673,-1.55,8.175052101620516,宏明电子
2026-08-13,301682,132.05,128.7,134.2,128.7,20701.82,272734692.0,4.1911,-1.9279,-2.53,8.059315709016698,宏明电子
2026-08-14,301682,128.83,129.2,130.02,127.55,15230.39,195980862.0,1.9192,0.3885,0.5,5.929262324831866,宏明电子
2026-08-17,301682,128.52,132.55,132.67,128.52,18572.7,242901914.0,3.2121,2.5929,3.35,7.230439298035362,宏明电子
2026-08-18,301682,132.0,132.96,133.92,130.0,19880.9,262876928.0,2.9574,0.3093,0.41,7.73972769927427,宏明电子
2026-08-19,301682,130.0,123.11,130.44,123.11,22841.99,288869062.0,5.5129,-7.4082,-9.85,8.892493936871363,宏明电子
2026-08-20,301682,124.66,124.46,126.49,123.27,11612.27,145009822.0,2.6155,1.0966,1.35,4.520711223860672,宏明电子
2026-08-21,301682,123.0,123.4,125.19,121.02,12627.77,155643466.0,3.3505,-0.8517,-1.06,4.9160501410431445,宏明电子
2026-08-24,301682,114.0,109.68,114.33,106.92,33156.94,364805255.0,6.0049,-11.1183,-13.72,12.908152394568406,宏明电子
2026-06-25,301683,144.95,138.9,147.33,137.58,18147.39,255211822.0,,,,12.721039700259013,慧谷新材
2026-06-26,301683,137.66,131.11,138.86,130.2,17828.43,236235089.0,6.2347,-5.6084,-7.79,12.49745367368469,慧谷新材
2026-06-29,301683,133.97,128.44,135.99,125.5,17127.0,222412051.0,8.0009,-2.0365,-2.67,12.00576209285942,慧谷新材
2026-06-30,301683,128.42,139.83,141.41,127.26,22266.56,300541721.0,11.0168,8.868,11.39,15.608514158135101,慧谷新材
2026-07-01,301683,139.9,144.41,144.94,137.6,20612.57,293486175.0,5.2492,3.2754,4.58,14.449092750768456,慧谷新材
2026-07-02,301683,140.92,142.6,147.87,138.02,18769.25,271091986.0,6.8209,-1.2534,-1.81,13.156953941811276,慧谷新材
2026-07-03,301683,141.5,138.07,144.29,137.24,14828.09,207263371.0,4.9439,-3.1767,-4.53,10.394261740614693,慧谷新材
2026-07-06,301683,137.5,133.3,140.88,133.01,14183.6,193239584.0,5.7,-3.4548,-4.77,9.942484219085706,慧谷新材
2026-07-07,301683,134.0,129.36,134.19,128.5,12098.32,158152812.0,4.2686,-2.9557,-3.94,8.480735192577976,慧谷新材
2026-07-08,301683,129.33,122.34,129.99,121.9,20571.23,255929595.0,6.2539,-5.4267,-7.02,14.420114050183482,慧谷新材
2026-07-09,301683,123.0,123.49,123.51,117.5,16063.51,194142943.0,4.9125,0.94,1.15,11.26027205209717,慧谷新材
2026-07-10,301683,123.0,123.52,127.77,121.0,19862.86,247338291.0,5.4822,0.0243,0.03,13.923557636700746,慧谷新材
2026-07-13,301683,121.3,111.2,121.83,111.0,18992.3,219614854.0,8.7678,-9.9741,-12.32,13.313308541847025,慧谷新材
2026-07-14,301683,111.21,112.2,112.44,107.0,10872.38,119376926.0,4.8921,0.8993,1.0,7.621370214466218,慧谷新材
2026-07-15,301683,111.34,106.88,112.28,106.5,10895.42,118099767.0,5.1515,-4.7415,-5.32,7.637520898101384,慧谷新材
2026-07-16,301683,104.86,107.48,108.77,103.91,7621.49,81524425.0,4.5472,0.5614,0.6,5.3425466067091225,慧谷新材
2026-07-17,301683,106.5,104.3,108.8,103.06,9969.25,105931372.0,5.3405,-2.9587,-3.18,6.9882900533799726,慧谷新材
2026-07-20,301683,104.51,97.16,105.9,96.02,12036.38,121245122.0,9.4727,-6.8456,-7.14,8.437316210617812,慧谷新材
2026-07-21,301683,97.17,100.0,100.49,90.02,14825.29,141563230.0,10.776,2.923,2.84,10.392298983922919,慧谷新材
2026-07-22,301683,98.12,96.96,99.12,95.9,9992.67,97480121.0,3.22,-3.04,-3.04,7.004707111137592,慧谷新材
2026-07-23,301683,96.53,98.76,98.98,96.51,6413.68,62987997.0,2.5474,1.8564,1.8,4.495890478176599,慧谷新材
2026-07-24,301683,97.0,94.51,98.16,94.21,7207.26,69147120.0,3.9996,-4.3034,-4.25,5.052177783697203,慧谷新材
2026-07-27,301683,93.51,96.36,96.43,93.5,6464.68,61561191.0,3.1002,1.9575,1.85,4.5316406893481895,慧谷新材
2026-07-28,301683,95.02,95.05,97.28,94.38,8228.8,78895410.0,3.0095,-1.3595,-1.31,5.768261523309488,慧谷新材
2026-07-29,301683,95.0,95.77,96.12,93.06,7066.94,67007493.0,3.2194,0.7575,0.72,4.953815634058035,慧谷新材
2026-07-30,301683,95.77,100.33,102.41,95.0,15289.2,152089928.0,7.7373,4.7614,4.56,10.717492718523165,慧谷新材
2026-07-31,301683,102.99,100.91,103.8,98.81,12662.27,128146259.0,4.9736,0.5781,0.58,8.876055419837162,慧谷新材
2026-08-03,301683,99.0,99.9,100.38,98.86,6100.14,60767985.0,1.5063,-1.0009,-1.01,4.276103787769923,慧谷新材
2026-08-04,301683,100.94,101.6,101.75,99.5,7318.3,73715439.0,2.2523,1.7017,1.7,5.130015106216682,慧谷新材
2026-08-05,301683,101.0,102.6,104.02,100.23,9466.12,97001140.0,3.7303,0.9843,1.0,6.6356037054042405,慧谷新材
2026-08-06,301683,101.5,102.5,103.95,101.2,7136.14,73172718.0,2.6803,-0.0975,-0.1,5.002323763726153,慧谷新材
2026-08-07,301683,102.43,103.18,103.85,100.21,9353.06,95715735.0,3.5512,0.6634,0.68,6.556350394128553,慧谷新材
2026-08-10,301683,103.35,102.83,103.56,100.46,8835.43,89726166.0,3.0045,-0.3392,-0.35,6.193499770427565,慧谷新材
2026-08-11,301683,101.86,102.74,104.68,101.74,9116.6,94442464.0,2.8591,-0.0875,-0.09,6.390595591508273,慧谷新材
2026-08-12,301683,102.3,102.41,103.32,102.17,6278.0,64447202.0,1.1193,-0.3212,-0.33,4.400780896769513,慧谷新材
2026-08-13,301683,102.96,103.2,108.0,102.89,13600.57,143380823.0,4.9897,0.7714,0.79,9.53378920694115,慧谷新材
2026-08-14,301683,102.42,103.65,105.49,102.11,9604.95,99406754.0,3.2752,0.436,0.45,6.732921388089571,慧谷新材
2026-08-17,301683,103.88,105.37,105.68,102.52,9301.42,97217138.0,3.0487,1.6594,1.72,6.520151552855986,慧谷新材
2026-08-18,301683,105.36,104.08,105.46,103.01,7417.0,77104632.0,2.3251,-1.2243,-1.29,5.199202279601701,慧谷新材
2026-08-19,301683,103.1,99.0,103.1,98.8,8743.01,88071344.0,4.1314,-4.8809,-5.08,6.128714779908381,慧谷新材
2026-08-20,301683,99.98,98.7,101.8,98.07,6429.68,64181018.0,3.7677,-0.303,-0.3,4.5071062307010195,慧谷新材
2026-08-21,301683,98.0,98.78,98.97,96.7,5357.56,52505527.0,2.2999,0.0811,0.08,3.7555666934209095,慧谷新材
2026-08-24,301683,99.45,100.0,101.0,98.38,7660.74,76516395.0,2.6524,1.2351,1.22,5.370060249620592,慧谷新材
2026-06-25,301687,90.0,89.66,97.0,88.66,77270.02,705377121.0,,,,26.161899352724244,新广益
2026-06-26,301687,87.51,83.9,89.43,83.38,58746.31,505435266.0,6.7477,-6.4243,-5.76,19.89018573521707,新广益
2026-06-29,301687,88.0,76.68,88.5,75.5,62367.01,499522292.0,15.4946,-8.6055,-7.22,21.116073718504875,新广益
2026-06-30,301687,79.01,77.78,79.98,74.06,54098.76,415387726.0,7.7204,1.4345,1.1,18.31662932437683,新广益
2026-07-01,301687,78.99,80.93,83.89,76.88,72162.0,579754851.0,9.0126,4.0499,3.15,23.163854756640852,新广益
2026-07-02,301687,80.8,78.0,82.8,76.68,48356.78,386123771.0,7.5621,-3.6204,-2.93,15.522427710136016,新广益
2026-07-03,301687,79.0,73.1,79.0,71.9,65801.8,490652797.0,9.1026,-6.2821,-4.9,21.122243534346747,新广益
2026-07-06,301687,74.0,66.99,74.07,66.03,49699.65,342732028.0,10.9986,-8.3584,-6.11,15.953486240069367,新广益
2026-07-07,301687,66.77,64.27,67.43,63.74,33658.4,219499485.0,5.5083,-4.0603,-2.72,10.804277721528235,新广益
2026-07-08,301687,64.11,58.93,64.5,58.78,38444.09,233616839.0,8.9,-8.3087,-5.34,12.340474446540133,新广益
2026-07-09,301687,59.24,61.91,62.14,58.33,47298.03,286020008.0,6.4653,5.0568,2.98,15.182571120468417,新广益
2026-07-10,301687,61.19,58.6,65.5,58.6,54046.51,333337859.0,11.1452,-5.3465,-3.31,17.34881943049441,新广益
2026-07-13,301687,58.0,53.88,59.1,53.5,44583.14,248918248.0,9.5563,-8.0546,-4.72,14.311096970081,新广益
2026-07-14,301687,53.89,55.44,56.48,53.56,41323.73,227680743.0,5.4195,2.8953,1.56,13.264833010762484,新广益
2026-07-15,301687,55.39,53.2,55.86,52.5,33898.89,181774999.0,6.0606,-4.0404,-2.24,10.881474520819062,新广益
2026-07-16,301687,52.16,52.3,54.59,51.66,29270.56,155602158.0,5.5075,-1.6917,-0.9,9.395790034721065,新广益
2026-07-17,301687,52.3,50.5,53.6,50.08,57798.08,300779229.0,6.7304,-3.4417,-1.8,18.55306574558228,新广益
2026-07-20,301687,51.21,45.25,51.59,44.01,58091.26,276599297.0,15.0099,-10.396,-5.25,18.647175927361502,新广益
2026-07-21,301687,45.77,48.15,48.26,42.0,57119.89,259153878.0,13.8343,6.4088,2.9,18.335368139398884,新广益
2026-07-22,301687,47.49,47.98,48.66,47.06,37532.49,179231212.0,3.3229,-0.3531,-0.17,12.047852706619485,新广益
2026-07-23,301687,47.51,48.58,48.94,47.3,29239.77,140895364.0,3.4181,1.2505,0.6,9.385906507546695,新广益
2026-07-24,301687,47.71,46.2,48.25,45.8,30691.71,143916542.0,5.0432,-4.8991,-2.38,9.851976284927547,新广益
2026-07-27,301687,46.2,47.55,47.66,45.5,26030.1,122068582.0,4.6753,2.9221,1.35,8.355608986735914,新广益
2026-07-28,301687,46.73,45.47,47.66,45.26,24290.66,112303568.0,5.0473,-4.3743,-2.08,7.7972522959860555,新广益
2026-07-29,301687,45.6,45.18,45.78,43.5,28517.25,127455523.0,5.0143,-0.6378,-0.29,9.153979061816695,新广益
2026-07-30,301687,45.12,42.85,45.3,42.68,34669.73,152446002.0,5.799,-5.1571,-2.33,11.128912587954243,新广益
2026-07-31,301687,44.99,44.05,46.88,43.94,42236.42,191473522.0,6.8611,2.8005,1.2,13.557804638459034,新广益
2026-08-03,301687,44.0,45.92,45.95,43.9,33367.34,150982159.0,4.6538,4.2452,1.87,10.710848055423252,新广益
2026-08-04,301687,46.02,46.8,47.02,45.4,43175.26,200727631.0,3.5279,1.9164,0.88,13.859170362797672,新广益
2026-08-05,301687,46.85,49.81,51.26,46.8,68211.05,335479052.0,9.5299,6.4316,3.01,21.895607868379024,新广益
2026-08-06,301687,49.34,50.5,51.46,48.86,59256.59,298046262.0,5.2198,1.3853,0.69,19.021244479557343,新广益
2026-08-07,301687,50.05,51.56,51.88,48.75,56182.71,285394593.0,6.198,2.099,1.06,18.034535271673093,新广益
2026-08-10,301687,52.0,50.97,52.24,49.9,40312.13,204424882.0,4.5384,-1.1443,-0.59,12.940111474887397,新广益
2026-08-11,301687,50.12,50.66,51.36,49.69,29716.18,150353754.0,3.2764,-0.6082,-0.31,9.538833145453228,新广益
2026-08-12,301687,50.8,50.85,51.15,50.45,24532.36,124580696.0,1.3818,0.375,0.19,7.87483750280793,新广益
2026-08-13,301687,51.68,49.88,51.8,49.88,30585.56,155955131.0,3.7758,-1.9076,-0.97,9.817902351521912,新广益
2026-08-14,301687,50.21,51.64,51.88,50.0,36099.06,184583454.0,3.769,3.5285,1.76,11.587724601469798,新广益
2026-08-17,301687,51.65,53.08,53.5,51.19,39826.04,208252804.0,4.4733,2.7885,1.44,12.784077576732475,新广益
2026-08-18,301687,52.6,52.14,53.58,51.8,33729.96,177054230.0,3.3534,-1.7709,-0.94,10.82724833551323,新广益
2026-08-19,301687,51.0,49.3,51.45,49.24,32873.21,165051936.0,4.2386,-5.4469,-2.84,10.552233333673591,新广益
2026-08-20,301687,50.29,49.65,50.46,49.18,19897.83,99064558.0,2.5963,0.7099,0.35,6.387162829360758,新广益
2026-08-21,301687,49.21,49.33,50.36,48.4,18631.91,92104265.0,3.9476,-0.6445,-0.32,5.980805092414349,新广益
2026-08-24,301687,49.4,47.92,49.78,46.93,23205.95,110893047.0,5.7774,-2.8583,-1.41,7.449062599288682,新广益
2026-06-25,301696,111.21,108.05,112.87,106.79,37233.94,405994706.0,,,,12.37692446128181,三瑞智能
2026-06-26,301696,107.36,103.77,108.0,103.61,30917.35,324021338.0,4.0629,-3.9611,-4.28,10.277228396807086,三瑞智能
2026-06-29,301696,103.3,105.05,105.89,102.12,28488.96,296845948.0,3.633,1.2335,1.28,9.470007898720336,三瑞智能
2026-06-30,301696,105.93,118.17,120.5,105.13,57919.26,658297584.0,14.6311,12.4893,13.12,19.252926385801263,三瑞智能
2026-07-01,301696,118.35,118.22,121.5,116.3,43647.74,515471397.0,4.4004,0.0423,0.05,14.508934076964955,三瑞智能
2026-07-02,301696,126.25,135.05,141.86,122.0,121671.59,1630192479.0,16.7992,14.2362,16.83,40.44482207668732,三瑞智能
2026-07-03,301696,127.0,140.4,146.99,127.0,122242.33,1678448786.0,14.8019,3.9615,5.35,40.63454161394371,三瑞智能
2026-07-06,301696,135.24,125.0,135.85,124.28,82589.86,1065876553.0,8.2407,-10.9687,-15.4,27.453674214650402,三瑞智能
2026-07-07,301696,127.02,119.58,130.66,118.9,57003.84,705921671.0,9.408,-4.336,-5.42,18.948631858003598,三瑞智能
2026-07-08,301696,117.0,111.03,117.43,111.0,52317.73,592368304.0,5.3772,-7.15,-8.55,17.390923232828364,三瑞智能
2026-07-09,301696,112.27,115.41,115.7,110.5,42479.27,480977346.0,4.6834,3.9449,4.38,14.120523263463241,三瑞智能
2026-07-10,301696,115.61,125.19,127.85,115.61,69124.81,858368260.0,10.6057,8.4741,9.78,22.97776039200948,三瑞智能
2026-07-13,301696,122.94,119.0,125.19,118.3,39695.07,479918070.0,5.5036,-4.9445,-6.19,13.19502805438516,三瑞智能
2026-07-14,301696,120.2,118.53,122.21,113.0,36488.18,426829488.0,7.7395,-0.395,-0.47,12.129026570641026,三瑞智能
2026-07-15,301696,118.3,114.91,119.73,113.4,30335.39,350252852.0,5.3404,-3.0541,-3.62,10.083779222223692,三瑞智能
2026-07-16,301696,112.4,111.6,116.04,110.0,31997.24,360947454.0,5.2563,-2.8805,-3.31,10.63619435519058,三瑞智能
2026-07-17,301696,111.0,102.31,112.32,100.0,39347.65,415207637.0,11.0394,-8.3244,-9.29,13.079542261145482,三瑞智能
2026-07-20,301696,103.63,95.2,103.91,92.59,39742.86,386833287.0,11.0644,-6.9495,-7.11,13.210913916048058,三瑞智能
2026-07-21,301696,95.6,100.37,100.37,91.7,41159.77,399626020.0,9.1071,5.4307,5.17,13.681908606334254,三瑞智能
2026-07-22,301696,98.6,98.57,100.56,97.51,24438.08,241879708.0,3.0388,-1.7934,-1.8,8.12345591518818,三瑞智能
2026-07-23,301696,97.08,97.9,98.7,96.62,18814.27,183970064.0,2.1102,-0.6797,-0.67,6.254046673120291,三瑞智能
2026-07-24,301696,96.0,93.8,98.76,93.76,22145.39,212129952.0,5.1073,-4.1879,-4.1,7.361343419354105,三瑞智能
2026-07-27,301696,94.01,99.97,100.04,92.12,28849.93,279356776.0,8.4435,6.5778,6.17,9.589997843990401,三瑞智能
2026-07-28,301696,97.44,95.33,99.86,94.57,24800.9,241194978.0,5.2916,-4.6414,-4.64,8.244060818484535,三瑞智能
2026-07-29,301696,96.01,97.42,98.93,95.48,28210.32,274195482.0,3.619,2.1924,2.09,9.377385247668862,三瑞智能
2026-07-30,301696,95.58,89.27,96.23,88.71,37716.43,346727391.0,7.7192,-8.3658,-8.15,12.53730883863548,三瑞智能
2026-07-31,301696,93.99,101.88,105.12,93.99,53005.04,524135268.0,12.4678,14.1257,12.61,17.619391773935845,三瑞智能
2026-08-03,301696,100.06,100.42,103.9,99.6,30039.22,304055718.0,4.2207,-1.4331,-1.46,9.985329428360947,三瑞智能
2026-08-04,301696,100.66,103.39,104.05,98.6,29788.09,303979805.0,5.4272,2.9576,2.97,9.901851369365264,三瑞智能
2026-08-05,301696,102.5,106.0,106.95,102.13,41437.67,436940407.0,4.662,2.5244,2.61,13.774285274175213,三瑞智能
2026-08-06,301696,104.09,104.8,107.49,103.4,33368.74,352649775.0,3.8585,-1.1321,-1.2,11.092094319004458,三瑞智能
2026-08-07,301696,104.03,106.35,106.35,101.88,30057.08,314656883.0,4.2653,1.479,1.55,9.991266266387717,三瑞智能
2026-08-10,301696,107.03,105.6,107.66,103.66,22627.73,236675035.0,3.7612,-0.7052,-0.75,7.521677935246183,三瑞智能
2026-08-11,301696,104.0,105.79,108.56,103.21,29771.97,315640173.0,5.0663,0.1799,0.19,9.896492924292948,三瑞智能
2026-08-12,301696,106.74,105.3,106.86,104.8,19541.37,206406555.0,1.9473,-0.4632,-0.49,6.495741797939153,三瑞智能
2026-08-13,301696,105.68,103.42,106.98,103.42,20590.25,217622251.0,3.3808,-1.7854,-1.88,6.844399730163066,三瑞智能
2026-08-14,301696,102.0,103.48,104.79,101.5,21090.39,216800433.0,3.1812,0.058,0.06,7.010651139497279,三瑞智能
2026-08-17,301696,105.1,110.27,111.1,103.04,47605.34,511147673.0,7.7889,6.5617,6.79,15.824478879582376,三瑞智能
2026-08-18,301696,109.19,114.35,119.9,108.22,51420.96,581702212.0,10.5922,3.7,4.08,17.092828146755178,三瑞智能
2026-08-19,301696,110.9,100.75,111.9,99.02,41300.96,431390431.0,11.2637,-11.8933,-13.6,13.72884153808116,三瑞智能
2026-08-20,301696,102.0,98.53,102.75,98.18,22612.78,224917713.0,4.536,-2.2035,-2.22,7.516708409574278,三瑞智能
2026-08-21,301696,98.4,99.14,99.89,97.58,14583.94,144345224.0,2.3445,0.6191,0.61,4.847843761038081,三瑞智能
2026-08-24,301696,99.4,96.05,99.44,94.44,17018.01,163571901.0,5.0434,-3.1168,-3.09,5.65695234647041,三瑞智能
2026-08-07,301707,108.0,116.52,129.9,106.88,214773.36,2501530168.0,,,,79.39112906266482,展芯股份
2026-08-10,301707,113.0,108.2,115.99,103.02,160181.99,1743062388.0,11.1311,-7.1404,-8.32,59.21138935296484,展芯股份
2026-08-11,301707,102.6,97.8,102.6,97.77,130287.91,1296731676.0,4.464,-9.6118,-10.4,48.16102089251133,展芯股份
2026-08-12,301707,94.0,97.81,100.98,93.93,95433.36,931065576.0,7.2086,0.0102,0.01,35.277011081093825,展芯股份
2026-08-13,301707,97.0,91.2,98.98,91.03,103338.89,981350869.0,8.128,-6.758,-6.61,38.1992960075799,展芯股份
2026-08-14,301707,90.02,88.66,93.2,87.05,75298.05,672535146.0,6.7434,-2.7851,-2.54,27.833979063869872,展芯股份
2026-08-17,301707,87.9,90.3,90.9,87.0,67473.23,603588178.0,4.3988,1.8498,1.64,24.941528647709692,展芯股份
2026-08-18,301707,89.4,85.38,89.86,85.04,74515.94,647650772.0,5.3378,-5.4485,-4.92,27.544871532324994,展芯股份
2026-08-19,301707,84.04,86.1,90.98,83.85,87496.03,767684279.0,8.3509,0.8433,0.72,32.34297126143015,展芯股份
2026-08-20,301707,83.58,79.72,83.97,77.7,72360.04,577259063.0,7.2822,-7.41,-6.38,26.747941525986217,展芯股份
2026-08-21,301707,77.98,80.02,81.49,77.18,54732.63,434690025.0,5.4064,0.3763,0.3,20.231956571658046,展芯股份
2026-08-24,301707,78.5,78.42,79.5,75.18,52925.4,408933249.0,5.3987,-1.9995,-1.6,19.563912684949194,展芯股份
2026-08-11,301717,450.0,503.0,554.73,420.0,149390.86,7040170350.0,,,,85.72691518128335,超纯应材
2026-08-12,301717,499.0,502.0,524.44,491.0,89743.69,4530427695.0,6.6481,-0.1988,-1.0,51.49879785607625,超纯应材
2026-08-13,301717,497.02,510.98,544.0,497.0,64047.63,3333196627.0,9.3625,1.7888,8.98,36.753290961523476,超纯应材
2026-08-14,301717,509.0,538.0,554.6,509.0,49415.97,2634798957.0,8.924,5.2879,27.02,28.357013734246138,超纯应材
2026-08-17,301717,530.23,520.0,537.99,489.68,58215.47,2979221437.0,8.9796,-3.3457,-18.0,33.40654614966769,超纯应材
2026-08-18,301717,510.11,473.0,521.91,440.46,78769.65,3745342549.0,15.6635,-9.0385,-47.0,45.201420651901834,超纯应材
2026-08-19,301717,450.24,383.0,455.0,378.4,71276.26,2895478972.0,16.1945,-19.0275,-90.0,40.901390456277575,超纯应材
2026-08-20,301717,383.0,389.29,390.9,355.6,52812.25,1984941428.0,9.2167,1.6423,6.29,30.305945599903044,超纯应材
2026-08-21,301717,382.54,385.14,404.89,377.0,43415.51,1699065401.0,7.1643,-1.066,-4.15,24.91369112757072,超纯应材
2026-08-24,301717,377.54,389.99,400.55,364.01,43603.19,1663416794.0,9.4875,1.2593,4.85,25.021390001793836,超纯应材
2026-06-25,302132,57.61,57.9,58.19,56.9,70676.13,406490563.0,,,,1.205934281183263,中航成飞
2026-06-26,302132,57.77,57.08,58.53,56.5,76484.74,440255485.0,3.506,-1.4162,-0.82,1.305045564229235,中航成飞
2026-06-29,302132,56.99,57.34,57.79,55.81,66928.78,380199264.0,3.4688,0.4555,0.26,1.141993912227123,中航成飞
2026-06-30,302132,56.75,58.32,58.75,56.75,79188.72,459236388.0,3.488,1.7091,0.98,1.3511830957782023,中航成飞
2026-07-01,302132,57.64,58.5,59.3,57.64,96726.86,565018684.0,2.8464,0.3086,0.18,1.6504332705428848,中航成飞
2026-07-02,302132,58.0,56.85,58.93,56.85,88494.18,512068229.0,3.5556,-2.8205,-1.65,1.5099605106731548,中航成飞
2026-07-03,302132,57.09,58.71,59.11,57.02,104795.87,612531533.0,3.6763,3.2718,1.86,1.7881133582077098,中航成飞
2026-07-06,302132,58.86,57.11,58.93,57.08,71505.16,412941559.0,3.1511,-2.7253,-1.6,1.220079873155112,中航成飞
2026-07-07,302132,56.86,56.69,57.9,56.51,57590.73,328507033.0,2.4339,-0.7354,-0.42,0.9826604199376702,中航成飞
2026-07-08,302132,56.7,55.53,56.9,55.45,56425.59,315268596.0,2.5578,-2.0462,-1.16,0.9627798426002032,中航成飞
2026-07-09,302132,55.57,55.81,55.97,54.04,64143.8,352162089.0,3.4756,0.5042,0.28,1.094474292032727,中航成飞
2026-07-10,302132,55.25,57.1,58.5,54.85,112523.61,642376101.0,6.54,2.3114,1.29,1.9199704163413562,中航成飞
2026-07-13,302132,56.4,54.16,56.44,54.06,84268.37,461141793.0,4.1681,-5.1489,-2.94,1.437856263528227,中航成飞
2026-07-14,302132,54.15,52.52,54.28,51.76,74202.23,391358204.0,4.6529,-3.0281,-1.64,1.2660995005986484,中航成飞
2026-07-15,302132,52.44,53.23,53.93,52.08,54445.26,289615011.0,3.5225,1.3519,0.71,0.928989822758205,中航成飞
2026-07-16,302132,52.95,53.37,55.2,52.8,66725.54,361650253.0,4.5087,0.263,0.14,1.1385260641246917,中航成飞
2026-07-17,302132,53.67,52.91,54.77,52.71,71324.08,383389148.0,3.8598,-0.8619,-0.46,1.2169901372055534,中航成飞
2026-07-20,302132,52.93,55.23,55.25,52.93,106492.61,579833603.0,4.3848,4.3848,2.32,1.8170645321366572,中航成飞
2026-07-21,302132,54.87,55.1,55.76,54.5,85783.2,472506591.0,2.2814,-0.2354,-0.13,1.463703539364706,中航成飞
2026-07-22,302132,54.9,56.34,56.76,54.28,89996.37,502474138.0,4.5009,2.2505,1.24,1.5355921124296557,中航成飞
2026-07-23,302132,56.0,57.69,58.19,55.74,86083.42,491825834.0,4.3486,2.3962,1.35,1.4688261400206395,中航成飞
2026-07-24,302132,57.8,55.69,59.6,55.68,114020.28,658600914.0,6.7949,-3.4668,-2.0,1.9455078313160945,中航成飞
2026-07-27,302132,55.19,56.91,57.35,54.28,91135.16,510801539.0,5.5127,2.1907,1.22,1.5550230843867887,中航成飞
2026-07-28,302132,56.36,56.94,57.3,55.67,71040.02,400265334.0,2.8642,0.0527,0.03,1.2121432717657945,中航成飞
2026-07-29,302132,56.69,58.43,58.66,56.6,86059.17,500007064.0,3.6178,2.6168,1.49,1.4684123665681499,中航成飞
2026-07-30,302132,58.01,58.74,59.49,58.01,83640.85,492781656.0,2.5329,0.5305,0.31,1.4271490009753944,中航成飞
2026-07-31,302132,58.14,58.52,59.68,57.93,86943.08,509357224.0,2.9792,-0.3745,-0.22,1.4834943662543338,中航成飞
2026-08-03,302132,58.27,57.9,58.62,57.78,54133.21,314399515.0,1.4354,-1.0595,-0.62,0.9236653689087477,中航成飞
2026-08-04,302132,57.96,57.99,58.25,57.55,53406.76,309240651.0,1.209,0.1554,0.09,0.9112700812979861,中航成飞
2026-08-05,302132,57.99,57.97,58.32,57.56,54664.05,316825428.0,1.3106,-0.0345,-0.02,0.932722997754913,中航成飞
2026-08-06,302132,57.97,57.85,58.34,57.11,51163.24,295371785.0,2.1218,-0.207,-0.12,0.8729892971277116,中航成飞
2026-08-07,302132,57.7,56.96,57.77,56.35,68506.37,389383046.0,2.4546,-1.5385,-0.89,1.1689120508214674,中航成飞
2026-08-10,302132,56.97,59.78,60.1,56.79,116083.9,679455858.0,5.8111,4.9508,2.82,1.9807190136676947,中航成飞
2026-08-11,302132,58.6,58.16,58.7,57.59,83238.21,483471577.0,1.8568,-2.7099,-1.62,1.420278826010019,中航成飞
2026-08-12,302132,58.08,57.89,58.43,57.81,41892.26,243024166.0,1.066,-0.4642,-0.27,0.7148002083623192,中航成飞
2026-08-13,302132,57.89,57.48,59.08,57.48,67737.74,393430813.0,2.7639,-0.7082,-0.41,1.155797053345716,中航成飞
2026-08-14,302132,57.2,58.0,59.56,57.2,100971.16,591597096.0,4.1058,0.9047,0.52,1.7228530092810717,中航成飞
2026-08-17,302132,58.28,59.4,59.77,57.35,115507.71,680100569.0,4.1724,2.4138,1.4,1.970887585808317,中航成飞
2026-08-18,302132,59.4,60.06,60.25,58.24,91717.81,542816960.0,3.3838,1.1111,0.66,1.564964738081345,中航成飞
2026-08-19,302132,60.27,57.02,60.39,57.02,97126.87,565078709.0,5.6111,-5.0616,-3.04,1.657258570284341,中航成飞
2026-08-20,302132,57.4,57.09,58.27,56.92,44175.78,254001261.0,2.3676,0.1228,0.07,0.7537635054439167,中航成飞
2026-08-21,302132,56.58,56.84,57.22,56.31,44796.0,254040080.0,1.594,-0.4379,-0.25,0.7643462093904327,中航成飞
2026-08-24,302132,56.0,56.7,57.98,55.05,59232.75,336666987.0,5.1548,-0.2463,-0.14,1.0106779162039279,中航成飞
