代码,名称,最新价,涨跌额,涨跌幅,买入,卖出,昨收,今开,最高,最低,成交量,成交额,时间戳
bj920000,安徽凤凰,13.56,0.14,1.043,13.46,13.56,13.42,13.38,13.74,13.0,656429.0,8895246.0,15:30:01
bj920001,纬达光电,10.93,-0.92,-7.764,10.91,10.93,11.85,11.62,11.85,10.81,3458589.0,38661324.0,15:30:01
bj920002,万达轴承,52.0,-0.64,-1.216,51.92,52.0,52.64,52.0,53.5,51.0,738563.0,38467356.0,15:30:01
bj920003,中诚咨询,15.19,-0.3,-1.937,15.13,15.19,15.49,15.39,15.44,15.0,474464.0,7195277.0,15:30:01
bj920005,鼎佳精密,22.42,-1.51,-6.31,22.35,22.42,23.93,23.92,23.98,22.22,654340.0,14912393.0,15:30:01
bj920006,晟楠科技,14.94,-0.17,-1.125,14.89,14.94,15.11,15.11,15.46,14.81,818635.0,12372107.0,15:30:01
bj920007,酉立智能,32.65,-0.1,-0.305,32.65,32.72,32.75,32.8,33.48,32.41,148238.0,4879463.0,15:30:01
bj920008,成电光信,18.76,-0.09,-0.477,18.76,18.77,18.85,18.8,19.17,18.66,191881.0,3616631.0,15:30:01
bj920009,丹娜生物,35.75,-2.11,-5.573,35.75,35.78,37.86,37.9,38.37,35.75,574987.0,21135808.0,15:30:01
bj920010,凯添燃气,8.36,-0.24,-2.791,8.35,8.36,8.6,8.45,8.6,8.31,5365581.0,45121223.0,15:30:01
bj920011,晨光电机,18.13,-0.47,-2.527,18.06,18.13,18.6,18.5,18.69,17.97,575063.0,10466479.0,15:30:01
bj920012,创达新材,54.97,1.17,2.175,54.97,54.98,53.8,53.73,54.99,52.52,1055530.0,57018007.0,15:30:01
bj920014,特瑞斯,8.62,-0.1,-1.147,8.62,8.65,8.72,8.74,8.79,8.58,769282.0,6658159.0,15:30:01
bj920015,锦华新材,39.49,0.44,1.127,39.49,39.52,39.05,39.35,39.94,38.64,912510.0,36001158.0,15:30:01
bj920016,中草香料,12.67,-0.25,-1.935,12.67,12.71,12.92,12.99,13.01,12.52,532047.0,6774985.0,15:30:01
bj920017,星昊医药,16.27,-0.63,-3.728,16.27,16.29,16.9,16.81,16.98,16.15,2803522.0,46160554.0,15:30:01
bj920018,宏远股份,14.8,-0.2,-1.333,14.79,14.8,15.0,15.06,15.21,14.61,791363.0,11741796.0,15:30:01
bj920019,铜冠矿建,14.62,-0.12,-0.814,14.61,14.62,14.74,14.85,15.0,14.51,1553048.0,22988206.0,15:30:01
bj920020,泰凯英,15.18,0.33,2.222,15.15,15.18,14.85,14.86,15.31,14.82,575666.0,8727493.0,15:30:01
bj920021,流金科技,6.45,-0.12,-1.826,6.45,6.46,6.57,6.58,6.66,6.4,6575220.0,42828387.0,15:30:01
bj920022,世昌股份,18.13,-0.53,-2.84,18.02,18.13,18.66,18.6,18.75,17.86,233858.0,4235455.0,15:30:01
bj920023,*ST田野,1.82,-0.07,-3.704,1.82,1.83,1.89,1.88,1.9,1.82,3668132.0,6768733.0,15:30:01
bj920026,卓兆点胶,20.93,0.12,0.577,20.93,20.95,20.81,20.5,21.7,19.88,3685332.0,76131660.0,15:30:01
bj920027,交大铁发,11.43,-0.49,-4.111,11.43,11.45,11.92,11.74,11.81,11.4,1737129.0,20173173.0,15:30:01
bj920028,新恒泰,13.65,-0.31,-2.221,13.65,13.71,13.96,14.08,14.1,13.51,883623.0,12186432.0,15:30:01
bj920029,开发科技,34.8,0.3,0.87,34.8,34.84,34.5,34.45,35.34,34.26,789738.0,27663384.0,15:30:01
bj920030,德众汽车,4.34,-0.03,-0.686,4.3,4.34,4.37,4.38,4.43,4.29,680041.0,2955997.0,15:30:01
bj920033,康普化学,14.66,0.24,1.664,14.65,14.66,14.42,14.41,14.76,14.33,749445.0,10941492.0,15:30:01
bj920035,精创电气,23.13,-0.06,-0.259,23.13,23.18,23.19,23.15,23.68,22.9,422710.0,9862446.0,15:30:01
bj920036,觅睿科技,28.6,-0.02,-0.07,28.6,28.71,28.62,28.53,28.85,28.07,258605.0,7352910.0,15:30:01
bj920037,广信科技,42.35,0.95,2.295,42.35,42.39,41.4,41.81,42.96,41.31,1033265.0,43693932.0,15:30:01
bj920038,森合高科,39.3,0.59,1.524,39.3,39.31,38.71,39.15,41.5,38.52,6413802.0,255403106.0,15:30:01
bj920039,国义招标,8.55,-0.15,-1.724,8.4,8.55,8.7,8.74,8.74,8.39,1014709.0,8645979.0,15:30:01
bj920045,蘅东光,450.5,49.01,12.207,450.11,450.5,401.49,452.0,465.97,438.8,3447094.0,1565769564.0,15:30:01
bj920046,亿能电力,20.1,0.03,0.149,20.09,20.1,20.07,20.3,20.45,19.86,2171658.0,43621483.0,15:30:01
bj920047,诺思兰德,16.88,-0.16,-0.939,16.88,16.9,17.04,16.9,17.28,16.75,3143811.0,53158130.0,15:30:01
bj920050,爱伦医疗,28.75,-0.7,-2.377,28.75,28.84,29.45,29.79,29.79,28.63,189736.0,5501018.0,15:30:01
bj920055,隆源股份,26.11,-0.32,-1.211,26.11,26.26,26.43,26.48,26.75,25.99,241980.0,6374427.0,15:30:01
bj920056,能之光,15.65,-0.29,-1.819,15.65,15.73,15.94,15.91,16.18,15.61,263581.0,4183550.0,15:30:01
bj920057,百甲科技,4.87,-0.01,-0.205,4.81,4.87,4.88,4.86,4.94,4.79,482682.0,2334731.0,15:30:01
bj920058,华洋赛车,29.15,-0.33,-1.119,29.1,29.15,29.48,29.37,29.97,28.48,547078.0,16041593.0,15:30:01
bj920059,双英集团,14.96,-0.66,-4.225,14.96,14.97,15.62,15.3,15.88,14.65,9004082.0,136895831.0,15:30:01
bj920060,万源通,20.66,-0.71,-3.322,20.66,20.74,21.37,21.25,21.53,20.59,1280245.0,26756564.0,15:30:01
bj920061,西磁科技,17.81,0.42,2.415,17.81,17.86,17.39,17.28,18.87,17.28,1183287.0,21216797.0,15:30:01
bj920062,科润智控,7.15,-0.08,-1.107,7.15,7.16,7.23,7.22,7.33,7.12,1411697.0,10189155.0,15:30:01
bj920065,千岸科技,33.0,-0.48,-1.434,33.0,33.05,33.48,33.36,33.73,32.37,1332728.0,43999156.0,15:30:01
bj920066,科拜尔,16.73,-0.36,-2.106,16.73,16.74,17.09,16.98,17.17,16.58,392925.0,6620203.0,15:30:01
bj920068,天工股份,15.52,0.25,1.637,15.52,15.58,15.27,15.42,15.81,15.1,2224124.0,34495758.0,15:30:01
bj920069,普昂医疗,33.18,-0.04,-0.12,33.17,33.18,33.22,33.48,33.87,32.91,296919.0,9874205.0,15:30:01
bj920072,科莱瑞迪,24.64,-0.93,-3.637,24.63,24.64,25.57,25.6,25.73,24.45,926887.0,23133451.0,15:30:01
bj920075,柏星龙,15.08,-0.26,-1.695,15.08,15.09,15.34,15.33,15.5,14.94,425817.0,6495146.0,15:30:01
bj920076,国亮新材,12.68,0.03,0.237,12.62,12.68,12.65,12.6,12.76,12.56,351631.0,4431305.0,15:30:01
bj920077,吉林碳谷,13.46,-0.34,-2.464,13.46,13.47,13.8,13.85,13.89,13.32,2846713.0,38642897.0,15:30:01
bj920078,族兴新材,21.49,1.57,7.882,21.49,21.5,19.92,19.9,21.78,19.45,6508276.0,135441639.0,15:30:01
bj920079,乔路铭,14.01,0.44,3.242,14.0,14.01,13.57,13.54,14.19,13.51,4618082.0,63991925.0,15:30:01
bj920080,奥美森,20.75,-0.51,-2.399,20.75,20.92,21.26,21.6,21.7,20.75,153288.0,3235314.0,15:30:01
bj920081,欧伦电气,41.12,-0.25,-0.604,41.02,41.12,41.37,41.59,41.94,40.63,1047821.0,43155175.0,15:30:01
bj920082,方正阀门,7.85,-0.18,-2.242,7.84,7.85,8.03,8.01,8.17,7.82,777215.0,6226211.0,15:30:01
bj920083,金戈新材,44.5,3.46,8.431,44.5,44.51,41.04,40.54,45.97,38.85,7815542.0,337097256.0,15:30:01
bj920086,科马材料,19.9,-0.46,-2.259,19.9,19.91,20.36,20.25,20.47,19.82,550889.0,11048176.0,15:30:01
bj920087,秋乐种业,15.4,1.13,7.919,15.4,15.42,14.27,14.49,16.66,13.87,25732524.0,394222148.0,15:30:01
bj920088,科力股份,44.2,-2.0,-4.329,44.2,44.21,46.2,43.51,44.65,43.04,4959008.0,217347620.0,15:30:01
bj920089,禾昌聚合,9.77,-0.22,-2.202,9.76,9.77,9.99,9.93,10.07,9.75,983295.0,9712348.0,15:30:01
bj920090,*ST同辉,3.79,-0.14,-3.562,3.79,3.81,3.93,3.93,3.93,3.79,2341156.0,8965031.0,15:30:01
bj920091,大鹏工业,27.87,-0.46,-1.624,27.87,27.94,28.33,28.3,28.82,27.6,431381.0,12047420.0,15:30:01
bj920092,汉鑫科技,27.26,-0.42,-1.517,27.26,27.3,27.68,28.28,28.96,27.1,2025187.0,56941957.0,15:30:01
bj920093,信胜科技,19.39,-3.8,-16.386,19.39,19.4,23.19,21.21,21.87,19.13,12409275.0,246812122.0,15:30:01
bj920096,嘉晨智能,33.2,-0.84,-2.468,33.19,33.2,34.04,34.04,34.4,32.68,778015.0,25839198.0,15:30:01
bj920098,科隆新材,16.48,-0.52,-3.059,16.48,16.5,17.0,16.9,17.09,16.35,495313.0,8329079.0,15:30:01
bj920099,瑞华技术,17.76,-0.53,-2.898,17.64,17.76,18.29,18.26,18.26,17.52,656206.0,11667197.0,15:30:01
bj920100,三协电机,31.46,-0.63,-1.963,31.46,31.47,32.09,32.27,32.35,31.33,906623.0,28782616.0,15:30:01
bj920101,志高机械,15.95,-0.29,-1.786,15.94,15.95,16.24,16.22,16.48,15.91,302479.0,4871085.0,15:30:01
bj920106,林泰新材,34.73,-0.96,-2.69,34.73,34.84,35.69,35.49,35.91,34.7,314879.0,11051849.0,15:30:01
bj920107,恒兴股份,20.7,-0.55,-2.588,20.7,20.71,21.25,21.22,21.39,20.36,2876245.0,59618826.0,15:30:01
bj920108,宏海科技,8.89,-0.14,-1.55,8.88,8.89,9.03,9.1,9.1,8.82,333384.0,2975788.0,15:30:01
bj920110,雷特科技,25.41,-0.51,-1.968,25.41,25.74,25.92,26.18,26.33,25.4,96100.0,2466388.0,15:30:01
bj920111,聚星科技,29.09,-0.06,-0.206,29.08,29.09,29.15,29.25,30.3,28.44,3334568.0,97623135.0,15:30:01
bj920112,巴兰仕,15.34,-0.19,-1.223,15.32,15.34,15.53,15.56,15.77,15.3,234012.0,3640656.0,15:30:01
bj920116,星图测控,42.92,-2.32,-5.128,42.91,42.92,45.24,45.3,45.58,42.89,2263613.0,99110316.0,15:30:01
bj920117,龙鑫智能,30.13,0.25,0.837,30.12,30.13,29.88,29.79,31.6,29.56,3468077.0,105701789.0,15:30:01
bj920118,太湖远大,20.56,0.67,3.369,20.45,20.56,19.89,19.98,20.85,19.95,899569.0,18434577.0,15:30:01
bj920119,美德乐,51.52,1.22,2.425,51.52,51.54,50.3,50.33,52.18,50.01,531147.0,27307706.0,15:30:01
bj920121,江天科技,28.37,0.07,0.247,28.35,28.37,28.3,28.2,28.47,28.1,146982.0,4152622.0,15:30:01
bj920122,中纺标,22.3,-0.68,-2.959,22.29,22.3,22.98,22.78,23.31,22.23,1089186.0,24743317.0,15:30:01
bj920123,芭薇股份,10.19,-0.22,-2.113,10.16,10.19,10.41,10.41,10.56,10.1,605280.0,6215096.0,15:30:01
bj920124,南特科技,12.27,-0.26,-2.075,12.25,12.27,12.53,12.46,12.58,12.21,667760.0,8240124.0,15:30:01
bj920125,鸿仕达,120.0,-0.5,-0.415,119.52,120.0,120.5,121.5,124.98,119.1,1199763.0,145504636.0,15:30:01
bj920126,永大股份,9.87,-0.14,-1.399,9.87,9.89,10.01,10.05,10.09,9.85,1201769.0,11930321.0,15:30:01
bj920128,胜业电气,17.0,-0.56,-3.189,16.99,17.0,17.56,17.56,17.72,16.91,624516.0,10758106.0,15:30:01
bj920130,立方控股,16.63,-0.5,-2.919,16.63,16.65,17.13,17.4,17.4,16.31,1677142.0,27993531.0,15:30:01
bj920132,泰鹏智能,8.25,-0.15,-1.786,8.24,8.25,8.4,8.36,8.56,8.17,559470.0,4648049.0,15:30:01
bj920136,永励精密,20.23,-0.15,-0.736,20.21,20.23,20.38,20.38,20.49,19.94,798804.0,16098110.0,15:30:01
bj920138,杰理科技,37.75,-1.79,-4.527,37.74,37.75,39.54,40.05,40.05,37.3,3896681.0,148621527.0,15:30:01
bj920139,华岭股份,14.7,0.01,0.068,14.68,14.7,14.69,14.79,14.88,14.35,2486581.0,36325019.0,15:30:01
bj920145,恒合股份,9.63,-0.33,-3.313,9.63,9.68,9.96,9.9,10.12,9.6,402185.0,3941441.0,15:30:01
bj920146,华阳变速,4.9,-0.07,-1.408,4.85,4.9,4.97,5.02,5.03,4.83,1230996.0,6040292.0,15:30:01
bj920149,旭杰科技,7.79,0.08,1.038,7.73,7.79,7.71,7.45,7.79,7.45,1047915.0,7914699.0,15:30:01
bj920152,昆工科技,12.77,0.06,0.472,12.76,12.77,12.71,12.73,13.27,12.63,666175.0,8618145.0,15:30:01
bj920156,海昌智能,37.78,-0.28,-0.736,37.75,37.78,38.06,37.94,38.08,37.01,686955.0,25735253.0,15:30:01
bj920158,长江能科,7.96,-0.12,-1.485,7.94,7.96,8.08,8.04,8.13,7.92,882745.0,7054738.0,15:30:01
bj920159,农大科技,28.47,0.08,0.282,28.47,28.57,28.39,28.11,28.66,27.84,871255.0,24646777.0,15:30:01
bj920160,北矿检测,20.37,0.17,0.842,20.36,20.37,20.2,20.1,20.37,20.08,269962.0,5467182.0,15:30:01
bj920161,龙辰科技,27.51,1.01,3.811,27.51,27.52,26.5,26.2,27.67,25.57,4750331.0,126795634.0,15:30:01
bj920163,方大新材,10.85,-0.15,-1.364,10.83,10.85,11.0,10.99,11.1,10.83,266238.0,2914675.0,15:30:01
bj920165,珈凯生物,36.19,-1.16,-3.106,36.19,36.24,37.35,37.08,37.19,35.57,901682.0,32728252.0,15:30:01
bj920166,海圣医疗,20.43,-0.71,-3.359,20.43,20.58,21.14,21.01,21.2,20.35,269870.0,5578890.0,15:30:01
bj920167,同享科技,14.4,-0.38,-2.571,14.36,14.4,14.78,14.76,14.93,14.25,934127.0,13608478.0,15:30:01
bj920168,通宝光电,14.93,-0.27,-1.776,14.88,14.92,15.2,15.18,15.29,14.84,160062.0,2396690.0,15:30:01
bj920169,七丰精工,19.9,-0.96,-4.602,19.89,19.9,20.86,20.29,21.63,19.73,4163579.0,84134143.0,15:30:01
bj920171,志晟信息,15.85,-0.27,-1.675,15.8,15.85,16.12,16.01,16.39,15.72,1082730.0,17279971.0,15:30:01
bj920174,五新智能,28.54,0.31,1.098,28.49,28.54,28.23,28.23,28.9,28.22,675654.0,19280709.0,15:30:01
bj920175,东方碳素,7.68,-0.03,-0.389,7.65,7.68,7.71,7.68,7.85,7.6,954254.0,7384745.0,15:30:01
bj920176,维琪科技,53.49,-1.29,-2.355,53.49,53.5,54.78,54.97,54.97,51.25,1316044.0,69308274.0,15:30:01
bj920177,恒道科技,24.09,-0.7,-2.824,24.05,24.09,24.79,24.98,24.98,23.85,340430.0,8246814.0,15:30:01
bj920178,锐翔智能,93.38,2.57,2.83,93.33,93.38,90.81,90.5,93.94,90.06,972048.0,89958258.0,15:30:01
bj920179,凯德石英,51.37,-1.08,-2.059,51.37,51.39,52.45,52.32,53.4,50.77,2208952.0,114704913.0,15:30:01
bj920180,爱得科技,11.76,-0.49,-4.0,11.76,11.79,12.25,12.25,12.25,11.71,436135.0,5183664.0,15:30:01
bj920181,赛英电子,78.0,4.31,5.849,78.0,78.01,73.69,73.19,78.39,73.19,1204537.0,91618427.0,15:30:01
bj920183,海菲曼,27.75,-0.39,-1.386,27.6,27.75,28.14,28.0,28.37,27.38,146877.0,4080695.0,15:30:01
bj920184,国源科技,10.65,-0.31,-2.828,10.64,10.65,10.96,11.06,11.06,10.57,929993.0,9998515.0,15:30:01
bj920185,贝特瑞,20.92,0.52,2.549,20.92,20.93,20.4,20.4,21.16,20.28,5820699.0,121720696.0,15:30:01
bj920186,中科仪,74.12,0.72,0.981,74.11,74.12,73.4,73.0,75.31,72.4,3541467.0,261889375.0,15:30:01
bj920187,通领科技,18.8,-0.06,-0.318,18.7,18.8,18.86,18.9,18.99,18.63,232582.0,4371697.0,15:30:01
bj920188,悦龙科技,21.11,-0.39,-1.814,21.1,21.11,21.5,21.25,21.55,21.0,477207.0,10154204.0,15:30:01
bj920189,康美特,20.87,0.11,0.53,20.86,20.87,20.76,20.8,21.16,20.06,4528289.0,93274552.0,15:30:01
bj920190,雷神科技,24.95,-0.3,-1.188,24.95,24.96,25.25,25.8,25.98,24.7,3993463.0,101383124.0,15:30:01
bj920191,瑞尔竞达,8.47,-0.28,-3.2,8.46,8.47,8.75,8.71,8.75,8.44,887661.0,7590796.0,15:30:01
bj920193,吉和昌,32.03,-0.5,-1.537,32.0,32.03,32.53,32.17,33.43,31.53,3088476.0,100564758.0,15:30:01
bj920195,三祥科技,12.0,-0.11,-0.908,12.0,12.01,12.11,12.18,12.25,11.88,353123.0,4243704.0,15:30:01
bj920198,微创光电,7.45,-0.19,-2.487,7.45,7.46,7.64,7.64,7.71,7.44,1155528.0,8691498.0,15:30:01
bj920199,倍益康,24.77,-0.55,-2.172,24.77,24.83,25.32,25.28,25.68,24.67,800576.0,19963870.0,15:30:01
bj920200,振宏股份,26.8,0.03,0.112,26.8,26.81,26.77,26.51,26.98,25.98,1161169.0,30651900.0,15:30:01
bj920204,沪江材料,12.47,-0.25,-1.965,12.46,12.47,12.72,12.8,12.8,12.44,242193.0,3044076.0,15:30:01
bj920206,彩客科技,47.41,4.81,11.291,47.41,47.45,42.6,42.95,48.84,40.5,4398126.0,196048969.0,15:30:01
bj920207,众诚科技,20.65,0.23,1.126,20.62,20.65,20.42,20.58,20.69,20.1,1379906.0,28244000.0,15:30:01
bj920208,青矩技术,11.98,-0.26,-2.124,11.98,11.99,12.24,12.2,12.32,11.93,1211240.0,14647064.0,15:30:01
bj920211,新睿电子,103.3,-5.2,-4.793,103.29,103.3,108.5,107.02,108.24,101.31,573410.0,59330536.0,15:30:01
bj920212,智新电子,9.42,-0.24,-2.484,9.42,9.49,9.66,9.7,9.75,9.41,372612.0,3538572.0,15:30:01
bj920218,新天力,16.26,-0.18,-1.095,16.26,16.27,16.44,16.31,16.6,16.11,817227.0,13368911.0,15:30:01
bj920220,朗信电气,39.1,-0.39,-0.988,39.04,39.1,39.49,39.45,39.69,38.51,539666.0,20970739.0,15:30:01
bj920221,易实精密,12.48,-0.22,-1.732,12.48,12.51,12.7,12.77,12.86,12.42,680371.0,8580525.0,15:30:01
bj920222,益坤电气,24.68,-0.37,-1.477,24.67,24.68,25.05,24.99,25.13,23.88,969604.0,23725148.0,15:30:01
bj920223,荣亿精密,11.09,-0.01,-0.09,11.09,11.1,11.1,11.0,11.44,11.0,1975135.0,22216920.0,15:30:01
bj920225,利通科技,14.5,-0.24,-1.628,14.49,14.5,14.74,14.66,14.97,14.4,1392171.0,20455661.0,15:30:01
bj920227,美登科技,46.78,-0.32,-0.679,46.73,46.78,47.1,47.25,47.73,46.3,162481.0,7610728.0,15:30:01
bj920230,欧康医药,10.31,-0.46,-4.271,10.31,10.32,10.77,10.68,10.93,10.3,1697585.0,17827856.0,15:30:01
bj920237,力佳科技,12.13,0.27,2.277,12.12,12.13,11.86,12.05,12.61,11.88,1592540.0,19630969.0,15:30:01
bj920238,长鹰硬科,68.79,2.8,4.243,68.78,68.79,65.99,66.2,68.98,66.0,2999518.0,203602938.0,15:30:01
bj920239,长虹能源,22.05,0.86,4.059,22.04,22.05,21.19,21.18,22.82,21.18,1837504.0,40822785.0,15:30:01
bj920242,建邦科技,13.41,-0.27,-1.974,13.41,13.55,13.68,13.67,13.98,13.31,307520.0,4166375.0,15:30:01
bj920245,威博液压,12.8,0.07,0.55,12.8,12.81,12.73,12.79,13.11,12.38,666704.0,8493149.0,15:30:01
bj920247,华密新材,13.75,-0.01,-0.073,13.7,13.75,13.76,13.62,13.96,13.56,1107294.0,15209211.0,15:30:01
bj920249,利尔达,9.07,-0.14,-1.52,9.07,9.08,9.21,9.25,9.29,9.03,3893023.0,35551686.0,15:30:01
bj920252,天宏锂电,16.21,0.72,4.648,16.2,16.21,15.49,15.36,16.78,15.34,4262021.0,69015161.0,15:30:01
bj920258,聚仁新材,11.52,-0.08,-0.69,11.51,11.52,11.6,11.58,11.68,11.27,2432080.0,27921782.0,15:30:01
bj920260,中寰股份,7.83,-0.14,-1.757,7.8,7.83,7.97,7.93,7.98,7.65,457996.0,3561610.0,15:30:01
bj920261,一诺威,13.58,-0.11,-0.804,13.58,13.59,13.69,13.62,13.8,13.46,811964.0,11067205.0,15:30:01
bj920262,太湖雪,13.42,-0.02,-0.149,13.4,13.42,13.44,13.43,13.66,13.32,335633.0,4515420.0,15:30:01
bj920263,中航泰达,6.62,-0.18,-2.647,6.61,6.62,6.8,6.89,6.89,6.62,433769.0,2904897.0,15:30:01
bj920266,生物谷,7.35,-0.22,-2.906,7.35,7.36,7.57,7.51,7.66,7.27,3155225.0,23442281.0,15:30:01
bj920267,鑫汇科,15.39,-0.3,-1.912,15.39,15.4,15.69,15.89,15.89,15.15,920449.0,14188106.0,15:30:01
bj920270,天铭科技,12.6,-0.52,-3.963,12.56,12.6,13.12,13.0,13.64,12.5,2253827.0,29613373.0,15:30:01
bj920271,邦德股份,8.9,-0.14,-1.549,8.9,8.95,9.04,9.06,9.2,8.89,515415.0,4635903.0,15:30:01
bj920273,一致魔芋,17.13,-0.51,-2.891,17.09,17.13,17.64,17.69,17.88,17.05,1432998.0,25058926.0,15:30:01
bj920274,宏裕包材,15.61,0.27,1.76,15.61,15.62,15.34,15.47,15.85,15.17,970392.0,15135069.0,15:30:01
bj920275,驱动力,6.29,-0.07,-1.101,6.29,6.3,6.36,6.4,6.48,6.23,550373.0,3478797.0,15:30:01
bj920278,鹿得医疗,6.2,-0.09,-1.431,6.19,6.2,6.29,6.27,6.38,6.19,928013.0,5806160.0,15:30:01
bj920284,灵鸽科技,16.65,-0.16,-0.952,16.56,16.65,16.81,16.67,17.98,15.99,4834566.0,82354842.0,15:30:01
bj920299,灿能电力,14.74,0.07,0.477,14.74,14.75,14.67,14.69,14.93,14.53,678787.0,9984645.0,15:30:01
bj920300,辰光医疗,9.57,0.25,2.682,9.56,9.57,9.32,9.37,9.57,9.15,1675595.0,15670278.0,15:30:01
bj920304,迪尔化工,9.89,0.45,4.767,9.88,9.89,9.44,9.35,9.89,9.33,4485760.0,43428047.0,15:30:01
bj920339,恒太照明,10.53,-0.51,-4.62,10.5,10.53,11.04,10.97,10.98,10.42,1074617.0,11413118.0,15:30:01
bj920344,三元基因,24.6,-2.2,-8.209,24.6,24.61,26.8,25.01,25.97,23.32,9556521.0,234921078.0,15:30:01
bj920346,威贸电子,14.28,-0.15,-1.04,14.27,14.28,14.43,14.43,14.64,14.21,175563.0,2514228.0,15:30:01
bj920351,华光源海,12.8,-0.5,-3.759,12.78,12.8,13.3,13.14,13.14,12.64,2731709.0,35164609.0,15:30:01
bj920357,雅葆轩,15.02,-0.47,-3.034,15.02,15.09,15.49,15.41,15.7,14.91,1115159.0,16936860.0,15:30:01
bj920363,莱赛激光,9.92,-0.13,-1.294,9.92,9.93,10.05,10.09,10.18,9.8,578855.0,5735384.0,15:30:01
bj920367,新赣江,26.09,-1.44,-5.231,26.09,26.1,27.53,27.54,28.77,25.58,6219392.0,168500364.0,15:30:01
bj920368,连城数控,23.05,-0.27,-1.158,23.05,23.08,23.32,23.34,23.76,22.91,2695245.0,63040627.0,15:30:01
bj920370,新安洁,2.72,-0.05,-1.805,2.71,2.72,2.77,2.78,2.79,2.7,1911974.0,5229163.0,15:30:01
bj920371,欧福蛋业,6.82,-0.59,-7.962,6.82,6.85,7.41,7.0,7.17,6.77,4703989.0,32802076.0,15:30:01
bj920374,云里物里,14.35,-0.09,-0.623,14.33,14.35,14.44,14.44,14.71,14.15,357702.0,5164020.0,15:30:01
bj920375,派诺科技,6.8,-0.09,-1.306,6.8,6.83,6.89,6.93,7.06,6.8,1286651.0,8875631.0,15:30:01
bj920378,泰德股份,6.8,-0.1,-1.449,6.8,6.82,6.9,6.89,6.96,6.75,309580.0,2113131.0,15:30:01
bj920392,佳合科技,13.48,-0.11,-0.809,13.4,13.48,13.59,13.74,13.84,13.33,309398.0,4179907.0,15:30:01
bj920394,民士达,42.3,-0.57,-1.33,42.3,42.31,42.87,42.45,43.21,41.7,1096343.0,46326391.0,15:30:01
bj920395,朗鸿科技,6.69,-0.2,-2.903,6.68,6.69,6.89,6.85,7.03,6.66,360642.0,2448764.0,15:30:01
bj920396,常辅股份,19.03,-0.37,-1.907,19.03,19.05,19.4,19.29,19.59,18.84,578258.0,11041803.0,15:30:01
bj920402,硅烷科技,8.56,-0.22,-2.506,8.55,8.56,8.78,8.79,8.9,8.5,4910208.0,42545664.0,15:30:01
bj920403,康农种业,19.89,0.58,3.004,19.89,19.9,19.31,19.12,21.25,19.11,7502080.0,152056126.0,15:30:01
bj920405,海希通讯,16.45,-1.98,-10.743,16.45,16.48,18.43,17.1,17.1,15.0,4639215.0,73754585.0,15:30:01
bj920407,驰诚股份,10.46,-0.41,-3.772,10.46,10.51,10.87,10.86,10.98,10.38,734258.0,7777627.0,15:30:01
bj920414,欧普泰,7.66,-0.05,-0.649,7.65,7.66,7.71,7.69,7.97,7.61,607216.0,4709216.0,15:30:01
bj920415,恒拓开源,8.43,-0.17,-1.977,8.43,8.46,8.6,8.61,8.72,8.36,1135410.0,9671391.0,15:30:01
bj920418,苏轴股份,17.68,-0.29,-1.614,17.67,17.68,17.97,18.0,18.24,17.56,1089618.0,19391785.0,15:30:01
bj920419,路斯股份,10.43,-0.39,-3.604,10.34,10.43,10.82,10.76,10.79,10.3,1032176.0,10850093.0,15:30:01
bj920422,润普食品,9.19,-0.13,-1.395,9.19,9.23,9.32,9.27,9.45,9.09,481020.0,4449733.0,15:30:01
bj920425,乐创技术,14.02,-0.54,-3.709,14.02,14.04,14.56,14.41,14.55,13.87,2788776.0,39344135.0,15:30:01
bj920427,华维设计,8.31,-0.02,-0.24,8.28,8.31,8.33,8.39,8.39,8.16,571497.0,4721938.0,15:30:01
bj920429,康比特,10.37,-0.69,-6.239,10.37,10.4,11.06,11.02,11.13,10.34,3062809.0,32663331.0,15:30:01
bj920433,大唐药业,4.74,-0.15,-3.067,4.74,4.75,4.89,4.85,4.98,4.74,1996997.0,9621881.0,15:30:01
bj920436,大地电气,10.0,-0.15,-1.478,10.0,10.09,10.15,10.14,10.25,9.95,423792.0,4260915.0,15:30:01
bj920438,戈碧迦,106.0,-16.18,-13.243,106.0,106.01,122.18,123.3,123.3,103.6,7075301.0,781123050.0,15:30:01
bj920445,龙竹科技,6.9,-0.01,-0.145,6.89,6.9,6.91,6.88,7.09,6.85,1452310.0,10071950.0,15:30:01
bj920454,同心传动,10.55,-0.25,-2.315,10.55,10.65,10.8,10.77,10.92,10.51,225508.0,2400985.0,15:30:01
bj920455,汇隆活塞,5.71,-0.11,-1.89,5.71,5.73,5.82,5.81,5.87,5.66,419662.0,2416492.0,15:30:01
bj920469,富恒新材,5.46,-0.02,-0.365,5.45,5.46,5.48,5.45,5.51,5.33,1208198.0,6525522.0,15:30:01
bj920471,美邦科技,12.01,0.35,3.002,12.01,12.02,11.66,11.88,12.29,11.72,3617656.0,43551201.0,15:30:01
bj920475,三友科技,12.13,0.15,1.252,12.09,12.13,11.98,12.1,12.22,11.81,985867.0,11839478.0,15:30:01
bj920476,海能技术,25.45,0.72,2.911,25.45,25.46,24.73,25.4,25.54,24.65,1387780.0,34897886.0,15:30:01
bj920478,峆一药业,10.69,-0.76,-6.638,10.69,10.71,11.45,11.17,11.46,10.64,4513385.0,49292683.0,15:30:01
bj920489,佳先股份,12.38,-1.16,-8.567,12.38,12.39,13.54,13.2,13.23,12.33,3822259.0,48400851.0,15:30:01
bj920491,奥迪威,21.1,-0.42,-1.952,21.1,21.13,21.52,21.4,21.72,20.87,1479234.0,31379880.0,15:30:01
bj920493,并行科技,110.57,-3.61,-3.162,110.57,110.58,114.18,114.33,114.9,110.0,1070711.0,119463280.0,15:30:01
bj920496,许昌智能,6.09,-0.09,-1.456,6.08,6.09,6.18,6.16,6.25,6.04,1231177.0,7538508.0,15:30:01
bj920504,博迅生物,17.0,-0.3,-1.734,16.99,17.0,17.3,17.34,17.65,16.9,357675.0,6138095.0,15:30:01
bj920505,九菱科技,28.06,0.02,0.071,28.04,28.06,28.04,28.58,29.5,27.8,1112867.0,31816538.0,15:30:01
bj920508,殷图网联,14.08,-0.08,-0.565,14.08,14.09,14.16,14.09,14.5,13.9,256301.0,3617545.0,15:30:01
bj920509,同惠电子,19.94,-0.06,-0.3,19.94,19.98,20.0,20.15,20.28,19.71,1267011.0,25231682.0,15:30:01
bj920510,丰光精密,21.65,-0.9,-3.991,21.65,21.66,22.55,22.52,22.73,21.08,6859278.0,148580315.0,15:30:01
bj920519,万德股份,9.67,-0.05,-0.514,9.65,9.67,9.72,9.68,9.83,9.53,353557.0,3406721.0,15:30:01
bj920522,纳科诺尔,18.64,-0.41,-2.152,18.64,18.69,19.05,19.24,20.35,18.39,7549324.0,146431371.0,15:30:01
bj920523,德瑞锂电,15.39,0.24,1.584,15.38,15.39,15.15,15.07,15.78,15.07,1360221.0,21082787.0,15:30:01
bj920526,凯华材料,19.06,-0.28,-1.448,19.05,19.06,19.34,19.22,19.69,18.81,989140.0,18967395.0,15:30:01
bj920527,夜光明,13.41,-0.5,-3.595,13.4,13.41,13.91,13.82,13.98,13.41,908579.0,12418077.0,15:30:01
bj920533,骏创科技,18.06,0.18,1.007,18.05,18.06,17.88,17.86,18.49,17.73,1559214.0,28481175.0,15:30:01
bj920541,铁大科技,9.66,0.05,0.52,9.66,9.67,9.61,9.61,9.77,9.57,507449.0,4900527.0,15:30:01
bj920547,无锡晶海,18.39,-0.51,-2.698,18.39,18.48,18.9,19.04,19.06,18.31,307266.0,5707406.0,15:30:01
bj920553,凯腾精工,6.98,-0.04,-0.57,6.98,6.99,7.02,7.0,7.14,6.91,1305333.0,9116863.0,15:30:01
bj920556,雅达股份,6.52,-0.14,-2.102,6.51,6.52,6.66,6.61,6.78,6.43,1896304.0,12493014.0,15:30:01
bj920564,天润科技,12.64,-0.72,-5.389,12.62,12.64,13.36,13.2,13.3,12.5,1129504.0,14394880.0,15:30:01
bj920566,梓橦宫,9.7,-0.19,-1.921,9.68,9.7,9.89,9.89,9.91,9.63,1788892.0,17410272.0,15:30:01
bj920570,坤博精工,23.7,0.15,0.637,23.65,23.7,23.55,23.6,23.97,23.43,316321.0,7486062.0,15:30:01
bj920571,国航远洋,9.2,-0.4,-4.167,9.2,9.21,9.6,9.5,9.96,9.16,37640132.0,359849712.0,15:30:01
bj920575,*ST康乐,5.47,-0.14,-2.496,5.47,5.48,5.61,5.68,5.7,5.42,5798127.0,31970110.0,15:30:01
bj920576,天力复合,38.8,-1.07,-2.684,38.8,38.83,39.87,39.5,40.2,38.35,1477061.0,57524000.0,15:30:01
bj920578,巨能股份,16.05,-0.33,-2.015,16.02,16.05,16.38,16.41,16.73,15.85,863521.0,13933814.0,15:30:01
bj920579,机科股份,14.24,-0.41,-2.799,14.24,14.33,14.65,14.66,14.8,14.2,526958.0,7569504.0,15:30:01
bj920580,科创新材,10.71,-0.05,-0.465,10.69,10.71,10.76,10.85,11.0,10.61,625196.0,6740072.0,15:30:01
bj920592,华信永道,19.0,-0.66,-3.357,18.99,19.0,19.66,19.58,19.89,18.96,1355544.0,26056600.0,15:30:01
bj920593,鼎智科技,23.44,-0.25,-1.055,23.44,23.45,23.69,23.59,23.85,23.23,1564902.0,36760014.0,15:30:01
bj920599,同力股份,17.49,0.49,2.882,17.48,17.49,17.0,17.28,17.5,17.03,4710696.0,81805948.0,15:30:01
bj920608,丰安股份,13.24,-0.12,-0.898,13.24,13.26,13.36,13.38,13.57,13.14,192237.0,2570025.0,15:30:01
bj920627,力王股份,14.38,0.76,5.58,14.36,14.38,13.62,13.83,15.09,13.67,3746379.0,54659604.0,15:30:01
bj920634,新威凌,16.76,0.09,0.54,16.76,16.77,16.67,17.34,17.95,16.41,2247613.0,38751722.0,15:30:01
bj920639,晨光电缆,6.05,-0.1,-1.626,6.05,6.06,6.15,6.13,6.25,6.02,868758.0,5312486.0,15:30:01
bj920640,富士达,24.55,-0.54,-2.152,24.55,24.57,25.09,25.1,25.2,24.36,1875206.0,46284777.0,15:30:01
bj920641,格利尔,13.9,-0.08,-0.572,13.88,13.9,13.98,13.92,14.48,13.57,2605151.0,36684082.0,15:30:01
bj920642,通易航天,9.57,-0.28,-2.843,9.57,9.59,9.85,9.89,9.98,9.48,2135631.0,20608901.0,15:30:01
bj920651,天罡股份,27.1,0.33,1.233,27.1,27.17,26.77,26.76,27.23,26.31,801897.0,21567880.0,15:30:01
bj920656,海昇药业,14.47,0.11,0.766,14.35,14.47,14.36,14.38,14.72,14.17,778359.0,11237794.0,15:30:01
bj920662,方盛股份,18.3,-0.03,-0.164,18.3,18.35,18.33,18.19,18.84,18.19,1600179.0,29684457.0,15:30:01
bj920663,明阳科技,12.83,-0.11,-0.85,12.83,12.85,12.94,12.83,13.18,12.68,384609.0,4943083.0,15:30:01
bj920665,科强股份,8.25,-0.15,-1.786,8.23,8.25,8.4,8.44,8.46,8.22,673843.0,5599453.0,15:30:01
bj920670,数字人,12.35,-0.13,-1.042,12.33,12.35,12.48,12.32,12.64,12.22,701718.0,8642259.0,15:30:01
bj920675,秉扬科技,7.07,-0.21,-2.885,7.06,7.07,7.28,7.26,7.34,7.02,870023.0,6215620.0,15:30:01
bj920679,前进科技,15.1,-0.05,-0.33,15.0,15.1,15.15,15.12,15.47,15.01,128265.0,1948157.0,15:30:01
bj920682,球冠电缆,5.67,-0.05,-0.874,5.66,5.67,5.72,5.7,5.76,5.65,1020561.0,5814303.0,15:30:01
bj920685,新芝生物,11.67,-0.5,-4.108,11.67,11.69,12.17,12.18,12.19,11.66,1235338.0,14632285.0,15:30:01
bj920689,克莱特,19.67,0.12,0.614,19.67,19.72,19.55,19.62,19.91,19.34,362327.0,7091882.0,15:30:01
bj920690,捷众科技,16.19,0.24,1.505,16.17,16.19,15.95,16.1,16.39,15.82,853421.0,13726909.0,15:30:01
bj920693,阿为特,22.18,-0.18,-0.805,22.1,22.18,22.36,22.5,22.66,21.91,335709.0,7461914.0,15:30:01
bj920694,中裕科技,16.03,0.13,0.818,16.03,16.05,15.9,16.23,16.54,15.9,1628171.0,26424170.0,15:30:01
bj920699,海达尔,81.6,-3.4,-4.0,81.6,81.65,85.0,84.51,85.44,79.5,560598.0,45580839.0,15:30:01
bj920701,豪声电子,13.08,-0.94,-6.705,13.03,13.08,14.02,13.89,13.97,12.9,2441258.0,32414851.0,15:30:01
bj920703,广厦环能,9.91,-0.08,-0.801,9.91,9.95,9.99,10.07,10.07,9.87,309681.0,3073288.0,15:30:01
bj920706,铁拓机械,13.44,-0.28,-2.041,13.36,13.44,13.72,13.78,13.78,13.31,627036.0,8448023.0,15:30:01
bj920717,瑞星股份,7.65,0.03,0.394,7.58,7.65,7.62,7.69,7.73,7.47,861463.0,6538087.0,15:30:01
bj920718,合肥高科,9.27,-0.17,-1.801,9.2,9.27,9.44,9.32,9.59,9.12,487695.0,4518619.0,15:30:01
bj920719,宁新新材,6.97,-0.18,-2.517,6.96,6.97,7.15,7.25,7.28,6.93,2095961.0,14862081.0,15:30:01
bj920720,吉冈精密,9.18,-0.11,-1.184,9.16,9.18,9.29,9.3,9.47,9.12,754355.0,6984654.0,15:30:01
bj920725,惠丰钻石,68.6,-5.35,-7.235,68.6,68.63,73.95,74.0,74.5,67.66,3428775.0,238653325.0,15:30:01
bj920726,朱老六,16.16,0.04,0.248,16.16,16.17,16.12,16.28,16.76,16.05,2761888.0,45330717.0,15:30:01
bj920729,永顺生物,6.69,-0.25,-3.602,6.69,6.7,6.94,6.9,6.97,6.66,1328417.0,8986151.0,15:30:01
bj920735,德源药业,23.94,-0.56,-2.286,23.93,23.94,24.5,24.29,24.72,23.85,1613998.0,38956928.0,15:30:01
bj920748,路桥信息,25.77,0.86,3.452,25.76,25.77,24.91,24.41,26.25,24.0,2796548.0,71532095.0,15:30:01
bj920751,惠同新材,15.61,-0.28,-1.762,15.6,15.61,15.89,16.01,16.23,15.42,479659.0,7574367.0,15:30:01
bj920753,天纺标,14.88,-0.3,-1.976,14.88,14.91,15.18,15.17,15.32,14.8,472630.0,7101257.0,15:30:01
bj920765,美之高,13.94,-0.26,-1.831,13.93,13.94,14.2,14.09,14.3,13.61,833380.0,11621333.0,15:30:01
bj920768,拾比佰,6.97,-0.03,-0.429,6.94,6.97,7.0,7.01,7.04,6.83,966157.0,6716183.0,15:30:01
bj920770,艾能聚,9.72,-0.19,-1.917,9.72,9.73,9.91,9.91,10.06,9.7,1068938.0,10524422.0,15:30:01
bj920779,武汉蓝电,25.47,3.51,15.984,25.47,25.48,21.96,22.0,26.5,22.0,3689876.0,93289576.0,15:30:01
bj920781,瑞奇智造,5.47,0.02,0.367,5.44,5.47,5.45,5.48,5.57,5.38,623976.0,3409381.0,15:30:01
bj920786,骑士乳业,7.0,-0.3,-4.11,7.0,7.01,7.3,7.23,7.47,6.91,8121070.0,58221948.0,15:30:01
bj920790,联迪信息,20.72,-0.03,-0.145,20.71,20.72,20.75,20.66,21.15,20.33,1691459.0,35210826.0,15:30:01
bj920792,东和新材,9.74,-0.1,-1.016,9.72,9.74,9.84,9.82,9.94,9.68,245941.0,2415169.0,15:30:01
bj920799,艾融软件,29.88,-1.31,-4.2,29.88,29.89,31.19,30.46,31.33,29.88,4433007.0,134860289.0,15:30:01
bj920802,保丽洁,10.3,-0.03,-0.29,10.28,10.3,10.33,10.35,10.44,10.24,655355.0,6774830.0,15:30:01
bj920806,云星宇,10.11,0.01,0.099,10.11,10.13,10.1,10.06,10.28,10.06,1213424.0,12320162.0,15:30:01
bj920807,奔朗新材,9.22,0.0,0.0,9.22,9.23,9.22,9.26,9.48,9.06,1604873.0,14846474.0,15:30:01
bj920808,曙光数创,62.29,2.35,3.921,62.29,62.3,59.94,60.76,63.63,60.18,2462214.0,153323732.0,15:30:01
bj920809,安达科技,7.7,0.04,0.522,7.7,7.71,7.66,7.69,7.96,7.63,11167331.0,87302427.0,15:30:01
bj920810,春光智能,9.51,-0.09,-0.938,9.33,9.51,9.6,9.44,9.83,9.26,2468361.0,23487565.0,15:30:01
bj920819,颖泰生物,2.97,-0.02,-0.669,2.97,2.98,2.99,2.99,3.02,2.96,3399903.0,10162010.0,15:30:01
bj920821,则成电子,17.26,-0.3,-1.708,17.26,17.31,17.56,17.5,17.8,17.1,1107601.0,19234364.0,15:30:01
bj920826,盖世食品,8.6,-0.04,-0.463,8.6,8.61,8.64,8.65,8.88,8.51,2650793.0,23040897.0,15:30:01
bj920832,齐鲁华信,5.99,-0.16,-2.602,5.99,6.04,6.15,6.21,6.21,5.97,418162.0,2529587.0,15:30:01
bj920833,美心翼申,9.99,0.23,2.357,9.99,10.0,9.76,9.86,10.2,9.73,1381352.0,13837345.0,15:30:01
bj920834,三维装备,9.22,-0.4,-4.158,9.21,9.22,9.62,9.56,9.68,9.2,676442.0,6348334.0,15:30:01
bj920837,华原股份,9.38,-0.06,-0.636,9.33,9.38,9.44,9.48,9.59,9.29,409499.0,3853960.0,15:30:01
bj920839,万通液压,23.69,-0.3,-1.251,23.69,23.85,23.99,23.99,24.4,23.55,341903.0,8166500.0,15:30:01
bj920855,浙江大农,12.18,-0.12,-0.976,12.18,12.22,12.3,12.25,12.54,12.02,262144.0,3202541.0,15:30:01
bj920856,浩淼科技,12.96,-1.06,-7.561,12.93,12.96,14.02,13.9,14.14,12.78,2431619.0,32157019.0,15:30:01
bj920857,泓禧科技,21.24,-0.12,-0.562,21.21,21.24,21.36,21.35,21.61,20.72,710744.0,15034945.0,15:30:01
bj920866,绿亨科技,6.15,0.1,1.653,6.15,6.16,6.05,6.04,6.26,6.0,5203598.0,31906239.0,15:30:01
bj920870,恒进感应,11.69,0.17,1.476,11.64,11.69,11.52,11.65,11.85,11.39,1005823.0,11668743.0,15:30:01
bj920871,派特尔,10.88,0.01,0.092,10.86,10.88,10.87,11.06,11.12,10.78,493170.0,5389620.0,15:30:01
bj920873,中设咨询,6.93,0.0,0.0,6.92,6.93,6.93,6.9,6.99,6.79,1259086.0,8641247.0,15:30:01
bj920876,慧为智能,15.31,-0.37,-2.36,15.31,15.32,15.68,15.66,15.88,15.12,770590.0,11874767.0,15:30:01
bj920879,基康技术,12.43,-0.03,-0.241,12.42,12.43,12.46,12.4,12.74,12.33,631531.0,7891366.0,15:30:01
bj920885,星辰科技,11.71,-0.47,-3.859,11.71,11.72,12.18,12.22,12.22,11.55,2572658.0,30399574.0,15:30:01
bj920892,广咨国际,9.94,-0.19,-1.876,9.88,9.94,10.13,10.09,10.2,9.84,634760.0,6321445.0,15:30:01
bj920895,花溪科技,12.3,-0.04,-0.324,12.3,12.31,12.34,12.46,12.91,12.18,499165.0,6261403.0,15:30:01
bj920896,旺成科技,11.78,-0.04,-0.338,11.77,11.78,11.82,11.85,12.1,11.65,292948.0,3484659.0,15:30:01
bj920906,舜宇精工,15.46,-0.27,-1.716,15.46,15.47,15.73,15.73,15.97,15.23,354946.0,5535499.0,15:30:01
bj920914,远航精密,16.59,-0.51,-2.982,16.59,16.6,17.1,16.98,17.7,16.51,1383592.0,23614555.0,15:30:01
bj920924,广脉科技,14.04,-0.34,-2.364,14.03,14.04,14.38,14.37,14.72,13.93,947427.0,13438831.0,15:30:01
bj920925,锦好医疗,11.63,-0.18,-1.524,11.63,11.64,11.81,11.87,11.97,11.57,719189.0,8427893.0,15:30:01
bj920926,鸿智科技,9.88,-0.08,-0.803,9.83,9.89,9.96,9.96,10.14,9.77,203568.0,2021342.0,15:30:01
bj920931,无锡鼎邦,10.05,-0.85,-7.798,10.05,10.06,10.9,10.79,11.1,10.01,2695082.0,28366525.0,15:30:01
bj920932,科达自控,11.0,-0.14,-1.257,11.0,11.06,11.14,11.25,11.34,10.88,1286251.0,14241697.0,15:30:01
bj920942,恒立钻具,16.14,-0.46,-2.771,16.14,16.15,16.6,16.51,16.67,16.02,424300.0,6901291.0,15:30:01
bj920943,优机股份,15.2,-0.37,-2.376,15.2,15.26,15.57,15.51,15.6,14.99,2549079.0,38730129.0,15:30:01
bj920946,森萱医药,9.7,-0.49,-4.809,9.69,9.7,10.19,10.06,10.47,9.7,11525237.0,115524062.0,15:30:01
bj920950,迅安科技,12.3,-0.08,-0.646,12.3,12.33,12.38,12.31,12.55,12.17,142671.0,1757316.0,15:30:01
bj920953,国子软件,21.53,-0.32,-1.465,21.53,21.54,21.85,22.19,22.19,21.39,898327.0,19453314.0,15:30:01
bj920957,汉维科技,9.51,0.03,0.316,9.51,9.52,9.48,9.48,9.73,9.28,960419.0,9124966.0,15:30:01
bj920961,创远信科,19.25,-0.48,-2.433,19.24,19.25,19.73,19.4,19.64,18.83,2196053.0,42161117.0,15:30:01
bj920964,润农节水,4.61,-0.07,-1.496,4.61,4.62,4.68,4.68,4.82,4.6,3905845.0,18307206.0,15:30:01
bj920970,大禹生物,5.84,-0.19,-3.151,5.84,5.85,6.03,6.05,6.05,5.8,3205919.0,18929013.0,15:30:01
bj920971,天马新材,25.4,-0.75,-2.868,25.39,25.4,26.15,26.08,26.08,25.0,1998540.0,50836631.0,15:30:01
bj920974,凯大催化,6.07,-0.05,-0.817,6.06,6.07,6.12,6.12,6.2,6.02,1054967.0,6430513.0,15:30:01
bj920976,视声智能,16.23,-0.42,-2.523,16.23,16.32,16.65,16.57,16.8,16.16,400162.0,6561155.0,15:30:01
bj920978,开特股份,19.56,-0.41,-2.053,19.56,19.64,19.97,19.88,20.2,19.52,808974.0,16006251.0,15:30:01
bj920981,晶赛科技,28.52,-0.66,-2.262,28.52,28.54,29.18,29.68,29.8,28.18,1338406.0,38457482.0,15:30:01
bj920982,锦波生物,118.18,-3.47,-2.852,118.18,118.27,121.65,121.25,123.0,118.01,795058.0,94974588.0,15:30:01
bj920985,海泰新能,4.5,-0.06,-1.316,4.5,4.53,4.56,4.56,4.66,4.48,1716378.0,7816910.0,15:30:01
bj920992,中科美菱,11.13,-0.23,-2.025,11.13,11.14,11.36,11.36,11.42,11.12,484217.0,5437581.0,15:30:01
sh600000,浦发银行,9.22,0.17,1.878,9.21,9.22,9.05,9.01,9.24,9.0,79110605.0,724636426.0,15:34:59
sh600004,白云机场,7.45,0.07,0.949,7.45,7.46,7.38,7.36,7.48,7.35,10666100.0,79295425.0,15:34:59
sh600006,东风股份,5.3,0.02,0.379,5.3,5.31,5.28,5.27,5.33,5.24,8488400.0,44859522.0,15:34:59
sh600007,中国国贸,19.0,0.4,2.151,18.99,19.0,18.6,18.65,19.0,18.65,2757000.0,52055253.0,15:34:59
sh600008,首创环保,2.84,0.03,1.068,2.83,2.84,2.81,2.81,2.84,2.8,49704244.0,140392263.0,15:34:59
sh600009,上海机场,23.17,0.25,1.091,23.16,23.17,22.92,22.93,23.24,22.86,8473803.0,195531647.0,15:34:59
sh600010,包钢股份,2.26,0.07,3.196,2.25,2.26,2.19,2.22,2.28,2.22,775019861.0,1743461778.0,15:34:59
sh600011,华能国际,6.64,0.04,0.606,6.63,6.64,6.6,6.58,6.65,6.56,52504476.0,347690096.0,15:34:59
sh600012,皖通高速,16.25,0.75,4.839,16.25,16.26,15.5,15.57,16.32,15.47,9580471.0,153090343.0,15:34:59
sh600015,华夏银行,6.85,0.14,2.086,6.84,6.85,6.71,6.7,6.88,6.69,84577991.0,576195313.0,15:34:59
sh600016,民生银行,3.51,0.04,1.153,3.5,3.51,3.47,3.47,3.52,3.46,213120778.0,745609673.0,15:34:59
sh600017,日照港,2.68,0.04,1.515,2.67,2.68,2.64,2.64,2.68,2.63,26845300.0,71502346.0,15:00:01
sh600018,上港集团,5.24,0.06,1.158,5.24,5.25,5.18,5.18,5.26,5.17,47826037.0,250674076.0,15:34:59
sh600019,宝钢股份,5.86,0.05,0.861,5.85,5.86,5.81,5.82,5.96,5.82,125823785.0,743331022.0,15:34:59
sh600020,中原高速,3.79,0.05,1.337,3.78,3.79,3.74,3.73,3.81,3.73,15777821.0,59584451.0,15:34:59
sh600021,上海电力,13.53,-0.13,-0.952,13.53,13.54,13.66,13.66,13.75,13.42,20459262.0,277276785.0,15:34:59
sh600022,山东钢铁,1.32,0.0,0.0,1.32,1.33,1.32,1.32,1.34,1.31,84226160.0,111595336.0,15:34:59
sh600023,浙能电力,4.86,0.0,0.0,4.86,4.87,4.86,4.86,4.9,4.84,32859491.0,160299212.0,15:34:59
sh600025,华能水电,9.68,0.1,1.044,9.67,9.68,9.58,9.57,9.74,9.56,28031985.0,271556265.0,15:34:59
sh600026,中远海能,19.14,-0.44,-2.247,19.14,19.15,19.58,19.57,19.85,19.1,84348294.0,1638306823.0,15:34:59
sh600027,华电国际,4.55,0.09,2.018,4.54,4.55,4.46,4.47,4.56,4.46,72876459.0,330217069.0,15:34:59
sh600028,中国石化,5.33,0.23,4.51,5.33,5.34,5.1,5.11,5.35,5.1,599811731.0,3174538781.0,15:34:59
sh600029,南方航空,5.03,0.04,0.802,5.02,5.03,4.99,5.0,5.04,4.99,48698428.0,244057545.0,15:34:59
sh600030,中信证券,27.27,0.15,0.553,27.27,27.28,27.12,27.1,27.42,27.01,105404861.0,2871421633.0,15:34:59
sh600031,三一重工,18.61,-0.19,-1.011,18.61,18.62,18.8,18.8,19.19,18.6,53898885.0,1015058416.0,15:34:59
sh600032,浙江新能,6.76,0.01,0.148,6.76,6.77,6.75,6.77,6.82,6.7,12695470.0,85779134.0,15:34:59
sh600033,福建高速,3.54,0.02,0.568,3.54,3.55,3.52,3.52,3.56,3.51,18311200.0,64876617.0,15:34:59
sh600035,楚天高速,3.37,0.01,0.298,3.36,3.37,3.36,3.36,3.37,3.35,7577040.0,25466223.0,15:34:59
sh600036,招商银行,39.58,0.68,1.748,39.57,39.58,38.9,38.87,39.7,38.77,104578329.0,4125329806.0,15:34:59
sh600037,歌华有线,6.9,0.09,1.322,6.89,6.9,6.81,6.86,6.96,6.83,13178952.0,91001432.0,15:34:59
sh600038,中直股份,26.95,0.42,1.583,26.95,26.96,26.53,26.45,27.0,26.42,7434597.0,199543370.0,15:34:59
sh600039,四川路桥,8.55,0.21,2.518,8.54,8.55,8.34,8.39,8.56,8.3,15997129.0,135891655.0,15:34:59
sh600048,保利发展,5.06,-0.13,-2.505,5.05,5.06,5.19,5.18,5.2,5.0,146501165.0,743237369.0,15:34:59
sh600050,中国联通,4.25,0.03,0.711,4.24,4.25,4.22,4.21,4.27,4.21,119170138.0,506560448.0,15:34:59
sh600051,宁波联合,6.27,-0.04,-0.634,6.27,6.28,6.31,6.31,6.32,6.2,3262300.0,20397656.0,15:00:04
sh600052,东望时代,3.81,-0.04,-1.039,3.81,3.82,3.85,3.87,3.9,3.78,6293100.0,24068689.0,15:00:04
sh600053,*ST九鼎,7.05,0.1,1.439,7.04,7.05,6.95,6.95,7.11,6.84,1561976.0,10885273.0,15:34:59
sh600054,黄山旅游,11.1,-0.05,-0.448,11.1,11.11,11.15,11.13,11.25,11.08,6256163.0,69802136.0,15:00:02
sh600055,万东医疗,10.81,-0.34,-3.049,10.81,10.82,11.15,11.11,11.22,10.72,6943030.0,75558871.0,15:00:03
sh600056,中国医药,9.17,-0.03,-0.326,9.17,9.18,9.2,9.21,9.25,9.09,13176481.0,120582949.0,15:34:59
sh600057,厦门象屿,6.18,-0.03,-0.483,6.18,6.2,6.21,6.21,6.25,6.16,11802290.0,73346134.0,15:34:59
sh600058,五矿发展,10.23,-0.02,-0.195,10.23,10.24,10.25,10.28,10.49,10.18,8293459.0,85783269.0,15:34:59
sh600059,古越龙山,8.04,0.16,2.03,8.03,8.04,7.88,7.89,8.14,7.85,17325898.0,138954363.0,15:34:59
sh600060,海信视像,25.3,-0.44,-1.709,25.3,25.34,25.74,25.55,25.74,25.1,8597340.0,218104234.0,15:34:59
sh600061,国投资本,6.26,0.01,0.16,6.26,6.27,6.25,6.24,6.31,6.22,24815077.0,155687117.0,15:34:59
sh600062,华润双鹤,15.83,0.16,1.021,15.83,15.84,15.67,15.76,15.87,15.58,8739931.0,137532650.0,15:34:59
sh600063,皖维高新,5.63,-0.17,-2.931,5.63,5.64,5.8,5.8,5.81,5.54,49978024.0,281356584.0,15:34:59
sh600064,南京高科,7.59,0.12,1.606,7.59,7.6,7.47,7.49,7.62,7.48,22943070.0,173572927.0,15:34:59
sh600066,宇通客车,30.36,0.87,2.95,30.36,30.37,29.49,29.52,30.8,29.2,22556457.0,683334575.0,15:34:59
sh600067,冠城新材,2.76,-0.04,-1.429,2.75,2.76,2.8,2.81,2.81,2.73,11921500.0,32884524.0,15:34:59
sh600071,凤凰光学,15.6,-0.23,-1.453,15.6,15.61,15.83,15.83,15.98,15.48,1660700.0,25994257.0,15:34:59
sh600072,中船科技,8.63,-0.02,-0.231,8.62,8.63,8.65,8.66,8.74,8.59,9948020.0,86076095.0,15:34:59
sh600073,光明肉业,5.29,0.02,0.38,5.28,5.29,5.27,5.26,5.34,5.22,9129682.0,48174441.0,15:34:59
sh600075,新疆天业,4.62,-0.01,-0.216,4.62,4.63,4.63,4.6,4.66,4.55,26987370.0,124277358.0,15:34:59
sh600076,康欣新材,3.11,0.02,0.647,3.11,3.12,3.09,3.1,3.15,3.07,13213800.0,40966841.0,15:34:59
sh600078,澄星股份,10.83,0.25,2.363,10.82,10.83,10.58,10.64,11.07,10.31,24964859.0,265626108.0,15:34:59
sh600079,ST人福,17.85,-0.04,-0.224,17.84,17.85,17.89,17.87,17.94,17.75,5591600.0,99706248.0,15:00:03
sh600080,ST金花,4.69,-0.1,-2.088,4.69,4.7,4.79,4.77,4.84,4.67,1788800.0,8454844.0,15:00:01
sh600081,东风科技,10.03,-0.07,-0.693,10.03,10.04,10.1,10.1,10.18,9.98,2187475.0,21989553.0,15:34:59
sh600082,ST海泰,2.82,-0.01,-0.353,2.82,2.83,2.83,2.85,2.85,2.75,6124400.0,17126351.0,15:00:04
sh600084,*ST尼雅,4.08,-0.01,-0.244,4.07,4.08,4.09,4.11,4.12,4.06,1798100.0,7341648.0,15:00:04
sh600085,同仁堂,23.78,0.01,0.042,23.78,23.79,23.77,23.72,23.87,23.53,4992700.0,118383793.0,15:00:01
sh600088,中视传媒,11.33,-0.03,-0.264,11.33,11.34,11.36,11.32,11.48,11.22,2312396.0,26178799.0,15:34:59
sh600089,特变电工,19.0,-1.05,-5.237,19.0,19.01,20.05,19.49,19.49,18.81,141572971.0,2695175777.0,15:34:59
sh600094,大名城,3.81,-0.05,-1.295,3.81,3.82,3.86,3.87,3.9,3.79,13974500.0,53406464.0,15:00:04
sh600095,湘财股份,7.83,0.06,0.772,7.83,7.84,7.77,7.78,7.88,7.72,20347019.0,158511986.0,15:34:59
sh600096,云天化,29.91,0.24,0.809,29.91,29.92,29.67,29.8,30.5,29.75,34881176.0,1048559929.0,15:34:59
sh600097,开创国际,8.54,-0.03,-0.35,8.54,8.55,8.57,8.63,8.66,8.47,2973500.0,25414038.0,15:00:04
sh600098,广州发展,6.31,0.07,1.122,6.3,6.31,6.24,6.24,6.31,6.23,17281155.0,108694269.0,15:34:59
sh600099,林海股份,9.01,-0.01,-0.111,8.97,9.01,9.02,9.05,9.08,8.85,2261700.0,20247881.0,15:00:03
sh600100,同方股份,6.6,-0.08,-1.198,6.59,6.6,6.68,6.67,6.71,6.56,17827681.0,118176369.0,15:34:59
sh600101,明星电力,7.85,0.04,0.512,7.84,7.85,7.81,7.83,7.91,7.8,6030319.0,47334386.0,15:34:59
sh600103,青山纸业,2.86,-0.02,-0.694,2.86,2.87,2.88,2.87,2.91,2.82,52256451.0,149240878.0,15:34:59
sh600104,上汽集团,10.19,0.05,0.493,10.19,10.2,10.14,10.16,10.27,10.11,31358275.0,320205445.0,15:34:59
sh600105,永鼎股份,38.05,-1.67,-4.204,38.05,38.06,39.72,39.74,39.89,37.02,109336590.0,4165418693.0,15:34:59
sh600106,重庆路桥,4.33,0.04,0.932,4.32,4.33,4.29,4.47,4.47,4.26,15134029.0,65635883.0,15:34:59
sh600107,*ST尔雅,5.8,0.02,0.346,5.79,5.8,5.78,5.74,5.82,5.74,1587300.0,9170319.0,15:00:04
sh600108,亚盛集团,3.27,-0.03,-0.909,3.26,3.27,3.3,3.3,3.35,3.21,127169528.0,417138119.0,15:34:59
sh600109,国金证券,8.53,0.06,0.708,8.53,8.54,8.47,8.45,8.59,8.43,17267086.0,147116349.0,15:00:01
sh600110,诺德股份,11.07,0.33,3.073,11.07,11.08,10.74,10.8,11.36,10.61,296077084.0,3254406344.0,15:34:59
sh600111,北方稀土,40.42,0.25,0.622,40.42,40.43,40.17,40.73,41.38,40.15,53327522.0,2173748710.0,15:34:59
sh600113,浙江东日,29.69,-0.74,-2.432,29.68,29.69,30.43,30.42,30.52,29.6,5182091.0,155440535.0,15:34:59
sh600114,东睦股份,29.47,-0.75,-2.482,29.47,29.48,30.22,30.39,30.55,28.62,17475475.0,514770633.0,15:34:59
sh600115,中国东航,3.48,0.04,1.163,3.47,3.48,3.44,3.45,3.48,3.44,125871862.0,435557779.0,15:34:59
sh600116,三峡水利,6.31,0.19,3.105,6.3,6.31,6.12,6.12,6.32,6.12,26666375.0,166289418.0,15:34:59
sh600117,西宁特钢,2.24,-0.02,-0.885,2.23,2.24,2.26,2.26,2.29,2.23,9554100.0,21506262.0,15:00:04
sh600118,中国卫星,59.4,-2.7,-4.348,59.4,59.41,62.1,61.9,61.93,58.58,35913302.0,2143432454.0,15:34:59
sh600119,*ST长投,4.66,-0.05,-1.062,4.66,4.67,4.71,4.65,4.91,4.65,3536800.0,16863090.0,15:00:02
sh600120,浙江东方,4.74,-0.03,-0.629,4.74,4.75,4.77,4.77,4.8,4.73,25101630.0,119264016.0,15:00:04
sh600121,郑州煤电,4.05,0.08,2.015,4.05,4.06,3.97,3.97,4.14,3.93,110184461.0,444582524.0,15:34:59
sh600123,兰花科创,7.3,0.06,0.829,7.29,7.3,7.24,7.24,7.39,7.22,26266264.0,191860538.0,15:34:59
sh600125,铁龙物流,5.41,0.03,0.558,5.4,5.41,5.38,5.38,5.43,5.37,9114245.0,49243488.0,15:34:59
sh600126,杭钢股份,6.87,0.09,1.327,6.87,6.88,6.78,6.85,7.02,6.79,67809581.0,468897692.0,15:34:59
sh600127,金健米业,8.46,0.26,3.171,8.45,8.46,8.2,8.35,8.9,7.77,267318355.0,2229005553.0,15:34:59
sh600128,苏豪弘业,8.2,-0.09,-1.086,8.19,8.2,8.29,8.31,8.35,8.11,3817101.0,31313302.0,15:34:59
sh600129,太极集团,14.21,-0.86,-5.707,14.21,14.22,15.07,14.95,15.04,14.2,23902853.0,345251135.0,15:34:59
sh600130,波导股份,4.34,0.01,0.231,4.33,4.34,4.33,4.31,4.36,4.2,17472200.0,74762359.0,15:34:59
sh600131,国网信通,14.92,-0.48,-3.117,14.92,14.93,15.4,15.5,15.59,14.85,8660959.0,130750536.0,15:00:03
sh600132,重庆啤酒,39.57,-0.71,-1.763,39.57,39.58,40.28,40.35,40.43,39.4,5823396.0,231676969.0,15:34:59
sh600133,东湖高新,8.24,0.0,0.0,8.23,8.24,8.24,8.28,8.37,8.14,13605037.0,112141374.0,15:34:59
sh600135,乐凯胶片,7.18,-0.14,-1.913,7.18,7.19,7.32,7.25,7.36,7.09,5110100.0,36647144.0,15:00:02
sh600136,ST明诚,1.43,0.02,1.418,1.42,1.43,1.41,1.42,1.43,1.41,8506500.0,12068315.0,15:34:59
sh600137,浪莎股份,18.04,-0.01,-0.055,18.04,18.05,18.05,18.01,18.15,17.63,985954.0,17627597.0,15:34:59
sh600138,中青旅,6.95,-0.01,-0.144,6.95,6.96,6.96,6.96,7.03,6.91,5100000.0,35537313.0,15:00:03
sh600141,兴发集团,30.21,-0.47,-1.532,30.21,30.22,30.68,30.7,31.07,29.52,26368183.0,793304454.0,15:34:59
sh600143,金发科技,13.97,-0.34,-2.376,13.97,13.98,14.31,14.29,14.29,13.9,29284691.0,409904468.0,15:34:59
sh600148,长春一东,15.22,-0.09,-0.588,15.2,15.22,15.31,15.42,15.44,15.06,1029300.0,15658708.0,15:00:02
sh600149,廊坊发展,4.87,-0.08,-1.616,4.87,4.88,4.95,4.99,5.02,4.83,11071150.0,54199067.0,15:34:59
sh600150,中国船舶,33.8,0.12,0.356,33.8,33.81,33.68,33.59,34.39,33.58,62312006.0,2113705587.0,15:34:59
sh600151,航天机电,9.78,-0.38,-3.74,9.78,9.79,10.16,10.12,10.18,9.6,28172195.0,277942420.0,15:34:59
sh600152,维科技术,8.12,0.11,1.373,8.11,8.12,8.01,8.01,8.47,7.93,29515700.0,239964454.0,15:34:59
sh600153,建发股份,8.79,-0.11,-1.236,8.79,8.8,8.9,8.92,8.95,8.75,17245400.0,152340154.0,15:34:59
sh600155,华创云信,5.78,0.03,0.522,5.77,5.78,5.75,5.74,5.8,5.72,16417548.0,94742219.0,15:34:59
sh600156,华升股份,7.9,-0.13,-1.619,7.89,7.9,8.03,8.07,8.11,7.78,7402100.0,58409249.0,15:34:59
sh600157,永泰能源,1.57,0.02,1.29,1.56,1.57,1.55,1.55,1.57,1.54,346107235.0,539246355.0,15:34:59
sh600158,中体产业,6.82,-0.05,-0.728,6.82,6.83,6.87,6.87,6.93,6.78,16779772.0,114670453.0,15:34:59
sh600159,大龙地产,2.49,-0.05,-1.969,2.48,2.49,2.54,2.54,2.56,2.45,13980700.0,34875444.0,15:00:03
sh600160,巨化股份,37.82,-0.88,-2.274,37.82,37.83,38.7,38.71,38.95,37.37,25089731.0,955051295.0,15:34:59
sh600161,天坛生物,11.94,-0.21,-1.728,11.94,11.95,12.15,12.15,12.17,11.91,12621366.0,151555833.0,15:34:59
sh600162,香江控股,4.06,-0.12,-2.871,4.06,4.07,4.18,4.14,4.14,3.96,127116397.0,513989277.0,15:34:59
sh600163,中闽能源,4.91,0.01,0.204,4.9,4.91,4.9,4.91,4.94,4.87,10547403.0,51674653.0,15:00:04
sh600165,ST宁科,3.27,-0.04,-1.208,3.27,3.28,3.31,3.28,3.44,3.2,21411300.0,70814284.0,15:34:59
sh600166,福田汽车,2.85,-0.04,-1.384,2.84,2.85,2.89,2.88,2.89,2.83,91986209.0,262022146.0,15:34:59
sh600167,联美控股,5.62,0.02,0.357,5.61,5.62,5.6,5.61,5.64,5.58,4809800.0,27000421.0,15:00:03
sh600168,武汉控股,4.41,-0.01,-0.226,4.4,4.41,4.42,4.44,4.44,4.39,5669055.0,25013330.0,15:00:03
sh600169,ST太重,2.07,0.02,0.976,2.06,2.07,2.05,2.04,2.07,2.04,7308574.0,15025187.0,15:34:59
sh600170,上海建工,2.25,0.0,0.0,2.24,2.25,2.25,2.25,2.26,2.24,61094818.0,137375122.0,15:34:59
sh600171,上海贝岭,22.17,-0.49,-2.162,22.16,22.17,22.66,22.63,22.75,21.97,10227674.0,227788517.0,15:34:59
sh600172,黄河旋风,12.72,-0.82,-6.056,12.72,12.73,13.54,13.49,13.59,12.47,140418813.0,1805275431.0,15:34:59
sh600173,卧龙新能,6.01,-0.05,-0.825,6.0,6.01,6.06,6.09,6.16,5.98,3940800.0,23856818.0,15:34:59
sh600176,中国巨石,39.87,-2.17,-5.162,39.87,39.88,42.04,42.95,43.48,38.53,232724794.0,9348823158.0,15:34:59
sh600177,雅戈尔,8.02,0.13,1.648,8.01,8.02,7.89,7.88,8.04,7.87,27081128.0,216557343.0,15:34:59
sh600178,东安动力,9.23,0.03,0.326,9.23,9.24,9.2,9.24,9.33,9.11,2887194.0,26669971.0,15:34:59
sh600179,安通控股,4.36,-0.02,-0.457,4.36,4.37,4.38,4.37,4.44,4.34,39680755.0,174430697.0,15:34:59
sh600180,*ST瑞茂,1.53,-0.06,-3.774,1.53,1.54,1.59,1.59,1.62,1.52,17255100.0,26953487.0,15:34:59
sh600182,S佳通,13.32,0.13,0.986,13.3,13.32,13.19,13.12,13.4,13.12,1591500.0,21110630.0,15:34:59
sh600183,生益科技,126.3,-6.5,-4.895,126.29,126.3,132.8,132.83,134.0,122.3,63765833.0,8028367893.0,15:34:59
sh600184,光电股份,17.28,-0.33,-1.874,17.28,17.29,17.61,17.61,17.71,16.94,9097575.0,157191772.0,15:34:59
sh600185,珠免集团,4.5,0.0,0.0,4.49,4.5,4.5,4.5,4.57,4.46,14656000.0,65970045.0,15:00:03
sh600186,莲花控股,11.33,-0.29,-2.496,11.33,11.34,11.62,11.5,11.7,11.04,171901810.0,1930984154.0,15:34:59
sh600187,*ST国中,1.35,-0.04,-2.878,1.34,1.35,1.39,1.38,1.38,1.33,32289900.0,43595945.0,15:34:59
sh600188,兖矿能源,21.83,0.42,1.962,21.83,21.84,21.41,21.49,22.35,21.2,54247365.0,1186212027.0,15:34:59
sh600189,泉阳泉,7.33,-0.09,-1.213,7.33,7.34,7.42,7.47,7.5,7.3,7031610.0,51705943.0,15:00:03
sh600191,华资实业,10.93,0.31,2.919,10.93,10.94,10.62,10.72,11.07,10.59,14532813.0,158225452.0,15:34:59
sh600192,长城电工,6.94,0.03,0.434,6.94,6.95,6.91,6.9,7.01,6.73,8723152.0,59786429.0,15:34:59
sh600195,中牧股份,6.73,0.02,0.298,6.72,6.73,6.71,6.71,6.75,6.64,5198899.0,34836597.0,15:00:02
sh600196,复星医药,22.79,-0.77,-3.268,22.78,22.79,23.56,23.6,23.63,22.74,35719813.0,822828404.0,15:34:59
sh600197,伊力特,9.94,0.1,1.016,9.93,9.94,9.84,9.87,10.08,9.82,4432721.0,44167970.0,15:34:59
sh600198,大唐电信,7.85,0.38,5.087,7.84,7.85,7.47,7.46,8.22,7.4,49646659.0,389608485.0,15:34:59
sh600199,金种子酒,6.92,-0.06,-0.86,6.91,6.92,6.98,7.01,7.14,6.88,15166547.0,106128936.0,15:34:59
sh600201,生物股份,12.43,-0.22,-1.739,12.43,12.44,12.65,12.62,12.7,12.32,13362300.0,166457315.0,15:34:59
sh600202,哈空调,5.03,-0.02,-0.396,5.02,5.03,5.05,5.05,5.1,4.97,6084700.0,30520157.0,15:00:02
sh600203,福日电子,9.86,-0.21,-2.085,9.86,9.87,10.07,10.0,10.17,9.74,13688950.0,135563718.0,15:34:59
sh600206,有研新材,52.52,-1.72,-3.171,52.52,52.53,54.24,54.05,54.87,50.5,94065237.0,4895061024.0,15:34:59
sh600207,安彩高科,4.31,-0.05,-1.147,4.31,4.32,4.36,4.38,4.44,4.26,14963700.0,64691782.0,15:34:59
sh600208,衢州发展,2.88,-0.05,-1.706,2.87,2.88,2.93,2.93,2.94,2.86,65171700.0,188173705.0,15:34:59
sh600210,紫江企业,6.04,0.06,1.003,6.04,6.05,5.98,6.0,6.06,5.98,11306815.0,68151108.0,15:34:59
sh600211,西藏药业,38.16,-0.83,-2.129,38.15,38.16,38.99,38.7,39.4,37.81,8594172.0,329180239.0,15:34:59
sh600212,绿能慧充,5.9,0.27,4.796,5.89,5.9,5.63,5.69,6.1,5.66,23620860.0,138915862.0,15:34:59
sh600215,派斯林,6.42,-0.1,-1.534,6.4,6.42,6.52,6.51,6.57,6.36,5528901.0,35650244.0,15:00:04
sh600216,浙江医药,12.55,-0.68,-5.14,12.55,12.56,13.23,13.1,13.19,12.54,39230997.0,500903396.0,15:34:59
sh600217,中再资环,3.11,-0.02,-0.639,3.11,3.12,3.13,3.12,3.18,3.11,11750481.0,36826425.0,15:00:03
sh600218,全柴动力,7.52,-0.04,-0.529,7.52,7.53,7.56,7.53,7.62,7.48,2779528.0,20936948.0,15:00:03
sh600219,南山铝业,4.8,0.05,1.053,4.8,4.81,4.75,4.8,4.85,4.75,176375417.0,845897796.0,15:34:59
sh600221,海航控股,1.3,0.0,0.0,1.3,1.31,1.3,1.3,1.31,1.29,171512370.0,223163843.0,15:34:59
sh600222,太龙药业,7.55,-0.29,-3.699,7.55,7.56,7.84,7.85,7.94,7.46,18963936.0,144544195.0,15:34:59
sh600223,福瑞达,5.55,0.07,1.277,5.55,5.56,5.48,5.55,5.74,5.52,13658790.0,76778660.0,15:34:59
sh600226,亨通股份,6.06,-0.15,-2.415,6.05,6.06,6.21,6.21,6.23,5.89,104932964.0,632744409.0,15:34:59
sh600227,赤天化,3.95,0.0,0.0,3.94,3.95,3.95,3.93,4.23,3.87,297623005.0,1205251276.0,15:34:59
sh600228,返利科技,8.2,-0.01,-0.122,8.2,8.22,8.21,8.32,8.51,8.08,22810800.0,188208931.0,15:34:59
sh600229,城市传媒,5.08,-0.02,-0.392,5.06,5.08,5.1,5.1,5.13,5.01,2833300.0,14343536.0,15:00:02
sh600230,沧州大化,14.44,-0.18,-1.231,14.44,14.45,14.62,14.65,14.94,14.29,9174200.0,133237261.0,15:00:02
sh600231,凌钢股份,1.69,-0.01,-0.588,1.68,1.69,1.7,1.71,1.72,1.67,9592420.0,16237592.0,15:34:59
sh600232,金鹰股份,6.39,0.08,1.268,6.38,6.39,6.31,6.43,6.5,6.24,5826100.0,37221627.0,15:00:02
sh600233,圆通速递,17.3,-0.12,-0.689,17.3,17.31,17.42,17.42,17.84,17.27,30460452.0,532741466.0,15:34:59
sh600234,科新发展,21.09,-0.36,-1.678,21.08,21.11,21.45,21.59,21.96,20.85,1961400.0,41694270.0,15:00:04
sh600235,民丰特纸,5.74,0.0,0.0,5.72,5.74,5.74,5.75,5.78,5.62,3565700.0,20273835.0,15:00:02
sh600236,桂冠电力,9.89,-0.01,-0.101,9.88,9.89,9.9,9.91,9.95,9.82,7433213.0,73265680.0,15:34:59
sh600237,铜峰电子,8.09,-0.33,-3.919,8.09,8.1,8.42,8.38,8.4,7.93,26666300.0,216548514.0,15:34:59
sh600238,ST椰岛,5.02,-0.04,-0.791,5.01,5.02,5.06,5.07,5.15,4.98,5534200.0,27820383.0,15:34:59
sh600239,ST云城,1.45,0.04,2.837,1.44,1.45,1.41,1.41,1.45,1.4,18949560.0,27244204.0,15:34:59
sh600241,时代万恒,7.28,-0.16,-2.151,7.27,7.28,7.44,7.38,7.48,7.22,5405600.0,39607209.0,15:34:59
sh600243,*ST海华,3.7,-0.05,-1.333,3.69,3.7,3.75,3.72,3.81,3.67,4285100.0,15970664.0,15:34:59
sh600246,万通发展,11.37,-0.75,-6.188,11.36,11.37,12.12,12.0,12.09,10.93,115427030.0,1299262799.0,15:34:59
sh600248,陕建股份,2.87,0.02,0.702,2.86,2.87,2.85,2.84,2.88,2.84,14545900.0,41629519.0,15:34:59
sh600249,两面针,5.21,-0.04,-0.762,5.2,5.21,5.25,5.27,5.29,5.19,4242300.0,22154785.0,15:00:04
sh600250,南京商旅,9.49,0.34,3.716,9.49,9.5,9.15,8.99,9.58,8.99,48122087.0,447570841.0,15:34:59
sh600251,冠农股份,10.17,-0.14,-1.358,10.17,10.18,10.31,10.27,10.54,10.14,17161421.0,176819879.0,15:34:59
sh600252,中恒集团,2.18,-0.04,-1.802,2.17,2.18,2.22,2.21,2.22,2.15,50722046.0,110365136.0,15:34:59
sh600255,鑫科材料,3.25,0.01,0.309,3.24,3.25,3.24,3.25,3.28,3.19,47133553.0,152228415.0,15:34:59
sh600256,广汇能源,6.16,-0.07,-1.124,6.16,6.17,6.23,6.18,6.3,6.08,153840319.0,947236067.0,15:34:59
sh600257,大湖股份,5.51,0.03,0.547,5.5,5.51,5.48,5.5,5.52,5.4,13669749.0,74668316.0,15:34:59
sh600258,首旅酒店,12.17,-0.06,-0.491,12.17,12.18,12.23,12.2,12.27,12.1,9762484.0,118884378.0,15:34:59
sh600259,中稀有色,84.11,-1.19,-1.395,84.11,84.12,85.3,86.52,87.79,82.0,11539972.0,978231246.0,15:34:59
sh600261,阳光照明,3.08,-0.16,-4.938,3.07,3.08,3.24,3.19,3.19,3.02,32547854.0,100006342.0,15:34:59
sh600262,北方股份,15.06,0.54,3.719,15.06,15.07,14.52,14.69,15.38,14.68,9768370.0,146881946.0,15:34:59
sh600265,*ST景谷,23.89,0.99,4.323,23.89,23.9,22.9,22.93,23.92,22.73,1206261.0,28127502.0,15:00:02
sh600266,城建发展,4.02,-0.17,-4.057,4.02,4.03,4.19,4.19,4.22,4.0,48097995.0,195902672.0,15:34:59
sh600267,海正药业,12.06,-1.02,-7.798,12.05,12.06,13.08,13.05,13.09,12.0,64884002.0,799223933.0,15:34:59
sh600268,国电南自,10.49,-0.02,-0.19,10.48,10.49,10.51,10.53,10.59,10.35,10278656.0,107586007.0,15:34:59
sh600269,赣粤高速,3.78,0.02,0.532,3.78,3.79,3.76,3.75,3.8,3.75,16816917.0,63567797.0,15:34:59
sh600271,航天信息,6.66,-0.05,-0.745,6.65,6.66,6.71,6.72,6.75,6.62,10563126.0,70394638.0,15:34:59
sh600272,开开实业,18.15,1.65,10.0,18.15,0.0,16.5,15.83,18.15,15.83,50974022.0,884506560.0,15:34:59
sh600273,嘉化能源,6.54,-0.2,-2.967,6.53,6.54,6.74,6.72,6.73,6.42,30664139.0,199708370.0,15:34:59
sh600276,恒瑞医药,46.76,-0.98,-2.053,46.75,46.76,47.74,47.54,48.08,46.47,86002333.0,4047756847.0,15:34:59
sh600278,东方创业,6.14,-0.02,-0.325,6.13,6.14,6.16,6.18,6.23,6.1,3223299.0,19843887.0,15:00:04
sh600279,重庆港,4.31,0.0,0.0,4.31,4.32,4.31,4.31,4.36,4.28,6698329.0,28919067.0,15:00:03
sh600280,中央商场,2.92,-0.06,-2.013,2.92,2.93,2.98,2.98,2.98,2.91,19707300.0,57842373.0,15:34:59
sh600281,华阳新材,4.59,-0.03,-0.649,4.59,4.6,4.62,4.59,4.77,4.54,25052429.0,115744787.0,15:34:59
sh600282,南钢股份,4.78,0.17,3.688,4.78,4.79,4.61,4.62,4.8,4.61,65328200.0,310815584.0,15:34:59
sh600283,钱江水利,7.79,0.0,0.0,7.78,7.79,7.79,7.77,7.81,7.74,1754263.0,13629987.0,15:34:59
sh600284,浦东建设,5.01,0.0,0.0,5.0,5.01,5.01,5.01,5.03,4.97,7634311.0,38127784.0,15:34:59
sh600285,羚锐制药,19.58,0.04,0.205,19.57,19.58,19.54,19.5,19.63,19.4,7110575.0,138770178.0,15:34:59
sh600287,苏豪时尚,4.77,-0.03,-0.625,4.77,4.78,4.8,4.8,4.84,4.72,3506000.0,16729982.0,15:00:03
sh600288,大恒科技,11.07,-0.38,-3.319,11.07,11.08,11.45,11.35,11.56,10.91,22909099.0,255049630.0,15:34:59
sh600289,ST信通,4.26,-0.08,-1.843,4.25,4.26,4.34,4.33,4.34,4.22,1573120.0,6722321.0,15:00:03
sh600292,电投水电,12.15,0.06,0.496,12.14,12.15,12.09,12.02,12.15,11.93,8584030.0,103334279.0,15:34:59
sh600293,三峡新材,2.79,-0.05,-1.761,2.78,2.79,2.84,2.81,2.85,2.75,22188201.0,61815811.0,15:34:59
sh600295,鄂尔多斯,13.04,-0.04,-0.306,13.04,13.05,13.08,13.05,13.31,12.9,8792600.0,115254744.0,15:34:59
sh600298,安琪酵母,40.57,-0.72,-1.744,40.57,40.58,41.29,41.16,41.33,40.0,10658924.0,432227879.0,15:34:59
sh600299,安迪苏,8.37,-0.12,-1.413,8.37,8.38,8.49,8.47,8.53,8.27,30160571.0,252759249.0,15:34:59
sh600300,维维股份,3.18,0.0,0.0,3.17,3.18,3.18,3.18,3.19,3.14,16887600.0,53550810.0,15:34:59
sh600301,华锡有色,47.33,-0.38,-0.796,47.32,47.33,47.71,47.85,48.6,46.25,11595204.0,550699680.0,15:34:59
sh600302,ST标准,6.31,-0.15,-2.322,6.31,6.32,6.46,6.46,6.46,6.18,2240100.0,14072079.0,15:34:59
sh600303,曙光股份,2.83,-0.04,-1.394,2.82,2.83,2.87,2.89,2.89,2.8,14353500.0,40598114.0,15:34:59
sh600305,恒顺醋业,6.7,0.11,1.669,6.7,6.71,6.59,6.61,6.71,6.55,9157288.0,60897391.0,15:34:59
sh600307,酒钢宏兴,1.43,0.0,0.0,1.43,1.44,1.43,1.43,1.45,1.42,21199450.0,30428911.0,15:00:03
sh600308,华泰股份,3.17,-0.05,-1.553,3.16,3.17,3.22,3.2,3.23,3.16,7695635.0,24470932.0,15:00:04
sh600309,万华化学,73.19,-0.79,-1.068,73.18,73.19,73.98,73.95,74.74,72.6,23340065.0,1713140028.0,15:34:59
sh600310,广西能源,4.11,0.02,0.489,4.11,4.12,4.09,4.09,4.13,4.04,27923335.0,113859876.0,15:34:59
sh600312,平高电气,20.18,0.45,2.281,20.18,20.19,19.73,19.77,20.35,19.61,26052681.0,522728525.0,15:34:59
sh600313,农发种业,6.65,0.15,2.308,6.64,6.65,6.5,6.5,6.92,6.36,141599133.0,940719613.0,15:34:59
sh600315,上海家化,18.23,0.14,0.774,18.23,18.25,18.09,18.15,18.74,18.14,10446500.0,192075642.0,15:34:59
sh600316,洪都航空,29.11,0.76,2.681,29.11,29.12,28.35,28.45,29.39,28.31,11248980.0,325201785.0,15:34:59
sh600318,新力金融,6.46,-0.01,-0.155,6.45,6.46,6.47,6.43,6.55,6.4,6897458.0,44516608.0,15:00:03
sh600319,亚星化学,6.26,-0.05,-0.792,6.26,6.29,6.31,6.36,6.82,6.21,11511545.0,73334085.0,15:00:04
sh600320,振华重工,4.04,0.01,0.248,4.04,4.05,4.03,4.03,4.07,4.01,26728430.0,108137899.0,15:34:59
sh600322,津投城开,2.59,-0.05,-1.894,2.59,2.6,2.64,2.64,2.66,2.57,14053200.0,36558310.0,15:00:04
sh600323,瀚蓝环境,29.6,0.34,1.162,29.58,29.6,29.26,29.27,29.91,29.23,4502299.0,133562963.0,15:00:02
sh600325,华发股份,2.25,-0.06,-2.597,2.24,2.25,2.31,2.3,2.33,2.23,61388291.0,139054523.0,15:34:59
sh600326,西藏天路,7.09,0.07,0.997,7.09,7.1,7.02,6.98,7.16,6.94,23305528.0,164548980.0,15:34:59
sh600327,大东方,4.01,-0.07,-1.716,4.0,4.01,4.08,4.09,4.13,3.98,31495100.0,127531303.0,15:34:59
sh600328,中盐化工,6.36,0.03,0.474,6.35,6.36,6.33,6.31,6.41,6.27,12919308.0,81799153.0,15:34:59
sh600329,达仁堂,35.72,0.37,1.047,35.7,35.72,35.35,35.53,35.9,35.11,2780150.0,98957908.0,15:00:05
sh600330,天通股份,26.07,-1.2,-4.4,26.06,26.07,27.27,27.27,27.55,25.39,109438165.0,2875553698.0,15:34:59
sh600331,宏达股份,13.05,0.12,0.928,13.04,13.05,12.93,12.91,13.14,12.58,50825242.0,654269169.0,15:34:59
sh600332,白云山,20.11,-0.8,-3.826,20.1,20.11,20.91,20.28,20.29,19.89,17134123.0,343780055.0,15:34:59
sh600333,长春燃气,6.26,-0.05,-0.792,6.26,6.27,6.31,6.29,6.31,6.15,11253356.0,70064667.0,15:34:59
sh600335,国机汽车,5.04,-0.22,-4.183,5.04,5.05,5.26,5.08,5.16,5.0,46729215.0,236824997.0,15:34:59
sh600336,澳柯玛,6.04,-0.14,-2.265,6.04,6.05,6.18,6.17,6.19,5.96,6707272.0,40507161.0,15:00:03
sh600337,ST美克,3.25,0.05,1.563,3.24,3.25,3.2,3.21,3.3,3.12,30517793.0,98020510.0,15:34:59
sh600338,西藏珠峰,13.93,0.08,0.578,13.93,13.94,13.85,14.03,14.28,13.73,56006967.0,782481624.0,15:34:59
sh600339,中油工程,3.39,0.01,0.296,3.38,3.39,3.38,3.34,3.39,3.3,54855717.0,184445286.0,15:34:59
sh600340,*ST华幸,1.09,0.0,0.0,1.08,1.09,1.09,1.09,1.1,1.08,22819463.0,24798913.0,15:34:59
sh600343,航天动力,17.8,-0.51,-2.785,17.79,17.8,18.31,18.28,18.31,17.47,18092253.0,321993993.0,15:34:59
sh600345,长江通信,47.7,0.1,0.21,47.7,47.75,47.6,49.0,50.08,46.55,10791952.0,520147419.0,15:34:59
sh600346,恒力石化,18.76,-0.11,-0.583,18.75,18.76,18.87,18.8,19.34,18.5,36703968.0,689796625.0,15:34:59
sh600348,华阳股份,9.08,0.12,1.339,9.07,9.08,8.96,9.04,9.15,8.95,31091502.0,281388996.0,15:34:59
sh600350,山东高速,10.73,0.17,1.61,10.72,10.73,10.56,10.56,10.75,10.47,13984995.0,148827069.0,15:34:59
sh600351,亚宝药业,6.78,-0.09,-1.31,6.77,6.78,6.87,6.88,6.93,6.72,19598659.0,132662664.0,15:00:02
sh600352,浙江龙盛,12.94,0.4,3.19,12.93,12.94,12.54,12.65,13.03,12.49,57423486.0,737464728.0,15:34:59
sh600353,旭光电子,37.02,-1.26,-3.292,37.01,37.02,38.28,39.28,39.35,34.45,111347567.0,4023918671.0,15:34:59
sh600354,敦煌种业,6.63,0.2,3.11,6.62,6.63,6.43,6.5,6.74,6.39,89883443.0,591162973.0,15:34:59
sh600356,恒丰纸业,8.81,-0.05,-0.564,8.8,8.81,8.86,8.91,8.91,8.7,2764800.0,24262398.0,15:34:59
sh600358,国旅联合,4.99,-0.03,-0.598,4.98,4.99,5.02,5.03,5.05,4.95,2754000.0,13706716.0,15:00:04
sh600359,新农开发,6.55,-0.01,-0.152,6.55,6.56,6.56,6.55,6.63,6.43,14733024.0,96173883.0,15:34:59
sh600360,华微电子,10.46,-0.26,-2.425,10.46,10.47,10.72,10.56,10.94,10.25,48552400.0,509915577.0,15:34:59
sh600361,创新新材,3.71,0.05,1.366,3.71,3.72,3.66,3.67,3.73,3.66,43460481.0,160668044.0,15:34:59
sh600362,江西铜业,45.95,0.09,0.196,45.95,45.96,45.86,46.73,46.99,45.01,63492438.0,2918683174.0,15:34:59
sh600363,联创光电,17.04,-1.17,-6.425,17.03,17.04,18.21,18.03,18.29,16.78,48786474.0,844255695.0,15:34:59
sh600365,ST通葡,2.84,0.05,1.792,2.83,2.84,2.79,2.78,2.87,2.75,2784004.0,7837681.0,15:34:59
sh600366,宁波韵升,11.56,-0.22,-1.868,11.55,11.56,11.78,11.8,11.97,11.37,31022234.0,360676183.0,15:34:59
sh600367,红星发展,38.15,3.47,10.006,38.15,0.0,34.68,34.95,38.15,33.57,75657519.0,2781079059.0,15:34:59
sh600368,五洲交通,4.06,0.04,0.995,4.05,4.06,4.02,4.02,4.07,4.02,26990638.0,109158107.0,15:34:59
sh600369,西南证券,4.01,0.01,0.25,4.01,4.02,4.0,3.99,4.03,3.97,24457008.0,97821984.0,15:34:59
sh600370,*ST三房,1.47,-0.03,-2.0,1.47,1.48,1.5,1.49,1.5,1.46,15057700.0,22186983.0,15:34:59
sh600371,万向德农,7.88,0.14,1.809,7.88,7.89,7.74,7.5,8.2,7.5,36440051.0,289168860.0,15:34:59
sh600372,中航机载,10.82,0.01,0.093,10.81,10.82,10.81,10.8,10.91,10.72,17507868.0,189361305.0,15:34:59
sh600373,中文传媒,6.97,0.01,0.144,6.96,6.97,6.96,6.94,7.0,6.91,7283398.0,50656893.0,15:00:03
sh600375,汉马科技,3.71,-0.19,-4.872,3.71,3.72,3.9,3.87,3.89,3.69,28027800.0,105200051.0,15:00:00
sh600376,首开股份,3.29,-0.24,-6.799,3.29,3.3,3.53,3.46,3.47,3.29,80899487.0,271306967.0,15:34:59
sh600377,宁沪高速,12.19,0.27,2.265,12.18,12.19,11.92,11.9,12.2,11.88,12935789.0,156473292.0,15:34:59
sh600378,昊华科技,44.2,-3.04,-6.435,44.19,44.2,47.24,46.66,47.25,43.1,44944857.0,2006952873.0,15:34:59
sh600379,宝光股份,14.65,-0.87,-5.606,14.65,14.66,15.52,15.62,16.08,14.14,27201100.0,400982518.0,15:34:59
sh600380,健康元,9.35,-0.53,-5.364,9.35,9.36,9.88,9.52,9.54,9.28,32317748.0,303280488.0,15:34:59
sh600381,*ST春天,4.75,-0.19,-3.846,4.75,4.76,4.94,5.0,5.04,4.6,6692171.0,32251384.0,15:34:59
sh600382,广东明珠,6.44,0.16,2.548,6.43,6.44,6.28,6.28,6.48,6.28,15561517.0,99657207.0,15:34:59
sh600383,金地集团,2.18,-0.03,-1.357,2.18,2.19,2.21,2.21,2.22,2.17,70502353.0,153780073.0,15:34:59
sh600386,北巴传媒,3.35,-0.03,-0.888,3.34,3.35,3.38,3.38,3.4,3.31,5756502.0,19270247.0,15:00:02
sh600388,紫金龙净,17.35,-0.38,-2.143,17.34,17.35,17.73,17.71,17.71,17.27,9988346.0,174512998.0,15:34:59
sh600389,江山股份,18.28,-0.26,-1.402,18.27,18.28,18.54,18.5,18.69,18.16,6206285.0,113565957.0,15:34:59
sh600390,五矿资本,4.9,0.06,1.24,4.89,4.9,4.84,4.83,4.92,4.81,33172054.0,162041859.0,15:34:59
sh600391,航发科技,30.9,0.19,0.619,30.9,30.91,30.71,30.68,31.8,30.39,8176120.0,253759380.0,15:34:59
sh600392,盛和资源,22.84,0.11,0.484,22.84,22.85,22.73,23.01,23.49,22.42,61875959.0,1418308705.0,15:34:59
sh600395,盘江股份,5.5,0.04,0.733,5.49,5.5,5.46,5.47,5.63,5.35,51850145.0,282359976.0,15:34:59
sh600396,华电辽能,14.17,-0.11,-0.77,14.16,14.17,14.28,14.44,14.54,13.79,123462200.0,1749463200.0,15:34:59
sh600397,江钨装备,18.23,0.09,0.496,18.22,18.23,18.14,18.67,18.95,17.3,118486000.0,2128542591.0,15:34:59
sh600398,海澜之家,5.98,0.08,1.356,5.98,5.99,5.9,5.89,6.01,5.88,26547741.0,158317522.0,15:34:59
sh600399,抚顺特钢,4.18,-0.15,-3.464,4.17,4.18,4.33,4.14,4.29,4.04,44307503.0,185778687.0,15:34:59
sh600400,红豆股份,2.99,-0.14,-4.473,2.98,2.99,3.13,3.15,3.16,2.96,55538171.0,168297081.0,15:34:59
sh600403,大有能源,7.3,0.66,9.94,7.3,0.0,6.64,6.6,7.3,6.6,148215847.0,1039822369.0,15:34:59
sh600405,动力源,4.51,-0.07,-1.528,4.51,4.52,4.58,4.59,4.6,4.47,7878435.0,35519451.0,15:00:03
sh600406,国电南瑞,23.27,0.1,0.432,23.26,23.27,23.17,23.17,23.3,23.08,29267555.0,679049040.0,15:34:59
sh600408,安泰集团,2.86,-0.01,-0.348,2.85,2.86,2.87,2.87,2.95,2.81,73968600.0,211322982.0,15:34:59
sh600409,三友化工,6.92,0.21,3.13,6.91,6.92,6.71,6.77,7.04,6.69,40087332.0,276076031.0,15:34:59
sh600410,华胜天成,12.98,-0.58,-4.277,12.98,12.99,13.56,13.5,13.57,12.84,38247907.0,501265490.0,15:34:59
sh600415,小商品城,12.3,-0.18,-1.442,12.3,12.31,12.48,12.41,12.75,12.23,67375924.0,845481488.0,15:34:59
sh600416,湘电股份,8.26,-0.14,-1.667,8.25,8.26,8.4,8.4,8.45,8.19,13750337.0,114285984.0,15:34:59
sh600418,江淮汽车,20.12,-0.72,-3.455,20.12,20.13,20.84,20.76,21.48,19.97,77984552.0,1596867914.0,15:34:59
sh600419,天润乳业,8.64,-0.11,-1.257,8.64,8.68,8.75,8.78,9.07,8.62,6465710.0,56731526.0,15:00:01
sh600420,国药现代,8.45,-0.01,-0.118,8.45,8.46,8.46,8.43,8.5,8.37,7283300.0,61458496.0,15:34:59
sh600422,昆药集团,8.31,-0.23,-2.693,8.31,8.32,8.54,8.48,8.5,8.28,8437189.0,70452449.0,15:34:59
sh600423,*ST柳化,2.82,0.01,0.356,2.82,2.83,2.81,2.8,2.83,2.77,3189902.0,8940237.0,15:00:04
sh600425,青松建化,3.62,0.06,1.685,3.61,3.62,3.56,3.57,3.65,3.54,16524446.0,59794356.0,15:00:00
sh600426,华鲁恒升,20.07,-0.7,-3.37,20.07,20.08,20.77,20.71,20.9,19.83,43982322.0,885924259.0,15:34:59
sh600428,中远海特,11.35,-0.48,-4.057,11.35,11.36,11.83,11.79,11.84,11.35,38439868.0,443770934.0,15:34:59
sh600429,三元股份,4.49,-0.01,-0.222,4.48,4.49,4.5,4.54,4.54,4.44,8475000.0,38028095.0,15:34:59
sh600433,冠豪高新,3.25,-0.04,-1.216,3.25,3.26,3.29,3.27,3.31,3.22,22107575.0,71801988.0,15:00:03
sh600435,北方导航,10.32,-0.17,-1.621,10.31,10.32,10.49,10.46,10.53,10.16,13412800.0,138672883.0,15:34:59
sh600436,片仔癀,123.76,-0.34,-0.274,123.76,123.78,124.1,123.0,124.29,121.05,4119780.0,505355040.0,15:34:59
sh600438,通威股份,12.12,-0.31,-2.494,12.11,12.12,12.43,12.26,12.55,11.99,41750087.0,509700817.0,15:34:59
sh600439,ST瑞贝卡,1.85,0.0,0.0,1.85,1.86,1.85,1.85,1.87,1.85,10550484.0,19586240.0,15:34:59
sh600444,国机通用,14.05,-0.12,-0.847,14.05,14.06,14.17,14.15,14.45,13.95,3667600.0,51765768.0,15:00:02
sh600446,金证股份,10.62,-0.06,-0.562,10.61,10.62,10.68,10.61,10.8,10.46,11723567.0,124275439.0,15:34:59
sh600448,华纺股份,2.92,-0.02,-0.68,2.92,2.93,2.94,2.98,2.99,2.87,14273540.0,41673011.0,15:00:04
sh600449,宁夏建材,13.21,0.91,7.398,13.21,13.22,12.3,12.56,13.45,12.35,35570423.0,466114256.0,15:34:59
sh600452,涪陵电力,9.03,-0.04,-0.441,9.02,9.03,9.07,9.08,9.14,8.97,17512391.0,157997202.0,15:34:59
sh600455,博通股份,23.83,-0.46,-1.894,23.83,23.95,24.29,23.65,24.29,23.65,1337500.0,31962465.0,15:00:04
sh600456,宝钛股份,27.23,-0.12,-0.439,27.22,27.23,27.35,27.46,27.72,26.96,5206167.0,142554453.0,15:34:59
sh600458,时代新材,11.72,0.18,1.56,11.71,11.72,11.54,11.6,11.89,11.55,21648731.0,253587908.0,15:34:59
sh600459,贵研铂业,21.35,-0.52,-2.378,21.35,21.36,21.87,21.97,22.06,20.86,32370315.0,693674510.0,15:34:59
sh600460,士兰微,35.56,-0.33,-0.919,35.56,35.57,35.89,36.25,37.43,34.67,260389069.0,9418849390.0,15:34:59
sh600461,洪城环境,8.91,0.08,0.906,8.9,8.91,8.83,8.84,8.93,8.8,9062523.0,80452136.0,15:34:59
sh600463,空港股份,8.03,-0.09,-1.108,8.03,8.04,8.12,8.2,8.23,8.0,2664000.0,21573751.0,15:00:03
sh600467,好当家,2.32,-0.02,-0.855,2.31,2.32,2.34,2.33,2.34,2.28,21221700.0,48985999.0,15:00:04
sh600468,百利电气,5.87,-0.02,-0.34,5.87,5.88,5.89,5.87,5.92,5.76,11680690.0,68056050.0,15:34:59
sh600469,风神股份,5.22,-0.02,-0.382,5.21,5.22,5.24,5.23,5.28,5.18,4756750.0,24825894.0,15:00:02
sh600470,六国化工,5.39,-0.16,-2.883,5.39,5.4,5.55,5.53,5.57,5.35,19545808.0,105633934.0,15:34:59
sh600475,华光环能,14.55,-0.43,-2.87,14.55,14.56,14.98,14.98,15.04,14.44,7432390.0,108816839.0,15:00:01
sh600476,*ST湘邮,9.4,-0.29,-2.993,9.4,9.42,9.69,9.66,9.83,9.4,1294992.0,12404921.0,15:00:02
sh600477,杭萧钢构,2.38,-0.01,-0.418,2.37,2.38,2.39,2.38,2.4,2.35,20630716.0,48959184.0,15:34:59
sh600478,科力远,4.91,0.03,0.615,4.9,4.91,4.88,4.87,4.97,4.86,19718284.0,96780597.0,15:34:59
sh600479,千金药业,9.8,0.04,0.41,9.79,9.8,9.76,9.76,9.81,9.67,4093341.0,39882250.0,15:34:59
sh600480,凌云股份,8.23,-0.1,-1.2,8.22,8.23,8.33,8.3,8.36,8.16,8972204.0,73955803.0,15:34:59
sh600481,双良节能,4.19,-0.02,-0.475,4.18,4.19,4.21,4.2,4.32,4.13,41018504.0,172680457.0,15:34:59
sh600482,中国动力,31.66,-0.27,-0.846,31.66,31.67,31.93,31.92,32.56,31.0,15841730.0,500387822.0,15:34:59
sh600483,福能股份,10.83,0.56,5.453,10.82,10.83,10.27,10.37,10.88,10.33,36694903.0,394517915.0,15:34:59
sh600486,扬农化工,54.75,-0.21,-0.382,54.75,54.76,54.96,55.02,56.24,54.2,3331173.0,182500090.0,15:34:59
sh600487,亨通光电,60.43,-1.75,-2.814,60.42,60.43,62.18,62.2,62.23,59.3,148191168.0,8947601123.0,15:34:59
sh600488,津药药业,5.17,-0.34,-6.171,5.16,5.17,5.51,5.51,5.51,5.15,58232350.0,305882203.0,15:34:59
sh600489,中金黄金,27.26,0.08,0.294,27.25,27.26,27.18,27.59,27.96,26.81,155999618.0,4254613208.0,15:34:59
sh600490,鹏欣资源,7.45,0.08,1.085,7.45,7.46,7.37,7.44,7.62,7.32,95804523.0,714326847.0,15:34:59
sh600491,ST龙元,1.78,-0.03,-1.657,1.77,1.78,1.81,1.75,1.91,1.7,123145585.0,221808192.0,15:34:59
sh600493,凤竹纺织,6.03,-0.05,-0.822,6.03,6.04,6.08,6.12,6.13,5.96,5197600.0,31327608.0,15:00:02
sh600495,晋西车轴,4.05,0.0,0.0,4.04,4.05,4.05,4.05,4.07,4.01,8140000.0,32832349.0,15:34:59
sh600496,精工钢构,3.37,0.03,0.898,3.36,3.37,3.34,3.34,3.4,3.34,24995310.0,84240036.0,15:34:59
sh600497,驰宏锌锗,10.19,0.07,0.692,10.19,10.2,10.12,10.3,10.39,9.98,168632024.0,1715847124.0,15:34:59
sh600498,烽火通信,39.12,-1.58,-3.882,39.12,39.13,40.7,40.73,40.98,37.65,87877857.0,3429099099.0,15:34:59
sh600499,科达制造,13.96,-0.26,-1.828,13.96,13.97,14.22,14.25,14.44,13.9,21079832.0,296407234.0,15:34:59
sh600500,中化国际,5.37,-0.14,-2.541,5.37,5.38,5.51,5.5,5.55,5.23,160577204.0,859418781.0,15:34:59
sh600501,航天晨光,13.74,-0.44,-3.103,13.74,13.75,14.18,14.03,14.3,13.53,6337341.0,87607914.0,15:34:59
sh600502,安徽建工,4.46,0.04,0.905,4.45,4.46,4.42,4.4,4.47,4.4,22013400.0,97796860.0,15:34:59
sh600503,华丽家族,2.12,-0.01,-0.469,2.12,2.13,2.13,2.13,2.17,2.1,17060264.0,36271852.0,15:34:59
sh600505,西昌电力,10.45,0.02,0.192,10.45,10.46,10.43,10.35,10.52,10.35,4686550.0,48869207.0,15:34:59
sh600506,统一股份,15.53,0.71,4.791,15.53,15.54,14.82,14.73,16.3,14.7,18104699.0,282541987.0,15:34:59
sh600507,方大特钢,4.2,0.03,0.719,4.19,4.2,4.17,4.17,4.22,4.16,15428043.0,64713589.0,15:34:59
sh600508,上海能源,9.88,0.9,10.022,9.88,0.0,8.98,9.2,9.88,9.19,35816392.0,346728218.0,15:34:59
sh600509,天富能源,7.4,0.11,1.509,7.39,7.4,7.29,7.29,7.41,7.23,17568527.0,128467392.0,15:34:59
sh600510,黑牡丹,6.82,-0.03,-0.438,6.81,6.82,6.85,6.78,7.09,6.75,13168624.0,91000545.0,15:34:59
sh600511,国药股份,26.26,-0.14,-0.53,26.25,26.26,26.4,26.4,26.45,25.97,7143400.0,187052818.0,15:34:59
sh600512,腾达建设,2.01,-0.01,-0.495,2.0,2.01,2.02,2.02,2.04,2.0,16583621.0,33331601.0,15:34:59
sh600513,联环药业,15.64,-1.0,-6.01,15.64,15.65,16.64,16.7,16.8,15.55,14690341.0,233353502.0,15:34:59
sh600515,海南机场,2.75,-0.06,-2.135,2.75,2.76,2.81,2.8,2.82,2.74,93771538.0,260087824.0,15:34:59
sh600516,方大炭素,5.04,-0.04,-0.787,5.03,5.04,5.08,5.07,5.11,5.02,23883861.0,120669011.0,15:34:59
sh600517,国网英大,4.85,0.0,0.0,4.85,4.86,4.85,4.85,4.89,4.8,14798763.0,71869647.0,15:34:59
sh600518,康美药业,1.34,-0.02,-1.471,1.33,1.34,1.36,1.36,1.37,1.33,111675058.0,149840520.0,15:34:59
sh600519,贵州茅台,1304.66,31.83,2.501,1304.58,1304.66,1272.83,1271.01,1313.8,1270.33,4843957.0,6299794441.0,15:34:59
sh600520,三佳科技,24.21,-0.47,-1.904,24.21,24.22,24.68,24.8,24.87,23.4,5841420.0,140606987.0,15:34:59
sh600521,华海药业,16.2,-0.42,-2.527,16.2,16.21,16.62,16.51,16.66,15.9,36500123.0,590808107.0,15:34:59
sh600522,中天科技,32.53,-0.9,-2.692,32.53,32.54,33.43,33.42,33.43,31.78,153285310.0,4971700654.0,15:34:59
sh600523,贵航股份,11.78,-0.04,-0.338,11.78,11.79,11.82,11.8,11.85,11.61,3268100.0,38370974.0,15:34:59
sh600525,ST长园,5.78,0.01,0.173,5.77,5.78,5.77,5.78,5.94,5.68,25120371.0,146394193.0,15:34:59
sh600526,菲达环保,4.72,0.11,2.386,4.72,4.73,4.61,4.63,4.8,4.63,19314132.0,90984487.0,15:34:59
sh600527,江南高纤,2.17,0.02,0.93,2.16,2.17,2.15,2.14,2.18,2.13,37373074.0,80683713.0,15:34:59
sh600528,中铁工业,6.96,0.02,0.288,6.95,6.96,6.94,6.94,6.99,6.9,7517255.0,52230051.0,15:00:04
sh600529,山东药玻,18.72,-0.02,-0.107,18.71,18.72,18.74,18.7,18.85,18.58,8652105.0,161616221.0,15:34:59
sh600530,ST交昂,3.61,-0.09,-2.432,3.61,3.62,3.7,3.69,3.7,3.59,6478100.0,23632066.0,15:34:59
sh600531,豫光金铅,13.89,-0.01,-0.072,13.89,13.9,13.9,14.0,14.25,13.6,103459207.0,1439602848.0,15:34:59
sh600533,栖霞建设,2.14,-0.04,-1.835,2.13,2.14,2.18,2.18,2.19,2.11,14889700.0,31918061.0,15:00:04
sh600535,天士力,14.82,-0.15,-1.002,14.81,14.82,14.97,14.99,15.03,14.68,17084748.0,253237023.0,15:34:59
sh600536,中国软件,33.2,-0.7,-2.065,33.19,33.2,33.9,33.85,34.19,32.85,28290821.0,942890746.0,15:34:59
sh600537,*ST亿晶,2.1,-0.03,-1.408,2.09,2.1,2.13,2.13,2.16,2.06,24130900.0,50522580.0,15:00:02
sh600538,国发股份,5.13,-0.08,-1.536,5.12,5.13,5.21,5.21,5.26,5.08,9373949.0,48091615.0,15:00:02
sh600539,狮头股份,14.86,-0.25,-1.655,14.86,14.87,15.11,15.06,15.65,14.79,19812000.0,299735853.0,15:34:59
sh600540,新赛股份,4.05,0.1,2.532,4.05,4.06,3.95,3.96,4.12,3.88,40226246.0,161268798.0,15:34:59
sh600543,*ST莫高,4.08,0.04,0.99,4.07,4.08,4.04,4.01,4.09,3.97,2647600.0,10701809.0,15:00:04
sh600545,卓郎智能,4.08,-0.17,-4.0,4.07,4.08,4.25,4.23,4.24,3.98,69053086.0,281404769.0,15:34:59
sh600546,山煤国际,13.66,0.45,3.407,13.65,13.66,13.21,13.38,13.77,13.2,40031700.0,543059522.0,15:34:59
sh600547,山东黄金,36.5,-0.55,-1.484,36.5,36.51,37.05,37.8,38.14,35.9,182867165.0,6744296982.0,15:34:59
sh600548,深高速,8.25,0.07,0.856,8.24,8.25,8.18,8.15,8.27,8.15,2550424.0,20999651.0,15:00:03
sh600549,厦门钨业,53.93,-1.65,-2.969,53.93,53.94,55.58,56.26,56.28,52.76,59153804.0,3209989141.0,15:34:59
sh600550,保变电气,10.91,-0.12,-1.088,10.91,10.92,11.03,11.01,11.12,10.79,15571590.0,169900279.0,15:34:59
sh600551,时代出版,6.83,-0.03,-0.437,6.83,6.85,6.86,6.85,6.87,6.8,2584107.0,17661835.0,15:34:59
sh600552,凯盛科技,17.49,-0.59,-3.263,17.48,17.49,18.08,18.08,18.08,16.96,44756491.0,779271953.0,15:34:59
sh600556,天下秀,4.48,-0.1,-2.183,4.48,4.49,4.58,4.58,4.58,4.43,28086500.0,125890346.0,15:34:59
sh600557,康缘药业,11.91,-0.15,-1.244,11.91,11.92,12.06,12.06,12.08,11.8,8085980.0,96223528.0,15:34:59
sh600558,大西洋,4.78,0.0,0.0,4.77,4.78,4.78,4.78,4.84,4.74,11215951.0,53655012.0,15:34:59
sh600559,老白干酒,11.52,0.12,1.053,11.52,11.53,11.4,11.34,11.57,11.34,8329135.0,95740811.0,15:34:59
sh600560,金自天正,11.0,-0.11,-0.99,11.0,11.01,11.11,11.16,11.16,10.89,1670818.0,18380676.0,15:34:59
sh600561,江西长运,5.66,-0.06,-1.049,5.66,5.68,5.72,5.71,5.75,5.5,3992700.0,22594352.0,15:00:03
sh600562,国睿科技,26.11,0.1,0.384,26.11,26.12,26.01,25.93,26.78,25.6,9098568.0,236878821.0,15:34:59
sh600563,法拉电子,126.27,-6.8,-5.11,126.27,126.29,133.07,133.07,135.96,124.0,5860653.0,752351073.0,15:34:59
sh600566,济川药业,24.4,0.01,0.041,24.4,24.41,24.39,24.64,24.92,24.2,5814662.0,142548701.0,15:34:59
sh600567,山鹰国际,1.33,0.0,0.0,1.32,1.33,1.33,1.33,1.34,1.32,33862770.0,44992245.0,15:34:59
sh600568,ST中珠,2.16,-0.05,-2.262,2.16,2.17,2.21,2.21,2.21,2.15,7233100.0,15736548.0,15:34:59
sh600569,安阳钢铁,1.76,0.01,0.571,1.76,1.77,1.75,1.75,1.79,1.74,16602804.0,29190990.0,15:34:59
sh600570,恒生电子,21.14,-0.17,-0.798,21.14,21.15,21.31,21.23,21.44,21.06,14958448.0,317322428.0,15:34:59
sh600571,信雅达,10.36,0.01,0.097,10.35,10.36,10.35,10.27,10.47,10.2,6520606.0,67515893.0,15:00:04
sh600572,康恩贝,4.21,-0.11,-2.546,4.21,4.22,4.32,4.29,4.32,4.17,78528742.0,332024813.0,15:34:59
sh600573,惠泉啤酒,9.76,0.02,0.205,9.76,9.77,9.74,9.84,9.84,9.61,4149486.0,40276130.0,15:34:59
sh600575,淮河能源,3.3,0.02,0.61,3.3,3.31,3.28,3.28,3.32,3.27,32816823.0,108253337.0,15:34:59
sh600576,祥源文旅,5.45,0.0,0.0,5.44,5.45,5.45,5.45,5.53,5.4,4616400.0,25171787.0,15:34:59
sh600577,精达股份,8.55,-0.11,-1.27,8.55,8.56,8.66,8.75,8.9,8.44,136817518.0,1179812718.0,15:34:59
sh600578,京能电力,5.57,0.04,0.723,5.57,5.58,5.53,5.56,5.62,5.52,56686529.0,315264819.0,15:34:59
sh600579,中化装备,6.78,-0.18,-2.586,6.77,6.78,6.96,6.96,6.99,6.73,3957300.0,27036055.0,15:00:04
sh600580,卧龙电驱,29.52,-1.4,-4.528,29.52,29.53,30.92,30.62,30.63,29.27,46131718.0,1373623467.0,15:34:59
sh600581,*ST八钢,2.29,0.03,1.327,2.28,2.29,2.26,2.26,2.31,2.25,5640600.0,12867273.0,15:34:59
sh600582,天地科技,4.78,0.01,0.21,4.77,4.78,4.77,4.76,4.8,4.72,21636910.0,103014564.0,15:34:59
sh600583,海油工程,6.1,-0.02,-0.327,6.09,6.1,6.12,6.0,6.12,5.89,43340500.0,262486718.0,15:34:59
sh600584,长电科技,73.8,-4.77,-6.071,73.8,73.81,78.57,78.56,78.56,72.27,111989577.0,8343892121.0,15:34:59
sh600585,海螺水泥,17.57,0.16,0.919,17.56,17.57,17.41,17.4,17.73,17.35,24451731.0,429665036.0,15:34:59
sh600586,金晶科技,4.17,-0.1,-2.342,4.17,4.18,4.27,4.26,4.28,4.16,12833700.0,54019371.0,15:34:59
sh600587,新华医疗,12.23,-0.18,-1.45,12.23,12.24,12.41,12.42,12.44,12.21,4855154.0,59675170.0,15:00:04
sh600588,用友网络,10.13,-0.62,-5.767,10.13,10.14,10.75,10.7,10.7,10.1,51305913.0,528487513.0,15:34:59
sh600589,大位科技,7.42,-0.26,-3.385,7.42,7.43,7.68,7.77,7.85,7.33,47141196.0,354578336.0,15:34:59
sh600590,泰豪科技,8.11,-0.18,-2.171,8.11,8.12,8.29,8.29,8.33,7.98,17045099.0,138089762.0,15:34:59
sh600592,龙溪股份,13.8,-0.13,-0.933,13.79,13.8,13.93,13.98,14.12,13.62,4359720.0,60267466.0,15:34:59
sh600593,大连圣亚,39.16,-0.95,-2.368,39.16,39.18,40.11,40.38,40.6,38.83,3567300.0,141307273.0,15:34:59
sh600594,益佰制药,4.09,0.37,9.946,4.09,0.0,3.72,3.74,4.09,3.7,51782571.0,209386557.0,15:34:59
sh600595,中孚实业,6.19,0.0,0.0,6.18,6.19,6.19,6.19,6.23,6.08,62218331.0,382540223.0,15:34:59
sh600596,新安股份,10.38,-0.24,-2.26,10.37,10.38,10.62,10.66,10.79,10.31,30876494.0,323520190.0,15:34:59
sh600597,光明乳业,6.64,0.02,0.302,6.64,6.66,6.62,6.6,6.67,6.57,6947701.0,46106591.0,15:34:59
sh600598,北大荒,12.77,0.25,1.997,12.77,12.78,12.52,12.46,12.86,12.28,58698310.0,741424365.0,15:34:59
sh600600,青岛啤酒,50.72,-0.1,-0.197,50.72,50.75,50.82,50.77,51.0,50.6,3691743.0,187627429.0,15:34:59
sh600601,方正科技,11.54,-0.92,-7.384,11.54,11.55,12.46,12.45,12.45,11.21,210266942.0,2454648558.0,15:34:59
sh600602,云赛智联,18.68,0.38,2.077,18.68,18.69,18.3,18.2,18.68,17.68,36998461.0,672731442.0,15:34:59
sh600603,广汇物流,4.41,-0.2,-4.338,4.4,4.41,4.61,4.58,4.65,4.36,19861475.0,88929790.0,15:00:03
sh600604,市北高新,4.94,0.45,10.022,4.94,0.0,4.49,4.92,4.94,4.92,28156402.0,139040865.0,15:34:59
sh600605,汇通能源,24.16,-0.39,-1.589,24.16,24.18,24.55,24.54,24.7,24.0,2063600.0,50169236.0,15:34:59
sh600606,绿地控股,1.25,-0.02,-1.575,1.24,1.25,1.27,1.26,1.27,1.24,55780700.0,69955262.0,15:34:59
sh600609,金杯汽车,3.21,0.0,0.0,3.2,3.21,3.21,3.2,3.26,3.19,12220785.0,39276516.0,15:34:59
sh600610,中毅达,8.66,0.79,10.038,8.66,0.0,7.87,7.73,8.66,7.67,85035881.0,696790718.0,15:34:59
sh600611,大众交通,4.56,0.13,2.935,4.56,4.57,4.43,4.73,4.86,4.56,113244981.0,535224367.0,15:34:59
sh600612,老凤祥,35.64,0.59,1.683,35.64,35.66,35.05,35.18,36.25,35.02,3692516.0,132158140.0,15:34:59
sh600613,神奇制药,9.9,0.9,10.0,9.9,0.0,9.0,9.32,9.9,9.04,97575030.0,937738751.0,15:34:59
sh600615,鑫源智造,9.36,-0.01,-0.107,9.32,9.36,9.37,9.39,9.45,9.16,1864100.0,17319152.0,15:00:02
sh600616,金枫酒业,4.25,0.02,0.473,4.24,4.25,4.23,4.23,4.29,4.21,6105209.0,25926617.0,15:00:03
sh600617,国新能源,3.3,-0.06,-1.786,3.29,3.3,3.36,3.37,3.38,3.24,31600158.0,104047289.0,15:34:59
sh600618,氯碱化工,10.14,0.03,0.297,10.14,10.15,10.11,10.08,10.22,10.03,5348428.0,54115885.0,15:34:59
sh600619,海立股份,14.27,0.38,2.736,14.27,14.28,13.89,13.89,14.82,13.81,30085882.0,433039599.0,15:34:59
sh600620,天宸股份,4.35,-0.02,-0.458,4.35,4.36,4.37,4.37,4.41,4.29,4545300.0,19723275.0,15:00:03
sh600621,华鑫股份,12.7,-0.05,-0.392,12.7,12.71,12.75,12.76,12.81,12.65,4957177.0,63012323.0,15:34:59
sh600622,光大嘉宝,2.21,-0.05,-2.212,2.21,2.22,2.26,2.27,2.28,2.19,16174360.0,35950285.0,15:00:02
sh600623,华谊集团,8.08,-0.09,-1.102,8.08,8.09,8.17,8.17,8.22,8.02,11088750.0,89735079.0,15:00:03
sh600624,ST复华,4.07,0.01,0.246,4.06,4.07,4.06,4.03,4.09,4.03,1459898.0,5926224.0,15:00:03
sh600626,申达股份,3.52,0.0,0.0,3.51,3.52,3.52,3.54,3.57,3.49,8143500.0,28673370.0,15:00:02
sh600628,新世界,6.1,-0.02,-0.327,6.09,6.1,6.12,6.11,6.17,6.07,4598507.0,28097735.0,15:34:59
sh600629,华建集团,15.98,-0.62,-3.735,15.98,15.99,16.6,16.6,16.6,15.94,20694653.0,335622146.0,15:34:59
sh600630,龙头股份,6.6,-0.06,-0.901,6.6,6.61,6.66,6.66,6.69,6.54,6889200.0,45464050.0,15:34:59
sh600633,浙数文化,9.96,-0.2,-1.969,9.95,9.96,10.16,10.2,10.2,9.9,15875095.0,158595195.0,15:34:59
sh600635,大众公用,4.49,0.0,0.0,4.49,4.5,4.49,4.52,4.55,4.45,22982671.0,103094837.0,15:34:59
sh600637,东方明珠,8.0,0.02,0.251,7.99,8.0,7.98,8.1,8.35,7.97,58329451.0,475332854.0,15:34:59
sh600638,新黄浦,4.86,-0.02,-0.41,4.86,4.87,4.88,4.83,4.94,4.8,11779780.0,57201157.0,15:00:02
sh600639,浦东金桥,9.36,0.02,0.214,9.36,9.38,9.34,9.3,9.4,9.28,4117291.0,38500065.0,15:00:02
sh600640,国脉文化,10.44,-0.19,-1.787,10.43,10.44,10.63,11.13,11.13,10.4,11821940.0,126454219.0,15:34:59
sh600641,先导基电,32.17,-0.38,-1.167,32.17,32.18,32.55,32.44,32.77,31.13,63050086.0,2007359588.0,15:34:59
sh600642,申能股份,8.49,0.15,1.799,8.48,8.49,8.34,8.35,8.55,8.35,28011361.0,237329965.0,15:34:59
sh600643,爱建集团,3.95,0.02,0.509,3.94,3.95,3.93,3.92,3.98,3.89,11388622.0,44739584.0,15:34:59
sh600644,乐山电力,8.76,0.07,0.806,8.75,8.76,8.69,8.73,8.81,8.65,15976600.0,139516721.0,15:34:59
sh600645,中源协和,19.23,-0.8,-3.994,19.23,19.25,20.03,20.08,20.15,19.13,12569242.0,244561999.0,15:34:59
sh600648,外高桥,9.02,0.03,0.334,9.01,9.02,8.99,8.97,9.03,8.92,1854409.0,16679697.0,15:00:02
sh600649,城投控股,3.81,-0.07,-1.804,3.8,3.81,3.88,3.83,3.89,3.76,42645102.0,162740503.0,15:34:59
sh600650,锦江在线,10.45,0.11,1.064,10.45,10.46,10.34,10.53,10.77,10.45,3694300.0,39067942.0,15:34:59
sh600651,飞乐音响,5.66,-0.04,-0.702,5.65,5.66,5.7,5.69,6.13,5.65,38417856.0,222925545.0,15:34:59
sh600653,申华控股,1.66,-0.01,-0.599,1.66,1.67,1.67,1.66,1.69,1.65,17556800.0,29234641.0,15:00:03
sh600654,中安科,2.87,0.02,0.702,2.87,2.88,2.85,2.85,2.9,2.83,39487897.0,113086400.0,15:34:59
sh600655,豫园股份,4.59,0.09,2.0,4.58,4.59,4.5,4.5,4.6,4.48,17576367.0,80102469.0,15:34:59
sh600657,信达地产,2.55,-0.04,-1.544,2.55,2.56,2.59,2.59,2.64,2.53,24494651.0,62979141.0,15:00:03
sh600658,电子城,3.9,-0.1,-2.5,3.9,3.91,4.0,4.01,4.02,3.88,7451500.0,29292294.0,15:00:02
sh600660,福耀玻璃,56.49,-0.27,-0.476,56.49,56.5,56.76,56.61,57.15,56.09,7069546.0,400275993.0,15:34:59
sh600661,昂立教育,8.49,-0.03,-0.352,8.49,8.5,8.52,8.53,8.64,8.35,6432900.0,54549299.0,15:34:59
sh600662,外服控股,4.16,0.05,1.217,4.15,4.16,4.11,4.15,4.2,4.11,16534226.0,68565972.0,15:34:59
sh600663,陆家嘴,9.35,-0.02,-0.213,9.35,9.36,9.37,9.28,9.5,9.21,17527710.0,164625668.0,15:34:59
sh600664,哈药股份,8.22,0.05,0.612,8.22,8.23,8.17,8.06,8.4,7.9,386371766.0,3145450033.0,15:34:59
sh600665,天地源,3.45,0.01,0.291,3.44,3.45,3.44,3.45,3.45,3.36,8246000.0,28046743.0,15:34:59
sh600666,奥瑞德,3.38,-0.1,-2.874,3.37,3.38,3.48,3.47,3.51,3.32,76706900.0,260037005.0,15:34:59
sh600667,太极实业,20.3,-1.14,-5.317,20.3,20.31,21.44,21.26,21.54,19.8,206837398.0,4213788037.0,15:34:59
sh600668,尖峰集团,7.24,-0.09,-1.228,7.24,7.25,7.33,7.31,7.34,7.22,3628380.0,26325853.0,15:34:59
sh600671,天目药业,19.84,-0.67,-3.267,19.84,19.88,20.51,20.48,20.74,19.69,1871801.0,37398503.0,15:34:59
sh600673,东阳光,32.57,-1.17,-3.468,32.57,32.58,33.74,33.78,33.85,32.08,25284058.0,826690774.0,15:34:59
sh600674,川投能源,15.59,0.34,2.23,15.58,15.59,15.25,15.25,15.63,15.23,29495227.0,456972744.0,15:34:59
sh600675,中华企业,2.2,-0.01,-0.452,2.19,2.2,2.21,2.2,2.22,2.17,25963575.0,56908843.0,15:34:59
sh600676,久事动娱,6.49,-0.11,-1.667,6.48,6.49,6.6,6.6,6.67,6.45,6936474.0,45295523.0,15:34:59
sh600678,ST金顶,5.32,-0.14,-2.564,5.32,5.33,5.46,5.47,5.59,5.27,7495800.0,40243330.0,15:00:03
sh600679,上海凤凰,9.48,0.09,0.958,9.48,9.49,9.39,9.43,9.54,9.35,2347200.0,22203154.0,15:00:03
sh600681,百川能源,3.4,-0.02,-0.585,3.39,3.4,3.42,3.4,3.42,3.37,11024000.0,37384486.0,15:34:59
sh600682,南京新百,5.59,-0.07,-1.237,5.58,5.59,5.66,5.66,5.73,5.52,13158282.0,73659181.0,15:00:02
sh600683,京投发展,9.85,-0.16,-1.598,9.85,9.86,10.01,10.0,10.49,9.64,37707045.0,375758076.0,15:34:59
sh600684,珠江股份,3.46,0.0,0.0,3.46,3.47,3.46,3.5,3.55,3.42,12605900.0,43830377.0,15:00:03
sh600685,中船防务,25.6,0.01,0.039,25.6,25.61,25.59,25.51,25.9,25.41,6747411.0,173066340.0,15:34:59
sh600686,金龙汽车,10.72,-0.31,-2.811,10.72,10.73,11.03,11.03,11.06,10.63,14796155.0,159438768.0,15:34:59
sh600688,上海石化,2.84,0.01,0.353,2.83,2.84,2.83,2.82,2.86,2.81,56359168.0,159667604.0,15:34:59
sh600689,上海三毛,10.63,-0.16,-1.483,10.63,10.64,10.79,10.88,10.88,10.52,2542513.0,27016024.0,15:00:03
sh600690,海尔智家,20.94,0.08,0.384,20.94,20.95,20.86,20.85,21.07,20.75,41943929.0,878144032.0,15:34:59
sh600691,潞化科技,2.55,-0.01,-0.391,2.54,2.55,2.56,2.56,2.6,2.51,29234909.0,74413073.0,15:34:59
sh600692,亚通股份,6.25,-0.05,-0.794,6.25,6.26,6.3,6.32,6.38,6.17,8262700.0,51645277.0,15:00:03
sh600693,东百集团,8.51,-0.44,-4.916,8.51,8.52,8.95,8.88,8.9,8.45,38221128.0,328723556.0,15:34:59
sh600694,大商股份,14.43,0.07,0.487,14.43,14.44,14.36,14.31,14.53,14.31,2490334.0,35973633.0,15:00:02
sh600697,欧亚集团,10.78,0.1,0.936,10.78,10.79,10.68,10.97,11.06,10.71,4175200.0,45212447.0,15:34:59
sh600698,湖南天雁,6.62,0.04,0.608,6.61,6.62,6.58,6.62,6.89,6.52,27752750.0,185492154.0,15:00:04
sh600699,均胜电子,19.09,-0.33,-1.699,19.08,19.09,19.42,19.35,19.78,18.88,17379451.0,333203401.0,15:34:59
sh600702,舍得酒业,35.13,0.21,0.601,35.13,35.14,34.92,34.9,36.1,34.8,6477223.0,229549840.0,15:34:59
sh600703,三安光电,12.88,-0.91,-6.599,12.88,12.89,13.79,13.65,13.65,12.79,149784046.0,1958423399.0,15:34:59
sh600704,物产中大,4.88,0.03,0.619,4.87,4.88,4.85,4.85,4.89,4.83,35381265.0,172285245.0,15:34:59
sh600706,曲江文旅,7.82,-0.06,-0.761,7.82,7.83,7.88,7.93,7.94,7.77,4190212.0,32831025.0,15:34:59
sh600707,彩虹股份,9.24,-0.52,-5.328,9.23,9.24,9.76,9.7,9.71,9.01,121378771.0,1125445113.0,15:34:59
sh600708,光明地产,3.0,-0.04,-1.316,2.99,3.0,3.04,3.03,3.07,2.96,15657410.0,46936571.0,15:00:03
sh600710,苏美达,10.43,0.27,2.657,10.42,10.43,10.16,10.17,10.52,10.17,11102200.0,115273238.0,15:34:59
sh600711,盛屯矿业,11.87,-0.23,-1.901,11.87,11.88,12.1,12.15,12.2,11.61,136644900.0,1618639874.0,15:34:59
sh600712,南宁百货,5.21,-0.02,-0.382,5.2,5.21,5.23,5.21,5.3,5.15,8677872.0,45191700.0,15:34:59
sh600713,南京医药,5.16,-0.04,-0.769,5.16,5.17,5.2,5.21,5.22,5.13,10295000.0,53112851.0,15:34:59
sh600714,金瑞矿业,15.69,0.06,0.384,15.68,15.69,15.63,15.35,16.18,14.88,28741211.0,446689478.0,15:34:59
sh600715,文投控股,1.55,-0.02,-1.274,1.54,1.55,1.57,1.57,1.57,1.53,14530100.0,22443609.0,15:34:59
sh600716,凤凰股份,3.49,-0.04,-1.133,3.48,3.49,3.53,3.53,3.56,3.46,4892900.0,17167032.0,15:00:03
sh600717,天津港,4.3,0.07,1.655,4.29,4.3,4.23,4.24,4.31,4.22,26186317.0,112026000.0,15:34:59
sh600718,东软集团,7.99,-0.08,-0.991,7.99,8.0,8.07,8.07,8.08,7.96,7614313.0,61016667.0,15:00:03
sh600719,大连热电,6.9,-0.14,-1.989,6.9,6.92,7.04,7.06,7.07,6.81,7537200.0,52001124.0,15:34:59
sh600720,中交设计,5.14,0.05,0.982,5.13,5.14,5.09,5.1,5.18,5.09,6247781.0,32124613.0,15:34:59
sh600721,百花医药,14.19,0.94,7.094,14.19,14.2,13.25,13.25,14.3,13.08,123201343.0,1701462171.0,15:34:59
sh600722,金牛化工,14.38,0.23,1.625,14.38,14.39,14.15,13.77,15.47,13.76,153854916.0,2261105290.0,15:34:59
sh600724,宁波富达,4.98,-0.05,-0.994,4.98,4.99,5.03,5.01,5.05,4.95,4232500.0,21098514.0,15:34:59
sh600725,云维股份,3.17,0.0,0.0,3.17,3.18,3.17,3.18,3.22,3.13,16386700.0,51877380.0,15:34:59
sh600726,华电能源,5.57,-0.01,-0.179,5.57,5.58,5.58,5.63,5.68,5.48,70811666.0,392992144.0,15:34:59
sh600727,鲁北化工,7.44,0.01,0.135,7.43,7.44,7.43,7.41,7.5,7.33,9064000.0,67049554.0,15:34:59
sh600728,佳都科技,4.51,-0.07,-1.528,4.51,4.52,4.58,4.58,4.59,4.47,17958549.0,81123827.0,15:00:03
sh600729,重百集团,19.1,0.07,0.368,19.1,19.14,19.03,18.93,19.24,18.93,2533700.0,48404680.0,15:34:59
sh600730,*ST高科,9.69,-0.64,-6.196,9.69,9.7,10.33,10.02,10.14,9.31,13192248.0,127680113.0,15:34:59
sh600731,湖南海利,5.88,0.03,0.513,5.87,5.88,5.85,5.86,5.91,5.81,3752185.0,22016574.0,15:34:59
sh600732,爱旭股份,11.45,-0.37,-3.13,11.45,11.46,11.82,11.68,11.95,11.4,20385460.0,235881034.0,15:34:59
sh600733,北汽蓝谷,4.96,-0.1,-1.976,4.95,4.96,5.06,5.05,5.13,4.93,64253117.0,321905422.0,15:34:59
sh600734,*ST实达,1.64,-0.02,-1.205,1.64,1.65,1.66,1.66,1.67,1.63,20253900.0,33303971.0,15:34:59
sh600735,ST新华锦,5.98,-0.07,-1.157,5.98,5.99,6.05,6.04,6.04,5.93,2013100.0,12027775.0,15:00:03
sh600736,苏州高新,6.64,-0.03,-0.45,6.63,6.64,6.67,6.7,6.72,6.54,16997692.0,112284038.0,15:34:59
sh600737,中粮糖业,14.54,-0.02,-0.137,14.54,14.55,14.56,14.77,15.22,14.38,77068612.0,1141894021.0,15:34:59
sh600738,丽尚国潮,4.01,0.01,0.25,4.01,4.02,4.0,4.02,4.09,3.98,13145329.0,53026328.0,15:34:59
sh600739,辽宁成大,10.64,-0.02,-0.188,10.64,10.65,10.66,10.63,10.76,10.57,16397943.0,174703024.0,15:34:59
sh600740,山西焦化,3.75,0.14,3.878,3.75,3.76,3.61,3.7,3.8,3.66,76583198.0,285191576.0,15:34:59
sh600741,华域汽车,15.48,0.22,1.442,15.47,15.48,15.26,15.28,15.54,15.22,13267350.0,205015408.0,15:34:59
sh600742,富维股份,7.58,0.03,0.397,7.57,7.58,7.55,7.55,7.6,7.48,3275500.0,24770015.0,15:00:04
sh600743,华远控股,2.22,-0.01,-0.448,2.21,2.22,2.23,2.23,2.25,2.2,20238495.0,45017453.0,15:00:04
sh600744,华银电力,6.4,0.01,0.156,6.39,6.4,6.39,6.45,6.47,6.28,54981317.0,349460023.0,15:34:59
sh600745,*ST闻泰,17.2,0.53,3.179,17.19,17.2,16.67,17.15,17.49,16.91,43594364.0,750373431.0,15:34:59
sh600746,江苏索普,6.67,0.08,1.214,6.67,6.68,6.59,6.61,6.68,6.52,12962352.0,85904724.0,15:34:59
sh600748,上实发展,3.76,-0.12,-3.093,3.76,3.77,3.88,3.9,3.95,3.73,13520163.0,51228715.0,15:00:02
sh600749,西藏旅游,14.12,0.41,2.991,14.12,14.13,13.71,13.65,15.04,13.65,17544122.0,253212227.0,15:34:59
sh600750,华润江中,22.52,-2.1,-8.53,22.51,22.52,24.62,23.21,23.3,22.5,10867998.0,247426258.0,15:34:59
sh600751,海航科技,3.14,-0.02,-0.633,3.13,3.14,3.16,3.16,3.2,3.1,26713800.0,83823916.0,15:00:03
sh600753,ST海钦,9.96,-0.04,-0.4,9.93,9.96,10.0,10.0,10.14,9.85,1162900.0,11597028.0,15:00:03
sh600754,锦江酒店,19.07,0.09,0.474,19.06,19.07,18.98,18.9,19.09,18.79,7360575.0,139473185.0,15:34:59
sh600755,厦门国贸,5.68,0.03,0.531,5.67,5.68,5.65,5.64,5.69,5.63,11497800.0,65128852.0,15:34:59
sh600756,浪潮软件,13.87,-0.36,-2.53,13.87,13.88,14.23,14.23,14.3,13.77,8941001.0,125059387.0,15:34:59
sh600757,长江传媒,7.69,0.15,1.989,7.69,7.7,7.54,7.54,7.75,7.51,11377366.0,87270367.0,15:00:03
sh600758,辽宁能源,3.41,0.07,2.096,3.4,3.41,3.34,3.34,3.44,3.34,69626101.0,236145236.0,15:34:59
sh600759,ST洲际,2.7,0.12,4.651,2.7,2.71,2.58,2.54,2.83,2.51,209120362.0,553909673.0,15:34:59
sh600760,中航沈飞,45.06,1.01,2.293,45.05,45.06,44.05,44.11,45.39,43.9,19186861.0,862694146.0,15:34:59
sh600761,安徽合力,16.65,0.14,0.848,16.65,16.66,16.51,16.88,16.96,16.53,10914362.0,182364616.0,15:34:59
sh600763,通策医疗,34.61,-0.76,-2.149,34.6,34.61,35.37,35.08,35.35,34.43,7576698.0,263184530.0,15:34:59
sh600764,中国海防,17.43,0.03,0.172,17.42,17.43,17.4,17.42,17.5,17.27,3016620.0,52437239.0,15:34:59
sh600765,中航重机,13.17,0.07,0.534,13.16,13.17,13.1,13.11,13.25,13.05,9807510.0,128941349.0,15:34:59
sh600768,富邦新材,15.18,-0.03,-0.197,15.18,15.19,15.21,15.2,15.44,15.01,3270400.0,49544391.0,15:00:03
sh600769,祥龙电业,14.18,-1.17,-7.622,14.17,14.18,15.35,15.87,15.98,13.85,19592700.0,288125717.0,15:34:59
sh600770,综艺股份,4.99,-0.08,-1.578,4.98,4.99,5.07,5.06,5.08,4.91,16625368.0,82862284.0,15:34:59
sh600771,广誉远,13.24,-0.2,-1.488,13.24,13.25,13.44,13.47,13.47,13.2,7921899.0,105290619.0,15:34:59
sh600773,西藏城投,10.79,-0.41,-3.661,10.78,10.79,11.2,11.2,11.58,10.72,36748262.0,403169604.0,15:34:59
sh600774,汉商集团,7.17,-0.15,-2.049,7.17,7.19,7.32,7.29,7.37,7.11,4166915.0,29942412.0,15:00:04
sh600775,南京熊猫,9.21,-0.18,-1.917,9.2,9.21,9.39,9.41,9.49,9.1,10305400.0,95359752.0,15:34:59
sh600776,东方通信,12.52,-0.02,-0.159,12.52,12.53,12.54,12.55,12.85,12.35,12132753.0,152356077.0,15:34:59
sh600777,新潮能源,4.03,-0.08,-1.946,4.03,4.04,4.11,4.09,4.1,4.03,21409600.0,86920800.0,15:34:59
sh600778,友好集团,5.5,-0.05,-0.901,5.5,5.51,5.55,5.61,5.61,5.44,6784740.0,37336486.0,15:00:03
sh600779,水井坊,26.83,-0.05,-0.186,26.83,26.84,26.88,26.97,27.22,26.8,2049900.0,55253754.0,15:00:03
sh600780,通宝能源,5.79,0.0,0.0,5.79,5.8,5.79,5.8,5.84,5.76,6296067.0,36488290.0,15:34:59
sh600782,新钢股份,2.74,0.01,0.366,2.74,2.75,2.73,2.72,2.77,2.71,29318100.0,80363555.0,15:34:59
sh600783,鲁信创投,16.1,-1.0,-5.848,16.1,16.12,17.1,16.75,16.92,15.7,24423486.0,394896014.0,15:34:59
sh600784,鲁银投资,7.68,-0.1,-1.285,7.67,7.68,7.78,7.78,7.82,7.64,9300100.0,71720553.0,15:34:59
sh600785,新华百货,10.71,0.97,9.959,10.71,0.0,9.74,10.71,10.71,10.6,15842813.0,169637652.0,15:00:04
sh600787,中储股份,4.54,0.03,0.665,4.54,4.55,4.51,4.52,4.58,4.49,14803202.0,67329516.0,15:00:03
sh600789,鲁抗医药,7.19,-0.14,-1.91,7.18,7.19,7.33,7.33,7.35,7.14,21137502.0,152323598.0,15:34:59
sh600790,轻纺城,3.34,0.01,0.3,3.33,3.34,3.33,3.31,3.35,3.3,10170362.0,33850877.0,15:34:59
sh600791,京能置业,7.32,-0.16,-2.139,7.31,7.32,7.48,7.38,7.59,7.13,9633900.0,70320260.0,15:34:59
sh600792,云煤能源,3.74,0.08,2.186,3.73,3.74,3.66,3.67,3.79,3.67,29678000.0,110662984.0,15:34:59
sh600793,宜宾纸业,13.93,-0.28,-1.97,13.92,13.93,14.21,14.21,14.39,13.81,4202906.0,58675150.0,15:34:59
sh600794,保税科技,3.15,0.0,0.0,3.14,3.15,3.15,3.14,3.18,3.12,8860300.0,27825773.0,15:00:04
sh600795,国电电力,5.16,0.05,0.978,5.16,5.17,5.11,5.14,5.2,5.12,115156813.0,595436486.0,15:34:59
sh600796,钱江生化,5.09,0.01,0.197,5.07,5.09,5.08,5.08,5.11,5.01,4407888.0,22298515.0,15:00:04
sh600797,浙大网新,6.66,-0.1,-1.479,6.65,6.66,6.76,6.79,6.79,6.58,13021710.0,86694443.0,15:34:59
sh600798,宁波海运,3.26,-0.08,-2.395,3.25,3.26,3.34,3.34,3.38,3.23,24881628.0,82042015.0,15:34:59
sh600800,渤海化学,3.28,-0.09,-2.671,3.28,3.29,3.37,3.33,3.41,3.25,24244002.0,80050811.0,15:34:59
sh600801,华新建材,23.59,0.41,1.769,23.58,23.59,23.18,23.0,24.06,23.0,12896350.0,305117293.0,15:34:59
sh600802,福建水泥,4.55,-0.05,-1.087,4.54,4.55,4.6,4.6,4.65,4.49,6556700.0,29933297.0,15:00:02
sh600803,新奥股份,17.58,0.07,0.4,17.56,17.58,17.51,17.38,17.82,17.38,7053032.0,124520203.0,15:00:00
sh600805,悦达投资,4.61,0.14,3.132,4.6,4.61,4.47,4.6,4.69,4.53,17990323.0,82959317.0,15:34:59
sh600807,济高发展,2.59,-0.03,-1.145,2.58,2.59,2.62,2.62,2.63,2.55,10341489.0,26694503.0,15:34:59
sh600808,马钢股份,2.55,0.04,1.594,2.54,2.55,2.51,2.52,2.55,2.5,53822200.0,136332044.0,15:34:59
sh600809,山西汾酒,117.1,0.55,0.472,117.1,117.11,116.55,116.56,118.88,115.87,6074651.0,715511556.0,15:34:59
sh600810,神马股份,6.29,0.03,0.479,6.28,6.29,6.26,6.28,6.34,6.21,5365710.0,33596531.0,15:34:59
sh600812,华北制药,4.61,-0.3,-6.11,4.61,4.62,4.91,4.83,4.83,4.56,37113130.0,173038380.0,15:34:59
sh600814,杭州解百,6.65,-0.02,-0.3,6.65,6.66,6.67,6.68,6.73,6.61,3344409.0,22290030.0,15:00:03
sh600815,厦工股份,3.86,-0.06,-1.531,3.85,3.86,3.92,3.93,3.93,3.77,62434800.0,238740287.0,15:34:59
sh600816,建元信托,2.45,-0.01,-0.407,2.45,2.46,2.46,2.46,2.48,2.44,45095540.0,110898638.0,15:34:59
sh600817,宇通重工,9.55,0.01,0.105,9.55,9.56,9.54,9.62,9.62,9.47,1748789.0,16655642.0,15:34:59
sh600818,ST中路,7.24,0.01,0.138,7.23,7.24,7.23,7.2,7.36,7.06,4214201.0,30412580.0,15:00:02
sh600819,耀皮玻璃,5.42,-0.09,-1.633,5.41,5.42,5.51,5.53,5.54,5.38,5429300.0,29529583.0,15:00:00
sh600820,隧道股份,5.38,0.08,1.509,5.38,5.39,5.3,5.3,5.4,5.28,19168990.0,102640030.0,15:34:59
sh600821,金开新能,6.08,0.15,2.53,6.08,6.09,5.93,6.3,6.35,6.02,80345616.0,493457742.0,15:34:59
sh600822,上海物贸,8.3,0.0,0.0,8.29,8.3,8.3,8.35,8.36,8.21,2335800.0,19352021.0,15:00:03
sh600824,益民集团,3.58,0.03,0.845,3.57,3.58,3.55,3.55,3.76,3.55,18938881.0,68593924.0,15:34:59
sh600825,新华传媒,4.88,-0.06,-1.215,4.88,4.89,4.94,4.94,4.98,4.85,5882200.0,28799972.0,15:34:59
sh600826,兰生股份,7.88,0.0,0.0,7.87,7.88,7.88,7.92,7.94,7.78,4472509.0,35124035.0,15:00:02
sh600827,百联股份,7.54,0.08,1.072,7.53,7.54,7.46,7.46,7.61,7.45,13562879.0,102229298.0,15:34:59
sh600828,茂业商业,3.88,-0.06,-1.523,3.88,3.89,3.94,3.93,3.97,3.86,9382100.0,36634849.0,15:34:59
sh600829,人民同泰,9.22,-0.4,-4.158,9.21,9.22,9.62,9.62,9.74,9.15,24322401.0,227314398.0,15:34:59
sh600830,香溢融通,8.18,0.04,0.491,8.18,8.19,8.14,8.13,8.23,8.1,3937893.0,32173814.0,15:00:02
sh600831,广电网络,3.29,-0.08,-2.374,3.29,3.3,3.37,3.37,3.4,3.25,12623600.0,41607084.0,15:00:04
sh600833,第一医药,10.46,-0.12,-1.134,10.45,10.46,10.58,10.57,10.73,10.35,6610401.0,69270133.0,15:34:59
sh600834,申通地铁,7.32,-0.04,-0.543,7.32,7.33,7.36,7.31,7.4,7.28,2140292.0,15690800.0,15:00:03
sh600835,上海机电,17.44,-0.82,-4.491,17.44,17.45,18.26,18.4,18.4,17.36,5851100.0,103281412.0,15:34:59
sh600838,上海九百,7.29,-0.13,-1.752,7.29,7.3,7.42,7.41,7.48,7.23,6573921.0,48187917.0,15:34:59
sh600839,四川长虹,6.83,0.0,0.0,6.82,6.83,6.83,6.85,6.9,6.81,41197274.0,281879018.0,15:34:59
sh600841,动力新科,5.5,-0.16,-2.827,5.5,5.51,5.66,5.66,5.67,5.46,9876700.0,54623921.0,15:34:59
sh600843,上工申贝,6.85,-0.07,-1.012,6.84,6.85,6.92,6.9,6.98,6.76,5513780.0,37727057.0,15:34:59
sh600844,金煤科技,3.58,0.05,1.416,3.57,3.58,3.53,3.55,3.6,3.45,52433200.0,185672013.0,15:34:59
sh600845,宝信软件,17.15,-0.2,-1.153,17.15,17.16,17.35,17.28,17.39,17.08,9435248.0,162134764.0,15:34:59
sh600846,同济科技,11.42,-0.05,-0.436,11.41,11.42,11.47,11.53,11.64,10.75,6284998.0,69511248.0,15:00:03
sh600847,万里股份,12.57,-0.27,-2.103,12.57,12.67,12.84,12.85,12.85,12.39,1974587.0,24760894.0,15:00:03
sh600848,上海临港,8.44,0.02,0.238,8.43,8.44,8.42,8.4,8.47,8.36,4813629.0,40554806.0,15:00:02
sh600850,电科数字,14.15,-0.23,-1.599,14.15,14.16,14.38,14.39,14.45,14.1,6084727.0,86466313.0,15:34:59
sh600851,海欣股份,8.44,-0.32,-3.653,8.44,8.46,8.76,8.73,9.13,8.25,18350453.0,156215637.0,15:34:59
sh600853,龙建股份,3.27,0.02,0.615,3.27,3.28,3.25,3.27,3.28,3.22,11579006.0,37712875.0,15:00:03
sh600854,春兰股份,4.53,-0.02,-0.44,4.52,4.53,4.55,4.54,4.58,4.47,5047600.0,22805171.0,15:00:02
sh600855,航天长峰,11.79,-0.13,-1.091,11.78,11.79,11.92,11.91,12.08,11.63,5249404.0,61960508.0,15:34:59
sh600857,宁波中百,19.3,-1.54,-7.39,19.3,19.31,20.84,20.2,20.82,19.18,7238233.0,142509937.0,15:34:59
sh600858,银座股份,4.82,-0.04,-0.823,4.81,4.82,4.86,4.86,4.9,4.8,6368200.0,30781457.0,15:00:02
sh600859,王府井,9.69,0.01,0.103,9.69,9.7,9.68,9.69,9.77,9.61,9378235.0,90868947.0,15:34:59
sh600860,京城股份,8.57,0.27,3.253,8.56,8.57,8.3,8.51,9.12,8.29,21253305.0,183771433.0,15:34:59
sh600861,北京人力,12.94,0.04,0.31,12.92,12.94,12.9,12.8,12.96,12.8,1427893.0,18411961.0,15:34:59
sh600862,中航高科,17.51,0.13,0.748,17.51,17.52,17.38,17.45,17.73,17.39,9638012.0,169088876.0,15:34:59
sh600863,华能蒙电,4.73,0.12,2.603,4.72,4.73,4.61,4.95,5.06,4.71,166369085.0,803366030.0,15:34:59
sh600864,哈投股份,5.44,0.07,1.304,5.43,5.44,5.37,5.36,5.45,5.34,29148441.0,157470879.0,15:34:59
sh600865,百大集团,8.51,-0.05,-0.584,8.51,8.52,8.56,8.5,8.6,8.41,4192700.0,35582843.0,15:34:59
sh600866,星湖科技,4.23,-0.02,-0.471,4.21,4.23,4.25,4.23,4.26,4.15,21326101.0,89665219.0,15:34:59
sh600867,通化东宝,7.95,-0.16,-1.973,7.95,7.96,8.11,8.1,8.13,7.9,27963443.0,223539984.0,15:34:59
sh600868,梅雁吉祥,2.75,0.02,0.733,2.74,2.75,2.73,2.73,2.77,2.72,35267828.0,96898569.0,15:34:59
sh600869,远东股份,16.16,-0.76,-4.492,16.15,16.16,16.92,16.89,16.89,15.3,207880448.0,3272597410.0,15:34:59
sh600871,石化油服,2.21,-0.01,-0.45,2.2,2.21,2.22,2.18,2.22,2.16,114341144.0,250687300.0,15:34:59
sh600872,中炬高新,18.18,-0.19,-1.034,18.18,18.19,18.37,18.35,18.4,18.04,8572350.0,156206641.0,15:34:59
sh600873,梅花生物,7.87,0.11,1.418,7.86,7.87,7.76,7.75,7.9,7.71,23050811.0,180586552.0,15:34:59
sh600874,创业环保,5.57,0.0,0.0,5.56,5.57,5.57,5.56,5.6,5.54,6249800.0,34780309.0,15:00:04
sh600875,东方电气,25.43,-0.8,-3.05,25.43,25.44,26.23,26.25,26.32,25.09,29472922.0,750972613.0,15:34:59
sh600876,凯盛新能,6.97,-0.15,-2.107,6.97,6.98,7.12,7.08,7.12,6.9,2216000.0,15463959.0,15:00:02
sh600877,电科芯片,11.91,-0.33,-2.696,11.9,11.91,12.24,12.26,12.32,11.76,12484807.0,149395862.0,15:34:59
sh600879,航天电子,14.05,-0.51,-3.503,14.05,14.06,14.56,14.33,14.43,13.85,78531588.0,1104685824.0,15:34:59
sh600880,博瑞传播,3.78,-0.05,-1.305,3.77,3.78,3.83,3.85,3.86,3.74,12059121.0,45524138.0,15:34:59
sh600881,亚泰集团,1.87,-0.09,-4.592,1.87,1.88,1.96,1.96,1.98,1.86,139500686.0,263098481.0,15:34:59
sh600882,妙可蓝多,19.83,-0.34,-1.686,19.82,19.83,20.17,20.04,20.29,19.6,7268252.0,144037975.0,15:34:59
sh600883,博闻科技,7.71,-0.1,-1.28,7.7,7.71,7.81,7.93,7.94,7.61,5951200.0,45884441.0,15:00:02
sh600884,杉杉股份,12.1,0.17,1.425,12.09,12.1,11.93,11.89,12.21,11.88,51876639.0,628307360.0,15:34:59
sh600885,宏发股份,34.06,-1.08,-3.073,34.05,34.06,35.14,35.12,35.27,33.81,12703171.0,434665691.0,15:34:59
sh600886,国投电力,13.94,0.18,1.308,13.94,13.95,13.76,13.71,13.97,13.68,23717011.0,329470744.0,15:34:59
sh600887,伊利股份,25.84,0.44,1.732,25.84,25.85,25.4,25.33,25.94,25.3,67721947.0,1743317719.0,15:34:59
sh600888,新疆众和,10.53,0.28,2.732,10.53,10.54,10.25,10.23,10.94,10.21,90500127.0,955719217.0,15:34:59
sh600889,*ST京化,12.91,-0.36,-2.713,12.9,12.91,13.27,13.27,13.33,12.81,2282301.0,29644488.0,15:00:03
sh600892,大晟文化,3.78,-0.05,-1.305,3.78,3.79,3.83,3.81,3.98,3.71,23797700.0,90625599.0,15:34:59
sh600893,航发动力,36.6,0.28,0.771,36.6,36.61,36.32,36.32,37.5,36.11,27592784.0,1014442731.0,15:34:59
sh600894,广日股份,7.72,-0.03,-0.387,7.72,7.73,7.75,7.75,7.83,7.7,4238701.0,32851419.0,15:00:03
sh600895,张江高科,30.35,-0.54,-1.748,30.34,30.35,30.89,31.1,31.39,30.02,19002273.0,580853195.0,15:34:59
sh600897,厦门空港,14.46,-0.19,-1.297,14.46,14.48,14.65,14.65,14.68,14.46,1303800.0,18945327.0,15:00:02
sh600900,长江电力,28.15,0.19,0.68,28.14,28.15,27.96,27.93,28.25,27.86,93557336.0,2629092938.0,15:34:59
sh600901,江苏金租,6.63,0.09,1.376,6.62,6.63,6.54,6.52,6.66,6.5,39323818.0,259637872.0,15:34:59
sh600903,贵州燃气,6.06,-0.05,-0.818,6.06,6.07,6.11,6.11,6.14,5.97,28005077.0,169278395.0,15:34:59
sh600905,三峡能源,3.7,0.01,0.271,3.7,3.71,3.69,3.69,3.72,3.68,50547153.0,187096997.0,15:34:59
sh600906,财达证券,6.42,-0.01,-0.156,6.42,6.43,6.43,6.4,6.49,6.36,24490193.0,157171466.0,15:34:59
sh600908,无锡银行,5.53,0.15,2.788,5.52,5.53,5.38,5.36,5.54,5.36,27932337.0,152931556.0,15:34:59
sh600909,华安证券,8.19,0.02,0.245,8.19,8.2,8.17,8.16,8.4,8.01,112808697.0,921854023.0,15:34:59
sh600916,中国黄金,8.12,-0.02,-0.246,8.11,8.12,8.14,8.18,8.39,8.03,106900362.0,873621787.0,15:34:59
sh600917,重庆燃气,4.79,-0.03,-0.622,4.78,4.79,4.82,4.83,4.83,4.75,5059000.0,24198335.0,15:00:04
sh600918,中泰证券,5.59,0.05,0.903,5.58,5.59,5.54,5.55,5.68,5.47,70186967.0,391237423.0,15:34:59
sh600919,江苏银行,12.13,0.19,1.591,12.12,12.13,11.94,11.94,12.2,11.92,112022720.0,1357576523.0,15:34:59
sh600925,苏能股份,4.45,0.1,2.299,4.45,4.46,4.35,4.35,4.46,4.35,19249080.0,85287732.0,15:34:59
sh600926,杭州银行,16.82,0.19,1.143,16.81,16.82,16.63,16.62,16.88,16.61,34196642.0,574995823.0,15:34:59
sh600927,永安期货,12.85,-0.03,-0.233,12.84,12.85,12.88,12.88,13.09,12.81,4396000.0,56856898.0,15:00:03
sh600928,西安银行,3.58,0.04,1.13,3.58,3.59,3.54,3.53,3.59,3.51,26430413.0,94130043.0,15:34:59
sh600929,雪天盐业,5.2,-0.11,-2.072,5.19,5.2,5.31,5.31,5.33,5.15,18196200.0,94788724.0,15:34:59
sh600930,华电新能,3.96,0.03,0.763,3.95,3.96,3.93,3.91,3.96,3.91,99977386.0,393519626.0,15:34:59
sh600933,爱柯迪,13.84,0.11,0.801,13.83,13.84,13.73,13.68,13.89,13.6,6569106.0,90498235.0,15:34:59
sh600935,华塑股份,2.25,-0.01,-0.442,2.24,2.25,2.26,2.26,2.27,2.23,8299000.0,18640260.0,15:34:59
sh600936,北投科技,4.63,-0.31,-6.275,4.63,4.64,4.94,4.83,4.93,4.55,68851913.0,324384908.0,15:34:59
sh600938,中国海油,33.72,-0.14,-0.413,33.72,33.73,33.86,33.3,33.84,33.19,34631197.0,1162917641.0,15:34:59
sh600939,重庆建工,2.58,-0.02,-0.769,2.57,2.58,2.6,2.6,2.61,2.54,9241200.0,23778247.0,15:00:03
sh600941,中国移动,97.53,1.28,1.33,97.53,97.54,96.25,96.05,98.04,96.05,12757470.0,1245868116.0,15:34:59
sh600955,维远股份,12.45,-0.12,-0.955,12.44,12.45,12.57,12.51,12.73,12.36,2585112.0,32299836.0,15:00:03
sh600956,新天绿能,7.05,0.04,0.571,7.05,7.06,7.01,7.01,7.07,6.95,5583800.0,39285892.0,15:00:03
sh600958,东方证券,8.93,0.02,0.224,8.93,8.94,8.91,8.91,8.96,8.88,32431362.0,289165684.0,15:34:59
sh600959,江苏有线,3.01,0.01,0.333,3.0,3.01,3.0,3.01,3.03,2.99,13847586.0,41694180.0,15:34:59
sh600960,渤海汽车,3.98,-0.03,-0.748,3.98,3.99,4.01,4.03,4.03,3.93,6462300.0,25651008.0,15:00:01
sh600961,株冶集团,27.82,-0.59,-2.077,27.82,27.83,28.41,28.8,28.91,27.01,68505425.0,1920376430.0,15:34:59
sh600962,国投中鲁,25.94,0.51,2.006,25.93,25.94,25.43,25.43,27.74,25.43,12365397.0,326127846.0,15:34:59
sh600963,岳阳林纸,3.32,-0.02,-0.599,3.31,3.32,3.34,3.32,3.38,3.29,21102104.0,70061181.0,15:34:59
sh600965,*ST福成,2.75,-0.01,-0.362,2.75,2.76,2.76,2.73,2.8,2.69,6949100.0,19000838.0,15:34:59
sh600966,博汇纸业,4.75,-0.05,-1.042,4.75,4.76,4.8,4.8,4.82,4.69,7863496.0,37273641.0,15:34:59
sh600967,内蒙一机,10.9,0.09,0.833,10.89,10.9,10.81,10.83,10.99,10.72,12916038.0,140080878.0,15:34:59
sh600968,海油发展,4.02,0.02,0.5,4.02,4.03,4.0,3.99,4.05,3.96,33109690.0,132641855.0,15:34:59
sh600969,郴电国际,8.56,-0.12,-1.382,8.55,8.56,8.68,8.75,8.76,8.37,6207140.0,53080363.0,15:00:03
sh600970,中材国际,7.82,0.11,1.427,7.81,7.82,7.71,7.71,7.86,7.67,15958652.0,124333248.0,15:34:59
sh600971,恒源煤电,8.68,-0.02,-0.23,8.67,8.68,8.7,8.76,8.9,8.53,24071034.0,208306534.0,15:00:01
sh600973,宝胜股份,6.06,-0.01,-0.165,6.06,6.07,6.07,6.07,6.1,5.99,10284908.0,62155770.0,15:34:59
sh600975,新五丰,4.85,-0.05,-1.02,4.85,4.86,4.9,4.88,4.89,4.77,11398499.0,55002768.0,15:00:04
sh600976,健民集团,27.58,0.04,0.145,27.57,27.58,27.54,27.8,27.87,27.31,1764579.0,48540987.0,15:00:02
sh600977,中国电影,11.94,-0.01,-0.084,11.93,11.94,11.95,11.97,12.08,11.92,17251799.0,206718979.0,15:34:59
sh600979,广安爱众,3.88,0.04,1.042,3.87,3.88,3.84,3.85,3.88,3.83,12939831.0,49854230.0,15:34:59
sh600980,北矿科技,19.93,-0.09,-0.45,19.93,19.94,20.02,20.09,20.29,19.68,2912492.0,57991587.0,15:00:02
sh600981,苏豪汇鸿,2.41,0.01,0.417,2.4,2.41,2.4,2.4,2.44,2.38,13157300.0,31632724.0,15:34:59
sh600982,宁波能源,4.76,-0.03,-0.626,4.76,4.77,4.79,4.78,4.81,4.73,11393050.0,54267872.0,15:34:59
sh600983,惠而浦,7.9,0.14,1.804,7.89,7.9,7.76,7.71,7.92,7.71,2861000.0,22460435.0,15:34:59
sh600984,建设机械,4.49,0.0,0.0,0.0,0.0,4.49,0.0,0.0,0.0,0.0,0.0,15:35:43
sh600985,淮北矿业,17.99,-0.04,-0.222,17.99,18.0,18.03,18.29,18.56,17.79,29701084.0,536373224.0,15:34:59
sh600986,浙文互联,6.89,-0.17,-2.408,6.88,6.89,7.06,7.07,7.08,6.81,35358267.0,243650550.0,15:34:59
sh600987,航民股份,6.49,0.05,0.776,6.48,6.49,6.44,6.44,6.55,6.42,4637001.0,30090133.0,15:00:04
sh600988,赤峰黄金,48.77,-0.66,-1.335,48.76,48.77,49.43,49.6,51.99,47.49,117578977.0,5814082495.0,15:34:59
sh600989,宝丰能源,23.22,-0.84,-3.491,23.22,23.23,24.06,23.62,23.79,22.96,78717611.0,1831036613.0,15:34:59
sh600990,四创电子,17.59,-0.38,-2.115,17.59,17.6,17.97,18.0,18.1,17.43,2441676.0,43141167.0,15:00:03
sh600992,贵绳股份,9.54,-0.08,-0.832,9.53,9.54,9.62,9.6,9.72,9.46,3974700.0,38014531.0,15:34:59
sh600993,马应龙,22.73,-0.28,-1.217,22.72,22.73,23.01,22.6,22.9,22.4,7609086.0,172354247.0,15:34:59
sh600995,南网储能,12.24,-0.08,-0.649,12.23,12.24,12.32,12.36,12.4,12.19,10689800.0,131453290.0,15:34:59
sh600996,贵广网络,6.4,-0.18,-2.736,6.4,6.41,6.58,6.58,6.6,6.36,13081500.0,84175873.0,15:00:02
sh600997,开滦股份,5.66,0.13,2.351,5.66,5.67,5.53,5.53,5.68,5.51,15868701.0,89232023.0,15:34:59
sh600998,九州通,4.92,0.01,0.204,4.91,4.92,4.91,4.87,4.93,4.83,31962407.0,156435172.0,15:34:59
sh600999,招商证券,17.86,0.04,0.224,17.86,17.87,17.82,17.8,17.99,17.73,35745855.0,638010112.0,15:34:59
sh601000,唐山港,4.54,0.06,1.339,4.54,4.55,4.48,4.5,4.56,4.46,38947127.0,176130196.0,15:00:04
sh601001,晋控煤业,17.28,0.44,2.613,17.28,17.29,16.84,16.69,17.6,16.65,26275090.0,452458355.0,15:34:59
sh601002,晋亿实业,5.23,-0.04,-0.759,5.22,5.23,5.27,5.27,5.35,5.13,13632483.0,71099649.0,15:34:59
sh601003,柳钢股份,3.61,0.03,0.838,3.61,3.62,3.58,3.58,3.62,3.56,12470303.0,44818081.0,15:34:59
sh601005,重庆钢铁,1.19,0.01,0.847,1.18,1.19,1.18,1.18,1.19,1.18,18058405.0,21404422.0,15:34:59
sh601006,大秦铁路,4.7,0.03,0.642,4.7,4.71,4.67,4.67,4.71,4.65,108382805.0,507517896.0,15:34:59
sh601007,金陵饭店,6.7,-0.01,-0.149,6.7,6.71,6.71,6.69,6.76,6.66,4007652.0,26850883.0,15:00:05
sh601008,连云港,4.36,0.03,0.693,4.36,4.37,4.33,4.3,4.45,4.3,14173709.0,61927357.0,15:34:59
sh601009,南京银行,11.78,0.0,0.0,11.78,11.79,11.78,11.75,11.93,11.66,79905274.0,945461029.0,15:34:59
sh601010,ST文峰,1.41,-0.02,-1.399,1.41,1.42,1.43,1.43,1.43,1.4,12088512.0,17074983.0,15:00:02
sh601011,宝泰隆,3.0,0.12,4.167,3.0,3.01,2.88,2.71,3.08,2.71,202744163.0,596058115.0,15:34:59
sh601012,隆基绿能,12.15,-0.27,-2.174,12.15,12.16,12.42,12.4,12.53,12.13,61408856.0,753205549.0,15:34:59
sh601015,陕西黑猫,3.68,0.12,3.371,3.68,3.69,3.56,3.61,3.78,3.6,132435441.0,484732034.0,15:34:59
sh601016,节能风电,3.37,0.01,0.298,3.36,3.37,3.36,3.38,3.4,3.34,67194410.0,226208120.0,15:34:59
sh601018,宁波港,3.43,0.05,1.479,3.43,3.44,3.38,3.37,3.45,3.37,67548800.0,231394609.0,15:34:59
sh601019,山东出版,6.96,0.08,1.163,6.95,6.96,6.88,6.92,6.98,6.82,7491700.0,51869422.0,15:34:59
sh601020,华钰矿业,23.29,1.15,5.194,23.29,23.3,22.14,22.5,23.48,22.2,61718813.0,1410260698.0,15:34:59
sh601021,春秋航空,43.47,-0.12,-0.275,43.46,43.47,43.59,43.78,43.81,43.28,3404578.0,148040318.0,15:34:59
sh601022,宁波远洋,8.45,0.16,1.93,8.44,8.45,8.29,8.3,8.46,8.29,10628184.0,89369450.0,15:34:59
sh601026,道生天合,15.48,-0.12,-0.769,15.48,15.49,15.6,15.56,15.79,15.27,5586733.0,86658174.0,15:34:59
sh601033,永兴股份,14.29,0.06,0.422,14.28,14.29,14.23,14.22,14.31,14.16,2133278.0,30373473.0,15:34:59
sh601038,一拖股份,12.93,0.23,1.811,12.93,12.94,12.7,12.72,12.98,12.72,7244109.0,93206695.0,15:34:59
sh601058,赛轮轮胎,13.91,0.09,0.651,13.91,13.92,13.82,13.81,14.07,13.76,17834719.0,248090174.0,15:34:59
sh601059,信达证券,16.53,0.09,0.547,16.52,16.53,16.44,16.45,16.56,16.39,7810669.0,128731968.0,15:34:59
sh601061,中信金属,11.61,-0.39,-3.25,11.61,11.62,12.0,12.08,12.21,11.42,27907034.0,327287060.0,15:34:59
sh601065,江盐集团,6.83,0.08,1.185,6.83,6.84,6.75,6.76,6.84,6.74,3941852.0,26783797.0,15:34:59
sh601066,中信建投,24.79,0.01,0.04,24.78,24.79,24.78,24.78,25.0,24.62,16579519.0,410992165.0,15:34:59
sh601068,中铝国际,4.46,0.01,0.225,4.46,4.47,4.45,4.4,4.47,4.38,10359314.0,45928038.0,15:34:59
sh601069,西部黄金,34.08,2.01,6.268,34.07,34.08,32.07,32.19,34.56,31.2,68953485.0,2255727053.0,15:34:59
sh601077,渝农商行,7.04,0.23,3.377,7.04,7.05,6.81,6.78,7.05,6.78,80747806.0,563825188.0,15:34:59
sh601083,锦江航运,13.11,1.19,9.983,13.11,0.0,11.92,11.98,13.11,11.94,43939503.0,563987474.0,15:34:59
sh601086,国芳集团,7.44,-0.07,-0.932,7.43,7.44,7.51,7.52,7.55,7.38,5425600.0,40359424.0,15:34:59
sh601088,中国神华,46.89,0.48,1.034,46.88,46.89,46.41,46.38,47.0,46.29,23941219.0,1120901735.0,15:34:59
sh601089,福元医药,16.01,-0.65,-3.902,16.01,16.03,16.66,16.61,16.94,16.0,6477900.0,105303761.0,15:00:04
sh601096,宏盛华源,4.15,0.04,0.973,4.15,4.16,4.11,4.11,4.16,4.09,15977009.0,65965752.0,15:34:59
sh601098,中南传媒,10.21,0.06,0.591,10.21,10.22,10.15,10.18,10.36,10.1,10066195.0,103386573.0,15:00:01
sh601099,太平洋,3.37,0.03,0.898,3.36,3.37,3.34,3.36,3.42,3.32,93926118.0,316667356.0,15:34:59
sh601100,恒立液压,105.11,-0.68,-0.643,105.1,105.11,105.79,105.99,108.75,104.03,4133300.0,434656519.0,15:34:59
sh601101,昊华能源,13.51,0.79,6.211,13.51,13.52,12.72,12.8,13.54,12.55,76216994.0,1004893685.0,15:34:59
sh601106,中国一重,3.0,-0.05,-1.639,3.0,3.01,3.05,3.05,3.07,2.99,32862100.0,99166631.0,15:34:59
sh601107,四川成渝,5.57,0.07,1.273,5.57,5.58,5.5,5.51,5.58,5.47,8621472.0,47868601.0,15:34:59
sh601108,财通证券,8.38,-0.07,-0.828,8.38,8.39,8.45,8.41,8.53,8.32,45619019.0,383085697.0,15:34:59
sh601111,中国国航,5.88,0.08,1.379,5.87,5.88,5.8,5.81,5.9,5.8,66345700.0,388280033.0,15:34:59
sh601112,振石股份,15.01,-0.21,-1.38,15.01,15.02,15.22,15.2,15.31,14.92,3451571.0,51910142.0,15:34:59
sh601113,华鼎股份,3.37,-0.01,-0.296,3.36,3.37,3.38,3.39,3.41,3.31,8711014.0,29235481.0,15:00:04
sh601116,三江购物,10.33,-0.13,-1.243,10.32,10.33,10.46,10.46,10.65,10.24,11210832.0,116168119.0,15:34:59
sh601117,中国化学,7.5,-0.02,-0.266,7.5,7.51,7.52,7.51,7.54,7.46,47507349.0,356025901.0,15:34:59
sh601118,海南橡胶,6.28,0.13,2.114,6.28,6.29,6.15,6.08,6.57,5.97,176701246.0,1108992593.0,15:34:59
sh601121,宝地矿业,7.42,-0.03,-0.403,7.41,7.42,7.45,7.48,7.5,7.35,11821000.0,87736712.0,15:00:03
sh601126,四方股份,44.14,-1.31,-2.882,44.13,44.14,45.45,45.21,46.64,43.14,24176695.0,1074710877.0,15:34:59
sh601127,赛力斯,49.75,-0.75,-1.485,49.75,49.76,50.5,50.22,50.79,49.25,19062871.0,949379458.0,15:34:59
sh601128,常熟银行,6.31,0.07,1.122,6.3,6.31,6.24,6.25,6.32,6.22,42448639.0,267229791.0,15:34:59
sh601133,柏诚股份,25.2,-0.15,-0.592,25.2,25.21,25.35,25.36,25.68,24.3,11531162.0,286937953.0,15:34:59
sh601136,首创证券,13.7,-0.03,-0.218,13.7,13.71,13.73,13.76,13.83,13.69,6117432.0,84083613.0,15:34:59
sh601137,博威合金,19.39,0.2,1.042,19.39,19.4,19.19,19.19,19.55,19.01,16417397.0,317299925.0,15:34:59
sh601138,工业富联,60.4,-2.44,-3.883,60.4,60.41,62.84,62.7,62.7,59.22,98015535.0,5939783475.0,15:34:59
sh601139,深圳燃气,6.29,0.01,0.159,6.29,6.3,6.28,6.26,6.33,6.24,13750930.0,86592890.0,15:34:59
sh601155,新城控股,10.85,-0.09,-0.823,10.84,10.85,10.94,10.95,11.08,10.76,15591286.0,169497632.0,15:34:59
sh601156,东航物流,18.67,0.11,0.593,18.67,18.68,18.56,18.54,19.15,18.45,10589603.0,199771911.0,15:34:59
sh601158,重庆水务,4.12,0.02,0.488,4.11,4.12,4.1,4.1,4.13,4.09,6380100.0,26247310.0,15:00:04
sh601162,天风证券,3.61,0.0,0.0,3.61,3.62,3.61,3.6,3.63,3.58,81760738.0,294943858.0,15:34:59
sh601163,三角轮胎,12.82,0.08,0.628,12.82,12.83,12.74,12.74,12.95,12.7,2372000.0,30508176.0,15:00:02
sh601166,兴业银行,18.28,0.18,0.994,18.27,18.28,18.1,18.05,18.32,18.02,115484943.0,2101787072.0,15:34:59
sh601168,西部矿业,36.7,-1.15,-3.038,36.7,36.71,37.85,38.78,39.23,36.1,72541244.0,2685847689.0,15:34:59
sh601169,北京银行,5.17,0.08,1.572,5.16,5.17,5.09,5.08,5.18,5.06,205834275.0,1059463583.0,15:34:59
sh601177,杭齿前进,13.79,-0.16,-1.147,13.79,13.8,13.95,13.79,14.65,13.66,26425311.0,372850878.0,15:34:59
sh601179,中国西电,12.73,-0.15,-1.165,12.73,12.74,12.88,12.89,12.9,12.56,62477247.0,794724497.0,15:34:59
sh601186,中国铁建,6.03,0.03,0.5,6.03,6.04,6.0,5.99,6.04,5.98,25637743.0,154375745.0,15:34:59
sh601187,厦门银行,7.41,0.18,2.49,7.4,7.41,7.23,7.19,7.44,7.18,19617014.0,144371692.0,15:34:59
sh601188,龙江交通,2.84,0.0,0.0,2.83,2.84,2.84,2.83,2.87,2.81,11329430.0,32147612.0,15:34:59
sh601198,东兴证券,13.67,0.07,0.515,13.67,13.68,13.6,13.61,13.72,13.55,14516736.0,198041998.0,15:00:02
sh601199,江南水务,6.39,-0.07,-1.084,6.38,6.39,6.46,6.43,6.45,6.34,8419400.0,53778486.0,15:34:59
sh601200,上海环境,6.93,0.03,0.435,6.93,6.94,6.9,6.88,6.95,6.87,6374530.0,44109505.0,15:00:02
sh601208,东材科技,43.72,-2.01,-4.395,43.71,43.72,45.73,45.73,46.53,42.26,53157555.0,2328993263.0,15:34:59
sh601211,国泰海通,17.64,0.26,1.496,17.63,17.64,17.38,17.39,17.73,17.35,86971862.0,1530633745.0,15:34:59
sh601212,白银有色,6.7,0.61,10.016,6.7,0.0,6.09,6.53,6.7,6.47,218580014.0,1457887765.0,15:34:59
sh601216,君正集团,4.42,0.04,0.913,4.41,4.42,4.38,4.39,4.45,4.36,39330578.0,173341917.0,15:34:59
sh601218,吉鑫科技,4.25,-0.13,-2.968,4.25,4.26,4.38,4.39,4.4,4.22,18184919.0,77893503.0,15:34:59
sh601222,林洋能源,5.48,0.03,0.55,5.47,5.48,5.45,5.45,5.51,5.43,12767500.0,69855242.0,15:34:59
sh601225,陕西煤业,26.5,0.77,2.993,26.49,26.5,25.73,25.79,26.88,25.58,58394764.0,1543085214.0,15:34:59
sh601226,华电科工,6.13,0.02,0.327,6.12,6.13,6.11,6.1,6.22,6.06,7243120.0,44368984.0,15:34:59
sh601228,广州港,3.05,0.04,1.329,3.04,3.05,3.01,3.02,3.06,3.01,21470876.0,65412360.0,15:34:59
sh601229,上海银行,9.87,0.13,1.335,9.86,9.87,9.74,9.73,9.97,9.71,72571372.0,717622170.0,15:34:59
sh601231,环旭电子,25.9,-1.32,-4.849,25.9,25.91,27.22,27.33,27.45,25.33,23878551.0,623210293.0,15:34:59
sh601233,桐昆股份,24.5,-0.21,-0.85,24.49,24.5,24.71,24.87,25.82,24.03,53939622.0,1339848946.0,15:34:59
sh601236,红塔证券,6.78,0.02,0.296,6.77,6.78,6.76,6.75,6.8,6.72,8582910.0,58080095.0,15:00:02
sh601238,广汽集团,5.12,0.01,0.196,5.12,5.13,5.11,5.11,5.3,5.08,34435286.0,177134475.0,15:34:59
sh601279,英利汽车,3.22,0.01,0.312,3.21,3.22,3.21,3.24,3.26,3.18,7961700.0,25581230.0,15:00:04
sh601288,农业银行,6.86,0.08,1.18,6.86,6.87,6.78,6.73,6.89,6.7,379026235.0,2593979462.0,15:34:59
sh601298,青岛港,9.0,0.13,1.466,8.99,9.0,8.87,8.82,9.01,8.82,8856243.0,79441789.0,15:34:59
sh601311,骆驼股份,7.35,-0.32,-4.172,7.35,7.36,7.67,7.4,7.5,7.28,21310926.0,156690596.0,15:34:59
sh601318,中国平安,54.92,1.57,2.943,54.91,54.92,53.35,53.34,55.22,53.3,130761445.0,7149813532.0,15:34:59
sh601319,中国人保,7.04,0.09,1.295,7.03,7.04,6.95,6.93,7.06,6.91,69572722.0,487911549.0,15:34:59
sh601326,秦港股份,3.39,0.06,1.802,3.38,3.39,3.33,3.33,3.39,3.33,19767375.0,66708075.0,15:34:59
sh601328,交通银行,7.2,0.08,1.124,7.2,7.21,7.12,7.1,7.23,7.09,152697437.0,1099075194.0,15:34:59
sh601330,绿色动力,7.01,0.02,0.286,7.01,7.02,6.99,6.98,7.02,6.94,5149300.0,35961227.0,15:00:04
sh601333,广深铁路,2.92,0.02,0.69,2.91,2.92,2.9,2.9,2.92,2.88,44825655.0,130159763.0,15:34:59
sh601336,新华保险,59.43,0.64,1.089,59.43,59.44,58.79,58.66,59.88,58.29,22758220.0,1350697722.0,15:34:59
sh601339,百隆东方,7.75,-0.13,-1.65,7.74,7.75,7.88,7.88,7.92,7.72,7005000.0,54544916.0,15:34:59
sh601360,三六零,8.57,-0.19,-2.169,8.57,8.58,8.76,8.74,8.76,8.51,68743895.0,590713130.0,15:34:59
sh601366,利群股份,3.51,-0.04,-1.127,3.51,3.52,3.55,3.55,3.7,3.49,15350600.0,54521888.0,15:34:59
sh601368,绿城水务,4.59,-0.01,-0.217,4.58,4.59,4.6,4.58,4.61,4.55,3771700.0,17269822.0,15:00:04
sh601369,陕鼓动力,8.74,0.01,0.115,8.73,8.74,8.73,8.74,8.81,8.67,7859740.0,68629201.0,15:34:59
sh601375,中原证券,3.99,0.0,0.0,3.99,4.0,3.99,3.98,4.02,3.96,26052264.0,104013543.0,15:34:59
sh601377,兴业证券,5.81,0.02,0.345,5.8,5.81,5.79,5.79,5.84,5.78,49369700.0,286589642.0,15:34:59
sh601388,怡球资源,3.35,0.04,1.208,3.35,3.36,3.31,3.33,3.36,3.29,36033611.0,120190316.0,15:34:59
sh601390,中国中铁,4.36,0.06,1.395,4.35,4.36,4.3,4.3,4.36,4.29,87695301.0,380559273.0,15:34:59
sh601398,工商银行,7.89,0.12,1.544,7.88,7.89,7.77,7.76,7.93,7.73,356758049.0,2809678169.0,15:34:59
sh601399,国机重装,3.09,-0.01,-0.323,3.08,3.09,3.1,3.1,3.11,3.06,42565842.0,131287806.0,15:34:59
sh601456,国联民生,8.74,-0.01,-0.114,8.74,8.75,8.75,8.75,8.8,8.73,10520687.0,92115000.0,15:34:59
sh601500,通用股份,3.98,0.02,0.505,3.97,3.98,3.96,3.96,4.01,3.95,10114283.0,40204205.0,15:34:59
sh601512,中新集团,7.63,-0.03,-0.392,7.6,7.63,7.66,7.63,7.68,7.52,2326702.0,17652939.0,15:00:04
sh601515,衢州东峰,3.31,-0.05,-1.488,3.31,3.32,3.36,3.36,3.36,3.28,11517522.0,38155410.0,15:34:59
sh601518,吉林高速,2.76,0.01,0.364,2.75,2.76,2.75,2.75,2.77,2.74,8367026.0,23053201.0,15:34:59
sh601519,大智慧,7.81,-0.18,-2.253,7.8,7.81,7.99,7.91,7.99,7.71,26794800.0,209204579.0,15:34:59
sh601528,瑞丰银行,4.97,0.1,2.053,4.96,4.97,4.87,4.85,4.97,4.85,22329507.0,109869716.0,15:34:59
sh601555,东吴证券,7.89,0.06,0.766,7.89,7.9,7.83,7.83,8.05,7.8,39573841.0,313558257.0,15:34:59
sh601566,九牧王,8.32,-0.05,-0.597,8.32,8.33,8.37,8.37,8.44,8.28,3453800.0,28776840.0,15:34:59
sh601567,三星电气,14.39,-0.45,-3.032,14.38,14.39,14.84,14.8,14.88,14.34,13333981.0,194235733.0,15:34:59
sh601568,北元化工,3.76,0.06,1.622,3.75,3.76,3.7,3.7,3.76,3.69,19906590.0,74428619.0,15:34:59
sh601577,长沙银行,9.68,0.16,1.681,9.67,9.68,9.52,9.48,9.69,9.47,18353151.0,176573399.0,15:34:59
sh601579,会稽山,20.21,1.55,8.307,20.2,20.21,18.66,18.88,20.44,18.53,35405863.0,693800934.0,15:34:59
sh601588,北辰实业,1.68,-0.01,-0.592,1.68,1.69,1.69,1.69,1.71,1.67,21494033.0,36186202.0,15:34:59
sh601595,上海电影,15.75,-0.6,-3.67,15.74,15.75,16.35,16.33,16.35,15.66,5414400.0,86042047.0,15:34:59
sh601598,中国外运,6.61,0.09,1.38,6.6,6.61,6.52,6.51,6.69,6.47,18297198.0,120828895.0,15:34:59
sh601599,浙文影业,3.0,-0.02,-0.662,3.0,3.01,3.02,3.03,3.04,2.98,9837800.0,29515826.0,15:00:03
sh601600,中国铝业,9.5,0.08,0.849,9.49,9.5,9.42,9.5,9.55,9.36,158106485.0,1495816988.0,15:34:59
sh601601,中国太保,31.03,0.61,2.005,31.02,31.03,30.42,30.41,31.29,30.3,66206673.0,2049667791.0,15:34:59
sh601606,长城军工,30.53,0.38,1.26,30.53,30.54,30.15,30.16,31.56,29.91,31889970.0,976721556.0,15:34:59
sh601607,上海医药,16.19,0.0,0.0,16.19,16.21,16.19,16.2,16.27,16.03,9373045.0,151620286.0,15:00:01
sh601608,中信重工,4.64,-0.02,-0.429,4.63,4.64,4.66,4.65,4.69,4.59,21907905.0,101453958.0,15:34:59
sh601609,金田股份,13.38,0.15,1.134,13.37,13.38,13.23,13.1,13.49,13.01,95827177.0,1271106722.0,15:34:59
sh601611,中国核建,10.56,-0.15,-1.401,10.56,10.57,10.71,10.7,10.74,10.44,22086702.0,233150013.0,15:34:59
sh601615,明阳智能,10.6,-0.35,-3.196,10.59,10.6,10.95,10.9,11.0,10.47,37756723.0,401518583.0,15:34:59
sh601616,广电电气,3.89,0.07,1.832,3.89,3.9,3.82,3.79,3.95,3.78,33428248.0,129751610.0,15:34:59
sh601618,中国中冶,2.56,0.01,0.392,2.56,2.57,2.55,2.55,2.59,2.54,66447803.0,170821335.0,15:34:59
sh601619,嘉泽新能,4.01,-0.07,-1.716,4.0,4.01,4.08,4.08,4.11,3.98,33280011.0,133642675.0,15:34:59
sh601628,中国人寿,37.64,0.61,1.647,37.64,37.65,37.03,37.0,37.89,36.89,42831043.0,1608725147.0,15:34:59
sh601633,长城汽车,15.21,0.0,0.0,15.21,15.23,15.21,15.21,15.4,15.15,10749557.0,164494093.0,15:34:59
sh601636,旗滨集团,5.73,-0.21,-3.535,5.73,5.74,5.94,5.91,5.94,5.65,58412309.0,335157211.0,15:34:59
sh601658,邮储银行,5.04,0.06,1.205,5.04,5.05,4.98,4.96,5.05,4.96,222761675.0,1120080331.0,15:34:59
sh601665,齐鲁银行,6.56,0.04,0.613,6.55,6.56,6.52,6.51,6.6,6.48,34055783.0,223222412.0,15:34:59
sh601666,平煤股份,9.8,0.19,1.977,9.79,9.8,9.61,9.85,10.12,9.59,45086259.0,441213515.0,15:34:59
sh601668,中国建筑,4.42,0.03,0.683,4.42,4.43,4.39,4.38,4.43,4.37,170304466.0,751484657.0,15:34:59
sh601669,中国电建,4.62,0.01,0.217,4.61,4.62,4.61,4.61,4.63,4.6,53923331.0,248877804.0,15:34:59
sh601677,明泰铝业,16.35,-0.27,-1.625,16.34,16.35,16.62,16.64,16.69,16.2,26525429.0,434513009.0,15:34:59
sh601678,滨化股份,6.33,-0.14,-2.164,6.32,6.33,6.47,6.51,6.56,6.24,82599580.0,525136106.0,15:34:59
sh601686,友发集团,5.2,0.05,0.971,5.19,5.2,5.15,5.14,5.21,5.13,6306200.0,32676903.0,15:34:59
sh601688,华泰证券,18.64,0.04,0.215,18.64,18.65,18.6,18.57,18.76,18.47,45134832.0,840050849.0,15:34:59
sh601689,拓普集团,46.3,-0.62,-1.321,46.28,46.3,46.92,46.97,47.78,45.91,15361188.0,716635154.0,15:34:59
sh601696,中银证券,11.61,-0.01,-0.086,11.6,11.61,11.62,11.65,11.75,11.5,20788417.0,241119968.0,15:34:59
sh601698,中国卫通,23.76,-0.67,-2.743,23.76,23.77,24.43,24.6,24.6,23.57,22817075.0,544940770.0,15:34:59
sh601699,潞安环能,16.85,0.16,0.959,16.84,16.85,16.69,16.9,17.22,16.57,34443734.0,578513028.0,15:34:59
sh601700,风范股份,7.71,0.7,9.986,7.71,0.0,7.01,6.88,7.71,6.6,165608511.0,1221491321.0,15:34:59
sh601702,华峰铝业,16.13,0.11,0.687,16.13,16.14,16.02,15.99,16.15,15.8,10613584.0,169729323.0,15:34:59
sh601717,中创智领,15.12,0.25,1.681,15.12,15.13,14.87,14.9,15.3,14.88,20881491.0,317023957.0,15:34:59
sh601718,ST际华,1.84,0.01,0.546,1.84,1.85,1.83,1.84,1.85,1.8,22338000.0,40823618.0,15:34:59
sh601727,上海电气,6.45,-0.08,-1.225,6.44,6.45,6.53,6.53,6.55,6.42,39987984.0,258661869.0,15:34:59
sh601728,中国电信,6.47,0.04,0.622,6.46,6.47,6.43,6.43,6.53,6.4,100265012.0,650259284.0,15:34:59
sh601766,中国中车,6.08,0.04,0.662,6.07,6.08,6.04,6.04,6.11,6.02,114184569.0,693161021.0,15:34:59
sh601777,千里科技,7.99,-0.05,-0.622,7.98,7.99,8.04,8.01,8.07,7.92,21504425.0,172185314.0,15:34:59
sh601778,晶科科技,3.59,-0.01,-0.278,3.59,3.6,3.6,3.63,3.74,3.54,109543243.0,396623987.0,15:34:59
sh601788,光大证券,14.25,0.02,0.141,14.24,14.25,14.23,14.24,14.33,14.19,13467873.0,192036552.0,15:34:59
sh601789,宁波建工,4.19,-0.04,-0.946,4.18,4.19,4.23,4.22,4.24,4.15,26762960.0,111828748.0,15:34:59
sh601798,蓝科高新,7.67,-0.06,-0.776,7.64,7.67,7.73,7.66,7.78,7.56,4971147.0,38000162.0,15:34:59
sh601799,星宇股份,83.68,-2.82,-3.26,83.67,83.68,86.5,86.06,86.06,82.0,4859706.0,405607826.0,15:34:59
sh601800,中国交建,5.87,0.01,0.171,5.87,5.88,5.86,5.86,5.9,5.83,23538305.0,138321929.0,15:34:59
sh601801,皖新传媒,5.39,-0.11,-2.0,5.39,5.4,5.5,5.5,5.61,5.36,17448827.0,94991313.0,15:00:02
sh601808,中海油服,12.39,-0.07,-0.562,12.39,12.4,12.46,12.31,12.42,12.25,11827137.0,146082721.0,15:34:59
sh601811,新华文轩,11.97,0.07,0.588,11.97,11.98,11.9,11.97,12.04,11.85,1917200.0,22928337.0,15:00:04
sh601816,京沪高铁,4.91,0.04,0.821,4.9,4.91,4.87,4.86,4.93,4.85,93945475.0,460043371.0,15:00:01
sh601818,光大银行,3.07,0.05,1.656,3.07,3.08,3.02,3.02,3.08,3.02,251051469.0,768330091.0,15:34:59
sh601825,沪农商行,8.91,0.15,1.712,8.9,8.91,8.76,8.7,8.95,8.68,29338284.0,260377861.0,15:34:59
sh601827,三峰环境,8.26,0.07,0.855,8.25,8.26,8.19,8.2,8.33,8.2,3235600.0,26748999.0,15:00:04
sh601828,美凯龙,2.1,-0.04,-1.869,2.1,2.11,2.14,2.14,2.15,2.09,33117169.0,69846999.0,15:34:59
sh601838,成都银行,18.88,0.23,1.233,18.87,18.88,18.65,18.61,18.91,18.53,23239923.0,437516013.0,15:34:59
sh601857,中国石油,11.17,-0.03,-0.268,11.17,11.18,11.2,11.07,11.26,11.05,100553555.0,1123470904.0,15:34:59
sh601858,中国科传,21.74,-0.33,-1.495,21.73,21.74,22.07,21.96,22.21,21.21,8412255.0,182602737.0,15:34:59
sh601860,紫金银行,2.56,0.04,1.587,2.55,2.56,2.52,2.52,2.57,2.51,73868600.0,188296929.0,15:34:59
sh601865,福莱特,10.28,-0.28,-2.652,10.27,10.28,10.56,10.45,10.65,10.24,15255783.0,159121185.0,15:34:59
sh601866,中远海发,2.4,0.01,0.418,2.4,2.41,2.39,2.39,2.42,2.38,62572786.0,150277409.0,15:34:59
sh601868,XD中国能,2.5,0.02,0.806,2.49,2.5,2.48,2.5,2.52,2.49,196829047.0,493066856.0,15:34:59
sh601869,长飞光纤,379.19,15.59,4.288,379.19,379.2,363.6,370.92,379.6,358.58,16010819.0,5922870428.0,15:34:59
sh601872,招商轮船,19.0,-0.78,-3.943,18.99,19.0,19.78,19.76,19.93,18.9,138173563.0,2668519533.0,15:34:59
sh601877,正泰电器,26.22,0.4,1.549,26.22,26.23,25.82,25.82,26.63,25.71,39146237.0,1030423320.0,15:34:59
sh601878,浙商证券,9.15,-0.02,-0.218,9.15,9.16,9.17,9.15,9.22,9.13,13768941.0,126224264.0,15:34:59
sh601880,辽港股份,1.45,0.0,0.0,1.45,1.46,1.45,1.45,1.46,1.44,66311694.0,96205743.0,15:34:59
sh601881,中国银河,12.03,-0.04,-0.331,12.03,12.04,12.07,12.05,12.11,11.96,15978667.0,192290096.0,15:34:59
sh601882,海天精工,19.75,-0.35,-1.741,19.75,19.76,20.1,20.18,20.18,19.57,4871830.0,96561145.0,15:34:59
sh601886,江河集团,13.23,0.14,1.07,13.23,13.24,13.09,13.14,13.79,13.02,30097568.0,402280416.0,15:34:59
sh601888,中国中免,52.06,-0.23,-0.44,52.05,52.06,52.29,52.35,52.49,51.81,15294043.0,796637769.0,15:34:59
sh601890,亚星锚链,8.44,-0.06,-0.706,8.44,8.45,8.5,8.46,8.52,8.37,13343947.0,112584675.0,15:34:59
sh601898,中煤能源,14.81,0.51,3.566,14.81,14.82,14.3,14.36,15.0,14.35,66848706.0,986221885.0,15:34:59
sh601899,紫金矿业,34.54,-0.2,-0.576,34.53,34.54,34.74,35.4,35.47,34.16,337648209.0,11751472253.0,15:34:59
sh601900,南方传媒,11.77,0.02,0.17,11.77,11.78,11.75,11.94,11.99,11.76,6256104.0,74116195.0,15:00:02
sh601901,方正证券,6.65,-0.07,-1.042,6.65,6.66,6.72,6.73,6.75,6.64,55335093.0,370286747.0,15:34:59
sh601908,京运通,2.95,-0.02,-0.673,2.95,2.96,2.97,2.96,3.01,2.94,18557500.0,54958920.0,15:34:59
sh601916,浙商银行,2.95,0.03,1.027,2.94,2.95,2.92,2.92,2.96,2.91,122132525.0,359203138.0,15:34:59
sh601918,新集能源,10.92,0.82,8.119,10.91,10.92,10.1,10.42,10.98,10.42,93344714.0,1003781731.0,15:34:59
sh601919,中远海控,17.42,0.41,2.41,17.42,17.43,17.01,17.07,17.52,16.96,151947454.0,2633793919.0,15:34:59
sh601921,浙版传媒,7.37,0.04,0.546,7.36,7.37,7.33,7.29,7.47,7.21,10351000.0,76414450.0,15:00:04
sh601928,凤凰传媒,8.81,0.02,0.228,8.81,8.82,8.79,8.78,8.84,8.74,9369000.0,82462868.0,15:00:03
sh601929,吉视传媒,2.26,-0.03,-1.31,2.25,2.26,2.29,2.29,2.3,2.23,44519694.0,100398320.0,15:34:59
sh601933,永辉超市,3.0,-0.07,-2.28,3.0,3.01,3.07,3.05,3.07,2.98,102522762.0,309091288.0,15:34:59
sh601939,建设银行,10.66,0.13,1.235,10.66,10.67,10.53,10.47,10.69,10.45,108572772.0,1154721136.0,15:34:59
sh601949,中国出版,5.1,0.01,0.196,5.09,5.1,5.09,5.09,5.11,5.04,5982009.0,30409565.0,15:00:02
sh601952,苏垦农发,8.81,0.37,4.384,8.8,8.81,8.44,8.44,8.9,8.38,32109327.0,277926302.0,15:34:59
sh601956,东贝集团,4.86,-0.12,-2.41,4.85,4.86,4.98,4.94,4.95,4.8,6557900.0,31802692.0,15:34:59
sh601958,金钼股份,23.29,1.35,6.153,23.29,23.3,21.94,23.5,24.13,22.88,119580677.0,2821628979.0,15:34:59
sh601963,重庆银行,11.21,0.12,1.082,11.2,11.21,11.09,11.02,11.25,11.02,17523226.0,195593562.0,15:34:59
sh601965,中国汽研,13.9,-0.14,-0.997,13.9,13.92,14.04,14.05,14.05,13.86,3973323.0,55299404.0,15:34:59
sh601966,玲珑轮胎,10.99,0.09,0.826,10.98,10.99,10.9,10.92,11.07,10.88,6927965.0,76193398.0,15:34:59
sh601968,宝钢包装,4.38,0.01,0.229,4.37,4.38,4.37,4.38,4.43,4.35,5185143.0,22774334.0,15:34:59
sh601969,海南矿业,9.37,-0.09,-0.951,9.36,9.37,9.46,9.42,9.5,9.29,15002100.0,140570857.0,15:34:59
sh601975,招商南油,4.0,0.03,0.756,3.99,4.0,3.97,3.95,4.03,3.91,249421158.0,990571393.0,15:34:59
sh601985,中国核电,8.77,0.06,0.689,8.76,8.77,8.71,8.7,8.77,8.7,46875412.0,410160467.0,15:34:59
sh601988,中国银行,6.13,0.08,1.322,6.12,6.13,6.05,6.04,6.16,6.03,270397024.0,1655896785.0,15:34:59
sh601990,南京证券,6.57,0.01,0.152,6.57,6.58,6.56,6.54,6.61,6.54,10383811.0,68292621.0,15:00:04
sh601991,大唐发电,5.89,-0.02,-0.338,5.89,5.9,5.91,5.97,6.03,5.85,173315322.0,1025347005.0,15:34:59
sh601992,金隅集团,1.37,-0.01,-0.725,1.37,1.38,1.38,1.38,1.39,1.37,19069320.0,26265822.0,15:00:01
sh601995,XD中金公,33.62,-0.21,-0.621,33.62,33.63,33.83,33.83,33.94,33.5,12889969.0,434439329.0,15:34:59
sh601996,丰林集团,2.5,-0.03,-1.186,2.49,2.5,2.53,2.51,2.53,2.46,18624139.0,46385175.0,15:00:03
sh601997,贵阳银行,5.79,0.06,1.047,5.79,5.8,5.73,5.72,5.81,5.71,43570820.0,251951187.0,15:34:59
sh601998,中信银行,8.56,0.17,2.026,8.55,8.56,8.39,8.38,8.63,8.3,94444932.0,805941057.0,15:34:59
sh601999,出版传媒,6.01,-0.09,-1.475,6.0,6.01,6.1,6.09,6.12,5.94,4481901.0,26927735.0,15:00:04
sh603000,人民网,15.73,-0.2,-1.255,15.73,15.74,15.93,16.04,16.06,15.65,8497288.0,134196762.0,15:34:59
sh603001,奥康国际,8.07,-0.18,-2.182,8.06,8.07,8.25,8.42,8.44,7.82,14051753.0,112584698.0,15:34:59
sh603002,宏昌电子,15.66,-0.86,-5.206,15.65,15.66,16.52,16.61,16.72,15.15,63172950.0,989018313.0,15:34:59
sh603004,鼎龙科技,18.51,-1.39,-6.985,18.51,18.54,19.9,19.63,19.77,18.17,4101729.0,76844556.0,15:34:59
sh603005,晶方科技,31.65,-1.1,-3.359,31.65,31.66,32.75,32.71,32.81,30.76,31509964.0,996324106.0,15:34:59
sh603006,联明股份,11.11,-0.26,-2.287,11.11,11.13,11.37,11.36,11.37,11.0,2526700.0,28140506.0,15:00:01
sh603007,顺景科技,4.52,-0.1,-2.165,4.51,4.52,4.62,4.59,4.62,4.45,12567505.0,56820124.0,15:34:59
sh603008,ST喜临门,8.14,-0.04,-0.489,8.14,8.16,8.18,8.2,8.32,8.11,4759900.0,39036331.0,15:34:59
sh603009,北特科技,45.3,0.45,1.003,45.25,45.3,44.85,45.16,45.54,43.8,7005357.0,313524314.0,15:34:59
sh603010,万盛股份,11.45,-0.31,-2.636,11.44,11.45,11.76,11.74,12.09,11.23,9130665.0,104977011.0,15:34:59
sh603011,合锻智能,22.69,-1.09,-4.584,22.68,22.69,23.78,23.66,23.73,22.15,33238079.0,756245637.0,15:34:59
sh603012,创力集团,8.61,-0.18,-2.048,8.61,8.62,8.79,8.82,8.83,8.5,19056621.0,164222922.0,15:34:59
sh603013,亚普股份,16.11,-0.12,-0.739,16.11,16.12,16.23,16.11,16.36,15.93,2037500.0,32787725.0,15:00:05
sh603014,威高血净,31.94,-0.55,-1.693,31.94,31.98,32.49,32.46,32.52,31.81,1050556.0,33629613.0,15:00:00
sh603015,弘讯科技,10.54,-0.3,-2.768,10.54,10.55,10.84,10.83,10.94,10.41,5484452.0,58247748.0,15:00:03
sh603016,新宏泰,28.85,-1.23,-4.089,28.84,28.85,30.08,29.93,30.28,28.46,5782971.0,168158301.0,15:34:59
sh603017,中衡设计,9.39,-0.05,-0.53,9.38,9.39,9.44,9.5,9.54,9.28,3610100.0,33857895.0,15:00:02
sh603018,华设集团,5.2,-0.01,-0.192,5.2,5.21,5.21,5.21,5.23,5.17,4798910.0,24945552.0,15:00:04
sh603019,中科曙光,82.18,-1.93,-2.295,82.18,82.19,84.11,84.21,84.5,81.1,29399854.0,2415229804.0,15:34:59
sh603020,爱普股份,9.86,-0.2,-1.988,9.86,9.87,10.06,10.05,10.05,9.74,3984080.0,39228309.0,15:00:03
sh603021,*ST华鹏,5.34,0.0,0.0,5.34,5.35,5.34,5.43,5.59,5.23,8227560.0,44607370.0,15:34:59
sh603022,新通联,8.71,-0.1,-1.135,8.7,8.71,8.81,8.84,8.84,8.62,2826103.0,24571310.0,15:00:02
sh603023,威帝股份,3.98,-0.08,-1.97,3.98,3.99,4.06,4.07,4.1,3.97,6924697.0,27841778.0,15:00:02
sh603025,大豪科技,13.5,-0.31,-2.245,13.49,13.5,13.81,13.78,13.85,13.33,9983728.0,135340055.0,15:34:59
sh603026,石大胜华,63.9,-1.37,-2.099,63.89,63.9,65.27,65.27,66.6,63.24,6497287.0,419341359.0,15:34:59
sh603027,千禾味业,7.22,0.0,0.0,7.22,7.23,7.22,7.22,7.25,7.15,7734038.0,55713834.0,15:34:59
sh603028,赛福天,6.96,-0.05,-0.713,6.95,6.96,7.01,7.02,7.11,6.9,2851270.0,19897773.0,15:00:03
sh603029,天鹅股份,15.89,0.07,0.442,15.89,15.91,15.82,15.88,16.17,15.68,2230660.0,35503849.0,15:34:59
sh603030,全筑股份,2.03,-0.06,-2.871,2.03,2.04,2.09,2.09,2.1,2.0,28949500.0,58880663.0,15:00:02
sh603031,安孚科技,37.99,-1.19,-3.037,37.98,37.99,39.18,38.88,39.38,36.68,8120771.0,306846236.0,15:34:59
sh603032,德新科技,20.22,1.84,10.011,20.22,0.0,18.38,18.7,20.22,18.7,8621500.0,171616655.0,15:34:59
sh603033,三维股份,7.39,-0.19,-2.507,7.38,7.39,7.58,7.53,7.92,7.36,7846234.0,59293528.0,15:00:03
sh603035,常熟汽饰,11.03,0.01,0.091,11.02,11.03,11.02,11.0,11.17,10.97,3198954.0,35357862.0,15:00:03
sh603036,如通股份,15.5,-0.29,-1.837,15.5,15.54,15.79,15.68,15.95,15.01,12720800.0,196141485.0,15:34:59
sh603037,凯众股份,10.04,-0.15,-1.472,10.04,10.05,10.19,10.19,10.28,9.95,2214376.0,22277561.0,15:00:01
sh603038,华立股份,16.9,0.16,0.956,16.9,16.91,16.74,16.78,17.08,16.6,9995302.0,168958330.0,15:34:59
sh603039,泛微网络,41.74,-1.16,-2.704,41.73,41.74,42.9,42.6,43.2,40.63,13447887.0,557109937.0,15:34:59
sh603040,新坐标,52.1,-1.96,-3.626,52.08,52.1,54.06,53.93,54.38,51.3,1343073.0,70105175.0,15:00:02
sh603041,美思德,10.93,-0.21,-1.885,10.93,10.94,11.14,11.2,11.21,10.76,2875450.0,31367219.0,15:00:04
sh603042,华脉科技,13.7,-0.12,-0.868,13.69,13.7,13.82,13.96,13.96,13.3,9707360.0,131867472.0,15:34:59
sh603043,广州酒家,13.46,-0.04,-0.296,13.46,13.47,13.5,13.5,13.65,13.45,3339800.0,45214838.0,15:00:02
sh603045,福达合金,56.33,-0.91,-1.59,56.33,56.34,57.24,58.5,59.45,55.75,16783480.0,964625131.0,15:34:59
sh603048,浙江黎明,21.1,-0.34,-1.586,21.08,21.1,21.44,21.18,21.58,20.92,3191000.0,67701179.0,15:00:04
sh603049,中策橡胶,49.1,-0.16,-0.325,49.1,49.15,49.26,49.26,49.96,48.99,1787700.0,88280728.0,15:00:01
sh603050,科林电气,17.58,-0.95,-5.127,17.58,17.59,18.53,18.39,18.45,17.55,5771736.0,102877317.0,15:34:59
sh603051,鹿山新材,21.05,-0.12,-0.567,21.05,21.06,21.17,21.55,21.56,20.47,4038708.0,84459960.0,15:00:03
sh603052,可川科技,56.82,-4.64,-7.55,56.82,56.83,61.46,61.46,61.5,55.31,10559960.0,602241813.0,15:34:59
sh603053,成都燃气,8.7,-0.01,-0.115,8.68,8.7,8.71,8.7,8.72,8.63,1743395.0,15128415.0,15:00:04
sh603055,台华新材,8.8,0.09,1.033,8.79,8.8,8.71,8.75,8.84,8.67,5736600.0,50266210.0,15:00:01
sh603057,紫燕食品,21.34,-0.5,-2.289,21.33,21.34,21.84,21.7,21.79,21.14,1645648.0,35217609.0,15:00:02
sh603058,永吉股份,8.82,-0.12,-1.342,8.81,8.82,8.94,8.95,9.01,8.65,6105122.0,53638393.0,15:34:59
sh603059,倍加洁,24.62,-0.95,-3.715,24.61,24.62,25.57,25.58,25.67,24.33,1338000.0,33158526.0,15:34:59
sh603060,国检集团,5.4,-0.09,-1.639,5.4,5.41,5.49,5.51,5.51,5.37,4465074.0,24193872.0,15:00:04
sh603061,金海通,347.3,-18.69,-5.107,347.3,347.35,365.99,368.0,368.68,333.0,5559160.0,1937110588.0,15:34:59
sh603062,麦加芯彩,38.53,-0.91,-2.307,38.37,38.53,39.44,39.46,39.59,38.11,269900.0,10426816.0,15:00:02
sh603063,禾望电气,30.78,-0.94,-2.963,30.77,30.78,31.72,31.65,31.75,30.01,14591719.0,448882535.0,15:34:59
sh603065,宿迁联盛,18.81,1.48,8.54,18.8,18.81,17.33,17.68,19.05,16.9,63785379.0,1133966486.0,15:34:59
sh603066,音飞储存,8.95,-0.05,-0.556,8.94,8.95,9.0,8.94,9.12,8.88,3568600.0,31989065.0,15:00:04
sh603067,振华股份,32.64,-1.54,-4.506,32.63,32.64,34.18,34.3,34.32,31.93,22278766.0,728307423.0,15:34:59
sh603068,博通集成,36.37,-2.23,-5.777,36.36,36.37,38.6,38.76,38.76,35.28,10440500.0,384125705.0,15:34:59
sh603069,海汽集团,12.81,-0.11,-0.851,12.8,12.81,12.92,12.97,13.06,12.73,2015659.0,25905372.0,15:34:59
sh603070,万控智造,11.43,-0.18,-1.55,11.43,11.44,11.61,11.61,11.62,11.33,1519268.0,17401844.0,15:00:02
sh603071,物产环能,12.62,0.16,1.284,12.62,12.63,12.46,12.46,12.76,12.41,6416737.0,80938721.0,15:34:59
sh603072,天和磁材,31.26,-0.25,-0.793,31.26,31.28,31.51,31.54,31.98,31.04,1589688.0,49919566.0,15:34:59
sh603073,彩蝶实业,16.63,-0.1,-0.598,16.63,16.65,16.73,16.73,16.97,16.55,1466800.0,24571524.0,15:00:03
sh603075,热威股份,19.04,-0.21,-1.091,19.03,19.04,19.25,19.22,19.36,19.01,1467945.0,28146883.0,15:00:03
sh603076,乐惠国际,20.28,-0.16,-0.783,20.2,20.28,20.44,20.44,20.71,20.07,1382400.0,28033005.0,15:00:01
sh603077,和邦生物,2.42,0.05,2.11,2.42,2.43,2.37,2.37,2.42,2.34,161228757.0,382544535.0,15:34:59
sh603078,江化微,34.8,-1.28,-3.548,34.79,34.8,36.08,35.0,35.55,33.99,23880038.0,825611741.0,15:34:59
sh603079,圣达生物,12.63,-1.4,-9.979,0.0,12.63,14.03,13.76,13.76,12.63,21895125.0,281875508.0,15:34:59
sh603080,新疆火炬,19.64,0.25,1.289,19.64,19.65,19.39,19.29,19.75,19.07,2640200.0,51497876.0,15:34:59
sh603081,大丰实业,9.37,-0.04,-0.425,9.37,9.38,9.41,9.4,9.51,9.28,2768600.0,25970790.0,15:00:01
sh603082,北自科技,41.87,0.97,2.372,41.87,41.88,40.9,40.36,43.37,40.26,5272471.0,223228373.0,15:34:59
sh603083,剑桥科技,174.99,-5.98,-3.304,174.99,175.0,180.97,183.56,184.78,170.74,19765399.0,3493775557.0,15:34:59
sh603085,天成自控,9.78,-0.15,-1.511,9.78,9.8,9.93,9.91,10.06,9.66,4169820.0,40939969.0,15:00:00
sh603086,先达股份,5.57,-0.07,-1.241,5.56,5.57,5.64,5.65,5.68,5.53,4744019.0,26472059.0,15:00:01
sh603087,甘李药业,65.47,-2.96,-4.326,65.46,65.47,68.43,68.44,68.68,65.0,10725855.0,711645892.0,15:34:59
sh603088,宁波精达,9.54,-0.07,-0.728,9.54,9.55,9.61,9.62,9.97,9.44,12702320.0,123039769.0,15:34:59
sh603089,正裕工业,10.53,0.96,10.031,10.53,0.0,9.57,9.55,10.53,9.53,10789366.0,111102288.0,15:34:59
sh603090,宏盛股份,37.28,-0.42,-1.114,37.27,37.28,37.7,38.04,38.16,36.32,1877000.0,69905808.0,15:00:02
sh603091,众鑫股份,49.29,-0.2,-0.404,49.29,49.38,49.49,49.68,50.46,48.72,455512.0,22599679.0,15:00:02
sh603092,德力佳,41.24,-1.87,-4.338,41.23,41.24,43.11,42.85,42.88,40.81,2637504.0,109742188.0,15:34:59
sh603093,南华期货,11.31,0.01,0.088,11.31,11.32,11.3,11.29,11.5,11.22,11086411.0,125862786.0,15:34:59
sh603095,越剑智能,14.91,-0.35,-2.294,14.9,14.91,15.26,14.7,15.21,14.51,14539336.0,215332950.0,15:34:59
sh603096,新经典,14.86,-0.2,-1.328,14.86,14.92,15.06,15.05,15.18,14.78,1541000.0,23002930.0,15:00:03
sh603097,江苏华辰,19.27,-0.35,-1.784,19.23,19.27,19.62,19.53,19.64,18.5,3041760.0,57948231.0,15:00:02
sh603098,森特股份,10.13,0.08,0.796,10.13,10.14,10.05,10.05,10.23,9.92,3855300.0,38751959.0,15:00:03
sh603099,长白山,38.49,-1.24,-3.121,38.49,38.5,39.73,39.71,40.0,38.14,6264500.0,243784776.0,15:00:04
sh603100,川仪股份,17.3,-0.06,-0.346,17.29,17.3,17.36,17.35,17.46,17.21,2321200.0,40212988.0,15:00:03
sh603101,汇嘉时代,7.19,0.03,0.419,7.18,7.19,7.16,7.16,7.26,7.09,6555403.0,46904810.0,15:34:59
sh603102,百合股份,37.77,-1.95,-4.909,37.77,37.78,39.72,39.18,40.94,36.76,5925600.0,227712409.0,15:34:59
sh603103,横店影视,14.22,-0.32,-2.201,14.21,14.22,14.54,14.55,14.64,14.13,4169644.0,59763748.0,15:34:59
sh603105,芯能科技,7.74,0.7,9.943,7.74,0.0,7.04,7.05,7.74,7.05,32709879.0,249264831.0,15:34:59
sh603106,恒银科技,7.63,0.27,3.668,7.62,7.63,7.36,7.3,7.7,7.13,33078300.0,245281817.0,15:34:59
sh603107,上海汽配,11.93,0.11,0.931,11.92,11.93,11.82,11.82,11.93,11.77,1143301.0,13562281.0,15:34:59
sh603108,润达医疗,9.55,-0.32,-3.242,9.55,9.56,9.87,9.87,9.9,9.47,12495800.0,119961110.0,15:34:59
sh603109,神驰机电,17.64,0.11,0.627,17.62,17.64,17.53,17.54,17.94,17.39,1933644.0,34150583.0,15:34:59
sh603110,东方材料,25.37,-0.13,-0.51,25.37,25.38,25.5,25.49,25.53,24.64,10784419.0,270625846.0,15:34:59
sh603111,康尼机电,5.82,0.07,1.217,5.81,5.82,5.75,5.74,5.86,5.72,6314700.0,36570707.0,15:00:04
sh603112,华翔股份,15.96,-0.29,-1.785,15.95,15.96,16.25,16.26,16.44,15.87,8915199.0,144054138.0,15:34:59
sh603113,金能科技,4.98,-0.11,-2.161,4.98,4.99,5.09,5.09,5.25,4.87,29181200.0,145080964.0,15:34:59
sh603115,海星股份,75.13,-3.24,-4.134,75.13,75.15,78.37,77.77,77.93,72.53,6940670.0,515791139.0,15:34:59
sh603116,红蜻蜓,6.49,0.23,3.674,6.48,6.49,6.26,6.31,6.5,6.24,8893755.0,57063269.0,15:00:03
sh603117,万林物流,3.77,-0.06,-1.567,3.76,3.77,3.83,3.83,3.85,3.73,8156029.0,30821708.0,15:34:59
sh603118,共进股份,16.01,-1.78,-10.006,0.0,16.01,17.79,17.36,17.63,16.01,112605624.0,1849921612.0,15:34:59
sh603119,浙江荣泰,50.13,0.24,0.481,50.12,50.13,49.89,49.9,52.47,49.28,12827602.0,648241381.0,15:34:59
sh603120,肯特催化,47.2,-1.02,-2.115,47.18,47.27,48.22,48.15,48.43,46.08,1380500.0,64675256.0,15:00:02
sh603121,华培动力,12.24,-0.09,-0.73,12.21,12.24,12.33,12.32,12.4,12.04,3334940.0,40584326.0,15:34:59
sh603122,合富中国,11.38,-0.47,-3.966,11.38,11.39,11.85,11.86,11.94,11.31,15575917.0,179508107.0,15:34:59
sh603123,翠微股份,9.93,0.47,4.968,9.93,9.94,9.46,9.12,10.39,9.11,80397799.0,788292004.0,15:34:59
sh603124,江南新材,126.22,-6.2,-4.682,126.21,126.22,132.42,132.79,133.48,121.52,4174119.0,525802265.0,15:34:59
sh603125,常青科技,23.01,-0.01,-0.043,23.01,23.02,23.02,23.0,23.18,22.53,3784896.0,86334024.0,15:34:59
sh603126,中材节能,5.97,-0.02,-0.334,5.97,5.98,5.99,6.0,6.04,5.92,4624509.0,27606560.0,15:00:04
sh603127,昭衍新药,46.39,-2.88,-5.845,46.39,46.4,49.27,49.26,50.19,45.5,36792997.0,1737776643.0,15:34:59
sh603128,华贸物流,5.4,0.07,1.313,5.4,5.41,5.33,5.34,5.41,5.32,11559564.0,62216558.0,15:00:02
sh603129,春风动力,308.58,-0.43,-0.139,308.58,308.62,309.01,309.57,312.88,304.01,1466060.0,452966713.0,15:00:04
sh603130,云中马,41.21,1.14,2.845,41.21,41.24,40.07,40.27,41.5,39.99,1609377.0,65655570.0,15:34:59
sh603131,上海沪工,14.16,-0.31,-2.142,14.15,14.16,14.47,14.37,14.58,13.97,5183054.0,73689320.0,15:34:59
sh603132,金徽股份,18.75,-0.19,-1.003,18.75,18.76,18.94,19.57,19.85,18.56,12769371.0,241693797.0,15:00:04
sh603135,中重科技,8.93,-0.12,-1.326,8.91,8.93,9.05,9.04,9.1,8.76,5118806.0,45435499.0,15:00:02
sh603136,天目湖,8.98,-0.06,-0.664,8.98,8.99,9.04,9.03,9.13,8.95,2546045.0,22960825.0,15:00:02
sh603137,恒尚节能,21.97,-1.42,-6.071,21.97,21.98,23.39,23.25,23.33,21.1,18293500.0,400233152.0,15:34:59
sh603138,海量数据,12.56,-0.36,-2.786,12.55,12.56,12.92,13.01,13.01,12.36,4809500.0,60472423.0,15:00:03
sh603139,康惠股份,33.92,-0.96,-2.752,33.9,33.92,34.88,34.91,35.78,33.34,1714300.0,58310752.0,15:00:02
sh603150,万朗磁塑,52.88,-1.03,-1.911,52.85,52.88,53.91,54.25,54.42,51.84,957300.0,50451211.0,15:00:04
sh603151,邦基科技,15.75,0.15,0.962,15.74,15.75,15.6,15.66,15.87,15.26,3077660.0,47813273.0,15:34:59
sh603153,上海建科,13.05,-0.07,-0.534,13.05,13.07,13.12,13.11,13.14,12.97,1095066.0,14297235.0,15:34:59
sh603155,新亚强,13.82,0.07,0.509,13.82,13.83,13.75,13.68,14.09,13.48,8849579.0,121285821.0,15:34:59
sh603156,养元饮品,47.73,-5.3,-9.994,0.0,47.73,53.03,55.0,56.0,47.73,23201500.0,1163559797.0,15:34:59
sh603158,腾龙股份,10.01,-0.06,-0.596,10.0,10.01,10.07,10.18,10.3,9.83,12135488.0,121300185.0,15:34:59
sh603159,上海亚虹,21.99,0.19,0.872,21.98,21.99,21.8,21.81,22.38,21.72,2385340.0,52442751.0,15:00:03
sh603160,汇顶科技,47.29,-1.58,-3.233,47.29,47.3,48.87,48.87,48.87,46.75,5751493.0,273369544.0,15:34:59
sh603161,科华控股,16.0,0.07,0.439,15.99,16.0,15.93,16.0,16.25,15.63,3045516.0,48544788.0,15:00:04
sh603162,海通发展,12.22,-0.12,-0.972,12.21,12.22,12.34,12.25,12.58,11.88,37255063.0,453622865.0,15:34:59
sh603163,圣晖集成,80.1,-2.19,-2.661,80.1,80.11,82.29,82.2,82.54,77.95,2785460.0,221855371.0,15:34:59
sh603165,荣晟环保,13.49,-0.33,-2.388,13.48,13.49,13.82,13.82,13.9,13.41,3950080.0,53574460.0,15:00:03
sh603166,福达股份,11.0,0.03,0.273,10.99,11.0,10.97,11.0,11.42,10.84,8898479.0,98595385.0,15:34:59
sh603167,渤海轮渡,8.77,0.09,1.037,8.76,8.77,8.68,8.66,8.77,8.66,4878900.0,42648948.0,15:34:59
sh603168,莎普爱思,5.54,-0.04,-0.717,5.53,5.54,5.58,5.56,5.69,5.5,6018064.0,33507394.0,15:00:03
sh603169,兰石重装,6.26,-0.03,-0.477,6.26,6.27,6.29,6.29,6.35,6.16,7913659.0,49446239.0,15:00:02
sh603170,宝立食品,12.33,0.05,0.407,12.31,12.33,12.28,12.31,12.35,12.12,1944200.0,23798513.0,15:34:59
sh603171,税友股份,41.47,-1.11,-2.607,41.46,41.47,42.58,42.67,42.77,41.0,4904484.0,203512739.0,15:34:59
sh603172,万丰股份,17.37,-0.13,-0.743,17.34,17.37,17.5,17.62,17.68,17.15,874800.0,15160865.0,15:00:03
sh603173,福斯达,30.89,-0.57,-1.812,30.8,30.89,31.46,31.6,31.65,30.57,573700.0,17722103.0,15:34:59
sh603175,超颖电子,89.93,-1.95,-2.122,89.9,89.99,91.88,92.8,92.8,86.9,1667762.0,148831824.0,15:34:59
sh603176,汇通集团,4.94,0.03,0.611,4.93,4.94,4.91,4.9,5.08,4.85,3915500.0,19271456.0,15:00:02
sh603177,德创环保,10.39,-0.03,-0.288,10.39,10.4,10.42,10.36,10.73,10.27,7820200.0,81301055.0,15:34:59
sh603178,圣龙股份,16.32,0.25,1.556,16.31,16.32,16.07,16.0,16.87,15.99,7297065.0,119948960.0,15:34:59
sh603179,新泉股份,38.08,1.35,3.675,38.08,38.09,36.73,37.57,38.4,36.0,28637313.0,1073775761.0,15:34:59
sh603180,金牌家居,15.25,-0.13,-0.845,15.25,15.27,15.38,15.29,15.56,15.16,1011088.0,15451186.0,15:00:04
sh603181,皇马科技,12.53,-0.14,-1.105,12.52,12.53,12.67,12.64,12.67,12.44,3390321.0,42499275.0,15:00:05
sh603182,嘉华股份,13.07,-0.09,-0.684,13.07,13.09,13.16,13.11,13.23,12.92,2255709.0,29486531.0,15:00:02
sh603183,建研院,4.66,-0.11,-2.306,4.64,4.66,4.77,4.75,4.76,4.52,16067051.0,74465218.0,15:34:59
sh603185,弘元绿能,16.53,-0.3,-1.783,16.53,16.54,16.83,16.69,17.08,16.34,5751524.0,95538617.0,15:34:59
sh603186,华正新材,165.28,-7.09,-4.113,165.28,165.29,172.37,172.9,174.99,160.67,18546015.0,3052326029.0,15:34:59
sh603187,海容冷链,10.96,-0.01,-0.091,10.96,10.97,10.97,11.04,11.05,10.92,4208304.0,46118770.0,15:34:59
sh603188,亚邦股份,4.66,0.08,1.747,4.66,4.67,4.58,4.6,4.99,4.58,31213607.0,147629018.0,15:34:59
sh603189,*ST网达,8.89,-0.13,-1.441,8.89,8.9,9.02,9.02,9.07,8.81,2212400.0,19665045.0,15:00:03
sh603190,亚通精工,16.42,-0.08,-0.485,16.42,16.43,16.5,16.5,16.57,16.21,1206300.0,19703308.0,15:00:03
sh603191,望变电气,14.42,-0.31,-2.105,14.41,14.42,14.73,14.62,14.84,14.14,7488365.0,108031034.0,15:34:59
sh603192,汇得科技,19.7,-0.43,-2.136,19.7,19.71,20.13,20.17,20.31,19.65,1140500.0,22653344.0,15:34:59
sh603193,润本股份,20.68,-0.28,-1.336,20.68,20.77,20.96,21.27,22.26,20.58,5560300.0,117687074.0,15:34:59
sh603194,中力股份,33.51,0.24,0.721,33.51,33.52,33.27,33.79,34.7,33.44,1274072.0,43112793.0,15:34:59
sh603195,公牛集团,39.84,-0.16,-0.4,39.84,39.93,40.0,39.85,40.37,39.8,3061370.0,122894827.0,15:34:59
sh603196,璞源材料,19.24,-0.37,-1.887,19.21,19.24,19.61,19.59,19.68,18.89,1418400.0,27272851.0,15:34:59
sh603197,保隆科技,30.41,-0.27,-0.88,30.38,30.41,30.68,30.68,31.26,30.09,2353383.0,71865408.0,15:34:59
sh603198,迎驾贡酒,39.79,0.82,2.104,39.78,39.79,38.97,38.92,40.54,38.58,7387066.0,294202460.0,15:34:59
sh603199,九华旅游,33.87,0.42,1.256,33.87,33.89,33.45,33.88,34.33,33.48,2863209.0,97284514.0,15:34:59
sh603200,上海洗霸,39.13,3.56,10.008,39.13,0.0,35.57,35.9,39.13,35.73,3376900.0,130284373.0,15:34:59
sh603201,常润股份,14.65,-0.48,-3.173,14.65,14.66,15.13,15.16,15.27,14.53,3303372.0,48606517.0,15:00:03
sh603202,天有为,51.62,0.47,0.919,51.62,51.64,51.15,51.15,51.9,51.02,742496.0,38275912.0,15:00:03
sh603203,快克智能,42.85,-0.78,-1.788,42.85,42.86,43.63,43.94,44.0,41.65,5322569.0,226131453.0,15:34:59
sh603205,健尔康,21.83,0.32,1.488,21.83,21.85,21.51,21.51,22.5,21.25,1845000.0,40385467.0,15:34:59
sh603206,嘉环科技,13.57,-0.12,-0.877,13.56,13.57,13.69,13.85,13.95,13.38,2399266.0,32509517.0,15:00:03
sh603207,小方制药,22.78,-0.68,-2.899,22.78,22.79,23.46,23.59,24.1,22.61,3949671.0,91488090.0,15:34:59
sh603208,江山欧派,11.21,-0.19,-1.667,11.2,11.21,11.4,11.4,11.44,11.1,1296700.0,14573827.0,15:00:03
sh603209,兴通股份,14.65,0.23,1.595,14.64,14.65,14.42,14.42,14.76,14.27,14126509.0,205807672.0,15:34:59
sh603210,泰鸿万立,13.24,-0.04,-0.301,13.23,13.24,13.28,13.28,13.49,13.18,1955600.0,25987637.0,15:00:04
sh603211,晋拓股份,22.01,-1.06,-4.595,22.01,22.03,23.07,22.93,23.31,21.68,10886950.0,240948467.0,15:34:59
sh603212,赛伍技术,11.58,0.07,0.608,11.57,11.58,11.51,11.57,11.9,11.42,7201103.0,83711134.0,15:34:59
sh603213,镇洋发展,13.89,-0.08,-0.573,13.89,13.9,13.97,13.93,13.94,13.78,1790264.0,24795819.0,15:34:59
sh603214,爱婴室,13.74,-0.07,-0.507,13.72,13.74,13.81,13.87,13.87,13.55,1832740.0,25061378.0,15:00:04
sh603215,比依股份,14.18,-0.16,-1.116,14.18,14.19,14.34,14.5,14.5,14.1,850200.0,12084075.0,15:00:03
sh603216,梦天家居,20.55,-0.51,-2.422,20.54,20.55,21.06,21.07,21.27,20.31,3079000.0,63438525.0,15:00:04
sh603217,元利科技,25.81,-0.69,-2.604,25.81,25.83,26.5,26.25,26.56,25.66,4360137.0,113570657.0,15:34:59
sh603218,日月股份,9.58,-0.06,-0.622,9.57,9.58,9.64,9.66,9.71,9.5,4780260.0,45862698.0,15:34:59
sh603219,富佳股份,13.6,0.08,0.592,13.57,13.6,13.52,13.57,13.86,13.42,2660600.0,36145396.0,15:00:04
sh603220,中贝通信,18.13,-0.34,-1.841,18.12,18.13,18.47,18.47,18.48,17.9,18109773.0,327750158.0,15:34:59
sh603221,爱丽家居,27.65,1.39,5.293,27.65,27.66,26.26,26.81,27.79,26.27,18253154.0,494694986.0,15:34:59
sh603222,济民健康,8.06,-0.16,-1.946,8.05,8.06,8.22,8.32,8.32,7.97,14087082.0,113807975.0,15:34:59
sh603223,恒通股份,10.33,-0.13,-1.243,10.33,10.34,10.46,10.48,10.49,10.22,6268400.0,64853454.0,15:00:03
sh603225,新凤鸣,19.7,0.68,3.575,19.69,19.7,19.02,19.13,20.19,18.89,23806511.0,468842508.0,15:34:59
sh603226,菲林格尔,40.16,-4.44,-9.955,40.16,40.17,44.6,44.55,44.57,40.14,6220400.0,253271924.0,15:34:59
sh603227,雪峰科技,7.65,0.0,0.0,7.64,7.65,7.65,7.65,7.69,7.57,6414333.0,48867679.0,15:34:59
sh603228,景旺电子,91.64,-3.2,-3.374,91.63,91.64,94.84,94.84,95.79,87.68,36214609.0,3304393217.0,15:34:59
sh603229,奥翔药业,7.94,-0.16,-1.975,7.94,7.95,8.1,8.26,8.5,7.91,11174755.0,90528000.0,15:34:59
sh603230,内蒙新华,9.16,0.08,0.881,9.15,9.16,9.08,9.13,9.24,9.09,1419100.0,12999909.0,15:00:02
sh603231,索宝蛋白,16.06,-0.03,-0.186,16.01,16.06,16.09,15.82,16.15,15.82,1981100.0,31697984.0,15:00:02
sh603232,格尔软件,14.62,-0.12,-0.814,14.62,14.63,14.74,14.73,14.89,14.42,3770962.0,55040693.0,15:00:02
sh603233,大参林,17.36,-0.3,-1.699,17.36,17.37,17.66,17.66,17.75,17.33,6050105.0,105935003.0,15:34:59
sh603235,天新药业,22.98,0.08,0.349,22.98,22.99,22.9,22.88,23.08,22.73,349800.0,8017899.0,15:00:04
sh603236,移远通信,56.99,-1.02,-1.758,56.99,57.0,58.01,58.27,58.65,56.09,10595869.0,605326769.0,15:34:59
sh603237,五芳斋,14.17,0.02,0.141,14.17,14.24,14.15,14.14,14.31,13.96,1034443.0,14655392.0,15:00:04
sh603238,诺邦股份,12.15,-0.15,-1.22,12.14,12.15,12.3,12.34,12.38,12.02,2509900.0,30492985.0,15:00:03
sh603239,浙江仙通,14.1,-0.25,-1.742,14.09,14.1,14.35,14.28,14.49,13.95,2602800.0,36761114.0,15:00:03
sh603248,锡华科技,18.06,-0.05,-0.276,18.06,18.07,18.11,18.11,18.39,17.81,2151321.0,38858582.0,15:34:59
sh603255,鼎际得,28.4,0.85,3.085,28.38,28.4,27.55,27.55,28.56,27.49,1709900.0,48130686.0,15:34:59
sh603256,宏和科技,133.9,-6.51,-4.636,133.89,133.9,140.41,140.0,140.15,129.86,12959306.0,1727785547.0,15:34:59
sh603257,中国瑞林,63.7,-0.29,-0.453,63.7,63.75,63.99,64.16,64.8,62.51,849972.0,53907826.0,15:34:59
sh603258,电魂网络,12.56,-0.09,-0.711,12.55,12.56,12.65,12.44,12.77,12.41,1802200.0,22578924.0,15:00:04
sh603259,药明康德,155.84,-7.02,-4.31,155.84,155.85,162.86,160.99,163.4,153.77,68557475.0,10767737827.0,15:34:59
sh603260,合盛硅业,33.63,-1.56,-4.433,33.63,33.64,35.19,35.11,35.26,33.4,11648963.0,395822801.0,15:34:59
sh603261,立航科技,49.9,-0.77,-1.52,49.9,49.92,50.67,49.5,50.51,48.78,1166900.0,57933668.0,15:34:59
sh603262,技源集团,18.4,0.73,4.131,18.39,18.4,17.67,17.74,18.59,17.42,5377213.0,96995812.0,15:34:59
sh603266,天龙股份,15.5,-0.11,-0.705,15.49,15.5,15.61,15.74,15.74,15.36,1381441.0,21433952.0,15:00:04
sh603267,鸿远电子,46.8,-2.39,-4.859,46.8,46.81,49.19,49.19,49.3,46.16,7737404.0,366253366.0,15:34:59
sh603268,松发股份,180.93,-1.88,-1.028,180.9,180.93,182.81,183.02,186.18,178.65,5079780.0,923421460.0,15:34:59
sh603269,海鸥股份,18.23,0.42,2.358,18.23,18.24,17.81,17.74,18.69,17.6,27507240.0,501150500.0,15:34:59
sh603270,金帝股份,27.77,-0.1,-0.359,27.77,27.78,27.87,28.08,28.65,27.3,3117321.0,86978641.0,15:00:03
sh603271,永杰新材,42.77,-0.57,-1.315,42.76,42.77,43.34,43.29,43.85,42.44,1455427.0,62489722.0,15:00:02
sh603272,*ST联翔,13.66,-0.59,-4.14,13.66,13.68,14.25,14.15,14.53,13.56,2838200.0,39562428.0,15:34:59
sh603273,天元智能,14.41,-0.09,-0.621,14.41,14.43,14.5,14.51,14.7,14.27,1676490.0,24233953.0,15:00:01
sh603275,众辰科技,34.92,-0.6,-1.689,34.82,34.92,35.52,35.82,35.85,34.52,665100.0,23246075.0,15:00:03
sh603276,恒兴新材,15.88,-0.25,-1.55,15.88,15.89,16.13,16.12,16.26,15.61,2110550.0,33464556.0,15:00:01
sh603277,银都股份,12.56,0.06,0.48,12.56,12.59,12.5,12.47,13.3,11.89,9961296.0,125045341.0,15:34:59
sh603278,大业股份,8.93,-0.13,-1.435,8.92,8.93,9.06,9.15,9.2,8.81,7713400.0,69094179.0,15:00:03
sh603279,景津装备,12.5,0.03,0.241,12.49,12.5,12.47,12.46,12.62,12.33,4982289.0,62097000.0,15:00:04
sh603280,南方路机,26.35,-0.21,-0.791,26.33,26.35,26.56,26.61,26.78,26.01,1613900.0,42486463.0,15:34:59
sh603281,江瀚新材,18.88,-0.45,-2.328,18.88,18.91,19.33,19.49,19.53,18.64,3145308.0,59671829.0,15:00:03
sh603282,亚光股份,15.44,-0.17,-1.089,15.44,15.45,15.61,15.61,15.77,15.23,1339900.0,20691677.0,15:34:59
sh603283,赛腾股份,47.6,0.85,1.818,47.59,47.6,46.75,47.06,48.49,45.5,22418238.0,1047193765.0,15:34:59
sh603284,林平发展,42.39,0.59,1.411,42.36,42.39,41.8,41.7,43.21,41.49,1694334.0,71865941.0,15:34:59
sh603285,键邦股份,34.3,-1.35,-3.787,34.3,34.32,35.65,35.47,35.95,33.53,6008880.0,206354230.0,15:34:59
sh603286,日盈电子,40.92,-0.14,-0.341,40.9,40.92,41.06,41.09,42.27,40.15,2344650.0,95876633.0,15:00:03
sh603288,海天味业,35.67,0.62,1.769,35.66,35.67,35.05,35.0,35.72,34.77,15983932.0,567331429.0,15:34:59
sh603289,泰瑞机器,8.74,0.09,1.04,8.73,8.74,8.65,8.75,8.79,8.6,3104537.0,26988576.0,15:00:03
sh603290,斯达半导,92.99,-4.97,-5.073,92.99,93.0,97.96,96.99,100.1,92.09,13519554.0,1293417069.0,15:34:59
sh603291,联合水务,9.06,-0.37,-3.924,9.06,9.07,9.43,9.43,9.5,8.8,6837739.0,61648236.0,15:00:04
sh603293,埃泰克,34.78,-0.12,-0.344,34.73,34.78,34.9,34.98,35.26,34.33,959126.0,33247143.0,15:00:03
sh603296,华勤技术,75.22,-3.02,-3.86,75.22,75.23,78.24,78.0,78.0,73.79,20091190.0,1519274110.0,15:34:59
sh603297,永新光学,104.9,-1.97,-1.843,104.9,104.95,106.87,105.64,107.83,102.47,1074507.0,112704219.0,15:34:59
sh603298,杭叉集团,25.8,-0.1,-0.386,25.8,25.81,25.9,26.38,26.97,25.63,4327567.0,112787970.0,15:34:59
sh603299,苏盐井神,8.98,0.0,0.0,8.98,9.0,8.98,8.96,9.07,8.94,3750399.0,33756051.0,15:00:03
sh603300,海南华铁,4.71,-0.06,-1.258,4.7,4.71,4.77,4.76,4.78,4.68,27889442.0,131374675.0,15:34:59
sh603301,振德医疗,82.29,0.47,0.574,82.2,82.29,81.82,82.03,82.48,80.7,1143846.0,93325392.0,15:00:02
sh603303,得邦照明,23.47,0.5,2.177,23.46,23.47,22.97,22.76,23.5,22.76,1968536.0,45763212.0,15:00:01
sh603305,旭升集团,11.08,-0.15,-1.336,11.07,11.08,11.23,11.26,11.34,10.95,10925256.0,121295322.0,15:34:59
sh603306,华懋科技,72.98,-1.28,-1.724,72.98,73.0,74.26,74.18,75.14,70.96,9040825.0,656890836.0,15:34:59
sh603307,扬州金泉,26.5,0.89,3.475,26.47,26.5,25.61,25.58,27.09,25.44,1352740.0,35176921.0,15:34:59
sh603308,应流股份,42.6,-1.68,-3.794,42.6,42.61,44.28,44.38,44.45,41.4,19988119.0,852674652.0,15:34:59
sh603309,维力医疗,11.3,-0.26,-2.249,11.29,11.3,11.56,11.56,11.61,11.22,4379532.0,49673579.0,15:34:59
sh603310,巍华新材,14.59,-0.11,-0.748,14.59,14.62,14.7,14.74,14.77,14.53,1196439.0,17481450.0,15:00:03
sh603311,金海高科,28.33,-0.65,-2.243,28.33,28.34,28.98,29.49,29.49,27.5,4440193.0,124535777.0,15:00:04
sh603312,西典新能,31.89,0.83,2.672,31.89,31.9,31.06,31.02,32.18,30.8,1483800.0,46821957.0,15:34:59
sh603313,梦百合,6.05,-0.03,-0.493,6.04,6.05,6.08,6.07,6.11,5.95,12525695.0,75248895.0,15:00:03
sh603315,福鞍股份,11.46,-0.21,-1.799,11.45,11.46,11.67,11.78,11.8,11.27,3733700.0,42866654.0,15:34:59
sh603316,诚邦股份,13.72,-0.33,-2.349,13.72,13.73,14.05,14.07,14.16,13.4,7017800.0,96087115.0,15:00:02
sh603317,天味食品,13.43,-0.01,-0.074,13.42,13.43,13.44,13.33,13.49,13.17,9869818.0,131602422.0,15:34:59
sh603318,水发燃气,9.31,-0.23,-2.411,9.31,9.32,9.54,9.35,9.67,9.22,54680015.0,509331164.0,15:34:59
sh603319,美湖股份,25.45,-0.77,-2.937,25.44,25.45,26.22,26.21,26.85,25.18,10941727.0,282537022.0,15:34:59
sh603320,迪贝电气,17.09,0.55,3.325,17.09,17.1,16.54,16.73,18.19,16.54,6090767.0,104814169.0,15:34:59
sh603321,梅轮电梯,6.26,-0.06,-0.949,6.26,6.28,6.32,6.32,6.34,6.21,2777750.0,17379500.0,15:00:04
sh603322,超讯科技,25.01,-1.2,-4.578,25.0,25.01,26.21,26.22,26.31,24.6,4605900.0,116023873.0,15:34:59
sh603323,苏农银行,4.25,0.06,1.432,4.25,4.26,4.19,4.18,4.26,4.17,41166770.0,174172034.0,15:34:59
sh603324,盛剑科技,27.17,-0.28,-1.02,27.17,27.25,27.45,27.62,27.89,26.66,4053720.0,109915987.0,15:00:02
sh603325,博隆技术,53.27,0.89,1.699,53.26,53.27,52.38,51.98,53.9,51.98,476740.0,25380268.0,15:00:04
sh603326,我乐家居,6.99,0.0,0.0,6.99,7.0,6.99,6.98,7.08,6.9,3524800.0,24550606.0,15:00:03
sh603327,福蓉科技,9.58,0.25,2.68,9.58,9.59,9.33,9.3,9.87,9.25,53395253.0,510368743.0,15:34:59
sh603328,依顿电子,10.64,-0.43,-3.884,10.64,10.65,11.07,11.18,11.18,10.41,18182000.0,193972614.0,15:34:59
sh603329,上海雅仕,10.44,0.0,0.0,10.43,10.44,10.44,10.46,10.71,10.32,4110160.0,43183574.0,15:00:03
sh603330,天洋新材,10.97,1.0,10.03,10.97,0.0,9.97,9.97,10.97,9.76,116925955.0,1233974099.0,15:34:59
sh603331,百达精工,12.52,0.03,0.24,12.52,12.54,12.49,12.5,12.59,12.22,3317525.0,41172477.0,15:34:59
sh603332,苏州龙杰,11.49,-0.12,-1.034,11.49,11.5,11.61,11.64,11.8,11.33,4014520.0,46104822.0,15:34:59
sh603333,福华尚纬,9.51,-0.34,-3.452,9.5,9.51,9.85,10.5,10.84,9.15,64682646.0,635694370.0,15:34:59
sh603334,丰倍生物,31.22,-1.45,-4.438,31.22,31.25,32.67,32.41,32.57,31.06,2349286.0,73976922.0,15:34:59
sh603335,迪生力,6.62,-0.11,-1.634,6.61,6.62,6.73,6.71,6.86,6.51,10124879.0,67401685.0,15:34:59
sh603336,宏辉果蔬,9.07,-0.18,-1.946,9.06,9.07,9.25,9.52,9.59,9.0,16720200.0,153310222.0,15:34:59
sh603337,杰克科技,36.92,-0.98,-2.586,36.91,36.92,37.9,37.95,38.28,36.71,2991007.0,111214514.0,15:34:59
sh603338,浙江鼎力,54.66,0.9,1.674,54.63,54.66,53.76,53.99,55.24,53.43,3732000.0,203588929.0,15:34:59
sh603339,四方科技,13.81,-0.11,-0.79,13.81,13.82,13.92,13.91,14.09,13.64,4830444.0,66681003.0,15:34:59
sh603341,龙旗科技,36.18,-1.11,-2.977,36.18,36.19,37.29,37.33,37.37,35.66,7660000.0,278353231.0,15:34:59
sh603344,星德胜,22.16,-0.5,-2.207,22.15,22.16,22.66,22.6,22.82,22.0,1180000.0,26382564.0,15:34:59
sh603345,安井食品,78.59,-0.41,-0.519,78.58,78.59,79.0,79.9,79.9,77.61,6558801.0,513255347.0,15:34:59
sh603348,文灿股份,14.18,0.06,0.425,14.17,14.18,14.12,14.26,14.28,14.01,1790600.0,25338389.0,15:00:03
sh603350,安乃达,27.9,-0.23,-0.818,27.89,27.9,28.13,28.03,28.31,27.77,373000.0,10432827.0,15:00:02
sh603351,威尔药业,26.39,-0.35,-1.309,26.39,26.5,26.74,27.29,27.29,26.19,1554400.0,41309091.0,15:00:02
sh603352,至信股份,25.22,-0.69,-2.663,25.22,25.23,25.91,25.7,25.92,25.06,1176367.0,29852614.0,15:34:59
sh603353,和顺石油,30.18,-0.48,-1.566,30.17,30.18,30.66,30.5,30.57,29.56,2970700.0,89135371.0,15:34:59
sh603355,莱克电气,27.95,-0.56,-1.964,27.94,27.95,28.51,28.3,28.99,27.68,3066472.0,86426145.0,15:34:59
sh603356,华菱精工,16.6,-0.43,-2.525,16.57,16.6,17.03,17.35,17.35,16.32,2230900.0,37022947.0,15:00:00
sh603357,设计总院,6.02,0.1,1.689,6.01,6.02,5.92,5.92,6.06,5.91,5169464.0,31025101.0,15:34:59
sh603358,华达科技,46.1,-1.09,-2.31,46.1,46.12,47.19,46.69,47.47,45.83,8630700.0,402000848.0,15:34:59
sh603359,*ST东珠,2.11,-0.04,-1.86,2.11,2.12,2.15,2.13,2.18,2.1,4194500.0,8942502.0,15:00:03
sh603360,百傲化学,12.52,-0.13,-1.028,12.52,12.53,12.65,12.65,13.05,12.34,8161020.0,102440513.0,15:34:59
sh603363,傲农生物,2.84,-0.05,-1.73,2.83,2.84,2.89,2.89,2.89,2.82,19699340.0,56022223.0,15:34:59
sh603365,水星家纺,17.36,-0.55,-3.071,17.36,17.37,17.91,17.72,18.25,17.31,5184586.0,92318928.0,15:34:59
sh603366,日出东方,7.32,0.14,1.95,7.31,7.32,7.18,7.16,7.51,7.07,39325382.0,285531403.0,15:34:59
sh603367,辰欣药业,13.61,-0.49,-3.475,13.61,13.62,14.1,14.05,14.14,13.5,9979100.0,136871488.0,15:34:59
sh603368,柳药集团,15.74,-0.14,-0.882,15.74,15.75,15.88,15.88,15.97,15.65,3724690.0,58828580.0,15:00:02
sh603369,今世缘,27.78,-0.11,-0.394,27.78,27.79,27.89,27.72,28.22,27.63,11900201.0,332214993.0,15:34:59
sh603370,华新精科,31.99,-0.79,-2.41,31.99,32.02,32.78,32.7,32.9,31.78,563750.0,18119029.0,15:00:02
sh603373,安邦护卫,38.93,0.32,0.829,38.9,38.93,38.61,38.61,39.14,37.86,1309600.0,50334514.0,15:34:59
sh603375,盛景微,37.31,-1.9,-4.846,37.3,37.34,39.21,39.29,39.94,36.55,1540383.0,58209544.0,15:34:59
sh603376,大明电子,26.37,-0.53,-1.97,26.36,26.37,26.9,27.18,27.18,26.08,2498621.0,66274169.0,15:34:59
sh603377,ST东时,2.88,-0.01,-0.346,2.87,2.88,2.89,2.87,2.9,2.85,2351580.0,6736023.0,15:00:03
sh603378,*ST亚士,6.21,0.08,1.305,6.21,6.22,6.13,6.29,6.42,6.1,15697664.0,97873373.0,15:34:59
sh603379,三美股份,59.9,-1.55,-2.522,59.9,59.91,61.45,61.27,61.89,59.67,5718002.0,344690458.0,15:34:59
sh603380,易德龙,33.99,-1.48,-4.173,33.96,33.99,35.47,35.0,35.78,33.41,3779918.0,130064738.0,15:34:59
sh603381,永臻股份,15.45,0.18,1.179,15.45,15.46,15.27,15.28,15.58,14.89,5503796.0,84009143.0,15:34:59
sh603382,海阳科技,18.31,-2.03,-9.98,0.0,18.31,20.34,19.82,20.34,18.31,8330244.0,156832477.0,15:34:59
sh603383,顶点软件,28.02,-0.57,-1.994,28.02,28.03,28.59,28.53,28.75,27.82,3030907.0,85406253.0,15:34:59
sh603385,惠达卫浴,5.46,-0.03,-0.546,5.46,5.47,5.49,5.54,5.58,5.4,2970800.0,16253806.0,15:00:04
sh603386,骏亚科技,13.55,-0.3,-2.166,13.55,13.56,13.85,13.88,13.9,13.26,5508300.0,74538321.0,15:34:59
sh603387,基蛋生物,9.18,-0.24,-2.548,9.18,9.19,9.42,9.38,9.38,9.08,11107073.0,101886598.0,15:34:59
sh603389,亚振家居,42.74,-3.11,-6.783,42.72,42.74,45.85,45.51,45.68,42.4,3701960.0,160839890.0,15:34:59
sh603390,通达电气,9.94,-0.18,-1.779,9.93,9.94,10.12,10.12,10.17,9.84,5444700.0,54284449.0,15:34:59
sh603391,力聚热能,67.57,-1.0,-1.458,67.48,67.57,68.57,69.11,69.11,66.57,1590003.0,107634141.0,15:34:59
sh603392,万泰生物,28.09,-2.5,-8.173,28.09,28.1,30.59,30.2,30.9,28.0,14065206.0,410996627.0,15:34:59
sh603393,新天然气,24.18,-0.19,-0.78,24.18,24.19,24.37,24.1,24.46,23.7,8391411.0,201492737.0,15:00:02
sh603395,红四方,25.95,-1.63,-5.91,25.95,25.96,27.58,25.35,27.47,25.01,17443207.0,456140416.0,15:34:59
sh603396,金辰股份,25.53,-0.12,-0.468,25.53,25.54,25.65,25.75,26.26,25.27,2494685.0,64084824.0,15:34:59
sh603398,*ST沐邦,9.75,-1.07,-9.889,9.75,9.76,10.82,10.6,10.61,9.74,10332020.0,103790448.0,15:34:59
sh603399,永杉锂业,15.21,0.15,0.996,15.21,15.22,15.06,15.51,16.26,15.11,78751126.0,1226461736.0,15:34:59
sh603400,华之杰,45.49,-3.36,-6.878,45.48,45.49,48.85,48.0,48.5,44.88,4426297.0,204030052.0,15:34:59
sh603402,陕西旅游,62.16,0.32,0.517,62.16,62.19,61.84,62.0,62.96,61.4,1359239.0,84632799.0,15:00:02
sh603406,天富龙,28.63,-0.53,-1.818,28.63,28.64,29.16,28.8,29.81,28.62,3561896.0,103914657.0,15:34:59
sh603407,长裕集团,57.09,-2.52,-4.227,57.08,57.09,59.61,60.02,60.77,55.71,5741398.0,327821806.0,15:34:59
sh603408,建霖家居,10.77,0.48,4.665,10.77,10.78,10.29,10.6,11.05,10.52,8457079.0,91051965.0,15:34:59
sh603409,汇通控股,17.98,0.07,0.391,17.97,17.98,17.91,17.83,18.19,17.8,1553036.0,27908574.0,15:34:59
sh603416,信捷电气,43.69,-1.68,-3.703,43.68,43.69,45.37,45.31,45.78,43.08,2889964.0,127556930.0,15:34:59
sh603418,友升股份,43.25,0.43,1.004,43.25,43.27,42.82,42.82,43.28,42.73,701906.0,30188755.0,15:34:59
sh603421,鼎信通讯,5.82,-0.06,-1.02,5.82,5.83,5.88,5.87,5.97,5.75,5951516.0,34723105.0,15:34:59
sh603429,*ST集友,8.83,-0.22,-2.431,8.83,8.86,9.05,8.59,9.49,8.45,5726220.0,51063639.0,15:34:59
sh603435,嘉德利,48.57,-1.81,-3.593,48.52,48.57,50.38,50.16,50.17,47.45,2170141.0,105367840.0,15:34:59
sh603439,三力制药,12.12,-0.29,-2.337,12.12,12.13,12.41,12.41,12.63,11.42,29157443.0,346071229.0,15:00:03
sh603444,吉比特,380.82,-2.99,-0.779,380.81,380.82,383.81,382.81,385.52,376.92,1214320.0,461630605.0,15:34:59
sh603456,九洲药业,15.71,-0.89,-5.361,15.7,15.71,16.6,16.6,16.72,15.6,32660235.0,520011435.0,15:34:59
sh603458,勘设股份,9.22,0.02,0.217,9.22,9.23,9.2,9.15,9.24,8.6,20871622.0,186235494.0,15:34:59
sh603459,红板科技,86.24,-1.01,-1.158,86.24,86.25,87.25,87.17,87.39,83.18,8470138.0,721115305.0,15:34:59
sh603466,风语筑,11.02,-0.29,-2.564,11.02,11.03,11.31,11.31,11.39,10.82,34975500.0,386893447.0,15:34:59
sh603468,津富士达,23.68,-0.17,-0.713,23.68,23.69,23.85,23.84,23.96,23.21,3869691.0,91347054.0,15:34:59
sh603477,巨星农牧,14.23,-0.12,-0.836,14.22,14.23,14.35,14.24,14.35,13.9,10829733.0,152759054.0,15:34:59
sh603486,科沃斯,55.05,-6.1,-9.975,55.04,55.05,61.15,59.6,59.8,55.04,10092242.0,564290122.0,15:34:59
sh603488,展鹏科技,8.08,-0.1,-1.222,8.08,8.09,8.18,8.28,8.29,7.92,6483040.0,52204884.0,15:00:04
sh603489,八方股份,28.01,0.35,1.265,28.0,28.01,27.66,27.48,28.08,27.48,1777815.0,49464544.0,15:34:59
sh603496,恒为科技,23.92,-0.3,-1.239,23.91,23.92,24.22,23.99,24.15,23.16,10571727.0,249367539.0,15:34:59
sh603499,翔港科技,11.72,-0.1,-0.846,11.72,11.73,11.82,11.85,12.06,11.48,4350016.0,50914740.0,15:00:04
sh603500,祥和实业,9.24,-0.27,-2.839,9.24,9.25,9.51,9.46,9.51,9.14,4617300.0,42811894.0,15:34:59
sh603501,豪威集团,82.5,-3.32,-3.869,82.5,82.51,85.82,85.83,85.85,82.25,19164619.0,1598207795.0,15:34:59
sh603505,金石资源,15.34,0.06,0.393,15.33,15.34,15.28,15.26,15.65,15.24,11334508.0,174524199.0,15:34:59
sh603506,南都物业,10.58,-0.25,-2.308,10.58,10.59,10.83,10.99,11.07,10.49,8112187.0,86760567.0,15:00:02
sh603507,振江股份,23.14,0.1,0.434,23.14,23.15,23.04,22.89,23.4,22.54,5539930.0,126796304.0,15:34:59
sh603508,思维列控,21.4,0.2,0.943,21.39,21.4,21.2,21.18,21.48,21.08,3003576.0,63950560.0,15:34:59
sh603511,爱慕股份,12.61,-0.01,-0.079,12.61,12.62,12.62,12.59,13.1,12.53,1583882.0,20058081.0,15:00:04
sh603515,欧普照明,16.57,0.27,1.656,16.56,16.57,16.3,16.45,16.57,16.18,1258360.0,20641231.0,15:34:59
sh603516,淳中科技,95.88,-2.38,-2.422,95.88,95.89,98.26,98.09,102.09,93.26,5694662.0,552652038.0,15:34:59
sh603517,ST绝味,11.23,-0.1,-0.883,11.21,11.23,11.33,11.23,11.38,11.1,3008200.0,33720023.0,15:34:59
sh603518,锦泓集团,8.08,0.07,0.874,8.08,8.09,8.01,8.05,8.24,7.98,8407500.0,68300602.0,15:34:59
sh603519,立霸股份,16.82,0.41,2.498,16.82,16.83,16.41,16.65,16.98,16.29,16958846.0,282506001.0,15:34:59
sh603520,司太立,8.69,-0.17,-1.919,8.69,8.7,8.86,8.85,8.94,8.62,7594200.0,66299104.0,15:34:59
sh603527,众源新材,9.96,-0.04,-0.4,9.96,9.98,10.0,10.0,10.12,9.8,5078200.0,50606047.0,15:34:59
sh603528,多伦科技,6.16,-0.04,-0.645,6.15,6.16,6.2,6.22,6.28,6.08,6039900.0,37129596.0,15:00:03
sh603529,爱玛科技,21.8,0.53,2.492,21.8,21.81,21.27,21.22,21.95,21.12,9569011.0,208145011.0,15:34:59
sh603530,神马电力,46.72,-2.66,-5.387,46.72,46.73,49.38,49.41,49.75,45.75,3418178.0,160896056.0,15:00:03
sh603533,掌阅科技,20.23,-0.72,-3.437,20.22,20.23,20.95,20.85,20.94,19.95,12046600.0,244887218.0,15:34:59
sh603535,嘉诚国际,6.08,-0.25,-3.949,6.07,6.08,6.33,6.27,6.32,6.01,6880100.0,42109734.0,15:34:59
sh603536,惠发食品,9.5,0.0,0.0,9.5,9.51,9.5,9.65,9.67,9.38,5188200.0,49169171.0,15:00:02
sh603538,美诺华,26.4,-2.11,-7.401,26.4,26.41,28.51,27.5,27.63,25.66,66218491.0,1749335617.0,15:34:59
sh603551,奥普科技,9.23,-0.04,-0.431,9.23,9.24,9.27,9.26,9.34,9.15,2209600.0,20396017.0,15:00:03
sh603556,海兴电力,24.92,-0.83,-3.223,24.92,24.93,25.75,25.76,25.82,24.75,8704780.0,218462199.0,15:34:59
sh603557,*ST起步,3.47,-0.16,-4.408,3.46,3.47,3.63,3.61,3.62,3.45,6323800.0,22197123.0,15:00:04
sh603558,健盛集团,12.19,0.34,2.869,12.18,12.19,11.85,11.9,12.31,11.9,6069940.0,73822997.0,15:34:59
sh603559,中通国脉,9.04,0.02,0.222,9.03,9.04,9.02,9.0,9.22,8.62,11612884.0,103523848.0,15:34:59
sh603565,中谷物流,13.52,1.23,10.008,13.52,0.0,12.29,12.47,13.52,12.37,54958602.0,731250401.0,15:34:59
sh603566,普莱柯,10.22,-0.07,-0.68,10.21,10.22,10.29,10.31,10.32,10.1,2398327.0,24439534.0,15:34:59
sh603567,珍宝岛,5.32,-0.32,-5.674,5.31,5.32,5.64,5.65,5.67,5.25,41863135.0,224497658.0,15:34:59
sh603568,伟明环保,14.65,0.05,0.342,14.65,14.67,14.6,14.6,14.89,14.48,6298241.0,92522685.0,15:00:03
sh603569,长久物流,5.86,0.0,0.0,5.86,5.87,5.86,5.85,5.94,5.83,3076300.0,18121138.0,15:00:03
sh603577,汇金通,10.2,0.03,0.295,10.2,10.22,10.17,10.18,10.35,10.06,3162500.0,32207117.0,15:34:59
sh603578,三星新材,13.27,-0.22,-1.631,13.27,13.28,13.49,13.55,13.93,13.19,5269846.0,71393896.0,15:34:59
sh603579,荣泰健康,17.55,-0.48,-2.662,17.53,17.55,18.03,18.03,18.03,17.32,2318100.0,40789943.0,15:00:02
sh603580,艾艾精工,72.8,-7.98,-9.879,72.8,72.81,80.78,80.21,80.21,72.7,14505943.0,1078551523.0,15:34:59
sh603583,捷昌驱动,22.83,-0.34,-1.467,22.83,22.85,23.17,23.13,23.28,22.73,2296373.0,52614373.0,15:00:02
sh603585,苏利股份,9.98,-0.05,-0.499,9.98,10.0,10.03,10.03,10.12,9.9,3284808.0,32808740.0,15:00:03
sh603586,金麒麟,13.3,-0.11,-0.82,13.3,13.31,13.41,13.41,13.55,13.23,1369100.0,18273228.0,15:34:59
sh603587,地素时尚,11.57,-0.07,-0.601,11.56,11.57,11.64,11.65,11.69,11.53,1301900.0,15085379.0,15:00:04
sh603588,高能环境,13.48,-0.35,-2.531,13.47,13.48,13.83,13.85,13.98,13.24,45288136.0,611575455.0,15:34:59
sh603589,口子窖,18.94,0.0,0.0,18.94,18.95,18.94,18.9,19.11,18.77,3956193.0,75049648.0,15:00:04
sh603590,康辰药业,30.12,-2.09,-6.489,30.12,30.13,32.21,31.61,33.19,29.93,6263055.0,194044723.0,15:34:59
sh603595,ST东尼,25.99,-0.14,-0.536,25.98,25.99,26.13,25.81,26.68,25.5,1534300.0,39841094.0,15:34:59
sh603596,伯特利,25.75,0.63,2.508,25.75,25.76,25.12,25.61,26.39,25.16,19930288.0,509311408.0,15:34:59
sh603598,引力传媒,16.56,-0.41,-2.416,16.55,16.56,16.97,17.05,17.11,16.34,7357700.0,121849472.0,15:34:59
sh603599,广信股份,10.01,-0.1,-0.989,10.01,10.02,10.11,10.1,10.15,9.98,6964000.0,69973788.0,15:34:59
sh603600,永艺股份,9.55,-0.05,-0.521,9.55,9.57,9.6,9.6,9.68,9.47,2566600.0,24532216.0,15:00:02
sh603601,再升科技,8.72,-0.23,-2.57,8.72,8.73,8.95,8.97,8.99,8.53,42398525.0,368587906.0,15:34:59
sh603602,纵横通信,11.44,-0.18,-1.549,11.42,11.44,11.62,11.7,11.81,11.3,3313564.0,38040091.0,15:00:01
sh603605,珀莱雅,56.56,-0.44,-0.772,56.46,56.56,57.0,56.88,57.58,56.18,3027530.0,171705632.0,15:34:59
sh603606,东方电缆,34.15,0.04,0.117,34.15,34.16,34.11,33.8,34.56,33.76,13902837.0,476461263.0,15:34:59
sh603607,京华激光,21.43,-0.16,-0.741,21.42,21.43,21.59,21.44,21.99,21.3,3183600.0,68715473.0,15:34:59
sh603608,天创时尚,18.0,-0.53,-2.86,17.98,18.0,18.53,18.56,18.74,17.49,12219925.0,220398631.0,15:00:03
sh603609,禾丰股份,6.32,0.06,0.958,6.32,6.33,6.26,6.28,6.43,6.28,3413700.0,21621282.0,15:00:03
sh603610,麒盛科技,14.96,-0.3,-1.966,14.96,14.98,15.26,15.33,15.42,14.86,4768184.0,71933824.0,15:34:59
sh603611,诺力股份,16.94,0.14,0.833,16.93,16.94,16.8,17.15,17.81,16.83,2592800.0,44580831.0,15:00:00
sh603612,索通发展,16.61,-0.05,-0.3,16.6,16.61,16.66,16.68,16.86,16.41,7192069.0,119430444.0,15:00:03
sh603613,国联股份,17.91,-0.33,-1.809,17.91,17.92,18.24,18.19,18.43,17.83,6775823.0,122065144.0,15:34:59
sh603615,茶花股份,16.42,-0.5,-2.955,16.41,16.42,16.92,17.08,17.35,16.17,3593500.0,59564496.0,15:00:02
sh603616,韩建河山,5.41,-0.04,-0.734,5.4,5.41,5.45,5.49,5.49,5.35,5818200.0,31496164.0,15:34:59
sh603617,君禾股份,6.67,-0.09,-1.331,6.67,6.69,6.76,6.75,6.85,6.6,4491500.0,30045043.0,15:34:59
sh603618,杭电股份,27.8,-0.73,-2.559,27.8,27.81,28.53,28.6,28.77,26.96,55418838.0,1532412581.0,15:34:59
sh603619,中曼石油,23.57,0.09,0.383,23.57,23.58,23.48,22.58,23.6,22.45,38138173.0,879043173.0,15:34:59
sh603626,科森科技,19.48,0.83,4.45,19.48,19.49,18.65,18.4,20.27,18.4,108266046.0,2085950096.0,15:34:59
sh603628,清源股份,9.55,0.01,0.105,9.54,9.55,9.54,9.64,9.73,9.42,2849601.0,27221191.0,15:00:02
sh603629,利通电子,121.78,-4.19,-3.326,121.78,121.79,125.97,127.0,129.2,117.48,32316240.0,3935089782.0,15:34:59
sh603630,拉芳家化,14.04,-0.37,-2.568,14.04,14.05,14.41,14.39,14.6,13.84,5645500.0,79639855.0,15:34:59
sh603633,徕木股份,6.3,-0.09,-1.408,6.3,6.31,6.39,6.44,6.45,6.21,5703800.0,35980885.0,15:00:04
sh603636,南威软件,6.78,-0.09,-1.31,6.77,6.78,6.87,6.82,6.89,6.69,6555960.0,44308147.0,15:00:02
sh603637,镇海股份,12.75,-0.29,-2.224,12.75,12.76,13.04,12.97,13.09,12.41,8364750.0,106980108.0,15:00:04
sh603638,艾迪精密,18.62,-0.38,-2.0,18.61,18.62,19.0,19.03,19.1,18.5,7944710.0,148730542.0,15:34:59
sh603639,海利尔,10.64,0.08,0.758,10.64,10.65,10.56,10.56,10.7,10.55,1937568.0,20648060.0,15:00:03
sh603648,畅联股份,9.41,0.04,0.427,9.41,9.43,9.37,9.37,9.55,9.27,3939898.0,37206283.0,15:00:02
sh603650,彤程新材,63.95,-0.52,-0.807,63.95,63.96,64.47,64.62,65.1,62.3,16585153.0,1051803472.0,15:34:59
sh603655,朗博科技,31.11,-2.05,-6.182,31.11,31.13,33.16,33.36,33.36,30.7,1829562.0,57672510.0,15:34:59
sh603656,泰禾智能,17.16,-0.37,-2.111,17.16,17.18,17.53,17.52,17.52,17.04,1581900.0,27214019.0,15:34:59
sh603657,春光科技,25.17,-2.8,-10.011,0.0,25.17,27.97,28.6,28.6,25.17,3813700.0,100062316.0,15:00:02
sh603658,安图生物,34.08,-0.52,-1.503,34.08,34.09,34.6,34.88,34.99,34.0,3599263.0,123216811.0,15:34:59
sh603659,璞泰来,24.42,0.24,0.993,24.42,24.43,24.18,24.2,24.85,24.12,30268153.0,739563393.0,15:34:59
sh603660,苏州科达,10.95,-0.46,-4.032,10.94,10.95,11.41,11.57,11.57,10.75,19274860.0,212019168.0,15:34:59
sh603661,恒林股份,32.81,-0.19,-0.576,32.8,32.81,33.0,32.9,34.2,32.0,1771800.0,57891775.0,15:00:03
sh603662,柯力传感,47.97,-1.51,-3.052,47.95,47.97,49.48,49.0,49.47,47.36,4548241.0,218889623.0,15:34:59
sh603663,三祥新材,41.61,-1.5,-3.479,41.6,41.61,43.11,43.3,43.8,40.13,32528747.0,1344818677.0,15:34:59
sh603665,康隆达,20.53,-0.39,-1.864,20.53,20.54,20.92,20.88,21.56,20.31,2449975.0,51081450.0,15:00:01
sh603666,亿嘉和,26.46,-0.11,-0.414,26.46,26.47,26.57,26.24,26.46,25.42,5614419.0,145823521.0,15:34:59
sh603667,五洲新春,51.35,-0.38,-0.735,51.35,51.36,51.73,53.75,53.99,50.59,16766987.0,876062755.0,15:34:59
sh603668,天马科技,9.96,-0.2,-1.969,9.96,9.97,10.16,10.15,10.15,9.91,3878790.0,38712850.0,15:34:59
sh603669,灵康药业,5.39,-0.09,-1.642,5.38,5.39,5.48,5.53,5.67,5.26,36516617.0,197286558.0,15:00:04
sh603676,卫信康,9.14,-0.19,-2.036,9.14,9.15,9.33,9.38,9.38,9.1,1986900.0,18280120.0,15:00:03
sh603677,奇精机械,13.41,-0.28,-2.045,13.4,13.41,13.69,13.66,13.75,13.29,972200.0,13069549.0,15:00:03
sh603678,火炬电子,46.73,-2.15,-4.399,46.73,46.74,48.88,48.01,49.1,45.34,19909810.0,928638287.0,15:34:59
sh603679,华体科技,22.52,0.21,0.941,22.51,22.52,22.31,22.48,23.14,21.62,7689863.0,170594335.0,15:00:00
sh603680,今创集团,10.18,-0.05,-0.489,10.17,10.18,10.23,10.23,10.4,10.1,3296400.0,33727711.0,15:00:03
sh603681,永冠新材,18.04,-0.15,-0.825,18.04,18.05,18.19,18.2,18.36,17.85,3664786.0,66101698.0,15:00:01
sh603682,锦和商管,11.27,-0.15,-1.313,11.26,11.27,11.42,11.58,11.69,11.11,17748904.0,201710218.0,15:34:59
sh603683,晶华新材,15.53,-0.35,-2.204,15.53,15.54,15.88,15.84,16.2,15.36,15679144.0,245117283.0,15:34:59
sh603685,晨丰科技,24.46,-0.36,-1.45,24.46,24.47,24.82,24.82,25.0,24.0,1524900.0,37135119.0,15:00:04
sh603686,福龙马,12.44,-0.24,-1.893,12.43,12.44,12.68,12.69,12.75,12.31,7411577.0,92538934.0,15:34:59
sh603687,大胜达,13.1,-0.3,-2.239,13.09,13.1,13.4,13.55,13.55,12.83,10456426.0,136415792.0,15:34:59
sh603688,石英股份,47.3,-1.45,-2.974,47.29,47.3,48.75,47.9,49.05,46.03,13748352.0,650559957.0,15:34:59
sh603689,皖天然气,7.54,-0.05,-0.659,7.54,7.55,7.59,7.59,7.61,7.5,3064888.0,23083653.0,15:00:03
sh603690,至纯科技,25.5,0.09,0.354,25.5,25.51,25.41,25.4,25.8,24.92,22340260.0,567025006.0,15:34:59
sh603693,江苏新能,11.19,0.0,0.0,11.18,11.19,11.19,11.15,11.3,11.09,4623690.0,51620145.0,15:34:59
sh603696,安记食品,12.77,-0.38,-2.89,12.77,12.79,13.15,13.17,13.22,12.67,8614482.0,110406724.0,15:00:02
sh603697,有友食品,9.18,-0.08,-0.864,9.18,9.19,9.26,9.27,9.3,9.13,3338880.0,30619291.0,15:00:03
sh603698,航天工程,21.2,-0.8,-3.636,21.2,21.21,22.0,21.9,22.09,20.9,14828067.0,316691886.0,15:34:59
sh603699,纽威股份,51.53,-4.12,-7.403,51.53,51.54,55.65,52.6,55.75,51.11,10262982.0,543659115.0,15:34:59
sh603700,宁水集团,11.34,-0.08,-0.701,11.34,11.36,11.42,11.47,11.55,11.22,3454000.0,39200898.0,15:00:04
sh603701,德宏股份,19.17,-0.03,-0.156,19.12,19.17,19.2,19.3,19.86,18.73,3852538.0,73517516.0,15:00:03
sh603703,盛洋科技,9.62,-0.05,-0.517,9.61,9.62,9.67,9.49,9.8,9.41,11549965.0,110624720.0,15:34:59
sh603706,东方环宇,19.43,-0.07,-0.359,19.43,19.44,19.5,19.45,19.54,19.16,1145114.0,22180844.0,15:00:04
sh603707,健友股份,7.78,-0.18,-2.261,7.78,7.79,7.96,7.92,7.99,7.76,11779786.0,92176445.0,15:34:59
sh603708,家家悦,9.05,0.03,0.333,9.05,9.06,9.02,9.0,9.16,8.98,6412861.0,58111827.0,15:34:59
sh603709,中源家居,11.81,-0.05,-0.422,11.8,11.81,11.86,11.82,12.08,11.67,4647420.0,54812336.0,15:34:59
sh603711,香飘飘,11.43,0.07,0.616,11.42,11.43,11.36,11.36,11.82,11.29,5186500.0,59410768.0,15:34:59
sh603712,七一二,10.78,-0.38,-3.405,10.77,10.78,11.16,11.18,11.21,10.67,12071900.0,130919507.0,15:34:59
sh603713,密尔克卫,63.6,-2.67,-4.029,63.6,63.65,66.27,66.14,66.98,63.0,1903872.0,122685033.0,15:34:59
sh603716,塞力医疗,15.07,-0.77,-4.861,15.07,15.08,15.84,16.09,16.18,14.88,14864012.0,226411092.0,15:34:59
sh603717,天域生物,6.31,-0.04,-0.63,6.31,6.32,6.35,6.42,6.44,6.23,8262100.0,52075187.0,15:34:59
sh603718,*ST海利,2.93,-0.06,-2.007,2.93,2.94,2.99,3.0,3.0,2.93,4254000.0,12580017.0,15:00:04
sh603719,良品铺子,9.33,-0.2,-2.099,9.33,9.34,9.53,9.53,9.65,9.32,3581945.0,33670303.0,15:00:02
sh603721,中广天择,17.28,-0.77,-4.266,17.28,17.29,18.05,17.87,18.26,17.02,3108800.0,54078771.0,15:00:04
sh603722,阿科力,29.03,-0.69,-2.322,29.03,29.09,29.72,29.6,29.79,28.72,1129200.0,32798508.0,15:00:02
sh603725,天安新材,11.56,-0.34,-2.857,11.55,11.56,11.9,11.86,11.9,11.11,14577840.0,165980032.0,15:34:59
sh603726,朗迪集团,23.19,-0.06,-0.258,23.17,23.19,23.25,23.39,23.57,22.77,3011000.0,69614975.0,15:00:01
sh603727,博迈科,17.85,-0.78,-4.187,17.84,17.85,18.63,18.4,18.77,17.58,3818631.0,68278605.0,15:00:03
sh603728,鸣志电器,45.91,-1.49,-3.143,45.91,45.92,47.4,47.47,47.78,45.5,5182136.0,239694854.0,15:34:59
sh603729,ST龙韵,11.1,-0.14,-1.246,11.09,11.1,11.24,11.24,11.28,10.98,773600.0,8588919.0,15:00:03
sh603730,岱美股份,10.58,0.56,5.589,10.58,10.59,10.02,10.6,10.75,10.3,34038742.0,358801789.0,15:34:59
sh603733,仙鹤股份,21.14,-0.44,-2.039,21.14,21.16,21.58,21.4,21.55,20.94,6953375.0,147094013.0,15:34:59
sh603737,三棵树,25.07,-0.22,-0.87,25.07,25.09,25.29,25.16,25.88,24.89,10922942.0,276409932.0,15:34:59
sh603738,泰晶科技,35.93,-1.64,-4.365,35.92,35.93,37.57,38.09,38.13,34.77,31615764.0,1132221586.0,15:34:59
sh603739,蔚蓝生物,12.05,-0.24,-1.953,12.05,12.06,12.29,12.47,12.48,11.98,4724700.0,57194134.0,15:34:59
sh603755,日辰股份,23.06,-0.49,-2.081,23.06,23.18,23.55,23.32,23.62,22.8,1006800.0,23244919.0,15:00:02
sh603757,大元泵业,63.5,1.14,1.828,63.49,63.5,62.36,62.5,65.5,61.7,14109300.0,887946520.0,15:34:59
sh603758,秦安股份,11.02,-0.74,-6.293,11.01,11.02,11.76,11.44,11.73,10.88,28566869.0,319809496.0,15:34:59
sh603759,海天股份,7.41,-0.03,-0.403,7.4,7.41,7.44,7.49,7.52,7.34,2105900.0,15606065.0,15:00:04
sh603766,隆鑫通用,14.57,0.71,5.123,14.56,14.57,13.86,13.84,14.8,13.81,38090371.0,552513096.0,15:34:59
sh603767,中马传动,14.11,-0.37,-2.555,14.11,14.12,14.48,14.54,14.59,13.93,4006400.0,56743010.0,15:00:03
sh603768,常青股份,11.24,0.05,0.447,11.24,11.26,11.19,11.19,11.34,11.11,2427300.0,27237550.0,15:00:02
sh603773,沃格光电,94.58,-6.41,-6.347,94.58,94.59,100.99,101.98,102.0,90.9,21596606.0,2037968749.0,15:34:59
sh603776,永安行,20.62,0.32,1.576,20.6,20.62,20.3,20.3,20.68,20.23,1930544.0,39400066.0,15:34:59
sh603777,来伊份,13.22,-0.59,-4.272,13.21,13.22,13.81,13.81,13.88,12.87,6032900.0,79660121.0,15:34:59
sh603778,国晟科技,9.27,-0.14,-1.488,9.26,9.27,9.41,9.4,9.52,9.07,27907600.0,258069278.0,15:34:59
sh603779,威龙股份,7.9,0.18,2.332,7.9,7.91,7.72,7.83,7.97,7.7,11507017.0,89908008.0,15:34:59
sh603786,科博达,39.44,-0.85,-2.11,39.44,39.45,40.29,40.3,40.76,39.18,1942674.0,77185446.0,15:34:59
sh603787,新日股份,10.13,-0.04,-0.393,10.12,10.13,10.17,10.18,10.23,10.05,1600798.0,16203754.0,15:00:03
sh603788,宁波高发,13.84,-0.06,-0.432,13.81,13.84,13.9,13.82,13.99,13.79,908560.0,12601103.0,15:34:59
sh603789,ST星农,6.12,0.01,0.164,6.09,6.12,6.11,6.13,6.13,5.98,2605160.0,15771812.0,15:00:02
sh603790,雅运股份,24.37,0.08,0.329,24.36,24.37,24.29,24.43,24.56,23.95,3797100.0,91943751.0,15:34:59
sh603797,联泰环保,4.74,-0.01,-0.211,4.73,4.74,4.75,4.77,4.81,4.66,8594600.0,40451456.0,15:34:59
sh603798,康普顿,12.57,-0.14,-1.101,12.57,12.58,12.71,12.7,12.79,12.34,2169830.0,27135153.0,15:34:59
sh603799,华友钴业,40.2,-0.39,-0.961,40.2,40.21,40.59,40.6,41.77,39.91,51928956.0,2119431321.0,15:34:59
sh603800,洪田股份,65.42,-1.68,-2.504,65.41,65.42,67.1,67.01,68.65,63.5,4607121.0,303461562.0,15:00:01
sh603801,志邦家居,6.95,0.0,0.0,6.95,6.96,6.95,6.59,7.39,6.59,57819655.0,402305109.0,15:34:59
sh603803,瑞斯康达,11.13,-0.19,-1.678,11.13,11.14,11.32,11.9,12.01,10.98,59962894.0,680154502.0,15:34:59
sh603806,福斯特,15.21,-0.24,-1.553,15.2,15.21,15.45,15.54,15.59,15.0,27097606.0,411350320.0,15:34:59
sh603808,歌力思,8.45,0.0,0.0,8.45,8.47,8.45,8.39,8.49,8.36,3077400.0,25993046.0,15:00:02
sh603809,豪能股份,8.79,-0.11,-1.236,8.78,8.79,8.9,8.88,8.95,8.75,7047223.0,62254596.0,15:00:03
sh603810,丰山集团,12.16,-0.13,-1.058,12.16,12.17,12.29,12.29,12.34,12.03,1351300.0,16430732.0,15:00:03
sh603811,诚意药业,7.24,-0.16,-2.162,7.24,7.25,7.4,7.39,7.44,7.2,4821662.0,35112240.0,15:00:04
sh603813,原尚股份,28.48,-0.73,-2.499,28.48,28.59,29.21,29.29,29.68,28.21,515100.0,14751463.0,15:00:02
sh603815,交建股份,5.43,0.23,4.423,5.42,5.43,5.2,5.22,5.44,5.17,14205143.0,75537548.0,15:34:59
sh603816,顾家家居,24.78,-0.05,-0.201,24.78,24.8,24.83,24.79,25.15,24.6,5063545.0,125772918.0,15:34:59
sh603817,海峡环保,5.66,0.0,0.0,5.66,5.67,5.66,5.66,5.73,5.61,6974700.0,39481051.0,15:34:59
sh603818,曲美家居,3.73,-0.06,-1.583,3.73,3.74,3.79,3.8,3.81,3.7,19603900.0,73355099.0,15:34:59
sh603819,神力股份,13.61,-0.01,-0.073,13.6,13.61,13.62,13.77,13.77,13.3,4585974.0,62023169.0,15:00:04
sh603822,ST嘉澳,57.56,0.01,0.017,57.53,57.56,57.55,56.89,59.5,56.89,563500.0,32775792.0,15:00:02
sh603823,百合花,69.98,-7.77,-9.994,0.0,69.98,77.75,69.98,78.95,69.98,14171998.0,1029684340.0,15:34:59
sh603825,ST华扬,8.03,-0.13,-1.593,8.02,8.03,8.16,8.17,8.24,8.01,1649500.0,13351901.0,15:00:04
sh603826,坤彩科技,16.08,-0.46,-2.781,16.08,16.09,16.54,16.55,16.7,15.8,6662610.0,107597047.0,15:34:59
sh603828,*ST利达,4.93,-0.26,-5.01,4.93,4.98,5.19,5.2,5.2,4.88,5157940.0,25920735.0,15:00:03
sh603829,洛凯股份,14.99,-0.14,-0.925,14.98,14.99,15.13,15.14,15.24,14.77,2175900.0,32473241.0,15:00:02
sh603833,欧派家居,31.81,-0.26,-0.811,31.8,31.81,32.07,31.8,32.39,31.42,3153652.0,100862442.0,15:34:59
sh603836,海程邦达,9.08,0.04,0.442,9.07,9.08,9.04,9.05,9.09,8.95,2717380.0,24506216.0,15:00:04
sh603838,*ST四通,11.86,0.14,1.195,11.86,11.87,11.72,12.29,12.3,11.58,7565500.0,90100927.0,15:34:59
sh603839,安正时尚,7.08,0.0,0.0,7.08,7.09,7.08,7.1,7.23,6.96,3677000.0,25898173.0,15:34:59
sh603843,*ST正平,7.01,-0.16,-2.232,7.0,7.01,7.17,7.07,7.16,6.9,10533640.0,74157432.0,15:34:59
sh603848,好太太,12.79,-0.24,-1.842,12.79,12.8,13.03,13.13,13.19,12.68,4171059.0,53664640.0,15:34:59
sh603855,华荣股份,15.95,-0.08,-0.499,15.95,15.96,16.03,16.03,16.07,15.84,852202.0,13591833.0,15:00:04
sh603856,东宏股份,11.41,-0.16,-1.383,11.41,11.42,11.57,11.55,11.67,11.41,3515060.0,40591302.0,15:34:59
sh603858,步长制药,15.18,-0.34,-2.191,15.17,15.18,15.52,15.46,15.54,15.1,7851687.0,119683102.0,15:34:59
sh603859,能科科技,37.2,-0.82,-2.157,37.18,37.2,38.02,37.8,38.02,36.5,4091055.0,151833404.0,15:34:59
sh603860,中公高科,26.1,-0.15,-0.571,26.1,26.11,26.25,26.38,26.43,25.83,1094400.0,28507333.0,15:00:02
sh603861,白云电器,11.95,-0.01,-0.084,11.94,11.95,11.96,11.91,12.05,11.77,4934300.0,58760945.0,15:00:03
sh603863,松炀资源,12.45,0.0,0.0,12.45,12.47,12.45,12.45,12.64,12.25,3964300.0,49092673.0,15:34:59
sh603866,桃李面包,4.17,0.04,0.969,4.17,4.18,4.13,4.13,4.19,4.11,10859051.0,45165649.0,15:00:04
sh603867,新化股份,29.34,1.14,4.043,29.34,29.35,28.2,28.48,30.35,28.46,9438240.0,276476361.0,15:34:59
sh603868,飞科电器,29.88,-0.11,-0.367,29.88,29.9,29.99,30.0,30.28,29.81,752837.0,22563689.0,15:00:04
sh603869,ST智知,8.74,-0.17,-1.908,8.74,8.75,8.91,8.93,8.93,8.62,1316600.0,11501214.0,15:00:03
sh603871,嘉友国际,12.68,-0.04,-0.314,12.68,12.69,12.72,12.74,13.16,12.58,7625931.0,97278024.0,15:34:59
sh603876,鼎胜新材,23.22,0.25,1.088,23.22,23.23,22.97,23.19,24.07,23.08,23645707.0,554527272.0,15:34:59
sh603877,太平鸟,12.51,0.01,0.08,12.5,12.51,12.5,12.49,12.64,12.39,1008589.0,12592032.0,15:34:59
sh603878,武进不锈,5.0,-0.04,-0.794,5.0,5.01,5.04,5.03,5.12,4.91,10741441.0,53609970.0,15:00:03
sh603879,永悦科技,5.51,0.08,1.473,5.5,5.52,5.43,5.49,5.78,5.38,12851075.0,71729004.0,15:00:03
sh603880,南卫股份,8.68,-0.02,-0.23,8.68,8.69,8.7,8.6,9.24,8.48,15704583.0,136714224.0,15:34:59
sh603881,数据港,25.2,-2.13,-7.794,25.2,25.21,27.33,27.03,27.32,25.01,61662735.0,1606237791.0,15:34:59
sh603882,金域医学,29.73,-1.62,-5.167,29.73,29.74,31.35,31.41,31.6,29.44,16642650.0,501068192.0,15:34:59
sh603883,老百姓,13.01,-0.19,-1.439,13.01,13.02,13.2,13.19,13.29,12.96,11671930.0,152525744.0,15:34:59
sh603885,吉祥航空,10.42,0.04,0.385,10.42,10.43,10.38,10.43,10.48,10.36,6999665.0,72968988.0,15:34:59
sh603886,元祖股份,11.8,-0.29,-2.399,11.76,11.8,12.09,11.95,11.95,11.02,12425681.0,141855804.0,15:34:59
sh603887,城地香江,9.23,0.23,2.556,9.22,9.23,9.0,9.0,9.43,8.85,43046071.0,394224555.0,15:34:59
sh603888,新华网,15.79,-0.18,-1.127,15.79,15.8,15.97,15.99,16.03,15.7,4615580.0,73091813.0,15:34:59
sh603889,新澳股份,5.61,0.07,1.264,5.6,5.61,5.54,5.57,5.61,5.47,8770071.0,48747432.0,15:00:01
sh603890,春秋电子,18.57,0.5,2.767,18.57,18.58,18.07,17.9,18.62,16.8,42677190.0,748812310.0,15:34:59
sh603893,瑞芯微,174.6,-6.01,-3.328,174.6,174.63,180.61,180.61,180.61,172.26,10226590.0,1794352902.0,15:34:59
sh603895,天永智能,25.09,0.01,0.04,25.09,25.1,25.08,25.2,25.2,24.11,1233800.0,30197105.0,15:34:59
sh603896,寿仙谷,14.78,-0.21,-1.401,14.77,14.78,14.99,14.97,15.0,14.66,1614100.0,23871014.0,15:34:59
sh603897,长城科技,30.2,-0.46,-1.5,30.19,30.2,30.66,30.36,30.5,29.45,10714972.0,320210976.0,15:34:59
sh603898,好莱客,11.16,-0.07,-0.623,11.16,11.19,11.23,11.4,11.4,11.0,1954800.0,21698415.0,15:00:02
sh603899,晨光股份,22.46,0.25,1.126,22.44,22.46,22.21,22.13,22.52,22.02,2926100.0,65456388.0,15:34:59
sh603900,莱绅通灵,6.34,-0.08,-1.246,6.34,6.35,6.42,6.46,6.74,6.29,27386650.0,177609333.0,15:34:59
sh603901,永创智能,9.25,-0.17,-1.805,9.25,9.26,9.42,9.42,9.49,9.1,6465400.0,59719955.0,15:00:03
sh603903,中持股份,14.39,0.2,1.409,14.39,14.4,14.19,14.11,14.75,13.48,17309600.0,242732764.0,15:34:59
sh603906,龙蟠科技,19.78,0.13,0.662,19.78,19.79,19.65,19.86,20.4,19.69,22446749.0,449081228.0,15:34:59
sh603908,牧高笛,19.1,-0.06,-0.313,19.1,19.11,19.16,19.26,19.3,18.77,1154800.0,21946889.0,15:34:59
sh603909,建发合诚,9.57,-0.01,-0.104,9.56,9.57,9.58,9.62,9.66,9.43,2077100.0,19802205.0,15:00:01
sh603912,佳力图,8.25,-0.23,-2.712,8.25,8.26,8.48,8.5,8.56,8.13,18519537.0,153383971.0,15:34:59
sh603915,国茂股份,12.94,-0.16,-1.221,12.94,12.95,13.1,13.07,13.16,12.78,3537451.0,45637430.0,15:00:02
sh603916,苏博特,11.46,-0.28,-2.385,11.46,11.47,11.74,11.76,11.97,11.31,7948700.0,91126712.0,15:34:59
sh603917,合力科技,12.19,-0.11,-0.894,12.18,12.19,12.3,12.25,12.38,12.12,1907500.0,23267807.0,15:00:00
sh603918,金桥信息,10.34,0.14,1.373,10.33,10.34,10.2,10.26,10.39,10.11,11004692.0,112995628.0,15:34:59
sh603919,金徽酒,16.11,0.0,0.0,16.11,16.15,16.11,16.2,16.54,16.0,6128318.0,99567163.0,15:34:59
sh603920,世运电路,37.15,-1.71,-4.4,37.15,37.16,38.86,39.29,39.29,36.12,21267942.0,796804591.0,15:34:59
sh603922,ST金鸿顺,13.96,0.18,1.306,13.96,14.0,13.78,13.5,14.38,13.41,2127226.0,29659327.0,15:00:02
sh603926,铁流股份,15.74,0.29,1.877,15.73,15.74,15.45,15.5,15.8,14.98,4461126.0,68484752.0,15:00:03
sh603927,中科软,13.14,-0.1,-0.755,13.14,13.15,13.24,13.19,13.34,13.06,6557545.0,86424306.0,15:00:02
sh603928,兴业股份,12.46,-0.06,-0.479,12.46,12.47,12.52,12.48,12.54,12.21,9790890.0,121033287.0,15:34:59
sh603929,亚翔集成,165.82,-1.17,-0.701,165.8,165.82,166.99,166.18,168.2,160.59,4347424.0,714203043.0,15:34:59
sh603931,格林达,34.95,-0.65,-1.826,34.95,34.98,35.6,35.2,35.83,34.24,3988548.0,138854298.0,15:34:59
sh603933,睿能科技,18.78,-0.42,-2.187,18.78,18.79,19.2,19.2,19.28,18.37,3453940.0,64732207.0,15:00:04
sh603936,博敏电子,17.21,-0.39,-2.216,17.2,17.21,17.6,17.2,17.5,16.56,53902640.0,917851614.0,15:34:59
sh603937,丽岛新材,11.71,0.06,0.515,11.7,11.73,11.65,11.66,11.8,11.52,3923500.0,45741663.0,15:34:59
sh603938,三孚股份,41.41,-1.75,-4.055,41.41,41.42,43.16,43.0,43.09,40.23,15960860.0,658483220.0,15:34:59
sh603939,益丰药房,23.65,-0.28,-1.17,23.65,23.69,23.93,23.86,24.1,23.4,10592160.0,251408780.0,15:34:59
sh603948,建业股份,20.32,-0.23,-1.119,20.3,20.32,20.55,20.51,20.69,20.09,746000.0,15130254.0,15:00:02
sh603949,雪龙集团,13.74,-0.3,-2.137,13.73,13.74,14.04,14.03,14.18,13.57,2290700.0,31574797.0,15:00:03
sh603950,长源东谷,61.1,1.08,1.799,61.1,61.11,60.02,60.44,64.0,59.0,8261335.0,505036556.0,15:34:59
sh603955,大千生态,19.14,0.39,2.08,19.14,19.15,18.75,18.75,19.95,18.69,3353083.0,64974005.0,15:00:02
sh603956,威派格,6.03,-0.45,-6.944,6.02,6.03,6.48,6.5,6.5,5.98,21043400.0,129603679.0,15:34:59
sh603958,哈森股份,22.61,2.06,10.024,22.61,0.0,20.55,21.51,22.61,21.02,43682990.0,965030063.0,15:34:59
sh603959,ST百利,5.08,0.0,0.0,5.08,5.09,5.08,5.16,5.29,5.03,10903300.0,56012696.0,15:34:59
sh603960,克来机电,15.6,-0.33,-2.072,15.6,15.63,15.93,15.77,16.18,15.47,2569260.0,40405299.0,15:00:02
sh603966,法兰泰克,7.71,-0.06,-0.772,7.71,7.72,7.77,7.81,7.81,7.65,4109847.0,31703713.0,15:34:59
sh603967,中创物流,11.29,-0.42,-3.587,11.28,11.29,11.71,11.61,11.66,11.16,5677900.0,64156766.0,15:00:03
sh603968,醋化股份,10.37,-0.03,-0.288,10.34,10.37,10.4,10.48,10.48,10.25,1660700.0,17206011.0,15:00:02
sh603969,银龙股份,7.1,-0.2,-2.74,7.09,7.1,7.3,7.32,7.34,7.08,17885769.0,128132979.0,15:34:59
sh603970,中农立华,10.6,-0.02,-0.188,10.59,10.6,10.62,10.57,10.76,10.52,1906240.0,20226767.0,15:00:02
sh603976,正川股份,27.76,-0.01,-0.036,27.76,27.78,27.77,27.77,28.59,27.31,3418464.0,95153399.0,15:00:01
sh603977,国泰集团,11.76,0.11,0.944,11.75,11.76,11.65,11.66,11.8,11.56,6254927.0,73114253.0,15:34:59
sh603978,深圳新星,18.86,-0.1,-0.527,18.86,18.87,18.96,19.15,19.45,18.57,6205410.0,117300476.0,15:34:59
sh603979,金诚信,74.34,-0.76,-1.012,74.34,74.35,75.1,76.22,77.68,73.54,6422087.0,481597899.0,15:34:59
sh603980,吉华集团,6.72,0.1,1.511,6.72,6.73,6.62,6.7,6.79,6.6,15714840.0,104966853.0,15:34:59
sh603982,泉峰汽车,6.05,-0.05,-0.82,6.05,6.07,6.1,6.1,6.16,5.99,3734526.0,22624833.0,15:00:03
sh603983,丸美生物,26.28,-0.48,-1.794,26.28,26.29,26.76,26.75,26.75,26.06,1883250.0,49593821.0,15:34:59
sh603985,恒润股份,16.26,-0.51,-3.041,16.26,16.28,16.77,16.65,16.85,15.97,8199365.0,133572886.0,15:34:59
sh603986,兆易创新,381.66,-27.4,-6.698,381.66,381.67,409.06,404.97,405.51,377.98,44862737.0,17362266488.0,15:34:59
sh603987,康德莱,7.46,-0.02,-0.267,7.46,7.47,7.48,7.55,8.0,7.44,7247400.0,55066270.0,15:00:03
sh603988,中电电机,20.76,-0.03,-0.144,20.76,20.8,20.79,20.69,21.3,20.16,11313400.0,234268739.0,15:34:59
sh603989,艾华集团,27.33,-1.36,-4.74,27.33,27.34,28.69,28.49,28.5,26.5,18371218.0,501097348.0,15:34:59
sh603990,麦迪科技,22.75,-0.15,-0.655,22.74,22.75,22.9,23.5,23.98,21.98,18947332.0,432619353.0,15:34:59
sh603991,领先股份,132.25,-2.29,-1.702,132.25,132.44,134.54,134.54,135.0,129.21,1906900.0,250556883.0,15:34:59
sh603992,松霖科技,21.13,0.37,1.782,21.12,21.13,20.76,20.81,21.63,20.52,4656900.0,98148297.0,15:34:59
sh603993,洛阳钼业,18.99,0.37,1.987,18.99,19.0,18.62,19.0,19.35,18.72,300106849.0,5725236368.0,15:34:59
sh603995,甬金股份,24.76,-0.51,-2.018,24.75,24.76,25.27,25.67,25.73,24.41,5663757.0,140585519.0,15:34:59
sh603997,继峰股份,11.39,-0.19,-1.641,11.38,11.39,11.58,11.55,11.68,11.3,11875300.0,135878069.0,15:34:59
sh603998,方盛制药,9.7,-0.23,-2.316,9.69,9.7,9.93,9.96,9.99,9.61,12731600.0,123843582.0,15:34:59
sh603999,读者传媒,5.52,-0.06,-1.075,5.51,5.52,5.58,5.6,5.61,5.46,3273200.0,18052827.0,15:00:03
sh605001,威奥股份,5.73,0.03,0.526,5.73,5.74,5.7,5.71,5.85,5.65,9037140.0,52067379.0,15:00:03
sh605003,众望布艺,21.91,-0.44,-1.969,21.91,21.98,22.35,22.34,23.19,21.87,1361800.0,30268377.0,15:00:04
sh605005,合兴股份,15.78,0.19,1.219,15.76,15.78,15.59,15.59,15.88,15.55,1392300.0,21935854.0,15:00:02
sh605006,山东玻纤,13.75,-0.44,-3.101,13.74,13.75,14.19,14.1,14.2,13.38,22870675.0,312193331.0,15:34:59
sh605007,五洲特纸,14.82,-0.27,-1.789,14.82,14.83,15.09,15.21,15.25,14.72,3697600.0,55365061.0,15:00:00
sh605008,长鸿高科,13.21,0.27,2.087,13.2,13.21,12.94,12.8,13.68,12.42,14184447.0,185927558.0,15:34:59
sh605009,豪悦护理,24.41,0.34,1.413,24.39,24.41,24.07,24.55,25.06,24.34,3447183.0,85243442.0,15:00:02
sh605011,杭州热电,16.49,-0.24,-1.435,16.49,16.5,16.73,16.6,16.73,16.4,3005953.0,49637283.0,15:34:59
sh605016,百龙创园,19.64,-0.32,-1.603,19.63,19.64,19.96,20.01,20.24,19.5,4155784.0,82433250.0,15:00:02
sh605018,长华集团,12.09,-0.77,-5.988,12.09,12.12,12.86,12.99,13.03,11.99,12721400.0,157345623.0,15:34:59
sh605020,永和股份,31.32,-1.01,-3.124,31.32,31.33,32.33,32.35,32.47,30.91,9965200.0,313723553.0,15:34:59
sh605028,世茂能源,24.1,-0.26,-1.067,24.09,24.1,24.36,24.57,24.6,23.92,715200.0,17233485.0,15:34:59
sh605033,美邦股份,19.25,0.35,1.852,19.25,19.26,18.9,18.9,19.59,18.67,3832292.0,73421780.0,15:34:59
sh605050,福然德,10.15,-0.18,-1.742,10.15,10.16,10.33,10.33,10.38,10.13,1593900.0,16268119.0,15:00:04
sh605055,迎丰股份,9.74,0.1,1.037,9.73,9.74,9.64,9.84,9.97,9.59,3703200.0,36028451.0,15:00:01
sh605056,咸亨国际,13.74,-0.45,-3.171,13.74,13.75,14.19,14.4,14.4,13.57,4884700.0,67409683.0,15:34:59
sh605058,澳弘电子,26.5,-0.39,-1.45,26.47,26.5,26.89,26.89,26.89,25.89,1641800.0,43236495.0,15:34:59
sh605060,联德股份,42.19,-0.54,-1.264,42.15,42.19,42.73,42.48,43.27,40.36,4387119.0,182267977.0,15:34:59
sh605066,天正电气,7.23,-0.3,-3.984,7.22,7.23,7.53,7.5,7.63,7.12,11381890.0,82883358.0,15:34:59
sh605068,明新旭腾,16.92,-0.27,-1.571,16.92,16.94,17.19,17.19,17.39,16.61,3338200.0,56347340.0,15:34:59
sh605069,正和生态,10.44,-0.03,-0.287,10.43,10.44,10.47,10.57,10.88,10.26,6323880.0,66619583.0,15:00:03
sh605077,华康股份,10.78,0.0,0.0,10.78,10.79,10.78,10.7,10.84,10.63,3527680.0,37924109.0,15:34:59
sh605080,浙江自然,22.7,0.7,3.182,22.7,22.71,22.0,22.05,23.97,22.05,6569860.0,151738102.0,15:34:59
sh605086,龙高股份,25.08,-0.35,-1.376,25.08,25.1,25.43,25.88,26.1,24.66,3485741.0,87724302.0,15:00:04
sh605088,冠盛股份,20.6,-0.4,-1.905,20.6,20.63,21.0,20.96,21.2,20.37,3057800.0,63217582.0,15:00:03
sh605089,味知香,19.89,-0.11,-0.55,19.89,19.92,20.0,20.0,20.25,19.75,663776.0,13251031.0,15:00:03
sh605090,九丰能源,34.62,-1.06,-2.971,34.6,34.62,35.68,35.02,35.33,33.97,13848132.0,476702293.0,15:34:59
sh605098,行动教育,55.58,0.58,1.055,55.47,55.58,55.0,54.95,55.67,54.41,891700.0,49090307.0,15:00:02
sh605099,共创草坪,34.03,0.15,0.443,34.02,34.03,33.88,33.72,34.4,33.59,2208720.0,75047236.0,15:34:59
sh605100,华丰股份,33.76,0.68,2.056,33.75,33.76,33.08,33.5,33.99,32.8,4175340.0,139253095.0,15:34:59
sh605108,同庆楼,12.33,-0.15,-1.202,12.31,12.33,12.48,12.38,12.58,12.27,1751400.0,21693563.0,15:00:02
sh605111,新洁能,59.5,-1.55,-2.539,59.49,59.5,61.05,61.08,63.4,58.0,22246517.0,1338545902.0,15:34:59
sh605116,奥锐特,19.48,-0.47,-2.356,19.48,19.49,19.95,20.02,20.29,19.31,4907386.0,96588965.0,15:34:59
sh605117,德业股份,94.31,-1.89,-1.965,94.31,94.34,96.2,96.28,97.38,93.1,9303772.0,882073583.0,15:34:59
sh605118,力鼎光电,28.59,-0.41,-1.414,28.59,28.6,29.0,29.09,29.09,27.96,1895403.0,53751535.0,15:34:59
sh605122,四方新材,11.54,-0.05,-0.431,11.51,11.54,11.59,11.59,11.75,11.39,2863720.0,32955918.0,15:00:04
sh605123,派克新材,75.33,-1.13,-1.478,75.32,75.33,76.46,76.43,77.36,74.34,1338500.0,101182421.0,15:34:59
sh605128,上海沿浦,23.26,-0.01,-0.043,23.26,23.27,23.27,23.27,23.42,22.63,3897547.0,89433184.0,15:34:59
sh605133,嵘泰股份,28.08,-0.25,-0.882,28.08,28.1,28.33,28.78,28.82,27.6,7359860.0,207064739.0,15:34:59
sh605136,丽人丽妆,7.91,-0.15,-1.861,7.91,7.92,8.06,8.06,8.14,7.86,6251900.0,49703400.0,15:34:59
sh605138,盛泰集团,5.77,-0.09,-1.536,5.77,5.78,5.86,5.93,5.93,5.74,3516547.0,20377356.0,15:00:02
sh605151,西上海,19.18,-0.25,-1.287,19.18,19.22,19.43,19.26,19.66,18.97,1464900.0,28141129.0,15:00:04
sh605155,西大门,13.9,-0.18,-1.278,13.9,13.92,14.08,14.07,14.15,13.72,1661180.0,23080047.0,15:34:59
sh605158,华达新材,7.55,0.02,0.266,7.53,7.55,7.53,7.49,7.66,7.45,3736900.0,28276823.0,15:00:04
sh605162,新中港,8.92,-0.29,-3.149,8.92,8.93,9.21,8.63,9.1,8.45,33985264.0,299593841.0,15:34:59
sh605166,聚合顺,8.17,-0.18,-2.156,8.17,8.18,8.35,8.35,8.37,8.09,4239901.0,34693907.0,15:00:01
sh605167,利柏特,14.87,0.24,1.64,14.87,14.88,14.63,14.52,15.31,14.5,9880081.0,147870052.0,15:34:59
sh605168,三人行,47.5,0.53,1.128,47.5,47.52,46.97,47.67,47.67,45.69,5811320.0,270349683.0,15:34:59
sh605169,洪通燃气,10.79,-0.28,-2.529,10.79,10.8,11.07,10.87,11.21,10.7,4235400.0,45971706.0,15:34:59
sh605177,东亚药业,20.64,-0.09,-0.434,20.64,20.67,20.73,20.64,20.94,19.36,8194584.0,165507871.0,15:34:59
sh605178,时空科技,65.35,-2.01,-2.984,65.34,65.36,67.36,67.51,68.6,63.85,3480800.0,228394416.0,15:34:59
sh605179,一鸣食品,28.4,-3.15,-9.984,0.0,28.4,31.55,29.52,30.4,28.4,23654707.0,686808867.0,15:34:59
sh605180,华生科技,12.55,-0.1,-0.791,12.54,12.55,12.65,12.77,12.92,12.43,3586200.0,45166051.0,15:34:59
sh605183,确成股份,14.42,0.03,0.208,14.4,14.42,14.39,14.4,14.56,14.33,713800.0,10300527.0,15:00:03
sh605186,健麾信息,25.6,-0.72,-2.736,25.6,25.61,26.32,26.36,26.43,25.32,1917200.0,49266766.0,15:00:04
sh605188,国光连锁,12.18,-0.15,-1.217,12.17,12.18,12.33,12.41,12.44,12.06,3540633.0,43104476.0,15:34:59
sh605189,富春染织,15.03,0.58,4.014,15.03,15.04,14.45,14.45,15.2,14.32,13107656.0,195010434.0,15:34:59
sh605196,华通线缆,34.15,-1.05,-2.983,34.15,34.16,35.2,35.36,35.58,33.7,10252453.0,352124047.0,15:34:59
sh605198,安德利,64.79,5.89,10.0,64.79,0.0,58.9,59.88,64.79,59.76,5087166.0,323766811.0,15:34:59
sh605199,ST葫芦娃,5.77,-0.1,-1.704,5.77,5.78,5.87,5.86,5.87,5.76,693600.0,4020493.0,15:00:02
sh605208,永茂泰,13.79,-0.05,-0.361,13.78,13.79,13.84,13.79,13.93,13.32,10774668.0,146671370.0,15:34:59
sh605218,伟时电子,14.27,-0.39,-2.66,14.27,14.29,14.66,14.58,14.72,14.08,2103800.0,30112648.0,15:00:04
sh605222,起帆电缆,19.31,-0.36,-1.83,19.3,19.31,19.67,19.67,19.8,18.96,5602795.0,108059512.0,15:34:59
sh605228,神通科技,10.28,-0.25,-2.374,10.27,10.28,10.53,10.53,10.67,10.17,3863410.0,39878442.0,15:34:59
sh605255,天普股份,66.28,-1.39,-2.054,66.28,66.4,67.67,67.83,67.84,65.69,537604.0,35715146.0,15:34:59
sh605258,协和电子,27.77,-0.16,-0.573,27.77,27.78,27.93,28.56,29.05,27.09,3893045.0,109415039.0,15:34:59
sh605259,绿田机械,17.33,-0.32,-1.813,17.33,17.39,17.65,17.65,17.72,17.31,805100.0,14067031.0,15:00:02
sh605266,健之佳,16.46,-0.07,-0.423,16.42,16.46,16.53,16.54,16.68,16.33,1297400.0,21373470.0,15:00:03
sh605268,王力安防,9.35,0.1,1.081,9.35,9.36,9.25,9.23,9.56,9.23,4592280.0,42907503.0,15:34:59
sh605277,新亚电子,14.51,-0.21,-1.427,14.51,14.52,14.72,14.88,14.89,14.26,4092194.0,59355322.0,15:34:59
sh605286,同力天启,27.41,2.49,9.992,27.41,0.0,24.92,25.6,27.41,25.6,4569908.0,123464208.0,15:34:59
sh605287,德才股份,38.67,-0.6,-1.528,38.67,38.74,39.27,39.49,39.49,38.07,2304980.0,89146544.0,15:00:04
sh605288,凯迪股份,56.77,-0.34,-0.595,56.77,56.8,57.11,57.8,58.69,55.66,1583239.0,90342330.0,15:34:59
sh605289,罗曼股份,106.8,-1.14,-1.056,106.8,106.99,107.94,109.06,109.79,104.23,3970133.0,423740666.0,15:34:59
sh605296,神农集团,30.78,0.55,1.819,30.78,30.79,30.23,29.99,30.87,29.68,2807080.0,84980411.0,15:34:59
sh605298,必得科技,47.04,-1.62,-3.329,47.04,47.14,48.66,48.4,49.02,46.18,932378.0,43918958.0,15:00:02
sh605299,舒华体育,12.48,-0.02,-0.16,12.47,12.48,12.5,12.61,12.68,12.28,7577200.0,94285388.0,15:34:59
sh605300,佳禾食品,9.55,-0.03,-0.313,9.55,9.56,9.58,9.57,9.67,9.46,2054502.0,19632506.0,15:34:59
sh605303,园林股份,20.77,0.18,0.874,20.77,20.79,20.59,20.58,20.91,20.08,2854400.0,58446644.0,15:00:03
sh605305,中际联合,36.25,-0.94,-2.528,36.25,36.26,37.19,36.92,37.18,36.0,3272713.0,119093444.0,15:34:59
sh605318,法狮龙,75.14,-1.02,-1.339,75.14,75.18,76.16,76.4,76.4,73.27,983500.0,73246823.0,15:00:04
sh605319,无锡振华,24.41,0.28,1.16,24.41,24.42,24.13,23.99,24.79,23.95,3069260.0,74841258.0,15:34:59
sh605333,沪光股份,17.16,-0.41,-2.334,17.15,17.16,17.57,17.5,18.23,16.92,6637200.0,116209154.0,15:34:59
sh605336,*ST帅电,10.76,0.09,0.843,10.75,10.76,10.67,10.6,10.93,10.6,1175500.0,12675760.0,15:34:59
sh605337,李子园,9.15,-0.12,-1.294,9.15,9.18,9.27,9.27,9.34,9.09,2806398.0,25787199.0,15:34:59
sh605338,巴比食品,18.8,0.02,0.106,18.8,18.85,18.78,18.88,19.32,18.66,2781200.0,52640653.0,15:34:59
sh605339,南侨食品,13.83,-0.06,-0.432,13.82,13.83,13.89,13.76,14.29,13.76,1715800.0,23859791.0,15:00:01
sh605358,立昂微,44.47,0.37,0.839,44.47,44.48,44.1,44.53,45.2,42.69,43459624.0,1903163626.0,15:34:59
sh605365,立达信,14.35,0.51,3.685,14.34,14.35,13.84,14.28,14.74,13.96,12688619.0,181615133.0,15:34:59
sh605366,宏柏新材,7.74,-0.23,-2.886,7.73,7.74,7.97,7.9,7.99,7.56,19486847.0,150007056.0,15:34:59
sh605368,蓝天燃气,6.73,0.04,0.598,6.72,6.73,6.69,6.67,6.74,6.63,3220960.0,21563131.0,15:00:02
sh605369,拱东医疗,16.97,-0.3,-1.737,16.97,16.99,17.27,17.27,17.43,16.86,1327220.0,22630966.0,15:00:03
sh605376,博迁新材,147.54,-6.26,-4.07,147.51,147.54,153.8,153.5,156.49,142.82,10423387.0,1531337729.0,15:34:59
sh605377,华旺科技,8.93,0.06,0.676,8.93,8.94,8.87,8.86,9.18,8.86,7088862.0,63702488.0,15:00:03
sh605378,野马电池,14.09,-0.05,-0.354,14.09,14.12,14.14,14.15,14.38,13.99,1621031.0,22983895.0,15:00:03
sh605388,均瑶健康,5.89,-0.08,-1.34,5.88,5.89,5.97,5.98,6.0,5.84,7098220.0,41787625.0,15:34:59
sh605389,长龄液压,69.47,-1.03,-1.461,69.46,69.47,70.5,70.64,71.63,67.02,938641.0,64202042.0,15:00:04
sh605398,新炬网络,19.86,-0.56,-2.742,19.86,19.87,20.42,20.77,20.77,19.7,1000700.0,19979437.0,15:00:02
sh605399,晨光新材,10.71,-0.09,-0.833,10.68,10.71,10.8,10.83,11.09,10.56,2610950.0,28058762.0,15:00:04
sh605488,福莱新材,29.59,0.04,0.135,29.58,29.59,29.55,29.35,30.45,28.9,5595377.0,165945226.0,15:34:59
sh605499,东鹏饮料,120.99,0.96,0.8,120.98,120.99,120.03,120.1,122.0,119.54,4276577.0,516299376.0,15:34:59
sh605500,森林包装,6.92,-0.03,-0.432,6.91,6.92,6.95,6.95,7.01,6.87,3070900.0,21257269.0,15:00:04
sh605507,国邦医药,15.38,-0.2,-1.284,15.34,15.38,15.58,15.58,15.58,15.16,6132260.0,93970677.0,15:34:59
sh605555,德昌股份,12.16,0.25,2.099,12.16,12.17,11.91,11.96,13.08,11.96,9328535.0,115774810.0,15:00:04
sh605566,福莱蒽特,25.1,-0.7,-2.713,25.09,25.1,25.8,25.64,25.83,24.6,2494610.0,62715691.0,15:00:03
sh605567,春雪食品,9.02,-0.08,-0.879,9.02,9.05,9.1,9.14,9.15,8.95,2418400.0,21830675.0,15:00:04
sh605577,龙版传媒,9.7,-0.03,-0.308,9.7,9.71,9.73,9.75,9.92,9.62,5571400.0,54201249.0,15:34:59
sh605580,恒盛能源,17.35,-0.44,-2.473,17.35,17.36,17.79,17.87,17.87,17.08,3381116.0,58714179.0,15:34:59
sh605588,冠石科技,47.21,-0.49,-1.027,47.15,47.21,47.7,48.04,48.04,46.2,1151100.0,53964123.0,15:00:03
sh605589,圣泉集团,37.52,-1.38,-3.548,37.52,37.53,38.9,38.91,39.0,36.45,25542306.0,955324497.0,15:34:59
sh605598,上海港湾,25.89,-0.57,-2.154,25.89,25.9,26.46,26.37,26.7,25.5,3097936.0,80432135.0,15:00:02
sh605599,菜百股份,17.1,0.24,1.423,17.1,17.11,16.86,16.87,17.7,16.67,21790194.0,375046201.0,15:34:59
sh688001,华兴源创,51.28,-1.71,-3.227,51.28,51.39,52.99,52.95,52.95,49.9,7082492.0,363847271.0,15:00:03
sh688002,睿创微纳,158.4,-2.01,-1.253,158.4,158.42,160.41,160.45,162.85,155.35,10331917.0,1641238473.0,15:34:59
sh688003,天准科技,82.74,-2.26,-2.659,82.74,82.75,85.0,85.4,87.49,80.36,5670249.0,469761515.0,15:34:59
sh688004,博汇科技,21.2,-0.71,-3.241,21.16,21.2,21.91,21.9,22.06,20.97,2942750.0,62601903.0,15:00:02
sh688005,容百科技,26.87,0.17,0.637,26.86,26.87,26.7,26.7,27.72,26.54,10837160.0,292494166.0,15:34:59
sh688006,杭可科技,22.44,-0.24,-1.058,22.44,22.45,22.68,22.68,23.28,22.22,9752719.0,220737018.0,15:34:59
sh688007,光峰科技,9.94,-0.7,-6.579,9.94,9.95,10.64,10.64,10.68,9.91,8419654.0,85305570.0,15:00:04
sh688008,澜起科技,191.83,-8.72,-4.348,191.82,191.83,200.55,200.57,200.59,188.06,33363961.0,6416711245.0,15:34:59
sh688009,中国通号,4.97,0.08,1.636,4.97,4.98,4.89,4.89,4.99,4.88,30052438.0,148750303.0,15:34:59
sh688010,福光股份,26.02,-0.36,-1.365,26.02,26.05,26.38,26.97,27.09,25.0,3833565.0,99924886.0,15:00:04
sh688011,新光光电,77.8,-1.78,-2.237,77.79,77.8,79.58,80.4,80.41,75.77,1657820.0,127713455.0,15:00:01
sh688012,中微公司,357.65,-4.85,-1.338,357.65,357.85,362.5,364.0,369.58,350.2,20044311.0,7209538349.0,15:34:59
sh688013,天臣医疗,25.22,-0.08,-0.316,25.22,25.24,25.3,25.64,25.95,24.82,1110768.0,28075084.0,15:00:03
sh688015,交控科技,15.49,-0.24,-1.526,15.49,15.54,15.73,15.72,15.73,15.4,1068770.0,16609097.0,15:00:03
sh688016,心脉医疗,90.38,-2.08,-2.25,90.38,90.39,92.46,92.4,92.8,90.0,1543101.0,140378058.0,15:00:03
sh688017,绿的谐波,295.15,-19.2,-6.108,295.14,295.15,314.35,310.0,310.09,290.07,8821439.0,2621643426.0,15:34:59
sh688018,乐鑫科技,108.31,-3.9,-3.476,108.31,108.35,112.21,112.2,112.2,106.11,3667943.0,397127512.0,15:34:59
sh688019,安集科技,242.32,1.25,0.519,242.31,242.32,241.07,241.9,243.78,231.02,6083718.0,1442381023.0,15:34:59
sh688020,方邦股份,118.55,-11.33,-8.723,118.5,118.55,129.88,130.09,130.96,113.11,5149875.0,611368598.0,15:34:59
sh688021,奥福科技,20.4,-1.07,-4.984,20.4,20.45,21.47,21.31,21.31,20.2,2307508.0,47414872.0,15:00:03
sh688022,ST瀚川,8.53,0.18,2.156,8.51,8.53,8.35,8.38,8.83,8.35,4256129.0,36878874.0,15:00:02
sh688023,安恒信息,37.35,-1.26,-3.263,37.33,37.35,38.61,38.48,38.68,37.15,1318246.0,49649973.0,15:00:01
sh688025,杰普特,409.3,-1.59,-0.387,409.2,409.3,410.89,410.0,427.36,396.0,3936393.0,1615407910.0,15:34:59
sh688026,洁特生物,15.54,-0.93,-5.647,15.54,15.56,16.47,16.45,16.61,15.42,5573655.0,87670805.0,15:00:04
sh688027,国盾量子,369.1,-17.5,-4.527,369.1,369.32,386.6,383.3,386.41,366.66,1406897.0,524462306.0,15:34:59
sh688028,沃尔德,87.83,-3.61,-3.948,87.82,87.83,91.44,91.46,91.99,85.0,4238981.0,372604102.0,15:00:04
sh688029,南微医学,73.85,-0.29,-0.391,73.85,73.86,74.14,74.66,76.96,73.7,2461301.0,184203705.0,15:00:05
sh688030,山石网科,16.16,-0.36,-2.179,16.12,16.16,16.52,16.51,16.52,15.94,3001723.0,48403704.0,15:00:03
sh688031,星环科技,102.19,-3.34,-3.165,102.18,102.19,105.53,105.7,106.0,99.88,3563295.0,364221765.0,15:00:03
sh688032,禾迈股份,73.89,-1.61,-2.132,73.8,73.89,75.5,76.32,77.76,73.23,1177213.0,88030194.0,15:00:02
sh688033,*ST天宜,6.08,0.13,2.185,6.07,6.08,5.95,5.92,6.09,5.86,4537083.0,26871896.0,15:34:59
sh688035,德邦科技,65.1,-1.26,-1.899,65.1,65.11,66.36,66.9,67.12,63.3,6175613.0,402963666.0,15:34:59
sh688036,传音控股,56.71,-1.1,-1.903,56.71,56.72,57.81,57.48,58.05,56.5,9490544.0,542473964.0,15:34:59
sh688037,芯源微,366.95,0.45,0.123,366.95,367.0,366.5,369.0,378.6,357.04,4469013.0,1640757501.0,15:34:59
sh688038,中科通达,17.87,-0.21,-1.162,17.87,17.88,18.08,18.51,18.51,17.43,1619760.0,28619235.0,15:00:04
sh688039,当虹科技,32.82,-0.63,-1.883,32.82,32.84,33.45,33.9,33.99,32.56,1454999.0,48045644.0,15:00:04
sh688041,海光信息,230.81,-15.4,-6.255,230.81,230.82,246.21,246.0,246.0,227.07,29505011.0,6872944310.0,15:34:59
sh688045,必易微,58.0,-2.1,-3.494,57.99,58.0,60.1,59.68,60.46,56.42,2005442.0,116376260.0,15:00:03
sh688046,药康生物,33.88,-0.47,-1.368,33.87,33.88,34.35,35.04,35.78,32.82,16768860.0,567814281.0,15:34:59
sh688047,龙芯中科,102.73,-4.65,-4.33,102.72,102.73,107.38,107.07,107.07,101.5,4548996.0,471000980.0,15:00:04
sh688048,长光华芯,294.0,-13.23,-4.306,294.0,294.08,307.23,305.62,308.19,283.97,7939127.0,2335733040.0,15:34:59
sh688049,炬芯科技,38.47,-0.7,-1.787,38.47,38.48,39.17,39.1,39.36,37.5,4894438.0,187276536.0,15:00:03
sh688050,爱博医疗,39.22,-1.26,-3.113,39.22,39.23,40.48,40.17,40.56,39.0,2421730.0,95700919.0,15:34:59
sh688051,佳华科技,24.24,-0.21,-0.859,24.21,24.24,24.45,24.69,24.91,23.85,945830.0,22939413.0,15:00:03
sh688052,纳芯微,232.0,-12.36,-5.058,231.99,232.0,244.36,244.43,246.99,226.0,3276885.0,764796580.0,15:00:02
sh688053,ST思科瑞,34.71,-0.15,-0.43,34.71,34.8,34.86,35.48,36.15,34.49,978494.0,34444698.0,15:00:03
sh688055,龙腾光电,3.71,-0.08,-2.111,3.7,3.71,3.79,3.79,3.81,3.68,10380452.0,38618374.0,15:34:59
sh688056,莱伯泰科,41.0,-1.84,-4.295,41.0,41.46,42.84,42.67,43.3,40.61,727559.0,30228176.0,15:00:04
sh688057,金达莱,17.56,-0.33,-1.845,17.56,17.57,17.89,17.71,17.8,16.78,5219961.0,89777513.0,15:00:03
sh688058,宝兰德,22.5,-0.33,-1.445,22.32,22.5,22.83,22.8,23.0,22.17,809293.0,18142989.0,15:00:04
sh688059,华锐精密,86.97,-4.42,-4.836,86.97,87.0,91.39,91.95,91.99,84.56,3975858.0,348115912.0,15:00:01
sh688060,云涌科技,34.12,-0.23,-0.67,34.12,34.22,34.35,34.5,34.87,33.7,308409.0,10529986.0,15:00:03
sh688061,灿瑞科技,35.96,-1.34,-3.592,35.93,35.96,37.3,37.28,37.84,35.05,1261249.0,45272588.0,15:00:04
sh688062,迈威生物,29.23,-1.94,-6.224,29.23,29.24,31.17,30.89,31.5,28.81,9584187.0,283345515.0,15:34:59
sh688063,派能科技,43.78,-0.81,-1.817,43.77,43.78,44.59,44.64,45.36,43.2,6952509.0,306158568.0,15:34:59
sh688065,凯赛生物,44.0,-1.27,-2.805,43.97,44.0,45.27,45.18,45.4,43.56,5468062.0,243209158.0,15:34:59
sh688066,*ST航图,7.96,-0.48,-5.687,7.95,7.96,8.44,8.42,8.44,7.89,6551865.0,52850460.0,15:34:59
sh688067,爱威科技,22.55,-0.33,-1.442,22.48,22.55,22.88,23.0,23.05,22.22,753461.0,16993879.0,15:00:03
sh688068,热景生物,99.29,-7.2,-6.761,99.28,99.29,106.49,105.0,107.8,97.47,3309989.0,334184711.0,15:34:59
sh688069,德林海,34.87,3.09,9.723,34.86,34.87,31.78,31.41,35.35,30.8,5995447.0,199338665.0,15:34:59
sh688070,纵横股份,33.21,-1.33,-3.851,33.21,33.22,34.54,35.06,35.06,32.71,1580774.0,52859461.0,15:00:03
sh688071,华依科技,32.15,-1.52,-4.514,32.14,32.15,33.67,33.36,33.72,31.5,2021211.0,65262094.0,15:00:02
sh688072,拓荆科技,684.13,10.63,1.578,684.13,684.3,673.5,680.0,706.56,666.0,5870051.0,4033587470.0,15:34:59
sh688073,毕得医药,66.1,-5.5,-7.682,66.07,66.1,71.6,73.03,73.48,65.1,4831808.0,325651635.0,15:34:59
sh688075,安旭生物,29.08,-0.47,-1.591,29.02,29.08,29.55,29.9,29.96,28.96,665445.0,19458853.0,15:00:03
sh688076,ST诺泰,27.14,-0.19,-0.695,27.11,27.14,27.33,27.36,27.81,26.95,2539348.0,69156375.0,15:00:03
sh688077,大地熊,28.51,-0.29,-1.007,28.51,28.52,28.8,28.84,29.97,28.14,3617414.0,104006909.0,15:34:59
sh688078,龙软科技,22.78,-0.55,-2.357,22.78,22.81,23.33,23.33,23.44,22.34,708787.0,16118314.0,15:00:02
sh688079,美迪凯,15.57,-0.4,-2.505,15.57,15.58,15.97,16.0,16.04,15.14,9982048.0,154922047.0,15:34:59
sh688080,映翰通,35.98,-0.59,-1.613,35.95,35.98,36.57,36.53,36.75,35.26,874772.0,31346528.0,15:34:59
sh688081,兴图新科,28.3,-0.46,-1.599,28.3,28.4,28.76,28.68,29.5,27.81,1217289.0,34659205.0,15:00:02
sh688082,盛美上海,301.4,0.3,0.1,301.38,301.4,301.1,302.2,307.0,291.0,4959235.0,1486232841.0,15:34:59
sh688083,中望软件,51.89,-1.84,-3.425,51.89,51.9,53.73,53.22,53.54,51.3,2396549.0,124704892.0,15:00:03
sh688084,晶品特装,42.94,-1.11,-2.52,42.94,42.95,44.05,44.05,44.21,42.38,861020.0,37131080.0,15:00:03
sh688085,三友医疗,13.05,-0.45,-3.333,13.04,13.05,13.5,13.55,13.55,12.96,2448143.0,32239802.0,15:00:03
sh688087,英科再生,40.98,0.77,1.915,40.94,40.98,40.21,41.0,41.5,40.2,1343594.0,54882356.0,15:34:59
sh688088,虹软科技,30.42,-1.19,-3.765,30.42,30.43,31.61,31.63,31.7,30.17,4728720.0,145512676.0,15:00:03
sh688089,ST嘉必优,7.56,0.05,0.666,7.55,7.56,7.51,7.63,7.75,7.51,2561051.0,19512562.0,15:34:59
sh688090,瑞松科技,67.2,-4.3,-6.014,67.2,67.22,71.5,71.5,71.88,64.77,9015386.0,609150277.0,15:00:04
sh688091,上海谊众,36.96,-3.06,-7.646,36.96,36.97,40.02,39.66,40.7,36.9,5340277.0,202997083.0,15:00:04
sh688092,爱科科技,22.58,-0.02,-0.088,22.53,22.58,22.6,22.87,22.96,22.25,439044.0,9899219.0,15:00:02
sh688093,世华科技,24.88,-0.46,-1.815,24.88,24.92,25.34,25.58,25.58,24.49,1370667.0,34020481.0,15:00:04
sh688095,福昕软件,57.09,-1.96,-3.319,57.09,57.1,59.05,58.62,58.64,56.35,2075327.0,118626174.0,15:00:04
sh688096,京源环保,8.31,-0.49,-5.568,8.29,8.31,8.8,8.9,8.9,8.16,7272928.0,61160129.0,15:00:02
sh688097,博众精工,48.37,-0.73,-1.487,48.37,48.38,49.1,49.1,50.35,47.3,8774631.0,429706990.0,15:34:59
sh688098,申联生物,8.0,-0.25,-3.03,7.99,8.0,8.25,8.12,8.24,7.93,3708184.0,29770439.0,15:00:04
sh688099,晶晨股份,89.5,-2.42,-2.633,89.5,89.55,91.92,92.36,92.36,88.4,8869204.0,797850609.0,15:34:59
sh688100,威胜信息,25.22,-0.44,-1.715,25.22,25.23,25.66,25.51,25.93,24.97,3901444.0,98862945.0,15:34:59
sh688101,三达膜,14.51,-0.18,-1.225,14.51,14.52,14.69,14.53,14.69,14.3,2728189.0,39418920.0,15:00:03
sh688102,斯瑞新材,31.92,-2.24,-6.557,31.92,31.93,34.16,33.6,33.82,31.47,21654410.0,699579129.0,15:34:59
sh688103,国力电子,74.13,-0.8,-1.068,74.12,74.13,74.93,74.56,75.81,72.0,2380045.0,174903036.0,15:00:01
sh688105,诺唯赞,22.51,-1.73,-7.137,22.5,22.51,24.24,23.0,24.7,22.21,22734052.0,527026558.0,15:34:59
sh688106,金宏气体,27.01,-0.92,-3.294,27.01,27.02,27.93,27.6,27.9,26.4,16469692.0,444261103.0,15:34:59
sh688107,安路科技,30.0,-1.3,-4.153,29.98,30.0,31.3,31.1,31.43,29.39,6269990.0,188716661.0,15:00:04
sh688108,赛诺医疗,17.63,-0.85,-4.6,17.63,17.64,18.48,18.25,18.55,17.35,12046500.0,214436453.0,15:34:59
sh688109,品茗科技,71.49,-1.54,-2.109,71.4,71.49,73.03,74.36,74.36,69.56,721337.0,51195476.0,15:00:02
sh688110,东芯股份,116.1,-4.6,-3.811,116.1,116.11,120.7,122.51,123.5,112.8,28025922.0,3255075998.0,15:34:59
sh688111,金山办公,233.3,-7.2,-2.994,233.25,233.3,240.5,240.44,241.0,230.0,6067494.0,1424265284.0,15:34:59
sh688112,鼎阳科技,68.21,-2.9,-4.078,68.18,68.21,71.11,70.9,71.5,66.0,4308748.0,294874501.0,15:00:02
sh688113,联测科技,35.55,-0.5,-1.387,35.55,35.67,36.05,35.79,36.33,35.4,625826.0,22425248.0,15:00:02
sh688114,华大智造,70.56,-4.23,-5.656,70.56,70.79,74.79,74.97,75.99,69.44,24385049.0,1752107148.0,15:34:59
sh688115,思林杰,65.72,-2.54,-3.721,65.64,65.72,68.26,67.6,69.63,63.66,2047147.0,134770611.0,15:00:02
sh688116,天奈科技,31.67,-0.53,-1.646,31.66,31.67,32.2,31.93,32.86,31.16,5548817.0,176538524.0,15:34:59
sh688117,圣诺生物,24.2,-1.59,-6.165,24.2,24.21,25.79,26.05,26.05,24.08,9873095.0,243665732.0,15:00:03
sh688118,普元信息,19.81,-0.34,-1.687,19.79,19.81,20.15,20.14,20.27,19.52,2007786.0,39691673.0,15:00:03
sh688119,中钢洛耐,3.83,-0.07,-1.795,3.83,3.84,3.9,3.92,3.92,3.8,8175476.0,31367467.0,15:00:02
sh688120,华海清科,266.66,-5.04,-1.855,266.66,266.73,271.7,273.0,275.0,261.0,8175642.0,2183712490.0,15:34:59
sh688121,*ST卓然,1.87,0.13,7.471,1.86,1.87,1.74,1.76,1.87,1.76,9586208.0,17580455.0,15:34:59
sh688122,西部超导,47.9,-1.3,-2.642,47.89,47.9,49.2,49.1,49.21,47.61,6723327.0,324210902.0,15:34:59
sh688123,聚辰股份,132.41,-6.48,-4.666,132.41,132.42,138.89,138.0,138.0,128.86,8206683.0,1089881821.0,15:34:59
sh688125,安达智能,118.74,-4.86,-3.932,118.7,118.74,123.6,123.38,124.0,115.1,1194886.0,141755598.0,15:00:03
sh688126,沪硅产业,24.73,0.1,0.406,24.73,24.74,24.63,24.85,25.1,24.01,64888986.0,1587266038.0,15:34:59
sh688127,蓝特光学,61.83,-3.9,-5.933,61.81,61.83,65.73,65.7,66.27,60.06,10676619.0,669643375.0,15:34:59
sh688128,中国电研,21.57,-0.38,-1.731,21.5,21.57,21.95,21.91,22.08,21.41,2033173.0,44001562.0,15:00:02
sh688129,东来技术,20.87,-0.09,-0.429,20.87,20.96,20.96,20.89,21.35,20.41,803344.0,16714662.0,15:00:04
sh688130,晶华微,23.46,-0.69,-2.857,23.46,23.55,24.15,24.05,24.22,23.06,1613845.0,38083543.0,15:00:04
sh688131,皓元医药,91.66,-5.73,-5.884,91.65,91.66,97.39,97.51,98.16,90.9,5987074.0,559007815.0,15:34:59
sh688132,邦彦技术,13.2,-0.2,-1.493,13.18,13.2,13.4,13.4,13.5,12.98,1053805.0,13899118.0,15:00:02
sh688133,泰坦科技,22.3,-1.03,-4.415,22.3,22.32,23.33,23.33,23.45,22.02,3992280.0,89492484.0,15:00:02
sh688135,利扬芯片,24.99,-0.45,-1.769,24.99,25.0,25.44,25.44,25.89,24.35,9367330.0,233905171.0,15:34:59
sh688136,科兴制药,23.6,3.05,14.842,23.58,23.6,20.55,21.22,24.66,21.22,30427431.0,713380632.0,15:34:59
sh688137,近岸蛋白,75.49,-5.5,-6.791,75.49,75.5,80.99,77.75,81.93,72.99,7353999.0,564879692.0,15:34:59
sh688138,清溢光电,34.21,0.23,0.677,34.19,34.21,33.98,34.23,34.46,32.97,6118362.0,206356756.0,15:00:03
sh688139,海尔生物,29.0,-0.54,-1.828,29.0,29.01,29.54,29.7,29.98,28.51,4398000.0,127742275.0,15:00:02
sh688141,杰华特,115.07,-9.28,-7.463,115.06,115.07,124.35,124.0,124.0,111.0,15815336.0,1829137044.0,15:34:59
sh688143,长盈通,150.22,-8.58,-5.403,150.22,150.28,158.8,154.01,159.5,145.44,17065605.0,2569546600.0,15:34:59
sh688146,中船特气,250.08,-13.01,-4.945,250.08,250.09,263.09,255.0,261.6,243.0,14538777.0,3638581025.0,15:34:59
sh688147,微导纳米,117.3,-2.42,-2.021,117.25,117.3,119.72,123.0,125.7,114.6,14452239.0,1722766380.0,15:34:59
sh688148,芳源股份,6.29,-0.02,-0.317,6.28,6.29,6.31,6.3,6.55,6.2,16227734.0,102558397.0,15:34:59
sh688150,莱特光电,38.44,0.11,0.287,38.43,38.44,38.33,37.66,38.85,36.91,7881478.0,298345433.0,15:00:03
sh688151,华强科技,15.63,-0.28,-1.76,15.63,15.65,15.91,15.81,16.03,15.41,2362467.0,37047709.0,15:00:03
sh688152,麒麟信安,31.82,-1.28,-3.867,31.82,31.84,33.1,32.94,33.26,31.43,5129956.0,164357520.0,15:34:59
sh688153,唯捷创芯,25.21,-0.42,-1.639,25.21,25.23,25.63,25.6,25.83,24.76,3367919.0,85181385.0,15:00:03
sh688155,先惠技术,60.0,-0.02,-0.033,60.0,60.02,60.02,60.41,62.12,59.1,2487195.0,150317094.0,15:34:59
sh688156,路德科技,19.24,-0.48,-2.434,19.24,19.27,19.72,19.81,19.91,18.96,2217295.0,42871415.0,15:00:03
sh688157,松井股份,19.28,0.29,1.527,19.28,19.35,18.99,19.02,19.48,18.62,2155237.0,40994242.0,15:00:03
sh688158,优刻得,30.0,-2.63,-8.06,29.99,30.0,32.63,32.58,32.58,29.54,25740744.0,781032808.0,15:34:59
sh688159,有方科技,31.7,-0.65,-2.009,31.7,31.71,32.35,32.08,32.47,30.89,2603340.0,82129446.0,15:00:02
sh688160,步科股份,94.33,-5.52,-5.528,94.3,94.33,99.85,99.35,99.72,93.06,1427735.0,136126524.0,15:34:59
sh688161,威高骨科,21.71,-0.37,-1.676,21.71,21.73,22.08,22.02,22.31,21.63,918823.0,20061471.0,15:00:04
sh688162,巨一科技,22.88,-0.29,-1.252,22.88,22.97,23.17,23.13,23.27,22.67,943363.0,21601994.0,15:00:02
sh688163,赛伦生物,34.65,0.65,1.912,34.58,34.65,34.0,35.69,36.2,33.8,1566629.0,54476878.0,15:00:02
sh688165,埃夫特,15.97,-0.43,-2.622,15.96,15.97,16.4,16.2,16.45,15.75,5655795.0,90341804.0,15:00:02
sh688166,博瑞医药,34.55,-2.12,-5.781,34.55,34.56,36.67,36.5,36.5,34.13,13030282.0,453767807.0,15:34:59
sh688167,炬光科技,272.3,-8.77,-3.12,272.26,272.3,281.07,274.91,284.42,258.22,9631444.0,2618557112.0,15:34:59
sh688168,安博通,34.77,-0.86,-2.414,34.76,34.77,35.63,34.99,36.0,33.86,2716400.0,94037588.0,15:00:01
sh688169,石头科技,112.5,-3.96,-3.4,112.5,112.51,116.46,116.0,116.46,111.03,5607318.0,635591117.0,15:34:59
sh688170,德龙激光,52.72,-0.23,-0.434,52.72,52.75,52.95,52.97,54.65,51.01,4732290.0,251102894.0,15:00:03
sh688171,纬德信息,26.36,-0.64,-2.37,26.36,26.4,27.0,26.98,27.24,25.72,1435291.0,37763924.0,15:00:04
sh688172,燕东微,53.25,-2.4,-4.313,53.25,53.3,55.65,55.33,55.83,51.41,15601826.0,832712208.0,15:34:59
sh688173,希荻微,13.77,-0.04,-0.29,13.77,13.78,13.81,13.84,14.68,13.5,14803300.0,209297884.0,15:00:05
sh688175,高凌信息,18.91,-0.46,-2.375,18.87,18.91,19.37,19.45,19.45,18.51,1649288.0,31094526.0,15:34:59
sh688176,亚虹医药,11.49,-0.71,-5.82,11.49,11.5,12.2,12.29,12.3,11.48,12318302.0,144334683.0,15:34:59
sh688177,百奥泰,19.97,-0.74,-3.573,19.97,19.98,20.71,20.6,20.88,19.8,3459189.0,69746484.0,15:00:03
sh688178,万德斯,27.97,-0.73,-2.544,27.95,27.97,28.7,28.01,28.85,27.33,1164334.0,32426348.0,15:00:04
sh688179,阿拉丁,21.06,0.17,0.814,21.05,21.06,20.89,20.89,21.69,20.49,15661018.0,327851863.0,15:34:59
sh688180,君实生物,34.85,-2.57,-6.868,34.85,34.86,37.42,37.11,37.4,34.67,21025633.0,748817781.0,15:34:59
sh688181,八亿时空,38.07,-0.65,-1.679,38.06,38.07,38.72,38.5,38.95,37.22,4069909.0,154371987.0,15:00:04
sh688182,灿勤科技,27.79,-0.41,-1.454,27.73,27.79,28.2,28.53,28.55,26.92,6223166.0,170966249.0,15:00:05
sh688183,生益电子,102.3,-5.28,-4.908,102.3,102.31,107.58,107.0,107.5,99.66,12637439.0,1295985487.0,15:34:59
sh688184,ST帕瓦,10.93,-0.14,-1.265,10.93,10.99,11.07,11.04,11.13,10.83,477038.0,5218829.0,15:00:02
sh688185,康希诺,75.5,-1.82,-2.354,75.49,75.5,77.32,77.0,80.0,74.88,18023022.0,1397930757.0,15:34:59
sh688186,广大特材,13.54,-0.34,-2.45,13.54,13.57,13.88,13.95,13.99,13.43,2589777.0,35350526.0,15:00:02
sh688187,时代电气,47.62,0.02,0.042,47.62,47.63,47.6,47.6,48.49,47.31,4828785.0,230770459.0,15:34:59
sh688188,柏楚电子,98.55,-3.05,-3.002,98.54,98.55,101.6,101.46,101.67,97.89,3058925.0,302672917.0,15:00:00
sh688189,ST南新,6.35,-0.15,-2.308,6.35,6.36,6.5,6.55,6.55,6.33,2984914.0,19086162.0,15:00:02
sh688190,云路股份,71.74,-1.32,-1.807,71.74,71.76,73.06,73.95,75.34,70.33,1122278.0,80869846.0,15:00:02
sh688191,智洋创新,21.3,-0.44,-2.024,21.3,21.34,21.74,22.07,22.07,20.83,5961870.0,126984245.0,15:00:03
sh688192,迪哲医药,59.17,0.17,0.288,59.15,59.17,59.0,59.74,60.5,57.62,8387598.0,495933151.0,15:34:59
sh688193,仁度生物,46.58,-1.48,-3.079,46.58,46.8,48.06,47.82,48.12,46.37,396174.0,18603183.0,15:00:04
sh688195,腾景科技,170.3,-1.7,-0.988,170.3,170.31,172.0,173.92,178.0,164.61,8603636.0,1463200215.0,15:34:59
sh688196,卓越新能,34.16,-0.34,-0.986,34.15,34.16,34.5,34.8,35.5,33.87,2279132.0,78794631.0,15:00:02
sh688197,首药控股,36.2,-1.51,-4.004,36.2,36.23,37.71,36.97,38.45,35.74,2156542.0,79288382.0,15:00:03
sh688198,佰仁医疗,76.08,-2.42,-3.083,76.02,76.08,78.5,78.03,79.0,75.6,742733.0,56922873.0,15:00:04
sh688199,久日新材,22.88,-0.28,-1.209,22.86,22.88,23.16,23.03,23.32,22.35,3942998.0,89405230.0,15:00:03
sh688200,华峰测控,405.99,-6.53,-1.583,405.9,405.99,412.52,414.0,423.0,391.0,3994880.0,1624097187.0,15:34:59
sh688201,ST信安,7.01,-0.08,-1.128,7.01,7.02,7.09,7.04,7.12,6.97,1370009.0,9633969.0,15:34:59
sh688202,美迪西,94.7,-5.77,-5.743,94.7,94.82,100.47,100.0,101.99,93.25,7331971.0,704270179.0,15:34:59
sh688203,海正生材,11.44,-0.29,-2.472,11.43,11.44,11.73,11.66,11.87,11.22,3134994.0,36004665.0,15:00:04
sh688205,德科立,156.0,-3.36,-2.108,155.99,156.0,159.36,162.54,163.5,151.27,9529202.0,1489091479.0,15:34:59
sh688206,概伦电子,41.29,-2.01,-4.642,41.29,41.3,43.3,43.21,44.51,39.91,10649533.0,445062384.0,15:34:59
sh688207,格灵深瞳,17.72,-1.66,-8.566,17.71,17.72,19.38,18.68,18.88,17.08,14385429.0,255857568.0,15:00:04
sh688208,道通科技,24.57,-0.49,-1.955,24.56,24.57,25.06,25.07,25.38,24.38,6814026.0,168730295.0,15:00:03
sh688209,英集芯,22.3,-0.72,-3.128,22.29,22.3,23.02,23.18,23.33,21.66,9888190.0,220472617.0,15:34:59
sh688210,统联精密,31.11,0.12,0.387,31.11,31.12,30.99,30.73,31.21,29.61,5864681.0,178225870.0,15:34:59
sh688211,中科微至,30.71,-0.17,-0.551,30.71,30.72,30.88,31.2,31.2,30.32,458296.0,14061635.0,15:00:02
sh688212,澳华内镜,27.15,-1.12,-3.962,27.15,27.26,28.27,28.45,28.45,26.69,3544156.0,96346035.0,15:34:59
sh688213,思特威,96.78,-1.22,-1.245,96.74,96.78,98.0,97.97,98.8,94.4,5818872.0,559030650.0,15:34:59
sh688215,瑞晟智能,44.65,-0.7,-1.544,44.65,44.7,45.35,45.99,46.0,43.01,1202495.0,53161053.0,15:00:04
sh688216,气派科技,29.89,-0.64,-2.096,29.85,29.89,30.53,30.53,31.2,29.01,3547046.0,105662182.0,15:00:02
sh688217,睿昂基因,24.28,-0.49,-1.978,24.28,24.39,24.77,25.0,25.0,23.11,1187201.0,28709070.0,15:00:04
sh688218,江苏北人,40.42,-0.9,-2.178,40.42,40.45,41.32,41.09,41.6,39.44,3656511.0,146554774.0,15:00:02
sh688219,会通股份,10.25,-0.11,-1.062,10.24,10.25,10.36,10.33,10.45,10.19,4810968.0,49391561.0,15:00:03
sh688220,翱捷科技,89.26,-5.12,-5.425,89.26,89.27,94.38,95.16,95.16,87.88,8473527.0,765935798.0,15:34:59
sh688221,前沿生物,19.16,-0.84,-4.2,19.15,19.16,20.0,19.93,20.62,18.9,17003997.0,332281211.0,15:34:59
sh688222,成都先导,34.68,-1.48,-4.093,34.68,34.69,36.16,36.63,37.25,34.24,16207078.0,572758009.0,15:34:59
sh688223,晶科能源,4.33,-0.06,-1.367,4.33,4.34,4.39,4.37,4.45,4.32,64306268.0,280628046.0,15:34:59
sh688225,亚信安全,11.77,-0.09,-0.759,11.76,11.77,11.86,11.85,11.92,11.51,3922000.0,45711280.0,15:00:02
sh688226,威腾电气,28.93,-0.31,-1.06,28.9,28.93,29.24,29.1,29.51,28.2,3456212.0,99548111.0,15:00:03
sh688227,品高股份,68.8,-3.55,-4.907,68.75,68.8,72.35,71.72,73.56,67.11,2226986.0,154364956.0,15:00:04
sh688228,开普云,82.44,2.94,3.698,82.44,82.45,79.5,81.0,85.0,80.91,4027307.0,332046627.0,15:34:59
sh688229,博睿数据,63.63,-2.86,-4.301,63.63,63.8,66.49,66.49,66.49,62.8,566493.0,36201177.0,15:34:59
sh688230,芯导科技,53.16,-1.34,-2.459,53.16,53.2,54.5,54.43,55.2,52.0,1132847.0,60494504.0,15:00:03
sh688231,隆达股份,28.86,-0.77,-2.599,28.85,28.86,29.63,29.74,30.07,28.01,3705296.0,106708098.0,15:00:04
sh688232,新点软件,17.91,-0.25,-1.377,17.88,17.91,18.16,18.11,18.36,17.82,2116873.0,38030461.0,15:00:04
sh688233,神工股份,110.85,-2.34,-2.067,110.85,110.86,113.19,112.39,113.39,106.52,8913145.0,976444088.0,15:34:59
sh688234,天岳先进,105.05,-4.9,-4.457,105.03,105.05,109.95,107.81,110.91,102.35,10550488.0,1115257133.0,15:34:59
sh688235,百济神州,276.67,-12.58,-4.349,276.6,276.67,289.25,289.0,291.04,273.62,5209244.0,1450845618.0,15:34:59
sh688236,春立医疗,14.24,-0.25,-1.725,14.24,14.25,14.49,14.55,14.66,14.15,2164158.0,31041395.0,15:00:02
sh688237,超卓航科,55.11,-1.09,-1.94,55.11,55.2,56.2,56.2,56.61,54.55,1140711.0,62936483.0,15:00:02
sh688238,和元生物,6.8,-0.48,-6.593,6.79,6.8,7.28,7.21,7.38,6.76,49049632.0,340368501.0,15:00:02
sh688239,航宇科技,46.3,-1.91,-3.962,46.3,46.33,48.21,48.0,48.5,45.12,10883215.0,504808586.0,15:34:59
sh688244,永信至诚,14.95,-0.01,-0.067,14.95,14.96,14.96,14.81,14.95,14.46,1551301.0,22804606.0,15:00:04
sh688246,嘉和美康,17.06,-0.35,-2.01,17.06,17.08,17.41,17.44,17.77,16.87,2021674.0,34596239.0,15:00:02
sh688247,宣泰医药,9.44,-0.32,-3.279,9.44,9.46,9.76,9.68,9.98,9.34,8098724.0,76997748.0,15:34:59
sh688248,南网科技,40.63,-0.71,-1.717,40.61,40.63,41.34,41.29,41.62,39.94,3421369.0,138910366.0,15:00:03
sh688249,晶合集成,38.46,-0.66,-1.687,38.46,38.47,39.12,39.51,39.6,37.28,21426914.0,816083838.0,15:34:59
sh688251,井松智能,20.68,-0.75,-3.5,20.66,20.68,21.43,21.38,21.49,20.32,1998047.0,41486302.0,15:00:03
sh688252,天德钰,19.36,-0.74,-3.682,19.36,19.37,20.1,20.19,20.19,18.96,4986455.0,96894455.0,15:00:03
sh688253,英诺特,55.25,-0.98,-1.743,55.25,55.32,56.23,56.0,56.99,53.8,1856229.0,101725090.0,15:00:01
sh688255,凯尔达,25.02,-0.72,-2.797,25.02,25.03,25.74,25.46,25.7,24.47,2232725.0,55723100.0,15:00:04
sh688256,寒武纪,969.05,-65.95,-6.372,969.05,969.49,1035.0,1035.0,1039.0,950.0,17280561.0,16886554338.0,15:34:59
sh688257,新锐股份,54.64,-3.41,-5.874,54.62,54.64,58.05,58.89,59.23,53.0,17001785.0,931771609.0,15:34:59
sh688258,卓易信息,92.73,-4.56,-4.687,92.73,92.79,97.29,97.3,97.41,90.07,2744382.0,254121410.0,15:34:59
sh688259,创耀科技,30.03,-0.98,-3.16,30.03,30.08,31.01,31.15,31.2,29.66,1197415.0,36220287.0,15:00:04
sh688260,昀冢科技,104.0,-3.09,-2.885,103.99,104.0,107.09,105.27,107.0,100.88,5053872.0,525755552.0,15:34:59
sh688261,东微半导,71.64,-3.17,-4.237,71.64,71.66,74.81,74.05,76.55,69.23,7302298.0,526617968.0,15:34:59
sh688262,国芯科技,26.34,-0.59,-2.191,26.28,26.34,26.93,26.91,27.13,25.6,8297492.0,217781839.0,15:34:59
sh688265,南模生物,40.03,-2.27,-5.366,40.03,40.08,42.3,41.92,42.78,39.79,2581661.0,104678482.0,15:00:04
sh688266,泽璟制药,117.83,-10.88,-8.453,117.83,117.84,128.71,128.0,131.0,116.5,7660058.0,924684430.0,15:34:59
sh688267,中触媒,18.45,-0.2,-1.072,18.45,18.47,18.65,18.45,18.73,18.21,1231154.0,22592034.0,15:00:04
sh688268,华特气体,142.75,-2.45,-1.687,142.75,142.78,145.2,145.0,146.87,139.28,4994731.0,709601763.0,15:34:59
sh688269,凯立新材,31.27,-0.89,-2.767,31.27,31.28,32.16,31.94,32.35,31.02,1227702.0,38689638.0,15:00:02
sh688270,ST臻镭,58.79,-3.1,-5.009,58.69,58.79,61.89,61.0,61.5,57.9,6492947.0,384425996.0,15:34:59
sh688271,联影医疗,105.4,-0.6,-0.566,105.4,105.5,106.0,105.75,106.57,104.59,4754396.0,502140162.0,15:34:59
sh688272,富吉瑞,27.88,-0.54,-1.9,27.85,27.88,28.42,28.14,28.99,27.42,1208920.0,33881471.0,15:00:03
sh688273,麦澜德,29.06,-1.35,-4.439,29.06,29.09,30.41,30.22,30.9,28.77,1229256.0,36278743.0,15:34:59
sh688275,万润新能,87.25,1.34,1.56,87.23,87.25,85.91,85.9,90.78,85.72,7371983.0,645629270.0,15:34:59
sh688276,百克生物,16.22,-1.14,-6.567,16.22,16.23,17.36,17.36,17.7,16.15,10284688.0,172352549.0,15:00:04
sh688277,天智航,15.12,-0.62,-3.939,15.09,15.12,15.74,15.79,15.87,14.96,5863464.0,89699186.0,15:34:59
sh688278,特宝生物,59.47,-2.41,-3.895,59.46,59.47,61.88,60.77,61.75,59.4,5764707.0,346678665.0,15:34:59
sh688279,峰岹科技,179.12,1.38,0.776,179.12,179.52,177.74,178.09,185.0,174.33,2767780.0,501348976.0,15:34:59
sh688280,精进电动,5.36,-0.12,-2.19,5.35,5.36,5.48,5.51,5.54,5.27,8364095.0,44848138.0,15:34:59
sh688281,华秦科技,44.5,-0.68,-1.505,44.5,44.52,45.18,45.19,46.56,44.0,3042853.0,137716419.0,15:00:04
sh688282,理工导航,55.18,-0.61,-1.093,55.18,55.2,55.79,56.0,56.44,54.21,673387.0,37045296.0,15:00:04
sh688283,坤恒顺维,27.72,-0.58,-2.049,27.69,27.72,28.3,28.53,28.56,27.18,1237409.0,34226673.0,15:00:02
sh688285,高铁电气,7.54,-0.08,-1.05,7.52,7.54,7.62,7.66,7.69,7.5,1391355.0,10525632.0,15:00:03
sh688286,敏芯股份,47.14,-1.86,-3.796,47.14,47.18,49.0,48.51,49.88,45.43,7555719.0,355998832.0,15:34:59
sh688288,鸿泉技术,18.19,-0.34,-1.835,18.19,18.2,18.53,18.53,18.73,17.91,1029913.0,18675673.0,15:00:05
sh688289,圣湘生物,14.9,-0.88,-5.577,14.9,14.91,15.78,15.7,15.86,14.83,12863702.0,194822688.0,15:00:02
sh688290,景业智能,66.28,-0.32,-0.48,66.06,66.28,66.6,67.31,67.31,65.09,849235.0,56368408.0,15:00:03
sh688291,金橙子,42.23,-0.3,-0.705,42.23,42.24,42.53,43.0,43.35,41.0,1758730.0,73815799.0,15:00:02
sh688292,浩瀚深度,17.0,-0.05,-0.293,16.99,17.0,17.05,16.96,17.25,16.41,2550966.0,42836683.0,15:00:03
sh688293,奥浦迈,58.18,-3.57,-5.781,58.17,58.18,61.75,61.75,62.57,57.0,5114491.0,299635372.0,15:34:59
sh688295,中复神鹰,38.32,-0.54,-1.39,38.31,38.32,38.86,38.68,39.05,37.7,3970169.0,151764302.0,15:34:59
sh688296,和达科技,24.11,-2.28,-8.64,24.1,24.11,26.39,26.8,26.87,23.0,8652953.0,210577964.0,15:34:59
sh688297,中无人机,38.29,-0.51,-1.314,38.29,38.3,38.8,38.81,39.01,38.12,4692857.0,180667090.0,15:34:59
sh688298,东方生物,18.71,-0.72,-3.706,18.71,18.72,19.43,19.34,19.58,18.6,1797475.0,34001886.0,15:00:02
sh688299,长阳科技,12.73,-0.18,-1.394,12.72,12.73,12.91,12.91,12.99,12.51,4368063.0,55420666.0,15:34:59
sh688300,联瑞新材,139.14,-6.17,-4.246,139.1,139.14,145.31,142.01,145.5,134.25,10174744.0,1414104380.0,15:34:59
sh688301,奕瑞科技,97.15,-3.79,-3.755,97.15,97.28,100.94,100.17,100.9,95.55,4805950.0,469377125.0,15:34:59
sh688302,海创药业,34.66,-1.81,-4.963,34.66,34.68,36.47,36.36,36.77,34.31,1536213.0,53821019.0,15:34:59
sh688303,大全能源,17.63,-0.39,-2.164,17.63,17.65,18.02,17.72,18.13,17.55,7365984.0,130770817.0,15:00:03
sh688305,科德数控,62.08,-1.13,-1.788,62.08,62.1,63.21,63.88,63.99,60.77,3739709.0,230863943.0,15:34:59
sh688306,均普智能,8.48,-0.2,-2.304,8.47,8.48,8.68,8.7,8.75,8.43,6828364.0,58232394.0,15:00:02
sh688307,中润光学,48.1,-1.68,-3.375,48.0,48.1,49.78,49.58,49.98,46.93,4856281.0,235263712.0,15:34:59
sh688308,欧科亿,94.1,-3.18,-3.269,94.1,94.11,97.28,96.85,98.88,90.5,7110871.0,666938959.0,15:34:59
sh688309,恒誉科技,73.0,-1.48,-1.987,72.87,73.0,74.48,74.56,75.39,71.28,1572149.0,114429465.0,15:00:03
sh688310,迈得医疗,15.05,-0.65,-4.14,15.05,15.06,15.7,15.7,16.18,14.9,2346851.0,35986466.0,15:00:02
sh688311,盟升电子,22.16,-0.72,-3.147,22.16,22.17,22.88,22.98,23.1,21.82,4307323.0,95688845.0,15:34:59
sh688312,燕麦科技,48.36,-1.36,-2.735,48.36,48.37,49.72,49.98,50.0,46.68,5064790.0,244324791.0,15:00:04
sh688313,仕佳光子,154.05,-3.95,-2.5,154.04,154.05,158.0,156.79,158.0,148.99,25206603.0,3875162749.0,15:34:59
sh688314,康拓医疗,30.76,-1.63,-5.032,30.76,30.86,32.39,31.89,32.25,30.63,638159.0,19883002.0,15:00:02
sh688315,诺禾致源,16.93,0.98,6.144,16.93,16.94,15.95,15.95,17.09,15.51,22325603.0,365435232.0,15:34:59
sh688316,青云科技,46.15,-2.73,-5.585,46.15,46.16,48.88,48.64,48.76,45.62,1767959.0,82292726.0,15:00:03
sh688317,之江生物,17.17,-0.53,-2.994,17.17,17.18,17.7,17.5,17.82,17.12,3064676.0,53182482.0,15:00:04
sh688318,财富趋势,73.6,-3.03,-3.954,73.56,73.6,76.63,75.98,76.65,72.88,3970712.0,294933806.0,15:34:59
sh688319,欧林生物,27.82,-2.23,-7.421,27.82,27.83,30.05,30.0,30.11,27.52,9398375.0,265704672.0,15:00:03
sh688320,禾川科技,33.45,-0.19,-0.565,33.45,33.46,33.64,33.75,33.99,32.74,2215863.0,73516182.0,15:00:02
sh688321,微芯生物,25.89,-2.06,-7.37,25.88,25.89,27.95,27.87,28.03,25.84,20469750.0,540776646.0,15:34:59
sh688322,奥比中光,92.5,-8.5,-8.416,92.49,92.5,101.0,96.83,97.8,90.18,16221537.0,1517289381.0,15:34:59
sh688323,瑞华泰,26.95,-2.39,-8.146,26.95,26.96,29.34,29.27,29.27,26.2,20939549.0,564203940.0,15:34:59
sh688325,赛微微电,106.0,-3.75,-3.417,105.99,106.0,109.75,109.75,109.75,104.01,821633.0,87004976.0,15:34:59
sh688326,经纬恒润,62.7,-1.5,-2.336,62.7,62.88,64.2,64.19,66.79,62.26,1364536.0,87336346.0,15:00:01
sh688327,云从科技,9.65,-0.51,-5.02,9.65,9.66,10.16,10.06,10.08,9.61,23165039.0,226258662.0,15:34:59
sh688328,深科达,89.1,-2.06,-2.26,89.1,89.11,91.16,92.0,94.0,86.1,11515090.0,1022813757.0,15:00:01
sh688329,艾隆科技,20.21,-0.74,-3.532,20.21,20.29,20.95,21.0,21.0,19.81,1665319.0,33772011.0,15:00:01
sh688330,宏力达,33.08,0.0,0.0,33.08,33.09,33.08,32.95,33.22,32.5,673454.0,22103594.0,15:00:03
sh688331,荣昌生物,116.42,-9.08,-7.235,116.32,116.42,125.5,125.4,125.4,115.44,8616137.0,1023856772.0,15:34:59
sh688332,中科蓝讯,88.86,-2.26,-2.48,88.85,88.86,91.12,91.29,93.26,86.79,3906445.0,348497109.0,15:00:02
sh688333,铂力特,104.91,-0.55,-0.522,104.9,104.91,105.46,106.68,110.97,102.77,13637876.0,1453352108.0,15:34:59
sh688334,西高院,17.76,-0.18,-1.003,17.71,17.76,17.94,17.91,17.95,17.63,1226863.0,21814375.0,15:00:04
sh688335,复洁科技,19.47,-0.48,-2.406,19.47,19.48,19.95,19.96,20.25,19.2,1798304.0,35077427.0,15:00:04
sh688336,三生国健,43.45,-4.2,-8.814,43.45,43.5,47.65,47.66,47.7,43.1,12911832.0,577138728.0,15:34:59
sh688337,普源精电,42.95,-1.87,-4.172,42.95,42.98,44.82,44.23,44.41,41.73,3566818.0,153015337.0,15:00:02
sh688338,赛科希德,30.66,-0.94,-2.975,30.66,30.81,31.6,31.39,31.85,30.51,1909175.0,59141441.0,15:00:04
sh688339,亿华通,16.61,-0.43,-2.523,16.61,16.63,17.04,17.3,17.36,16.44,2858315.0,47835243.0,15:00:01
sh688343,云天励飞,55.05,-2.07,-3.624,55.05,55.08,57.12,57.0,57.57,54.38,5998451.0,333440528.0,15:34:59
sh688345,博力威,53.19,-0.33,-0.617,53.05,53.19,53.52,53.4,54.96,52.33,1649737.0,88359945.0,15:00:04
sh688347,华虹宏力,229.03,-4.19,-1.797,229.03,229.04,233.22,231.0,236.0,222.4,13058400.0,2972067743.0,15:34:59
sh688348,昱能科技,31.68,-0.7,-2.162,31.68,31.72,32.38,32.58,32.97,31.44,1309357.0,41896466.0,15:34:59
sh688349,三一重能,13.84,-0.16,-1.143,13.83,13.84,14.0,13.95,14.04,13.75,4612913.0,63979871.0,15:34:59
sh688350,富淼科技,29.4,0.15,0.513,29.11,29.4,29.25,29.5,29.63,28.88,1314094.0,38348391.0,15:00:02
sh688351,微电生理,19.93,-0.27,-1.337,19.93,19.95,20.2,20.16,20.39,19.7,3223970.0,64186885.0,15:00:02
sh688352,颀中科技,18.04,-0.48,-2.592,18.04,18.05,18.52,18.63,18.76,17.52,22629018.0,406553737.0,15:34:59
sh688353,华盛锂电,91.9,0.7,0.768,91.88,91.9,91.2,90.86,93.9,89.74,5507701.0,503859586.0,15:34:59
sh688355,明志科技,17.39,0.05,0.288,17.3,17.39,17.34,17.28,17.56,17.12,1224074.0,21202176.0,15:34:59
sh688356,键凯科技,124.0,16.66,15.521,123.98,124.0,107.34,116.32,128.81,116.32,15135647.0,1890200801.0,15:00:03
sh688357,建龙微纳,26.56,-0.34,-1.264,26.56,26.58,26.9,27.09,27.09,26.2,573324.0,15175554.0,15:00:04
sh688358,祥生医疗,28.04,-0.96,-3.31,28.03,28.04,29.0,28.86,29.0,27.62,1084805.0,30456910.0,15:00:04
sh688359,三孚新科,94.58,-1.4,-1.459,94.41,94.58,95.98,96.41,97.56,90.31,4092702.0,378989966.0,15:34:59
sh688360,德马科技,15.42,-0.3,-1.908,15.42,15.46,15.72,15.79,15.85,15.2,2739325.0,42285200.0,15:34:59
sh688361,中科飞测,349.5,0.04,0.011,349.5,349.54,349.46,350.08,364.95,342.4,8884445.0,3132743433.0,15:34:59
sh688362,甬矽电子,63.24,-1.64,-2.528,63.24,63.25,64.88,64.6,65.14,60.81,16561143.0,1035663408.0,15:34:59
sh688363,华熙生物,35.33,-1.05,-2.886,35.33,35.34,36.38,36.32,36.52,35.21,2710062.0,96803701.0,15:00:03
sh688365,光云科技,13.96,-0.35,-2.446,13.96,13.97,14.31,14.33,14.6,13.73,8670262.0,121655476.0,15:34:59
sh688366,昊海生科,29.45,-1.95,-6.21,29.45,29.47,31.4,30.55,30.83,29.26,1499012.0,44785508.0,15:00:02
sh688367,工大高科,28.94,-1.1,-3.662,28.9,28.94,30.04,30.04,30.04,28.75,1090105.0,31848230.0,15:00:01
sh688368,晶丰明源,122.0,-4.84,-3.816,121.87,122.0,126.84,126.68,126.99,117.35,4594018.0,556042257.0,15:00:04
sh688369,致远互联,19.17,-0.49,-2.492,19.17,19.2,19.66,19.5,19.82,18.8,3399678.0,65179675.0,15:00:03
sh688370,丛麟科技,23.17,-0.38,-1.614,23.16,23.17,23.55,23.35,23.79,22.55,805769.0,18532535.0,15:00:04
sh688371,菲沃泰,27.0,-0.9,-3.226,27.0,27.01,27.9,27.91,28.72,26.11,7548694.0,204670192.0,15:00:04
sh688372,伟测科技,122.22,-0.83,-0.675,122.22,122.28,123.05,123.5,127.85,118.0,6515559.0,798416017.0,15:00:02
sh688373,盟科药业,5.24,-0.2,-3.676,5.23,5.24,5.44,5.4,5.49,5.17,13627148.0,71837578.0,15:00:02
sh688375,国博电子,77.41,-2.21,-2.776,77.41,77.47,79.62,78.2,79.55,76.5,3393553.0,262578880.0,15:00:03
sh688376,美埃科技,66.49,-0.67,-0.998,66.49,66.5,67.16,66.94,67.81,65.35,1461216.0,96942063.0,15:00:04
sh688377,迪威尔,18.86,-1.45,-7.139,18.85,18.86,20.31,20.12,20.36,18.6,3223664.0,61705477.0,15:34:59
sh688378,奥来德,43.67,-2.14,-4.671,43.67,43.68,45.81,45.11,46.0,42.16,10548956.0,459957720.0,15:34:59
sh688379,华光新材,54.08,0.38,0.708,54.0,54.08,53.7,53.12,54.85,52.3,3039791.0,161674102.0,15:34:59
sh688380,中微半导,41.49,-0.59,-1.402,41.48,41.49,42.08,42.28,42.93,40.21,13323245.0,553791907.0,15:34:59
sh688381,帝奥微,32.68,-0.94,-2.796,32.68,32.74,33.62,34.37,34.9,31.77,14643260.0,486150878.0,15:00:03
sh688382,益方生物,19.06,-0.94,-4.7,19.06,19.07,20.0,20.21,20.21,18.95,15634708.0,301954342.0,15:34:59
sh688383,新益昌,122.77,-4.48,-3.521,122.55,122.77,127.25,130.0,130.0,117.89,2252367.0,274452159.0,15:00:03
sh688385,复旦微电,52.53,-1.07,-1.996,52.53,52.55,53.6,53.61,53.88,51.51,12788126.0,671703936.0,15:34:59
sh688386,泛亚微透,49.79,-2.37,-4.544,49.68,49.79,52.16,52.16,52.66,48.77,1999708.0,100480672.0,15:00:02
sh688387,信科移动,12.3,-0.72,-5.53,12.3,12.31,13.02,12.9,12.92,12.02,47638068.0,588743740.0,15:34:59
sh688388,嘉元科技,29.78,0.1,0.337,29.78,29.79,29.68,30.18,30.32,28.59,29456128.0,865078394.0,15:34:59
sh688389,普门科技,10.8,-0.36,-3.226,10.8,10.81,11.16,11.13,11.2,10.75,2491179.0,27092809.0,15:00:03
sh688390,固德威,64.5,-1.71,-2.583,64.48,64.5,66.21,66.18,67.4,63.35,5552863.0,361193885.0,15:34:59
sh688391,钜泉科技,24.96,-0.71,-2.766,24.95,24.96,25.67,25.67,25.67,24.52,1268929.0,31626267.0,15:00:02
sh688392,骄成超声,193.1,0.38,0.197,193.0,193.1,192.72,197.0,206.53,188.0,4723995.0,920662426.0,15:34:59
sh688393,安必平,19.58,-0.68,-3.356,19.58,19.59,20.26,20.28,20.28,19.35,1983961.0,38967265.0,15:00:04
sh688395,正弦电气,21.91,-0.74,-3.267,21.86,21.91,22.65,22.59,22.87,21.55,1959789.0,43140939.0,15:00:04
sh688396,华润微,61.22,-0.94,-1.512,61.21,61.22,62.16,62.5,63.75,59.65,26899164.0,1651427313.0,15:34:59
sh688398,赛特新材,19.83,-1.54,-7.206,19.83,19.84,21.37,21.33,21.63,19.65,1651310.0,33434306.0,15:00:02
sh688399,硕世生物,27.85,-0.79,-2.758,27.85,27.86,28.64,28.64,28.82,27.56,1789511.0,50095014.0,15:00:04
sh688400,凌云光,45.9,-1.36,-2.878,45.89,45.9,47.26,47.23,47.94,44.74,9122139.0,421575653.0,15:34:59
sh688401,路维光电,69.02,0.87,1.277,69.02,69.04,68.15,68.15,69.59,66.3,4486446.0,303616110.0,15:34:59
sh688403,汇成股份,23.3,0.29,1.26,23.3,23.31,23.01,23.01,23.44,22.26,44674687.0,1024028860.0,15:34:59
sh688408,中信博,24.9,-0.58,-2.276,24.9,24.91,25.48,25.48,26.19,24.7,2746684.0,69355598.0,15:00:01
sh688409,富创精密,207.25,-1.75,-0.837,207.25,207.28,209.0,209.0,217.55,202.0,7138791.0,1495530132.0,15:34:59
sh688410,山外山,10.87,-0.04,-0.367,10.84,10.87,10.91,11.11,11.4,10.8,11362655.0,125812908.0,15:00:03
sh688411,海博思创,201.31,-1.2,-0.593,201.31,201.32,202.51,204.0,209.9,198.5,1623538.0,330832047.0,15:00:04
sh688416,恒烁股份,72.87,-2.58,-3.419,72.83,72.87,75.45,75.45,76.39,70.5,4633342.0,337767574.0,15:34:59
sh688418,震有科技,32.12,-0.69,-2.103,32.12,32.14,32.81,32.9,32.9,31.3,3957271.0,126136925.0,15:00:00
sh688419,耐科装备,56.78,7.95,16.281,56.7,56.78,48.83,52.85,58.5,50.61,10806241.0,596790176.0,15:34:59
sh688420,美腾科技,22.05,-0.39,-1.738,22.05,22.2,22.44,22.33,22.33,21.77,525513.0,11579096.0,15:00:02
sh688425,铁建重工,4.02,-0.03,-0.741,4.01,4.02,4.05,4.05,4.07,4.01,14573309.0,58722565.0,15:00:03
sh688426,康为世纪,21.22,-1.2,-5.352,21.19,21.22,22.42,22.42,22.42,20.57,4526537.0,95830214.0,15:00:05
sh688428,诺诚健华,27.54,-2.06,-6.959,27.53,27.54,29.6,29.83,29.84,27.21,13129678.0,369126472.0,15:34:59
sh688429,时创能源,10.53,-0.09,-0.847,10.53,10.54,10.62,10.7,11.12,10.45,1684829.0,18066490.0,15:00:03
sh688432,有研硅,48.29,4.09,9.253,48.29,48.3,44.2,44.0,48.5,42.35,68221605.0,3049754930.0,15:34:59
sh688433,华曙高科,106.0,1.14,1.087,105.96,106.0,104.86,105.66,109.5,103.0,9862306.0,1048111253.0,15:34:59
sh688435,英方软件,29.85,-0.66,-2.163,29.79,29.85,30.51,30.64,30.65,29.49,1305623.0,38938242.0,15:00:02
sh688439,振华风光,38.12,-0.26,-0.677,38.12,38.14,38.38,38.38,38.61,37.62,1725465.0,65563200.0,15:00:05
sh688443,智翔金泰,24.6,-1.35,-5.202,24.6,24.65,25.95,25.83,26.35,24.44,4388627.0,109955569.0,15:00:02
sh688448,磁谷科技,64.58,0.2,0.311,64.58,64.62,64.38,64.98,66.3,63.02,2869364.0,185934080.0,15:34:59
sh688449,联芸科技,66.04,-2.11,-3.096,66.04,66.1,68.15,69.55,70.32,64.83,10590364.0,712563742.0,15:34:59
sh688450,光格科技,32.68,-1.0,-2.969,32.68,32.78,33.68,33.63,33.96,32.06,1465198.0,47872831.0,15:00:04
sh688455,科捷智能,16.76,0.52,3.202,16.76,16.78,16.24,16.08,16.88,15.46,7399718.0,119747831.0,15:00:03
sh688456,有研粉材,80.78,-2.12,-2.557,80.78,80.79,82.9,82.75,83.87,77.83,5730072.0,459463094.0,15:34:59
sh688458,美芯晟,33.32,-0.18,-0.537,33.31,33.32,33.5,33.8,34.22,32.47,1555716.0,51895634.0,15:00:02
sh688459,哈铁科技,7.93,-0.02,-0.252,7.93,7.94,7.95,7.92,7.96,7.88,587994.0,4651897.0,15:00:03
sh688466,金科环境,13.78,-0.13,-0.935,13.78,13.83,13.91,13.91,14.18,13.55,1306190.0,18051080.0,15:00:03
sh688468,科美诊断,6.25,-0.04,-0.636,6.25,6.26,6.29,6.29,6.36,6.16,2293289.0,14309768.0,15:00:03
sh688469,芯联集成,8.68,-0.2,-2.252,8.68,8.69,8.88,8.88,8.92,8.56,117918739.0,1030007833.0,15:34:59
sh688472,阿特斯,10.25,-0.22,-2.101,10.24,10.25,10.47,10.4,10.75,10.2,41711581.0,434336814.0,15:34:59
sh688475,萤石网络,29.08,-0.43,-1.457,29.08,29.11,29.51,29.81,29.88,29.0,4223297.0,124408240.0,15:00:04
sh688478,晶升股份,48.05,-1.91,-3.823,48.05,48.1,49.96,49.41,49.89,46.6,4902478.0,235815822.0,15:34:59
sh688479,友车科技,32.45,-0.62,-1.875,32.43,32.45,33.07,33.13,33.39,31.81,2363709.0,76644616.0,15:00:03
sh688480,赛恩斯,77.68,-2.2,-2.754,77.6,77.68,79.88,79.05,79.05,76.1,946652.0,73124836.0,15:00:02
sh688484,南芯科技,34.85,-1.26,-3.489,34.82,34.85,36.11,35.91,36.1,33.9,7549044.0,262035309.0,15:34:59
sh688485,九州一轨,81.35,-1.77,-2.129,81.35,81.36,83.12,84.54,86.0,78.67,6378381.0,516196033.0,15:34:59
sh688486,龙迅股份,43.08,-2.34,-5.152,43.08,43.09,45.42,45.1,45.24,42.28,4732799.0,205751333.0,15:00:04
sh688488,艾迪药业,15.93,-0.56,-3.396,15.93,15.95,16.49,16.77,16.89,15.6,9839368.0,158003074.0,15:34:59
sh688489,三未信安,23.24,-0.91,-3.768,23.24,23.25,24.15,24.1,24.6,22.91,1927397.0,45329398.0,15:00:04
sh688496,*ST清越,0.92,0.02,2.222,0.91,0.92,0.9,0.89,0.94,0.89,5886598.0,5344877.0,15:34:59
sh688498,源杰科技,1541.0,-46.0,-2.899,1541.0,1541.55,1587.0,1571.13,1597.0,1495.0,3419488.0,5280039291.0,15:34:59
sh688499,利元亨,35.55,0.45,1.282,35.55,35.56,35.1,35.88,36.78,35.11,5649980.0,202859136.0,15:34:59
sh688500,慧辰股份,35.72,-1.0,-2.723,35.72,35.8,36.72,37.11,37.21,35.15,1089066.0,39137256.0,15:00:02
sh688501,青达环保,13.04,-0.24,-1.807,13.04,13.07,13.28,13.28,13.49,12.95,1977650.0,26026058.0,15:00:03
sh688502,茂莱光学,436.6,-11.26,-2.514,436.6,436.61,447.86,440.0,460.55,420.27,1808171.0,801246679.0,15:34:59
sh688503,聚和材料,88.8,-2.96,-3.226,88.74,88.8,91.76,91.8,92.64,85.76,17835007.0,1582837884.0,15:34:59
sh688505,复旦张江,8.38,-0.26,-3.009,8.37,8.38,8.64,8.56,8.65,8.3,15738118.0,132476820.0,15:00:03
sh688506,百利天恒,264.98,-17.73,-6.271,264.97,264.98,282.71,281.15,287.5,262.1,2431644.0,655468198.0,15:34:59
sh688507,索辰科技,149.17,-9.29,-5.863,149.17,149.18,158.46,156.0,156.46,146.0,4775754.0,714254184.0,15:34:59
sh688508,芯朋微,81.5,-3.9,-4.567,81.5,81.53,85.4,86.53,86.53,78.38,7129945.0,578403371.0,15:00:02
sh688509,正元地信,4.13,-0.06,-1.432,4.12,4.13,4.19,4.2,4.23,4.09,3282178.0,13561201.0,15:00:02
sh688510,航亚科技,23.52,-0.29,-1.218,23.51,23.52,23.81,23.82,24.34,23.12,5035353.0,119111758.0,15:00:02
sh688511,天微电子,20.9,-1.2,-5.43,20.9,20.95,22.1,22.25,22.25,20.57,1577388.0,33115452.0,15:00:02
sh688512,慧智微,13.75,-0.65,-4.514,13.74,13.75,14.4,14.5,14.61,13.51,13904462.0,192623855.0,15:34:59
sh688513,苑东生物,42.91,-2.65,-5.817,42.91,42.99,45.56,45.47,46.0,42.7,2867749.0,124839910.0,15:00:04
sh688515,裕太微,148.8,-8.38,-5.331,148.8,148.84,157.18,155.92,158.0,144.2,3373057.0,507616558.0,15:00:02
sh688516,奥特维,42.5,0.99,2.385,42.48,42.5,41.51,41.24,42.79,41.24,8438336.0,353823532.0,15:00:03
sh688517,金冠电气,15.72,-0.42,-2.602,15.72,15.73,16.14,16.11,16.43,15.52,1717146.0,27030511.0,15:00:03
sh688518,联赢激光,20.12,0.31,1.565,20.11,20.12,19.81,19.98,20.48,19.66,13215967.0,264843151.0,15:34:59
sh688519,南亚新材,278.2,-11.63,-4.013,278.2,278.21,289.83,288.88,289.49,267.03,4659993.0,1286873368.0,15:34:59
sh688520,神州细胞,36.39,-1.5,-3.959,36.39,36.44,37.89,37.72,38.46,36.01,4497665.0,165085796.0,15:34:59
sh688521,芯原股份,168.66,-9.72,-5.449,168.66,168.71,178.38,176.6,178.38,164.6,16456953.0,2799074440.0,15:34:59
sh688522,纳睿雷达,17.8,-0.8,-4.301,17.79,17.8,18.6,18.36,18.66,17.75,4646463.0,83844256.0,15:34:59
sh688523,航天环宇,40.6,-1.43,-3.402,40.6,40.62,42.03,41.69,42.05,39.93,3941190.0,160972997.0,15:34:59
sh688525,佰维存储,225.59,-13.37,-5.595,225.59,225.6,238.96,237.01,237.11,220.19,22203231.0,5019594474.0,15:34:59
sh688526,科前生物,12.97,-0.12,-0.917,12.97,12.98,13.09,12.99,13.13,12.89,1346527.0,17472504.0,15:00:02
sh688528,秦川物联,9.65,-0.2,-2.03,9.64,9.65,9.85,9.85,9.96,9.52,2286358.0,22157077.0,15:00:04
sh688529,豪森智能,15.73,-0.5,-3.081,15.73,15.74,16.23,16.35,16.35,15.59,1117934.0,17733825.0,15:00:02
sh688530,欧莱新材,62.92,0.06,0.095,62.92,62.95,62.86,64.12,66.7,60.9,10035238.0,636357342.0,15:34:59
sh688531,日联科技,132.79,-3.58,-2.625,132.67,132.79,136.37,136.0,136.37,128.36,3880765.0,512512992.0,15:00:03
sh688533,上声电子,20.64,-0.21,-1.007,20.64,20.68,20.85,20.84,21.1,20.44,744503.0,15406302.0,15:00:04
sh688535,华海诚科,99.54,-0.96,-0.955,99.54,99.55,100.5,100.62,101.08,96.4,4816495.0,473905945.0,15:34:59
sh688536,思瑞浦,301.69,-9.64,-3.096,301.6,301.69,311.33,314.22,318.0,293.58,4472419.0,1356443683.0,15:00:02
sh688538,和辉光电,2.29,-0.02,-0.866,2.29,2.3,2.31,2.31,2.32,2.29,58093612.0,133601669.0,15:34:59
sh688539,高华科技,24.78,-0.79,-3.09,24.78,24.79,25.57,25.5,25.85,24.32,2083279.0,51800271.0,15:00:02
sh688543,国科军工,38.19,-0.41,-1.062,38.17,38.19,38.6,38.45,39.05,37.68,3549479.0,136176235.0,15:34:59
sh688545,兴福电子,81.47,0.68,0.842,81.47,81.48,80.79,82.88,83.88,78.19,13005888.0,1045423367.0,15:34:59
sh688548,广钢气体,35.1,-2.18,-5.848,35.09,35.1,37.28,37.66,37.66,34.08,24539080.0,864146730.0,15:34:59
sh688549,中巨芯,25.23,-1.97,-7.243,25.23,25.24,27.2,27.2,27.5,24.39,78818907.0,2001634987.0,15:34:59
sh688550,瑞联新材,37.87,-0.92,-2.372,37.87,37.88,38.79,38.45,38.76,36.8,4463734.0,167274102.0,15:00:03
sh688551,科威尔,38.05,-2.25,-5.583,37.93,38.05,40.3,39.38,40.48,37.0,3327697.0,127337802.0,15:34:59
sh688552,航天南湖,25.87,-0.46,-1.747,25.87,25.95,26.33,26.34,26.48,25.46,1781113.0,46053866.0,15:00:03
sh688553,汇宇制药,12.04,0.12,1.007,12.03,12.04,11.92,12.36,12.98,12.04,23145098.0,287406781.0,15:34:59
sh688556,高测股份,7.98,-0.15,-1.845,7.97,7.98,8.13,8.17,8.28,7.83,17015625.0,136210711.0,15:34:59
sh688557,兰剑智能,20.5,-0.74,-3.484,20.49,20.5,21.24,21.24,21.48,20.4,2281720.0,47387280.0,15:00:00
sh688558,国盛智科,31.15,-0.88,-2.747,31.01,31.15,32.03,32.11,32.23,30.63,1332304.0,41440392.0,15:00:03
sh688559,海目星,55.45,2.86,5.438,55.45,55.47,52.59,52.34,56.98,52.04,16093776.0,895305469.0,15:34:59
sh688560,明冠新材,11.93,-0.17,-1.405,11.92,11.93,12.1,12.13,12.24,11.82,2425285.0,29086041.0,15:00:03
sh688561,奇安信,24.63,-0.82,-3.222,24.62,24.63,25.45,25.49,25.49,24.51,4632382.0,114991876.0,15:34:59
sh688562,航天软件,13.9,-0.09,-0.643,13.88,13.9,13.99,13.96,14.36,13.75,2919438.0,40904293.0,15:00:02
sh688563,航材股份,49.25,-0.7,-1.401,49.25,49.3,49.95,49.92,50.34,49.21,1021630.0,50801172.0,15:34:59
sh688565,力源科技,11.01,-0.15,-1.344,11.0,11.01,11.16,11.16,11.25,10.85,1647735.0,18136951.0,15:00:02
sh688566,吉贝尔,25.41,-0.87,-3.311,25.4,25.41,26.28,26.3,26.3,25.3,2259851.0,57753220.0,15:00:03
sh688567,孚能科技,9.52,-0.1,-1.04,9.52,9.55,9.62,9.7,9.85,9.48,8808465.0,84799117.0,15:00:04
sh688568,中科星图,31.0,-1.8,-5.488,31.0,31.01,32.8,32.5,32.62,30.83,9335516.0,293455288.0,15:34:59
sh688569,铁科轨道,18.45,0.0,0.0,18.44,18.45,18.45,18.3,18.6,18.15,2021831.0,37040712.0,15:00:02
sh688570,天玛智控,15.2,-0.05,-0.328,15.17,15.2,15.25,15.25,15.33,14.91,678650.0,10224162.0,15:00:02
sh688571,杭华股份,8.32,-0.37,-4.258,8.32,8.34,8.69,8.69,8.76,8.24,8975566.0,75595061.0,15:34:59
sh688573,信宇人,16.25,-0.05,-0.307,16.25,16.26,16.3,16.6,16.63,16.04,1271176.0,20708249.0,15:00:02
sh688575,亚辉龙,9.2,-0.35,-3.665,9.19,9.2,9.55,9.5,9.55,9.13,9236618.0,85624957.0,15:00:02
sh688576,西山科技,40.61,-0.53,-1.288,40.61,40.73,41.14,41.14,41.56,40.29,320042.0,13036795.0,15:00:03
sh688577,浙海德曼,41.87,-0.21,-0.499,41.85,41.87,42.08,42.08,42.7,41.37,854683.0,35772670.0,15:00:04
sh688578,艾力斯,112.19,-4.31,-3.7,112.18,112.19,116.5,117.24,118.86,111.55,7819702.0,892479242.0,15:34:59
sh688579,地纬智能,7.66,-0.3,-3.769,7.65,7.66,7.96,7.81,7.9,7.52,5094144.0,39170680.0,15:00:04
sh688580,伟思医疗,45.68,-2.56,-5.307,45.66,45.68,48.24,48.6,48.7,45.16,1756871.0,81317012.0,15:00:05
sh688581,安杰思,51.08,-0.58,-1.123,51.08,51.2,51.66,51.66,51.83,50.77,654067.0,33422684.0,15:00:03
sh688582,芯动联科,41.56,-0.04,-0.096,41.56,41.6,41.6,41.14,43.01,40.7,5954757.0,248661655.0,15:34:59
sh688583,思看科技,82.0,-5.63,-6.425,82.0,82.08,87.63,86.99,86.99,80.22,2473910.0,203968374.0,15:00:04
sh688584,上海合晶,29.79,0.68,2.336,29.78,29.79,29.11,29.6,29.88,28.08,14219230.0,412060001.0,15:34:59
sh688585,上纬新材,149.47,5.61,3.9,149.45,149.47,143.86,145.44,162.8,145.44,6525708.0,1006056074.0,15:34:59
sh688586,江航装备,11.06,0.73,7.067,11.05,11.06,10.33,10.31,11.1,10.31,15797968.0,171639856.0,15:34:59
sh688588,凌志软件,9.33,-0.16,-1.686,9.33,9.34,9.49,9.56,9.56,9.26,1870658.0,17508872.0,15:00:04
sh688589,力合微,19.53,-0.37,-1.859,19.53,19.54,19.9,20.25,20.65,19.23,7634419.0,150980400.0,15:00:02
sh688590,新致软件,12.31,-0.7,-5.38,12.31,12.32,13.01,13.01,13.01,12.19,7421734.0,92005914.0,15:00:04
sh688591,泰凌微,26.7,-0.24,-0.891,26.6,26.7,26.94,27.0,27.28,26.01,3525713.0,93816934.0,15:00:04
sh688592,司南导航,23.65,-1.15,-4.637,23.58,23.65,24.8,24.85,24.95,23.15,1160919.0,27617611.0,15:00:04
sh688593,新相微,31.5,-2.68,-7.841,31.5,31.51,34.18,33.0,33.5,30.0,22129455.0,699670208.0,15:34:59
sh688595,芯海科技,27.15,-0.86,-3.07,27.15,27.17,28.01,28.09,28.09,26.6,2275512.0,61920935.0,15:34:59
sh688596,正帆科技,71.15,4.85,7.315,71.12,71.15,66.3,67.0,71.75,64.5,35049726.0,2427679182.0,15:34:59
sh688597,煜邦电力,6.65,-0.1,-1.481,6.65,6.66,6.75,6.84,6.84,6.56,4446702.0,29587399.0,15:00:02
sh688598,金博股份,36.87,-2.98,-7.478,36.86,36.87,39.85,39.87,41.5,35.9,29501485.0,1109919162.0,15:00:01
sh688599,天合光能,12.64,-0.26,-2.016,12.63,12.64,12.9,12.82,13.09,12.55,22697232.0,289502368.0,15:34:59
sh688600,皖仪科技,26.83,0.04,0.149,26.81,26.83,26.79,26.88,27.0,25.53,2397355.0,62847114.0,15:00:04
sh688601,力芯微,49.4,0.91,1.877,49.4,49.44,48.49,49.4,51.34,47.68,5266431.0,261085362.0,15:34:59
sh688602,康鹏科技,6.53,-0.24,-3.545,6.52,6.53,6.77,6.66,6.77,6.46,6110817.0,40065426.0,15:00:04
sh688603,天承科技,104.38,-2.49,-2.33,104.38,104.4,106.87,106.5,107.89,101.01,3355214.0,347714805.0,15:00:02
sh688605,先锋精科,71.5,-0.1,-0.14,71.34,71.5,71.6,72.05,72.35,69.0,3970656.0,280807377.0,15:00:02
sh688606,奥泰生物,47.64,-0.32,-0.667,47.64,47.65,47.96,47.57,48.34,47.19,273828.0,13038861.0,15:00:02
sh688607,康众医疗,41.26,-1.62,-3.778,41.26,41.28,42.88,43.05,43.67,40.5,1296405.0,53592523.0,15:34:59
sh688608,恒玄科技,102.38,-5.11,-4.754,102.38,102.39,107.49,106.99,107.78,101.81,3628720.0,376421386.0,15:34:59
sh688609,九联科技,8.74,-0.22,-2.455,8.73,8.74,8.96,8.96,8.99,8.6,15221045.0,133151678.0,15:00:03
sh688610,埃科光电,169.0,0.1,0.059,168.36,169.0,168.9,168.5,173.46,164.02,1790708.0,300989342.0,15:00:02
sh688611,杭州柯林,61.46,-2.75,-4.283,61.4,61.46,64.21,64.03,64.22,60.34,1467190.0,90477687.0,15:00:03
sh688612,威迈斯,32.98,-0.2,-0.603,32.98,32.99,33.18,32.97,33.78,31.88,4619980.0,151703626.0,15:00:02
sh688613,奥精医疗,15.07,-0.38,-2.46,15.04,15.07,15.45,15.27,15.53,14.98,2016454.0,30522237.0,15:00:03
sh688615,合合信息,89.73,-4.21,-4.482,89.73,89.76,93.94,93.02,93.3,88.44,6601849.0,594979786.0,15:34:59
sh688616,西力科技,10.78,-0.1,-0.919,10.78,10.82,10.88,10.93,10.96,10.68,1340409.0,14468387.0,15:00:04
sh688617,惠泰医疗,258.57,-4.93,-1.871,258.56,258.57,263.5,262.87,265.27,255.42,1784572.0,462474472.0,15:34:59
sh688618,三旺通信,30.12,-1.29,-4.107,30.11,30.12,31.41,31.49,31.66,29.62,2605789.0,78856970.0,15:00:00
sh688619,罗普特,14.41,-0.98,-6.368,14.41,14.45,15.39,15.32,15.69,13.89,5702647.0,82832157.0,15:00:03
sh688620,安凯微,15.6,0.33,2.161,15.6,15.61,15.27,15.3,15.67,15.02,15051506.0,230452645.0,15:34:59
sh688621,阳光诺和,65.0,-1.01,-1.53,65.0,65.33,66.01,64.69,68.5,64.01,6682824.0,445064913.0,15:34:59
sh688622,*ST禾信,97.57,-6.63,-6.363,97.57,97.7,104.2,106.58,106.58,97.01,298700.0,30213583.0,15:34:59
sh688623,双元科技,57.72,-0.1,-0.173,57.71,57.72,57.82,57.32,58.6,56.95,599793.0,34601303.0,15:00:02
sh688625,呈和科技,52.95,-6.15,-10.406,52.89,52.95,59.1,58.51,58.51,51.28,7092967.0,381190424.0,15:00:04
sh688626,翔宇医疗,41.69,-2.01,-4.6,41.69,41.7,43.7,43.55,43.84,41.33,1863300.0,78577912.0,15:00:03
sh688627,精智达,465.29,-19.5,-4.022,465.29,465.6,484.79,479.99,492.0,451.38,4363665.0,2044451665.0,15:34:59
sh688628,优利德,83.71,-2.78,-3.214,83.71,83.79,86.49,85.85,86.53,80.7,6213715.0,515685890.0,15:34:59
sh688629,华丰科技,133.95,-5.14,-3.695,133.95,133.96,139.09,139.19,141.71,129.0,12040547.0,1614579153.0,15:34:59
sh688630,芯碁微装,426.15,-3.43,-0.798,426.15,426.17,429.58,432.0,439.82,406.0,5453526.0,2292386716.0,15:34:59
sh688631,莱斯信息,39.25,-0.44,-1.109,39.25,39.27,39.69,39.46,39.9,38.8,1053723.0,41393829.0,15:00:02
sh688633,星球石墨,23.48,-0.6,-2.492,23.48,23.49,24.08,24.33,24.34,23.17,2132335.0,50209601.0,15:34:59
sh688635,长进光子,315.15,-6.21,-1.932,315.08,315.15,321.36,318.47,324.87,305.88,1836482.0,577364574.0,15:34:59
sh688636,智明达,19.49,-0.59,-2.938,19.48,19.49,20.08,19.91,20.47,19.08,6643072.0,130155230.0,15:00:03
sh688638,誉辰智能,33.09,-0.47,-1.4,32.99,33.09,33.56,33.56,33.88,32.6,429793.0,14242711.0,15:00:04
sh688639,华恒生物,16.08,-0.61,-3.655,16.08,16.09,16.69,16.67,16.94,16.01,5808121.0,94813961.0,15:00:03
sh688646,逸飞激光,70.2,-2.98,-4.072,70.2,70.23,73.18,72.68,72.68,68.0,2042303.0,142794440.0,15:00:02
sh688648,中邮科技,31.49,-0.84,-2.598,31.47,31.49,32.33,32.75,33.2,30.9,2831320.0,89633055.0,15:34:59
sh688651,盛邦安全,22.3,-0.6,-2.62,22.3,22.38,22.9,22.74,23.25,22.02,1280637.0,28666385.0,15:00:03
sh688652,京仪装备,148.58,5.1,3.555,148.58,148.59,143.48,149.7,153.88,145.25,7155312.0,1063041167.0,15:34:59
sh688653,康希通信,15.32,-0.42,-2.668,15.32,15.33,15.74,15.79,16.03,15.04,24282308.0,374299174.0,15:00:02
sh688655,迅捷兴,41.79,-0.57,-1.346,41.79,41.8,42.36,42.62,42.9,39.58,8754065.0,357187758.0,15:34:59
sh688656,浩欧博,94.88,-6.9,-6.779,94.75,94.88,101.78,103.43,103.43,91.65,1572068.0,148485524.0,15:00:04
sh688657,浩辰软件,32.46,-0.32,-0.976,32.46,32.52,32.78,32.24,33.01,32.1,1173834.0,38231370.0,15:00:04
sh688658,悦康药业,13.21,-1.1,-7.687,13.2,13.21,14.31,14.34,14.38,13.12,38796796.0,523952154.0,15:34:59
sh688659,元琛科技,10.46,-0.23,-2.152,10.46,10.48,10.69,10.8,10.81,10.25,2775942.0,29043281.0,15:00:03
sh688660,电气风电,7.36,-0.38,-4.91,7.35,7.36,7.74,7.76,7.83,7.28,19175638.0,143622568.0,15:34:59
sh688661,和林微纳,100.71,-0.3,-0.297,100.7,100.71,101.01,102.86,103.15,96.21,3788711.0,375457770.0,15:34:59
sh688662,富信科技,89.45,-2.37,-2.581,89.45,89.47,91.82,91.01,92.19,85.81,9253799.0,819889474.0,15:34:59
sh688663,新风光,53.59,-2.35,-4.201,53.56,53.59,55.94,55.58,55.68,52.08,2749805.0,147559056.0,15:34:59
sh688665,四方光电,43.15,-0.55,-1.259,43.15,43.19,43.7,43.7,44.02,42.27,496644.0,21343116.0,15:00:04
sh688667,菱电电控,85.5,-5.4,-5.941,85.5,85.56,90.9,91.33,91.99,83.19,978243.0,84388741.0,15:00:03
sh688668,鼎通科技,248.0,-3.78,-1.501,247.74,248.0,251.78,251.21,257.78,239.3,4520704.0,1125274802.0,15:34:59
sh688669,聚石化学,75.7,-3.79,-4.768,75.7,75.78,79.49,78.46,78.46,74.15,3574211.0,270163669.0,15:00:03
sh688670,金迪克,15.01,-0.94,-5.893,15.01,15.04,15.95,16.0,16.5,14.92,4359629.0,68007037.0,15:00:03
sh688671,碧兴物联,23.92,-0.7,-2.843,23.92,24.1,24.62,24.62,24.84,23.69,923799.0,22282744.0,15:00:04
sh688676,金盘科技,75.35,-0.65,-0.855,75.35,75.36,76.0,75.5,77.5,73.03,19523793.0,1472496021.0,15:34:59
sh688677,海泰新光,84.25,-7.68,-8.354,84.25,84.27,91.93,90.6,90.96,80.01,10778401.0,904472890.0,15:34:59
sh688678,福立旺,19.54,0.14,0.722,19.52,19.54,19.4,19.38,19.9,18.81,15032718.0,290161894.0,15:34:59
sh688679,通源环境,38.67,-1.63,-4.045,38.66,38.67,40.3,40.01,40.99,38.01,4021543.0,156926086.0,15:00:04
sh688680,海优新材,33.15,-1.03,-3.013,33.15,33.16,34.18,34.17,34.56,32.77,1182795.0,39330641.0,15:00:04
sh688681,科汇股份,16.83,-0.18,-1.058,16.83,16.84,17.01,17.27,17.27,16.58,1487456.0,24992484.0,15:00:02
sh688682,霍莱沃,30.89,-0.85,-2.678,30.89,30.98,31.74,31.48,31.95,30.46,964006.0,29831433.0,15:00:02
sh688683,莱尔科技,30.03,-0.23,-0.76,29.97,30.03,30.26,30.16,30.79,29.55,1456110.0,43806160.0,15:00:05
sh688685,迈信林,40.48,-0.47,-1.148,40.48,40.49,40.95,40.95,41.55,39.76,2757831.0,111936310.0,15:00:04
sh688686,奥普特,119.23,-3.78,-3.073,119.23,119.46,123.01,122.93,126.7,117.78,2457987.0,299033131.0,15:00:02
sh688687,凯因科技,18.05,-0.13,-0.715,18.05,18.06,18.18,18.3,19.13,17.89,5531255.0,101539704.0,15:00:03
sh688689,银河微电,39.4,-0.93,-2.306,39.39,39.4,40.33,40.12,40.58,38.24,5233742.0,205616697.0,15:34:59
sh688690,纳微科技,40.57,-2.83,-6.521,40.56,40.57,43.4,43.07,43.86,39.54,14833164.0,610362237.0,15:34:59
sh688691,灿芯股份,63.02,-1.48,-2.295,63.02,63.04,64.5,65.1,65.32,61.29,3144020.0,197696962.0,15:00:03
sh688692,达梦数据,233.67,-6.42,-2.674,233.66,233.67,240.09,239.18,240.0,230.2,948994.0,221871890.0,15:00:03
sh688693,锴威特,75.63,-0.83,-1.086,75.63,75.79,76.46,76.54,79.35,73.62,2929183.0,223075663.0,15:34:59
sh688695,中创股份,19.05,-0.36,-1.855,19.05,19.13,19.41,19.36,19.54,18.76,1006349.0,19148905.0,15:00:04
sh688696,极米科技,67.29,-1.53,-2.223,67.26,67.29,68.82,69.88,69.88,67.07,379252.0,25690016.0,15:00:02
sh688697,纽威数控,14.69,0.06,0.41,14.69,14.7,14.63,14.63,14.88,14.4,7827084.0,114549326.0,15:34:59
sh688698,伟创电气,44.32,-0.76,-1.686,44.2,44.32,45.08,45.11,45.84,43.68,2337604.0,103765394.0,15:00:02
sh688699,明微电子,59.15,-1.37,-2.264,59.15,59.16,60.52,60.33,60.89,57.26,3400886.0,200262698.0,15:00:03
sh688700,东威科技,55.63,-1.82,-3.168,55.62,55.63,57.45,57.64,57.64,53.6,9606200.0,530993721.0,15:34:59
sh688701,卓锦股份,8.27,-0.18,-2.13,8.27,8.29,8.45,8.56,8.56,8.22,1940294.0,16178505.0,15:00:04
sh688702,盛科通信,351.39,-24.41,-6.495,351.36,351.39,375.8,375.12,375.27,343.01,7769532.0,2752540560.0,15:34:59
sh688707,振华新材,10.54,0.13,1.249,10.5,10.54,10.41,10.41,10.87,10.41,9030635.0,95839727.0,15:00:02
sh688708,佳驰科技,41.26,-1.04,-2.459,41.26,41.29,42.3,42.3,42.49,41.24,811162.0,33750091.0,15:00:04
sh688709,成都华微,24.96,-0.65,-2.538,24.96,24.97,25.61,25.52,25.85,24.38,4126629.0,103167702.0,15:34:59
sh688710,益诺思,89.89,-5.36,-5.627,89.84,89.89,95.25,93.66,95.56,88.88,2715612.0,247381500.0,15:34:59
sh688711,宏微科技,24.98,-0.92,-3.552,24.98,24.99,25.9,25.87,26.46,24.33,9106308.0,229155070.0,15:34:59
sh688712,北芯生命,32.18,-1.04,-3.131,32.18,32.19,33.22,33.0,33.21,31.7,2193283.0,70718735.0,15:34:59
sh688716,中研股份,27.14,-0.55,-1.986,27.13,27.14,27.69,28.1,28.1,26.68,1302143.0,35291844.0,15:00:02
sh688717,艾罗能源,58.55,-1.25,-2.09,58.55,58.57,59.8,59.5,61.3,57.75,7080903.0,418427353.0,15:34:59
sh688718,唯赛勃,14.03,-0.25,-1.751,14.03,14.09,14.28,14.35,14.37,13.86,1574677.0,22191922.0,15:00:02
sh688719,爱科赛博,49.18,-2.42,-4.69,49.18,49.27,51.6,50.68,52.2,47.86,3373440.0,166675985.0,15:00:03
sh688720,艾森股份,65.3,-2.04,-3.029,65.3,65.4,67.34,67.02,68.15,63.13,4494659.0,293034799.0,15:00:02
sh688721,龙图光罩,41.99,-0.52,-1.223,41.99,42.0,42.51,42.23,42.71,40.56,2606372.0,108276785.0,15:34:59
sh688722,同益中,13.45,-0.4,-2.888,13.44,13.45,13.85,13.9,13.93,13.31,2475023.0,33437901.0,15:00:04
sh688726,拉普拉斯,47.02,1.81,4.004,47.02,47.03,45.21,45.46,49.46,45.27,15127308.0,719632262.0,15:34:59
sh688727,恒坤新材,49.59,1.84,3.853,49.58,49.59,47.75,50.0,51.6,48.0,6624712.0,328919910.0,15:00:01
sh688728,格科微,15.28,-0.57,-3.596,15.28,15.29,15.85,15.7,15.85,14.97,25944882.0,397561844.0,15:34:59
sh688729,屹唐股份,23.3,-1.03,-4.233,23.3,23.31,24.33,24.31,24.5,22.86,29561177.0,693599777.0,15:34:59
sh688733,壹石通,30.18,-0.22,-0.724,30.17,30.18,30.4,30.46,30.9,29.4,4895145.0,147145443.0,15:34:59
sh688737,中自科技,17.66,-0.28,-1.561,17.61,17.66,17.94,17.92,18.07,17.39,1201908.0,21188441.0,15:00:02
sh688739,成大生物,20.56,-0.12,-0.58,20.55,20.56,20.68,20.7,20.96,20.44,2966650.0,61142201.0,15:00:03
sh688750,金天钛业,13.84,-0.22,-1.565,13.84,13.89,14.06,14.2,14.29,13.69,2751674.0,38375643.0,15:00:04
sh688755,汉邦科技,26.86,-0.6,-2.185,26.86,26.92,27.46,27.28,28.12,26.81,1242360.0,33920849.0,15:00:04
sh688757,胜科纳米,30.71,-1.23,-3.851,30.71,30.74,31.94,31.98,31.99,29.67,8932373.0,272922196.0,15:00:03
sh688758,赛分科技,26.55,-0.78,-2.854,26.55,26.56,27.33,27.53,27.93,26.0,11089858.0,294781548.0,15:00:05
sh688759,必贝特,25.15,-1.55,-5.805,25.15,25.16,26.7,27.0,27.0,24.75,3558393.0,90853452.0,15:00:03
sh688765,禾元生物,35.49,-1.78,-4.776,35.48,35.49,37.27,37.29,37.53,35.32,3134171.0,112712133.0,15:34:59
sh688766,普冉股份,411.0,-52.65,-11.356,410.99,411.0,463.65,451.0,451.0,403.66,13436999.0,5641883563.0,15:34:59
sh688767,博拓生物,35.16,-5.56,-13.654,35.1,35.16,40.72,40.38,40.58,34.5,5115981.0,186382199.0,15:34:59
sh688768,容知日新,40.3,-2.29,-5.377,40.29,40.3,42.59,41.36,43.34,39.57,964335.0,39190098.0,15:00:02
sh688772,珠海冠宇,14.4,-0.44,-2.965,14.4,14.41,14.84,14.7,15.07,14.31,17669157.0,258597072.0,15:34:59
sh688775,影石创新,116.63,-4.54,-3.747,116.62,116.63,121.17,120.0,120.8,115.7,2949213.0,345547849.0,15:34:59
sh688776,国光电气,45.95,-1.33,-2.813,45.95,45.99,47.28,46.81,47.98,45.26,1168361.0,53950354.0,15:00:04
sh688777,中控技术,88.31,-2.8,-3.073,88.3,88.31,91.11,90.66,91.18,86.98,10348108.0,914167300.0,15:34:59
sh688778,厦钨新能,46.89,1.01,2.201,46.88,46.89,45.88,46.2,48.38,45.96,7921757.0,374872597.0,15:34:59
sh688779,五矿新能,8.15,-0.01,-0.123,8.15,8.17,8.16,8.13,8.26,8.06,29082213.0,236990724.0,15:34:59
sh688781,视涯科技,36.59,-1.13,-2.996,36.59,36.63,37.72,37.72,37.72,35.77,1919789.0,70213161.0,15:00:03
sh688783,西安奕材,31.61,0.17,0.541,31.61,31.62,31.44,31.7,31.84,30.4,25211117.0,785294793.0,15:34:59
sh688785,恒运昌,273.5,4.6,1.711,273.5,274.0,268.9,268.88,276.23,263.02,581511.0,156584080.0,15:00:03
sh688786,悦安新材,27.13,-0.67,-2.41,27.13,27.15,27.8,27.61,27.8,26.45,3736023.0,100868651.0,15:00:03
sh688787,海天瑞声,101.25,-3.12,-2.989,101.25,101.26,104.37,105.68,105.68,99.2,1489970.0,150911868.0,15:00:04
sh688788,科思科技,30.67,0.8,2.678,30.67,30.68,29.87,29.91,31.16,29.61,3808053.0,115151255.0,15:00:02
sh688789,宏华数科,45.36,-0.87,-1.882,45.36,45.45,46.23,46.13,46.33,45.0,1557346.0,70874236.0,15:34:59
sh688790,昂瑞微,93.99,-2.28,-2.368,93.99,94.0,96.27,97.8,97.8,93.39,268299.0,25371611.0,15:00:02
sh688793,倍轻松,20.15,-1.36,-6.323,20.15,20.21,21.51,21.29,21.44,19.42,3792663.0,76388565.0,15:00:03
sh688795,摩尔线程,527.66,-15.23,-2.805,527.6,527.66,542.89,540.01,540.1,519.03,971525.0,512348724.0,15:34:59
sh688796,百奥赛图,124.92,-9.32,-6.943,124.8,124.92,134.24,135.16,135.63,123.7,2820128.0,360489367.0,15:34:59
sh688797,臻宝科技,314.19,5.98,1.94,314.19,314.2,308.21,310.0,325.58,303.5,2970841.0,932114231.0,15:34:59
sh688798,艾为电子,52.58,-1.47,-2.72,52.57,52.58,54.05,54.06,54.28,52.07,2274692.0,120688438.0,15:34:59
sh688799,华纳药厂,43.33,-0.32,-0.733,43.33,43.38,43.65,44.55,45.98,42.64,3500981.0,153921253.0,15:00:02
sh688800,瑞可达,64.2,0.64,1.007,64.2,64.21,63.56,63.56,65.7,61.99,16003936.0,1024671104.0,15:34:59
sh688802,沐曦股份,664.0,-36.0,-5.143,664.0,664.6,700.0,695.79,695.79,654.32,956308.0,640866590.0,15:34:59
sh688805,健信超导,39.8,1.42,3.7,39.8,39.84,38.38,38.61,40.0,37.54,1448470.0,56168375.0,15:34:59
sh688806,泰诺麦博,23.92,-1.64,-6.416,23.92,23.93,25.56,25.33,25.33,23.74,6157506.0,149894138.0,15:34:59
sh688807,优迅股份,335.0,15.9,4.983,334.9,335.0,319.1,325.0,338.49,308.0,3418773.0,1120103502.0,15:34:59
sh688808,联讯仪器,2265.99,-56.23,-2.421,2265.99,2268.0,2322.22,2300.1,2320.0,2188.0,784763.0,1762495285.0,15:00:02
sh688809,强一股份,438.5,-8.65,-1.934,438.5,438.86,447.15,445.0,449.99,423.01,1606043.0,700261672.0,15:34:59
sh688811,有研复材,21.09,-0.41,-1.907,21.08,21.09,21.5,21.6,21.69,20.75,3534359.0,74383662.0,15:00:04
sh688813,泰金新能,110.1,-3.51,-3.09,110.1,110.14,113.61,113.08,113.6,107.2,3180390.0,347754670.0,15:34:59
sh688816,易思维,47.02,-1.08,-2.245,47.02,47.15,48.1,48.1,48.6,46.72,291602.0,13811375.0,15:00:02
sh688818,电科蓝天,44.72,-2.2,-4.689,44.72,44.73,46.92,46.51,46.82,44.16,8401724.0,379085205.0,15:34:59
sh688819,天能股份,21.82,0.04,0.184,21.82,21.83,21.78,21.69,22.08,21.6,2279747.0,49848394.0,15:34:59
sh688820,盛合晶微,122.44,-5.06,-3.969,122.43,122.44,127.5,127.0,127.06,119.73,10187479.0,1248651453.0,15:34:59
sh688825,长鑫科技,56.6,-1.4,-2.414,56.59,56.6,58.0,57.6,58.88,55.29,293731946.0,16698039571.0,15:34:59
sh688826,C频准,979.0,31.55,3.33,979.0,979.06,947.45,925.0,990.0,888.01,1642389.0,1524336020.0,15:34:59
sh688828,国仪公司,97.0,7.41,8.271,96.97,97.0,89.59,90.55,98.6,88.92,7419753.0,686183594.0,15:34:59
sh688836,C宇树,603.08,-69.33,-10.311,603.08,603.1,672.41,640.26,642.0,602.05,8128949.0,5015549853.0,15:34:59
sh688981,中芯国际,120.58,-4.22,-3.381,120.57,120.58,124.8,124.5,124.78,118.3,47671749.0,5769413641.0,15:34:59
sz000001,平安银行,11.56,0.15,1.315,11.56,11.57,11.41,11.38,11.58,11.35,119902495.0,1383380014.0,15:36:00
sz000002,万 科Ａ,3.05,-0.03,-0.974,3.05,3.06,3.08,3.08,3.1,3.04,72339924.0,221305688.0,15:35:15
sz000006,深振业Ａ,6.88,-0.18,-2.55,6.87,6.88,7.06,7.06,7.17,6.83,15752199.0,109822876.0,15:35:30
sz000007,全新好,12.74,0.26,2.083,12.74,12.78,12.48,12.42,12.87,12.3,15517900.0,194741307.0,15:35:45
sz000008,神州高铁,2.45,-0.01,-0.407,2.45,2.46,2.46,2.43,2.49,2.42,49397500.0,121292366.0,15:36:00
sz000009,中国宝安,7.23,-0.1,-1.364,7.22,7.23,7.33,7.36,7.4,7.21,17734759.0,129188330.0,15:35:15
sz000010,*ST美丽,1.53,0.03,2.0,1.52,1.53,1.5,1.51,1.56,1.5,18533100.0,28273268.0,15:35:30
sz000011,深物业A,7.97,-0.12,-1.483,7.97,7.98,8.09,8.09,8.13,7.91,4814400.0,38525421.0,15:35:45
sz000012,南 玻Ａ,3.7,-0.02,-0.538,3.69,3.7,3.72,3.72,3.72,3.68,12479324.0,46137842.0,15:36:00
sz000014,沙河股份,9.95,-0.14,-1.388,9.94,9.95,10.09,10.14,10.17,9.87,4101027.0,40893986.0,15:35:15
sz000016,*ST康佳A,0.0,0.0,0.0,0.0,0.0,2.33,0.0,0.0,0.0,0.0,0.0,15:35:30
sz000017,深中华A,7.82,0.71,9.986,7.82,0.0,7.11,7.82,7.82,7.82,8839002.0,69120996.0,15:35:45
sz000019,深粮控股,6.42,0.06,0.943,6.41,6.42,6.36,6.55,6.58,6.32,24416645.0,157032796.0,15:36:00
sz000020,深华发Ａ,12.3,0.56,4.77,12.3,12.31,11.74,11.44,12.4,11.4,24800754.0,296090295.0,15:35:15
sz000021,深科技,36.79,-1.11,-2.929,36.78,36.79,37.9,37.93,38.16,35.82,69581575.0,2552424855.0,15:35:30
sz000025,特 力Ａ,15.66,0.32,2.086,15.66,15.67,15.34,15.82,16.26,15.58,15558029.0,246770627.0,15:35:45
sz000026,飞亚达,19.71,-1.45,-6.853,19.71,19.72,21.16,21.42,21.52,19.04,14917396.0,295075326.0,15:36:00
sz000027,深圳能源,6.14,-0.01,-0.163,6.14,6.15,6.15,6.14,6.17,6.1,15834922.0,97142184.0,15:35:15
sz000028,国药一致,19.59,0.12,0.616,19.58,19.59,19.47,19.4,19.65,19.31,2335332.0,45628457.0,15:35:30
sz000029,深深房Ａ,22.62,-0.14,-0.615,22.61,22.62,22.76,22.76,23.2,22.55,3742461.0,85293353.0,15:35:45
sz000030,富奥股份,4.26,0.0,0.0,4.25,4.26,4.26,4.26,4.28,4.23,7002625.0,29786287.0,15:36:00
sz000031,大悦城,2.12,-0.03,-1.395,2.11,2.12,2.15,2.15,2.18,2.11,29265160.0,62248978.0,15:35:15
sz000032,深桑达Ａ,14.26,-0.54,-3.649,14.25,14.26,14.8,14.72,14.78,14.05,35906541.0,511895769.0,15:35:30
sz000034,神州数码,22.99,-0.72,-3.037,22.98,22.99,23.71,23.63,23.7,22.81,21612772.0,499634463.0,15:35:45
sz000035,中国天楹,4.62,0.05,1.094,4.61,4.62,4.57,4.6,4.63,4.57,20940730.0,96303810.0,15:36:00
sz000036,华联控股,4.0,-0.04,-0.99,4.0,4.01,4.04,4.05,4.1,3.96,17253105.0,69168734.0,15:35:15
sz000037,深南电A,9.29,-0.1,-1.065,9.29,9.3,9.39,9.37,9.48,9.14,9682001.0,89526845.0,15:35:30
sz000039,中集集团,9.25,-0.09,-0.964,9.24,9.25,9.34,9.39,9.45,9.12,30665084.0,283650157.0,15:35:45
sz000042,中洲控股,8.13,-0.63,-7.192,8.12,8.13,8.76,8.76,8.83,8.11,14911400.0,125085018.0,15:36:00
sz000045,深纺织Ａ,10.55,0.18,1.736,10.55,10.56,10.37,10.38,10.72,10.35,10257053.0,108058155.0,15:35:15
sz000048,京基智农,22.1,-0.23,-1.03,22.1,22.13,22.33,21.71,22.2,21.51,11878206.0,259265639.0,15:35:30
sz000049,德赛电池,23.44,-0.29,-1.222,23.44,23.45,23.73,23.64,24.07,23.31,7737333.0,182739342.0,15:35:45
sz000050,深天马Ａ,6.41,-0.13,-1.988,6.41,6.42,6.54,6.53,6.54,6.37,16805090.0,108033570.0,15:36:00
sz000055,方大集团,3.51,-0.04,-1.127,3.5,3.51,3.55,3.53,3.54,3.47,7108200.0,24869868.0,15:35:15
sz000056,*ST皇庭,2.04,0.03,1.493,2.03,2.04,2.01,2.03,2.08,1.99,20995800.0,42694306.0,15:35:30
sz000058,深 赛 格,6.72,0.02,0.299,6.71,6.72,6.7,6.7,6.77,6.65,3991110.0,26771702.0,15:35:45
sz000059,华锦股份,4.66,-0.05,-1.062,4.66,4.67,4.71,4.71,4.8,4.58,48330072.0,224992892.0,15:36:00
sz000060,中金岭南,6.66,-0.02,-0.299,6.66,6.67,6.68,6.76,6.79,6.55,111464726.0,743043183.0,15:35:15
sz000061,农 产 品,5.72,0.03,0.527,5.71,5.72,5.69,5.7,5.81,5.68,22416474.0,128645424.0,15:35:30
sz000062,深圳华强,21.87,-0.52,-2.322,21.86,21.87,22.39,22.4,22.45,21.59,12790159.0,280118426.0,15:35:45
sz000063,中兴通讯,33.13,-0.65,-1.924,33.13,33.14,33.78,33.3,33.52,32.89,76442810.0,2536036779.0,15:36:00
sz000065,北方国际,9.98,0.91,10.033,9.98,0.0,9.07,9.98,9.98,9.75,83080105.0,825797033.0,15:35:15
sz000066,中国长城,13.88,-0.39,-2.733,13.88,13.89,14.27,14.27,14.31,13.81,61885111.0,864824837.0,15:35:30
sz000068,华控赛格,3.08,0.01,0.326,3.07,3.08,3.07,3.05,3.14,3.04,11477400.0,35347474.0,15:35:45
sz000069,华侨城Ａ,1.74,-0.03,-1.695,1.74,1.75,1.77,1.77,1.78,1.73,26567900.0,46367675.0,15:36:00
sz000070,特发信息,14.61,-0.45,-2.988,14.6,14.61,15.06,14.96,15.09,14.22,36721145.0,534925968.0,15:35:15
sz000078,ST海王,1.59,-0.03,-1.852,1.59,1.6,1.62,1.62,1.64,1.58,47279500.0,75796890.0,15:35:30
sz000088,盐 田 港,4.49,0.05,1.126,4.48,4.49,4.44,4.44,4.5,4.43,20023564.0,89671801.0,15:35:45
sz000089,深圳机场,6.51,0.12,1.878,6.5,6.51,6.39,6.41,6.54,6.4,21291209.0,137813819.0,15:36:00
sz000090,天健集团,3.42,-0.02,-0.581,3.41,3.42,3.44,3.45,3.52,3.37,15907667.0,54596617.0,15:35:15
sz000096,广聚能源,7.93,-0.03,-0.377,7.92,7.93,7.96,7.89,7.97,7.86,4206500.0,33275494.0,15:35:30
sz000099,中信海直,13.69,-0.04,-0.291,13.69,13.7,13.73,13.72,13.86,13.61,4915800.0,67379612.0,15:35:45
sz000100,TCL科技,4.92,-0.11,-2.187,4.91,4.92,5.03,5.05,5.06,4.87,430564130.0,2128639073.0,15:36:00
sz000151,中成股份,9.89,-0.19,-1.885,9.89,9.9,10.08,10.07,10.13,9.77,4783327.0,47392741.0,15:35:15
sz000153,丰原药业,5.92,-0.15,-2.471,5.91,5.92,6.07,6.04,6.09,5.86,25857783.0,153634957.0,15:35:30
sz000155,川能动力,12.11,-0.07,-0.575,12.11,12.12,12.18,12.25,12.5,11.94,36555884.0,444533568.0,15:35:45
sz000156,华数传媒,6.67,0.02,0.301,6.67,6.68,6.65,6.65,6.76,6.62,6029151.0,40294350.0,15:36:00
sz000157,中联重科,7.07,0.11,1.58,7.07,7.08,6.96,6.95,7.16,6.94,68973185.0,488472975.0,15:35:15
sz000158,常山北明,12.39,-0.28,-2.21,12.39,12.4,12.67,12.6,12.69,12.3,17801602.0,221600235.0,15:35:30
sz000159,国际实业,5.88,0.08,1.379,5.88,5.89,5.8,5.82,5.88,5.69,11515291.0,66721013.0,15:35:45
sz000166,申万宏源,4.44,0.03,0.68,4.44,4.45,4.41,4.4,4.45,4.4,54390272.0,241094765.0,15:36:00
sz000301,东方盛虹,13.34,-0.32,-2.343,13.33,13.34,13.66,13.67,13.77,13.2,25649570.0,344637174.0,15:35:15
sz000333,美的集团,85.99,1.69,2.005,85.98,85.99,84.3,84.11,86.35,84.05,27668264.0,2368707197.0,15:35:30
sz000338,潍柴动力,26.99,-2.17,-7.442,26.98,26.99,29.16,29.0,29.39,26.4,111154295.0,3022417359.0,15:35:45
sz000400,许继电气,21.87,0.2,0.923,21.87,21.88,21.67,21.65,22.2,21.52,14000875.0,306588561.0,15:36:00
sz000401,金隅冀东,3.53,0.01,0.284,3.53,3.54,3.52,3.52,3.55,3.51,5231800.0,18485537.0,15:35:15
sz000402,金 融 街,2.43,-0.03,-1.22,2.43,2.44,2.46,2.46,2.48,2.42,28764200.0,70108016.0,15:35:30
sz000403,派林生物,10.26,-0.37,-3.481,10.26,10.27,10.63,10.6,10.61,10.26,9913693.0,103137567.0,15:35:45
sz000404,长虹华意,7.05,0.02,0.284,7.04,7.05,7.03,7.01,7.05,7.0,5563996.0,39085118.0,15:36:00
sz000407,胜利股份,4.06,-0.05,-1.217,4.06,4.07,4.11,4.08,4.12,4.03,15533901.0,63100049.0,15:35:15
sz000408,藏格矿业,77.4,-0.79,-1.01,77.39,77.4,78.19,79.75,80.3,76.54,14863877.0,1155163362.0,15:35:30
sz000409,云鼎科技,8.53,0.07,0.827,8.53,8.54,8.46,8.48,8.6,8.4,3499202.0,29722754.0,15:35:45
sz000410,沈阳机床,5.04,-0.04,-0.787,5.03,5.04,5.08,5.11,5.12,4.97,15686617.0,78639302.0,15:36:00
sz000411,英特集团,9.58,-0.09,-0.931,9.57,9.58,9.67,9.65,9.74,9.54,2981993.0,28685520.0,15:35:15
sz000415,渤海租赁,4.5,-0.1,-2.174,4.5,4.51,4.6,4.63,4.64,4.45,89157871.0,403963961.0,15:35:30
sz000417,合百集团,5.5,-0.08,-1.434,5.49,5.5,5.58,5.55,5.6,5.43,17143165.0,94248394.0,15:35:45
sz000419,通程控股,4.86,-0.04,-0.816,4.85,4.86,4.9,4.9,4.94,4.82,6763902.0,32901597.0,15:36:00
sz000420,吉林化纤,3.64,-0.03,-0.817,3.63,3.64,3.67,3.67,3.7,3.6,33383381.0,121288178.0,15:35:15
sz000421,南京公用,5.52,-0.12,-2.128,5.52,5.53,5.64,5.6,5.73,5.48,20186200.0,112751689.0,15:35:30
sz000422,湖北宜化,12.28,0.03,0.245,12.28,12.29,12.25,12.24,12.42,12.17,16055229.0,196806800.0,15:35:45
sz000423,东阿阿胶,48.0,-0.35,-0.724,48.0,48.01,48.35,47.61,48.36,47.2,9205590.0,439480781.0,15:36:00
sz000425,徐工机械,7.94,-0.07,-0.874,7.94,7.95,8.01,8.0,8.04,7.92,89613048.0,714962660.0,15:35:15
sz000426,兴业银锡,42.29,1.41,3.449,42.28,42.29,40.88,40.89,43.02,39.7,157177763.0,6500127042.0,15:35:30
sz000428,华天酒店,3.93,-0.05,-1.256,3.93,3.94,3.98,3.99,4.01,3.89,22240107.0,87634812.0,15:35:45
sz000429,粤高速Ａ,13.37,0.33,2.531,13.36,13.37,13.04,13.0,13.4,13.0,11247351.0,148793575.0,15:36:00
sz000430,张家界,6.72,0.11,1.664,6.71,6.72,6.61,6.62,6.84,6.56,11003702.0,74237591.0,15:35:15
sz000488,ST晨鸣,1.86,-0.02,-1.064,1.85,1.86,1.88,1.88,1.88,1.85,6122981.0,11399869.0,15:35:30
sz000498,山东路桥,4.98,0.06,1.22,4.98,4.99,4.92,4.92,4.99,4.91,8576400.0,42588128.0,15:35:45
sz000501,武商集团,7.04,0.02,0.285,7.04,7.05,7.02,7.02,7.11,7.0,4767300.0,33558198.0,15:36:00
sz000503,国新健康,6.7,-0.17,-2.475,6.7,6.71,6.87,6.84,6.91,6.65,13780928.0,92864377.0,15:35:15
sz000504,南华生物,8.14,-0.29,-3.44,8.13,8.14,8.43,8.43,8.53,8.08,4296100.0,35346352.0,15:35:30
sz000505,京粮控股,6.66,-0.08,-1.187,6.65,6.66,6.74,6.61,7.06,6.28,83734559.0,558012815.0,15:35:45
sz000506,招金黄金,22.34,1.57,7.559,22.34,22.35,20.77,21.03,22.55,20.25,129018733.0,2787854341.0,15:36:00
sz000507,珠海港,4.97,0.02,0.404,4.96,4.97,4.95,4.99,4.99,4.94,4950466.0,24549961.0,15:35:15
sz000509,华塑控股,3.4,0.06,1.796,3.4,3.41,3.34,3.36,3.54,3.3,43202300.0,147386671.0,15:35:30
sz000510,新金路,16.62,-0.04,-0.24,16.61,16.62,16.66,16.86,17.08,16.04,48608421.0,799721968.0,15:35:45
sz000513,丽珠集团,26.34,-2.92,-9.979,26.34,26.35,29.26,27.45,27.45,26.33,21420661.0,568709053.0,15:36:00
sz000514,渝 开 发,3.94,-0.05,-1.253,3.93,3.94,3.99,4.0,4.04,3.89,7468196.0,29555205.0,15:35:15
sz000516,国际医学,4.09,-0.1,-2.387,4.09,4.1,4.19,4.17,4.17,4.07,22073300.0,90499456.0,15:35:30
sz000517,荣安地产,2.32,-0.05,-2.11,2.31,2.32,2.37,2.36,2.37,2.28,28522600.0,66023370.0,15:35:45
sz000518,四环生物,3.7,-0.1,-2.632,3.7,3.71,3.8,3.84,3.9,3.66,59733210.0,224129097.0,15:36:00
sz000519,中兵红箭,13.92,-0.27,-1.903,13.91,13.92,14.19,14.13,14.18,13.73,27140667.0,377312659.0,15:35:15
sz000520,凤凰航运,4.26,-0.01,-0.234,4.25,4.26,4.27,4.3,4.34,4.2,43131057.0,183723354.0,15:35:30
sz000521,长虹美菱,4.81,0.0,0.0,4.81,4.82,4.81,4.79,4.84,4.78,3646400.0,17528708.0,15:35:45
sz000523,红棉股份,3.07,-0.11,-3.459,3.07,3.08,3.18,3.16,3.25,3.05,104252041.0,327099594.0,15:36:00
sz000524,岭南控股,9.89,0.14,1.436,9.88,9.89,9.75,9.76,10.09,9.75,20017740.0,198167336.0,15:35:15
sz000525,红太阳,4.31,0.05,1.174,4.31,4.32,4.26,4.31,4.65,4.29,34932739.0,154071133.0,15:35:30
sz000526,学大教育,34.58,-1.02,-2.865,34.56,34.58,35.6,35.33,36.2,34.3,6668922.0,233572709.0,15:35:45
sz000528,柳 工,8.05,0.0,0.0,8.04,8.05,8.05,8.05,8.15,8.01,21580626.0,174053227.0,15:36:00
sz000529,广弘控股,4.93,0.03,0.612,4.92,4.93,4.9,4.88,4.97,4.87,4109400.0,20212744.0,15:35:15
sz000530,冰山冷热,4.99,0.09,1.837,4.98,4.99,4.9,4.91,5.06,4.89,13058498.0,64756537.0,15:35:30
sz000531,穗恒运Ａ,5.6,0.0,0.0,5.6,5.61,5.6,5.6,5.64,5.58,4884012.0,27363114.0,15:35:45
sz000532,华金资本,11.12,0.14,1.275,11.11,11.12,10.98,10.95,11.27,10.95,6729773.0,74870920.0,15:36:00
sz000533,顺钠股份,10.58,-0.14,-1.306,10.58,10.59,10.72,10.71,10.79,10.39,32921947.0,347318471.0,15:35:15
sz000534,万泽股份,24.33,-2.7,-9.989,24.33,24.34,27.03,26.89,27.0,24.33,16493390.0,411152025.0,15:35:30
sz000536,华映科技,3.16,-0.06,-1.863,3.16,3.17,3.22,3.2,3.23,3.11,29189687.0,92024727.0,15:35:45
sz000537,绿发电力,7.52,-0.08,-1.053,7.51,7.52,7.6,7.61,7.69,7.5,15095700.0,114055509.0,15:36:00
sz000538,云南白药,49.5,0.17,0.345,49.49,49.5,49.33,49.29,49.58,49.03,8258549.0,407980558.0,15:35:15
sz000539,粤电力Ａ,5.32,-0.03,-0.561,5.31,5.32,5.35,5.38,5.41,5.25,37134515.0,197255123.0,15:35:30
sz000541,佛山照明,4.91,-0.03,-0.607,4.91,4.92,4.94,4.91,4.94,4.88,4795690.0,23516061.0,15:35:45
sz000543,皖能电力,7.43,0.04,0.541,7.43,7.44,7.39,7.36,7.44,7.34,17395058.0,128640898.0,15:36:00
sz000544,中原环保,7.17,-0.06,-0.83,7.17,7.18,7.23,7.07,7.19,6.97,5374618.0,38072911.0,15:35:15
sz000545,金浦钛业,2.52,-0.01,-0.395,2.51,2.52,2.53,2.59,2.62,2.47,31939300.0,80729717.0,15:35:30
sz000546,金圆股份,4.78,0.01,0.21,4.78,4.79,4.77,4.77,4.89,4.72,14494200.0,69620702.0,15:35:45
sz000547,航天发展,13.46,-0.42,-3.026,13.45,13.46,13.88,13.8,13.89,13.27,47884758.0,647537304.0,15:36:00
sz000548,湖南投资,4.45,-0.03,-0.67,4.43,4.45,4.48,4.48,4.51,4.41,5109600.0,22711770.0,15:35:15
sz000550,江铃汽车,15.62,-0.51,-3.162,15.62,15.64,16.13,16.08,16.08,15.51,5529056.0,86644619.0,15:35:30
sz000551,创元科技,12.26,-0.26,-2.077,12.26,12.27,12.52,12.5,12.51,12.1,14531966.0,178129098.0,15:35:45
sz000552,甘肃能化,2.62,0.03,1.158,2.61,2.62,2.59,2.6,2.63,2.58,85335848.0,222624160.0,15:36:00
sz000553,安道麦A,5.46,-0.09,-1.622,5.45,5.46,5.55,5.5,5.59,5.38,8819389.0,48345965.0,15:35:15
sz000554,泰山石油,6.41,-0.07,-1.08,6.4,6.41,6.48,6.42,6.42,6.28,13894926.0,88326618.0,15:35:30
sz000555,神州信息,10.2,-0.14,-1.354,10.19,10.2,10.34,10.29,10.62,10.11,15499400.0,159808300.0,15:35:45
sz000557,西部创业,3.61,-0.01,-0.276,3.61,3.62,3.62,3.62,3.66,3.6,5424550.0,19663190.0,15:36:00
sz000558,天府文旅,3.38,-0.03,-0.88,3.38,3.39,3.41,3.4,3.46,3.37,13848700.0,47137458.0,15:35:15
sz000559,万向钱潮,10.84,-0.12,-1.095,10.84,10.85,10.96,10.96,11.03,10.7,20194187.0,218467967.0,15:35:30
sz000560,我爱我家,2.17,-0.06,-2.691,2.17,2.18,2.23,2.22,2.25,2.16,146705485.0,321350267.0,15:35:45
sz000561,烽火电子,7.51,0.09,1.213,7.5,7.51,7.42,7.42,7.56,7.39,5751410.0,42892193.0,15:36:00
sz000563,陕国投Ａ,2.97,0.03,1.02,2.96,2.97,2.94,2.95,2.97,2.93,33222377.0,98339771.0,15:35:15
sz000564,供销大集,1.42,-0.01,-0.699,1.42,1.43,1.43,1.43,1.45,1.41,207664340.0,297059814.0,15:35:30
sz000565,渝三峡Ａ,5.93,-0.08,-1.331,5.93,5.94,6.01,6.0,6.06,5.87,9072500.0,53871486.0,15:35:45
sz000566,海南海药,4.52,-0.32,-6.612,4.52,4.53,4.84,4.84,4.88,4.5,89725311.0,412797528.0,15:36:00
sz000567,海德股份,5.87,-0.06,-1.012,5.87,5.88,5.93,5.93,5.95,5.83,14405786.0,84625553.0,15:35:15
sz000568,泸州老窖,85.51,0.31,0.364,85.51,85.52,85.2,85.2,87.47,84.53,9565269.0,825086403.0,15:35:30
sz000570,苏常柴Ａ,5.03,0.01,0.199,5.02,5.03,5.02,5.01,5.07,4.94,12062953.0,60274330.0,15:35:45
sz000571,新大洲A,5.97,-0.02,-0.334,5.97,5.98,5.99,6.0,6.03,5.85,17151264.0,101521943.0,15:36:00
sz000572,海马汽车,3.75,-0.07,-1.832,3.75,3.76,3.82,3.85,3.85,3.7,36824853.0,138180066.0,15:35:15
sz000573,粤宏远Ａ,3.62,-0.05,-1.362,3.61,3.62,3.67,3.68,3.7,3.58,13197514.0,47841798.0,15:35:30
sz000576,甘化科工,7.11,-0.02,-0.281,7.1,7.11,7.13,7.14,7.2,7.02,5235200.0,37114926.0,15:35:45
sz000581,威孚高科,17.3,0.01,0.058,17.3,17.31,17.29,17.29,17.36,17.22,4162400.0,71975706.0,15:36:00
sz000582,北部湾港,10.42,-0.49,-4.491,10.42,10.43,10.91,10.89,10.94,10.24,45894510.0,483941545.0,15:35:15
sz000586,汇源通信,12.74,0.16,1.272,12.73,12.74,12.58,12.7,13.09,12.5,6081042.0,77401725.0,15:35:30
sz000589,贵州轮胎,4.25,0.02,0.473,4.24,4.25,4.23,4.23,4.26,4.22,12952906.0,54891464.0,15:35:45
sz000590,古汉医药,9.05,0.0,0.0,9.05,9.06,9.05,9.2,9.39,8.96,8254731.0,75310538.0,15:36:00
sz000591,太阳能,4.25,0.04,0.95,4.24,4.25,4.21,4.22,4.27,4.21,31624646.0,134043717.0,15:35:15
sz000592,平潭发展,5.91,-0.17,-2.796,5.9,5.91,6.08,6.07,6.08,5.83,90277070.0,534421360.0,15:35:30
sz000593,德龙汇能,22.56,-1.59,-6.584,22.56,22.57,24.15,23.85,23.99,21.97,21778598.0,494507564.0,15:35:45
sz000595,新能股份,5.64,0.08,1.439,5.63,5.64,5.56,5.57,5.64,5.45,22367440.0,124012095.0,15:36:00
sz000596,古井贡酒,90.65,0.0,0.0,90.65,90.66,90.65,90.2,92.44,89.94,4137075.0,378185534.0,15:35:15
sz000597,东北制药,4.88,-0.13,-2.595,4.87,4.88,5.01,5.0,5.08,4.86,26709362.0,131722383.0,15:35:30
sz000598,兴蓉环境,7.15,0.02,0.281,7.14,7.15,7.13,7.15,7.22,7.1,16021800.0,114836686.0,15:35:45
sz000599,青岛双星,4.61,-0.05,-1.073,4.61,4.62,4.66,4.69,4.69,4.59,8147867.0,37637708.0,15:36:00
sz000600,建投能源,7.92,-0.03,-0.377,7.91,7.92,7.95,7.97,8.01,7.87,13453231.0,106737005.0,15:35:15
sz000601,韶能股份,6.16,-0.04,-0.645,6.16,6.17,6.2,6.43,6.47,6.13,53431203.0,333329842.0,15:35:30
sz000603,盛达资源,39.86,3.25,8.877,39.86,39.87,36.61,37.0,40.27,36.72,124630765.0,4825303648.0,15:35:45
sz000605,渤海股份,5.86,-0.03,-0.509,5.84,5.86,5.89,5.89,5.94,5.77,4684200.0,27379173.0,15:36:00
sz000607,华媒控股,3.64,0.01,0.275,3.63,3.64,3.63,3.63,3.69,3.6,13426909.0,48817989.0,15:35:15
sz000608,阳光股份,7.24,-0.29,-3.851,7.23,7.24,7.53,7.51,7.66,7.12,22836102.0,167588570.0,15:35:30
sz000609,*ST中迪,9.99,-0.64,-6.021,9.99,10.0,10.63,10.5,10.5,9.99,5926201.0,60318206.0,15:35:45
sz000610,*ST西旅,6.09,0.03,0.495,6.09,6.1,6.06,6.03,6.19,6.03,2433200.0,14792575.0,15:36:00
sz000612,焦作万方,11.11,-0.02,-0.18,11.1,11.11,11.13,11.17,11.2,10.88,28019875.0,308823167.0,15:35:15
sz000615,*ST美谷,3.3,-0.07,-2.077,3.29,3.3,3.37,3.33,3.33,3.29,5158930.0,17046603.0,15:35:30
sz000617,中油资本,7.15,0.17,2.436,7.15,7.16,6.98,6.91,7.23,6.9,155834207.0,1111596579.0,15:35:45
sz000619,海螺新材,4.81,-0.04,-0.825,4.81,4.83,4.85,4.85,4.89,4.76,4304100.0,20737860.0,15:36:00
sz000620,盈新发展,3.47,0.32,10.159,3.47,0.0,3.15,3.23,3.47,3.23,426265191.0,1456230546.0,15:35:15
sz000623,吉林敖东,17.98,0.01,0.056,17.97,17.98,17.97,17.99,18.09,17.82,9857556.0,176845126.0,15:35:30
sz000625,长安汽车,7.05,-0.02,-0.283,7.05,7.06,7.07,7.07,7.1,7.03,26376506.0,186072055.0,15:35:45
sz000626,远大控股,8.06,-0.05,-0.617,8.06,8.07,8.11,8.06,8.31,7.97,12739047.0,102702331.0,15:36:00
sz000628,高新发展,47.76,2.41,5.314,47.75,47.76,45.35,46.84,48.48,45.11,28360220.0,1330483091.0,15:35:15
sz000629,钒钛股份,3.04,-0.01,-0.328,3.04,3.05,3.05,3.07,3.1,3.02,94161686.0,287526597.0,15:35:30
sz000630,铜陵有色,6.63,0.04,0.607,6.63,6.64,6.59,6.69,6.71,6.51,271534205.0,1793617670.0,15:35:45
sz000631,顺发恒能,2.92,-0.01,-0.341,2.91,2.92,2.93,2.96,2.96,2.9,6140992.0,17948017.0,15:36:00
sz000632,ST三木,3.65,-0.25,-6.41,3.65,3.66,3.9,3.95,4.0,3.65,15478400.0,58347817.0,15:35:15
sz000633,合金投资,5.29,-0.02,-0.377,5.28,5.29,5.31,5.36,5.36,5.2,4505300.0,23735165.0,15:35:30
sz000635,英 力 特,6.3,-0.02,-0.316,6.3,6.31,6.32,6.39,6.39,6.2,4333600.0,27211496.0,15:35:45
sz000636,风华高科,51.91,-2.76,-5.048,51.91,51.92,54.67,54.71,55.0,50.55,106595703.0,5568377516.0,15:36:00
sz000637,茂化实华,3.99,-0.05,-1.238,3.99,4.01,4.04,4.04,4.06,3.96,8148065.0,32664585.0,15:35:15
sz000639,ST西王,1.86,-0.12,-6.061,1.85,1.86,1.98,1.89,1.97,1.85,95219323.0,181055436.0,15:35:30
sz000650,仁和药业,5.34,-0.03,-0.559,5.34,5.35,5.37,5.37,5.39,5.29,17637186.0,93978038.0,15:35:45
sz000651,格力电器,41.45,0.21,0.509,41.45,41.46,41.24,41.26,41.69,41.04,55547322.0,2304463785.0,15:36:00
sz000652,泰达股份,3.4,-0.03,-0.875,3.39,3.4,3.43,3.42,3.45,3.38,7506969.0,25564885.0,15:35:15
sz000655,金岭矿业,7.06,0.11,1.583,7.05,7.06,6.95,6.94,7.08,6.94,9868400.0,69496555.0,15:35:30
sz000656,金科股份,1.25,0.01,0.806,1.24,1.25,1.24,1.24,1.26,1.24,91727098.0,114387703.0,15:35:45
sz000657,中钨高新,66.76,-1.38,-2.025,66.76,66.77,68.14,69.0,69.58,64.8,89639646.0,5992712803.0,15:36:00
sz000659,珠海中富,2.59,-0.12,-4.428,2.59,2.6,2.71,2.71,2.71,2.57,28355982.0,74178818.0,15:35:15
sz000661,长春高新,76.11,-3.39,-4.264,76.1,76.11,79.5,79.0,79.46,76.03,8003261.0,617929959.0,15:35:30
sz000663,永安林业,5.64,0.0,0.0,5.63,5.64,5.64,5.65,5.68,5.57,4094500.0,23024940.0,15:35:45
sz000665,湖北广电,3.81,-0.03,-0.781,3.81,3.82,3.84,3.85,3.9,3.78,11407002.0,43594104.0,15:36:00
sz000668,荣丰控股,22.03,-0.19,-0.855,22.03,22.05,22.22,22.22,23.2,21.74,4087400.0,91752981.0,15:35:15
sz000669,ST金鸿,4.1,-0.35,-7.865,4.1,4.11,4.45,4.41,4.41,4.02,12874800.0,53824395.0,15:35:30
sz000670,盈方微,7.31,0.2,2.813,7.3,7.31,7.11,7.17,7.45,7.03,58866570.0,426616924.0,15:35:45
sz000672,上峰材料,14.05,0.06,0.429,14.04,14.05,13.99,14.08,14.46,13.72,22649553.0,317773875.0,15:36:00
sz000676,智度股份,6.44,-0.03,-0.464,6.43,6.44,6.47,6.46,6.51,6.34,39599449.0,254354184.0,15:35:15
sz000677,ST海龙,1.7,0.01,0.592,1.69,1.7,1.69,1.69,1.75,1.67,26011486.0,44459286.0,15:35:30
sz000678,襄阳轴承,8.32,-0.29,-3.368,8.32,8.33,8.61,8.67,8.77,8.26,16392211.0,138117914.0,15:35:45
sz000679,大连友谊,6.0,-0.03,-0.498,5.99,6.0,6.03,6.05,6.08,5.95,4213702.0,25341319.0,15:36:00
sz000680,山推股份,10.25,0.06,0.589,10.25,10.26,10.19,10.23,10.4,10.18,12520581.0,128778782.0,15:35:15
sz000681,视觉中国,16.44,-0.57,-3.351,16.44,16.45,17.01,17.06,17.09,16.28,16883912.0,279042395.0,15:35:30
sz000682,东方电子,11.48,-0.04,-0.347,11.47,11.48,11.52,11.58,11.6,11.42,8716485.0,100166714.0,15:35:45
sz000683,博源化工,6.14,0.09,1.488,6.13,6.14,6.05,6.08,6.16,6.02,61196379.0,373528327.0,15:36:00
sz000685,中山公用,11.11,0.13,1.184,11.11,11.12,10.98,10.98,11.12,10.96,14205250.0,157219063.0,15:35:15
sz000686,东北证券,7.8,-0.01,-0.128,7.79,7.8,7.81,7.76,7.83,7.63,24282686.0,187867512.0,15:35:30
sz000688,国城矿业,33.9,0.62,1.863,33.89,33.9,33.28,35.35,35.8,33.52,36469923.0,1259989987.0,15:35:45
sz000690,宝新能源,5.0,0.23,4.822,4.99,5.0,4.77,4.84,5.0,4.83,139602144.0,689988182.0,15:36:00
sz000691,亚太实业,10.18,-0.33,-3.14,10.14,10.18,10.51,10.61,10.61,10.0,8185100.0,83505870.0,15:35:15
sz000692,惠天热电,4.19,0.0,0.0,4.18,4.19,4.19,4.19,4.3,4.11,17870400.0,74511897.0,15:35:30
sz000695,滨海能源,13.95,0.23,1.676,13.95,13.96,13.72,13.86,14.27,13.7,11332595.0,158729028.0,15:35:45
sz000697,炼石航空,8.34,0.16,1.956,8.33,8.34,8.18,8.15,8.4,8.08,6945621.0,57251835.0,15:36:00
sz000698,ST沈化,3.52,-0.02,-0.565,3.51,3.52,3.54,3.55,3.63,3.5,4022700.0,14332387.0,15:35:15
sz000700,模塑科技,10.74,-0.18,-1.648,10.74,10.75,10.92,10.9,11.08,10.55,22313081.0,239720833.0,15:35:30
sz000701,厦门信达,4.97,-0.12,-2.358,4.97,4.98,5.09,5.11,5.11,4.91,11594791.0,57770288.0,15:35:45
sz000702,正虹科技,5.45,-0.03,-0.547,5.44,5.45,5.48,5.51,5.52,5.36,6358901.0,34475663.0,15:36:00
sz000703,恒逸石化,19.02,-1.78,-8.558,19.01,19.02,20.8,20.59,20.95,18.73,154297622.0,3006417544.0,15:35:15
sz000705,浙江震元,6.93,-0.11,-1.563,6.93,6.94,7.04,7.01,7.07,6.89,6486122.0,45059204.0,15:35:30
sz000707,双环科技,4.57,-0.06,-1.296,4.57,4.58,4.63,4.65,4.67,4.54,7091300.0,32511598.0,15:35:45
sz000708,中信特钢,13.94,0.3,2.199,13.93,13.94,13.64,13.7,13.99,13.63,18239266.0,253710408.0,15:36:00
sz000709,河钢股份,2.1,0.03,1.449,2.09,2.1,2.07,2.08,2.11,2.07,61573288.0,129151608.0,15:35:15
sz000710,贝瑞基因,9.7,-0.61,-5.917,9.7,9.71,10.31,9.56,10.5,9.37,60422092.0,588701092.0,15:35:30
sz000711,ST京蓝,6.6,0.16,2.484,6.59,6.6,6.44,6.38,6.74,6.28,130726890.0,854866814.0,15:35:45
sz000712,锦龙股份,9.06,0.48,5.594,9.05,9.06,8.58,8.9,9.44,8.77,64388156.0,586809773.0,15:36:00
sz000713,国投丰乐,6.08,0.2,3.401,6.08,6.09,5.88,5.88,6.16,5.86,22303614.0,134536647.0,15:35:15
sz000715,中兴商业,5.15,0.0,0.0,5.15,5.16,5.15,5.12,5.16,5.05,6428590.0,32839314.0,15:35:30
sz000716,黑芝麻,4.72,-0.08,-1.667,4.72,4.73,4.8,4.77,4.8,4.65,34236680.0,161420526.0,15:35:45
sz000717,中南股份,2.21,0.0,0.0,2.21,2.22,2.21,2.21,2.24,2.2,15929300.0,35238864.0,15:36:00
sz000718,苏宁环球,1.85,-0.02,-1.07,1.85,1.86,1.87,1.87,1.88,1.84,13744700.0,25464501.0,15:35:15
sz000719,中原传媒,11.7,-0.35,-2.905,11.7,11.74,12.05,11.99,11.99,11.53,10291876.0,120446630.0,15:35:30
sz000720,新能泰山,3.64,-0.06,-1.622,3.64,3.65,3.7,3.7,3.72,3.56,32436300.0,118044980.0,15:35:45
sz000721,西安饮食,6.4,-0.02,-0.312,6.4,6.41,6.42,6.42,6.5,6.35,8457800.0,54228398.0,15:36:00
sz000722,湖南发展,12.81,0.01,0.078,12.81,12.82,12.8,12.78,12.85,12.6,7150403.0,90945248.0,15:35:15
sz000723,美锦能源,3.89,0.35,9.887,3.89,0.0,3.54,3.56,3.89,3.56,182292989.0,697970718.0,15:35:30
sz000725,京东方Ａ,5.75,-0.25,-4.167,5.75,5.76,6.0,5.99,5.99,5.68,1443785507.0,8371768765.0,15:35:45
sz000726,鲁 泰Ａ,5.9,0.04,0.683,5.89,5.9,5.86,5.85,5.9,5.85,3399594.0,19987077.0,15:36:00
sz000727,冠捷科技,2.17,-0.04,-1.81,2.17,2.18,2.21,2.2,2.21,2.16,51384742.0,111782667.0,15:35:15
sz000728,国元证券,7.09,0.05,0.71,7.09,7.1,7.04,7.03,7.13,7.01,18460985.0,130885317.0,15:35:30
sz000729,燕京啤酒,11.4,-0.01,-0.088,11.39,11.4,11.41,11.4,11.44,11.12,39293318.0,443681176.0,15:35:45
sz000731,四川美丰,6.21,0.09,1.471,6.2,6.21,6.12,6.14,6.24,6.12,8142400.0,50349129.0,15:36:00
sz000733,振华科技,39.1,-0.75,-1.882,39.09,39.1,39.85,39.84,40.08,38.59,9207509.0,360924295.0,15:35:15
sz000735,罗 牛 山,5.32,-0.11,-2.026,5.31,5.32,5.43,5.4,5.45,5.18,73095377.0,386339879.0,15:35:30
sz000736,中交发展,4.25,-0.1,-2.299,4.25,4.26,4.35,4.33,4.38,4.22,15985835.0,68245545.0,15:35:45
sz000737,北方铜业,14.91,0.21,1.429,14.9,14.91,14.7,15.0,15.14,14.56,109967426.0,1628131085.0,15:36:00
sz000738,航发控制,17.82,-0.04,-0.224,17.81,17.82,17.86,17.8,18.25,17.61,11532800.0,206651868.0,15:35:15
sz000739,普洛药业,19.71,-1.01,-4.875,19.71,19.72,20.72,20.81,20.86,19.43,28812683.0,572044605.0,15:35:30
sz000750,国海证券,3.7,0.02,0.543,3.69,3.7,3.68,3.67,3.72,3.67,29901662.0,110380648.0,15:35:45
sz000751,锌业股份,5.29,0.15,2.918,5.28,5.29,5.14,5.24,5.38,5.17,125197148.0,660959482.0,15:36:00
sz000752,*ST西发,8.87,-0.11,-1.225,8.87,8.89,8.98,8.97,8.97,8.83,1482600.0,13160634.0,15:35:15
sz000753,漳州发展,4.63,-0.03,-0.644,4.63,4.64,4.66,4.68,4.73,4.58,11170700.0,51821664.0,15:35:30
sz000755,山西高速,4.8,0.02,0.418,4.79,4.8,4.78,4.79,4.82,4.74,3896212.0,18620776.0,15:35:45
sz000756,新华制药,13.17,-0.4,-2.948,13.16,13.17,13.57,13.65,13.76,13.14,11944828.0,159095851.0,15:36:00
sz000757,浩物股份,4.28,-0.03,-0.696,4.27,4.28,4.31,4.32,4.33,4.23,9327300.0,39919606.0,15:35:15
sz000758,中色股份,6.14,0.07,1.153,6.14,6.15,6.07,6.14,6.19,6.06,31524106.0,193238704.0,15:35:30
sz000759,中百集团,5.66,-0.19,-3.248,5.66,5.67,5.85,5.82,5.89,5.59,53494778.0,305741504.0,15:35:45
sz000761,本钢板材,2.32,-0.01,-0.429,2.32,2.33,2.33,2.34,2.38,2.3,15494408.0,36170435.0,15:36:00
sz000762,西藏矿业,23.38,0.18,0.776,23.37,23.38,23.2,23.6,24.36,23.19,19756188.0,466973434.0,15:35:15
sz000766,通化金马,15.68,-0.17,-1.073,15.68,15.69,15.85,15.84,15.97,15.52,14327595.0,224602597.0,15:35:30
sz000767,晋控电力,3.42,-0.02,-0.581,3.41,3.42,3.44,3.45,3.48,3.39,55879208.0,190991127.0,15:35:45
sz000768,中航西飞,21.36,0.4,1.908,21.36,21.37,20.96,20.93,21.65,20.78,24670038.0,525771567.0,15:36:00
sz000776,广发证券,20.64,0.08,0.389,20.64,20.65,20.56,20.47,20.98,20.47,50090144.0,1035817019.0,15:35:15
sz000777,中核科技,16.86,0.01,0.059,16.86,16.87,16.85,16.85,16.99,16.59,3509797.0,58841274.0,15:35:30
sz000778,新兴铸管,3.72,0.03,0.813,3.71,3.72,3.69,3.69,3.72,3.68,33179347.0,122878413.0,15:35:45
sz000779,甘咨询,9.1,-0.63,-6.475,9.1,9.11,9.73,9.49,9.51,8.86,73095806.0,667965476.0,15:36:00
sz000782,恒申新材,7.99,0.28,3.632,7.99,8.0,7.71,7.72,8.0,7.69,21699748.0,170552005.0,15:35:15
sz000783,长江证券,8.63,0.03,0.349,8.62,8.63,8.6,8.6,8.8,8.55,77909405.0,673453084.0,15:35:30
sz000785,居然智家,2.23,0.01,0.45,2.23,2.24,2.22,2.22,2.25,2.2,41710740.0,92902215.0,15:35:45
sz000786,北新建材,17.09,0.11,0.648,17.09,17.1,16.98,16.82,17.32,16.82,32013995.0,548580476.0,15:36:00
sz000788,北大医药,5.51,-0.12,-2.131,5.51,5.52,5.63,5.63,5.7,5.47,25094477.0,139174021.0,15:35:15
sz000789,万年青,4.08,-0.01,-0.244,4.07,4.08,4.09,4.08,4.11,4.06,2311293.0,9432115.0,15:35:30
sz000790,华神科技,4.02,-0.06,-1.471,4.02,4.03,4.08,4.1,4.1,3.97,16249906.0,65390585.0,15:35:45
sz000791,甘肃能源,7.27,0.07,0.972,7.26,7.27,7.2,7.22,7.3,7.17,13816412.0,99837716.0,15:36:00
sz000792,盐湖股份,28.48,-0.33,-1.145,28.48,28.49,28.81,29.2,29.67,28.44,68356894.0,1974526117.0,15:35:15
sz000793,ST华闻,2.14,-0.04,-1.835,2.13,2.14,2.18,2.17,2.17,2.13,9268300.0,19840198.0,15:35:30
sz000795,英洛华,8.56,0.15,1.784,8.55,8.56,8.41,8.43,8.58,8.43,12979917.0,110649911.0,15:35:45
sz000796,凯撒旅业,3.8,-0.05,-1.299,3.8,3.81,3.85,3.86,3.9,3.77,28028200.0,107259573.0,15:36:00
sz000797,中国武夷,2.37,-0.03,-1.25,2.37,2.38,2.4,2.4,2.42,2.35,18952200.0,45162063.0,15:35:15
sz000798,中水渔业,8.7,-0.02,-0.229,8.7,8.71,8.72,8.67,8.88,8.57,15885394.0,137752849.0,15:35:30
sz000799,酒鬼酒,38.37,-0.15,-0.389,38.37,38.38,38.52,38.55,39.25,38.3,6661090.0,257621450.0,15:35:45
sz000800,一汽解放,6.13,0.0,0.0,6.13,6.14,6.13,6.14,6.18,6.05,15278374.0,93698084.0,15:36:00
sz000801,四川九洲,11.11,0.01,0.09,11.11,11.12,11.1,11.07,11.29,10.96,7509405.0,83524586.0,15:35:15
sz000802,北京文化,3.83,-0.16,-4.01,3.83,3.84,3.99,3.98,4.0,3.8,107950717.0,416725226.0,15:35:30
sz000803,山高环能,7.35,-0.07,-0.943,7.35,7.36,7.42,7.39,7.55,7.25,8780340.0,64729087.0,15:35:45
sz000807,云铝股份,26.29,0.41,1.584,26.29,26.3,25.88,26.28,26.38,25.88,58911731.0,1540445189.0,15:36:00
sz000809,和展能源,3.38,-0.06,-1.744,3.38,3.39,3.44,3.46,3.47,3.35,9759425.0,33173841.0,15:35:15
sz000810,创维数字,9.33,-0.09,-0.955,9.32,9.33,9.42,9.42,9.49,9.25,12175604.0,113666460.0,15:35:30
sz000811,冰轮环境,41.4,0.39,0.951,41.4,41.41,41.01,43.1,43.5,39.71,52116673.0,2152450669.0,15:35:45
sz000812,陕西金叶,3.54,-0.03,-0.84,3.54,3.55,3.57,3.57,3.6,3.5,10589099.0,37500501.0,15:36:00
sz000813,德展健康,3.17,-0.1,-3.058,3.16,3.17,3.27,3.25,3.29,3.14,43131211.0,137456207.0,15:35:15
sz000815,美利云,16.05,-0.43,-2.609,16.05,16.06,16.48,16.48,16.77,15.8,53772248.0,870299912.0,15:35:30
sz000816,智慧农业,2.78,0.0,0.0,2.77,2.78,2.78,2.81,2.85,2.75,24376630.0,67688991.0,15:35:45
sz000818,航锦科技,11.7,-0.32,-2.662,11.7,11.71,12.02,12.0,12.03,11.61,15019140.0,176548577.0,15:36:00
sz000819,岳阳兴长,11.92,0.01,0.084,11.92,11.95,11.91,11.82,12.27,11.82,4897151.0,58726975.0,15:35:15
sz000820,神雾节能,3.45,-0.06,-1.709,3.45,3.46,3.51,3.5,3.54,3.37,19610700.0,67289027.0,15:35:30
sz000821,ST京机,6.93,-0.03,-0.431,6.93,6.94,6.96,6.94,7.18,6.92,8061200.0,56679305.0,15:35:45
sz000822,山东海化,4.3,-0.03,-0.693,4.28,4.3,4.33,4.31,4.36,4.23,10293100.0,44057107.0,15:36:00
sz000823,超声电子,14.65,-0.45,-2.98,14.65,14.66,15.1,15.05,15.2,14.16,36948441.0,537763476.0,15:35:15
sz000825,太钢不锈,3.46,0.05,1.466,3.45,3.46,3.41,3.41,3.46,3.4,29859240.0,102661741.0,15:35:30
sz000826,*ST启环,1.95,-0.01,-0.51,1.94,1.95,1.96,1.97,1.97,1.9,20518760.0,39522462.0,15:35:45
sz000828,东莞控股,9.93,0.44,4.636,9.92,9.93,9.49,9.77,10.07,9.7,20475239.0,202969773.0,15:36:00
sz000829,天音控股,8.26,-0.05,-0.602,8.26,8.27,8.31,8.31,8.43,8.2,13352101.0,110728799.0,15:35:15
sz000830,鲁西化工,11.79,-0.12,-1.008,11.78,11.79,11.91,11.9,12.05,11.71,23399785.0,276557974.0,15:35:30
sz000831,中国稀土,58.22,1.89,3.355,58.21,58.22,56.33,57.2,59.5,56.7,44447909.0,2591697123.0,15:35:45
sz000833,粤桂股份,21.27,-0.38,-1.755,21.27,21.28,21.65,21.91,22.3,21.08,25761673.0,554141778.0,15:36:00
sz000837,秦川机床,9.78,-0.27,-2.687,9.78,9.79,10.05,10.09,10.12,9.65,19857708.0,194575593.0,15:35:15
sz000838,*ST发展,2.98,0.17,6.05,2.98,2.99,2.81,2.79,3.07,2.75,66099800.0,195114164.0,15:35:30
sz000839,国安股份,2.72,0.04,1.493,2.71,2.72,2.68,2.69,2.73,2.68,36069700.0,97704711.0,15:35:45
sz000848,承德露露,8.43,0.15,1.812,8.42,8.43,8.28,8.25,8.44,8.2,13956989.0,116503519.0,15:36:00
sz000850,华茂股份,4.22,0.04,0.957,4.22,4.23,4.18,4.21,4.27,4.17,7027200.0,29613423.0,15:35:15
sz000852,石化机械,5.16,-0.1,-1.901,5.15,5.16,5.26,5.23,5.26,5.11,14962317.0,77248373.0,15:35:30
sz000856,冀东装备,8.31,-0.22,-2.579,8.31,8.32,8.53,8.46,8.68,8.17,15924050.0,133713142.0,15:35:45
sz000858,五 粮 液,71.48,0.29,0.407,71.47,71.48,71.19,71.2,71.74,70.88,21257444.0,1518522412.0,15:36:00
sz000859,国风新材,8.67,-0.2,-2.255,8.67,8.68,8.87,8.9,8.94,8.55,25374770.0,220442352.0,15:35:15
sz000860,顺鑫农业,10.18,-0.07,-0.683,10.18,10.19,10.25,10.22,10.33,10.08,6692485.0,68246349.0,15:35:30
sz000862,银星能源,5.15,0.0,0.0,5.14,5.15,5.15,5.14,5.2,5.08,9848400.0,50451049.0,15:35:45
sz000863,三湘印象,4.13,-0.08,-1.9,4.13,4.14,4.21,4.21,4.29,4.08,18949420.0,78792090.0,15:36:00
sz000868,安凯客车,3.47,-0.02,-0.573,3.46,3.47,3.49,3.49,3.52,3.43,8001027.0,27717298.0,15:35:15
sz000869,张 裕Ａ,15.93,-0.07,-0.438,15.93,15.96,16.0,15.92,16.06,15.77,2381900.0,37918545.0,15:35:30
sz000875,电投绿能,5.04,0.1,2.024,5.03,5.04,4.94,4.95,5.05,4.94,37471060.0,187629553.0,15:35:45
sz000876,新 希 望,6.86,-0.04,-0.58,6.85,6.86,6.9,6.85,6.89,6.78,25998311.0,177482160.0,15:36:00
sz000877,天山股份,3.65,0.0,0.0,3.64,3.65,3.65,3.64,3.68,3.62,8769400.0,31977524.0,15:35:15
sz000878,云南铜业,16.54,-0.04,-0.241,16.53,16.54,16.58,16.89,16.92,16.28,42471092.0,702988226.0,15:35:30
sz000880,潍柴重机,23.04,-0.6,-2.538,23.03,23.04,23.64,23.78,23.89,22.62,7949897.0,183480536.0,15:35:45
sz000881,中广核技,6.35,-0.1,-1.55,6.35,6.36,6.45,6.47,6.48,6.31,5406941.0,34469206.0,15:36:00
sz000882,华联股份,1.42,-0.01,-0.699,1.41,1.42,1.43,1.43,1.45,1.4,31646000.0,44929487.0,15:35:15
sz000883,湖北能源,4.49,0.06,1.354,4.49,4.5,4.43,4.43,4.51,4.41,24841900.0,111002849.0,15:35:30
sz000885,城发环境,12.1,-0.2,-1.626,12.1,12.11,12.3,12.24,12.24,12.01,7913833.0,95758292.0,15:35:45
sz000886,海南高速,4.55,0.01,0.22,4.54,4.55,4.54,4.53,4.61,4.51,10632400.0,48396080.0,15:36:00
sz000887,中鼎股份,21.07,-1.34,-5.979,21.07,21.08,22.41,22.4,22.4,20.8,60220832.0,1290954224.0,15:35:15
sz000888,峨眉山Ａ,9.78,0.01,0.102,9.77,9.78,9.77,9.74,9.93,9.73,6764953.0,66441302.0,15:35:30
sz000889,中嘉博创,3.89,0.03,0.777,3.88,3.89,3.86,3.88,3.95,3.8,35211960.0,136338359.0,15:35:45
sz000890,法尔胜,7.04,-0.26,-3.562,7.03,7.04,7.3,7.26,7.27,6.93,12633100.0,88956276.0,15:36:00
sz000892,欢瑞世纪,3.65,-0.09,-2.406,3.65,3.66,3.74,3.77,3.77,3.6,25190600.0,92214781.0,15:35:15
sz000893,亚钾国际,46.53,-0.84,-1.773,46.51,46.53,47.37,47.6,48.01,46.17,14341639.0,673244146.0,15:35:30
sz000895,双汇发展,25.38,0.48,1.928,25.38,25.39,24.9,24.9,25.43,24.83,9994999.0,252332968.0,15:35:45
sz000897,津滨发展,1.76,0.0,0.0,1.75,1.76,1.76,1.76,1.78,1.74,21080680.0,37053301.0,15:36:00
sz000898,鞍钢股份,2.0,0.0,0.0,1.99,2.0,2.0,1.99,2.02,1.99,25542978.0,51226133.0,15:35:15
sz000899,赣能股份,9.45,-0.51,-5.12,9.44,9.45,9.96,9.49,9.68,9.32,21512747.0,202785977.0,15:35:30
sz000900,现代投资,3.64,0.03,0.831,3.64,3.65,3.61,3.62,3.65,3.61,8726914.0,31714985.0,15:35:45
sz000901,航天科技,13.31,-0.35,-2.562,13.31,13.32,13.66,13.6,13.71,13.18,10918098.0,146115772.0,15:36:00
sz000902,新洋丰,13.75,0.13,0.954,13.74,13.75,13.62,13.63,14.03,13.58,21355301.0,294822787.0,15:35:15
sz000903,ST云动,1.86,-0.04,-2.105,1.86,1.87,1.9,1.92,1.94,1.86,14569600.0,27531706.0,15:35:30
sz000905,厦门港务,8.54,-0.03,-0.35,8.53,8.54,8.57,8.59,8.62,8.43,6018480.0,51233682.0,15:35:45
sz000906,浙商中拓,5.28,-0.02,-0.377,5.27,5.28,5.3,5.3,5.33,5.24,4513568.0,23830304.0,15:36:00
sz000908,石药景峰,6.42,-0.27,-4.036,6.42,6.43,6.69,6.72,6.72,6.4,20487910.0,133241614.0,15:35:15
sz000909,*ST数源,4.13,-0.15,-3.505,4.13,4.14,4.28,4.26,4.27,4.1,3340300.0,13959459.0,15:35:30
sz000910,大亚圣象,5.29,-0.03,-0.564,5.28,5.3,5.32,5.31,5.37,5.25,4191800.0,22202237.0,15:35:45
sz000911,*ST广糖,4.95,0.04,0.815,4.95,4.96,4.91,4.82,5.19,4.82,9315300.0,46800979.0,15:36:00
sz000912,泸天化,3.81,0.06,1.6,3.8,3.81,3.75,3.73,3.82,3.69,31024400.0,116921255.0,15:35:15
sz000913,钱江摩托,11.4,0.16,1.423,11.39,11.4,11.24,11.24,11.43,11.21,3630724.0,41150615.0,15:35:30
sz000915,华特达因,23.8,0.1,0.422,23.79,23.8,23.7,23.53,23.85,23.0,4699861.0,110632925.0,15:35:45
sz000917,电广传媒,6.88,-0.18,-2.55,6.87,6.88,7.06,6.96,6.99,6.81,21131517.0,145209708.0,15:36:00
sz000919,金陵药业,6.51,-0.13,-1.958,6.5,6.51,6.64,6.6,6.67,6.47,19664543.0,128511767.0,15:35:15
sz000920,沃顿科技,11.32,-0.18,-1.565,11.31,11.32,11.5,11.42,11.53,11.16,7373310.0,83385467.0,15:35:30
sz000921,海信家电,24.78,-0.22,-0.88,24.78,24.79,25.0,24.9,25.21,24.71,5362930.0,133667054.0,15:35:45
sz000922,佳电股份,11.8,-0.25,-2.075,11.8,11.81,12.05,12.05,12.08,11.64,7387732.0,87381704.0,15:36:00
sz000923,河钢资源,15.71,0.52,3.423,15.71,15.72,15.19,15.49,16.17,15.28,24018471.0,377621893.0,15:35:15
sz000925,众合科技,8.97,0.82,10.061,8.97,0.0,8.15,8.97,8.97,8.97,11785718.0,105717890.0,15:35:30
sz000926,福星股份,2.17,-0.09,-3.982,2.16,2.17,2.26,2.26,2.27,2.16,43735589.0,95779473.0,15:35:45
sz000927,中国铁物,2.41,0.01,0.417,2.41,2.42,2.4,2.39,2.43,2.39,29299930.0,70622218.0,15:36:00
sz000928,中钢国际,5.05,0.11,2.227,5.04,5.05,4.94,4.97,5.05,4.96,17865977.0,89789001.0,15:35:15
sz000929,兰州黄河,8.76,-0.22,-2.45,8.76,8.78,8.98,9.11,9.13,8.71,2218000.0,19550793.0,15:35:30
sz000930,中粮科技,4.78,0.06,1.271,4.77,4.78,4.72,4.71,4.81,4.68,22257700.0,105921621.0,15:35:45
sz000931,中 关 村,5.6,0.51,10.02,5.6,0.0,5.09,5.6,5.6,5.15,112577186.0,616654403.0,15:36:00
sz000932,华菱钢铁,3.64,0.05,1.393,3.63,3.64,3.59,3.59,3.64,3.58,75602248.0,273648785.0,15:35:15
sz000933,神火股份,26.08,0.3,1.164,26.08,26.09,25.78,25.94,26.22,25.6,42983355.0,1113385968.0,15:35:30
sz000935,四川双马,22.1,-0.64,-2.814,22.1,22.11,22.74,22.78,22.81,21.97,3358530.0,74687467.0,15:35:45
sz000936,华西股份,5.45,-0.04,-0.729,5.45,5.46,5.49,5.5,5.54,5.38,27481174.0,149743110.0,15:36:00
sz000937,冀中能源,4.82,0.12,2.553,4.82,4.83,4.7,4.72,4.84,4.71,34595123.0,166025717.0,15:35:15
sz000938,紫光股份,34.49,-1.95,-5.351,34.49,34.5,36.44,36.45,36.48,33.93,154093901.0,5357246836.0,15:35:30
sz000948,南天信息,13.69,-0.23,-1.652,13.68,13.69,13.92,13.85,14.03,13.51,7953997.0,108926437.0,15:35:45
sz000949,新乡化纤,6.95,0.03,0.434,6.95,6.96,6.92,6.92,7.13,6.78,57625181.0,399024247.0,15:36:00
sz000950,重药控股,5.41,-0.07,-1.277,5.4,5.41,5.48,5.5,5.55,5.37,35128182.0,190752030.0,15:35:15
sz000951,中国重汽,19.72,-1.45,-6.849,19.72,19.73,21.17,21.17,21.2,19.63,16343113.0,329004465.0,15:35:30
sz000952,广济药业,6.32,-0.06,-0.94,6.32,6.33,6.38,6.38,6.45,6.25,6573337.0,41525704.0,15:35:45
sz000953,中哲精化,6.16,-0.09,-1.44,6.15,6.16,6.25,6.25,6.3,6.12,6982800.0,43282943.0,15:36:00
sz000955,欣龙控股,4.09,-0.08,-1.918,4.08,4.09,4.17,4.19,4.2,4.03,11731700.0,48048539.0,15:35:15
sz000957,中通客车,10.34,0.07,0.682,10.33,10.34,10.27,10.25,10.35,10.16,6098100.0,62694996.0,15:35:30
sz000958,电投产融,5.25,0.0,0.0,5.25,5.26,5.25,5.25,5.27,5.23,9406100.0,49380309.0,15:35:45
sz000959,首钢股份,3.53,0.06,1.729,3.52,3.53,3.47,3.48,3.53,3.48,23081816.0,80915477.0,15:36:00
sz000960,锡业股份,36.03,-1.07,-2.884,36.03,36.04,37.1,37.39,37.5,35.24,56130422.0,2024613427.0,15:35:15
sz000962,东方钽业,51.4,-1.61,-3.037,51.4,51.41,53.01,53.86,53.98,49.9,19830897.0,1017266690.0,15:35:30
sz000963,华东医药,27.15,-0.95,-3.381,27.15,27.16,28.1,27.8,27.9,27.05,26911225.0,736315878.0,15:35:45
sz000965,天保基建,3.12,-0.03,-0.952,3.12,3.13,3.15,3.15,3.18,3.1,11053100.0,34561739.0,15:36:00
sz000966,长源电力,3.98,0.01,0.252,3.98,3.99,3.97,3.97,4.0,3.94,27968400.0,111080949.0,15:35:15
sz000967,盈峰环境,8.21,-0.12,-1.441,8.21,8.22,8.33,8.38,8.53,8.06,50156965.0,411729842.0,15:35:30
sz000968,蓝焰控股,7.06,-0.11,-1.534,7.06,7.07,7.17,7.08,7.1,6.91,32696074.0,228614490.0,15:35:45
sz000969,安泰科技,16.52,-0.16,-0.959,16.51,16.52,16.68,16.7,16.89,16.27,15775000.0,261057281.0,15:36:00
sz000970,中科三环,12.09,-0.31,-2.5,12.08,12.09,12.4,12.46,12.52,11.9,31350843.0,381481918.0,15:35:15
sz000972,中基健康,3.55,-0.09,-2.473,3.55,3.56,3.64,3.67,3.67,3.54,11212800.0,40188408.0,15:35:30
sz000973,佛塑科技,14.67,0.24,1.663,14.67,14.68,14.43,14.48,15.23,14.41,62072262.0,915662518.0,15:35:45
sz000975,山金国际,29.26,0.68,2.379,29.25,29.26,28.58,28.85,30.28,28.01,81173131.0,2346049993.0,15:36:00
sz000977,浪潮信息,73.22,-3.13,-4.1,73.21,73.22,76.35,76.74,76.76,71.42,60590088.0,4428459548.0,15:35:15
sz000978,桂林旅游,6.1,-0.01,-0.164,6.09,6.1,6.11,6.12,6.19,6.07,6407700.0,39171096.0,15:35:30
sz000980,众泰汽车,1.62,-0.04,-2.41,1.61,1.62,1.66,1.65,1.67,1.6,72322800.0,117537407.0,15:35:45
sz000981,山子高科,2.64,-0.01,-0.377,2.64,2.65,2.65,2.66,2.7,2.6,159850109.0,422779175.0,15:36:00
sz000983,山西焦煤,7.44,0.12,1.639,7.44,7.45,7.32,7.48,7.58,7.38,127858576.0,955119666.0,15:35:15
sz000985,大庆华科,15.71,-0.72,-4.382,15.71,15.73,16.43,16.38,16.38,15.63,2615900.0,41588665.0,15:35:30
sz000987,越秀资本,7.49,0.06,0.808,7.48,7.49,7.43,7.4,7.52,7.38,22751553.0,169840320.0,15:35:45
sz000988,华工科技,103.35,-3.43,-3.212,103.34,103.35,106.78,106.31,107.37,100.85,34230338.0,3543796487.0,15:36:00
sz000989,九芝堂,8.66,-0.38,-4.204,8.65,8.66,9.04,8.96,9.03,8.54,34002800.0,296653088.0,15:35:15
sz000990,诚志股份,6.31,-0.08,-1.252,6.31,6.32,6.39,6.41,6.52,6.28,34210728.0,217617990.0,15:35:30
sz000993,闽东电力,9.75,0.04,0.412,9.74,9.75,9.71,9.83,9.83,9.63,4986600.0,48404747.0,15:35:45
sz000995,皇台酒业,10.9,0.25,2.347,10.9,10.91,10.65,10.65,11.43,10.6,14876100.0,163861425.0,15:36:00
sz000997,新 大 陆,18.32,-0.1,-0.543,18.31,18.32,18.42,18.3,19.05,18.2,17291648.0,318744538.0,15:35:15
sz000998,隆平高科,8.67,0.32,3.832,8.67,8.68,8.35,8.32,8.9,8.27,65464781.0,562784166.0,15:35:30
sz000999,华润三九,23.6,-0.54,-2.237,23.6,23.61,24.14,23.78,23.99,23.55,12673396.0,300239228.0,15:35:45
sz001201,东瑞股份,11.81,-0.05,-0.422,11.8,11.81,11.86,11.86,11.88,11.64,2201325.0,25852662.0,15:36:00
sz001202,炬申股份,13.48,-0.19,-1.39,13.47,13.48,13.67,13.67,13.78,13.4,1453796.0,19694678.0,15:35:15
sz001203,大中矿业,27.87,-0.49,-1.728,27.87,27.88,28.36,28.72,28.95,27.46,38692504.0,1087729865.0,15:35:30
sz001205,盛航股份,14.6,0.13,0.898,14.6,14.61,14.47,14.44,14.7,14.26,2975800.0,43249814.0,15:35:45
sz001206,依依股份,16.24,-0.25,-1.516,16.24,16.25,16.49,16.48,16.78,16.17,2865796.0,46955769.0,15:36:00
sz001207,联科科技,16.8,0.09,0.539,16.79,16.8,16.71,16.57,16.98,16.56,3599324.0,60318592.0,15:35:15
sz001208,华菱线缆,13.13,-0.45,-3.314,13.13,13.14,13.58,13.44,13.63,12.96,13042949.0,172126049.0,15:35:30
sz001209,洪兴股份,17.5,-0.36,-2.016,17.49,17.5,17.86,17.99,18.26,17.26,1981800.0,34766404.0,15:35:45
sz001210,金房能源,26.42,-2.23,-7.784,26.42,26.43,28.65,28.59,28.6,26.25,14070009.0,382031902.0,15:36:00
sz001211,双枪科技,24.3,-0.02,-0.082,24.3,24.33,24.32,24.35,24.45,23.81,3701475.0,89444068.0,15:35:15
sz001212,中旗新材,32.8,-0.9,-2.671,32.8,32.81,33.7,33.61,33.8,32.11,3018231.0,98973368.0,15:35:30
sz001213,中铁特货,3.5,0.02,0.575,3.49,3.5,3.48,3.49,3.51,3.47,4123512.0,14414272.0,15:35:45
sz001215,千味央厨,30.9,-0.77,-2.431,30.9,30.95,31.67,31.52,31.59,30.68,1066300.0,33084783.0,15:36:00
sz001216,华瓷股份,14.4,-0.1,-0.69,14.4,14.41,14.5,14.52,14.57,14.33,1318800.0,18988404.0,15:35:15
sz001217,华尔泰,9.96,-0.05,-0.5,9.95,9.96,10.01,10.01,10.04,9.85,2547500.0,25281004.0,15:35:30
sz001218,丽臣实业,23.41,-0.92,-3.781,23.4,23.41,24.33,24.36,24.49,23.29,2374060.0,56158502.0,15:35:45
sz001219,青岛食品,12.42,-0.19,-1.507,12.42,12.43,12.61,12.6,12.63,12.35,2112534.0,26310811.0,15:36:00
sz001220,世盟股份,31.76,0.46,1.47,31.76,31.77,31.3,31.33,31.88,31.02,989946.0,31125110.0,15:35:15
sz001221,悍高集团,38.11,-3.41,-8.213,38.11,38.12,41.52,40.5,41.14,38.0,4258351.0,166392260.0,15:35:30
sz001222,源飞宠物,14.23,-0.27,-1.862,14.22,14.23,14.5,14.5,14.78,14.19,2965300.0,42591492.0,15:35:45
sz001223,欧克科技,40.2,-0.48,-1.18,40.2,40.36,40.68,41.4,41.4,39.64,1597533.0,64069811.0,15:36:00
sz001225,和泰机电,46.02,-0.89,-1.897,46.02,46.03,46.91,47.78,48.36,45.12,1750150.0,80797806.0,15:35:15
sz001226,拓山重工,47.19,-0.08,-0.169,47.12,47.19,47.27,47.32,47.71,46.06,700300.0,32739015.0,15:35:30
sz001227,兰州银行,2.12,0.01,0.474,2.12,2.13,2.11,2.1,2.13,2.1,61261623.0,129704675.0,15:35:45
sz001228,永泰运,29.14,0.42,1.462,29.11,29.14,28.72,29.0,29.67,28.85,2917600.0,85221524.0,15:36:00
sz001229,魅视科技,43.5,-1.85,-4.079,43.5,43.55,45.35,45.35,45.43,42.39,4419387.0,193314035.0,15:35:15
sz001230,劲旅环境,23.41,1.99,9.29,23.4,23.41,21.42,21.64,23.56,21.63,18151621.0,418730633.0,15:35:30
sz001231,农心科技,20.86,-0.27,-1.278,20.83,20.86,21.13,21.2,21.29,20.66,1048388.0,21857437.0,15:35:45
sz001232,嘉立创,143.08,-6.78,-4.524,143.08,143.09,149.86,149.86,149.86,139.5,5451382.0,779601866.0,15:36:00
sz001233,海安集团,43.15,-0.92,-2.088,43.15,43.17,44.07,44.07,44.17,42.83,910406.0,39386627.0,15:35:15
sz001234,泰慕士,21.9,-0.54,-2.406,21.89,21.9,22.44,22.47,22.47,21.76,1435100.0,31593373.0,15:35:30
sz001236,弘业期货,7.63,0.1,1.328,7.62,7.63,7.53,7.5,7.87,7.48,13459493.0,103074727.0,15:35:45
sz001237,惠康科技,51.43,-0.74,-1.418,51.43,51.44,52.17,52.05,52.48,51.05,1124364.0,58087008.0,15:36:00
sz001238,浙江正特,24.66,-0.43,-1.714,24.66,24.68,25.09,25.09,25.55,24.66,562720.0,14087002.0,15:35:15
sz001239,永达股份,11.88,-0.08,-0.669,11.88,11.9,11.96,11.99,12.04,11.79,1399800.0,16645062.0,15:35:30
sz001248,华润新能,12.03,-0.15,-1.232,12.03,12.04,12.18,12.18,12.21,12.01,41978610.0,507140964.0,15:35:45
sz001255,博菲电气,25.8,-0.31,-1.187,25.8,25.81,26.11,26.24,26.24,25.4,969013.0,24961607.0,15:36:00
sz001256,炜冈科技,22.4,-0.83,-3.573,22.4,22.44,23.23,23.22,23.27,22.21,3181800.0,71996584.0,15:35:15
sz001257,盛龙股份,25.97,0.77,3.056,25.97,25.98,25.2,26.62,27.72,25.8,38849680.0,1043215363.0,15:35:30
sz001258,立新能源,12.57,0.36,2.948,12.57,12.58,12.21,12.45,13.25,12.21,121215966.0,1530450725.0,15:35:45
sz001259,利仁科技,45.35,-0.99,-2.136,45.35,45.36,46.34,46.63,46.64,44.25,1078881.0,48642659.0,15:36:00
sz001260,坤泰股份,17.96,0.29,1.641,17.96,17.97,17.67,17.63,18.12,17.36,4648700.0,82890926.0,15:35:15
sz001266,宏英智能,33.8,-0.58,-1.687,33.8,33.81,34.38,34.97,34.99,33.08,2156900.0,72624557.0,15:35:30
sz001267,汇绿生态,39.14,1.67,4.457,39.13,39.14,37.47,37.51,41.1,37.51,53442067.0,2096141588.0,15:35:45
sz001268,联合精密,22.42,2.04,10.01,22.42,0.0,20.38,20.38,22.42,20.38,5869460.0,129573980.0,15:36:00
sz001269,欧晶科技,18.96,-0.15,-0.785,18.96,18.97,19.11,19.13,19.45,18.82,1555560.0,29716238.0,15:35:15
sz001270,铖昌科技,98.5,-5.4,-5.197,98.5,98.51,103.9,101.98,102.96,97.18,7514546.0,747473474.0,15:35:30
sz001277,速达股份,31.89,-3.54,-9.992,0.0,31.89,35.43,31.89,31.89,31.89,1089800.0,34753722.0,15:35:45
sz001278,一彬科技,15.87,-0.16,-0.998,15.87,15.9,16.03,16.28,16.37,15.71,1963901.0,31386717.0,15:36:00
sz001279,强邦新材,25.09,-0.07,-0.278,25.09,25.1,25.16,25.17,25.44,24.89,580365.0,14567383.0,15:35:15
sz001280,中国铀业,69.6,2.57,3.834,69.6,69.61,67.03,71.15,71.93,68.73,15685826.0,1104659362.0,15:35:30
sz001282,三联锻造,15.83,-0.08,-0.503,15.81,15.83,15.91,15.91,16.14,15.62,1434800.0,22700336.0,15:35:45
sz001283,豪鹏科技,45.25,1.5,3.429,45.22,45.25,43.75,43.8,45.51,43.75,3675717.0,163695608.0,15:36:00
sz001285,瑞立科密,40.6,0.19,0.47,40.6,40.61,40.41,40.4,41.19,40.37,792036.0,32207710.0,15:35:15
sz001286,陕西能源,9.38,-0.13,-1.367,9.37,9.38,9.51,9.45,9.48,9.26,39002894.0,365281788.0,15:35:30
sz001287,中电港,22.25,-0.72,-3.135,22.25,22.26,22.97,22.93,23.0,21.81,18191205.0,405932983.0,15:35:45
sz001288,运机集团,26.01,0.47,1.84,26.01,26.02,25.54,25.8,26.67,25.31,3607499.0,92853085.0,15:36:00
sz001289,龙源电力,15.72,0.08,0.512,15.71,15.72,15.64,15.66,15.75,15.6,4643217.0,72867655.0,15:35:15
sz001296,长江材料,19.27,-0.2,-1.027,19.27,19.28,19.47,19.75,19.77,19.06,1457400.0,28095069.0,15:35:30
sz001298,好上好,17.34,-0.15,-0.858,17.33,17.34,17.49,17.5,17.65,17.08,4744202.0,82083712.0,15:35:45
sz001299,美能能源,9.93,-0.2,-1.974,9.92,9.93,10.13,10.1,10.15,9.83,3166820.0,31486351.0,15:36:00
sz001300,三柏硕,11.48,0.2,1.773,11.48,11.5,11.28,11.28,12.11,11.18,6512500.0,75527037.0,15:35:15
sz001301,尚太科技,63.82,0.62,0.981,63.82,63.88,63.2,63.46,64.26,62.41,7011320.0,444755308.0,15:35:30
sz001306,夏厦精密,52.76,-0.8,-1.494,52.75,52.76,53.56,54.08,54.18,52.16,386800.0,20501388.0,15:35:45
sz001308,康冠科技,17.72,-0.18,-1.006,17.71,17.72,17.9,17.79,17.9,17.55,1531826.0,27110032.0,15:36:00
sz001309,德明利,400.36,-14.76,-3.556,400.35,400.36,415.12,413.33,415.0,386.16,13730980.0,5445318744.0,15:35:15
sz001311,多利科技,17.72,-0.06,-0.337,17.71,17.72,17.78,17.7,18.01,17.37,4793903.0,85045900.0,15:35:30
sz001312,福恩股份,17.12,-0.23,-1.326,17.12,17.13,17.35,17.34,17.4,16.98,1538139.0,26365199.0,15:35:45
sz001313,粤海饲料,7.63,-0.21,-2.679,7.63,7.64,7.84,7.86,7.88,7.57,10756000.0,82454191.0,15:36:00
sz001314,亿道信息,52.5,-1.34,-2.489,52.49,52.5,53.84,53.84,53.9,51.1,2836600.0,148296461.0,15:35:15
sz001316,润贝航科,26.8,0.88,3.395,26.78,26.8,25.92,26.26,27.67,26.11,5388296.0,145375784.0,15:35:30
sz001317,三羊马,47.97,-5.33,-10.0,0.0,47.97,53.3,52.6,53.53,47.97,9743011.0,492405881.0,15:35:45
sz001318,阳光乳业,10.93,-0.15,-1.354,10.93,10.94,11.08,11.1,11.23,10.88,2991100.0,32855983.0,15:36:00
sz001319,铭科精技,19.5,-0.34,-1.714,19.5,19.51,19.84,19.7,20.12,19.12,4284787.0,83658524.0,15:35:15
sz001322,箭牌家居,6.18,-0.1,-1.592,6.18,6.19,6.28,6.28,6.41,6.15,3037700.0,18957546.0,15:35:30
sz001323,慕思股份,18.5,0.1,0.543,18.5,18.51,18.4,18.35,18.8,18.22,2696239.0,49849922.0,15:35:45
sz001324,长青科技,17.6,-0.91,-4.916,17.59,17.6,18.51,18.46,18.47,17.47,3509100.0,62322664.0,15:36:00
sz001325,元创股份,39.54,1.25,3.265,39.54,39.55,38.29,38.28,40.38,38.08,2947304.0,116108488.0,15:35:15
sz001326,联域股份,64.35,2.87,4.668,64.35,64.39,61.48,61.96,64.65,61.15,2293500.0,144833130.0,15:35:30
sz001328,登康口腔,27.96,-0.44,-1.549,27.96,27.99,28.4,28.43,28.67,27.78,1046814.0,29397464.0,15:35:45
sz001330,博纳影业,4.68,-0.12,-2.5,4.68,4.69,4.8,4.85,4.85,4.65,37110740.0,174958853.0,15:36:00
sz001331,胜通能源,43.67,-1.05,-2.348,43.67,43.79,44.72,44.49,45.07,42.3,6067285.0,262715190.0,15:35:15
sz001332,锡装股份,30.26,-0.47,-1.529,30.24,30.26,30.73,30.71,31.05,29.8,1596431.0,48362724.0,15:35:30
sz001333,光华股份,20.81,-0.71,-3.299,20.8,20.81,21.52,21.45,21.52,20.45,5148654.0,107311751.0,15:35:45
sz001335,信凯科技,31.0,-0.34,-1.085,31.0,31.05,31.34,31.34,31.77,30.6,672400.0,20914252.0,15:36:00
sz001336,楚环科技,18.53,-0.19,-1.015,18.41,18.53,18.72,18.72,18.77,18.15,1630380.0,29942468.0,15:35:15
sz001337,四川黄金,56.6,5.13,9.967,56.59,56.6,51.47,51.97,56.62,50.81,40382670.0,2196040248.0,15:35:30
sz001338,永顺泰,8.6,-0.26,-2.935,8.6,8.61,8.86,8.82,8.95,8.57,14526000.0,126756253.0,15:35:45
sz001339,智微智能,74.8,-3.68,-4.689,74.8,74.81,78.48,78.8,78.8,72.85,6490889.0,487983272.0,15:36:00
sz001356,富岭股份,9.45,0.35,3.846,9.44,9.45,9.1,9.14,9.46,9.06,13454549.0,125011723.0,15:35:15
sz001358,兴欣新材,25.2,-0.29,-1.138,25.19,25.2,25.49,25.44,25.55,24.88,1771900.0,44565114.0,15:35:30
sz001359,平安电工,88.68,-3.32,-3.609,88.67,88.68,92.0,93.0,93.0,86.0,4147241.0,367850042.0,15:35:45
sz001360,南矿集团,18.18,-0.04,-0.22,18.18,18.19,18.22,18.32,19.0,18.08,7611331.0,140212065.0,15:36:00
sz001365,天海电子,34.12,-0.91,-2.598,34.12,34.13,35.03,35.88,35.88,33.8,4763093.0,164254130.0,15:35:15
sz001366,播恩集团,12.12,-0.18,-1.463,12.12,12.14,12.3,12.3,12.5,12.03,10697533.0,130806667.0,15:35:30
sz001367,海森药业,20.44,-1.36,-6.239,20.44,20.45,21.8,20.99,20.99,19.63,10239458.0,207044260.0,15:35:45
sz001368,通达创智,23.25,-0.17,-0.726,23.25,23.27,23.42,23.58,23.58,22.7,2544600.0,58865199.0,15:36:00
sz001369,双欣材料,12.3,-0.07,-0.566,12.29,12.3,12.37,12.3,12.42,12.23,3469494.0,42671059.0,15:35:15
sz001373,翔腾新材,28.1,-0.4,-1.404,27.91,28.1,28.5,28.59,28.63,27.43,1469900.0,41006026.0,15:35:30
sz001376,百通能源,10.32,0.01,0.097,10.31,10.32,10.31,10.33,10.45,10.19,7525595.0,77495256.0,15:35:45
sz001378,德冠新材,20.05,-0.06,-0.298,20.05,20.06,20.11,20.15,20.42,19.65,3598823.0,71905236.0,15:36:00
sz001379,腾达科技,15.9,-0.2,-1.242,15.89,15.9,16.1,16.05,16.11,15.75,1682552.0,26769545.0,15:35:15
sz001380,华纬科技,16.76,-0.1,-0.593,16.76,16.79,16.86,16.86,16.95,16.62,945600.0,15828225.0,15:35:30
sz001382,新亚电缆,16.73,-0.12,-0.712,16.72,16.73,16.85,16.85,16.95,16.58,1506823.0,25228331.0,15:35:45
sz001386,马可波罗,15.18,-0.42,-2.692,15.18,15.19,15.6,15.6,15.75,15.05,3906965.0,59714084.0,15:36:00
sz001387,雪祺电气,11.95,-0.17,-1.403,11.95,11.96,12.12,12.11,12.11,11.83,2217204.0,26440458.0,15:35:15
sz001388,信通电子,20.95,-0.37,-1.735,20.95,20.96,21.32,21.15,21.3,20.58,3892784.0,81312395.0,15:35:30
sz001389,广合科技,149.6,-6.35,-4.072,149.56,149.63,155.95,155.92,155.93,145.05,6991886.0,1040866749.0,15:35:45
sz001390,古麒绒材,17.24,-0.16,-0.92,17.24,17.28,17.4,17.41,17.48,17.19,1158200.0,20029907.0,15:36:00
sz001391,国货航,4.09,0.02,0.491,4.08,4.09,4.07,4.07,4.12,4.07,14173518.0,58073572.0,15:35:15
sz001393,维通利,41.16,-1.11,-2.626,41.16,41.18,42.27,42.38,42.69,40.69,1822611.0,75598671.0,15:35:30
sz001395,亚联机械,28.45,-0.58,-1.998,28.45,28.47,29.03,29.2,29.6,28.25,1772683.0,50780371.0,15:35:45
sz001396,誉帆科技,33.58,0.16,0.479,33.58,33.59,33.42,33.7,34.98,33.01,987376.0,33427154.0,15:36:00
sz001399,惠科股份,22.58,-0.5,-2.166,22.58,22.59,23.08,23.0,23.0,22.25,26506579.0,598112036.0,15:35:15
sz001400,江顺科技,81.15,0.82,1.021,81.14,81.15,80.33,79.25,84.8,76.79,5141489.0,412818398.0,15:35:30
sz001696,宗申动力,14.84,-0.46,-3.007,14.84,14.85,15.3,15.19,15.2,14.6,37178442.0,549975741.0,15:35:45
sz001872,招商港口,23.17,0.33,1.445,23.16,23.17,22.84,22.79,23.56,22.62,4728144.0,110257675.0,15:36:00
sz001896,豫能控股,11.91,-0.01,-0.084,11.91,11.92,11.92,12.19,12.41,11.69,60919095.0,731194387.0,15:35:15
sz001914,招商积余,8.67,0.0,0.0,8.67,8.69,8.67,8.67,8.73,8.61,7494809.0,65037907.0,15:35:30
sz001965,招商公路,9.29,0.12,1.309,9.28,9.29,9.17,9.17,9.31,9.16,17055706.0,158205356.0,15:35:45
sz001979,招商蛇口,7.24,-0.22,-2.949,7.24,7.25,7.46,7.45,7.49,7.14,74148700.0,538355071.0,15:36:00
sz002001,新 和 成,26.32,-1.5,-5.392,26.32,26.33,27.82,27.83,28.01,26.18,62556614.0,1667752084.0,15:35:15
sz002003,伟星股份,10.75,0.3,2.871,10.74,10.75,10.45,10.44,10.79,10.28,23088059.0,245659018.0,15:35:30
sz002004,华邦健康,4.47,-0.03,-0.667,4.47,4.48,4.5,4.43,4.47,4.36,36472900.0,161520699.0,15:35:45
sz002005,德豪润达,2.37,-0.06,-2.469,2.37,2.38,2.43,2.44,2.45,2.36,9982300.0,23812554.0,15:36:00
sz002006,精工科技,12.86,-0.29,-2.205,12.86,12.87,13.15,13.19,13.26,12.77,5361954.0,69391884.0,15:35:15
sz002007,华兰生物,12.84,-0.33,-2.506,12.84,12.85,13.17,13.1,13.14,12.81,20161500.0,260662401.0,15:35:30
sz002008,大族激光,86.1,-4.8,-5.281,86.09,86.1,90.9,92.32,92.68,83.26,43785194.0,3766657630.0,15:35:45
sz002009,天奇股份,16.31,-0.22,-1.331,16.3,16.31,16.53,16.7,16.8,16.03,8935229.0,145614573.0,15:36:00
sz002010,传化智联,4.64,-0.01,-0.215,4.63,4.64,4.65,4.67,4.68,4.6,11397390.0,52913299.0,15:35:15
sz002011,盾安环境,9.79,-0.09,-0.911,9.79,9.8,9.88,9.9,9.91,9.73,7567055.0,74063089.0,15:35:30
sz002012,凯恩股份,6.6,-0.13,-1.932,6.59,6.6,6.73,6.71,6.72,6.51,8282770.0,54746959.0,15:35:45
sz002014,永新股份,10.96,0.1,0.921,10.96,10.97,10.86,10.9,11.03,10.82,3947477.0,43251262.0,15:36:00
sz002015,协鑫能科,15.57,1.42,10.035,15.57,0.0,14.15,15.57,15.57,15.57,31744413.0,494260510.0,15:35:15
sz002016,世荣兆业,4.47,-0.05,-1.106,4.47,4.48,4.52,4.52,4.56,4.45,6175700.0,27693479.0,15:35:30
sz002017,东信和平,15.98,1.45,9.979,15.98,0.0,14.53,15.24,15.98,15.09,43211396.0,684374142.0,15:35:45
sz002019,亿帆医药,9.84,-0.29,-2.863,9.83,9.84,10.13,10.17,10.19,9.81,16682149.0,165660418.0,15:36:00
sz002020,京新药业,12.69,-0.49,-3.718,12.69,12.7,13.18,13.15,13.21,12.65,13815360.0,177211072.0,15:35:15
sz002021,中捷资源,2.61,-0.06,-2.247,2.61,2.62,2.67,2.67,2.67,2.58,20741300.0,54183089.0,15:35:30
sz002022,科华生物,5.53,-0.09,-1.601,5.53,5.55,5.62,5.62,5.66,5.49,9570748.0,53122843.0,15:35:45
sz002023,海特高新,9.79,-0.34,-3.356,9.78,9.79,10.13,10.05,10.1,9.64,16122945.0,158136012.0,15:36:00
sz002024,ST易购,1.18,0.0,0.0,1.17,1.18,1.18,1.18,1.18,1.16,17033899.0,19961316.0,15:35:15
sz002025,航天电器,59.37,-3.3,-5.266,59.36,59.37,62.67,63.89,64.37,57.7,16140060.0,969028864.0,15:35:30
sz002026,山东威达,10.23,-0.07,-0.68,10.21,10.23,10.3,10.28,10.42,10.09,4158031.0,42380238.0,15:35:45
sz002027,分众传媒,4.88,-0.02,-0.408,4.87,4.88,4.9,4.88,4.94,4.85,132514497.0,646989582.0,15:36:00
sz002028,思源电气,175.2,-1.49,-0.843,175.19,175.2,176.69,176.0,178.69,171.34,8823233.0,1541364796.0,15:35:15
sz002029,七 匹 狼,8.49,-0.26,-2.971,8.49,8.5,8.75,8.71,8.77,8.41,15628737.0,133989138.0,15:35:30
sz002030,达安基因,5.39,-0.21,-3.75,5.39,5.4,5.6,5.65,5.66,5.35,33922366.0,184796259.0,15:35:45
sz002031,巨轮智能,5.03,-0.11,-2.14,5.02,5.03,5.14,5.13,5.16,4.96,86384364.0,434211010.0,15:36:00
sz002032,苏 泊 尔,40.44,-0.48,-1.173,40.44,40.46,40.92,40.92,41.0,40.38,1610665.0,65380109.0,15:35:15
sz002033,丽江股份,8.95,0.02,0.224,8.94,8.95,8.93,8.9,9.04,8.9,15464406.0,138610049.0,15:35:30
sz002034,旺能环境,13.48,-0.18,-1.318,13.47,13.48,13.66,13.7,13.79,13.41,6378719.0,86479525.0,15:35:45
sz002035,华帝股份,4.71,0.02,0.426,4.7,4.71,4.69,4.7,4.75,4.67,9931977.0,46766039.0,15:36:00
sz002036,联创电子,6.52,-0.04,-0.61,6.52,6.53,6.56,6.72,6.9,6.41,37033911.0,245040102.0,15:35:15
sz002037,保利联合,6.69,-0.07,-1.036,6.68,6.69,6.76,6.79,6.84,6.67,3589100.0,24138564.0,15:35:30
sz002038,双鹭药业,6.37,-0.71,-10.028,6.37,6.38,7.08,6.93,7.08,6.37,127907542.0,842515132.0,15:35:45
sz002039,黔源电力,19.48,0.42,2.204,19.47,19.48,19.06,19.1,19.57,19.1,11042286.0,214616549.0,15:36:00
sz002040,南 京 港,8.7,-0.2,-2.247,8.7,8.71,8.9,9.08,9.15,8.65,22864880.0,202089014.0,15:35:15
sz002041,登海种业,10.19,0.93,10.043,10.19,0.0,9.26,9.3,10.19,9.17,45380235.0,450444066.0,15:35:30
sz002042,华孚时尚,3.74,-0.01,-0.267,3.74,3.75,3.75,3.77,3.82,3.71,17236788.0,64792957.0,15:35:45
sz002043,兔 宝 宝,13.32,0.17,1.293,13.31,13.32,13.15,13.15,13.6,13.12,16157686.0,215331539.0,15:36:00
sz002044,美年健康,4.61,-0.08,-1.706,4.6,4.61,4.69,4.66,4.68,4.56,57444683.0,264522000.0,15:35:15
sz002045,国光电器,8.8,-0.31,-3.403,8.79,8.8,9.11,8.93,9.17,8.71,52406391.0,465265261.0,15:35:30
sz002046,国机精工,47.8,-1.41,-2.865,47.75,47.8,49.21,49.43,49.73,46.23,9686489.0,459644279.0,15:35:45
sz002047,宝鹰股份,3.21,0.0,0.0,3.21,3.22,3.21,3.27,3.29,3.15,45517553.0,146336794.0,15:36:00
sz002048,宁波华翔,18.96,-0.37,-1.914,18.95,18.96,19.33,19.33,19.47,18.71,13475785.0,256362240.0,15:35:15
sz002049,紫光国微,60.99,-1.66,-2.65,60.99,61.0,62.65,62.65,62.65,60.49,16888658.0,1034633315.0,15:35:30
sz002050,三花智控,35.71,-1.0,-2.724,35.7,35.71,36.71,36.71,37.05,35.44,43571489.0,1566150974.0,15:35:45
sz002051,中工国际,8.44,0.08,0.957,8.44,8.45,8.36,8.41,8.51,8.32,25662900.0,215680821.0,15:36:00
sz002052,同洲电子,9.08,0.83,10.061,9.08,0.0,8.25,8.24,9.08,8.15,32210701.0,280641495.0,15:35:15
sz002053,云南能投,9.16,0.05,0.549,9.16,9.17,9.11,9.13,9.19,9.05,4687166.0,42681211.0,15:35:30
sz002054,德美化工,7.16,-0.13,-1.783,7.15,7.16,7.29,7.32,7.38,7.11,12535784.0,90167589.0,15:35:45
sz002055,ST得润,5.98,-0.06,-0.993,5.98,5.99,6.04,6.05,6.2,5.89,14815901.0,89271931.0,15:36:00
sz002056,横店东磁,21.31,-0.22,-1.022,21.3,21.31,21.53,21.58,21.73,20.93,20755023.0,442523732.0,15:35:15
sz002057,中钢天源,8.73,0.08,0.925,8.73,8.74,8.65,8.65,8.77,8.56,15720800.0,136508459.0,15:35:30
sz002058,威尔泰,15.93,-0.4,-2.449,15.91,15.93,16.33,16.37,16.6,15.72,2612450.0,42248525.0,15:35:45
sz002059,云南旅游,4.45,-0.07,-1.549,4.44,4.45,4.52,4.48,4.54,4.41,11553200.0,51655296.0,15:36:00
sz002060,广东建工,3.12,-0.1,-3.106,3.11,3.12,3.22,3.21,3.21,3.05,31277406.0,96851247.0,15:35:15
sz002061,浙江交科,3.47,0.04,1.166,3.47,3.48,3.43,3.43,3.48,3.41,14748164.0,51068435.0,15:35:30
sz002062,宏润建设,7.79,-0.06,-0.764,7.79,7.8,7.85,7.78,7.83,7.62,10889900.0,84182904.0,15:35:45
sz002063,远光软件,5.27,-0.02,-0.378,5.26,5.27,5.29,5.29,5.31,5.22,14174869.0,74567100.0,15:36:00
sz002064,华峰化学,11.39,-0.31,-2.65,11.39,11.4,11.7,11.7,11.73,11.28,36064642.0,412555467.0,15:35:15
sz002065,东华软件,6.8,-0.11,-1.592,6.8,6.81,6.91,6.9,6.92,6.75,26337984.0,179381668.0,15:35:30
sz002066,瑞泰科技,21.67,0.01,0.046,21.67,21.68,21.66,21.87,22.52,20.92,3546200.0,76331885.0,15:35:45
sz002067,景兴纸业,3.94,-0.07,-1.746,3.94,3.95,4.01,3.98,4.01,3.89,30875102.0,121285567.0,15:36:00
sz002068,黑猫股份,7.75,-0.01,-0.129,7.74,7.75,7.76,7.73,7.79,7.61,14066358.0,108135338.0,15:35:15
sz002069,獐子岛,3.49,0.03,0.867,3.49,3.5,3.46,3.49,3.54,3.45,17233900.0,60381208.0,15:35:30
sz002072,凯瑞德,7.3,0.06,0.829,7.3,7.33,7.24,7.23,7.64,7.19,6978970.0,51488042.0,15:35:45
sz002073,软控股份,5.99,0.05,0.842,5.99,6.0,5.94,5.96,6.06,5.92,43361888.0,260084015.0,15:36:00
sz002074,国轩高科,27.17,0.31,1.154,27.16,27.17,26.86,26.98,27.54,26.95,26110478.0,711036655.0,15:35:15
sz002075,沙钢股份,3.59,-0.11,-2.973,3.59,3.6,3.7,3.64,3.69,3.58,37832921.0,136928134.0,15:35:30
sz002076,星光股份,2.06,-0.03,-1.435,2.05,2.06,2.09,2.09,2.1,2.02,25752900.0,52848401.0,15:35:45
sz002077,大港股份,12.08,-0.2,-1.629,12.07,12.08,12.28,12.2,12.32,11.84,15912894.0,191545801.0,15:36:00
sz002078,太阳纸业,13.75,0.08,0.585,13.74,13.75,13.67,13.65,13.76,13.53,16068312.0,219626156.0,15:35:15
sz002079,苏州固锝,9.38,-0.2,-2.088,9.37,9.38,9.58,9.51,9.63,9.2,21980602.0,206410478.0,15:35:30
sz002080,中材科技,49.43,-4.48,-8.31,49.42,49.43,53.91,53.85,54.11,48.52,63906321.0,3162799273.0,15:35:45
sz002081,金 螳 螂,5.0,-0.15,-2.913,5.0,5.01,5.15,5.11,5.15,4.71,344500472.0,1679379864.0,15:36:00
sz002082,ST万邦,9.44,-0.37,-3.772,9.44,9.45,9.81,9.87,9.87,9.39,8043500.0,76742667.0,15:35:15
sz002083,孚日股份,10.39,-0.14,-1.33,10.39,10.4,10.53,10.55,10.81,10.25,35768986.0,374043113.0,15:35:30
sz002084,海鸥住工,3.95,0.36,10.028,3.95,0.0,3.59,3.95,3.95,3.95,4885262.0,19296785.0,15:35:45
sz002085,万丰奥威,10.17,-0.06,-0.587,10.16,10.17,10.23,10.23,10.3,10.09,12252600.0,124639199.0,15:36:00
sz002086,东方海洋,2.01,0.01,0.5,2.01,2.02,2.0,2.0,2.03,1.96,53762033.0,107428710.0,15:35:15
sz002088,鲁阳节能,8.22,-0.01,-0.122,8.21,8.22,8.23,8.31,8.64,8.12,4611331.0,38454438.0,15:35:30
sz002090,金智科技,9.5,0.25,2.703,9.5,9.51,9.25,9.22,9.54,9.11,6505102.0,60678288.0,15:35:45
sz002091,江苏国泰,7.7,0.0,0.0,7.7,7.71,7.7,7.51,7.73,7.36,15531584.0,117842794.0,15:36:00
sz002092,中泰化学,4.43,-0.03,-0.673,4.43,4.44,4.46,4.48,4.52,4.38,39171700.0,173643983.0,15:35:15
sz002093,国脉科技,6.63,0.0,0.0,6.62,6.63,6.63,6.6,6.74,6.56,6801093.0,44983035.0,15:35:30
sz002094,青岛金王,4.67,0.06,1.302,4.66,4.67,4.61,4.59,4.7,4.59,15413577.0,71496881.0,15:35:45
sz002095,生 意 宝,13.95,-0.15,-1.064,13.95,13.96,14.1,14.05,14.22,13.88,1461700.0,20455309.0,15:36:00
sz002096,易普力,9.24,0.02,0.217,9.22,9.24,9.22,9.24,9.27,9.13,3155037.0,29065017.0,15:35:15
sz002097,山河智能,7.12,-0.07,-0.974,7.12,7.13,7.19,7.18,7.24,7.07,11671300.0,83258770.0,15:35:30
sz002098,浔兴股份,7.0,-0.07,-0.99,7.0,7.01,7.07,7.06,7.09,6.93,2823600.0,19758460.0,15:35:45
sz002099,海翔药业,5.05,-0.19,-3.626,5.04,5.05,5.24,5.22,5.26,5.04,18657693.0,95006174.0,15:36:00
sz002100,天康生物,7.17,0.02,0.28,7.16,7.17,7.15,7.15,7.22,7.04,16743910.0,119446876.0,15:35:15
sz002101,广东鸿图,8.52,-0.03,-0.351,8.52,8.53,8.55,8.6,8.63,8.52,2958546.0,25326895.0,15:35:30
sz002102,ST能特,2.25,0.04,1.81,2.24,2.25,2.21,2.21,2.25,2.2,12796470.0,28538021.0,15:35:45
sz002103,广博股份,6.42,-0.06,-0.926,6.41,6.42,6.48,6.49,6.52,6.36,3833100.0,24601774.0,15:36:00
sz002104,恒宝股份,11.51,0.77,7.169,11.51,11.52,10.74,10.59,11.8,10.54,117064879.0,1308231371.0,15:35:15
sz002105,信隆健康,5.85,0.01,0.171,5.82,5.85,5.84,5.91,5.94,5.72,9971800.0,57805341.0,15:35:30
sz002106,莱宝高科,10.16,-0.06,-0.587,10.16,10.17,10.22,10.2,10.33,9.9,13667115.0,137712851.0,15:35:45
sz002107,沃华医药,6.1,-0.15,-2.4,6.1,6.11,6.25,6.24,6.28,6.05,8949500.0,54777325.0,15:36:00
sz002108,沧州明珠,4.35,0.04,0.928,4.35,4.36,4.31,4.29,4.4,4.29,22924337.0,99717118.0,15:35:15
sz002109,ST兴化,2.65,-0.1,-3.636,2.65,2.67,2.75,2.75,2.76,2.63,8153450.0,21899375.0,15:35:30
sz002110,三钢闽光,2.95,0.0,0.0,2.94,2.95,2.95,2.95,3.0,2.93,19272460.0,57094571.0,15:35:45
sz002111,威海广泰,9.44,-0.06,-0.632,9.42,9.44,9.5,9.47,9.57,9.31,6335860.0,59698811.0,15:36:00
sz002112,三变科技,15.22,-0.48,-3.057,15.22,15.23,15.7,15.7,15.75,14.98,14359428.0,219470008.0,15:35:15
sz002114,罗平锌电,7.44,0.12,1.639,7.43,7.44,7.32,7.53,7.6,7.33,9097500.0,67547811.0,15:35:30
sz002115,三维通信,10.82,0.42,4.038,10.81,10.82,10.4,10.46,11.38,10.46,94225572.0,1021465219.0,15:35:45
sz002116,中国海诚,7.08,0.03,0.426,7.08,7.09,7.05,7.0,7.12,6.99,2878501.0,20327092.0,15:36:00
sz002117,东港股份,8.13,0.3,3.831,8.12,8.13,7.83,7.99,8.2,7.99,13109761.0,106140512.0,15:35:15
sz002119,康强电子,23.04,-0.46,-1.957,23.03,23.04,23.5,23.45,23.47,22.35,22682798.0,518520010.0,15:35:30
sz002120,韵达股份,6.62,0.02,0.303,6.61,6.62,6.6,6.61,6.67,6.57,24018718.0,158927177.0,15:35:45
sz002121,科陆电子,4.98,0.04,0.81,4.97,4.98,4.94,4.94,5.03,4.9,18534294.0,91921419.0,15:36:00
sz002122,ST汇洲,2.71,-0.04,-1.455,2.71,2.72,2.75,2.74,2.74,2.67,16168000.0,43724324.0,15:35:15
sz002123,梦网科技,7.7,-0.31,-3.87,7.7,7.71,8.01,7.99,8.0,7.68,19268859.0,149766702.0,15:35:30
sz002124,天邦食品,2.24,-0.03,-1.322,2.23,2.24,2.27,2.27,2.27,2.21,56578601.0,126465650.0,15:35:45
sz002125,湘潭电化,13.3,0.6,4.724,13.3,13.31,12.7,12.82,13.65,12.82,48667901.0,645107983.0,15:36:00
sz002126,银轮股份,38.4,-1.67,-4.168,38.4,38.41,40.07,40.07,40.1,38.03,18085707.0,699735916.0,15:35:15
sz002127,南极电商,2.8,-0.01,-0.356,2.8,2.81,2.81,2.82,2.87,2.78,28434981.0,80066492.0,15:35:30
sz002128,电投能源,27.58,0.46,1.696,27.58,27.59,27.12,27.25,27.61,27.12,8924872.0,244170506.0,15:35:45
sz002129,TCL中环,9.35,-0.15,-1.579,9.35,9.36,9.5,9.54,9.82,9.3,89375965.0,848624978.0,15:36:00
sz002130,沃尔核材,15.87,-0.42,-2.578,15.87,15.88,16.29,16.28,16.32,15.68,19096581.0,304362680.0,15:35:15
sz002131,利欧股份,4.4,-0.17,-3.72,4.39,4.4,4.57,4.55,4.56,4.33,272226361.0,1200432230.0,15:35:30
sz002132,恒星科技,5.2,0.43,9.015,5.19,5.2,4.77,5.07,5.25,5.03,212438097.0,1099300145.0,15:35:45
sz002133,广宇集团,2.69,-0.01,-0.37,2.69,2.7,2.7,2.71,2.74,2.67,11235120.0,30315830.0,15:36:00
sz002134,天津普林,20.74,-0.52,-2.446,20.71,20.74,21.26,21.1,21.47,20.07,6099373.0,125840938.0,15:35:15
sz002135,东南网架,6.38,0.44,7.407,6.38,6.39,5.94,6.04,6.41,5.92,18420800.0,113207716.0,15:35:30
sz002136,安 纳 达,12.33,0.15,1.232,12.32,12.33,12.18,12.27,12.78,12.07,9759130.0,120005112.0,15:35:45
sz002137,实益达,7.45,-0.15,-1.974,7.44,7.45,7.6,7.6,7.6,7.29,16730700.0,123852636.0,15:36:00
sz002138,顺络电子,47.66,-2.28,-4.565,47.65,47.66,49.94,50.0,50.0,46.07,27610528.0,1309035632.0,15:35:15
sz002139,拓邦股份,9.39,-0.11,-1.158,9.39,9.4,9.5,9.49,9.55,9.34,9818995.0,92588647.0,15:35:30
sz002140,东华科技,8.94,-0.15,-1.65,8.94,8.95,9.09,9.01,9.02,8.78,5489301.0,48926918.0,15:35:45
sz002141,贤丰控股,5.98,-0.47,-7.287,5.97,5.98,6.45,6.45,6.47,5.88,138068721.0,840115799.0,15:36:00
sz002142,宁波银行,33.9,-0.16,-0.47,33.89,33.9,34.06,33.81,34.22,33.8,24097101.0,819933901.0,15:35:15
sz002144,宏达高科,10.75,-0.25,-2.273,10.75,10.77,11.0,10.88,10.88,10.59,4172369.0,44775816.0,15:35:30
sz002145,钛能化学,4.3,0.0,0.0,4.3,4.31,4.3,4.32,4.34,4.27,30331444.0,130461304.0,15:35:45
sz002146,荣盛发展,1.13,-0.01,-0.877,1.13,1.14,1.14,1.14,1.15,1.13,48922400.0,55609130.0,15:36:00
sz002148,北纬科技,6.08,-0.12,-1.935,6.08,6.09,6.2,6.31,6.31,6.01,11411200.0,69578057.0,15:35:15
sz002149,西部材料,36.67,-0.65,-1.742,36.67,36.68,37.32,37.34,37.56,35.98,18781538.0,687984558.0,15:35:30
sz002150,正泰电源,21.9,-1.0,-4.367,21.89,21.9,22.9,22.79,23.4,21.82,7998229.0,178200737.0,15:35:45
sz002151,北斗星通,27.72,-0.28,-1.0,27.71,27.72,28.0,27.86,28.16,27.34,8405633.0,232753146.0,15:36:00
sz002152,广电运通,9.51,-0.08,-0.834,9.51,9.52,9.59,9.55,9.68,9.47,16234486.0,154900557.0,15:35:15
sz002153,石基信息,7.58,-0.1,-1.302,7.57,7.58,7.68,7.68,7.68,7.48,15966602.0,120732438.0,15:35:30
sz002154,报 喜 鸟,4.01,-0.06,-1.474,4.01,4.02,4.07,4.06,4.07,3.94,28756754.0,114671312.0,15:35:45
sz002155,湖南黄金,0.0,0.0,0.0,0.0,0.0,24.56,0.0,0.0,0.0,0.0,0.0,15:36:00
sz002156,通富微电,61.24,-2.64,-4.133,61.24,61.25,63.88,63.08,63.58,59.57,91347419.0,5592667851.0,15:35:15
sz002157,正邦科技,2.93,0.0,0.0,2.93,2.94,2.93,2.92,2.94,2.89,85111726.0,248484930.0,15:35:30
sz002158,汉钟精机,25.96,-0.39,-1.48,25.95,25.96,26.35,26.37,26.47,25.6,5765000.0,149669499.0,15:35:45
sz002159,三特索道,13.23,-0.15,-1.121,13.23,13.24,13.38,13.42,13.42,13.15,2030600.0,26949262.0,15:36:00
sz002160,常铝股份,3.98,0.02,0.505,3.97,3.98,3.96,3.95,4.0,3.92,11191600.0,44290384.0,15:35:15
sz002161,远 望 谷,5.79,0.01,0.173,5.78,5.79,5.78,5.75,5.99,5.68,17781400.0,103400884.0,15:35:30
sz002162,悦心健康,3.92,-0.08,-2.0,3.92,3.93,4.0,4.0,4.02,3.91,9192829.0,36208494.0,15:35:45
sz002163,海南发展,7.85,-0.08,-1.009,7.84,7.85,7.93,7.93,8.04,7.75,19715707.0,155214708.0,15:36:00
sz002164,宁波东力,10.92,-0.2,-1.799,10.91,10.92,11.12,11.16,11.19,10.81,7377845.0,80544625.0,15:35:15
sz002165,红 宝 丽,8.07,0.35,4.534,8.06,8.07,7.72,7.61,8.36,7.49,175136807.0,1392286827.0,15:35:30
sz002166,莱茵生物,6.6,-0.14,-2.077,6.6,6.61,6.74,6.72,6.75,6.53,9551655.0,63077275.0,15:35:45
sz002167,东方锆业,16.51,-0.23,-1.374,16.51,16.52,16.74,16.9,17.06,16.12,44023600.0,727606565.0,15:36:00
sz002168,ST惠程,3.97,0.13,3.385,3.95,3.97,3.84,3.87,3.98,3.85,11014800.0,43368587.0,15:35:15
sz002169,智光电气,12.23,-0.34,-2.705,12.23,12.24,12.57,12.42,12.52,12.02,17743637.0,217570930.0,15:35:30
sz002170,芭田股份,11.12,-0.11,-0.98,11.11,11.12,11.23,11.23,11.37,11.07,13696676.0,152897447.0,15:35:45
sz002171,楚江新材,9.77,0.12,1.244,9.77,9.78,9.65,9.9,10.26,9.66,61640686.0,611084782.0,15:36:00
sz002172,澳洋健康,4.44,0.4,9.901,4.44,0.0,4.04,4.06,4.44,3.88,123507846.0,519433208.0,15:35:15
sz002173,创新医疗,17.67,-0.66,-3.601,17.67,17.68,18.33,18.5,18.52,17.5,23017131.0,410365846.0,15:35:30
sz002174,游族网络,11.97,-0.33,-2.683,11.96,11.97,12.3,12.28,12.32,11.89,23038362.0,276967067.0,15:35:45
sz002175,*ST东智,2.53,-0.06,-2.317,2.52,2.54,2.59,2.58,2.58,2.5,16539400.0,41982939.0,15:36:00
sz002176,江特电机,9.15,0.11,1.217,9.14,9.15,9.04,9.2,9.35,8.96,53784435.0,491320123.0,15:35:15
sz002177,御银股份,5.81,0.04,0.693,5.81,5.82,5.77,5.65,5.92,5.64,69335135.0,401852874.0,15:35:30
sz002178,延华智能,4.48,0.04,0.901,4.48,4.49,4.44,4.44,4.51,4.4,8399699.0,37422224.0,15:35:45
sz002179,中航光电,33.01,-1.41,-4.096,33.0,33.01,34.42,34.5,34.99,32.7,30920687.0,1033289773.0,15:36:00
sz002180,奔图科技,16.75,-0.95,-5.367,16.74,16.75,17.7,17.65,17.67,16.73,10939205.0,187357655.0,15:35:15
sz002181,粤 传 媒,8.08,-0.19,-2.297,8.07,8.08,8.27,8.27,8.28,7.97,18518140.0,149843861.0,15:35:30
sz002182,宝武镁业,11.5,-0.39,-3.28,11.5,11.51,11.89,11.89,11.89,11.35,18208751.0,210240022.0,15:35:45
sz002183,怡 亚 通,4.37,0.0,0.0,4.36,4.37,4.37,4.37,4.42,4.31,35162276.0,153404844.0,15:36:00
sz002184,海得控制,9.75,-0.26,-2.597,9.74,9.75,10.01,9.99,10.0,9.64,5559036.0,54307074.0,15:35:15
sz002185,华天科技,16.88,-0.54,-3.1,16.88,16.89,17.42,17.52,17.68,16.47,197946339.0,3351643645.0,15:35:30
sz002186,全 聚 德,9.18,-0.18,-1.923,9.18,9.2,9.36,9.39,9.39,9.12,3327800.0,30635655.0,15:35:45
sz002187,广百股份,5.28,-0.03,-0.565,5.27,5.28,5.31,5.26,5.37,5.24,6841100.0,36203113.0,15:36:00
sz002188,中天服务,5.4,-0.07,-1.28,5.39,5.4,5.47,5.48,5.5,5.33,7932876.0,42811016.0,15:35:15
sz002189,中光学,18.05,-0.15,-0.824,18.04,18.05,18.2,18.19,18.3,17.9,1460200.0,26360407.0,15:35:30
sz002190,成飞集成,22.68,-0.13,-0.57,22.68,22.69,22.81,22.81,23.15,22.54,3714883.0,84651778.0,15:35:45
sz002191,劲嘉股份,3.63,-0.02,-0.548,3.62,3.63,3.65,3.64,3.65,3.6,6124200.0,22185230.0,15:36:00
sz002192,融捷股份,76.85,4.34,5.985,76.85,76.86,72.51,77.02,79.76,76.0,49757741.0,3897128522.0,15:35:15
sz002193,ST如意,4.69,-0.05,-1.055,4.69,4.72,4.74,4.75,4.77,4.55,3282304.0,15258281.0,15:35:30
sz002194,武汉凡谷,9.93,-0.12,-1.194,9.92,9.93,10.05,10.04,10.25,9.84,24230198.0,241804911.0,15:35:45
sz002195,岩山科技,6.16,-0.17,-2.686,6.16,6.17,6.33,6.34,6.34,6.1,87048756.0,538423000.0,15:36:00
sz002196,方正电机,10.26,-0.16,-1.536,10.26,10.27,10.42,10.43,10.53,10.12,13193100.0,135404715.0,15:35:15
sz002197,证通电子,6.43,-0.15,-2.28,6.43,6.44,6.58,6.55,6.72,6.33,17599500.0,113549147.0,15:35:30
sz002198,ST嘉应,3.32,-0.05,-1.484,3.32,3.33,3.37,3.38,3.39,3.31,2687400.0,8983783.0,15:35:45
sz002199,东晶电子,12.0,-0.47,-3.769,11.99,12.0,12.47,12.43,12.47,11.83,5871205.0,70767670.0,15:36:00
sz002200,交投生态,6.54,-0.16,-2.388,6.54,6.56,6.7,6.72,6.73,6.48,3427510.0,22516918.0,15:35:15
sz002201,九鼎新材,7.98,-0.1,-1.238,7.98,7.99,8.08,8.07,8.1,7.85,11032500.0,87704228.0,15:35:30
sz002202,金风科技,18.3,-0.89,-4.638,18.3,18.31,19.19,18.9,19.1,18.0,134604566.0,2477703260.0,15:35:45
sz002203,海亮股份,19.32,0.48,2.548,19.32,19.33,18.84,19.2,19.43,18.6,22255302.0,423988304.0,15:36:00
sz002204,大连重工,5.1,-0.06,-1.163,5.1,5.11,5.16,5.17,5.2,5.09,19070500.0,97786054.0,15:35:15
sz002205,国统股份,10.49,-0.17,-1.595,10.49,10.51,10.66,10.66,10.75,10.41,1502900.0,15884988.0,15:35:30
sz002206,海 利 得,5.21,0.0,0.0,5.21,5.22,5.21,5.23,5.25,5.17,5695866.0,29683719.0,15:35:45
sz002207,*ST准油,5.6,-0.15,-2.609,5.6,5.61,5.75,5.7,5.7,5.53,5436406.0,30446201.0,15:36:00
sz002208,合肥城建,10.44,-0.37,-3.423,10.44,10.45,10.81,10.78,10.79,10.23,29235245.0,305996109.0,15:35:15
sz002209,达 意 隆,12.9,-0.26,-1.976,12.9,12.92,13.16,12.91,13.07,12.39,22889410.0,290742483.0,15:35:30
sz002210,飞马国际,2.2,-0.02,-0.901,2.19,2.2,2.22,2.23,2.25,2.17,36729100.0,80672768.0,15:35:45
sz002211,ST宏达,3.77,-0.05,-1.309,3.76,3.77,3.82,3.83,3.85,3.73,3662500.0,13831634.0,15:36:00
sz002212,天融信,6.04,-0.19,-3.05,6.04,6.05,6.23,6.22,6.23,6.02,27491173.0,167306495.0,15:35:15
sz002213,大为股份,31.51,1.62,5.42,31.51,31.52,29.89,30.15,31.83,29.41,23350274.0,723143740.0,15:35:30
sz002214,大立科技,14.98,0.2,1.353,14.98,14.99,14.78,14.79,15.32,14.71,10977927.0,165135920.0,15:35:45
sz002215,诺 普 信,9.46,0.26,2.826,9.45,9.46,9.2,9.2,9.65,9.14,35699574.0,335727117.0,15:36:00
sz002216,三全食品,12.4,0.06,0.486,12.4,12.41,12.34,12.34,12.47,12.25,5512660.0,68175471.0,15:35:15
sz002217,ST合力泰,1.45,0.0,0.0,1.44,1.45,1.45,1.45,1.47,1.43,74434868.0,107708516.0,15:35:30
sz002218,拓日新能,3.84,-0.02,-0.518,3.83,3.84,3.86,3.85,3.99,3.78,28107597.0,108292774.0,15:35:45
sz002219,新里程,2.13,-0.1,-4.484,2.13,2.14,2.23,2.22,2.23,2.11,118628398.0,254875038.0,15:36:00
sz002221,东华能源,5.4,-0.29,-5.097,5.4,5.41,5.69,5.64,5.67,5.37,35293815.0,192909186.0,15:35:15
sz002222,福晶科技,62.6,-2.01,-3.111,62.6,62.61,64.61,64.6,64.91,60.59,22303966.0,1389832394.0,15:35:30
sz002223,鱼跃医疗,25.99,0.52,2.042,25.98,25.99,25.47,26.06,26.55,25.65,15822000.0,413991596.0,15:35:45
sz002224,三 力 士,3.62,-0.1,-2.688,3.62,3.63,3.72,3.66,3.71,3.55,21484076.0,77861976.0,15:36:00
sz002225,濮耐股份,3.54,-0.07,-1.939,3.54,3.55,3.61,3.6,3.66,3.51,20504500.0,73302039.0,15:35:15
sz002226,江南化工,5.05,0.05,1.0,5.04,5.05,5.0,5.0,5.05,4.98,12470900.0,62662086.0,15:35:30
sz002227,*ST特迅,6.24,-0.09,-1.422,6.24,6.26,6.33,6.35,6.39,6.16,2720200.0,17000124.0,15:35:45
sz002228,合兴包装,3.08,-0.04,-1.282,3.07,3.08,3.12,3.12,3.12,3.06,11339840.0,34911285.0,15:36:00
sz002229,鸿博股份,10.67,-0.32,-2.912,10.67,10.68,10.99,11.1,11.1,10.49,41453879.0,443870217.0,15:35:15
sz002230,科大讯飞,38.93,-0.26,-0.663,38.92,38.93,39.19,39.21,39.29,38.67,26588778.0,1033908185.0,15:35:30
sz002232,启明信息,13.98,0.07,0.503,13.97,13.98,13.91,13.8,14.03,13.77,3150100.0,43856463.0,15:35:45
sz002233,塔牌集团,7.14,0.09,1.277,7.13,7.14,7.05,7.05,7.16,7.02,10525430.0,74843310.0,15:36:00
sz002234,民和股份,7.81,-0.13,-1.637,7.81,7.82,7.94,7.91,8.01,7.73,7860228.0,61714052.0,15:35:15
sz002235,安妮股份,8.08,-0.64,-7.339,8.08,8.09,8.72,8.7,8.7,8.0,42583231.0,350031510.0,15:35:30
sz002236,大华股份,16.1,-0.01,-0.062,16.09,16.1,16.11,16.12,16.25,16.03,24991193.0,403008820.0,15:35:45
sz002237,恒邦股份,15.19,-0.26,-1.683,15.19,15.2,15.45,15.75,15.79,14.93,69923755.0,1063682094.0,15:36:00
sz002238,天威视讯,6.38,0.36,5.98,6.38,6.39,6.02,6.03,6.45,5.98,14446189.0,91094620.0,15:35:15
sz002239,奥特佳,2.47,0.0,0.0,2.47,2.48,2.47,2.47,2.49,2.45,36226394.0,89577243.0,15:35:30
sz002240,盛新锂能,32.93,-0.82,-2.43,32.93,32.94,33.75,34.28,35.5,32.59,63172166.0,2155808786.0,15:35:45
sz002241,歌尔股份,23.48,0.08,0.342,23.48,23.49,23.4,24.38,24.8,23.35,183865010.0,4427249599.0,15:36:00
sz002242,九阳股份,8.21,-0.63,-7.127,8.2,8.21,8.84,8.56,8.57,8.0,14624748.0,120520931.0,15:35:15
sz002243,力合科创,7.25,-0.09,-1.226,7.24,7.25,7.34,7.32,7.45,7.18,10715896.0,78417634.0,15:35:30
sz002244,滨江集团,9.01,-0.15,-1.638,9.01,9.02,9.16,9.12,9.23,8.85,30215135.0,272815740.0,15:35:45
sz002245,蔚蓝锂芯,17.95,-0.35,-1.913,17.95,17.96,18.3,18.58,18.64,17.75,56936627.0,1030259122.0,15:36:00
sz002246,北化股份,19.45,-0.7,-3.474,19.45,19.46,20.15,20.14,20.14,19.27,11413684.0,224012130.0,15:35:15
sz002247,聚力文化,2.37,0.0,0.0,2.37,2.38,2.37,2.38,2.41,2.33,28255300.0,66979193.0,15:35:30
sz002248,华东数控,9.58,-0.39,-3.912,9.58,9.59,9.97,9.71,9.99,9.45,41169733.0,396005387.0,15:35:45
sz002249,大洋电机,6.94,-0.13,-1.839,6.94,6.95,7.07,7.08,7.1,6.88,23708344.0,165260692.0,15:36:00
sz002250,联化科技,14.54,-1.21,-7.683,14.54,14.55,15.75,15.76,15.88,14.38,22028141.0,328502510.0,15:35:15
sz002251,步步高,3.49,-0.05,-1.412,3.48,3.49,3.54,3.53,3.55,3.46,57226970.0,199854147.0,15:35:30
sz002252,上海莱士,4.81,-0.01,-0.207,4.8,4.81,4.82,4.82,4.84,4.76,43494870.0,208856772.0,15:35:45
sz002253,川大智胜,9.4,-0.12,-1.261,9.4,9.42,9.52,9.57,9.66,9.36,3420100.0,32364830.0,15:36:00
sz002254,泰和新材,12.13,-0.27,-2.177,12.13,12.14,12.4,12.4,12.46,11.83,15586534.0,188193336.0,15:35:15
sz002255,海陆重工,7.62,-0.1,-1.295,7.61,7.62,7.72,7.75,7.75,7.52,10255659.0,78000251.0,15:35:30
sz002256,兆新股份,3.33,-0.04,-1.187,3.32,3.33,3.37,3.37,3.42,3.28,34502371.0,115435539.0,15:35:45
sz002258,利尔化学,14.16,-0.43,-2.947,14.16,14.17,14.59,14.5,14.56,14.0,19921710.0,282960671.0,15:36:00
sz002259,升达林业,3.81,-0.04,-1.039,3.8,3.81,3.85,3.85,3.88,3.76,11490000.0,43793210.0,15:35:15
sz002261,拓维信息,25.08,-0.42,-1.647,25.08,25.09,25.5,25.53,25.56,25.01,23275454.0,586104474.0,15:35:30
sz002262,恩华药业,21.85,-0.1,-0.456,21.85,21.86,21.95,21.8,22.37,21.67,12183000.0,267385416.0,15:35:45
sz002263,大东南,2.96,-0.02,-0.671,2.96,2.97,2.98,2.96,3.02,2.92,26995631.0,79942411.0,15:36:00
sz002264,新 华 都,6.45,-0.06,-0.922,6.44,6.45,6.51,6.49,6.55,6.38,12536800.0,80917995.0,15:35:15
sz002265,建设工业,18.06,-0.23,-1.258,18.05,18.06,18.29,18.22,18.43,17.85,7620869.0,138142566.0,15:35:30
sz002266,浙富控股,4.86,0.03,0.621,4.85,4.86,4.83,4.88,4.96,4.78,74128545.0,360055974.0,15:35:45
sz002267,陕天然气,7.03,0.06,0.861,7.03,7.04,6.97,6.97,7.05,6.95,6144100.0,43069767.0,15:36:00
sz002268,电科网安,13.59,0.01,0.074,13.58,13.59,13.58,13.65,13.82,13.42,6964225.0,94741202.0,15:35:15
sz002269,美邦服饰,1.4,-0.03,-2.098,1.4,1.41,1.43,1.44,1.44,1.4,27996337.0,39584636.0,15:35:30
sz002270,华明装备,19.52,0.26,1.35,19.52,19.53,19.26,19.24,19.58,19.04,10291748.0,198737294.0,15:35:45
sz002271,东方雨虹,10.82,-0.32,-2.873,10.82,10.83,11.14,11.15,11.39,10.75,55727410.0,609739079.0,15:36:00
sz002272,川润股份,15.4,-0.19,-1.219,15.39,15.4,15.59,15.63,16.0,15.07,31729277.0,491947293.0,15:35:15
sz002273,水晶光电,25.24,-2.24,-8.151,25.23,25.24,27.48,27.3,27.33,24.76,71748491.0,1836083360.0,15:35:30
sz002274,华昌化工,6.15,0.33,5.67,6.15,6.16,5.82,5.8,6.16,5.79,64287380.0,385345446.0,15:35:45
sz002275,桂林三金,12.57,-0.66,-4.989,12.55,12.57,13.23,12.76,12.8,12.31,5222063.0,65035223.0,15:36:00
sz002276,万马股份,9.99,-0.06,-0.597,9.99,10.0,10.05,10.02,10.07,9.9,11749300.0,117116805.0,15:35:15
sz002277,友阿股份,6.44,0.59,10.085,6.44,0.0,5.85,6.12,6.44,6.11,83110518.0,530373394.0,15:35:30
sz002278,神开股份,8.06,-0.09,-1.104,8.05,8.06,8.15,8.17,8.23,7.93,8030000.0,64557573.0,15:35:45
sz002279,久其软件,6.19,-0.09,-1.433,6.18,6.19,6.28,6.3,6.3,6.14,17709240.0,109679325.0,15:36:00
sz002281,光迅科技,166.39,-12.19,-6.826,166.39,166.4,178.58,177.0,178.87,162.03,40926823.0,6876732379.0,15:35:15
sz002282,博深股份,5.87,-0.04,-0.677,5.87,5.88,5.91,5.91,5.93,5.84,2532747.0,14882905.0,15:35:30
sz002283,天润工业,8.58,-0.25,-2.831,8.58,8.59,8.83,8.83,8.89,8.45,15388360.0,132573419.0,15:35:45
sz002284,亚太股份,9.43,0.1,1.072,9.42,9.43,9.33,9.32,9.83,9.29,41946295.0,399239013.0,15:36:00
sz002285,世联行,2.09,-0.06,-2.791,2.08,2.09,2.15,2.12,2.15,2.06,44633000.0,93208605.0,15:35:15
sz002286,保龄宝,7.77,-0.11,-1.396,7.76,7.77,7.88,7.83,7.89,7.68,6805973.0,52828230.0,15:35:30
sz002287,奇正藏药,19.73,-0.13,-0.655,19.7,19.73,19.86,19.79,19.8,19.43,2256647.0,44233192.0,15:35:45
sz002289,宇顺电子,39.17,-2.24,-5.409,39.17,39.18,41.41,41.0,41.39,38.81,5623550.0,223799574.0,15:36:00
sz002290,禾盛新材,62.47,-1.38,-2.161,62.46,62.47,63.85,63.81,63.85,61.23,6245874.0,389469639.0,15:35:15
sz002291,遥望科技,5.08,-0.09,-1.741,5.08,5.09,5.17,5.19,5.19,5.02,15706600.0,79781774.0,15:35:30
sz002292,奥飞娱乐,7.74,-0.14,-1.777,7.73,7.74,7.88,7.88,7.96,7.65,29723267.0,230545641.0,15:35:45
sz002293,罗莱生活,11.83,0.52,4.598,11.81,11.83,11.31,11.39,12.1,11.13,20673953.0,242101602.0,15:36:00
sz002294,信立泰,31.62,-1.06,-3.244,31.62,31.63,32.68,32.89,32.99,31.35,20123274.0,642669140.0,15:35:15
sz002295,精艺股份,9.05,0.0,0.0,9.05,9.06,9.05,9.02,9.15,8.86,3244400.0,29186837.0,15:35:30
sz002296,辉煌科技,8.75,-0.1,-1.13,8.75,8.76,8.85,8.84,8.9,8.67,4998500.0,43716412.0,15:35:45
sz002297,博云新材,17.46,-0.32,-1.8,17.45,17.46,17.78,17.78,18.09,16.94,40272586.0,697344379.0,15:36:00
sz002298,中电鑫龙,7.94,-0.03,-0.376,7.93,7.94,7.97,7.96,8.05,7.75,22304524.0,176352022.0,15:35:15
sz002299,圣农发展,15.97,-0.03,-0.187,15.96,15.97,16.0,16.0,16.05,15.6,15820956.0,249967437.0,15:35:30
sz002300,太阳电缆,6.62,-0.1,-1.488,6.62,6.63,6.72,6.69,6.75,6.52,12205777.0,80649508.0,15:35:45
sz002301,齐心集团,7.6,0.23,3.121,7.59,7.6,7.37,7.49,7.89,7.42,18877232.0,143976734.0,15:36:00
sz002302,西部建设,4.64,0.01,0.216,4.63,4.64,4.63,4.6,4.67,4.6,5107040.0,23687137.0,15:35:15
sz002303,美盈森,4.72,0.01,0.212,4.72,4.73,4.71,4.67,4.75,4.58,35585058.0,166200368.0,15:35:30
sz002304,洋河股份,39.05,0.22,0.567,39.04,39.05,38.83,38.82,39.24,38.7,4177308.0,162941761.0,15:35:45
sz002305,*ST南置,2.08,-0.04,-1.887,2.08,2.09,2.12,2.1,2.11,2.07,13318100.0,27816936.0,15:36:00
sz002306,ST云网,2.1,-0.02,-0.943,2.1,2.11,2.12,2.13,2.15,2.03,18852804.0,39286635.0,15:35:15
sz002307,北新路桥,2.88,0.0,0.0,2.87,2.88,2.88,2.86,2.92,2.85,17391072.0,50051478.0,15:35:30
sz002309,中利集团,2.93,-0.05,-1.678,2.93,2.94,2.98,2.99,3.01,2.9,73488301.0,216033078.0,15:35:45
sz002310,东方新能,2.3,-0.01,-0.433,2.3,2.31,2.31,2.33,2.35,2.28,62113373.0,143405315.0,15:36:00
sz002311,海大集团,46.3,0.51,1.114,46.22,46.3,45.79,45.85,46.68,45.6,6924904.0,319216849.0,15:35:15
sz002312,川发龙蟒,8.24,-0.03,-0.363,8.23,8.24,8.27,8.26,8.35,8.2,12550499.0,103622045.0,15:35:30
sz002313,日海智能,8.75,-0.09,-1.018,8.74,8.75,8.84,8.73,8.99,8.64,24244200.0,212914791.0,15:35:45
sz002314,南山控股,2.1,-0.03,-1.408,2.09,2.1,2.13,2.13,2.16,2.08,17402602.0,36670984.0,15:36:00
sz002315,焦点科技,25.14,-0.73,-2.822,25.14,25.15,25.87,25.9,25.98,25.02,4700445.0,119287894.0,15:35:15
sz002316,亚联发展,4.43,-0.02,-0.449,4.41,4.43,4.45,4.44,4.5,4.35,8097800.0,35646789.0,15:35:30
sz002317,众生药业,25.34,-0.83,-3.172,25.33,25.34,26.17,26.0,26.39,25.17,25256590.0,644432045.0,15:35:45
sz002318,久立特材,19.55,0.27,1.4,19.53,19.55,19.28,19.26,19.73,19.18,9176093.0,179713457.0,15:36:00
sz002319,乐通股份,10.9,-0.39,-3.454,10.9,10.91,11.29,11.28,11.49,10.82,13725050.0,151992194.0,15:35:15
sz002320,海峡股份,6.38,-0.01,-0.156,6.37,6.38,6.39,6.4,6.47,6.34,12468993.0,79764868.0,15:35:30
sz002321,华英农业,2.02,-0.01,-0.493,2.02,2.03,2.03,2.03,2.04,1.98,24086983.0,48400139.0,15:35:45
sz002322,理工能科,11.82,0.07,0.596,11.82,11.83,11.75,11.74,11.9,11.7,12796400.0,151002563.0,15:36:00
sz002323,*ST雅博,1.28,-0.02,-1.538,1.28,1.29,1.3,1.29,1.31,1.27,31606713.0,40613361.0,15:35:15
sz002324,普利特,8.95,-0.02,-0.223,8.95,8.96,8.97,8.94,9.15,8.85,12857800.0,115233182.0,15:35:30
sz002326,永太科技,19.85,-0.28,-1.391,19.85,19.86,20.13,20.05,20.36,19.62,25606449.0,510606785.0,15:35:45
sz002327,富安娜,6.69,0.14,2.137,6.68,6.69,6.55,6.58,6.73,6.54,6011850.0,40044000.0,15:36:00
sz002328,新朋股份,7.16,0.0,0.0,7.15,7.16,7.16,7.15,7.26,7.01,17819634.0,126983406.0,15:35:15
sz002329,皇氏集团,3.63,-0.07,-1.892,3.63,3.64,3.7,3.65,3.74,3.56,73904494.0,268858606.0,15:35:30
sz002330,得利斯,4.01,-0.01,-0.249,4.0,4.01,4.02,4.02,4.06,3.96,9840500.0,39398454.0,15:35:45
sz002331,皖通科技,6.8,-0.06,-0.875,6.79,6.8,6.86,6.88,6.93,6.75,5837500.0,39795868.0,15:36:00
sz002332,仙琚制药,8.44,0.0,0.0,8.44,8.45,8.44,8.42,8.47,8.32,11295826.0,94836352.0,15:35:15
sz002333,罗普斯金,5.27,0.06,1.152,5.27,5.28,5.21,5.24,5.36,5.14,23346262.0,122035230.0,15:35:30
sz002334,英威腾,6.5,0.04,0.619,6.5,6.51,6.46,6.45,6.62,6.4,13667747.0,89319177.0,15:35:45
sz002335,科华数据,29.72,-0.58,-1.914,29.71,29.72,30.3,30.57,30.57,29.23,12169106.0,362720769.0,15:36:00
sz002337,赛象科技,4.6,-0.03,-0.648,4.59,4.6,4.63,4.67,4.72,4.54,4657703.0,21453880.0,15:35:15
sz002338,奥普光电,42.9,-0.04,-0.093,42.89,42.9,42.94,42.94,43.25,42.08,3769548.0,160702423.0,15:35:30
sz002339,积成电子,7.08,0.02,0.283,7.07,7.08,7.06,7.11,7.17,6.98,7866420.0,55570835.0,15:35:45
sz002340,格林美,6.53,0.01,0.153,6.52,6.53,6.52,6.53,6.62,6.47,62671039.0,409924474.0,15:36:00
sz002342,巨力索具,7.44,-0.08,-1.064,7.43,7.44,7.52,7.52,7.58,7.29,28744400.0,212809616.0,15:35:15
sz002343,慈文传媒,4.92,-0.07,-1.403,4.92,4.93,4.99,5.0,5.08,4.89,10205800.0,50608526.0,15:35:30
sz002344,海宁皮城,3.81,-0.04,-1.039,3.81,3.82,3.85,3.84,3.87,3.8,5863719.0,22421249.0,15:35:45
sz002345,潮宏基,9.63,-0.34,-3.41,9.63,9.65,9.97,10.11,10.17,9.54,24956100.0,244362767.0,15:36:00
sz002346,柘中股份,21.32,-1.75,-7.586,21.32,21.36,23.07,23.09,23.14,20.8,15472540.0,336038036.0,15:35:15
sz002347,泰尔股份,5.85,-0.14,-2.337,5.85,5.86,5.99,6.02,6.05,5.78,11138200.0,65249243.0,15:35:30
sz002348,高乐股份,11.06,-0.27,-2.383,11.06,11.07,11.33,11.35,11.4,10.83,14859600.0,164014120.0,15:35:45
sz002349,精华制药,6.81,-0.11,-1.59,6.8,6.81,6.92,6.89,7.0,6.78,12378600.0,84810440.0,15:36:00
sz002350,北京科锐,14.23,-0.22,-1.522,14.22,14.23,14.45,14.4,14.45,13.93,7412438.0,104967558.0,15:35:15
sz002351,漫步者,9.91,0.04,0.405,9.91,9.92,9.87,9.86,10.03,9.72,7678036.0,75806087.0,15:35:30
sz002352,顺丰控股,32.94,0.44,1.354,32.93,32.94,32.5,32.46,33.15,32.46,19985311.0,657539385.0,15:35:45
sz002353,杰瑞股份,142.48,-10.02,-6.57,142.48,142.5,152.5,154.44,154.44,139.0,17107736.0,2450182825.0,15:36:00
sz002354,天娱数科,6.95,-0.29,-4.006,6.95,6.96,7.24,7.33,7.38,6.83,146569212.0,1029592200.0,15:35:15
sz002355,兴民智通,4.7,-0.11,-2.287,4.7,4.71,4.81,4.88,5.08,4.66,20739799.0,99212777.0,15:35:30
sz002356,鹏飞绿能,2.71,-0.05,-1.812,2.71,2.72,2.76,2.78,2.78,2.7,12667100.0,34578272.0,15:35:45
sz002357,富临运业,10.89,-0.06,-0.548,10.89,10.9,10.95,11.26,11.27,10.75,10728976.0,117448508.0,15:36:00
sz002358,森源电气,5.32,0.0,0.0,5.32,5.33,5.32,5.32,5.34,5.23,9859527.0,52058237.0,15:35:15
sz002360,ST同德,5.71,-0.06,-1.04,5.7,5.71,5.77,5.77,5.88,5.61,6160909.0,35502514.0,15:35:30
sz002361,神剑股份,10.1,-0.36,-3.442,10.1,10.11,10.46,10.3,10.36,9.89,90845599.0,915864613.0,15:35:45
sz002362,汉王科技,15.66,-0.13,-0.823,15.66,15.67,15.79,15.99,15.99,15.48,1826201.0,28581683.0,15:36:00
sz002363,隆基机械,6.44,0.0,0.0,6.44,6.46,6.44,6.44,6.51,6.37,4033313.0,25901949.0,15:35:15
sz002364,中恒电气,37.5,-1.69,-4.312,37.5,37.51,39.19,39.4,39.48,36.46,39698997.0,1491092131.0,15:35:30
sz002365,永安药业,15.11,-1.48,-8.921,15.11,15.12,16.59,16.01,16.41,14.93,62174966.0,961686330.0,15:35:45
sz002366,融发核电,5.59,-0.08,-1.411,5.59,5.6,5.67,5.63,5.66,5.53,20105649.0,112284904.0,15:36:00
sz002367,康力电梯,5.35,0.01,0.187,5.34,5.35,5.34,5.33,5.4,5.29,6248758.0,33313419.0,15:35:15
sz002368,太极股份,13.42,-0.54,-3.868,13.4,13.42,13.96,13.81,13.93,13.34,7730960.0,104885029.0,15:35:30
sz002369,卓翼科技,5.85,-0.09,-1.515,5.84,5.85,5.94,5.89,5.98,5.75,18876439.0,110431336.0,15:35:45
sz002370,亚太药业,5.45,-0.21,-3.71,5.45,5.46,5.66,5.66,5.71,5.41,21569849.0,118610020.0,15:36:00
sz002371,北方华创,707.9,-6.53,-0.914,707.88,707.9,714.43,714.0,725.8,695.87,7778740.0,5527092657.0,15:35:15
sz002372,伟星新材,8.4,0.12,1.449,8.39,8.4,8.28,8.28,8.42,8.25,11272307.0,94185877.0,15:35:30
sz002373,千方科技,7.41,-0.06,-0.803,7.4,7.41,7.47,7.44,7.54,7.32,15742012.0,116499126.0,15:35:45
sz002374,中锐股份,3.04,-0.05,-1.618,3.04,3.05,3.09,3.07,3.12,3.01,11682660.0,35576730.0,15:36:00
sz002375,亚厦股份,3.58,-0.02,-0.556,3.58,3.59,3.6,3.6,3.61,3.54,12230800.0,43632446.0,15:35:15
sz002376,新北洋,6.75,0.03,0.446,6.74,6.75,6.72,6.72,6.81,6.65,11024287.0,74141344.0,15:35:30
sz002377,国创高新,2.69,-0.02,-0.738,2.68,2.69,2.71,2.71,2.73,2.64,18065200.0,48268691.0,15:35:45
sz002378,章源钨业,25.55,-0.65,-2.481,25.55,25.56,26.2,26.48,26.55,25.03,32172108.0,826062959.0,15:36:00
sz002379,宏桥控股,18.46,0.23,1.262,18.45,18.46,18.23,18.29,18.62,18.18,40640552.0,748359173.0,15:35:15
sz002380,科远智慧,27.44,0.17,0.623,27.44,27.45,27.27,27.5,27.85,26.88,6279500.0,171636674.0,15:35:30
sz002381,双箭股份,5.47,-0.03,-0.545,5.47,5.48,5.5,5.45,5.51,5.41,3950600.0,21564981.0,15:35:45
sz002382,蓝帆医疗,5.9,0.01,0.17,5.89,5.9,5.89,5.9,5.98,5.83,12583003.0,74183845.0,15:36:00
sz002383,合众思壮,6.74,-0.08,-1.173,6.73,6.74,6.82,6.82,6.87,6.68,6765638.0,45555382.0,15:35:15
sz002384,东山精密,193.6,-7.48,-3.72,193.6,193.61,201.08,205.13,208.96,186.0,77808864.0,15219490506.0,15:35:30
sz002385,大北农,3.2,0.02,0.629,3.19,3.2,3.18,3.18,3.24,3.16,99800200.0,319689590.0,15:35:45
sz002386,天原股份,5.9,0.05,0.855,5.89,5.9,5.85,5.86,5.91,5.81,14185784.0,83129270.0,15:36:00
sz002387,维信诺,7.42,0.01,0.135,7.41,7.42,7.41,7.4,7.63,7.35,28382013.0,212085237.0,15:35:15
sz002388,新亚制程,6.2,0.14,2.31,6.19,6.2,6.06,6.0,6.24,6.0,48595200.0,298233486.0,15:35:30
sz002389,航天彩虹,17.49,-0.17,-0.963,17.49,17.5,17.66,17.73,17.73,17.39,9388600.0,164530127.0,15:35:45
sz002390,信邦制药,3.0,-0.04,-1.316,3.0,3.01,3.04,3.04,3.07,2.99,22794500.0,68713032.0,15:36:00
sz002391,长青股份,5.1,0.01,0.196,5.09,5.1,5.09,5.08,5.12,5.06,7138300.0,36367835.0,15:35:15
sz002392,北京利尔,7.67,0.14,1.859,7.66,7.67,7.53,7.56,7.67,7.49,13943000.0,105818760.0,15:35:30
sz002393,力生制药,13.82,-0.6,-4.161,13.82,13.83,14.42,14.36,14.57,13.79,5196932.0,72839825.0,15:35:45
sz002394,联发股份,9.6,0.11,1.159,9.6,9.61,9.49,9.46,9.69,9.44,3653102.0,34863546.0,15:36:00
sz002395,双象股份,12.2,-0.1,-0.813,12.19,12.2,12.3,12.3,12.35,12.07,2024400.0,24662341.0,15:35:15
sz002396,星网锐捷,32.08,-1.09,-3.286,32.08,32.09,33.17,33.58,33.79,31.4,94369967.0,3043587597.0,15:35:30
sz002397,梦洁股份,3.48,-0.07,-1.972,3.47,3.48,3.55,3.59,3.62,3.43,19438900.0,68027346.0,15:35:45
sz002398,垒知集团,4.1,0.01,0.244,4.08,4.1,4.09,4.11,4.15,4.07,11925095.0,48897826.0,15:36:00
sz002399,海普瑞,10.0,-0.47,-4.489,9.99,10.0,10.47,10.4,10.46,9.98,12512234.0,127325985.0,15:35:15
sz002400,省广集团,6.34,-0.09,-1.4,6.34,6.35,6.43,6.43,6.48,6.25,46884704.0,296943281.0,15:35:30
sz002401,中远海科,12.16,-0.07,-0.572,12.16,12.17,12.23,12.2,12.33,12.06,2225600.0,27103863.0,15:35:45
sz002402,和而泰,18.19,-0.76,-4.011,18.19,18.2,18.95,18.95,19.0,17.99,30568049.0,560024534.0,15:36:00
sz002403,爱仕达,9.28,-0.21,-2.213,9.28,9.29,9.49,9.48,9.54,9.17,3479100.0,32318435.0,15:35:15
sz002404,嘉欣丝绸,5.68,-0.38,-6.271,5.67,5.68,6.06,5.85,5.85,5.6,17707950.0,100178524.0,15:35:30
sz002405,四维图新,6.28,-0.04,-0.633,6.28,6.29,6.32,6.3,6.41,6.2,31249342.0,196402722.0,15:35:45
sz002406,远东传动,6.59,-0.07,-1.051,6.58,6.59,6.66,6.62,6.69,6.51,8325997.0,54809610.0,15:36:00
sz002407,多氟多,34.57,-1.58,-4.371,34.57,34.58,36.15,35.98,36.46,34.0,123612983.0,4315997278.0,15:35:15
sz002408,齐翔腾达,5.28,0.06,1.149,5.27,5.28,5.22,5.23,5.31,5.18,40479616.0,213089878.0,15:35:30
sz002409,雅克科技,140.59,2.09,1.509,140.58,140.59,138.5,139.3,144.01,136.6,24174955.0,3380931833.0,15:35:45
sz002410,广联达,8.9,-0.11,-1.221,8.9,8.91,9.01,8.99,9.0,8.84,19806565.0,176306950.0,15:36:00
sz002412,汉森制药,11.21,1.02,10.01,11.21,0.0,10.19,10.9,11.21,10.89,36505995.0,403946812.0,15:35:15
sz002413,雷科防务,7.54,-0.22,-2.835,7.53,7.54,7.76,7.75,7.76,7.42,33278556.0,251297721.0,15:35:30
sz002414,高德红外,13.41,-0.11,-0.814,13.4,13.41,13.52,13.4,13.84,13.17,54831096.0,734269902.0,15:35:45
sz002415,海康威视,34.15,-0.25,-0.727,34.14,34.15,34.4,34.38,34.95,33.84,77080877.0,2654961441.0,15:36:00
sz002416,爱施德,9.33,0.02,0.215,9.33,9.34,9.31,9.25,9.52,9.25,18193970.0,169888302.0,15:35:15
sz002418,康盛股份,3.68,-0.01,-0.271,3.67,3.68,3.69,3.68,3.78,3.62,46148111.0,170235303.0,15:35:30
sz002419,天虹股份,4.61,0.03,0.655,4.6,4.61,4.58,4.58,4.65,4.58,7682082.0,35399989.0,15:35:45
sz002420,毅昌科技,5.83,0.0,0.0,5.83,5.84,5.83,5.86,5.88,5.72,8030608.0,46450677.0,15:36:00
sz002421,达实智能,3.01,-0.09,-2.903,3.01,3.02,3.1,3.07,3.09,2.96,119798212.0,360100768.0,15:35:15
sz002422,科伦药业,41.44,-3.43,-7.644,41.43,41.44,44.87,44.87,44.88,41.2,41106702.0,1739383801.0,15:35:30
sz002423,中粮资本,9.3,0.33,3.679,9.3,9.31,8.97,9.15,9.52,9.09,45994898.0,429366690.0,15:35:45
sz002424,ST百灵,4.55,0.03,0.664,4.54,4.55,4.52,4.53,4.64,4.53,7148984.0,32677251.0,15:36:00
sz002425,凯撒文化,3.0,-0.06,-1.961,3.0,3.01,3.06,3.08,3.09,2.95,24323909.0,72808837.0,15:35:15
sz002426,胜利精密,2.6,-0.02,-0.763,2.59,2.6,2.62,2.62,2.64,2.54,58630200.0,151036540.0,15:35:30
sz002427,尤夫股份,4.59,0.06,1.325,4.59,4.6,4.53,4.53,4.68,4.35,40212954.0,182218872.0,15:35:45
sz002428,云南锗业,95.37,-5.51,-5.462,95.37,95.38,100.88,103.6,103.78,92.18,85345147.0,8218285674.0,15:36:00
sz002429,兆驰股份,7.95,-0.3,-3.636,7.94,7.95,8.25,8.22,8.22,7.81,70707734.0,564661118.0,15:35:15
sz002430,杭氧股份,22.86,-0.32,-1.381,22.86,22.87,23.18,23.05,23.22,22.65,9225000.0,210885517.0,15:35:30
sz002431,ST棕榈,1.39,0.01,0.725,1.39,1.4,1.38,1.39,1.43,1.37,19877201.0,27763759.0,15:35:45
sz002432,九安医疗,67.27,-3.43,-4.851,67.26,67.27,70.7,70.68,70.95,66.16,19526401.0,1317919017.0,15:36:00
sz002434,万里扬,5.66,-0.07,-1.222,5.65,5.66,5.73,5.78,5.78,5.61,10832045.0,61365763.0,15:35:15
sz002436,兴森科技,33.24,-2.11,-5.969,33.24,33.25,35.35,35.19,35.27,32.0,110960094.0,3677009328.0,15:35:30
sz002437,誉衡药业,3.94,-0.41,-9.425,3.94,3.95,4.35,4.43,4.46,3.92,566879321.0,2316942508.0,15:35:45
sz002438,江苏神通,13.49,-0.36,-2.599,13.49,13.5,13.85,13.84,13.88,13.31,5743900.0,77713105.0,15:36:00
sz002439,启明星辰,13.21,-0.11,-0.826,13.21,13.22,13.32,13.35,13.41,13.11,12257070.0,162499194.0,15:35:15
sz002440,闰土股份,12.4,0.1,0.813,12.4,12.41,12.3,12.4,12.67,12.1,40160667.0,494362921.0,15:35:30
sz002441,众业达,7.72,-0.08,-1.026,7.72,7.74,7.8,7.8,7.87,7.67,3578813.0,27677138.0,15:35:45
sz002442,龙星科技,4.88,-0.09,-1.811,4.88,4.89,4.97,4.96,5.0,4.84,8131400.0,39881433.0,15:36:00
sz002443,金洲管道,9.4,0.13,1.402,9.39,9.4,9.27,9.32,9.48,9.23,19585491.0,183173801.0,15:35:15
sz002444,巨星科技,28.59,-0.82,-2.788,28.59,28.6,29.41,29.3,29.37,28.42,9695657.0,279111154.0,15:35:30
sz002445,中南文化,3.37,0.31,10.131,3.37,0.0,3.06,3.37,3.37,3.37,4797394.0,16167218.0,15:35:45
sz002446,盛路通信,8.34,-0.18,-2.113,8.33,8.34,8.52,8.5,8.53,8.17,19332013.0,160754184.0,15:36:00
sz002448,中原内配,12.37,-0.39,-3.056,12.37,12.38,12.76,12.74,12.75,12.14,18462000.0,228002300.0,15:35:15
sz002449,国星光电,6.51,-0.56,-7.921,6.51,6.52,7.07,6.75,6.79,6.47,45471525.0,300003129.0,15:35:30
sz002451,摩恩电气,7.39,0.21,2.925,7.39,7.4,7.18,7.21,7.8,6.99,34880723.0,258568867.0,15:35:45
sz002452,长高电气,11.16,-0.06,-0.535,11.15,11.16,11.22,11.24,11.43,11.04,8590788.0,96475402.0,15:36:00
sz002453,华软科技,4.35,-0.04,-0.911,4.34,4.35,4.39,4.44,4.45,4.28,8633205.0,37495166.0,15:35:15
sz002454,松芝股份,5.05,0.07,1.406,5.04,5.05,4.98,4.95,5.06,4.76,16557691.0,82250775.0,15:35:30
sz002455,百川股份,7.22,0.02,0.278,7.21,7.22,7.2,7.18,7.38,7.09,21873448.0,157467116.0,15:35:45
sz002456,欧菲光,6.94,-0.15,-2.116,6.94,6.95,7.09,7.04,7.07,6.9,57880511.0,403456099.0,15:36:00
sz002457,青龙管业,10.7,0.09,0.848,10.7,10.71,10.61,10.75,10.94,10.64,14961126.0,161375164.0,15:35:15
sz002458,益生股份,8.77,-0.12,-1.35,8.77,8.78,8.89,8.89,8.89,8.61,38284708.0,333678470.0,15:35:30
sz002459,晶澳科技,7.15,-0.15,-2.055,7.15,7.16,7.3,7.27,7.44,7.12,27403698.0,198594585.0,15:35:45
sz002460,赣锋锂业,55.63,1.51,2.79,55.63,55.64,54.12,54.99,56.89,54.99,64763491.0,3623821160.0,15:36:00
sz002461,珠江啤酒,8.57,0.09,1.061,8.57,8.58,8.48,8.48,8.6,8.42,4509868.0,38561363.0,15:35:15
sz002462,嘉事堂,11.96,-0.14,-1.157,11.95,11.96,12.1,12.13,12.22,11.94,2521200.0,30357420.0,15:35:30
sz002463,沪电股份,115.57,-5.64,-4.653,115.56,115.57,121.21,120.27,122.41,112.5,41949993.0,4843209843.0,15:35:45
sz002465,海格通信,9.82,-0.07,-0.708,9.82,9.83,9.89,9.86,10.02,9.71,40747964.0,401324299.0,15:36:00
sz002466,天齐锂业,49.1,0.72,1.488,49.09,49.1,48.38,49.19,50.88,48.6,75934986.0,3782336417.0,15:35:15
sz002467,二六三,4.44,-0.06,-1.333,4.43,4.44,4.5,4.54,4.54,4.39,25052430.0,111090458.0,15:35:30
sz002468,申通快递,14.1,-0.09,-0.634,14.1,14.11,14.19,14.21,14.42,14.0,14196223.0,201186001.0,15:35:45
sz002469,三维化学,6.78,0.29,4.468,6.78,6.79,6.49,6.3,6.85,6.23,43406814.0,287926778.0,15:36:00
sz002470,金正大,1.93,-0.01,-0.515,1.92,1.93,1.94,1.95,1.98,1.9,84144600.0,162732122.0,15:35:15
sz002471,中超控股,5.22,-0.07,-1.323,5.21,5.22,5.29,5.26,5.29,5.13,30215321.0,156945419.0,15:35:30
sz002472,双环传动,35.23,-0.85,-2.356,35.23,35.24,36.08,36.08,36.15,35.02,13762842.0,487057273.0,15:35:45
sz002474,榕基软件,6.01,-0.08,-1.314,6.0,6.01,6.09,6.11,6.12,5.96,12488719.0,75083733.0,15:36:00
sz002475,立讯精密,53.72,-0.93,-1.702,53.72,53.73,54.65,54.83,55.4,52.68,90877537.0,4897593980.0,15:35:15
sz002476,新叶股份,5.05,0.04,0.798,5.05,5.06,5.01,5.03,5.07,4.96,13918773.0,69861109.0,15:35:30
sz002478,常宝股份,6.29,-0.02,-0.317,6.29,6.3,6.31,6.23,6.31,5.96,31931555.0,196834016.0,15:35:45
sz002479,富春环保,5.8,-0.18,-3.01,5.79,5.8,5.98,5.99,6.05,5.73,41806029.0,243060632.0,15:36:00
sz002480,新筑股份,5.33,-0.1,-1.842,5.33,5.34,5.43,5.43,5.43,5.3,5171900.0,27675936.0,15:35:15
sz002481,双塔食品,4.13,-0.02,-0.482,4.13,4.14,4.15,4.14,4.16,4.1,7538300.0,31111122.0,15:35:30
sz002482,广田集团,1.25,-0.02,-1.575,1.25,1.26,1.27,1.27,1.28,1.24,40825051.0,51252620.0,15:35:45
sz002483,润邦股份,5.46,0.04,0.738,5.46,5.47,5.42,5.41,5.48,5.37,12122974.0,65873373.0,15:36:00
sz002484,江海股份,59.5,-4.83,-7.508,59.5,59.51,64.33,64.23,65.46,57.91,51291531.0,3076563954.0,15:35:15
sz002485,ST雪发,5.99,0.02,0.335,5.99,6.0,5.97,5.92,5.99,5.78,2455252.0,14423632.0,15:35:30
sz002486,嘉麟杰,2.55,-0.02,-0.778,2.54,2.55,2.57,2.57,2.58,2.52,16734600.0,42580284.0,15:35:45
sz002487,大金重工,35.26,-3.92,-10.005,0.0,35.26,39.18,37.78,38.15,35.26,36655904.0,1332183268.0,15:36:00
sz002488,金固股份,7.84,-0.41,-4.97,7.84,7.85,8.25,8.1,8.28,7.78,46920212.0,374141154.0,15:35:15
sz002489,浙江永强,2.76,0.05,1.845,2.75,2.76,2.71,2.71,2.82,2.7,27331200.0,75295094.0,15:35:30
sz002490,山东墨龙,8.18,0.02,0.245,8.18,8.19,8.16,7.8,8.23,7.76,66911529.0,533989777.0,15:35:45
sz002491,通鼎互联,20.81,-0.39,-1.84,20.81,20.82,21.2,22.0,22.24,20.25,298607634.0,6300785704.0,15:36:00
sz002492,恒基达鑫,5.39,-0.17,-3.058,5.39,5.4,5.56,5.59,5.62,5.36,7560000.0,41055026.0,15:35:15
sz002493,荣盛石化,13.65,-0.11,-0.799,13.64,13.65,13.76,13.71,13.88,13.4,47567311.0,646797621.0,15:35:30
sz002494,华斯股份,4.79,-0.04,-0.828,4.79,4.8,4.83,4.85,4.86,4.72,7207700.0,34414352.0,15:35:45
sz002495,佳隆股份,2.37,-0.01,-0.42,2.36,2.37,2.38,2.38,2.39,2.33,15747660.0,37083190.0,15:36:00
sz002496,辉丰股份,2.01,-0.08,-3.828,2.0,2.01,2.09,2.09,2.11,1.99,27205000.0,55188633.0,15:35:15
sz002497,雅化集团,19.54,0.06,0.308,19.53,19.54,19.48,19.8,20.23,19.38,42992847.0,848679746.0,15:35:30
sz002498,汉缆股份,6.19,-0.08,-1.276,6.18,6.19,6.27,6.28,6.32,6.08,39275000.0,242647075.0,15:35:45
sz002500,山西证券,5.25,0.03,0.575,5.25,5.26,5.22,5.21,5.29,5.21,14763242.0,77588210.0,15:36:00
sz002501,*ST利源,1.26,-0.04,-3.077,1.26,1.27,1.3,1.29,1.29,1.26,21091500.0,26793384.0,15:35:15
sz002506,协鑫集成,2.78,0.17,6.513,2.77,2.78,2.61,2.66,2.87,2.65,736157847.0,2056392913.0,15:35:30
sz002507,涪陵榨菜,11.19,0.0,0.0,11.19,11.2,11.19,11.18,11.24,11.11,8861514.0,99166513.0,15:35:45
sz002508,老板电器,16.57,0.39,2.41,16.57,16.58,16.18,16.15,16.65,16.08,13132867.0,216980527.0,15:36:00
sz002510,天汽模,5.5,-0.02,-0.362,5.49,5.5,5.52,5.53,5.59,5.44,9776100.0,53707082.0,15:35:15
sz002511,中顺洁柔,7.04,0.01,0.142,7.04,7.05,7.03,7.04,7.08,6.95,12441658.0,87168133.0,15:35:30
sz002512,ST达华,4.03,-0.08,-1.946,4.03,4.04,4.11,4.1,4.16,3.97,26347400.0,106799172.0,15:35:45
sz002513,蓝丰生化,5.26,-0.08,-1.498,5.26,5.27,5.34,5.32,5.41,5.21,6118400.0,32375263.0,15:36:00
sz002514,*ST宝馨,1.64,-0.1,-5.747,1.64,1.65,1.74,1.71,1.72,1.64,29495104.0,49352773.0,15:35:15
sz002515,金字火腿,7.97,-0.27,-3.277,7.97,7.98,8.24,8.19,8.28,7.8,62348444.0,498001663.0,15:35:30
sz002516,旷达科技,5.23,0.01,0.192,5.22,5.23,5.22,5.25,5.34,5.18,10384100.0,54472309.0,15:35:45
sz002517,恺英网络,16.55,-0.07,-0.421,16.55,16.56,16.62,16.65,16.75,16.14,51867186.0,852758269.0,15:36:00
sz002518,科士达,34.45,1.07,3.206,34.45,34.46,33.38,33.6,34.88,33.13,14391725.0,487925493.0,15:35:15
sz002519,银河电子,5.22,-0.07,-1.323,5.22,5.23,5.29,5.28,5.33,5.14,17725675.0,92300329.0,15:35:30
sz002520,日发精机,5.79,-0.15,-2.525,5.79,5.8,5.94,5.98,6.02,5.69,30379745.0,176007445.0,15:35:45
sz002521,齐峰新材,6.69,-0.02,-0.298,6.69,6.7,6.71,6.74,6.81,6.66,3049300.0,20492181.0,15:36:00
sz002522,浙江众成,5.24,0.13,2.544,5.23,5.24,5.11,5.19,5.33,5.15,56865405.0,298927060.0,15:35:15
sz002523,天桥起重,3.39,0.05,1.497,3.39,3.4,3.34,3.39,3.44,3.36,28373300.0,96402284.0,15:35:30
sz002524,光正眼科,3.93,-0.1,-2.481,3.93,3.94,4.03,4.03,4.12,3.87,30738801.0,121607051.0,15:35:45
sz002526,山东矿机,2.63,-0.02,-0.755,2.63,2.64,2.65,2.65,2.67,2.61,19062594.0,50244872.0,15:36:00
sz002527,新时达,11.02,-0.21,-1.87,11.02,11.03,11.23,11.23,11.24,10.83,5985541.0,65667849.0,15:35:15
sz002528,*ST英飞,6.03,0.4,7.105,6.02,6.03,5.63,5.83,6.1,5.68,41987102.0,249485075.0,15:35:30
sz002529,海源复材,6.92,-0.12,-1.705,6.92,6.93,7.04,7.0,7.11,6.86,4397301.0,30692292.0,15:35:45
sz002530,金财互联,7.02,-0.03,-0.426,7.02,7.03,7.05,7.04,7.13,6.97,6263952.0,44005325.0,15:36:00
sz002531,天顺风能,6.04,-0.11,-1.789,6.04,6.05,6.15,6.13,6.2,5.97,27763139.0,168006721.0,15:35:15
sz002532,天山铝业,12.7,0.03,0.237,12.7,12.71,12.67,12.77,12.83,12.52,65995407.0,835594406.0,15:35:30
sz002533,金杯电工,11.15,-0.07,-0.624,11.15,11.16,11.22,11.22,11.31,11.03,4042469.0,45123343.0,15:35:45
sz002534,西子洁能,15.1,-0.28,-1.821,15.1,15.11,15.38,15.4,15.45,14.8,7081934.0,106431490.0,15:36:00
sz002535,林州重机,2.48,-0.05,-1.976,2.48,2.5,2.53,2.53,2.54,2.45,14760590.0,36693996.0,15:35:15
sz002536,飞龙股份,48.8,1.83,3.896,48.79,48.8,46.97,50.73,51.67,47.61,82495811.0,4109110827.0,15:35:30
sz002537,海联金汇,5.86,0.1,1.736,5.86,5.87,5.76,5.75,6.05,5.7,41577622.0,244035785.0,15:35:45
sz002538,ST司特,7.3,0.03,0.413,7.3,7.31,7.27,7.29,7.46,7.18,12806742.0,93545652.0,15:36:00
sz002539,云图控股,12.81,-0.04,-0.311,12.81,12.83,12.85,12.79,13.13,12.68,14870156.0,191358006.0,15:35:15
sz002540,亚太科技,5.13,-0.01,-0.195,5.12,5.13,5.14,5.14,5.18,5.09,6580935.0,33747043.0,15:35:30
sz002541,鸿路钢构,19.52,-0.66,-3.271,19.52,19.55,20.18,20.18,20.24,19.5,7271062.0,143813623.0,15:35:45
sz002542,*ST中岩,1.89,-0.01,-0.526,1.88,1.89,1.9,1.89,1.94,1.86,35231168.0,66794223.0,15:36:00
sz002543,万和电气,7.38,0.07,0.958,7.38,7.39,7.31,7.33,7.47,7.13,25563632.0,186238066.0,15:35:15
sz002544,普天科技,15.92,-0.18,-1.118,15.91,15.92,16.1,16.05,16.44,15.74,8323942.0,133263349.0,15:35:30
sz002545,东方铁塔,17.46,0.04,0.23,17.45,17.46,17.42,17.47,18.26,17.2,19259269.0,338685308.0,15:35:45
sz002546,新联电子,7.82,-0.15,-1.882,7.81,7.82,7.97,7.97,7.97,7.72,12872650.0,100484960.0,15:36:00
sz002547,*ST春兴,2.49,-0.13,-4.962,2.49,2.5,2.62,2.6,2.62,2.48,23928635.0,60830118.0,15:35:15
sz002548,金新农,4.01,-0.07,-1.716,4.0,4.01,4.08,4.09,4.11,3.98,22043635.0,88664093.0,15:35:30
sz002549,凯美特气,13.44,-0.29,-2.112,13.44,13.45,13.73,13.6,13.77,13.27,14454267.0,194638458.0,15:35:45
sz002550,千红制药,6.5,-0.23,-3.418,6.5,6.51,6.73,6.74,6.78,6.46,24312609.0,159836380.0,15:36:00
sz002551,尚荣医疗,3.28,-0.02,-0.606,3.28,3.29,3.3,3.32,3.33,3.25,12575801.0,41304558.0,15:35:15
sz002552,宝鼎科技,57.85,2.71,4.915,57.84,57.85,55.14,57.83,58.5,52.5,42251709.0,2367079417.0,15:35:30
sz002553,南方精工,14.95,-0.35,-2.288,14.95,14.96,15.3,15.2,15.38,14.79,7537015.0,112944882.0,15:35:45
sz002554,惠博普,2.9,0.02,0.694,2.9,2.91,2.88,2.89,2.92,2.84,16490400.0,47483556.0,15:36:00
sz002555,三七互娱,18.4,-0.19,-1.022,18.4,18.41,18.59,18.6,18.64,18.25,24941714.0,458426129.0,15:35:15
sz002556,辉隆股份,5.11,0.07,1.389,5.1,5.11,5.04,5.07,5.12,5.04,11072896.0,56330603.0,15:35:30
sz002557,洽洽食品,18.65,0.1,0.539,18.63,18.65,18.55,18.48,18.72,18.35,5405101.0,100277554.0,15:35:45
sz002558,巨人网络,26.66,0.53,2.028,26.66,26.67,26.13,26.41,26.95,25.95,65498644.0,1735572066.0,15:36:00
sz002559,亚威股份,9.22,-0.24,-2.537,9.21,9.22,9.46,9.4,9.45,9.03,15346415.0,141195626.0,15:35:15
sz002560,通达股份,5.94,-0.08,-1.329,5.94,5.95,6.02,6.12,6.12,5.85,20351266.0,120927373.0,15:35:30
sz002561,徐家汇,6.64,-0.02,-0.3,6.64,6.65,6.66,6.66,6.72,6.61,3009900.0,20033943.0,15:35:45
sz002562,兄弟科技,4.78,-0.12,-2.449,4.78,4.79,4.9,4.9,4.92,4.75,20167800.0,96859908.0,15:36:00
sz002563,森马服饰,5.83,0.12,2.102,5.83,5.85,5.71,5.71,5.88,5.64,22938936.0,132593612.0,15:35:15
sz002564,天沃科技,4.28,-0.14,-3.167,4.28,4.29,4.42,4.42,4.42,4.24,13109800.0,56586405.0,15:35:30
sz002565,顺灏股份,8.44,-0.14,-1.632,8.44,8.45,8.58,8.55,8.63,8.31,32513119.0,274760012.0,15:35:45
sz002566,益盛药业,6.74,-0.05,-0.736,6.74,6.75,6.79,6.83,6.85,6.66,7416700.0,49896369.0,15:36:00
sz002567,唐人神,3.61,-0.02,-0.551,3.6,3.61,3.63,3.61,3.62,3.53,16098208.0,57582598.0,15:35:15
sz002568,百润股份,17.9,-0.25,-1.377,17.89,17.9,18.15,18.31,18.31,17.8,8566686.0,153693185.0,15:35:30
sz002569,*ST步森,11.17,-1.2,-9.701,11.17,11.18,12.37,12.4,12.4,11.13,4515300.0,51838775.0,15:35:45
sz002570,贝因美,4.4,-0.05,-1.124,4.4,4.41,4.45,4.44,4.46,4.38,11696485.0,51637702.0,15:36:00
sz002571,德力股份,10.56,-0.35,-3.208,10.56,10.6,10.91,10.97,11.0,10.5,4850100.0,51743388.0,15:35:15
sz002572,索菲亚,8.1,0.01,0.124,8.1,8.11,8.09,8.11,8.23,8.05,8681955.0,70629001.0,15:35:30
sz002573,清新环境,3.17,0.0,0.0,3.16,3.17,3.17,3.17,3.2,3.14,9982200.0,31609590.0,15:35:45
sz002574,明牌珠宝,4.77,0.05,1.059,4.77,4.78,4.72,4.74,4.88,4.7,19163024.0,91776131.0,15:36:00
sz002575,群兴玩具,4.86,-0.1,-2.016,4.85,4.86,4.96,4.98,5.01,4.8,18117347.0,88193939.0,15:35:15
sz002576,通达动力,13.96,-0.21,-1.482,13.96,13.97,14.17,14.17,14.26,13.83,2157300.0,30158023.0,15:35:30
sz002577,雷柏科技,18.52,-0.35,-1.855,18.52,18.53,18.87,18.8,19.17,18.3,3685155.0,69030264.0,15:35:45
sz002578,闽发铝业,3.89,0.16,4.29,3.89,3.9,3.73,3.78,3.92,3.66,44239400.0,168042035.0,15:36:00
sz002579,中京电子,13.87,-0.99,-6.662,13.86,13.87,14.86,14.67,14.67,13.4,88581763.0,1239805314.0,15:35:15
sz002580,圣阳股份,21.05,1.91,9.979,21.05,0.0,19.14,19.09,21.05,19.05,58024544.0,1205842670.0,15:35:30
sz002581,*ST未名,5.21,-0.58,-10.017,5.21,5.22,5.79,5.7,5.7,5.21,25615298.0,137615226.0,15:35:45
sz002582,好想你,10.02,-0.33,-3.188,10.01,10.02,10.35,10.28,10.28,9.88,26255800.0,262620188.0,15:36:00
sz002583,海能达,8.22,0.1,1.232,8.21,8.22,8.12,8.13,8.28,8.07,19422688.0,158940185.0,15:35:15
sz002584,西陇科学,8.09,0.04,0.497,8.08,8.09,8.05,8.05,8.15,7.92,19030400.0,152753266.0,15:35:30
sz002585,双星新材,9.82,-0.21,-2.094,9.81,9.82,10.03,10.06,10.08,9.58,50738448.0,497290142.0,15:35:45
sz002586,ST围海,4.45,-0.21,-4.506,4.44,4.45,4.66,4.66,4.77,4.39,12699052.0,57721965.0,15:36:00
sz002587,奥拓电子,5.33,-0.06,-1.113,5.32,5.33,5.39,5.37,5.42,5.26,11193650.0,59642237.0,15:35:15
sz002588,史丹利,7.67,-0.14,-1.793,7.66,7.67,7.81,7.8,7.83,7.62,21479435.0,165179653.0,15:35:30
sz002589,瑞康医药,3.02,-0.16,-5.031,3.01,3.02,3.18,3.18,3.18,3.0,104276760.0,318401736.0,15:35:45
sz002590,万安科技,9.33,0.0,0.0,9.33,9.34,9.33,9.42,9.6,9.2,5628039.0,53049870.0,15:36:00
sz002591,恒大高新,6.22,-0.11,-1.738,6.21,6.22,6.33,6.33,6.42,6.12,10883756.0,67720562.0,15:35:15
sz002592,ST八菱,7.07,0.21,3.061,7.06,7.07,6.86,6.75,7.17,6.63,9093801.0,63281439.0,15:35:30
sz002593,日上集团,4.39,-0.05,-1.126,4.39,4.4,4.44,4.44,4.47,4.35,10924600.0,48069097.0,15:35:45
sz002594,比亚迪,90.66,0.19,0.21,90.66,90.67,90.47,90.01,91.49,89.4,27364741.0,2472854418.0,15:35:00
sz002595,豪迈科技,48.06,-0.36,-0.743,48.06,48.07,48.42,48.52,48.71,47.66,2242671.0,107759630.0,15:35:15
sz002596,海南瑞泽,3.19,-0.07,-2.147,3.18,3.19,3.26,3.29,3.29,3.16,16469663.0,52785427.0,15:35:30
sz002597,金禾实业,19.76,-0.07,-0.353,19.76,19.77,19.83,19.81,19.96,19.7,3211046.0,63547930.0,15:35:45
sz002598,ST章鼓,6.58,0.03,0.458,6.58,6.59,6.55,6.54,6.58,6.5,1264105.0,8273554.0,15:35:00
sz002599,盛通股份,5.75,-0.03,-0.519,5.75,5.76,5.78,5.78,5.83,5.67,6426319.0,36825324.0,15:35:15
sz002600,领益智造,12.08,-0.16,-1.307,12.08,12.09,12.24,12.21,12.53,11.98,74100760.0,905090623.0,15:35:30
sz002601,龙佰集团,15.37,-0.4,-2.536,15.36,15.37,15.77,15.79,15.8,15.31,15968278.0,247265355.0,15:35:45
sz002602,世纪华通,13.79,-0.03,-0.217,13.79,13.8,13.82,13.9,13.92,13.55,48141940.0,660713959.0,15:35:00
sz002603,以岭药业,15.84,-0.61,-3.708,15.84,15.85,16.45,16.3,16.39,15.78,30379717.0,484783893.0,15:35:15
sz002605,姚记科技,17.26,-0.22,-1.259,17.25,17.26,17.48,17.47,17.5,17.21,3294781.0,56968002.0,15:35:30
sz002606,大连电瓷,13.26,-0.39,-2.857,13.25,13.26,13.65,13.65,13.71,12.98,16341973.0,216062118.0,15:35:45
sz002607,中公教育,2.0,-0.02,-0.99,2.0,2.01,2.02,2.03,2.05,1.98,96055392.0,192698681.0,15:35:00
sz002608,江苏国信,7.02,0.05,0.717,7.02,7.03,6.97,6.86,7.09,6.86,17130029.0,120287090.0,15:35:15
sz002609,捷顺科技,7.56,-0.1,-1.305,7.55,7.56,7.66,7.65,7.7,7.4,7201607.0,54265793.0,15:35:30
sz002611,东方精工,14.46,-0.49,-3.278,14.46,14.47,14.95,14.96,15.0,14.35,19067450.0,277239005.0,15:35:45
sz002612,朗姿股份,14.67,-0.27,-1.807,14.67,14.68,14.94,15.02,15.06,14.59,4651200.0,68778415.0,15:35:00
sz002613,北玻股份,3.39,-0.01,-0.294,3.39,3.4,3.4,3.42,3.45,3.32,19719083.0,66553252.0,15:35:15
sz002614,奥佳华,5.41,0.33,6.496,5.41,5.42,5.08,5.06,5.42,5.06,29705534.0,157037420.0,15:35:30
sz002615,哈尔斯,6.37,-0.13,-2.0,6.37,6.38,6.5,6.48,6.48,6.26,8807500.0,55848991.0,15:35:45
sz002616,长青集团,4.74,-0.01,-0.211,4.74,4.75,4.75,4.74,4.78,4.7,6108870.0,28929676.0,15:35:00
sz002617,露笑科技,6.06,-0.1,-1.623,6.05,6.06,6.16,6.17,6.24,5.94,57194173.0,346395620.0,15:35:15
sz002620,*ST瑞和,5.71,0.52,10.019,5.71,0.0,5.19,5.16,5.71,5.13,13713903.0,74966222.0,15:35:30
sz002622,皓宸医疗,2.47,-0.04,-1.594,2.46,2.47,2.51,2.54,2.54,2.44,21013900.0,51862849.0,15:35:45
sz002623,亚玛顿,15.5,0.12,0.78,15.5,15.54,15.38,15.49,15.79,15.2,2484600.0,38358201.0,15:35:00
sz002624,完美世界,10.82,-0.06,-0.551,10.81,10.82,10.88,10.93,11.01,10.7,33065444.0,357911048.0,15:35:15
sz002625,光启技术,27.82,-0.29,-1.032,27.81,27.82,28.11,27.95,28.5,27.56,14068965.0,392740877.0,15:35:30
sz002626,金达威,16.32,-0.31,-1.864,16.3,16.32,16.63,16.84,17.04,16.22,7422107.0,122984332.0,15:35:45
sz002627,三峡旅游,6.53,0.02,0.307,6.53,6.54,6.51,6.48,6.61,6.46,11567500.0,75722304.0,15:35:00
sz002628,成都路桥,4.79,-0.12,-2.444,4.78,4.79,4.91,4.89,4.89,4.72,12510082.0,59886995.0,15:35:15
sz002629,仁智股份,4.73,-0.01,-0.211,4.73,4.74,4.74,4.75,4.79,4.64,8807201.0,41357267.0,15:35:30
sz002630,*ST华西,1.61,-0.02,-1.227,1.6,1.61,1.63,1.63,1.65,1.6,7702600.0,12466414.0,15:35:45
sz002631,德尔未来,8.73,-0.81,-8.491,8.72,8.73,9.54,9.54,9.6,8.59,60714728.0,530927969.0,15:35:00
sz002632,道明光学,8.29,-0.14,-1.661,8.29,8.3,8.43,8.4,8.56,8.21,11887011.0,99329822.0,15:35:15
sz002633,申科股份,14.18,-0.29,-2.004,14.18,14.21,14.47,14.44,14.58,14.05,1657900.0,23620867.0,15:35:30
sz002634,*ST棒杰,4.26,-0.09,-2.069,4.26,4.27,4.35,4.35,4.36,4.25,2802776.0,12026657.0,15:35:45
sz002635,安洁科技,15.4,-0.2,-1.282,15.4,15.41,15.6,15.5,15.72,15.07,14561472.0,223445114.0,15:35:00
sz002636,金安国纪,60.47,-3.27,-5.13,60.47,60.48,63.74,63.73,64.0,58.0,36814615.0,2214923512.0,15:35:15
sz002637,赞宇科技,11.33,-0.2,-1.735,11.32,11.33,11.53,11.64,12.0,11.2,22625031.0,259987256.0,15:35:30
sz002638,勤上股份,4.18,0.05,1.211,4.18,4.19,4.13,4.34,4.34,4.09,79999246.0,335811624.0,15:35:45
sz002639,雪人集团,11.44,-0.15,-1.294,11.44,11.45,11.59,11.55,11.68,11.27,18612255.0,213090716.0,15:35:00
sz002640,跨境通,3.15,-0.05,-1.563,3.15,3.16,3.2,3.18,3.23,3.14,43194294.0,136910029.0,15:35:15
sz002641,公元股份,3.93,-0.03,-0.758,3.93,3.94,3.96,3.95,3.97,3.92,6089100.0,23996702.0,15:35:30
sz002642,荣联科技,7.0,-0.05,-0.709,7.0,7.01,7.05,7.06,7.08,6.92,7562909.0,52761171.0,15:35:45
sz002643,万润股份,12.98,-0.9,-6.484,12.98,12.99,13.88,13.42,13.42,12.72,32758480.0,424122682.0,15:35:00
sz002644,佛慈制药,8.18,-0.02,-0.244,8.18,8.19,8.2,8.13,8.44,8.11,11679900.0,96140330.0,15:35:15
sz002645,华宏科技,19.03,-0.42,-2.159,19.03,19.05,19.45,19.68,19.71,18.59,29972463.0,572202140.0,15:35:30
sz002646,天佑德酒,6.8,0.03,0.443,6.8,6.81,6.77,6.76,6.86,6.7,3980910.0,26997242.0,15:35:45
sz002647,仁东控股,11.75,-0.83,-6.598,11.75,11.76,12.58,12.42,12.45,11.6,57615976.0,687343024.0,15:35:00
sz002648,卫星化学,26.57,-0.43,-1.593,26.57,26.58,27.0,26.73,27.1,26.13,43485464.0,1153061656.0,15:35:15
sz002649,博彦科技,9.42,-0.1,-1.05,9.42,9.43,9.52,9.48,9.54,9.3,9477300.0,89114872.0,15:35:30
sz002650,ST加加,6.21,0.07,1.14,6.19,6.21,6.14,6.22,6.38,6.1,4874490.0,30472565.0,15:35:45
sz002651,利君股份,8.61,0.78,9.962,8.61,0.0,7.83,7.77,8.61,7.77,34595796.0,289523776.0,15:35:00
sz002652,扬子新材,3.93,-0.04,-1.008,3.92,3.93,3.97,4.02,4.05,3.87,12497800.0,49323901.0,15:35:15
sz002653,海思科,64.16,-2.39,-3.591,64.15,64.16,66.55,66.63,66.85,63.43,4562145.0,294036472.0,15:35:30
sz002654,万润科技,13.93,0.45,3.338,13.93,13.94,13.48,14.52,14.8,13.38,109221859.0,1519400686.0,15:35:45
sz002655,共达电声,35.38,-2.39,-6.328,35.38,35.39,37.77,39.51,39.87,35.02,51805100.0,1906028197.0,15:35:00
sz002656,摩登大道,2.95,0.03,1.027,2.94,2.95,2.92,2.94,2.98,2.91,11291300.0,33216920.0,15:35:15
sz002657,中科金财,14.96,-0.09,-0.598,14.95,14.96,15.05,14.85,15.45,14.8,8412450.0,126833330.0,15:35:30
sz002658,雪迪龙,7.2,-0.35,-4.636,7.2,7.21,7.55,7.57,7.63,7.18,9902805.0,72627784.0,15:35:45
sz002659,凯文教育,4.41,0.0,0.0,4.41,4.42,4.41,4.4,4.46,4.32,13138705.0,57603187.0,15:35:00
sz002660,茂硕电源,7.34,-0.07,-0.945,7.34,7.35,7.41,7.51,7.54,7.28,4500581.0,33129145.0,15:35:15
sz002661,克明食品,7.92,0.03,0.38,7.92,7.93,7.89,7.89,7.99,7.86,3023200.0,23960997.0,15:35:30
sz002662,峰璟股份,3.21,0.02,0.627,3.19,3.21,3.19,3.18,3.21,3.14,9880200.0,31420097.0,15:35:45
sz002663,普邦股份,1.63,-0.04,-2.395,1.63,1.64,1.67,1.66,1.67,1.62,23684865.0,38801072.0,15:35:00
sz002664,信质集团,14.92,-0.33,-2.164,14.91,14.92,15.25,15.2,15.33,14.75,3468100.0,51879985.0,15:35:15
sz002666,德联集团,4.17,-0.06,-1.418,4.17,4.18,4.23,4.22,4.23,4.1,13618312.0,56506204.0,15:35:30
sz002667,*ST威领,19.45,0.24,1.249,19.44,19.45,19.21,20.0,20.0,18.57,46907670.0,908597615.0,15:35:45
sz002668,TCL智家,9.8,0.55,5.946,9.79,9.8,9.25,9.4,9.85,9.23,30542523.0,290228083.0,15:35:00
sz002669,康达新材,11.45,-0.84,-6.835,11.45,11.46,12.29,11.72,11.87,11.25,16017205.0,184177238.0,15:35:15
sz002670,国盛证券,10.69,0.01,0.094,10.68,10.69,10.68,10.63,10.7,10.5,14536746.0,154265952.0,15:35:30
sz002671,龙泉股份,3.9,-0.04,-1.015,3.9,3.91,3.94,3.96,3.97,3.87,8587900.0,33537393.0,15:35:45
sz002672,东江环保,3.64,-0.01,-0.274,3.63,3.64,3.65,3.65,3.68,3.6,5849500.0,21271841.0,15:35:00
sz002673,西部证券,6.47,0.01,0.155,6.47,6.48,6.46,6.45,6.49,6.43,17430702.0,112652012.0,15:35:15
sz002674,兴业科技,27.03,-1.26,-4.454,27.03,27.04,28.29,28.14,28.45,26.25,17918130.0,483344264.0,15:35:30
sz002675,东诚药业,12.77,-0.27,-2.071,12.77,12.78,13.04,13.1,13.15,12.69,9474230.0,121879510.0,15:35:45
sz002676,顺威股份,5.05,-0.02,-0.394,5.05,5.06,5.07,5.09,5.11,4.97,11771100.0,59167850.0,15:35:00
sz002677,浙江美大,6.68,-0.12,-1.765,6.66,6.68,6.8,6.79,6.85,6.61,5299040.0,35461327.0,15:35:15
sz002678,珠江钢琴,4.8,-0.1,-2.041,4.79,4.8,4.9,4.89,5.01,4.77,16085939.0,77790305.0,15:35:30
sz002679,福建金森,9.25,0.02,0.217,9.25,9.26,9.23,9.25,9.32,9.09,3171980.0,29165929.0,15:35:45
sz002681,奋达科技,4.34,-0.09,-2.032,4.33,4.34,4.43,4.44,4.45,4.28,25008280.0,108700035.0,15:35:00
sz002682,龙洲股份,4.53,-0.06,-1.307,4.53,4.54,4.59,4.59,4.64,4.46,30114670.0,136572810.0,15:35:15
sz002683,广东宏大,29.32,-0.47,-1.578,29.31,29.34,29.79,29.82,30.09,29.12,6606000.0,195094358.0,15:35:30
sz002685,华东重机,5.38,-0.03,-0.555,5.38,5.39,5.41,5.42,5.52,5.31,23510140.0,126815891.0,15:35:45
sz002686,亿利达,6.2,-0.52,-7.738,6.2,6.21,6.72,6.59,6.6,6.12,42028703.0,264697704.0,15:35:00
sz002687,乔治白,6.62,0.48,7.818,6.61,6.62,6.14,6.19,6.67,6.13,31847112.0,202707831.0,15:35:15
sz002688,金河生物,5.18,0.01,0.193,5.17,5.18,5.17,5.16,5.2,5.11,6204686.0,32030358.0,15:35:30
sz002689,ST远智,2.86,0.0,0.0,2.85,2.86,2.86,2.88,2.95,2.83,8905100.0,25666208.0,15:35:45
sz002690,美亚光电,15.22,-0.1,-0.653,15.22,15.23,15.32,15.32,15.47,15.12,3999320.0,61100350.0,15:35:00
sz002691,*ST冀凯,4.15,-0.11,-2.582,4.15,4.16,4.26,4.26,4.26,4.1,2128100.0,8844157.0,15:35:15
sz002692,远程股份,4.18,-0.11,-2.564,4.17,4.18,4.29,4.22,4.32,4.13,13912300.0,58524010.0,15:35:30
sz002693,双成药业,8.9,-0.51,-5.42,8.89,8.9,9.41,9.42,9.68,8.8,24351700.0,221461935.0,15:35:45
sz002694,*ST顾地,2.13,0.02,0.948,2.13,2.14,2.11,2.12,2.13,2.06,1793100.0,3761396.0,15:35:00
sz002695,煌上煌,11.2,0.05,0.448,11.2,11.21,11.15,11.19,11.32,11.01,9855844.0,110262146.0,15:35:15
sz002696,百洋股份,6.09,0.14,2.353,6.09,6.1,5.95,5.97,6.15,5.9,17329600.0,104398198.0,15:35:30
sz002697,红旗连锁,4.47,0.0,0.0,4.47,4.48,4.47,4.47,4.5,4.45,9247454.0,41337686.0,15:35:45
sz002698,博实股份,12.37,-0.35,-2.752,12.33,12.37,12.72,12.73,12.78,12.24,11902110.0,148160736.0,15:35:00
sz002700,万憬能源,6.25,-0.15,-2.344,6.24,6.25,6.4,6.38,6.38,6.18,6970400.0,43616966.0,15:35:15
sz002701,奥瑞金,4.72,0.08,1.724,4.71,4.72,4.64,4.64,4.73,4.62,20290130.0,95265470.0,15:35:30
sz002702,海欣食品,4.77,-0.09,-1.852,4.77,4.78,4.86,4.86,4.86,4.72,16491971.0,78676753.0,15:35:45
sz002703,浙江世宝,14.43,0.78,5.714,14.43,14.44,13.65,14.99,15.02,14.4,64824711.0,958424800.0,15:35:00
sz002705,新宝股份,11.03,-0.17,-1.518,11.03,11.04,11.2,11.21,11.21,11.0,4062200.0,44955713.0,15:35:15
sz002706,良信股份,9.65,-0.35,-3.5,9.64,9.65,10.0,10.02,10.15,9.52,42369098.0,414548280.0,15:35:30
sz002707,众信旅游,5.28,0.04,0.763,5.27,5.28,5.24,5.21,5.36,5.2,23786221.0,125538345.0,15:35:45
sz002708,光洋股份,11.5,0.37,3.324,11.5,11.51,11.13,11.05,11.68,10.93,24122263.0,275783805.0,15:35:00
sz002709,天赐材料,37.48,-0.48,-1.264,37.48,37.49,37.96,38.3,39.1,37.2,57728028.0,2198112985.0,15:35:15
sz002712,思美传媒,4.69,0.0,0.0,4.69,4.7,4.69,4.7,4.71,4.58,11400840.0,52905431.0,15:35:30
sz002713,东易日盛,9.05,-0.26,-2.793,9.05,9.06,9.31,9.48,9.55,8.99,14258267.0,131428428.0,15:35:45
sz002714,牧原股份,38.83,-0.24,-0.614,38.83,38.84,39.07,38.82,38.94,38.2,40370608.0,1556472045.0,15:35:00
sz002715,登云股份,14.18,0.03,0.212,14.17,14.18,14.15,14.26,14.47,13.97,3546400.0,50220343.0,15:35:15
sz002716,湖南白银,11.46,1.04,9.981,11.46,0.0,10.42,11.04,11.46,10.8,588271885.0,6608849620.0,15:35:30
sz002717,*ST岭南,0.96,-0.01,-1.031,0.96,0.97,0.97,0.97,0.98,0.95,31367097.0,30254724.0,15:35:45
sz002718,友邦吊顶,85.65,-1.01,-1.165,85.65,85.79,86.66,86.67,88.02,84.0,927000.0,79268372.0,15:35:00
sz002719,ST麦趣,6.01,-0.23,-3.686,6.01,6.02,6.24,6.18,6.24,5.97,3313400.0,20166231.0,15:35:15
sz002721,金一文化,2.85,0.12,4.396,2.84,2.85,2.73,2.64,2.97,2.64,225734790.0,635982774.0,15:35:30
sz002722,物产金轮,12.8,-0.06,-0.467,12.8,12.81,12.86,12.87,13.0,12.72,2133400.0,27343726.0,15:35:45
sz002723,小崧股份,7.37,0.09,1.236,7.36,7.37,7.28,7.39,7.42,7.23,9251720.0,67896597.0,15:35:00
sz002724,海洋王,6.39,0.23,3.734,6.38,6.39,6.16,6.12,6.54,6.12,44703447.0,284930046.0,15:35:15
sz002725,跃岭股份,11.05,-0.24,-2.126,11.05,11.06,11.29,11.38,11.38,10.91,3376900.0,37391663.0,15:35:30
sz002726,ST龙大,2.9,0.13,4.693,2.9,2.91,2.77,2.8,2.94,2.56,128873986.0,359171078.0,15:35:45
sz002727,一心堂,11.43,-0.18,-1.55,11.43,11.44,11.61,11.55,11.61,11.4,5059197.0,58091178.0,15:35:00
sz002728,特一药业,8.6,-0.3,-3.371,8.6,8.61,8.9,8.94,8.99,8.55,14106199.0,122640047.0,15:35:15
sz002729,好利科技,13.51,-0.16,-1.17,13.51,13.52,13.67,13.71,13.82,13.3,3278454.0,44351006.0,15:35:30
sz002730,电光科技,20.87,-0.38,-1.788,20.87,20.88,21.25,21.58,21.58,20.38,5091800.0,106058061.0,15:35:45
sz002731,*ST萃华,1.28,0.12,10.345,1.28,0.0,1.16,1.04,1.28,1.04,68456005.0,78007932.0,15:35:00
sz002732,燕塘乳业,13.67,-0.12,-0.87,13.67,13.7,13.79,13.87,13.89,13.58,1250400.0,17103135.0,15:35:15
sz002733,雄韬股份,18.62,0.15,0.812,18.61,18.62,18.47,18.62,18.92,18.05,9959800.0,184027897.0,15:35:30
sz002734,利民股份,14.59,0.01,0.069,14.59,14.6,14.58,14.6,15.29,14.45,15221381.0,225303132.0,15:35:45
sz002735,王子新材,11.34,-0.26,-2.241,11.34,11.35,11.6,11.54,11.72,11.15,12265340.0,139472461.0,15:35:00
sz002736,国信证券,9.83,0.01,0.102,9.83,9.84,9.82,9.84,9.89,9.8,17253232.0,169844761.0,15:35:15
sz002737,葵花药业,12.86,-0.18,-1.38,12.86,12.88,13.04,13.01,13.12,12.79,5097781.0,65771469.0,15:35:30
sz002738,中矿资源,53.69,-0.61,-1.123,53.68,53.69,54.3,55.7,56.7,53.1,32940555.0,1816411851.0,15:35:45
sz002739,儒意电影,8.21,-0.2,-2.378,8.21,8.22,8.41,8.41,8.42,8.18,52497015.0,433445179.0,15:35:00
sz002741,光华科技,25.15,-0.89,-3.418,25.15,25.16,26.04,25.9,25.98,24.46,23484395.0,588774066.0,15:35:15
sz002742,冀衡医药,4.25,0.19,4.68,4.24,4.25,4.06,4.06,4.47,4.01,43149693.0,182892558.0,15:35:30
sz002743,富煌钢构,4.47,-0.13,-2.826,4.46,4.47,4.6,4.58,4.7,4.43,36728960.0,167155968.0,15:35:45
sz002745,木林森,11.25,-0.11,-0.968,11.24,11.25,11.36,11.36,11.51,11.0,48679541.0,547027310.0,15:35:00
sz002746,仙坛股份,6.27,0.07,1.129,6.26,6.27,6.2,6.17,6.27,6.1,20814091.0,128926901.0,15:35:15
sz002747,埃斯顿,30.82,-2.75,-8.192,30.81,30.82,33.57,32.95,32.95,30.25,64450632.0,2008998407.0,15:35:30
sz002748,世龙实业,11.89,0.14,1.191,11.89,11.9,11.75,11.8,12.39,11.79,5940289.0,71323342.0,15:35:45
sz002749,国光股份,8.58,-0.01,-0.116,8.58,8.59,8.59,8.6,8.74,8.54,3199910.0,27630892.0,15:35:00
sz002752,昇兴股份,5.82,-0.12,-2.02,5.82,5.83,5.94,5.93,5.96,5.8,8591330.0,50263558.0,15:35:15
sz002753,永东股份,6.82,0.15,2.249,6.81,6.82,6.67,6.67,6.82,6.57,5981958.0,40303482.0,15:35:30
sz002755,奥赛康,11.97,-0.94,-7.281,11.97,11.98,12.91,13.0,13.2,11.93,19668340.0,243237571.0,15:35:45
sz002756,永兴材料,47.75,0.06,0.126,47.75,47.76,47.69,48.19,49.47,47.51,14545193.0,703478999.0,15:35:00
sz002757,南兴股份,15.71,-0.39,-2.422,15.71,15.72,16.1,16.15,16.19,15.45,8419300.0,132129862.0,15:35:15
sz002758,浙农股份,7.92,0.02,0.253,7.92,7.94,7.9,7.89,8.02,7.89,5950200.0,47321801.0,15:35:30
sz002759,ST天际,18.35,-0.12,-0.65,18.35,18.36,18.47,18.73,19.14,18.0,27134064.0,505147941.0,15:35:45
sz002760,凤形股份,17.33,-0.18,-1.028,17.33,17.34,17.51,17.53,17.66,17.1,2388600.0,41350185.0,15:35:00
sz002761,浙江建投,7.04,-0.05,-0.705,7.03,7.04,7.09,7.07,7.12,7.0,6900301.0,48528377.0,15:35:15
sz002762,金发拉比,9.71,-0.52,-5.083,9.71,9.72,10.23,10.14,10.27,9.64,8713000.0,85817609.0,15:35:30
sz002763,汇洁股份,7.36,0.02,0.272,7.36,7.37,7.34,7.32,7.4,7.28,5926000.0,43485105.0,15:35:45
sz002765,蓝黛科技,6.89,-0.16,-2.27,6.89,6.9,7.05,7.1,7.1,6.81,6636500.0,45772789.0,15:35:00
sz002766,索菱股份,4.07,-0.1,-2.398,4.06,4.07,4.17,4.27,4.33,4.02,29419122.0,121416541.0,15:35:15
sz002767,先锋电子,17.85,-0.35,-1.923,17.84,17.85,18.2,18.14,18.33,17.58,1778000.0,31846347.0,15:35:30
sz002768,国恩股份,60.05,-5.16,-7.913,60.04,60.05,65.21,64.99,65.3,59.0,11190195.0,689100614.0,15:35:45
sz002769,普路通,6.9,-0.09,-1.288,6.9,6.91,6.99,7.05,7.06,6.82,5923600.0,41056080.0,15:35:00
sz002771,真视通,12.16,-0.16,-1.299,12.16,12.19,12.32,12.5,12.53,12.04,3547560.0,43233146.0,15:35:15
sz002772,众兴菌业,10.28,-0.15,-1.438,10.28,10.29,10.43,10.41,10.47,10.1,11940198.0,122510106.0,15:35:30
sz002773,康弘药业,20.48,-0.63,-2.984,20.47,20.48,21.11,20.93,21.13,20.35,7733500.0,159002465.0,15:35:45
sz002774,快意电梯,16.35,0.04,0.245,16.35,16.36,16.31,16.15,16.59,15.65,14137697.0,228810587.0,15:35:00
sz002775,文科股份,3.49,-0.05,-1.412,3.49,3.5,3.54,3.56,3.58,3.45,10186880.0,35805557.0,15:35:15
sz002777,久远银海,12.44,-0.07,-0.56,12.44,12.45,12.51,12.52,12.64,12.38,3878628.0,48408103.0,15:35:30
sz002778,中晟高科,15.53,-0.23,-1.459,15.53,15.54,15.76,15.76,15.95,15.43,1480320.0,23100717.0,15:35:45
sz002779,中坚科技,73.38,-1.37,-1.833,73.37,73.38,74.75,74.94,74.94,71.08,2154190.0,156981025.0,15:35:00
sz002780,三夫户外,12.99,-0.07,-0.536,12.98,12.99,13.06,13.1,13.26,12.82,4186160.0,54457441.0,15:35:15
sz002782,可立克,14.99,-0.35,-2.282,14.99,15.0,15.34,15.22,15.38,14.62,7592884.0,113574829.0,15:35:30
sz002783,凯龙股份,7.77,-0.05,-0.639,7.76,7.77,7.82,7.77,7.95,7.66,7179617.0,55849763.0,15:35:45
sz002785,万里石,34.36,1.78,5.463,34.36,34.39,32.58,33.0,35.48,32.9,9935787.0,340409538.0,15:35:00
sz002786,银宝山新,7.92,0.17,2.194,7.91,7.92,7.75,7.82,7.93,7.7,10567532.0,82736580.0,15:35:15
sz002787,华源控股,20.86,-1.09,-4.966,20.86,20.87,21.95,21.9,22.07,20.31,13733228.0,286809797.0,15:35:30
sz002788,鹭燕医药,10.56,-0.36,-3.297,10.55,10.56,10.92,11.0,11.14,10.45,12188055.0,130360542.0,15:35:45
sz002789,*ST建艺,9.68,-0.48,-4.724,9.68,9.72,10.16,10.12,10.13,9.59,2584500.0,25260722.0,15:35:00
sz002790,瑞尔特,5.88,-0.01,-0.17,5.88,5.89,5.89,5.88,5.95,5.82,3507600.0,20601970.0,15:35:15
sz002791,坚朗五金,14.6,-0.3,-2.013,14.6,14.61,14.9,14.84,15.1,14.51,2840442.0,41879688.0,15:35:30
sz002792,通宇通讯,30.3,-1.29,-4.084,30.3,30.31,31.59,31.3,31.79,29.62,28014807.0,851486925.0,15:35:45
sz002793,罗欣药业,4.66,-0.34,-6.8,4.66,4.67,5.0,4.95,4.99,4.61,44818472.0,212706925.0,15:35:00
sz002795,永和智控,7.08,-0.06,-0.84,7.08,7.09,7.14,7.14,7.15,6.82,10953100.0,76517403.0,15:35:15
sz002796,世嘉科技,29.42,-0.83,-2.744,29.42,29.45,30.25,30.23,30.53,28.63,7010647.0,206346770.0,15:35:30
sz002797,第一创业,6.33,0.01,0.158,6.33,6.34,6.32,6.31,6.36,6.28,31263863.0,197756241.0,15:35:45
sz002798,帝欧水华,5.55,-0.2,-3.478,5.55,5.56,5.75,5.75,5.75,5.5,7659562.0,42840884.0,15:35:00
sz002799,环球印务,6.69,-0.07,-1.036,6.69,6.7,6.76,6.74,6.77,6.62,3677999.0,24571912.0,15:35:15
sz002800,天顺股份,13.74,-0.41,-2.898,13.74,13.75,14.15,14.28,14.99,13.5,7653624.0,107443347.0,15:35:30
sz002801,微光股份,26.42,-0.36,-1.344,26.42,26.44,26.78,26.75,27.1,26.24,1066900.0,28220830.0,15:35:45
sz002802,洪汇新材,11.95,-0.45,-3.629,11.95,11.96,12.4,12.27,12.5,11.81,6762228.0,81494970.0,15:35:00
sz002803,吉宏股份,18.47,-0.06,-0.324,18.47,18.48,18.53,18.41,18.48,18.0,8231879.0,150215257.0,15:35:15
sz002805,丰元股份,19.52,0.1,0.515,19.52,19.53,19.42,19.82,20.6,19.34,17890030.0,354895492.0,15:35:30
sz002806,华锋股份,14.09,-0.19,-1.331,14.08,14.09,14.28,14.4,14.4,13.83,4991600.0,70110320.0,15:35:45
sz002807,江阴银行,4.05,0.04,0.998,4.05,4.06,4.01,4.0,4.08,3.99,56741162.0,229954268.0,15:35:00
sz002809,红墙股份,8.43,-0.01,-0.118,8.43,8.44,8.44,8.43,8.56,8.37,7511061.0,63479217.0,15:35:15
sz002810,山东赫达,21.66,0.7,3.34,21.66,21.67,20.96,21.1,21.7,21.02,7166829.0,153486556.0,15:35:30
sz002811,郑中设计,13.22,-0.32,-2.363,13.22,13.23,13.54,13.48,13.84,12.95,16006628.0,212433347.0,15:35:45
sz002812,恩捷股份,55.9,-0.92,-1.619,55.89,55.9,56.82,57.85,58.08,55.4,22199990.0,1253502887.0,15:35:00
sz002813,路畅科技,20.28,-0.08,-0.393,20.28,20.29,20.36,20.3,20.77,20.05,1258250.0,25515394.0,15:35:15
sz002815,崇达技术,13.36,-0.46,-3.329,13.36,13.37,13.82,13.86,13.9,13.0,49103803.0,654892212.0,15:35:30
sz002816,*ST和科,24.46,-0.46,-1.846,24.45,24.46,24.92,24.92,25.08,24.23,968100.0,23719973.0,15:35:45
sz002817,黄山胶囊,6.54,-0.15,-2.242,6.54,6.56,6.69,6.66,6.71,6.49,5231100.0,34338713.0,15:35:00
sz002818,富森美,11.01,0.13,1.195,11.0,11.01,10.88,10.9,11.06,10.84,4512756.0,49462442.0,15:35:15
sz002819,东方中科,21.15,0.24,1.148,21.15,21.16,20.91,20.99,21.79,20.7,5289350.0,111623704.0,15:35:30
sz002820,桂发祥,9.33,-0.07,-0.745,9.33,9.34,9.4,9.3,9.59,9.06,27328536.0,253184002.0,15:35:45
sz002821,凯莱英,156.57,-11.53,-6.859,156.56,156.58,168.1,170.66,170.99,155.0,14544235.0,2330108272.0,15:35:00
sz002822,ST中装,3.13,-0.06,-1.881,3.13,3.14,3.19,3.17,3.19,3.12,6928038.0,21796805.0,15:35:15
sz002823,凯中精密,12.72,-0.06,-0.469,12.72,12.73,12.78,12.72,12.87,12.56,3307500.0,41945159.0,15:35:30
sz002824,和胜股份,23.98,0.03,0.125,23.98,23.99,23.95,23.95,24.35,23.16,13475756.0,318897473.0,15:35:45
sz002825,纳尔股份,8.94,-0.1,-1.106,8.93,8.94,9.04,8.94,9.0,8.67,4450000.0,39426989.0,15:35:00
sz002826,易明医药,17.07,-0.27,-1.557,17.06,17.07,17.34,17.37,17.89,16.96,4184487.0,72340063.0,15:35:15
sz002827,高争民爆,54.86,-0.14,-0.255,54.86,54.87,55.0,55.34,56.0,52.39,13473360.0,735414227.0,15:35:30
sz002828,贝肯能源,12.26,0.18,1.49,12.26,12.27,12.08,12.05,12.29,11.74,15766950.0,189702152.0,15:35:45
sz002829,星网宇达,19.11,-0.49,-2.5,19.11,19.12,19.6,19.7,19.72,18.79,6040210.0,115417077.0,15:35:00
sz002830,名雕股份,13.7,0.01,0.073,13.7,13.71,13.69,13.75,13.87,13.43,2045920.0,27863112.0,15:35:15
sz002831,裕同科技,25.25,-0.28,-1.097,25.25,25.26,25.53,25.56,25.73,24.8,5230418.0,131659952.0,15:35:30
sz002832,比音勒芬,24.17,-0.12,-0.494,24.17,24.18,24.29,24.4,25.1,23.9,11883572.0,289101420.0,15:35:45
sz002833,弘亚数控,17.69,-0.51,-2.802,17.69,17.7,18.2,18.24,18.24,17.6,4411974.0,78462295.0,15:35:00
sz002835,同为股份,12.36,-0.09,-0.723,12.36,12.37,12.45,12.46,12.64,12.28,1867300.0,23157532.0,15:35:15
sz002836,新宏泽,9.81,-0.09,-0.909,9.81,9.82,9.9,10.05,10.11,9.63,2681948.0,26302493.0,15:35:30
sz002837,英维克,54.75,0.63,1.164,54.74,54.75,54.12,55.6,56.2,52.53,43754987.0,2386975918.0,15:35:45
sz002838,道恩股份,24.39,-0.84,-3.329,24.38,24.39,25.23,25.14,25.2,23.92,8401934.0,205355019.0,15:35:00
sz002839,张家港行,4.4,0.07,1.617,4.4,4.41,4.33,4.33,4.41,4.31,29846158.0,130441565.0,15:35:15
sz002840,华统股份,8.17,-0.08,-0.97,8.15,8.17,8.25,8.31,8.31,8.0,17415434.0,141092165.0,15:35:30
sz002841,视源股份,48.73,-0.42,-0.855,48.72,48.73,49.15,49.5,50.5,48.02,5663450.0,277057757.0,15:35:45
sz002842,翔鹭钨业,38.92,-0.55,-1.393,38.92,38.96,39.47,40.2,40.47,38.03,31635451.0,1230866281.0,15:35:00
sz002843,泰嘉股份,15.27,-1.06,-6.491,15.26,15.27,16.33,16.07,16.25,15.02,14210493.0,220361338.0,15:35:15
sz002845,同兴达,12.91,-0.27,-2.049,12.9,12.91,13.18,13.18,13.18,12.7,7868340.0,101412022.0,15:35:30
sz002846,英联股份,10.49,0.17,1.647,10.48,10.49,10.32,10.32,10.58,10.21,5593895.0,58344114.0,15:35:45
sz002847,盐津铺子,44.15,-0.14,-0.316,44.14,44.15,44.29,44.25,44.76,43.83,2986213.0,131931432.0,15:35:00
sz002848,高斯贝尔,13.15,-0.16,-1.202,13.14,13.15,13.31,13.39,13.39,12.9,4702600.0,61343161.0,15:35:15
sz002849,威星智能,18.53,0.18,0.981,18.53,18.54,18.35,18.5,18.61,17.91,7033280.0,128555984.0,15:35:30
sz002850,科达利,183.81,-0.01,-0.005,183.8,183.82,183.82,184.36,187.74,180.83,2780934.0,512374642.0,15:35:45
sz002851,麦格米特,119.84,-8.22,-6.419,119.84,119.85,128.06,126.78,127.93,116.0,27775406.0,3338595128.0,15:35:00
sz002852,道道全,7.82,-0.19,-2.372,7.81,7.82,8.01,8.0,8.01,7.74,9884886.0,77541286.0,15:35:15
sz002853,皮阿诺,21.02,0.52,2.537,21.01,21.02,20.5,20.67,22.55,20.5,7587114.0,165421906.0,15:35:30
sz002855,捷荣技术,10.0,-0.15,-1.478,9.99,10.0,10.15,10.12,10.18,9.88,3181000.0,31816414.0,15:35:45
sz002856,*ST美芝,14.08,-0.65,-4.413,14.08,14.09,14.73,14.5,14.85,14.06,3745500.0,53647220.0,15:35:00
sz002857,三晖电气,19.29,0.53,2.825,19.29,19.3,18.76,18.87,20.5,18.77,4903400.0,95539040.0,15:35:15
sz002858,力盛体育,11.44,-0.16,-1.379,11.44,11.45,11.6,11.63,11.83,11.34,2961200.0,33986953.0,15:35:30
sz002859,洁美科技,64.59,-2.88,-4.269,64.58,64.59,67.47,67.45,67.76,62.66,15773564.0,1014062045.0,15:35:45
sz002860,星帅尔,15.66,-1.74,-10.0,0.0,15.66,17.4,17.2,17.2,15.66,19840307.0,315409867.0,15:35:00
sz002861,瀛通通讯,15.42,-0.48,-3.019,15.41,15.42,15.9,15.91,15.96,15.11,5330940.0,82438974.0,15:35:15
sz002862,实丰文化,13.28,-0.17,-1.264,13.28,13.29,13.45,13.59,13.7,13.12,2171810.0,28891915.0,15:35:30
sz002863,今飞凯达,4.63,-0.07,-1.489,4.62,4.63,4.7,4.69,4.71,4.58,13471961.0,62348465.0,15:35:45
sz002864,盘龙药业,21.3,-0.31,-1.435,21.3,21.31,21.61,21.69,21.8,21.1,2693720.0,57432513.0,15:35:00
sz002865,钧达股份,39.8,-2.1,-5.012,39.79,39.8,41.9,41.53,42.71,39.0,11330575.0,455652040.0,15:35:15
sz002866,传艺科技,14.76,0.05,0.34,14.75,14.76,14.71,14.85,15.39,14.65,9575701.0,143224683.0,15:35:30
sz002867,周大生,12.28,-0.03,-0.244,12.28,12.31,12.31,12.32,12.47,12.23,8355167.0,103195538.0,15:35:45
sz002868,绿康生化,21.57,-0.52,-2.354,21.57,21.58,22.09,22.23,22.33,21.33,1248500.0,27131785.0,15:35:00
sz002869,金溢科技,15.93,-0.03,-0.188,15.93,15.95,15.96,15.93,16.25,15.73,1753700.0,27929855.0,15:35:15
sz002870,香山股份,47.2,-1.0,-2.075,47.2,47.24,48.2,48.19,48.99,47.0,2657900.0,126603399.0,15:35:30
sz002871,伟隆股份,16.4,-0.25,-1.502,16.4,16.41,16.65,16.65,16.75,16.07,1895100.0,30952776.0,15:35:45
sz002872,ST天圣,5.32,0.02,0.377,5.31,5.32,5.3,5.3,5.33,5.25,2174100.0,11505216.0,15:35:00
sz002873,新天药业,8.39,-0.05,-0.592,8.39,8.4,8.44,8.44,8.7,8.35,7857500.0,66442500.0,15:35:15
sz002875,安奈儿,12.86,-0.32,-2.428,12.86,12.88,13.18,13.24,13.31,12.71,3035517.0,39279912.0,15:35:30
sz002876,三利谱,29.28,-0.64,-2.139,29.27,29.28,29.92,29.94,30.09,28.8,3204096.0,93849121.0,15:35:45
sz002877,智能自控,7.31,-0.02,-0.273,7.31,7.32,7.33,7.32,7.39,7.21,3510600.0,25591091.0,15:35:00
sz002878,元隆雅图,12.09,-0.34,-2.735,12.08,12.09,12.43,12.42,12.48,11.96,5002700.0,60600546.0,15:35:15
sz002879,长缆科技,15.79,-0.11,-0.692,15.78,15.79,15.9,15.9,16.09,15.54,6052402.0,95396248.0,15:35:30
sz002880,卫光生物,20.5,-0.62,-2.936,20.5,20.53,21.12,21.3,21.45,20.27,3765200.0,78404766.0,15:35:45
sz002881,美格智能,39.96,2.11,5.575,39.95,39.96,37.85,37.92,41.0,37.92,12292064.0,489228757.0,15:35:00
sz002882,金龙羽,23.76,2.16,10.0,23.76,0.0,21.6,22.04,23.76,22.04,14260250.0,332816752.0,15:35:15
sz002883,*ST中设,9.18,0.03,0.328,9.18,9.19,9.15,9.12,9.24,9.04,624500.0,5690852.0,15:35:30
sz002884,凌霄泵业,16.04,0.06,0.375,16.03,16.04,15.98,15.96,16.06,15.96,1156739.0,18521157.0,15:35:45
sz002885,京泉华,28.2,-0.57,-1.981,28.19,28.2,28.77,28.76,29.08,27.13,13549380.0,379589348.0,15:35:00
sz002886,沃特股份,20.48,-0.76,-3.578,20.48,20.49,21.24,20.82,21.15,20.1,25430005.0,522421479.0,15:35:15
sz002887,绿茵生态,9.05,-0.17,-1.844,9.05,9.07,9.22,9.2,9.34,8.92,4862600.0,44204871.0,15:35:30
sz002888,惠威科技,17.35,-0.43,-2.418,17.35,17.37,17.78,17.74,17.86,17.02,1359300.0,23617962.0,15:35:45
sz002889,东方嘉盛,12.55,-0.12,-0.947,12.55,12.56,12.67,12.68,12.75,12.35,3340092.0,41857386.0,15:35:00
sz002890,弘宇股份,14.33,-0.2,-1.376,14.27,14.33,14.53,14.5,14.57,14.04,1413800.0,20129889.0,15:35:15
sz002891,中宠股份,28.78,-0.47,-1.607,28.75,28.78,29.25,29.21,29.4,28.5,5445497.0,156798536.0,15:35:30
sz002892,科力尔,8.91,-0.1,-1.11,8.9,8.91,9.01,9.05,9.09,8.87,4884641.0,43677071.0,15:35:45
sz002893,京能热力,9.83,0.0,0.0,9.83,9.84,9.83,9.84,9.95,9.8,6242700.0,61625010.0,15:35:00
sz002895,川恒股份,33.01,-0.69,-2.047,33.01,33.03,33.7,33.7,34.29,32.84,6211600.0,207164520.0,15:35:15
sz002896,中大力德,64.35,-4.27,-6.223,64.35,64.36,68.62,66.87,66.87,63.51,11275972.0,729847241.0,15:35:30
sz002897,意华股份,56.6,-1.11,-1.923,56.59,56.61,57.71,57.7,59.28,54.68,8738125.0,497805602.0,15:35:45
sz002899,英派斯,19.14,-0.46,-2.347,19.14,19.15,19.6,19.6,19.68,18.78,2724800.0,52081375.0,15:35:00
sz002900,哈三联,14.15,0.38,2.76,14.15,14.16,13.77,13.18,14.33,13.18,48776337.0,677835932.0,15:35:15
sz002901,大博医疗,45.51,1.3,2.941,45.51,45.52,44.21,44.19,45.75,44.0,3296381.0,148185694.0,15:35:30
sz002902,铭普光磁,24.04,-0.72,-2.908,24.04,24.05,24.76,24.7,24.86,23.32,9158297.0,219731160.0,15:35:45
sz002903,宇环数控,32.68,-1.06,-3.142,32.67,32.68,33.74,34.24,34.49,31.0,29279859.0,949800095.0,15:35:00
sz002905,金逸影视,7.66,-0.09,-1.161,7.66,7.67,7.75,7.77,7.87,7.63,4717201.0,36347781.0,15:35:15
sz002906,华阳集团,28.23,2.57,10.016,28.23,0.0,25.66,28.23,28.23,28.23,2217339.0,62595480.0,15:35:30
sz002907,华森制药,14.31,0.05,0.351,14.31,14.32,14.26,14.26,14.84,13.93,20288399.0,291257310.0,15:35:45
sz002908,德生科技,6.86,-0.08,-1.153,6.85,6.86,6.94,6.87,6.99,6.8,4446800.0,30527177.0,15:35:00
sz002909,集泰股份,5.15,-0.07,-1.341,5.15,5.16,5.22,5.24,5.26,5.1,3521000.0,18166418.0,15:35:15
sz002910,庄园牧场,9.44,-0.08,-0.84,9.44,9.46,9.52,9.53,9.69,9.38,4908400.0,46448195.0,15:35:30
sz002911,佛燃能源,11.05,0.34,3.175,11.04,11.05,10.71,10.71,11.05,10.62,8346770.0,91444931.0,15:35:45
sz002912,中新赛克,18.74,-0.07,-0.372,18.74,18.75,18.81,19.05,19.05,18.51,2011600.0,37640859.0,15:35:00
sz002913,奥士康,57.5,-2.87,-4.754,57.46,57.5,60.37,60.3,60.46,55.3,7332473.0,423959268.0,15:35:15
sz002915,中欣氟材,16.6,-0.31,-1.833,16.59,16.6,16.91,16.88,16.96,16.43,4417300.0,73461254.0,15:35:30
sz002916,深南电路,343.63,-14.62,-4.081,343.63,343.64,358.25,357.41,360.98,334.0,7618328.0,2614937227.0,15:35:45
sz002917,金奥博,10.16,-0.1,-0.975,10.15,10.16,10.26,10.25,10.34,10.08,2172600.0,22099432.0,15:35:00
sz002918,蒙娜丽莎,9.81,-0.32,-3.159,9.81,9.82,10.13,10.13,10.2,9.71,8789700.0,86875970.0,15:35:15
sz002919,名臣健康,16.92,-0.38,-2.197,16.92,16.93,17.3,17.27,17.4,16.78,3767380.0,63881962.0,15:35:30
sz002920,德赛西威,86.59,0.17,0.197,86.59,86.6,86.42,87.8,90.22,86.11,5406151.0,473734620.0,15:35:45
sz002921,联诚精密,21.68,-0.54,-2.43,21.68,21.69,22.22,22.25,22.41,21.15,4842900.0,104424967.0,15:35:00
sz002922,伊戈尔,24.77,-0.64,-2.519,24.76,24.77,25.41,25.22,25.63,24.14,15674204.0,388716642.0,15:35:15
sz002923,润都股份,10.88,-0.4,-3.546,10.88,10.89,11.28,11.2,11.56,10.8,9894142.0,109461325.0,15:35:30
sz002925,盈趣科技,22.17,-0.19,-0.85,22.17,22.18,22.36,22.58,22.98,21.61,11955552.0,264941900.0,15:35:45
sz002926,华西证券,8.23,0.02,0.244,8.23,8.24,8.21,8.2,8.28,8.17,10764650.0,88537618.0,15:35:00
sz002927,泰永长征,15.65,-0.48,-2.976,15.65,15.66,16.13,16.26,16.27,15.33,5886500.0,92097120.0,15:35:15
sz002928,华夏航空,6.2,0.05,0.813,6.19,6.2,6.15,6.18,6.28,6.14,18378501.0,113896957.0,15:35:30
sz002929,润建股份,52.48,-1.17,-2.181,52.48,52.49,53.65,54.44,55.13,51.36,11214924.0,593614701.0,15:35:45
sz002930,宏川智慧,8.54,-0.18,-2.064,8.54,8.55,8.72,8.72,8.78,8.45,6456100.0,55249176.0,15:35:00
sz002931,锋龙股份,46.17,-2.06,-4.271,46.17,46.23,48.23,48.23,48.26,45.33,5615453.0,259855557.0,15:35:15
sz002932,*ST明德,15.18,-0.08,-0.524,15.17,15.18,15.26,15.22,15.39,15.13,778952.0,11851702.0,15:35:30
sz002933,新兴装备,26.18,-0.5,-1.874,26.18,26.26,26.68,26.66,26.76,25.89,1239000.0,32509145.0,15:35:45
sz002935,天奥电子,15.42,-0.52,-3.262,15.42,15.43,15.94,15.94,15.96,15.13,4729291.0,73093088.0,15:35:00
sz002936,郑州银行,1.77,0.02,1.143,1.76,1.77,1.75,1.75,1.77,1.74,60923627.0,107310539.0,15:35:15
sz002937,兴瑞科技,29.05,-0.65,-2.189,29.03,29.05,29.7,29.65,29.89,28.31,7705466.0,222986494.0,15:35:30
sz002938,鹏鼎控股,87.95,-1.25,-1.401,87.94,87.95,89.2,89.21,89.88,84.6,18572484.0,1614423296.0,15:35:45
sz002939,长城证券,7.95,0.02,0.252,7.94,7.95,7.93,7.92,8.0,7.9,14275058.0,113415351.0,15:35:00
sz002940,昂利康,25.29,-1.1,-4.168,25.28,25.29,26.39,26.38,26.69,24.85,12549978.0,319571031.0,15:35:15
sz002941,新疆交建,10.54,0.25,2.43,10.54,10.55,10.29,10.71,10.77,10.47,14255464.0,151205246.0,15:35:30
sz002942,新农股份,15.74,-0.14,-0.882,15.68,15.74,15.88,15.83,15.92,15.52,1995000.0,31349071.0,15:35:45
sz002943,宇晶股份,32.69,-1.27,-3.74,32.69,32.7,33.96,34.0,35.36,31.9,12576908.0,414988969.0,15:35:00
sz002945,华林证券,13.89,-0.11,-0.786,13.88,13.89,14.0,14.02,14.04,13.76,8229811.0,114302508.0,15:35:15
sz002946,新乳业,15.81,0.23,1.476,15.8,15.81,15.58,15.58,15.9,15.44,5878176.0,92532887.0,15:35:30
sz002947,恒铭达,54.19,-3.01,-5.262,54.14,54.19,57.2,55.0,56.99,52.35,10171808.0,555110355.0,15:35:45
sz002948,青岛银行,6.0,0.05,0.84,5.99,6.0,5.95,5.91,6.0,5.89,32560116.0,194244102.0,15:35:00
sz002949,华阳国际,11.31,0.52,4.819,11.31,11.32,10.79,10.91,11.7,10.78,13060435.0,148048510.0,15:35:15
sz002950,奥美医疗,9.14,-0.17,-1.826,9.14,9.15,9.31,9.3,9.35,9.09,5841900.0,53618571.0,15:35:30
sz002951,金时科技,16.12,-0.27,-1.647,16.11,16.12,16.39,16.22,16.3,15.88,6804600.0,109303318.0,15:35:45
sz002952,亚世光电,19.53,-0.29,-1.463,19.53,19.54,19.82,19.82,20.06,19.19,2027300.0,39483330.0,15:35:00
sz002953,日丰股份,10.5,-0.32,-2.957,10.49,10.5,10.82,10.88,11.29,10.4,24659171.0,266254528.0,15:35:15
sz002955,鸿合科技,34.61,-0.61,-1.732,34.6,34.61,35.22,35.11,35.78,34.21,3833713.0,133225117.0,15:35:30
sz002956,西麦食品,16.7,-0.25,-1.475,16.7,16.71,16.95,17.13,17.13,16.49,3327264.0,55451034.0,15:35:45
sz002957,科瑞技术,40.86,-1.55,-3.655,40.86,40.87,42.41,43.16,43.3,39.86,17061576.0,699416900.0,15:35:00
sz002958,青农商行,2.95,0.04,1.375,2.94,2.95,2.91,2.91,2.95,2.9,74286432.0,217499216.0,15:35:15
sz002959,小熊电器,32.53,-0.56,-1.692,32.53,32.55,33.09,33.0,33.19,32.45,582650.0,19064883.0,15:35:30
sz002960,青鸟智控,8.38,-0.06,-0.711,8.37,8.38,8.44,8.49,8.52,8.32,7503734.0,62863984.0,15:35:45
sz002961,瑞达期货,18.51,-0.12,-0.644,18.5,18.51,18.63,18.63,18.93,18.33,4764100.0,88627137.0,15:35:00
sz002962,五方光电,12.44,-0.36,-2.813,12.43,12.44,12.8,12.76,12.86,12.24,6350472.0,79231678.0,15:35:15
sz002963,豪尔赛,18.47,1.01,5.785,18.47,18.48,17.46,17.46,18.71,17.05,8087400.0,144726657.0,15:35:30
sz002965,祥鑫科技,29.88,-1.68,-5.323,29.88,29.9,31.56,31.47,31.51,29.16,14385410.0,430561930.0,15:35:45
sz002966,苏州银行,8.7,0.12,1.399,8.7,8.71,8.58,8.55,8.75,8.52,38035181.0,330107544.0,15:35:00
sz002967,广电计量,17.15,-0.08,-0.464,17.15,17.16,17.23,17.31,17.38,16.98,4085810.0,70199670.0,15:35:15
sz002968,新大正,9.1,-0.15,-1.622,9.1,9.12,9.25,9.16,9.31,9.02,3711100.0,33858143.0,15:35:30
sz002969,嘉美包装,12.43,-0.78,-5.905,12.43,12.45,13.21,13.09,13.1,12.2,35214569.0,441948344.0,15:35:45
sz002970,锐明技术,49.76,-0.7,-1.387,49.76,49.77,50.46,50.57,50.94,48.74,2197036.0,109325325.0,15:35:00
sz002971,和远气体,43.84,-2.77,-5.943,43.84,43.85,46.61,45.51,46.02,42.93,22033079.0,969104635.0,15:35:15
sz002972,科安达,12.62,-0.82,-6.101,12.62,12.64,13.44,13.32,13.38,12.41,7579340.0,96371631.0,15:35:30
sz002973,侨银股份,11.59,0.86,8.015,11.59,11.6,10.73,10.76,11.76,10.7,13334000.0,148763895.0,15:35:45
sz002975,博杰股份,108.88,8.33,8.284,108.88,108.89,100.55,110.61,110.61,102.66,24486815.0,2617922049.0,15:35:00
sz002976,瑞玛精密,23.17,0.08,0.346,23.17,23.18,23.09,23.08,23.99,22.91,5529590.0,129416259.0,15:35:15
sz002977,*ST天箭,20.45,-0.84,-3.946,20.4,20.45,21.29,20.98,21.25,20.22,888258.0,18355924.0,15:35:30
sz002978,安宁股份,26.02,-0.09,-0.345,26.01,26.02,26.11,26.15,26.39,25.85,2368602.0,61899107.0,15:35:45
sz002979,雷赛智能,54.15,-1.27,-2.292,54.12,54.15,55.42,55.3,56.0,53.0,8960104.0,485547715.0,15:35:00
sz002980,华盛昌,93.98,-4.46,-4.531,93.98,94.0,98.44,103.02,103.05,91.05,14016748.0,1327122048.0,15:35:15
sz002981,朝阳科技,23.46,-0.09,-0.382,23.45,23.46,23.55,23.47,23.69,23.21,2165000.0,50632964.0,15:35:30
sz002982,湘佳股份,12.37,0.02,0.162,12.35,12.37,12.35,12.45,12.45,12.13,3720028.0,45599028.0,15:35:45
sz002983,芯瑞达,19.12,-0.42,-2.149,19.12,19.17,19.54,19.55,19.66,18.81,1893500.0,36258055.0,15:35:00
sz002984,森麒麟,14.11,0.11,0.786,14.11,14.12,14.0,13.99,14.27,13.86,9131852.0,129288241.0,15:35:15
sz002985,北摩高科,25.13,-0.08,-0.317,25.13,25.18,25.21,25.11,25.55,24.88,2519530.0,63484694.0,15:35:30
sz002986,宇新股份,13.25,-0.05,-0.376,13.25,13.26,13.3,13.3,13.39,13.12,3941628.0,52130420.0,15:35:45
sz002987,京北方,11.23,0.15,1.354,11.23,11.24,11.08,11.02,11.37,10.95,22408960.0,250064329.0,15:35:00
sz002988,豪美新材,23.78,-0.33,-1.369,23.77,23.78,24.11,24.04,24.24,23.42,11531963.0,274057923.0,15:35:15
sz002989,中天精装,23.93,-0.74,-3.0,23.93,23.94,24.67,24.43,24.54,23.3,4763612.0,113492925.0,15:35:30
sz002990,盛视科技,47.7,-2.35,-4.695,47.69,47.71,50.05,50.2,50.23,46.23,9957400.0,474791192.0,15:35:45
sz002991,甘源食品,39.15,-2.27,-5.48,39.15,39.17,41.42,38.0,39.59,38.0,2612564.0,101082542.0,15:35:00
sz002992,宝明科技,33.8,-0.44,-1.285,33.8,33.81,34.24,34.6,34.97,33.34,1181800.0,40072192.0,15:35:15
sz002993,奥海科技,37.29,-1.09,-2.84,37.29,37.3,38.38,38.38,38.39,36.32,4806334.0,178086028.0,15:35:30
sz002995,天地在线,16.5,-0.29,-1.727,16.49,16.5,16.79,16.81,16.86,16.27,3749188.0,61798694.0,15:35:45
sz002996,顺博合金,6.3,0.04,0.639,6.29,6.3,6.26,6.26,6.32,6.19,6021500.0,37644560.0,15:35:00
sz002997,瑞鹄模具,28.32,0.16,0.568,28.32,28.33,28.16,28.31,28.73,27.98,5052093.0,142806338.0,15:35:15
sz002998,优彩资源,7.85,0.05,0.641,7.85,7.86,7.8,7.83,7.92,7.74,7706254.0,60352367.0,15:35:30
sz002999,天禾股份,5.94,-0.05,-0.835,5.94,5.95,5.99,5.99,6.0,5.91,7115360.0,42309177.0,15:35:45
sz003000,劲仔食品,9.95,-0.22,-2.163,9.94,9.95,10.17,10.15,10.2,9.93,5635600.0,56545238.0,15:35:00
sz003001,中岩大地,15.23,-0.37,-2.372,15.22,15.23,15.6,15.6,15.68,15.05,5522440.0,84400916.0,15:35:15
sz003002,壶化股份,16.46,0.01,0.061,16.45,16.46,16.45,16.43,16.58,16.0,2384800.0,38682283.0,15:35:30
sz003003,天元股份,11.02,-0.05,-0.452,11.0,11.02,11.07,11.12,11.18,10.87,2661800.0,29251191.0,15:35:45
sz003004,声迅股份,68.84,-2.19,-3.083,68.81,68.94,71.03,72.45,72.74,68.23,1027576.0,72041024.0,15:35:00
sz003005,竞业达,13.33,-0.06,-0.448,13.33,13.34,13.39,13.39,13.55,13.12,1999100.0,26507347.0,15:35:15
sz003006,百亚股份,13.35,-0.25,-1.838,13.34,13.35,13.6,13.29,13.65,13.05,14270072.0,189943806.0,15:35:30
sz003007,直真科技,39.34,2.03,5.441,39.34,39.35,37.31,38.07,39.98,37.42,4206330.0,162277350.0,15:35:45
sz003008,开普检测,19.36,-0.09,-0.463,19.36,19.4,19.45,19.5,19.5,19.1,894120.0,17262431.0,15:35:00
sz003009,中天火箭,45.38,-1.74,-3.693,45.38,45.39,47.12,46.8,47.03,44.9,3122865.0,142644920.0,15:35:15
sz003010,若羽臣,28.44,-0.7,-2.402,28.43,28.44,29.14,29.0,29.19,27.72,8746822.0,247837766.0,15:35:30
sz003011,海象新材,20.31,-0.34,-1.646,20.29,20.31,20.65,20.64,20.79,20.01,2285200.0,46215341.0,15:35:45
sz003012,东鹏控股,4.67,-0.01,-0.214,4.67,4.68,4.68,4.68,4.77,4.65,7871100.0,37042635.0,15:35:00
sz003013,地铁设计,19.0,0.33,1.768,18.99,19.0,18.67,18.47,19.02,18.17,9373653.0,175522118.0,15:35:15
sz003015,日久光电,12.05,-0.26,-2.112,12.05,12.06,12.31,12.3,12.34,11.93,5630516.0,67882844.0,15:35:30
sz003016,欣贺股份,6.8,-0.1,-1.449,6.8,6.81,6.9,6.88,6.92,6.77,3273500.0,22355010.0,15:35:45
sz003017,大洋生物,22.48,0.06,0.268,22.48,22.49,22.42,22.2,22.58,21.95,1888892.0,42036564.0,15:35:00
sz003018,金富科技,41.8,-1.22,-2.836,41.8,41.81,43.02,43.1,43.4,39.79,16541769.0,679967584.0,15:35:15
sz003019,宸展光电,24.77,0.7,2.908,24.76,24.77,24.07,24.08,25.13,23.92,5796700.0,142781710.0,15:35:30
sz003020,立方制药,17.49,-0.66,-3.636,17.49,17.5,18.15,18.15,18.36,17.27,8812490.0,155253919.0,15:35:45
sz003021,兆威机电,66.16,-2.15,-3.147,66.16,66.17,68.31,68.56,68.96,65.0,3323384.0,221678628.0,15:35:00
sz003022,联泓新科,20.25,0.14,0.696,20.25,20.26,20.11,20.2,20.42,19.95,8663109.0,174777629.0,15:35:15
sz003023,彩虹集团,27.07,-0.48,-1.742,27.07,27.1,27.55,27.07,28.6,26.7,6814165.0,187092676.0,15:35:30
sz003025,思进智能,12.28,-0.18,-1.445,12.27,12.28,12.46,12.4,12.45,12.1,2919844.0,35709693.0,15:35:45
sz003026,中晶科技,29.24,-0.16,-0.544,29.24,29.25,29.4,29.5,29.67,28.42,5483361.0,158953515.0,15:35:00
sz003027,同兴科技,16.52,0.0,0.0,16.48,16.52,16.52,16.83,16.83,16.27,1853800.0,30513277.0,15:35:15
sz003028,振邦智能,22.21,-0.36,-1.595,22.2,22.21,22.57,22.69,22.69,21.8,1011780.0,22430480.0,15:35:30
sz003029,吉大正元,16.5,-0.15,-0.901,16.5,16.51,16.65,16.51,16.83,16.37,2488800.0,41168879.0,15:35:45
sz003030,祖名股份,21.8,0.12,0.554,21.79,21.81,21.68,21.71,22.12,21.38,1921700.0,41777553.0,15:35:00
sz003031,中瓷电子,134.6,-7.44,-5.238,134.58,134.6,142.04,143.36,145.0,131.0,16844916.0,2298758887.0,15:35:15
sz003032,传智教育,9.99,-0.77,-7.156,9.99,10.0,10.76,10.66,10.75,9.68,81016354.0,813534413.0,15:35:30
sz003033,征和工业,64.58,-4.42,-6.406,64.58,64.63,69.0,68.8,69.0,63.13,1613200.0,105123527.0,15:35:45
sz003035,南网能源,5.73,0.52,9.981,5.73,0.0,5.21,5.26,5.73,5.25,82694166.0,467651809.0,15:35:00
sz003036,泰坦股份,51.11,-2.01,-3.784,51.11,51.15,53.12,53.0,53.0,49.0,6142142.0,313110051.0,15:35:15
sz003037,三和管桩,5.57,-0.07,-1.241,5.57,5.58,5.64,5.62,5.68,5.55,1746700.0,9773198.0,15:35:30
sz003038,鑫铂股份,10.75,-0.01,-0.093,10.74,10.75,10.76,10.81,10.9,10.6,2652920.0,28486061.0,15:35:45
sz003039,顺控发展,11.86,-0.04,-0.336,11.86,11.88,11.9,11.9,12.02,11.85,2912600.0,34700555.0,15:35:00
sz003040,楚天龙,14.07,1.28,10.008,14.07,0.0,12.79,12.79,14.07,12.52,50952541.0,700507535.0,15:35:15
sz003041,真爱美家,38.46,-1.35,-3.391,38.46,38.48,39.81,39.95,40.11,37.92,1413024.0,54633389.0,15:35:30
sz003042,中农联合,13.78,-0.39,-2.752,13.78,13.79,14.17,13.98,14.22,13.6,7833365.0,108244995.0,15:35:45
sz003043,华亚智能,72.66,1.03,1.438,72.65,72.66,71.63,71.0,74.04,69.7,5406623.0,389681317.0,15:35:00
sz003816,中国广核,3.88,0.04,1.042,3.88,3.89,3.84,3.84,3.9,3.83,77005940.0,298704802.0,15:35:15
sz300001,特锐德,36.26,-0.01,-0.028,36.26,36.27,36.27,36.14,36.49,35.25,14631058.0,525177413.0,15:35:15
sz300002,神州泰岳,7.86,-0.09,-1.132,7.85,7.86,7.95,7.97,7.98,7.82,24842618.0,195688410.0,15:35:30
sz300003,乐普医疗,11.71,-0.46,-3.78,11.71,11.72,12.17,11.93,11.95,11.6,31084378.0,364336353.0,15:35:45
sz300004,南风股份,9.49,-0.39,-3.947,9.48,9.49,9.88,9.98,10.38,9.35,73073655.0,709347785.0,15:35:00
sz300005,探路者,10.39,-0.46,-4.24,10.39,10.4,10.85,10.85,10.89,10.17,45163796.0,472113620.0,15:35:15
sz300006,莱美药业,5.09,-0.18,-3.416,5.09,5.1,5.27,5.17,5.48,5.01,82213753.0,428048211.0,15:35:30
sz300007,汉威科技,30.67,-0.69,-2.2,30.66,30.67,31.36,31.36,31.58,30.17,6619536.0,203407215.0,15:35:45
sz300008,天海防务,6.04,-0.06,-0.984,6.03,6.04,6.1,6.07,6.14,5.97,24947147.0,150596393.0,15:35:00
sz300009,安科生物,8.49,-0.48,-5.351,8.49,8.5,8.97,9.13,9.22,8.48,95337021.0,836019957.0,15:35:15
sz300010,ST豆神,2.24,0.07,3.226,2.24,2.25,2.17,2.16,2.26,2.16,37835451.0,83351245.0,15:35:30
sz300011,鼎汉技术,5.95,-0.06,-0.998,5.94,5.95,6.01,5.98,6.1,5.9,4869215.0,29080018.0,15:35:45
sz300012,华测检测,15.16,0.03,0.198,15.16,15.17,15.13,15.32,15.59,15.05,46369629.0,707016591.0,15:35:00
sz300013,新宁物流,3.98,-0.09,-2.211,3.97,3.98,4.07,4.1,4.1,3.93,10958700.0,43766213.0,15:35:15
sz300014,亿纬锂能,55.82,0.03,0.054,55.81,55.82,55.79,55.42,56.95,55.42,37363260.0,2094994078.0,15:35:30
sz300015,爱尔眼科,8.34,0.01,0.12,8.33,8.34,8.33,8.32,8.35,8.28,42168576.0,350537340.0,15:35:45
sz300016,北陆药业,9.74,-0.7,-6.705,9.73,9.74,10.44,10.3,10.72,9.54,113432369.0,1134991471.0,15:35:00
sz300017,网宿科技,15.2,-0.34,-2.188,15.2,15.21,15.54,15.54,15.59,14.96,115670068.0,1756446750.0,15:35:15
sz300018,中元股份,11.24,-0.41,-3.519,11.23,11.24,11.65,11.65,11.78,11.14,11548362.0,131405487.0,15:35:30
sz300019,硅宝科技,14.05,-0.49,-3.37,14.05,14.06,14.54,14.23,14.28,13.92,5174673.0,72719665.0,15:35:45
sz300020,ST银江,3.39,-0.05,-1.453,3.39,3.4,3.44,3.48,3.48,3.33,7622670.0,25827764.0,15:35:00
sz300021,大禹节水,3.85,0.0,0.0,3.85,3.86,3.85,3.83,3.89,3.81,12465885.0,48017493.0,15:35:15
sz300022,吉峰科技,8.12,0.01,0.123,8.11,8.12,8.11,8.08,8.18,8.04,4889700.0,39622003.0,15:35:30
sz300024,机器人,14.26,-0.62,-4.167,14.26,14.27,14.88,14.69,14.69,14.17,34309745.0,490674543.0,15:35:45
sz300025,华星创业,5.1,-0.03,-0.585,5.1,5.11,5.13,5.14,5.2,5.05,7830000.0,39978741.0,15:35:00
sz300026,红日药业,3.33,-0.07,-2.059,3.32,3.33,3.4,3.38,3.4,3.29,66528708.0,221304501.0,15:35:15
sz300027,ST华谊,1.84,0.04,2.222,1.84,1.85,1.8,1.82,1.85,1.78,41430398.0,75227755.0,15:35:30
sz300030,阳普医疗,6.74,-0.09,-1.318,6.74,6.75,6.83,6.83,6.87,6.66,8580300.0,57991726.0,15:35:45
sz300031,宝通科技,21.5,0.25,1.176,21.49,21.5,21.25,21.21,21.59,20.98,14521878.0,308996647.0,15:35:00
sz300032,金龙机电,3.76,-0.04,-1.053,3.76,3.77,3.8,3.8,3.85,3.7,16010000.0,60038759.0,15:35:15
sz300033,同花顺,216.72,-5.41,-2.436,216.71,216.72,222.13,222.14,224.5,214.73,11812077.0,2575289094.0,15:35:30
sz300034,钢研高纳,15.53,-0.01,-0.064,15.53,15.54,15.54,15.5,15.9,15.25,9012373.0,140031890.0,15:35:45
sz300035,中科电气,13.63,-0.22,-1.588,13.63,13.64,13.85,13.71,14.2,13.51,22724902.0,312976597.0,15:35:00
sz300036,超图软件,10.9,-0.12,-1.089,10.89,10.9,11.02,11.03,11.17,10.81,6102000.0,66779070.0,15:35:15
sz300037,新宙邦,62.0,-1.35,-2.131,62.0,62.05,63.35,63.37,64.65,60.78,14937127.0,930608940.0,15:35:30
sz300039,上海凯宝,5.29,-0.25,-4.513,5.29,5.3,5.54,5.49,5.51,5.25,40972416.0,218627907.0,15:35:45
sz300040,九洲集团,5.99,0.19,3.276,5.98,5.99,5.8,5.85,5.99,5.81,37422678.0,220860430.0,15:35:00
sz300041,回天新材,10.6,-0.24,-2.214,10.59,10.6,10.84,10.77,10.85,10.39,16079361.0,169826799.0,15:35:15
sz300042,朗科科技,38.92,-1.32,-3.28,38.92,38.93,40.24,39.84,40.24,37.93,11440190.0,442822591.0,15:35:30
sz300043,星辉娱乐,4.34,-0.1,-2.252,4.33,4.34,4.44,4.44,4.46,4.3,18729800.0,81504566.0,15:35:45
sz300044,*ST赛为,5.44,0.29,5.631,5.44,5.45,5.15,5.11,5.58,5.1,27449138.0,147359174.0,15:35:00
sz300045,华力创通,12.4,-0.35,-2.745,12.39,12.4,12.75,12.65,12.78,12.26,11744700.0,146261958.0,15:35:15
sz300046,台基股份,24.41,-1.21,-4.723,24.41,24.42,25.62,24.97,25.51,24.1,10282208.0,254409924.0,15:35:30
sz300047,天源迪科,8.92,-0.14,-1.545,8.92,8.93,9.06,9.09,9.11,8.84,9212379.0,82254820.0,15:35:45
sz300048,合康新能,4.94,-0.06,-1.2,4.94,4.95,5.0,4.97,5.03,4.91,7348400.0,36360231.0,15:35:00
sz300049,福瑞医科,37.95,-3.72,-8.927,37.95,37.96,41.67,41.3,41.5,37.49,12110400.0,467599345.0,15:35:15
sz300050,世纪鼎利,6.57,-0.29,-4.227,6.56,6.57,6.86,6.83,6.86,6.47,23112600.0,153040000.0,15:35:30
sz300051,琏升科技,8.19,-0.14,-1.681,8.18,8.19,8.33,8.23,8.33,8.03,14532700.0,118734210.0,15:35:45
sz300052,中青宝,10.42,-0.14,-1.326,10.42,10.43,10.56,10.65,10.67,10.28,6861897.0,71302495.0,15:35:00
sz300053,航宇微,11.48,-0.42,-3.529,11.48,11.49,11.9,11.95,12.0,11.31,15512644.0,179870426.0,15:35:15
sz300054,鼎龙股份,73.62,-0.22,-0.298,73.61,73.62,73.84,73.96,74.39,71.6,27997041.0,2044657349.0,15:35:30
sz300055,万邦达,5.78,-0.26,-4.305,5.77,5.79,6.04,5.95,5.99,5.7,22892000.0,132348745.0,15:35:45
sz300056,中创环保,8.45,-0.05,-0.588,8.44,8.45,8.5,8.47,8.54,8.26,7000951.0,58566839.0,15:35:00
sz300057,万顺新材,6.53,-0.02,-0.305,6.53,6.54,6.55,6.55,6.66,6.42,22196436.0,144793802.0,15:35:15
sz300058,蓝色光标,13.15,-0.53,-3.874,13.15,13.16,13.68,13.66,13.74,12.96,176874909.0,2333497126.0,15:35:30
sz300059,东方财富,18.92,0.01,0.053,18.92,18.93,18.91,18.86,19.17,18.73,185175606.0,3509641012.0,15:35:45
sz300061,旗天科技,6.11,-0.2,-3.17,6.11,6.12,6.31,6.27,6.32,6.06,13274141.0,81494747.0,15:35:00
sz300062,中能电气,6.2,-0.02,-0.322,6.19,6.2,6.22,6.22,6.25,6.06,15873602.0,97499988.0,15:35:15
sz300063,天龙集团,8.59,-0.28,-3.157,8.58,8.59,8.87,8.86,8.87,8.48,23978800.0,206374101.0,15:35:30
sz300065,海兰信,14.73,-0.39,-2.579,14.73,14.74,15.12,14.97,15.11,14.45,30098642.0,443641605.0,15:35:45
sz300066,三川智慧,4.9,-0.09,-1.804,4.89,4.9,4.99,4.98,5.05,4.83,12059299.0,59149454.0,15:35:00
sz300067,安诺其,5.11,-0.08,-1.541,5.11,5.12,5.19,5.19,5.24,5.03,24448506.0,124814584.0,15:35:15
sz300068,ST南都,3.91,-0.08,-2.005,3.91,3.92,3.99,3.96,4.06,3.9,28641154.0,113464815.0,15:35:30
sz300069,金利华电,25.55,-1.45,-5.37,25.55,25.56,27.0,26.61,26.61,24.87,17064401.0,435647113.0,15:35:45
sz300070,碧水源,3.43,0.0,0.0,3.42,3.43,3.43,3.42,3.44,3.39,21781940.0,74355707.0,15:35:00
sz300071,福石控股,3.85,-0.13,-3.266,3.85,3.86,3.98,4.0,4.01,3.8,41321409.0,159575146.0,15:35:15
sz300072,海新能科,3.72,-0.09,-2.362,3.72,3.73,3.81,3.79,3.81,3.67,30870162.0,115020149.0,15:35:30
sz300073,当升科技,41.67,0.36,0.871,41.67,41.68,41.31,41.56,42.5,41.24,13121574.0,549424054.0,15:35:45
sz300074,华平股份,3.74,-0.07,-1.837,3.72,3.74,3.81,3.78,3.82,3.67,12955100.0,48274701.0,15:35:00
sz300075,数字政通,10.59,-0.16,-1.488,10.58,10.59,10.75,10.75,10.94,10.5,8092783.0,85957964.0,15:35:15
sz300076,*ST宁视,4.43,-0.08,-1.774,4.43,4.44,4.51,4.58,4.58,4.41,3673700.0,16495138.0,15:35:30
sz300077,国民技术,19.72,0.31,1.597,19.72,19.73,19.41,19.49,20.88,19.41,58787146.0,1184202543.0,15:35:45
sz300078,思创智联,3.07,-0.02,-0.647,3.07,3.08,3.09,3.11,3.15,3.03,22496503.0,69307938.0,15:35:00
sz300079,数码视讯,4.41,0.03,0.685,4.4,4.41,4.38,4.42,4.5,4.36,20772883.0,91773956.0,15:35:15
sz300080,易成新能,3.75,0.02,0.536,3.74,3.75,3.73,3.74,3.84,3.71,14432401.0,54237464.0,15:35:30
sz300081,ST恒信,3.05,-0.15,-4.688,3.05,3.08,3.2,3.15,3.22,3.03,13469400.0,41668899.0,15:35:45
sz300082,奥克股份,7.87,0.06,0.768,7.86,7.87,7.81,7.8,7.98,7.74,9218907.0,72303053.0,15:35:00
sz300083,创世纪,13.37,-0.16,-1.183,13.37,13.38,13.53,13.53,13.63,12.88,60537013.0,799103998.0,15:35:15
sz300084,海默科技,10.11,-0.36,-3.438,10.1,10.11,10.47,10.41,10.47,10.02,8533530.0,86765491.0,15:35:30
sz300085,银之杰,28.86,-0.44,-1.502,28.86,28.87,29.3,29.31,29.73,28.45,21498108.0,620798183.0,15:35:45
sz300086,康芝药业,6.42,-0.2,-3.021,6.42,6.43,6.62,6.65,6.67,6.38,14397300.0,93158214.0,15:35:00
sz300087,ST荃银,5.5,0.03,0.548,5.49,5.5,5.47,5.5,5.66,5.44,19036377.0,105731353.0,15:35:15
sz300088,长信科技,6.99,-0.32,-4.378,6.98,6.99,7.31,7.28,7.29,6.81,102227846.0,714998762.0,15:35:30
sz300091,*ST金灵,2.51,-0.06,-2.335,2.51,2.52,2.57,2.54,2.54,2.49,5446200.0,13653378.0,15:35:45
sz300092,科新机电,11.85,0.19,1.63,11.85,11.86,11.66,11.59,12.0,11.59,5400748.0,63832551.0,15:35:00
sz300093,金刚光伏,25.02,-0.91,-3.509,25.02,25.05,25.93,25.94,26.2,24.3,14773724.0,368379996.0,15:35:15
sz300094,国联水产,2.82,0.0,0.0,2.81,2.82,2.82,2.83,2.86,2.76,37989500.0,106347033.0,15:35:30
sz300095,华伍股份,7.92,-0.07,-0.876,7.92,7.94,7.99,7.99,8.04,7.8,3767000.0,29706165.0,15:35:45
sz300096,ST易联众,9.57,-0.04,-0.416,9.57,9.58,9.61,9.54,9.75,9.51,2172243.0,20857761.0,15:35:00
sz300097,智云股份,8.78,-1.82,-17.17,8.78,8.79,10.6,10.58,10.59,8.49,47575082.0,441267698.0,15:35:15
sz300098,高新兴,4.38,-0.06,-1.351,4.37,4.38,4.44,4.43,4.5,4.34,28301040.0,124412912.0,15:35:30
sz300099,尤洛卡,5.9,-0.05,-0.84,5.9,5.91,5.95,5.93,6.06,5.84,7081100.0,41870276.0,15:35:45
sz300100,双林股份,20.19,-0.59,-2.839,20.19,20.2,20.78,20.78,20.88,20.09,6764038.0,137730819.0,15:35:00
sz300101,振芯科技,13.87,-0.19,-1.351,13.87,13.88,14.06,14.01,14.14,13.68,6376893.0,88420848.0,15:35:15
sz300102,乾照光电,17.62,-0.51,-2.813,17.62,17.63,18.13,18.0,18.23,17.25,24491681.0,432720985.0,15:35:30
sz300103,达刚控股,7.46,-0.41,-5.21,7.45,7.46,7.87,7.94,7.94,7.28,7757200.0,58144970.0,15:35:45
sz300105,龙源技术,7.58,-0.02,-0.263,7.58,7.59,7.6,7.6,7.66,7.38,15812831.0,118570347.0,15:35:00
sz300106,西部牧业,9.82,-0.05,-0.507,9.82,9.83,9.87,9.86,9.93,9.65,8338100.0,81417511.0,15:35:15
sz300107,建新股份,6.3,-0.14,-2.174,6.3,6.31,6.44,6.42,6.46,6.24,7070900.0,44557233.0,15:35:30
sz300109,新开源,15.95,-0.45,-2.744,15.94,15.95,16.4,16.32,16.49,15.63,40651561.0,647919863.0,15:35:45
sz300110,华仁药业,2.8,-0.06,-2.098,2.79,2.8,2.86,2.85,2.88,2.77,19547300.0,54731781.0,15:35:00
sz300111,向日葵,2.91,-0.09,-3.0,2.9,2.91,3.0,3.0,3.04,2.87,38147280.0,111521598.0,15:35:15
sz300112,万讯自控,9.37,0.05,0.536,9.37,9.38,9.32,9.38,9.98,9.3,29201971.0,278909263.0,15:35:30
sz300113,顺网科技,16.14,-0.55,-3.295,16.13,16.14,16.69,16.71,16.72,15.96,14207676.0,229929268.0,15:35:45
sz300115,长盈精密,24.89,-1.17,-4.49,24.89,24.9,26.06,25.81,26.09,24.61,29699260.0,744957183.0,15:35:00
sz300118,东方日升,9.65,-0.13,-1.329,9.64,9.65,9.78,9.78,10.13,9.5,25403060.0,247620245.0,15:35:15
sz300119,瑞普生物,17.34,-0.58,-3.237,17.33,17.34,17.92,17.86,18.13,17.14,6660776.0,116224206.0,15:35:30
sz300120,经纬辉开,8.91,-0.09,-1.0,8.91,8.92,9.0,8.92,9.12,8.65,49037919.0,433087412.0,15:35:45
sz300121,阳谷华泰,9.57,-0.04,-0.416,9.57,9.58,9.61,9.66,9.66,9.45,6577248.0,62700170.0,15:35:00
sz300122,智飞生物,12.83,-1.07,-7.698,12.83,12.84,13.9,13.76,13.98,12.8,60871096.0,805824937.0,15:35:15
sz300123,ST亚光,4.34,-0.16,-3.556,4.34,4.35,4.5,4.48,4.48,4.33,17874600.0,78326784.0,15:35:30
sz300124,汇川技术,58.3,-0.73,-1.237,58.3,58.31,59.03,58.8,59.25,57.86,16490226.0,964212872.0,15:35:45
sz300125,聆达股份,8.64,0.13,1.528,8.64,8.65,8.51,8.6,8.74,8.36,6032057.0,51427570.0,15:35:00
sz300126,锐奇股份,6.34,-0.1,-1.553,6.33,6.34,6.44,6.52,6.52,6.22,7505616.0,47519749.0,15:35:15
sz300127,银河磁体,25.05,0.34,1.376,25.04,25.05,24.71,25.4,25.93,24.61,6236663.0,157338101.0,15:35:30
sz300128,锦富技术,4.82,-0.13,-2.626,4.82,4.83,4.95,4.88,5.33,4.72,74759363.0,367862410.0,15:35:45
sz300129,泰胜风能,7.04,-0.43,-5.756,7.03,7.04,7.47,7.3,7.35,6.97,20867776.0,148452713.0,15:35:00
sz300130,新国都,18.37,0.12,0.658,18.36,18.37,18.25,18.03,18.7,18.03,10490600.0,193031119.0,15:35:15
sz300131,英唐智控,16.9,0.06,0.356,16.9,16.91,16.84,16.77,17.13,16.16,59214471.0,987392124.0,15:35:30
sz300132,诺斯贝尔,6.22,-0.06,-0.955,6.22,6.23,6.28,6.26,6.34,6.13,10056100.0,62411933.0,15:35:45
sz300133,华策影视,6.83,-0.08,-1.158,6.83,6.84,6.91,6.91,6.95,6.73,38912788.0,265272266.0,15:35:00
sz300134,大富科技,8.11,-0.06,-0.734,8.11,8.12,8.17,8.23,8.32,8.0,10638898.0,86372131.0,15:35:15
sz300135,宝利国际,3.51,0.13,3.846,3.5,3.51,3.38,3.4,3.75,3.38,58168155.0,207544789.0,15:35:30
sz300136,信维通信,58.92,-2.04,-3.346,58.9,58.92,60.96,60.52,61.0,57.54,41927359.0,2464518249.0,15:35:45
sz300137,先河环保,11.31,-0.44,-3.745,11.31,11.32,11.75,11.75,11.75,11.0,16297400.0,183907677.0,15:35:00
sz300138,晨光生物,10.96,-0.02,-0.182,10.95,10.96,10.98,10.91,11.07,10.88,3446174.0,37761780.0,15:35:15
sz300139,晓程科技,58.33,4.65,8.662,58.33,58.34,53.68,53.68,61.7,52.69,80469994.0,4590248658.0,15:35:30
sz300140,节能环境,5.4,0.02,0.372,5.39,5.4,5.38,5.39,5.42,5.36,9303100.0,50132585.0,15:35:45
sz300141,和顺电气,9.74,-0.1,-1.016,9.74,9.76,9.84,9.89,10.01,9.6,4251000.0,41402833.0,15:35:00
sz300142,沃森生物,14.9,-1.2,-7.453,14.9,14.91,16.1,16.17,16.49,14.77,327959227.0,5057912831.0,15:35:15
sz300143,盈康生命,7.41,-0.28,-3.641,7.41,7.42,7.69,7.68,7.72,7.36,10742841.0,80211528.0,15:35:30
sz300144,宋城演艺,5.8,-0.17,-2.848,5.79,5.8,5.97,5.9,5.91,5.76,42793222.0,248576563.0,15:35:45
sz300145,南方泵业,4.24,0.04,0.952,4.24,4.25,4.2,4.2,4.31,4.16,60310671.0,255467095.0,15:35:00
sz300146,汤臣倍健,9.59,-0.13,-1.337,9.58,9.59,9.72,9.71,9.72,9.53,9083829.0,87339865.0,15:35:15
sz300147,*ST香雪,6.71,-0.17,-2.471,6.7,6.71,6.88,6.88,7.01,6.68,6560100.0,44777140.0,15:35:30
sz300148,天舟文化,3.31,-0.05,-1.488,3.31,3.32,3.36,3.37,3.38,3.28,11435905.0,37971679.0,15:35:45
sz300149,睿智医药,9.7,-0.68,-6.551,9.7,9.71,10.38,10.39,10.54,9.66,33864337.0,336375000.0,15:35:00
sz300150,世纪瑞尔,4.22,-0.05,-1.171,4.21,4.22,4.27,4.33,4.33,4.18,4053300.0,17078250.0,15:35:15
sz300151,昌红科技,16.09,-0.79,-4.68,16.08,16.09,16.88,16.72,16.8,15.69,17075649.0,276354099.0,15:35:30
sz300152,*ST动力,1.62,0.0,0.0,1.62,1.63,1.62,1.61,1.66,1.61,14658400.0,23878124.0,15:35:45
sz300153,科泰电源,20.79,-0.72,-3.347,20.79,20.8,21.51,21.62,21.62,20.39,9229742.0,192131416.0,15:35:00
sz300154,瑞凌股份,11.59,-0.16,-1.362,11.58,11.59,11.75,11.99,12.37,11.38,11956900.0,140453150.0,15:35:15
sz300155,安居宝,4.31,-0.12,-2.709,4.31,4.32,4.43,4.42,4.45,4.27,21136259.0,91405050.0,15:35:30
sz300157,新锦动力,3.82,-0.15,-3.778,3.82,3.83,3.97,3.9,3.93,3.77,26514718.0,101391108.0,15:35:45
sz300158,振东制药,5.1,-0.12,-2.299,5.1,5.11,5.22,5.17,5.24,5.06,16671815.0,85482576.0,15:35:00
sz300159,新研股份,2.86,-0.07,-2.389,2.86,2.87,2.93,2.91,2.93,2.83,26197105.0,75105034.0,15:35:15
sz300160,秀强股份,4.32,-0.02,-0.461,4.31,4.32,4.34,4.36,4.42,4.29,6460200.0,27966051.0,15:35:30
sz300161,华中数控,26.15,-1.05,-3.86,26.15,26.16,27.2,27.55,27.58,25.65,5072200.0,133026092.0,15:35:45
sz300162,雷曼光电,7.44,-0.29,-3.752,7.43,7.44,7.73,7.7,7.75,7.31,19655625.0,147625988.0,15:35:00
sz300163,先锋新材,6.63,-0.09,-1.339,6.63,6.64,6.72,6.84,6.86,6.38,21009400.0,136964858.0,15:35:15
sz300164,通源石油,9.49,-0.73,-7.143,9.48,9.49,10.22,9.5,9.69,9.21,123792201.0,1167454400.0,15:35:30
sz300165,天瑞仪器,5.13,0.02,0.391,5.13,5.14,5.11,5.12,5.32,4.95,21821090.0,111689393.0,15:35:45
sz300166,东方国信,13.05,-0.12,-0.911,13.05,13.06,13.17,13.45,13.8,12.81,43156671.0,570622342.0,15:35:00
sz300167,ST迪威迅,4.01,-0.25,-5.869,4.01,4.02,4.26,4.17,4.2,3.99,8593400.0,34903054.0,15:35:15
sz300168,万达信息,4.92,-0.06,-1.205,4.92,4.93,4.98,4.98,5.03,4.87,13092500.0,64528183.0,15:35:30
sz300169,天晟新材,5.45,-0.1,-1.802,5.44,5.45,5.55,5.61,5.64,5.39,8258800.0,45199925.0,15:35:45
sz300170,汉得信息,15.02,-0.51,-3.284,15.01,15.02,15.53,15.5,15.58,14.81,29435398.0,443459567.0,15:35:00
sz300171,东富龙,13.77,-0.66,-4.574,13.76,13.77,14.43,14.4,14.54,13.68,20953134.0,292234179.0,15:35:15
sz300172,中电环保,4.57,-0.03,-0.652,4.56,4.57,4.6,4.59,4.62,4.53,7243245.0,33113765.0,15:35:30
sz300173,ST福能,3.23,-0.07,-2.121,3.23,3.25,3.3,3.28,3.3,3.21,4976600.0,16160961.0,15:35:45
sz300174,元力股份,19.02,-0.81,-4.085,19.01,19.02,19.83,19.78,19.84,18.61,12524366.0,238674031.0,15:35:00
sz300175,朗源股份,5.79,-0.14,-2.361,5.79,5.8,5.93,5.87,5.9,5.72,7770800.0,44950831.0,15:35:15
sz300176,鸿特科技,4.57,-0.11,-2.35,4.57,4.59,4.68,4.53,4.74,4.46,32610007.0,149383998.0,15:35:30
sz300177,中海达,6.13,-0.04,-0.648,6.13,6.14,6.17,6.15,6.27,6.03,11454100.0,70119598.0,15:35:45
sz300179,四方达,34.66,-1.11,-3.103,34.66,34.67,35.77,35.89,36.04,33.53,24614372.0,848620944.0,15:35:00
sz300180,华峰超纤,4.64,0.11,2.428,4.64,4.65,4.53,4.48,4.75,4.46,121150000.0,558955654.0,15:35:15
sz300181,佐力药业,13.98,-0.17,-1.201,13.97,13.98,14.15,14.16,14.3,13.83,15797746.0,221097519.0,15:35:30
sz300182,捷成股份,4.76,-0.07,-1.449,4.76,4.77,4.83,4.82,4.85,4.67,58698734.0,277657903.0,15:35:45
sz300183,东软载波,10.27,-0.17,-1.628,10.27,10.28,10.44,10.38,10.5,10.16,3115941.0,32059706.0,15:35:00
sz300184,力源信息,11.84,-0.12,-1.003,11.84,11.85,11.96,12.19,12.28,11.54,57150979.0,679864939.0,15:35:15
sz300185,通裕重工,2.69,0.02,0.749,2.68,2.69,2.67,2.68,2.73,2.67,58352872.0,157062857.0,15:35:30
sz300187,永清环保,4.57,0.01,0.219,4.56,4.57,4.56,4.56,4.6,4.51,5966100.0,27134987.0,15:35:45
sz300188,国投智能,10.4,0.24,2.362,10.4,10.41,10.16,10.15,10.45,9.95,11041365.0,112693294.0,15:35:00
sz300189,神农种业,5.84,0.25,4.472,5.84,5.85,5.59,5.79,6.08,5.46,288360216.0,1665111320.0,15:35:15
sz300190,维尔利,3.58,-0.11,-2.981,3.57,3.58,3.69,3.66,3.68,3.55,9129100.0,32892110.0,15:35:30
sz300191,潜能恒信,33.97,0.53,1.585,33.97,33.98,33.44,32.56,34.2,31.86,16350902.0,543952193.0,15:35:45
sz300192,科德教育,17.39,1.43,8.96,17.39,17.4,15.96,16.43,17.73,16.3,55914163.0,960182442.0,15:35:00
sz300193,佳士科技,7.59,-0.08,-1.043,7.58,7.59,7.67,7.62,7.72,7.54,3070700.0,23340400.0,15:35:15
sz300194,福安药业,3.91,-0.02,-0.509,3.9,3.91,3.93,3.93,3.97,3.87,16793958.0,65687178.0,15:35:30
sz300195,长荣股份,5.5,-0.04,-0.722,5.49,5.5,5.54,5.58,5.58,5.41,6102712.0,33339060.0,15:35:45
sz300196,长海股份,16.52,-1.13,-6.402,16.52,16.53,17.65,17.33,17.48,16.07,17244272.0,283678879.0,15:35:00
sz300197,节能铁汉,1.99,-0.03,-1.485,1.98,1.99,2.02,2.02,2.03,1.94,95943800.0,189651635.0,15:35:15
sz300198,*ST纳川,2.32,-0.04,-1.695,2.32,2.33,2.36,2.36,2.38,2.32,6019300.0,14062642.0,15:35:30
sz300199,翰宇药业,22.17,-0.93,-4.026,22.17,22.18,23.1,23.11,23.21,21.7,47457622.0,1050471473.0,15:35:45
sz300200,高盟新材,8.44,-0.05,-0.589,8.44,8.45,8.49,8.51,8.59,8.33,5862700.0,49354595.0,15:35:00
sz300201,海伦哲,14.3,-0.95,-6.23,14.3,14.31,15.25,15.09,15.15,13.81,43745900.0,622093739.0,15:35:15
sz300203,聚光科技,12.94,-0.27,-2.044,12.93,12.94,13.21,13.14,13.32,12.8,6619100.0,86116866.0,15:35:30
sz300204,舒泰神,21.0,-1.18,-5.32,21.0,21.01,22.18,22.1,22.58,20.9,21018369.0,449955579.0,15:35:45
sz300205,*ST天喻,4.72,-0.15,-3.08,4.72,4.73,4.87,4.85,4.88,4.66,2116200.0,10065507.0,15:35:00
sz300206,理邦仪器,11.93,-0.2,-1.649,11.91,11.93,12.13,12.05,12.18,11.63,5735800.0,67901493.0,15:35:15
sz300207,欣旺达,17.9,-0.11,-0.611,17.9,17.91,18.01,17.99,18.45,17.79,35373016.0,640522569.0,15:35:30
sz300209,行云科技,33.9,1.6,4.954,33.89,33.9,32.3,32.8,33.98,31.01,92191185.0,2989013483.0,15:35:45
sz300210,森远股份,8.16,-0.38,-4.45,8.16,8.17,8.54,8.45,8.52,8.11,7500900.0,61772169.0,15:35:00
sz300211,*ST亿通,7.44,-0.04,-0.535,7.43,7.44,7.48,7.44,7.48,7.33,2002900.0,14806419.0,15:35:15
sz300212,*ST易录,7.49,-0.18,-2.347,7.49,7.5,7.67,7.67,7.9,7.42,14354410.0,109290073.0,15:35:30
sz300213,佳讯飞鸿,6.17,-0.07,-1.122,6.17,6.18,6.24,6.22,6.28,6.09,8798500.0,54169968.0,15:35:45
sz300214,日科化学,12.27,-0.63,-4.884,12.27,12.28,12.9,12.82,13.0,12.07,68210529.0,849060623.0,15:35:00
sz300215,电科院,5.95,-0.07,-1.163,5.95,5.96,6.02,6.0,6.07,5.9,5675641.0,33861547.0,15:35:15
sz300217,东方电热,4.23,-0.06,-1.399,4.22,4.23,4.29,4.28,4.31,4.19,10480220.0,44345504.0,15:35:30
sz300218,安利股份,12.56,-0.01,-0.08,12.55,12.56,12.57,12.59,12.73,12.45,1357900.0,17040593.0,15:35:45
sz300219,鸿利智汇,6.78,-0.15,-2.165,6.77,6.78,6.93,6.9,6.93,6.68,12083875.0,81898941.0,15:35:00
sz300220,金运激光,10.76,-0.12,-1.103,10.76,10.78,10.88,11.1,11.1,10.6,2295019.0,24671335.0,15:35:15
sz300221,银禧科技,14.22,-0.18,-1.25,14.21,14.22,14.4,14.65,14.88,14.03,40651908.0,585844355.0,15:35:30
sz300222,科大智能,10.05,-0.15,-1.471,10.05,10.06,10.2,10.13,10.23,9.85,12418400.0,124301194.0,15:35:45
sz300223,君正股份,133.66,-4.82,-3.481,133.66,133.67,138.48,137.22,137.99,130.16,27697756.0,3691934247.0,15:35:00
sz300224,正海磁材,11.02,-0.03,-0.271,11.01,11.02,11.05,11.12,11.27,10.88,8941977.0,98937069.0,15:35:15
sz300225,金力泰,7.13,-0.24,-3.256,7.13,7.14,7.37,7.32,7.4,7.03,10679600.0,76218271.0,15:35:30
sz300226,上海钢联,16.07,0.34,2.161,16.06,16.07,15.73,16.05,16.44,15.88,9377837.0,151381370.0,15:35:45
sz300227,光韵达,11.72,-0.03,-0.255,11.71,11.72,11.75,11.75,11.93,11.41,14283500.0,166164322.0,15:35:00
sz300228,富瑞特装,7.16,-0.11,-1.513,7.16,7.17,7.27,7.29,7.32,7.09,7917200.0,56798980.0,15:35:15
sz300229,拓尔思,13.14,-0.33,-2.45,13.14,13.15,13.47,13.47,13.53,13.03,14743380.0,194784218.0,15:35:30
sz300230,永利股份,4.25,-0.02,-0.468,4.24,4.25,4.27,4.26,4.29,4.22,5958468.0,25308488.0,15:35:45
sz300231,银信科技,8.0,-0.18,-2.2,8.0,8.01,8.18,8.16,8.19,7.91,8899381.0,71346671.0,15:35:00
sz300232,洲明科技,5.29,0.1,1.927,5.29,5.3,5.19,5.5,5.6,5.23,41920552.0,225229904.0,15:35:15
sz300233,金城医药,13.07,-0.7,-5.084,13.06,13.07,13.77,13.84,13.91,12.96,14230223.0,188879870.0,15:35:30
sz300234,开尔新材,9.53,0.0,0.0,9.53,9.54,9.53,9.6,9.77,9.35,9069544.0,86283503.0,15:35:45
sz300235,方直科技,10.61,-0.21,-1.941,10.61,10.62,10.82,10.88,11.08,10.56,3602800.0,38638308.0,15:35:00
sz300236,上海新阳,88.9,0.2,0.225,88.9,88.91,88.7,90.0,90.66,86.5,11014986.0,976374448.0,15:35:15
sz300237,ST美晨,1.94,-0.04,-2.02,1.94,1.95,1.98,1.98,1.99,1.93,8561780.0,16784491.0,15:35:30
sz300238,冠昊生物,11.44,-0.51,-4.268,11.44,11.45,11.95,11.98,12.0,11.34,6095200.0,70236256.0,15:35:45
sz300239,东宝生物,4.98,-0.29,-5.503,4.98,4.99,5.27,5.22,5.26,4.95,17083910.0,86104508.0,15:35:00
sz300240,飞力达,6.05,-0.03,-0.493,6.04,6.05,6.08,6.11,6.12,5.97,7869400.0,47469898.0,15:35:15
sz300241,瑞丰光电,5.59,-0.14,-2.443,5.58,5.59,5.73,5.68,5.73,5.49,20616000.0,114867128.0,15:35:30
sz300242,佳云科技,3.94,-0.09,-2.233,3.94,3.95,4.03,4.02,4.05,3.9,11348100.0,44928964.0,15:35:45
sz300243,瑞丰高材,15.98,-0.78,-4.654,15.98,15.99,16.76,16.89,16.97,15.67,24517700.0,393599975.0,15:35:00
sz300244,迪安诊断,19.82,-0.83,-4.019,19.82,19.83,20.65,20.96,21.05,19.43,37945395.0,758101236.0,15:35:15
sz300245,ST天玑,5.5,-0.11,-1.961,5.49,5.5,5.61,5.61,5.65,5.47,3480437.0,19280127.0,15:35:30
sz300246,宝莱特,14.8,-0.27,-1.792,14.79,14.8,15.07,15.08,15.38,14.27,13322691.0,196817388.0,15:35:45
sz300247,融捷健康,3.67,-0.02,-0.542,3.66,3.67,3.69,3.7,3.71,3.63,8521100.0,31157175.0,15:35:00
sz300248,新开普,8.43,-0.41,-4.638,8.43,8.44,8.84,8.66,8.78,8.39,12711952.0,108321592.0,15:35:15
sz300249,依米康,12.61,-0.2,-1.561,12.6,12.61,12.81,13.04,13.06,12.35,13170500.0,166184474.0,15:35:30
sz300250,初灵信息,14.77,-0.19,-1.27,14.76,14.77,14.96,14.9,15.03,14.54,4021100.0,59266531.0,15:35:45
sz300251,光线传媒,10.76,-0.22,-2.004,10.76,10.77,10.98,10.96,10.98,10.74,22660556.0,245057964.0,15:35:00
sz300252,金信诺,11.43,-0.2,-1.72,11.42,11.43,11.63,11.71,11.78,11.2,18972500.0,217460619.0,15:35:15
sz300253,卫宁健康,6.97,-0.2,-2.789,6.97,6.98,7.17,7.18,7.19,6.88,44313626.0,309417466.0,15:35:30
sz300254,仟源医药,9.54,0.66,7.432,9.54,9.55,8.88,8.93,10.09,8.84,40101597.0,380625489.0,15:35:45
sz300255,常山药业,23.38,-1.15,-4.688,23.38,23.39,24.53,24.3,24.75,23.25,25384857.0,601026818.0,15:35:00
sz300256,星星科技,2.71,-0.02,-0.733,2.71,2.72,2.73,2.7,2.76,2.66,19854600.0,53543216.0,15:35:15
sz300257,开山股份,17.15,-0.2,-1.153,17.15,17.16,17.35,17.38,17.63,16.75,11306367.0,192915150.0,15:35:30
sz300258,精锻科技,9.66,-0.2,-2.028,9.65,9.66,9.86,9.84,9.91,9.51,7366908.0,71048553.0,15:35:45
sz300259,新天科技,4.1,0.06,1.485,4.09,4.1,4.04,4.16,4.23,3.95,40050252.0,162220600.0,15:35:00
sz300260,新莱应材,59.12,1.02,1.756,59.12,59.13,58.1,58.09,59.66,57.02,14947429.0,872445847.0,15:35:15
sz300261,雅本化学,4.87,-0.13,-2.6,4.87,4.88,5.0,5.01,5.03,4.84,10034095.0,49066009.0,15:35:30
sz300263,隆华科技,10.19,0.23,2.309,10.18,10.19,9.96,10.53,10.88,10.0,74447668.0,774388977.0,15:35:45
sz300264,佳创视讯,6.27,-0.16,-2.488,6.27,6.28,6.43,6.41,6.51,6.2,9939000.0,62817523.0,15:35:00
sz300265,通光线缆,13.41,-0.26,-1.902,13.41,13.42,13.67,13.67,13.85,13.13,12415342.0,166108401.0,15:35:15
sz300266,兴源环境,1.84,-0.02,-1.075,1.83,1.84,1.86,1.86,1.88,1.82,11499600.0,21164664.0,15:35:30
sz300267,尔康制药,3.17,-0.05,-1.553,3.16,3.17,3.22,3.25,3.3,3.14,34110312.0,108736372.0,15:35:45
sz300268,佳沃食品,12.42,0.42,3.5,12.39,12.42,12.0,12.55,13.14,12.26,7508583.0,95557506.0,15:35:00
sz300269,联建光电,4.77,-0.05,-1.037,4.76,4.77,4.82,4.82,4.9,4.69,11659300.0,55636064.0,15:35:15
sz300270,中威电子,11.44,-0.18,-1.549,11.44,11.45,11.62,12.0,12.15,11.2,14368200.0,166114714.0,15:35:30
sz300271,华宇软件,5.31,-0.04,-0.748,5.31,5.32,5.35,5.39,5.41,5.26,6657000.0,35383469.0,15:35:45
sz300272,开能健康,5.73,-0.14,-2.385,5.73,5.74,5.87,5.87,5.89,5.69,9713835.0,55914855.0,15:35:00
sz300274,阳光电源,111.5,-1.58,-1.397,111.5,111.51,113.08,116.0,117.23,109.82,41631405.0,4725467660.0,15:35:15
sz300275,梅安森,8.96,-0.15,-1.647,8.96,8.97,9.11,9.11,9.2,8.87,4976638.0,44721965.0,15:35:30
sz300276,三丰智能,6.11,-0.18,-2.862,6.11,6.12,6.29,6.27,6.28,6.08,17820113.0,109449053.0,15:35:45
sz300277,汽轮科技,11.66,-0.36,-2.995,11.66,11.68,12.02,11.96,12.13,11.53,8670222.0,101907892.0,15:35:00
sz300278,华昌达,3.7,-0.05,-1.333,3.7,3.71,3.75,3.75,3.8,3.66,12898014.0,47883722.0,15:35:15
sz300279,和晶科技,5.51,-0.11,-1.957,5.5,5.51,5.62,5.66,5.66,5.44,6924459.0,38184587.0,15:35:30
sz300281,金明精机,6.39,0.02,0.314,6.39,6.4,6.37,6.39,6.61,6.29,6607950.0,42384662.0,15:35:45
sz300283,温州宏丰,12.98,-0.44,-3.279,12.98,12.99,13.42,13.3,13.41,12.65,26232400.0,339496316.0,15:35:00
sz300284,苏交科,5.15,-0.05,-0.962,5.14,5.15,5.2,5.22,5.25,5.11,8757810.0,45309174.0,15:35:15
sz300285,国瓷材料,64.1,-3.76,-5.541,64.1,64.11,67.86,67.79,68.98,62.38,96921279.0,6241830353.0,15:35:30
sz300286,安科瑞,19.61,-0.41,-2.048,19.61,19.62,20.02,20.03,20.1,19.24,3686057.0,71978842.0,15:35:45
sz300287,飞利信,3.44,-0.08,-2.273,3.44,3.45,3.52,3.51,3.52,3.42,16061690.0,55468636.0,15:35:00
sz300288,朗玛信息,9.71,-0.12,-1.221,9.71,9.73,9.83,9.82,9.94,9.62,3206233.0,31144049.0,15:35:15
sz300289,利德曼,5.75,-0.19,-3.199,5.75,5.76,5.94,5.94,5.98,5.71,7171200.0,41545365.0,15:35:30
sz300290,ST荣科,6.09,-0.14,-2.247,6.09,6.1,6.23,6.21,6.23,6.02,19397392.0,118211196.0,15:35:45
sz300291,百纳千成,4.8,-0.09,-1.84,4.8,4.81,4.89,4.88,4.94,4.74,24194523.0,116574986.0,15:35:00
sz300292,吴通控股,4.13,-0.05,-1.196,4.12,4.13,4.18,4.18,4.21,4.06,33122100.0,136387900.0,15:35:15
sz300293,蓝英装备,15.7,0.07,0.448,15.68,15.7,15.63,15.75,15.92,15.42,3461900.0,53975546.0,15:35:30
sz300294,博雅生物,14.43,-0.75,-4.941,14.43,14.44,15.18,15.1,15.1,14.4,10069439.0,147849483.0,15:35:45
sz300295,*ST三六,12.65,0.07,0.556,12.62,12.66,12.58,12.58,12.98,12.48,4285300.0,54354389.0,15:35:00
sz300296,利亚德,5.02,-0.07,-1.375,5.01,5.02,5.09,5.07,5.09,4.98,43467667.0,218048517.0,15:35:15
sz300298,三诺生物,15.91,-0.14,-0.872,15.91,15.92,16.05,16.04,16.1,15.76,4370968.0,69547979.0,15:35:30
sz300299,富春股份,5.22,-0.05,-0.949,5.21,5.22,5.27,5.27,5.3,5.17,11321670.0,59093294.0,15:35:45
sz300300,海峡创新,7.21,-0.18,-2.436,7.21,7.22,7.39,7.44,7.44,7.1,21873481.0,158024591.0,15:35:00
sz300301,ST长方,3.25,-0.09,-2.695,3.24,3.25,3.34,3.35,3.35,3.23,5287820.0,17269148.0,15:35:15
sz300302,同有科技,28.68,-0.74,-2.515,28.68,28.69,29.42,29.35,29.6,27.91,17661118.0,503667757.0,15:35:30
sz300303,聚飞光电,6.87,-0.23,-3.239,6.86,6.87,7.1,7.04,7.06,6.74,34316614.0,236044190.0,15:35:45
sz300304,云意电气,11.32,-0.54,-4.553,11.32,11.33,11.86,11.8,11.8,11.11,19586699.0,222428862.0,15:35:00
sz300305,裕兴股份,5.98,-0.12,-1.967,5.98,5.99,6.1,6.03,6.11,5.88,7899900.0,47091154.0,15:35:15
sz300306,远方信息,10.06,-0.12,-1.179,10.05,10.06,10.18,10.17,10.23,9.94,2672499.0,26892293.0,15:35:30
sz300307,慈星股份,7.4,-0.06,-0.804,7.39,7.4,7.46,7.39,7.46,7.21,20315501.0,148722944.0,15:35:45
sz300308,中际旭创,870.22,-72.78,-7.718,870.22,870.6,943.0,945.0,949.73,850.0,38909280.0,34491670420.0,15:35:00
sz300310,宜通世纪,4.32,-0.02,-0.461,4.32,4.33,4.34,4.36,4.48,4.27,14153800.0,61352730.0,15:35:15
sz300311,任子行,5.19,-0.33,-5.978,5.19,5.2,5.52,5.46,5.47,5.17,46038833.0,242388138.0,15:35:30
sz300313,天山生物,15.36,2.56,20.0,15.36,0.0,12.8,13.37,15.36,12.19,46366631.0,639508500.0,15:35:45
sz300314,戴维医疗,12.45,-0.66,-5.034,12.44,12.45,13.11,13.18,13.35,12.32,13446804.0,170021972.0,15:35:00
sz300315,掌趣科技,3.82,-0.08,-2.051,3.82,3.83,3.9,3.9,3.9,3.79,62891996.0,241174123.0,15:35:15
sz300316,晶盛机电,42.99,0.46,1.082,42.99,43.0,42.53,42.81,43.39,42.07,14328257.0,612610536.0,15:35:30
sz300317,珈伟新能,4.27,0.18,4.401,4.27,4.28,4.09,4.1,4.43,4.1,77353813.0,331592440.0,15:35:45
sz300318,博晖创新,4.87,-0.11,-2.209,4.87,4.88,4.98,4.97,5.06,4.84,14381100.0,70862985.0,15:35:00
sz300319,麦捷科技,17.66,-0.63,-3.445,17.66,17.67,18.29,18.29,18.45,17.09,92460990.0,1629432437.0,15:35:15
sz300320,海达股份,8.43,-0.06,-0.707,8.43,8.44,8.49,8.58,8.62,8.36,4889552.0,41240919.0,15:35:30
sz300321,同大股份,32.94,-0.76,-2.255,32.94,32.95,33.7,34.13,36.0,32.13,2940900.0,98463423.0,15:35:45
sz300322,硕贝德,17.05,-0.57,-3.235,17.05,17.06,17.62,17.53,17.61,16.67,16020464.0,272965804.0,15:35:00
sz300323,华灿光电,11.9,-0.96,-7.465,11.9,11.91,12.86,12.4,12.48,11.6,104730169.0,1251526890.0,15:35:15
sz300324,旋极信息,3.28,-0.37,-10.137,3.28,3.29,3.65,3.61,3.63,3.24,76374049.0,255419062.0,15:35:30
sz300326,ST凯利,5.89,-0.14,-2.322,5.88,5.89,6.03,6.03,6.03,5.87,5652500.0,33498899.0,15:35:45
sz300327,中颖电子,22.14,-0.6,-2.639,22.13,22.14,22.74,22.76,22.76,21.74,5856166.0,129764988.0,15:35:00
sz300328,宜安科技,16.58,0.99,6.35,16.57,16.58,15.59,15.59,16.58,15.51,85819862.0,1381416735.0,15:35:15
sz300329,海伦钢琴,11.96,-0.13,-1.075,11.94,11.96,12.09,12.09,12.22,11.84,1589800.0,19021779.0,15:35:30
sz300331,苏大维格,48.42,-0.09,-0.186,48.39,48.42,48.51,48.41,50.55,46.86,15200550.0,738460600.0,15:35:45
sz300332,天壕能源,4.96,-0.03,-0.601,4.96,4.97,4.99,4.97,5.02,4.87,34915158.0,172814439.0,15:35:00
sz300333,兆日科技,10.67,-0.38,-3.439,10.66,10.67,11.05,10.8,11.22,10.27,25976072.0,278156908.0,15:35:15
sz300334,津膜科技,8.29,-0.17,-2.009,8.29,8.3,8.46,8.5,8.51,8.15,5107900.0,42449173.0,15:35:30
sz300335,迪森股份,5.28,0.03,0.571,5.27,5.28,5.25,5.23,5.29,5.18,7271580.0,38032376.0,15:35:45
sz300337,银邦股份,9.76,0.04,0.412,9.75,9.76,9.72,9.8,9.94,9.58,13165263.0,128400129.0,15:35:00
sz300338,*ST开元,3.05,0.16,5.536,3.05,3.06,2.89,2.98,3.22,2.98,17656455.0,54268856.0,15:35:15
sz300339,润和软件,35.01,-1.22,-3.367,35.01,35.02,36.23,36.01,36.16,34.87,21155547.0,745896077.0,15:35:30
sz300340,科恒股份,9.04,0.23,2.611,9.03,9.04,8.81,8.81,9.44,8.76,16972110.0,153638352.0,15:35:45
sz300341,麦克奥迪,12.92,0.13,1.016,12.92,12.93,12.79,12.82,12.98,12.57,6407475.0,82045722.0,15:35:00
sz300342,天银机电,31.39,-0.9,-2.787,31.38,31.39,32.29,32.2,32.48,30.77,15924979.0,499965040.0,15:35:15
sz300343,联创股份,5.63,-0.1,-1.745,5.62,5.63,5.73,5.7,5.75,5.58,15416380.0,86973811.0,15:35:30
sz300345,华民股份,9.6,0.23,2.455,9.6,9.61,9.37,9.79,10.08,9.2,113061194.0,1099807701.0,15:35:45
sz300346,南大光电,56.02,-0.83,-1.46,56.02,56.03,56.85,56.8,56.86,54.5,29156668.0,1620983362.0,15:35:00
sz300347,泰格医药,49.16,-5.21,-9.582,49.16,49.17,54.37,54.48,54.78,48.8,31975422.0,1609183613.0,15:35:15
sz300348,长亮科技,9.48,0.1,1.066,9.48,9.49,9.38,9.39,9.67,9.24,23455994.0,221832934.0,15:35:30
sz300349,金卡智能,9.95,-0.35,-3.398,9.95,9.96,10.3,10.34,10.34,9.89,6951400.0,69606391.0,15:35:45
sz300350,华鹏飞,4.28,-0.06,-1.382,4.27,4.28,4.34,4.34,4.37,4.25,9460056.0,40580290.0,15:35:00
sz300351,永贵电器,13.6,-0.26,-1.876,13.6,13.61,13.86,13.91,14.04,13.34,6770200.0,91988882.0,15:35:15
sz300352,ST信源,2.24,-0.03,-1.322,2.24,2.25,2.27,2.26,2.29,2.21,13741277.0,30819433.0,15:35:30
sz300353,东土科技,18.65,0.64,3.554,18.64,18.65,18.01,18.01,18.67,17.93,14262203.0,260632080.0,15:35:45
sz300354,东华测试,26.16,-2.99,-10.257,26.15,26.16,29.15,26.75,27.41,25.55,5528234.0,145165732.0,15:35:00
sz300355,蒙草生态,2.89,-0.02,-0.687,2.88,2.89,2.91,2.93,2.94,2.86,14175100.0,40980159.0,15:35:15
sz300357,我武生物,23.26,-1.39,-5.639,23.26,23.27,24.65,24.6,24.74,23.02,18919000.0,445403464.0,15:35:30
sz300358,楚天科技,8.67,-0.33,-3.667,8.67,8.68,9.0,9.09,9.12,8.55,32300764.0,281445387.0,15:35:45
sz300359,全通教育,4.02,-0.02,-0.495,4.01,4.02,4.04,4.05,4.08,3.95,11002800.0,43977323.0,15:35:00
sz300360,炬华科技,11.61,-0.1,-0.854,11.6,11.61,11.71,11.76,11.79,11.55,3488267.0,40648412.0,15:35:15
sz300363,博腾股份,20.46,-1.43,-6.533,20.46,20.47,21.89,22.01,22.18,20.2,45159397.0,944838539.0,15:35:30
sz300364,中文在线,22.27,-0.82,-3.551,22.27,22.28,23.09,23.08,23.09,21.91,28706119.0,639909080.0,15:35:45
sz300365,恒华科技,4.64,0.05,1.089,4.64,4.65,4.59,4.62,4.66,4.54,11110400.0,51131509.0,15:35:00
sz300366,ST创意,5.12,-0.01,-0.195,5.11,5.12,5.13,5.16,5.16,5.05,3780779.0,19248443.0,15:35:15
sz300368,汇金股份,7.51,-0.13,-1.702,7.5,7.51,7.64,7.64,7.86,7.41,16683000.0,126267520.0,15:35:30
sz300369,绿盟科技,6.66,-0.26,-3.757,6.65,6.66,6.92,6.89,6.9,6.57,28436616.0,189887690.0,15:35:45
sz300370,安控科技,2.16,-0.03,-1.37,2.16,2.17,2.19,2.18,2.21,2.13,14227380.0,30705403.0,15:35:00
sz300371,汇中股份,10.32,-0.2,-1.901,10.31,10.32,10.52,10.62,10.62,10.17,2649400.0,27327127.0,15:35:15
sz300373,扬杰科技,97.8,-5.24,-5.085,97.79,97.8,103.04,101.0,104.0,95.51,24381112.0,2420458551.0,15:35:30
sz300374,中铁装配,10.59,-0.07,-0.657,10.59,10.6,10.66,10.55,10.8,10.51,1841900.0,19530213.0,15:35:45
sz300375,鹏翎股份,3.96,-0.02,-0.503,3.95,3.96,3.98,4.01,4.03,3.9,8910200.0,35184314.0,15:35:00
sz300376,易事特,4.44,0.0,0.0,4.43,4.44,4.44,4.46,4.54,4.37,18026530.0,80021124.0,15:35:15
sz300377,赢时胜,13.92,-0.07,-0.5,13.92,13.93,13.99,13.98,14.19,13.65,20906637.0,290056234.0,15:35:30
sz300378,鼎捷数智,30.22,-1.23,-3.911,30.21,30.22,31.45,31.42,31.58,29.7,7732334.0,234715756.0,15:35:45
sz300380,安硕信息,27.99,-0.3,-1.06,27.99,28.0,28.29,28.3,28.56,27.68,1337200.0,37442711.0,15:35:00
sz300381,溢多利,6.21,-0.08,-1.272,6.2,6.21,6.29,6.25,6.33,6.16,7834200.0,48633606.0,15:35:15
sz300382,斯莱克,17.93,0.35,1.991,17.93,17.94,17.58,18.02,18.32,17.48,39633180.0,707848761.0,15:35:30
sz300383,光环新网,12.12,-0.23,-1.862,12.12,12.13,12.35,12.36,12.39,12.02,34305121.0,416137648.0,15:35:45
sz300384,三联虹普,12.15,-0.6,-4.706,12.14,12.15,12.75,12.74,12.75,12.15,4401700.0,54559248.0,15:35:00
sz300385,ST雪浪,12.62,0.22,1.774,12.61,12.62,12.4,12.21,12.85,12.2,6250000.0,78828161.0,15:35:15
sz300386,飞天诚信,11.97,0.54,4.724,11.97,11.98,11.43,11.22,12.22,11.21,23891808.0,282595459.0,15:35:30
sz300387,富邦科技,7.23,-0.08,-1.094,7.22,7.23,7.31,7.32,7.36,7.17,7344435.0,53144690.0,15:35:45
sz300388,节能国祯,6.91,0.06,0.876,6.9,6.91,6.85,6.83,6.92,6.79,6061700.0,41608158.0,15:35:00
sz300389,艾比森,12.12,-0.25,-2.021,12.12,12.13,12.37,12.35,12.36,12.0,3694199.0,44878296.0,15:35:15
sz300390,天华新能,67.23,1.76,2.688,67.22,67.23,65.47,67.61,70.8,66.46,62880780.0,4309771738.0,15:35:30
sz300393,中来股份,6.11,-0.11,-1.768,6.1,6.11,6.22,6.26,6.34,6.01,21044943.0,129019610.0,15:35:45
sz300394,天孚通信,249.5,-23.58,-8.635,249.5,249.52,273.08,268.88,270.94,241.0,64477787.0,16345220667.0,15:35:00
sz300395,菲利华,83.99,-4.0,-4.546,83.99,84.0,87.99,87.74,88.08,81.8,16601775.0,1395589702.0,15:35:15
sz300396,ST迪瑞,7.14,-0.12,-1.653,7.14,7.15,7.26,7.22,7.26,7.07,1728700.0,12362008.0,15:35:30
sz300397,天和防务,11.32,0.03,0.266,11.31,11.32,11.29,11.2,11.39,11.02,13943657.0,156267861.0,15:35:45
sz300398,飞凯材料,35.16,-0.51,-1.43,35.16,35.17,35.67,35.5,35.58,33.9,24784157.0,860374347.0,15:35:00
sz300399,天利科技,18.24,-0.47,-2.512,18.24,18.25,18.71,18.52,19.39,17.98,15032757.0,278343510.0,15:35:15
sz300400,劲拓股份,27.97,-0.37,-1.306,27.97,27.98,28.34,28.23,28.36,27.1,8330177.0,230524388.0,15:35:30
sz300401,花园生物,14.14,-1.3,-8.42,14.14,14.15,15.44,15.49,15.49,13.89,38075076.0,548687245.0,15:35:45
sz300402,宝色股份,14.55,-0.46,-3.065,14.55,14.57,15.01,14.99,15.01,14.39,3863794.0,56512315.0,15:35:00
sz300403,汉宇集团,9.04,-0.18,-1.952,9.04,9.05,9.22,9.23,9.26,8.94,6807921.0,61551465.0,15:35:15
sz300404,博济医药,14.15,-0.28,-1.94,14.14,14.15,14.43,14.91,14.99,13.91,47858561.0,680633381.0,15:35:30
sz300405,科隆股份,5.65,-0.09,-1.568,5.64,5.65,5.74,5.75,5.76,5.55,8168920.0,45952777.0,15:35:45
sz300406,九强生物,11.51,-0.19,-1.624,11.51,11.52,11.7,11.7,11.86,11.46,6238675.0,72250662.0,15:35:00
sz300407,凯发电气,11.82,-0.44,-3.589,11.82,11.83,12.26,12.26,12.26,11.57,9110700.0,107580500.0,15:35:15
sz300408,三环集团,108.94,-4.96,-4.355,108.94,108.95,113.9,113.85,114.84,105.86,51438652.0,5591740731.0,15:35:30
sz300409,道氏技术,18.47,0.09,0.49,18.46,18.47,18.38,18.47,18.8,18.09,17339400.0,320479163.0,15:35:45
sz300410,正业科技,7.78,-0.12,-1.519,7.78,7.79,7.9,7.84,7.99,7.61,13289000.0,103346849.0,15:35:00
sz300411,金盾股份,7.62,0.02,0.263,7.61,7.62,7.6,7.6,7.62,7.46,6811516.0,51468757.0,15:35:15
sz300412,迦南科技,4.56,-0.02,-0.437,4.56,4.57,4.58,4.57,4.6,4.43,16205200.0,73142267.0,15:35:30
sz300413,芒果超媒,13.98,-1.05,-6.986,13.98,13.99,15.03,14.5,14.55,13.89,31415959.0,443262321.0,15:35:45
sz300414,中光防雷,10.48,-0.32,-2.963,10.48,10.49,10.8,10.8,10.85,10.34,5002000.0,52650822.0,15:35:00
sz300415,伊之密,19.51,-0.29,-1.465,19.5,19.52,19.8,19.75,19.75,19.21,5706520.0,110870493.0,15:35:15
sz300416,苏试试验,14.34,-0.36,-2.449,14.34,14.36,14.7,14.65,14.69,14.15,13039518.0,187309485.0,15:35:30
sz300417,南华仪器,10.97,-0.13,-1.171,10.97,11.01,11.1,11.09,11.24,10.83,2230370.0,24530190.0,15:35:45
sz300418,昆仑万维,40.54,-3.28,-7.485,40.54,40.55,43.82,43.79,43.82,39.97,75312797.0,3101261378.0,15:35:00
sz300419,ST浩丰,8.53,-0.41,-4.586,8.53,8.54,8.94,9.08,9.15,8.41,8966300.0,78516811.0,15:35:15
sz300420,五洋自控,7.78,-0.16,-2.015,7.78,7.79,7.94,7.9,8.15,7.6,88981794.0,692902766.0,15:35:30
sz300421,力星股份,16.21,-0.22,-1.339,16.21,16.22,16.43,16.43,16.58,15.92,4241700.0,68555530.0,15:35:45
sz300422,博世科,4.07,-0.04,-0.973,4.06,4.07,4.11,4.1,4.14,4.02,10590900.0,43061343.0,15:35:00
sz300423,昇辉科技,5.76,-0.05,-0.861,5.76,5.77,5.81,5.79,5.92,5.67,6047647.0,34976562.0,15:35:15
sz300424,航新科技,14.14,0.12,0.856,14.13,14.14,14.02,14.15,14.38,13.75,6909835.0,96796992.0,15:35:30
sz300425,中建环能,3.99,-0.04,-0.993,3.99,4.0,4.03,4.03,4.07,3.97,6211676.0,24869994.0,15:35:45
sz300426,华智数媒,6.1,-0.08,-1.294,6.1,6.11,6.18,6.15,6.21,6.05,10185499.0,62288593.0,15:35:00
sz300427,红相股份,6.55,0.06,0.924,6.55,6.56,6.49,6.5,6.77,6.45,33701550.0,222994552.0,15:35:15
sz300428,立中集团,18.36,0.12,0.658,18.36,18.37,18.24,18.27,18.5,18.06,4965353.0,90755409.0,15:35:30
sz300429,强力新材,10.75,0.16,1.511,10.75,10.76,10.59,10.58,11.12,10.51,24712510.0,267483239.0,15:35:45
sz300430,*ST益通,4.22,-0.15,-3.432,4.22,4.23,4.37,4.37,4.41,4.18,5608558.0,23835975.0,15:35:00
sz300432,富临精工,16.05,0.07,0.438,16.04,16.05,15.98,15.99,16.25,15.78,25087830.0,401837032.0,15:35:15
sz300433,蓝思科技,37.95,0.76,2.044,37.94,37.95,37.19,37.31,38.1,36.52,121874126.0,4572098933.0,15:35:30
sz300434,金石亚药,11.27,-0.57,-4.814,11.26,11.27,11.84,11.84,11.95,11.18,18280720.0,208772138.0,15:35:45
sz300435,中泰股份,16.38,-0.69,-4.042,16.38,16.39,17.07,16.81,16.97,16.06,11101704.0,181729069.0,15:35:00
sz300436,广生堂,89.66,-3.46,-3.716,89.66,89.68,93.12,93.18,98.6,89.43,6080375.0,561063927.0,15:35:15
sz300437,清水源,10.92,-0.09,-0.817,10.92,10.93,11.01,11.1,11.23,10.83,4689200.0,51470721.0,15:35:30
sz300438,鹏辉能源,61.82,0.07,0.113,61.8,61.82,61.75,61.76,63.47,61.18,16095774.0,1003076171.0,15:35:45
sz300439,美康生物,9.23,-0.11,-1.178,9.22,9.23,9.34,9.34,9.39,9.15,3902299.0,36052763.0,15:35:00
sz300440,运达科技,18.8,0.25,1.348,18.8,18.81,18.55,18.55,18.95,18.01,9282900.0,171299172.0,15:35:15
sz300441,鲍斯股份,6.71,-0.11,-1.613,6.7,6.72,6.82,6.84,6.84,6.63,4608565.0,30912169.0,15:35:30
sz300442,润泽科技,62.45,-1.93,-2.998,62.44,62.45,64.38,64.6,64.9,61.42,17749360.0,1111355116.0,15:35:45
sz300443,金雷股份,19.36,-0.36,-1.826,19.34,19.36,19.72,19.71,19.72,19.12,4528398.0,87815277.0,15:35:00
sz300444,双杰电气,9.75,-0.1,-1.015,9.74,9.75,9.85,9.85,9.99,9.58,18525592.0,180525196.0,15:35:15
sz300445,康斯特,17.9,-0.4,-2.186,17.89,17.9,18.3,18.25,18.35,17.65,1722820.0,30820374.0,15:35:30
sz300446,航天智造,12.77,-0.14,-1.084,12.76,12.77,12.91,12.85,13.04,12.71,5484600.0,70361056.0,15:35:45
sz300447,全信股份,13.22,-0.41,-3.008,13.22,13.23,13.63,13.5,13.57,12.84,4436400.0,58649026.0,15:35:00
sz300448,浩云科技,5.48,-0.28,-4.861,5.47,5.48,5.76,5.72,5.72,5.37,17316209.0,95157026.0,15:35:15
sz300449,汉邦高科,6.88,-0.15,-2.134,6.88,6.9,7.03,7.01,7.09,6.8,6202300.0,42844487.0,15:35:30
sz300450,先导智能,33.84,-0.07,-0.206,33.83,33.84,33.91,34.2,35.15,33.41,32416336.0,1108890309.0,15:35:45
sz300451,创业慧康,3.4,-0.05,-1.449,3.39,3.4,3.45,3.48,3.48,3.37,16654826.0,56746106.0,15:35:00
sz300452,山河药辅,12.58,-0.19,-1.488,12.57,12.58,12.77,12.99,13.05,12.45,9109389.0,115180173.0,15:35:15
sz300453,三鑫医疗,9.72,-0.17,-1.719,9.71,9.72,9.89,9.87,10.02,9.58,12499682.0,121610825.0,15:35:30
sz300454,深信服,116.73,-3.87,-3.209,116.72,116.73,120.6,120.59,121.0,111.07,21814295.0,2510690288.0,15:35:45
sz300455,航天智装,17.01,-0.71,-4.007,17.01,17.03,17.72,17.56,17.82,16.83,7260010.0,124989265.0,15:35:00
sz300456,赛微电子,30.85,-0.54,-1.72,30.82,30.85,31.39,31.43,31.98,30.25,16074702.0,499253282.0,15:35:15
sz300457,赢合科技,21.26,1.31,6.566,21.25,21.26,19.95,20.5,21.65,20.49,31513708.0,667403266.0,15:35:30
sz300458,全志科技,30.5,-0.96,-3.051,30.5,30.51,31.46,31.15,31.33,29.91,34144673.0,1040573384.0,15:35:45
sz300459,汤姆猫,3.44,-0.01,-0.29,3.43,3.44,3.45,3.47,3.48,3.39,63359678.0,216902889.0,15:35:00
sz300460,ST惠伦,8.38,-0.35,-4.009,8.38,8.4,8.73,8.64,8.73,8.38,3765000.0,31964476.0,15:35:15
sz300461,田中精机,30.58,-0.75,-2.394,30.56,30.58,31.33,31.35,31.48,29.9,3724300.0,113389399.0,15:35:30
sz300462,ST华铭,10.99,-0.21,-1.875,10.98,10.99,11.2,11.18,11.34,10.91,626600.0,6891849.0,15:35:45
sz300463,迈克生物,9.14,-0.22,-2.35,9.14,9.16,9.36,9.32,9.4,9.1,7686200.0,70544401.0,15:35:00
sz300464,星徽股份,7.06,0.31,4.593,7.06,7.07,6.75,6.78,7.13,6.71,14360200.0,99470481.0,15:35:15
sz300465,高伟达,11.81,-0.63,-5.064,11.8,11.81,12.44,12.44,12.7,11.76,25380546.0,305640279.0,15:35:30
sz300466,赛摩智能,7.18,-0.08,-1.102,7.17,7.18,7.26,7.26,7.31,7.1,4200394.0,30123141.0,15:35:45
sz300467,迅游科技,32.71,-0.08,-0.244,32.71,32.72,32.79,32.57,33.09,32.01,1896250.0,61634157.0,15:35:00
sz300468,四方精创,22.99,0.78,3.512,22.99,23.0,22.21,21.72,23.63,21.72,64955072.0,1470387313.0,15:35:15
sz300469,信息发展,53.65,-3.34,-5.861,53.65,53.66,56.99,56.99,56.99,52.8,6627200.0,359758487.0,15:35:30
sz300470,中密控股,28.3,0.16,0.569,28.3,28.31,28.14,28.25,28.47,28.02,1791000.0,50658414.0,15:35:45
sz300471,厚普股份,9.8,0.1,1.031,9.8,9.81,9.7,9.76,9.89,9.61,5271758.0,51291441.0,15:35:00
sz300472,*ST新元,6.54,-0.21,-3.111,6.54,6.55,6.75,6.76,6.84,6.53,2411400.0,15973018.0,15:35:15
sz300473,德尔股份,24.5,2.59,11.821,24.5,24.51,21.91,22.09,24.51,21.89,15038757.0,359098881.0,15:35:30
sz300474,景嘉微,49.88,-0.78,-1.54,49.87,49.88,50.66,50.48,50.58,49.65,4500829.0,224737808.0,15:35:45
sz300475,香农芯创,153.0,-5.1,-3.226,153.0,153.01,158.1,157.08,157.89,148.7,19690797.0,2993124395.0,15:35:00
sz300476,胜宏科技,245.0,-8.74,-3.444,244.99,245.0,253.74,254.12,256.3,237.07,25181096.0,6139784123.0,15:35:15
sz300477,ST合纵,2.45,-0.08,-3.162,2.44,2.45,2.53,2.54,2.54,2.45,18385900.0,45700412.0,15:35:30
sz300478,杭州高新,28.54,-1.63,-5.403,28.54,28.55,30.17,30.58,30.58,28.23,3268500.0,94321502.0,15:35:45
sz300479,神思电子,14.62,-0.05,-0.341,14.62,14.64,14.67,14.6,14.89,14.39,5490700.0,80090258.0,15:35:00
sz300480,光力科技,32.69,-0.13,-0.396,32.68,32.69,32.82,32.91,33.09,31.44,14988619.0,483634573.0,15:35:15
sz300481,濮阳惠成,13.99,-0.23,-1.617,13.98,13.99,14.22,14.2,14.35,13.74,8617334.0,120284156.0,15:35:30
sz300482,万孚生物,16.0,-1.4,-8.046,16.0,16.02,17.4,16.99,17.2,15.66,20243368.0,324556170.0,15:35:45
sz300483,首华燃气,23.2,0.26,1.133,23.2,23.21,22.94,22.72,23.88,22.24,21518295.0,495081119.0,15:35:00
sz300484,蓝海华腾,12.6,-0.15,-1.176,12.59,12.6,12.75,12.73,12.91,12.45,2311100.0,29116361.0,15:35:15
sz300485,赛升药业,9.05,-0.86,-8.678,9.05,9.06,9.91,9.48,9.9,9.04,16430638.0,153054543.0,15:35:30
sz300486,东杰智能,22.0,-0.66,-2.913,22.0,22.01,22.66,22.89,23.33,20.69,19968850.0,433287576.0,15:35:45
sz300487,蓝晓科技,63.24,-3.65,-5.457,63.24,63.25,66.89,66.89,67.1,62.43,6412652.0,410876563.0,15:35:00
sz300488,恒锋工具,31.49,0.16,0.511,31.49,31.5,31.33,33.0,33.27,31.0,5198300.0,164935730.0,15:35:15
sz300489,光智科技,202.15,-14.4,-6.65,202.15,202.18,216.55,215.0,216.54,195.85,12460210.0,2541384040.0,15:35:30
sz300490,华自科技,11.55,0.03,0.26,11.54,11.55,11.52,11.52,11.79,11.27,11190116.0,128662398.0,15:35:45
sz300491,通合科技,30.7,1.11,3.751,30.7,30.71,29.59,30.0,31.66,29.56,12473300.0,381179151.0,15:35:00
sz300492,华图山鼎,23.19,-0.53,-2.234,23.19,23.2,23.72,23.74,23.86,22.89,2214866.0,51362071.0,15:35:15
sz300493,润欣科技,11.82,-0.19,-1.582,11.81,11.82,12.01,12.01,12.22,11.63,8423875.0,100113996.0,15:35:30
sz300494,盛天网络,8.07,-0.12,-1.465,8.06,8.07,8.19,8.19,8.23,8.0,4735520.0,38279597.0,15:35:45
sz300496,中科创达,55.68,-1.22,-2.144,55.67,55.68,56.9,56.8,57.34,55.15,8235002.0,460842523.0,15:35:00
sz300497,富祥股份,17.02,-0.25,-1.448,17.02,17.03,17.27,17.4,17.68,16.63,22170723.0,377500179.0,15:35:15
sz300498,温氏股份,13.66,0.07,0.515,13.65,13.66,13.59,13.53,13.67,13.34,34084117.0,461269985.0,15:35:30
sz300499,高澜股份,28.95,0.69,2.442,28.95,28.96,28.26,28.43,29.27,27.88,27211679.0,780173259.0,15:35:45
sz300500,启迪设计,9.44,-0.19,-1.973,9.44,9.46,9.63,9.64,9.7,9.36,3145400.0,29860755.0,15:35:00
sz300501,海顺新材,9.65,-0.49,-4.832,9.65,9.67,10.14,10.08,10.14,9.51,6013109.0,58358000.0,15:35:15
sz300502,新易盛,412.0,-30.0,-6.787,412.0,412.02,442.0,445.01,450.0,400.0,49459950.0,20574603504.0,15:35:30
sz300503,昊志机电,67.03,-2.62,-3.762,67.03,67.04,69.65,69.6,69.6,65.62,14710849.0,984288887.0,15:35:45
sz300504,天邑股份,14.7,-0.26,-1.738,14.69,14.7,14.96,14.95,15.09,14.41,5268450.0,77352008.0,15:35:00
sz300505,川金诺,18.76,-0.51,-2.647,18.76,18.77,19.27,19.18,19.26,18.51,14408803.0,270513575.0,15:35:15
sz300506,名家汇,5.18,-0.02,-0.385,5.17,5.18,5.2,5.23,5.28,5.0,29195470.0,148381286.0,15:35:30
sz300507,苏奥传感,6.3,-0.05,-0.787,6.29,6.3,6.35,6.42,6.43,6.23,4991816.0,31535586.0,15:35:45
sz300508,维宏股份,41.85,-1.58,-3.638,41.85,41.86,43.43,43.9,43.9,40.8,2971880.0,124156227.0,15:35:00
sz300509,新美星,8.78,-0.05,-0.566,8.77,8.78,8.83,8.86,8.93,8.52,9177108.0,79895380.0,15:35:15
sz300510,金冠股份,3.38,-0.02,-0.588,3.38,3.39,3.4,3.39,3.46,3.34,12312721.0,41681329.0,15:35:30
sz300511,雪榕生物,5.49,-0.12,-2.139,5.49,5.5,5.61,5.67,5.68,5.37,41854599.0,229919092.0,15:35:45
sz300512,中亚股份,7.11,-0.11,-1.524,7.11,7.12,7.22,7.18,7.27,7.0,4828150.0,34325636.0,15:35:00
sz300513,恒实科技,7.28,0.02,0.275,7.28,7.29,7.26,7.23,7.33,7.15,5253396.0,37973441.0,15:35:15
sz300514,友讯达,9.9,0.09,0.917,9.9,9.91,9.81,9.9,9.92,9.74,3190100.0,31335723.0,15:35:30
sz300515,三德科技,15.72,-0.7,-4.263,15.72,15.73,16.42,16.33,16.53,15.53,8532681.0,136150391.0,15:35:45
sz300516,久之洋,30.58,-0.57,-1.83,30.58,30.59,31.15,31.08,31.53,30.13,2993064.0,91816385.0,15:35:00
sz300517,海波重科,10.18,0.09,0.892,10.18,10.2,10.09,10.09,10.43,9.96,4020600.0,41048753.0,15:35:15
sz300518,新迅达,22.85,-0.38,-1.636,22.85,22.91,23.23,23.65,24.0,22.33,8783185.0,201889294.0,15:35:30
sz300519,新光药业,14.08,-0.21,-1.47,14.07,14.08,14.29,14.17,14.44,13.94,3951700.0,55714986.0,15:35:45
sz300520,科大国创,23.35,-0.77,-3.192,23.35,23.36,24.12,23.93,24.22,22.98,6771863.0,158878959.0,15:35:00
sz300521,爱司凯,23.38,0.07,0.3,23.38,23.4,23.31,23.78,23.78,22.89,2354660.0,54530924.0,15:35:15
sz300522,世名科技,13.65,-1.17,-7.895,13.65,13.66,14.82,14.2,14.44,13.35,30801335.0,420715999.0,15:35:30
sz300523,辰安科技,19.74,-0.2,-1.003,19.69,19.74,19.94,20.05,20.09,19.52,1614100.0,31878349.0,15:35:45
sz300525,博思软件,7.96,-0.16,-1.97,7.95,7.96,8.12,8.14,8.16,7.91,9200247.0,73473279.0,15:35:00
sz300527,ST应急,7.99,0.1,1.267,7.98,7.99,7.89,7.92,8.04,7.87,6652231.0,53136919.0,15:35:15
sz300528,幸福蓝海,12.62,-0.31,-2.398,12.62,12.63,12.93,12.65,12.8,12.5,7448000.0,93826768.0,15:35:30
sz300529,健帆生物,15.56,-0.2,-1.269,15.55,15.56,15.76,15.75,15.75,15.46,6613826.0,102927519.0,15:35:45
sz300530,领湃科技,19.79,1.7,9.397,19.79,19.8,18.09,17.98,21.5,17.98,12868700.0,257990014.0,15:35:00
sz300531,优博讯,16.36,0.26,1.615,16.35,16.36,16.1,15.97,16.36,15.91,8922503.0,144679919.0,15:35:15
sz300532,今天国际,6.8,-0.13,-1.876,6.8,6.81,6.93,6.92,6.93,6.77,5107520.0,34827615.0,15:35:30
sz300533,冰川网络,14.06,-0.14,-0.986,14.06,14.07,14.2,14.22,14.28,13.95,3315853.0,46619897.0,15:35:45
sz300534,陇神戎发,16.7,-1.65,-8.992,16.7,16.71,18.35,18.68,18.88,16.26,76125000.0,1326243489.0,15:35:00
sz300535,达威股份,16.99,-0.13,-0.759,16.98,16.99,17.12,17.34,17.34,16.6,3893454.0,65771534.0,15:35:15
sz300536,农尚环境,8.8,-0.12,-1.345,8.78,8.8,8.92,8.94,8.94,8.59,6997900.0,61212524.0,15:35:30
sz300537,广信材料,19.48,-0.16,-0.815,19.47,19.48,19.64,19.59,19.75,19.02,6096000.0,117939831.0,15:35:45
sz300538,同益股份,15.07,-0.31,-2.016,15.07,15.08,15.38,15.38,15.38,14.87,3182685.0,48003917.0,15:35:00
sz300539,横河精密,17.8,-0.38,-2.09,17.8,17.81,18.18,18.18,18.36,17.46,4101920.0,72856552.0,15:35:15
sz300540,蜀道装备,28.36,-1.0,-3.406,28.36,28.37,29.36,29.12,29.13,27.7,15082340.0,427232215.0,15:35:30
sz300541,先进数通,9.72,-0.06,-0.613,9.72,9.73,9.78,9.65,9.9,9.63,6542564.0,63785264.0,15:35:45
sz300542,新晨科技,11.95,-0.13,-1.076,11.95,11.96,12.08,12.0,12.31,11.88,4144100.0,49933412.0,15:35:00
sz300543,朗科智能,7.61,-0.08,-1.04,7.61,7.62,7.69,7.69,7.76,7.52,5277100.0,40053281.0,15:35:15
sz300545,联得装备,34.2,0.12,0.352,34.2,34.22,34.08,33.9,34.96,33.38,19129200.0,652112841.0,15:35:30
sz300546,雄帝科技,19.29,1.47,8.249,19.29,19.3,17.82,17.64,19.5,17.38,22099850.0,417420295.0,15:35:45
sz300547,川环科技,25.04,-0.09,-0.358,25.04,25.05,25.13,25.3,25.65,24.51,5303000.0,132281246.0,15:35:00
sz300548,长芯博创,198.94,1.52,0.77,198.94,198.95,197.42,204.0,210.0,192.0,21028426.0,4242477702.0,15:35:15
sz300549,优德精密,14.2,-0.12,-0.838,14.2,14.21,14.32,14.37,14.58,14.01,1357400.0,19303703.0,15:35:30
sz300550,和仁科技,11.4,-0.5,-4.202,11.36,11.4,11.9,11.85,11.87,11.22,3396900.0,38913013.0,15:35:45
sz300551,古鳌科技,9.8,-0.13,-1.309,9.8,9.82,9.93,9.87,10.2,9.72,8816035.0,87470888.0,15:35:00
sz300552,万集科技,20.0,-0.22,-1.088,20.0,20.01,20.22,20.56,21.35,19.81,5643000.0,115699508.0,15:35:15
sz300553,集智股份,41.07,0.47,1.158,41.05,41.07,40.6,40.43,41.48,39.76,4874380.0,197397350.0,15:35:30
sz300554,三超新材,20.34,-0.26,-1.262,20.32,20.34,20.6,20.62,20.98,19.89,2640600.0,53700993.0,15:35:45
sz300555,ST路通,12.2,-0.11,-0.894,12.19,12.2,12.31,12.33,12.44,12.1,677088.0,8258133.0,15:35:00
sz300556,丝路视觉,15.88,-0.24,-1.489,15.85,15.88,16.12,16.12,16.21,15.7,2655600.0,42185966.0,15:35:15
sz300557,理工光科,25.22,-0.4,-1.561,25.22,25.24,25.62,26.12,26.45,24.76,3362552.0,85045662.0,15:35:30
sz300558,贝达药业,48.53,-2.65,-5.178,48.53,48.54,51.18,51.18,51.3,47.43,22703324.0,1104767906.0,15:35:45
sz300559,佳发教育,10.22,-0.13,-1.256,10.21,10.23,10.35,10.35,10.38,10.05,4203200.0,42842221.0,15:35:00
sz300560,中富通,17.65,-0.28,-1.562,17.65,17.66,17.93,17.85,17.93,17.03,10805931.0,187998673.0,15:35:15
sz300561,汇金科技,14.95,-0.33,-2.16,14.95,14.96,15.28,15.24,15.38,14.81,11459400.0,172038599.0,15:35:30
sz300562,乐心医疗,14.94,-0.09,-0.599,14.94,14.95,15.03,15.08,15.08,14.42,7727900.0,113697675.0,15:35:45
sz300563,神宇股份,22.87,-0.39,-1.677,22.87,22.89,23.26,23.44,23.56,22.45,2435800.0,55788642.0,15:35:00
sz300564,筑博设计,12.3,-0.12,-0.966,12.28,12.3,12.42,12.52,12.66,12.12,2153260.0,26595922.0,15:35:15
sz300565,科信技术,9.55,-0.08,-0.831,9.55,9.56,9.63,9.65,9.73,9.41,6261400.0,59726257.0,15:35:30
sz300566,激智科技,28.49,-0.5,-1.725,28.49,28.5,28.99,28.76,29.29,27.38,18860691.0,531212727.0,15:35:45
sz300567,精测电子,213.7,-3.39,-1.562,213.7,213.73,217.09,219.0,223.08,207.01,5752019.0,1231603086.0,15:35:00
sz300568,星源材质,14.08,-0.4,-2.762,14.07,14.08,14.48,14.61,14.93,13.83,46469177.0,658805359.0,15:35:15
sz300569,天能重工,4.56,-0.16,-3.39,4.55,4.56,4.72,4.72,4.72,4.51,14376700.0,65820750.0,15:35:30
sz300570,太辰光,202.9,-11.56,-5.39,202.9,202.91,214.46,215.3,215.8,195.0,24777564.0,5025981751.0,15:35:45
sz300571,平治信息,29.58,-1.14,-3.711,29.58,29.59,30.72,30.83,30.99,28.86,6237900.0,184690444.0,15:35:00
sz300572,安车检测,18.73,-0.33,-1.731,18.71,18.76,19.06,19.08,19.31,18.37,3485600.0,65156136.0,15:35:15
sz300573,兴齐眼药,38.52,-1.23,-3.094,38.52,38.55,39.75,39.68,39.8,38.45,6285765.0,243868526.0,15:35:30
sz300575,中旗股份,5.86,-0.01,-0.17,5.86,5.87,5.87,5.87,5.91,5.79,11701600.0,68323905.0,15:35:45
sz300576,容大感光,29.89,-0.72,-2.352,29.89,29.9,30.61,30.31,30.47,29.05,13982665.0,415813489.0,15:35:00
sz300577,开润股份,17.32,-0.26,-1.479,17.31,17.32,17.58,17.59,17.84,17.18,1742800.0,30361683.0,15:35:15
sz300578,会畅科技,15.15,-0.57,-3.626,15.15,15.16,15.72,15.63,15.69,14.88,4539100.0,68852477.0,15:35:30
sz300579,数字认证,21.49,-0.17,-0.785,21.48,21.49,21.66,21.58,22.27,21.26,3660652.0,79372130.0,15:35:45
sz300580,贝斯特,19.9,-0.14,-0.699,19.9,19.92,20.04,20.1,20.33,19.69,6670575.0,133151888.0,15:35:00
sz300581,晨曦航空,9.8,-0.07,-0.709,9.8,9.81,9.87,9.83,9.98,9.67,6668625.0,65363532.0,15:35:15
sz300582,英飞特,11.06,-0.17,-1.514,11.02,11.06,11.23,11.25,11.32,10.9,4978600.0,54953753.0,15:35:30
sz300583,赛托生物,12.72,-0.17,-1.319,12.72,12.73,12.89,12.95,13.05,12.6,2895300.0,36914462.0,15:35:45
sz300584,海辰药业,32.79,-0.11,-0.334,32.79,32.8,32.9,33.28,33.72,31.93,4098838.0,133411473.0,15:35:00
sz300585,奥联电子,15.69,0.04,0.256,15.68,15.69,15.65,15.61,15.98,15.41,5070600.0,79702864.0,15:35:15
sz300586,美联新材,8.97,-0.12,-1.32,8.97,8.98,9.09,8.98,9.18,8.7,14382717.0,128017556.0,15:35:30
sz300587,天铁科技,5.04,-0.18,-3.448,5.04,5.06,5.22,5.22,5.26,4.94,35874735.0,182039005.0,15:35:45
sz300588,熙菱信息,21.12,-1.33,-5.924,21.1,21.12,22.45,22.33,22.33,20.81,5804800.0,124284308.0,15:35:00
sz300589,江龙船艇,12.47,-0.66,-5.027,12.47,12.48,13.13,12.68,12.85,12.24,17088023.0,213350753.0,15:35:15
sz300590,移为通信,10.72,-0.21,-1.921,10.72,10.73,10.93,10.98,11.03,10.55,10410910.0,111846018.0,15:35:30
sz300591,万里马,6.5,-0.17,-2.549,6.5,6.51,6.67,6.65,6.73,6.47,18538750.0,121863734.0,15:35:45
sz300592,华凯易佰,14.7,-0.21,-1.408,14.69,14.7,14.91,14.86,15.12,14.33,9049227.0,132164986.0,15:35:00
sz300593,新雷能,30.38,-0.54,-1.746,30.38,30.39,30.92,30.76,31.57,29.5,23155932.0,703701357.0,15:35:15
sz300594,ST朗进,14.29,-0.34,-2.324,14.29,14.3,14.63,14.71,14.71,14.21,540100.0,7759206.0,15:35:30
sz300595,欧普康视,10.71,-0.29,-2.636,10.7,10.71,11.0,11.01,11.05,10.67,11743330.0,126741822.0,15:35:45
sz300596,利安隆,42.62,-0.68,-1.57,42.62,42.63,43.3,43.2,43.59,41.0,3777304.0,160276502.0,15:35:00
sz300597,吉大通信,7.72,-0.07,-0.899,7.72,7.73,7.79,7.77,7.93,7.62,3498000.0,26946215.0,15:35:15
sz300598,诚迈科技,32.78,-0.15,-0.456,32.77,32.78,32.93,33.01,33.58,31.88,14165200.0,462378868.0,15:35:30
sz300599,雄塑科技,11.62,-0.39,-3.247,11.6,11.62,12.01,11.97,11.97,11.43,6235400.0,72457782.0,15:35:45
sz300600,国瑞科技,9.81,-0.15,-1.506,9.81,9.82,9.96,9.91,10.03,9.7,3012508.0,29562910.0,15:35:00
sz300601,康泰生物,12.62,-0.41,-3.147,12.62,12.63,13.03,13.28,13.46,12.55,46932542.0,606950885.0,15:35:15
sz300602,飞荣达,43.12,1.55,3.729,43.12,43.13,41.57,42.86,44.56,41.75,35146967.0,1521453586.0,15:35:30
sz300603,立昂技术,7.5,-0.23,-2.975,7.49,7.5,7.73,7.77,7.79,7.42,13042600.0,98423385.0,15:35:45
sz300604,长川科技,271.1,-8.32,-2.978,271.1,271.12,279.42,283.01,285.5,264.38,17257195.0,4695429793.0,15:35:00
sz300605,恒锋信息,10.02,-0.2,-1.957,10.02,10.03,10.22,10.3,10.31,9.86,5308400.0,53097206.0,15:35:15
sz300606,金太阳,35.71,-0.49,-1.354,35.71,35.72,36.2,36.19,36.72,34.9,4414038.0,156996319.0,15:35:30
sz300607,拓斯达,33.32,-2.25,-6.326,33.31,33.32,35.57,35.11,35.52,32.69,31283095.0,1053358277.0,15:35:45
sz300608,思特奇,9.63,-0.52,-5.123,9.62,9.63,10.15,10.1,10.1,9.5,8985224.0,87075268.0,15:35:00
sz300609,汇纳科技,24.98,-0.18,-0.715,24.98,24.99,25.16,25.28,26.16,24.5,4019772.0,101319348.0,15:35:15
sz300610,晨化股份,10.3,-0.12,-1.152,10.3,10.32,10.42,10.4,10.47,10.19,3323900.0,34217952.0,15:35:30
sz300611,美力科技,22.91,-0.01,-0.044,22.91,22.92,22.92,23.01,23.14,22.6,1284600.0,29358558.0,15:35:45
sz300612,宣亚国际,11.56,-0.13,-1.112,11.56,11.57,11.69,11.78,11.78,11.36,4914380.0,56631137.0,15:35:00
sz300613,富瀚微,68.4,-2.13,-3.02,68.4,68.43,70.53,70.32,70.8,66.66,8381745.0,574655806.0,15:35:15
sz300614,百川畅银,10.58,-0.17,-1.581,10.56,10.58,10.75,10.93,10.95,10.4,2144500.0,22708648.0,15:35:30
sz300615,欣天科技,16.8,0.65,4.025,16.8,16.81,16.15,16.76,17.42,15.14,41149768.0,672884509.0,15:35:45
sz300616,尚品宅配,10.4,-0.16,-1.515,10.4,10.43,10.56,10.66,10.77,10.31,3802000.0,39975362.0,15:35:00
sz300617,安靠智电,40.0,-0.73,-1.792,39.99,40.0,40.73,40.75,41.21,38.8,4464100.0,177713933.0,15:35:15
sz300618,寒锐钴业,35.08,0.09,0.257,35.08,35.09,34.99,34.85,35.89,34.66,7301860.0,257708695.0,15:35:30
sz300619,金银河,27.42,0.72,2.697,27.42,27.43,26.7,26.81,28.2,26.6,8850839.0,240302432.0,15:35:45
sz300620,光库科技,298.98,-6.05,-1.983,298.95,298.98,305.03,306.01,312.0,288.31,9130946.0,2727061930.0,15:35:00
sz300621,维业股份,7.2,-0.15,-2.041,7.2,7.21,7.35,7.39,7.4,7.16,4545000.0,32952612.0,15:35:15
sz300622,博士眼镜,14.35,-0.38,-2.58,14.35,14.36,14.73,14.59,15.1,14.3,7151445.0,104315940.0,15:35:30
sz300623,捷捷微电,29.82,0.2,0.675,29.82,29.83,29.62,29.47,30.46,29.13,38407807.0,1142933245.0,15:35:45
sz300624,万兴科技,47.14,-4.1,-8.002,47.14,47.15,51.24,50.8,50.97,46.5,9254271.0,442676374.0,15:35:00
sz300625,三雄极光,9.5,-0.29,-2.962,9.5,9.51,9.79,9.71,9.76,9.41,2247700.0,21439554.0,15:35:15
sz300626,华瑞股份,31.61,0.37,1.184,31.61,31.65,31.24,31.56,31.93,30.17,5821200.0,181203722.0,15:35:30
sz300627,华测导航,26.98,-0.15,-0.553,26.97,26.98,27.13,27.02,27.19,26.88,5729563.0,154538075.0,15:35:45
sz300628,亿联网络,42.18,0.45,1.078,42.18,42.19,41.73,41.64,43.06,41.51,17490618.0,737223346.0,15:35:00
sz300629,新劲刚,16.6,-0.33,-1.949,16.6,16.61,16.93,16.93,17.01,16.35,4121548.0,68485709.0,15:35:15
sz300631,久吾高科,21.42,-0.23,-1.062,21.42,21.43,21.65,21.5,21.9,21.12,1276350.0,27345366.0,15:35:30
sz300632,光莆股份,18.13,-0.61,-3.255,18.13,18.14,18.74,18.89,18.89,17.55,10319800.0,186149179.0,15:35:45
sz300633,开立医疗,19.11,-1.58,-7.637,19.11,19.12,20.69,20.72,20.9,19.1,9566753.0,188393811.0,15:35:00
sz300634,彩讯股份,18.93,-0.55,-2.823,18.93,18.94,19.48,19.48,19.54,18.71,7838871.0,148667685.0,15:35:15
sz300635,中达安,12.22,-0.02,-0.163,12.21,12.22,12.24,12.41,12.76,11.96,5085200.0,62461342.0,15:35:30
sz300636,同和药业,6.83,-0.12,-1.727,6.83,6.84,6.95,6.96,6.97,6.77,4728793.0,32281052.0,15:35:45
sz300637,扬帆新材,8.93,-0.12,-1.326,8.91,8.93,9.05,9.0,9.12,8.81,2966500.0,26488818.0,15:35:00
sz300638,广和通,18.65,-0.23,-1.218,18.64,18.65,18.88,18.87,19.29,18.58,8242961.0,155104235.0,15:35:15
sz300639,凯普生物,5.97,-0.21,-3.398,5.97,5.98,6.18,6.14,6.2,5.91,14117272.0,84850256.0,15:35:30
sz300640,德艺文创,6.7,-0.13,-1.903,6.7,6.71,6.83,6.8,6.86,6.61,5420600.0,36295776.0,15:35:45
sz300641,正丹股份,13.74,-0.21,-1.505,13.73,13.74,13.95,13.9,13.97,13.65,4998496.0,68796624.0,15:35:00
sz300642,透景生命,13.5,-0.21,-1.532,13.5,13.52,13.71,13.71,13.98,13.37,3601780.0,48919396.0,15:35:15
sz300643,万通智控,17.93,-0.15,-0.83,17.93,17.95,18.08,18.06,18.29,17.55,3205200.0,57101707.0,15:35:30
sz300644,南京聚隆,21.0,-0.28,-1.316,20.99,21.0,21.28,21.27,21.33,20.69,1623800.0,34066246.0,15:35:45
sz300645,正元智慧,12.83,-0.14,-1.079,12.83,12.89,12.97,12.97,13.05,12.71,3627000.0,46621213.0,15:35:00
sz300647,超频三,5.65,0.02,0.355,5.65,5.66,5.63,5.63,5.78,5.56,11678550.0,65919706.0,15:35:15
sz300648,星云股份,40.3,-0.35,-0.861,40.28,40.3,40.65,40.6,41.5,39.59,2294800.0,92294259.0,15:35:30
sz300649,杭州园林,24.61,-0.75,-2.957,24.59,24.61,25.36,25.26,25.57,23.7,5566300.0,136060909.0,15:35:45
sz300650,太龙股份,11.63,-0.14,-1.189,11.63,11.65,11.77,11.79,11.79,11.45,4477100.0,51829196.0,15:35:00
sz300651,金陵体育,16.86,-0.25,-1.461,16.86,16.87,17.11,17.11,17.23,16.65,2761510.0,46572016.0,15:35:15
sz300652,雷迪克,28.3,-0.66,-2.279,28.29,28.3,28.96,28.84,29.2,27.88,1516744.0,42981792.0,15:35:30
sz300653,正海生物,14.78,-0.29,-1.924,14.78,14.81,15.07,15.07,15.27,14.7,2548614.0,37914259.0,15:35:45
sz300654,世纪天鸿,9.77,-0.4,-3.933,9.76,9.77,10.17,10.3,10.3,9.63,11891610.0,117192623.0,15:35:00
sz300655,晶瑞电材,12.66,-0.14,-1.094,12.65,12.66,12.8,12.85,12.94,12.39,29540278.0,373024926.0,15:35:15
sz300656,民德电子,25.57,-1.38,-5.121,25.55,25.57,26.95,26.81,27.08,24.93,5869095.0,150947539.0,15:35:30
sz300657,弘信电子,33.42,-1.61,-4.596,33.41,33.42,35.03,35.04,35.18,32.63,20819209.0,699785686.0,15:35:45
sz300658,延江股份,10.38,-0.2,-1.89,10.38,10.43,10.58,10.68,10.77,10.25,5917126.0,61973523.0,15:35:00
sz300659,中孚信息,10.08,-0.12,-1.176,10.07,10.08,10.2,10.17,10.22,9.97,2951400.0,29657933.0,15:35:15
sz300660,江苏雷利,23.5,-0.68,-2.812,23.49,23.5,24.18,24.19,24.33,23.23,5757816.0,135972797.0,15:35:30
sz300661,圣邦股份,111.13,-5.47,-4.691,111.13,111.14,116.6,116.9,117.7,108.66,10247738.0,1145602484.0,15:35:45
sz300662,科锐国际,19.45,-0.45,-2.261,19.44,19.45,19.9,19.9,20.0,19.34,2095900.0,40958697.0,15:35:00
sz300663,科蓝软件,8.01,-0.14,-1.718,8.01,8.02,8.15,8.13,8.22,7.88,18398006.0,147141835.0,15:35:15
sz300664,鹏鹞环保,4.5,-0.05,-1.099,4.5,4.51,4.55,4.55,4.56,4.49,6147850.0,27745420.0,15:35:30
sz300665,飞鹿股份,9.03,-0.39,-4.14,9.03,9.06,9.42,9.94,9.97,8.98,9866006.0,90707619.0,15:35:45
sz300666,江丰电子,250.4,3.7,1.5,250.4,250.41,246.7,248.11,255.88,240.6,18276039.0,4534385521.0,15:35:00
sz300667,必创科技,14.28,-0.34,-2.326,14.28,14.29,14.62,14.51,14.67,14.07,5740000.0,81997658.0,15:35:15
sz300668,杰恩股份,32.52,-0.98,-2.925,32.52,32.57,33.5,33.45,33.57,31.53,5560900.0,179236062.0,15:35:30
sz300669,沪宁股份,23.34,-0.54,-2.261,23.34,23.35,23.88,23.67,24.5,23.0,1151000.0,27243405.0,15:35:45
sz300670,大烨智能,6.47,0.11,1.73,6.45,6.47,6.36,6.49,6.6,6.27,9467000.0,60716197.0,15:35:00
sz300671,富满微,56.11,-3.36,-5.65,56.1,56.11,59.47,59.19,59.47,54.52,12300250.0,692749359.0,15:35:15
sz300672,国科微,158.55,-4.77,-2.921,158.55,158.56,163.32,162.5,164.6,153.14,8134626.0,1286131503.0,15:35:30
sz300673,佩蒂股份,12.68,-0.22,-1.705,12.65,12.68,12.9,12.87,12.89,12.58,1764670.0,22387632.0,15:35:45
sz300674,宇信科技,15.16,-0.66,-4.172,15.16,15.17,15.82,15.51,15.82,15.13,15452648.0,237411968.0,15:35:00
sz300675,建科院,12.7,-0.15,-1.167,12.7,12.71,12.85,12.92,12.92,12.53,1903600.0,24121999.0,15:35:15
sz300676,华大基因,41.9,-0.3,-0.711,41.9,41.91,42.2,42.55,43.2,40.76,20305541.0,846398401.0,15:35:30
sz300677,英科医疗,48.1,-0.31,-0.64,48.06,48.1,48.41,48.18,48.62,47.05,9773144.0,466779099.0,15:35:45
sz300678,中科信息,21.37,-0.27,-1.248,21.36,21.37,21.64,21.77,21.77,21.24,2829690.0,60646075.0,15:35:00
sz300679,电连技术,50.2,-1.25,-2.43,50.19,50.2,51.45,51.45,51.6,48.3,27261087.0,1363321951.0,15:35:15
sz300680,隆盛科技,19.84,-0.65,-3.172,19.84,19.85,20.49,20.48,20.53,19.6,6048314.0,120583586.0,15:35:30
sz300681,英搏尔,21.26,-0.14,-0.654,21.26,21.27,21.4,21.38,21.53,20.75,6014555.0,127013150.0,15:35:45
sz300682,朗新科技,9.19,-0.16,-1.711,9.18,9.19,9.35,9.39,9.49,9.1,15957900.0,147368926.0,15:35:00
sz300683,海特生物,25.78,-3.32,-11.409,25.78,25.79,29.1,28.77,28.8,25.65,11499500.0,306626937.0,15:35:15
sz300684,中石科技,84.2,0.1,0.119,84.19,84.2,84.1,85.8,87.58,80.5,22481904.0,1885480873.0,15:35:30
sz300685,艾德生物,18.41,-0.58,-3.054,18.41,18.44,18.99,18.93,19.46,18.37,10277450.0,192360278.0,15:35:45
sz300686,智动力,14.23,-0.44,-2.999,14.23,14.24,14.67,14.68,14.8,13.98,11025600.0,157626068.0,15:35:00
sz300687,赛意信息,26.1,-0.74,-2.757,26.1,26.13,26.84,26.95,27.07,25.7,18019158.0,472095885.0,15:35:15
sz300688,创业黑马,28.46,-1.21,-4.078,28.46,28.47,29.67,29.3,29.99,28.2,7929250.0,229671806.0,15:35:30
sz300689,澄天伟业,53.0,-0.89,-1.652,53.0,53.03,53.89,53.8,54.66,51.22,2701851.0,142933642.0,15:35:45
sz300690,双一科技,20.39,-0.23,-1.115,20.39,20.4,20.62,20.63,20.85,20.18,1705312.0,34872399.0,15:35:00
sz300691,联合光电,14.19,-0.28,-1.935,14.19,14.2,14.47,14.44,14.48,14.0,3364844.0,47654827.0,15:35:15
sz300692,中赋科技,8.99,-0.56,-5.864,8.99,9.0,9.55,9.58,9.58,8.88,25963102.0,234900790.0,15:35:30
sz300693,盛弘股份,42.3,-0.6,-1.399,42.29,42.3,42.9,43.0,43.2,41.05,10844343.0,455019436.0,15:35:45
sz300694,蠡湖股份,10.41,-0.12,-1.14,10.4,10.41,10.53,10.53,10.66,10.34,3355100.0,35175820.0,15:35:00
sz300695,兆丰股份,48.56,-0.5,-1.019,48.55,48.56,49.06,49.09,49.53,47.68,769507.0,37235104.0,15:35:15
sz300696,爱乐达,20.1,-0.13,-0.643,20.1,20.19,20.23,20.2,20.39,19.68,3867000.0,77273387.0,15:35:30
sz300697,电工合金,15.7,-0.52,-3.206,15.7,15.71,16.22,16.18,16.35,15.53,20150452.0,319439766.0,15:35:45
sz300698,万马科技,24.97,0.1,0.402,24.96,24.97,24.87,25.26,26.71,24.67,4895458.0,125222506.0,15:35:00
sz300699,光威复材,23.99,-0.4,-1.64,23.99,24.0,24.39,24.31,24.52,23.78,8743332.0,210641064.0,15:35:15
sz300700,岱勒新材,18.58,-0.5,-2.621,18.57,18.58,19.08,19.09,19.25,18.12,7975357.0,148125767.0,15:35:30
sz300701,森霸传感,9.56,-0.16,-1.646,9.56,9.57,9.72,9.66,9.8,9.45,2857100.0,27328190.0,15:35:45
sz300702,天宇股份,21.48,-0.55,-2.497,21.48,21.5,22.03,22.14,22.17,21.1,3596400.0,77555466.0,15:35:00
sz300703,创源股份,13.2,-0.25,-1.859,13.2,13.21,13.45,13.44,13.47,13.05,2602303.0,34391512.0,15:35:15
sz300705,九典制药,10.92,-0.65,-5.618,10.92,10.93,11.57,11.57,11.63,10.88,17978652.0,200042912.0,15:35:30
sz300706,阿石创,53.29,0.87,1.66,53.28,53.29,52.42,53.43,54.16,51.74,10910478.0,578794586.0,15:35:45
sz300707,威唐工业,12.0,-0.1,-0.826,12.0,12.01,12.1,12.1,12.24,11.88,2936895.0,35385295.0,15:35:00
sz300708,聚灿光电,7.64,-0.21,-2.675,7.64,7.65,7.85,7.8,7.85,7.54,12841609.0,98569192.0,15:35:15
sz300709,精研科技,40.16,-0.6,-1.472,40.16,40.17,40.76,40.73,41.41,39.5,11744513.0,471452433.0,15:35:30
sz300710,万隆光电,30.66,-1.16,-3.646,30.65,30.66,31.82,31.82,32.0,30.17,7522455.0,232532495.0,15:35:45
sz300711,广哈通信,19.18,1.59,9.039,19.17,19.18,17.59,17.52,19.19,17.48,18763810.0,346379280.0,15:35:00
sz300712,永福股份,19.03,-1.6,-7.756,19.01,19.03,20.63,20.22,20.43,18.57,5122180.0,98859734.0,15:35:15
sz300713,英可瑞,13.01,-0.11,-0.838,13.01,13.02,13.12,13.4,13.4,12.86,1942600.0,25346879.0,15:35:30
sz300715,凯伦股份,14.06,-0.42,-2.901,14.06,14.07,14.48,14.48,14.8,13.67,9686100.0,135156256.0,15:35:45
sz300716,*ST泉为,19.9,0.87,4.572,19.87,19.9,19.03,18.41,21.98,18.4,7267101.0,145818719.0,15:35:00
sz300717,华信新材,17.95,-0.28,-1.536,17.94,17.95,18.23,18.26,18.31,17.71,1668800.0,29919321.0,15:35:15
sz300718,长盛轴承,55.32,-2.31,-4.008,55.32,55.33,57.63,56.55,56.99,54.55,7213725.0,399633912.0,15:35:30
sz300719,安达维尔,11.45,-0.08,-0.694,11.45,11.46,11.53,11.53,11.64,11.36,2515500.0,28865572.0,15:35:45
sz300720,海川智能,73.52,-3.07,-4.008,73.52,73.57,76.59,77.51,78.42,70.94,12891477.0,948057191.0,15:35:00
sz300721,怡达股份,22.74,0.0,0.0,22.73,22.74,22.74,22.5,23.25,22.24,10647300.0,240484590.0,15:35:15
sz300722,新余国科,20.76,-0.12,-0.575,20.75,20.76,20.88,20.88,21.1,20.52,1554707.0,32266184.0,15:35:30
sz300723,一品红,34.61,-2.14,-5.823,34.61,34.62,36.75,36.5,36.61,34.46,10031035.0,352399777.0,15:35:45
sz300724,捷佳伟创,56.29,-1.44,-2.494,56.28,56.29,57.73,57.25,58.77,55.44,9109374.0,515725819.0,15:35:00
sz300725,药石科技,48.31,-3.15,-6.121,48.3,48.31,51.46,52.48,52.63,47.53,23350859.0,1146899230.0,15:35:15
sz300726,宏达电子,52.3,-0.54,-1.022,52.29,52.3,52.84,55.02,56.8,50.69,12202435.0,650451205.0,15:35:30
sz300727,润禾材料,26.79,-0.38,-1.399,26.78,26.79,27.17,27.18,27.5,26.39,2106629.0,56342179.0,15:35:45
sz300729,乐歌股份,10.15,0.05,0.495,10.12,10.15,10.1,10.08,10.17,10.02,1538047.0,15522519.0,15:35:00
sz300730,科创信息,11.16,-0.19,-1.674,11.15,11.16,11.35,11.3,11.44,11.05,2497550.0,27922477.0,15:35:15
sz300731,科创新源,41.86,2.82,7.223,41.81,41.86,39.04,38.93,43.03,38.8,14222140.0,587323053.0,15:35:30
sz300732,设研院,5.94,-0.08,-1.329,5.93,5.94,6.02,5.99,6.03,5.88,5689248.0,33788464.0,15:35:45
sz300733,西菱动力,13.47,-0.64,-4.536,13.45,13.48,14.11,14.06,14.07,13.35,6079150.0,82602909.0,15:35:00
sz300735,光弘科技,19.58,-0.59,-2.925,19.58,19.59,20.17,20.04,20.38,19.14,11711854.0,229486742.0,15:35:15
sz300736,百邦科技,29.75,0.11,0.371,29.75,29.79,29.64,29.64,30.3,29.04,5982200.0,177878361.0,15:35:30
sz300737,科顺股份,4.75,-0.06,-1.247,4.74,4.75,4.81,4.81,4.89,4.68,19379674.0,91929857.0,15:35:45
sz300738,奥飞数据,21.23,0.4,1.92,21.22,21.23,20.83,20.88,21.23,20.42,40354780.0,841924461.0,15:35:00
sz300739,明阳电路,22.09,-0.71,-3.114,22.09,22.1,22.8,22.81,22.86,21.41,7915303.0,174266320.0,15:35:15
sz300740,水羊股份,20.06,-1.01,-4.794,20.05,20.06,21.07,21.01,21.48,19.86,32577451.0,670448591.0,15:35:30
sz300741,华宝股份,13.35,-0.08,-0.596,13.34,13.35,13.43,13.37,13.59,13.28,1711260.0,22909278.0,15:35:45
sz300743,天地数码,14.61,-0.12,-0.815,14.61,14.62,14.73,14.77,14.89,14.37,2305030.0,33669705.0,15:35:00
sz300745,欣锐科技,28.73,-0.24,-0.828,28.73,28.78,28.97,29.27,30.08,28.11,5209828.0,150378946.0,15:35:15
sz300746,汉嘉数智,12.88,-0.62,-4.593,12.88,12.9,13.5,13.37,13.56,12.73,4171000.0,54049881.0,15:35:30
sz300747,锐科激光,35.42,-1.21,-3.303,35.4,35.42,36.63,36.94,36.97,34.51,15453015.0,548188511.0,15:35:45
sz300748,金力永磁,27.71,0.14,0.508,27.71,27.72,27.57,27.99,28.65,27.37,27401333.0,766159464.0,15:35:00
sz300749,顶固集创,24.3,0.36,1.504,24.3,24.38,23.94,23.91,24.55,23.07,8799180.0,209682943.0,15:35:15
sz300750,宁德时代,387.89,-3.26,-0.833,387.89,387.9,391.15,391.15,394.4,386.68,13972968.0,5444644443.0,15:35:30
sz300751,迈为股份,201.72,8.06,4.162,201.72,201.75,193.66,197.14,207.14,190.5,9173831.0,1819378809.0,15:35:45
sz300752,隆利科技,10.74,-0.46,-4.107,10.74,10.75,11.2,11.25,11.25,10.52,8612080.0,92977976.0,15:35:00
sz300753,爱朋医疗,21.15,-1.0,-4.515,21.15,21.16,22.15,22.0,22.2,20.99,4835643.0,103071110.0,15:35:15
sz300755,华致酒行,11.1,-0.01,-0.09,11.09,11.1,11.11,11.11,11.38,10.98,2990500.0,33228238.0,15:35:30
sz300756,金马游乐,29.15,0.2,0.691,29.15,29.19,28.95,28.9,29.22,28.15,3012042.0,86250370.0,15:35:45
sz300757,罗博特科,496.4,-8.2,-1.625,496.4,496.42,504.6,504.6,509.2,485.0,4866797.0,2406967905.0,15:35:00
sz300758,七彩化学,11.33,0.55,5.102,11.33,11.34,10.78,10.95,11.44,10.89,23248885.0,260042540.0,15:35:15
sz300759,康龙化成,44.86,-3.12,-6.503,44.86,44.87,47.98,47.93,48.87,44.22,73392529.0,3357449183.0,15:35:30
sz300760,迈瑞医疗,158.68,4.23,2.739,158.66,158.68,154.45,154.0,158.97,153.01,11899518.0,1874049703.0,15:35:45
sz300761,立华股份,18.41,-0.36,-1.918,18.4,18.42,18.77,18.44,18.46,17.68,12352268.0,223964588.0,15:35:00
sz300762,上海瀚讯,27.04,-1.45,-5.09,27.04,27.05,28.49,28.26,28.29,26.48,25454972.0,693318373.0,15:35:15
sz300763,锦浪科技,62.65,-0.51,-0.807,62.64,62.65,63.16,63.01,65.54,61.61,8543885.0,540563774.0,15:35:30
sz300765,石药创新,45.24,-3.76,-7.673,45.21,45.24,49.0,49.65,49.73,44.28,47049808.0,2155498442.0,15:35:45
sz300766,每日互动,20.9,-0.72,-3.33,20.9,20.91,21.62,21.78,21.78,20.62,13726016.0,288039180.0,15:35:00
sz300767,震安科技,18.29,-0.64,-3.381,18.29,18.3,18.93,19.0,19.2,17.94,8421508.0,154380583.0,15:35:15
sz300768,迪普科技,14.26,-0.36,-2.462,14.25,14.26,14.62,14.55,14.59,14.14,5068200.0,72327483.0,15:35:30
sz300769,德方纳米,46.89,-0.26,-0.551,46.88,46.89,47.15,48.0,48.82,46.46,13099668.0,623802203.0,15:35:45
sz300770,新媒股份,33.29,-0.32,-0.952,33.29,33.3,33.61,33.76,33.8,33.25,1201494.0,40164413.0,15:35:00
sz300771,智莱科技,11.21,-0.06,-0.532,11.2,11.21,11.27,11.4,11.4,11.04,2241900.0,25034255.0,15:35:15
sz300772,运达股份,10.94,-0.39,-3.442,10.93,10.94,11.33,11.33,11.35,10.85,12204648.0,134630673.0,15:35:30
sz300773,拉卡拉,15.15,-0.26,-1.687,15.14,15.15,15.41,15.11,15.64,14.83,57375614.0,872996095.0,15:35:45
sz300774,倍杰特,11.13,-0.03,-0.269,11.13,11.16,11.16,11.16,11.6,10.89,11835400.0,131448466.0,15:35:00
sz300775,三角防务,20.45,-0.4,-1.918,20.44,20.45,20.85,20.81,21.01,20.16,8002277.0,164143070.0,15:35:15
sz300776,帝尔激光,117.91,3.91,3.43,117.9,117.91,114.0,115.89,119.75,113.61,10304959.0,1203961954.0,15:35:30
sz300777,中简科技,22.4,-0.78,-3.365,22.39,22.4,23.18,23.05,23.24,22.21,6756230.0,153006456.0,15:35:45
sz300778,新城市,10.22,-0.14,-1.351,10.22,10.25,10.36,10.56,10.57,10.07,2834800.0,28955050.0,15:35:00
sz300779,惠城环保,66.5,-1.7,-2.493,66.5,66.51,68.2,67.82,68.37,64.7,8257091.0,547271678.0,15:35:15
sz300780,德恩精工,19.43,-0.38,-1.918,19.43,19.44,19.81,19.77,19.79,18.87,4763500.0,91464513.0,15:35:30
sz300781,因赛集团,26.03,-0.87,-3.234,26.03,26.04,26.9,26.9,27.0,25.7,2657885.0,69350047.0,15:35:45
sz300782,卓胜微,74.55,-2.59,-3.358,74.54,74.55,77.14,76.59,77.43,72.92,8992139.0,670503190.0,15:35:00
sz300783,三只松鼠,16.78,-0.02,-0.119,16.76,16.78,16.8,16.78,16.9,16.55,3947030.0,65964739.0,15:35:15
sz300784,利安科技,40.55,-0.4,-0.977,40.55,40.56,40.95,40.99,41.26,40.0,545100.0,22018244.0,15:35:30
sz300785,值得买,34.47,-1.33,-3.715,34.47,34.48,35.8,35.8,35.96,34.02,4637559.0,160769304.0,15:35:45
sz300786,国林科技,15.63,0.06,0.385,15.59,15.63,15.57,15.64,15.94,15.27,6177700.0,95949155.0,15:35:00
sz300787,海能实业,9.91,-0.13,-1.295,9.91,9.92,10.04,10.01,10.18,9.81,5627920.0,55977035.0,15:35:15
sz300788,中信出版,23.29,-0.61,-2.552,23.29,23.3,23.9,23.99,24.14,23.12,3768400.0,88180097.0,15:35:30
sz300789,唐源电气,17.04,-0.35,-2.013,17.04,17.06,17.39,17.22,17.45,16.83,2183933.0,37295778.0,15:35:45
sz300790,宇瞳光学,19.2,-1.0,-4.95,19.19,19.2,20.2,19.99,20.2,18.75,21559172.0,416792812.0,15:35:00
sz300791,仙乐健康,16.98,0.44,2.66,16.96,16.98,16.54,16.54,17.53,16.44,4609062.0,78367775.0,15:35:15
sz300792,壹网壹创,22.69,-0.59,-2.534,22.68,22.69,23.28,23.25,23.27,22.46,3493600.0,79387331.0,15:35:30
sz300793,佳禾智能,10.81,-0.19,-1.727,10.81,10.82,11.0,11.0,11.1,10.71,3285600.0,35627712.0,15:35:45
sz300795,米奥会展,12.65,-1.05,-7.664,12.65,12.66,13.7,13.51,13.55,12.39,26677385.0,340339795.0,15:35:00
sz300796,贝斯美,6.66,-0.04,-0.597,6.66,6.67,6.7,6.72,6.79,6.63,3885981.0,26000653.0,15:35:15
sz300797,钢研纳克,13.94,-0.56,-3.862,13.94,13.95,14.5,14.39,14.48,13.71,10386538.0,145217360.0,15:35:30
sz300798,锦鸡股份,7.15,0.02,0.281,7.15,7.16,7.13,7.27,7.47,7.03,19698910.0,141791261.0,15:35:45
sz300800,力合科技,9.88,-0.12,-1.2,9.88,9.89,10.0,9.97,10.05,9.76,3544800.0,34944878.0,15:35:00
sz300801,泰和科技,22.46,-0.31,-1.361,22.45,22.46,22.77,22.67,23.15,22.1,4505292.0,101324560.0,15:35:15
sz300802,矩子科技,23.54,-0.06,-0.254,23.54,23.55,23.6,23.48,23.85,22.94,8056098.0,188528074.0,15:35:30
sz300803,指南针,80.26,-1.62,-1.979,80.26,80.27,81.88,81.69,82.45,79.6,10516072.0,848519311.0,15:35:45
sz300804,广康生化,42.57,-0.58,-1.344,42.57,42.58,43.15,42.54,43.19,42.03,841300.0,35722158.0,15:35:00
sz300805,电声股份,7.7,-0.19,-2.408,7.7,7.71,7.89,7.9,7.93,7.62,5220998.0,40369422.0,15:35:15
sz300806,斯迪克,50.2,0.15,0.3,50.2,50.21,50.05,50.21,51.05,47.9,31250258.0,1539665398.0,15:35:30
sz300807,天迈科技,35.94,0.02,0.056,35.94,35.95,35.92,36.3,37.27,35.57,1160820.0,42066684.0,15:35:45
sz300808,久量股份,19.72,0.54,2.815,19.7,19.72,19.18,19.18,20.92,18.84,3773800.0,74960916.0,15:35:00
sz300809,华辰装备,23.22,-0.53,-2.232,23.22,23.23,23.75,23.6,23.77,22.92,3184071.0,73948293.0,15:35:15
sz300810,中科海讯,23.65,-0.28,-1.17,23.65,23.66,23.93,24.0,24.05,23.18,1374800.0,32358833.0,15:35:30
sz300811,铂科新材,74.28,-3.02,-3.907,74.27,74.28,77.3,77.31,77.68,72.25,12747068.0,945091498.0,15:35:45
sz300812,易天股份,18.9,-0.54,-2.778,18.89,18.9,19.44,19.36,19.52,18.48,5390260.0,101820805.0,15:35:00
sz300813,泰林生物,20.37,-0.76,-3.597,20.37,20.38,21.13,20.93,21.33,19.99,4181600.0,85761930.0,15:35:15
sz300814,中富电路,133.0,-6.45,-4.625,133.0,133.05,139.45,140.49,141.98,128.16,5783529.0,768551029.0,15:35:30
sz300815,玉禾田,15.96,0.07,0.441,15.95,15.96,15.89,15.82,16.65,15.8,5466163.0,88329636.0,15:35:45
sz300816,艾可蓝,51.55,0.15,0.292,51.55,51.58,51.4,51.16,51.95,48.67,2765561.0,139070365.0,15:35:00
sz300817,双飞集团,14.95,-0.28,-1.838,14.95,14.97,15.23,15.24,15.45,14.8,1735540.0,25988502.0,15:35:15
sz300818,耐普矿机,18.57,-0.72,-3.733,18.57,18.58,19.29,19.39,19.59,18.3,3137691.0,58767066.0,15:35:30
sz300819,聚杰微纤,45.57,-1.32,-2.815,45.55,45.57,46.89,46.89,46.89,44.19,3096600.0,140048820.0,15:35:45
sz300820,英杰电气,52.65,-0.06,-0.114,52.63,52.65,52.71,52.58,53.8,51.3,2982500.0,156221850.0,15:35:00
sz300821,东岳硅材,16.29,-0.66,-3.894,16.29,16.3,16.95,17.03,17.15,15.95,69120514.0,1130348090.0,15:35:15
sz300822,贝仕达克,10.68,-0.74,-6.48,10.68,10.69,11.42,11.21,11.3,10.56,5355800.0,57682309.0,15:35:30
sz300823,建科智能,14.96,-0.09,-0.598,14.96,14.98,15.05,15.05,15.2,14.75,2591786.0,38866942.0,15:35:45
sz300824,北鼎股份,7.52,-0.03,-0.397,7.51,7.52,7.55,7.55,7.63,7.39,4084150.0,30636381.0,15:35:00
sz300825,阿尔特,10.2,-0.37,-3.5,10.19,10.2,10.57,10.55,10.73,10.02,18533958.0,189251553.0,15:35:15
sz300826,测绘股份,14.88,0.13,0.881,14.88,14.91,14.75,14.99,15.7,14.65,12083537.0,183186404.0,15:35:30
sz300827,上能电气,26.04,0.15,0.579,26.03,26.04,25.89,25.88,27.08,25.61,13503982.0,354522129.0,15:35:45
sz300828,锐新科技,16.49,-0.48,-2.829,16.48,16.49,16.97,17.04,17.1,16.18,5597550.0,92553038.0,15:35:00
sz300829,金丹科技,14.63,-0.41,-2.726,14.63,14.64,15.04,15.0,15.02,14.56,3140521.0,46192729.0,15:35:15
sz300830,金现代,7.96,-0.05,-0.624,7.95,7.96,8.01,8.07,8.09,7.83,5950700.0,47179516.0,15:35:30
sz300831,ST派瑞,14.07,-0.01,-0.071,14.06,14.07,14.08,14.08,14.26,13.91,3409800.0,47947226.0,15:35:45
sz300832,新产业,51.47,-0.4,-0.771,51.47,51.5,51.87,51.36,52.85,50.83,7551404.0,389700798.0,15:35:00
sz300833,浩洋股份,36.44,0.2,0.552,36.4,36.44,36.24,36.4,36.8,35.75,639900.0,23202196.0,15:35:15
sz300834,星辉环材,37.88,-1.48,-3.76,37.88,37.9,39.36,39.36,39.56,37.1,1300630.0,49338999.0,15:35:30
sz300835,龙磁科技,156.52,-2.8,-1.757,156.52,156.53,159.32,160.08,162.6,150.05,3263052.0,511516776.0,15:35:45
sz300836,佰奥智能,49.17,0.75,1.549,49.15,49.17,48.42,47.83,49.89,46.52,2022400.0,97407854.0,15:35:00
sz300837,浙矿股份,22.76,-0.36,-1.557,22.76,22.78,23.12,23.36,23.36,22.53,1121246.0,25559224.0,15:35:15
sz300838,浙江力诺,13.75,-0.15,-1.079,13.75,13.77,13.9,13.9,14.05,13.54,2015000.0,27737956.0,15:35:30
sz300839,博汇股份,14.12,1.65,13.232,14.12,14.13,12.47,12.0,14.2,11.63,43018152.0,538559464.0,15:35:45
sz300840,酷特智能,18.13,-0.83,-4.378,18.12,18.13,18.96,18.92,19.14,17.83,5951700.0,108832377.0,15:35:00
sz300841,康华生物,53.27,-3.23,-5.717,53.27,53.28,56.5,57.08,57.68,52.5,7266589.0,396433612.0,15:35:15
sz300842,帝科股份,62.31,-0.29,-0.463,62.31,62.32,62.6,62.6,63.05,60.66,3709863.0,228672586.0,15:35:30
sz300843,胜蓝股份,132.31,-7.19,-5.154,132.3,132.31,139.5,142.98,144.0,125.28,10890758.0,1440775363.0,15:35:45
sz300844,山水比德,23.37,-0.13,-0.553,23.37,23.39,23.5,23.73,23.75,22.95,972900.0,22673966.0,15:35:00
sz300845,捷安高科,12.23,-0.09,-0.731,12.22,12.23,12.32,12.42,12.42,11.95,7620406.0,92929187.0,15:35:15
sz300846,首都在线,18.33,-1.08,-5.564,18.33,18.34,19.41,19.15,19.26,18.0,25856555.0,476954935.0,15:35:30
sz300847,中船汉光,13.76,-0.04,-0.29,13.76,13.77,13.8,13.78,13.86,13.6,2422502.0,33291673.0,15:35:45
sz300848,美瑞新材,12.37,-0.25,-1.981,12.37,12.38,12.62,12.65,12.73,12.25,2575716.0,31930534.0,15:35:00
sz300849,锦盛新材,20.05,-0.62,-3.0,20.05,20.09,20.67,21.08,21.08,19.37,3290700.0,66031567.0,15:35:15
sz300850,新强联,25.06,-0.22,-0.87,25.06,25.07,25.28,25.2,26.06,24.65,10897270.0,275745781.0,15:35:30
sz300851,交大思诺,23.85,-0.55,-2.254,23.85,23.87,24.4,24.38,24.38,23.6,1090900.0,26081757.0,15:35:45
sz300852,四会富仕,44.82,-1.67,-3.592,44.82,44.83,46.49,46.06,46.36,43.18,6298340.0,281343890.0,15:35:00
sz300853,申昊科技,26.7,-0.8,-2.909,26.7,26.71,27.5,27.5,27.81,26.01,5474000.0,144730880.0,15:35:15
sz300854,中兰环保,17.62,-0.18,-1.011,17.62,17.63,17.8,17.8,17.91,17.16,4474860.0,77974768.0,15:35:30
sz300855,图南股份,34.0,0.18,0.532,34.0,34.05,33.82,33.8,34.88,33.55,10940963.0,375141265.0,15:35:45
sz300856,科思股份,10.78,-0.15,-1.372,10.78,10.79,10.93,10.92,10.93,10.67,3852879.0,41497329.0,15:35:00
sz300857,协创数据,240.8,-6.61,-2.672,240.79,240.8,247.41,249.0,250.85,231.77,14480595.0,3465331230.0,15:35:15
sz300858,科拓生物,14.55,-0.85,-5.519,14.55,14.56,15.4,15.3,15.4,14.48,6832809.0,100980717.0,15:35:30
sz300859,西域旅游,26.2,-0.24,-0.908,26.2,26.24,26.44,26.65,27.09,25.93,2800333.0,73935396.0,15:35:45
sz300860,锋尚文化,27.25,0.02,0.073,27.24,27.25,27.23,27.2,27.3,26.69,1040252.0,28059724.0,15:35:00
sz300861,美畅股份,16.63,-0.17,-1.012,16.62,16.63,16.8,16.8,17.08,16.31,8511607.0,141587070.0,15:35:15
sz300862,蓝盾光电,55.1,-1.4,-2.478,55.1,55.11,56.5,55.34,57.6,52.23,33295496.0,1814977573.0,15:35:30
sz300863,卡倍亿,41.7,-1.18,-2.752,41.68,41.7,42.88,42.65,42.78,40.7,4380472.0,181739470.0,15:35:45
sz300864,南大环境,25.69,1.59,6.598,25.68,25.69,24.1,23.62,25.88,23.45,11561649.0,287908386.0,15:35:00
sz300865,大宏立,29.46,0.62,2.15,29.46,29.47,28.84,28.9,29.87,28.36,5814576.0,170739753.0,15:35:15
sz300866,安克创新,115.43,-3.07,-2.591,115.43,115.54,118.5,117.57,119.0,114.1,2208731.0,256007986.0,15:35:30
sz300867,圣元环保,17.68,-0.5,-2.75,17.68,17.69,18.18,18.1,18.18,17.44,9653902.0,170725941.0,15:35:45
sz300868,杰美特,91.11,3.11,3.534,91.11,91.15,88.0,88.07,95.0,86.01,4504343.0,408603385.0,15:35:00
sz300869,康泰医学,11.23,-0.29,-2.517,11.23,11.24,11.52,11.4,11.56,11.16,3146000.0,35573204.0,15:35:15
sz300870,欧陆通,203.0,-7.69,-3.65,203.0,203.01,210.69,208.0,209.64,196.6,5920177.0,1198205535.0,15:35:30
sz300871,回盛生物,22.67,-0.67,-2.871,22.67,22.69,23.34,23.33,23.33,22.4,4583535.0,103935352.0,15:35:45
sz300872,天阳科技,15.0,-0.16,-1.055,14.99,15.0,15.16,15.12,15.6,14.81,13224397.0,199872560.0,15:35:00
sz300873,海晨股份,14.93,-0.47,-3.052,14.93,14.94,15.4,15.41,15.44,14.53,12046310.0,178803875.0,15:35:15
sz300875,捷强装备,31.23,-1.01,-3.133,31.23,31.24,32.24,32.52,32.55,30.91,2755097.0,86536716.0,15:35:30
sz300876,蒙泰高新,15.5,-0.15,-0.958,15.5,15.52,15.65,15.89,15.89,15.31,1978392.0,30699974.0,15:35:45
sz300877,金春股份,27.46,-3.75,-12.015,27.46,27.55,31.21,30.76,30.89,27.01,4784862.0,134349495.0,15:35:00
sz300878,维康药业,31.63,-1.69,-5.072,31.63,31.71,33.32,33.32,33.37,31.23,2685948.0,85884972.0,15:35:15
sz300879,大叶股份,16.13,-0.5,-3.007,16.13,16.15,16.63,16.64,16.7,15.88,2679739.0,43372780.0,15:35:30
sz300880,迦南智能,19.77,0.31,1.593,19.77,19.78,19.46,19.35,20.6,19.2,4462183.0,88743182.0,15:35:45
sz300881,盛德鑫泰,30.95,-2.09,-6.326,30.95,31.01,33.04,32.99,33.12,30.6,1974391.0,61916694.0,15:35:00
sz300882,万胜智能,14.13,-0.27,-1.875,14.13,14.17,14.4,14.4,14.43,13.98,1368359.0,19332750.0,15:35:15
sz300883,龙利得,6.56,0.01,0.153,6.56,6.57,6.55,6.6,6.66,6.45,14138299.0,92476273.0,15:35:30
sz300884,狄耐克,12.36,0.01,0.081,12.36,12.37,12.35,12.35,12.38,11.88,5551033.0,67194935.0,15:35:45
sz300885,海昌新材,20.0,0.11,0.553,20.0,20.01,19.89,19.58,20.26,19.06,4526068.0,88621534.0,15:35:00
sz300886,华业香料,24.35,-0.19,-0.774,24.31,24.36,24.54,24.83,24.86,24.05,1299675.0,31618714.0,15:35:15
sz300887,谱尼测试,7.09,-0.05,-0.7,7.08,7.09,7.14,7.48,7.58,7.02,22577581.0,163110787.0,15:35:30
sz300888,稳健医疗,28.49,-0.53,-1.826,28.48,28.49,29.02,28.93,29.15,28.49,2304860.0,66278351.0,15:35:45
sz300889,爱克股份,20.78,-0.43,-2.027,20.78,20.81,21.21,21.42,21.43,20.45,2825240.0,58630773.0,15:35:00
sz300890,翔丰华,26.99,0.21,0.784,26.99,27.0,26.78,26.6,27.58,26.52,6407120.0,173503061.0,15:35:15
sz300891,惠云钛业,7.34,0.05,0.686,7.33,7.34,7.29,7.29,7.44,7.21,5388860.0,39421197.0,15:35:30
sz300892,品渥食品,21.93,-0.71,-3.136,21.92,21.93,22.64,22.44,22.58,21.78,1945500.0,42872582.0,15:35:45
sz300893,松原安全,13.93,-1.02,-6.823,13.93,13.94,14.95,14.71,14.8,13.88,5835996.0,82905280.0,15:35:00
sz300894,火星人,10.86,-0.29,-2.601,10.86,10.87,11.15,11.09,11.19,10.72,5818979.0,63337891.0,15:35:15
sz300895,铜牛信息,53.63,1.14,2.172,53.63,53.64,52.49,52.49,54.21,50.14,6877323.0,362278354.0,15:35:30
sz300896,爱美客,91.4,-0.96,-1.039,91.4,91.41,92.36,92.3,93.84,91.0,2747470.0,252826295.0,15:35:45
sz300897,山科智能,16.93,1.12,7.084,16.92,16.93,15.81,16.0,17.3,15.88,7459932.0,124132036.0,15:35:00
sz300898,熊猫乳品,20.42,-0.29,-1.4,20.42,20.43,20.71,20.68,20.97,20.2,3219100.0,65873132.0,15:35:15
sz300899,上海凯鑫,28.5,-0.65,-2.23,28.5,28.6,29.15,29.33,29.33,28.06,526600.0,15009445.0,15:35:30
sz300900,广联航空,21.56,-0.48,-2.178,21.56,21.57,22.04,22.05,22.18,21.13,15363684.0,331738215.0,15:35:45
sz300901,中胤时尚,19.1,0.94,5.176,19.09,19.1,18.16,18.58,19.12,17.72,6251100.0,115662409.0,15:35:00
sz300902,国安达,15.02,-0.89,-5.594,15.01,15.02,15.91,15.89,15.9,14.82,5100300.0,77215268.0,15:35:15
sz300903,科翔股份,77.8,-0.82,-1.043,77.8,77.81,78.62,78.5,79.46,74.17,19899816.0,1521722513.0,15:35:30
sz300904,威力传动,38.7,-2.47,-6.0,38.63,38.71,41.17,40.14,40.9,33.02,1259597.0,49075877.0,15:35:45
sz300905,宝丽迪,35.12,-1.08,-2.983,35.12,35.14,36.2,36.29,36.35,34.56,4356910.0,153219693.0,15:35:00
sz300906,日月明,30.98,0.4,1.308,30.98,30.99,30.58,30.41,31.55,30.05,3233147.0,99851969.0,15:35:15
sz300907,康平科技,51.52,0.22,0.429,51.52,51.55,51.3,52.0,52.77,50.27,3935914.0,202564723.0,15:35:30
sz300908,仲景食品,24.99,0.48,1.958,24.99,25.0,24.51,24.47,25.01,24.36,2169935.0,53828373.0,15:35:45
sz300909,汇创达,53.49,-1.3,-2.373,53.48,53.49,54.79,54.01,54.99,51.98,4060450.0,216545744.0,15:35:00
sz300910,瑞丰新材,25.26,0.11,0.437,25.26,25.27,25.15,25.25,25.5,25.02,4202157.0,106276578.0,15:35:15
sz300911,亿田智能,21.95,-2.44,-10.004,21.95,21.96,24.39,24.12,24.16,21.54,19070046.0,428132928.0,15:35:30
sz300912,凯龙高科,19.06,-0.63,-3.2,19.05,19.07,19.69,19.66,19.68,18.66,3826929.0,72760359.0,15:35:45
sz300913,兆龙互连,34.9,-1.01,-2.813,34.9,34.91,35.91,35.85,36.13,34.06,6591548.0,230714091.0,15:35:00
sz300915,海融科技,19.97,-0.28,-1.383,19.97,20.0,20.25,20.25,20.46,19.86,716140.0,14370920.0,15:35:15
sz300916,朗特智能,26.46,0.46,1.769,26.46,26.47,26.0,25.69,26.84,25.38,8454475.0,221047018.0,15:35:30
sz300917,特发服务,25.77,-0.7,-2.645,25.77,25.78,26.47,26.5,26.75,25.6,6101716.0,158892858.0,15:35:45
sz300918,南山智尚,10.19,-0.08,-0.779,10.19,10.2,10.27,10.35,10.49,10.08,5045400.0,51686770.0,15:35:00
sz300919,中伟新材,40.0,-0.47,-1.161,40.0,40.02,40.47,40.61,41.36,39.57,11111548.0,448757830.0,15:35:15
sz300920,润阳科技,33.08,-0.68,-2.014,33.08,33.2,33.76,34.6,34.6,32.7,1732477.0,57563926.0,15:35:30
sz300921,南凌科技,14.52,-0.72,-4.724,14.52,14.54,15.24,15.24,15.24,14.2,7840636.0,114436259.0,15:35:45
sz300922,天秦装备,17.11,0.04,0.234,17.11,17.12,17.07,17.06,17.28,16.86,2951456.0,50349469.0,15:35:00
sz300923,研奥股份,24.48,-0.22,-0.891,24.43,24.48,24.7,24.75,24.94,24.24,1127643.0,27546892.0,15:35:15
sz300925,法本信息,14.27,-0.16,-1.109,14.27,14.28,14.43,14.36,14.55,14.12,4854670.0,69318058.0,15:35:30
sz300926,博俊科技,16.98,-0.21,-1.222,16.98,16.99,17.19,17.18,17.22,16.83,2744645.0,46673460.0,15:35:45
sz300927,江天化学,29.2,2.19,8.108,29.19,29.2,27.01,26.71,29.99,26.35,23030578.0,658536811.0,15:35:00
sz300928,华安鑫创,25.09,-0.04,-0.159,25.08,25.09,25.13,25.29,25.55,24.79,1056172.0,26418227.0,15:35:15
sz300929,华骐环保,16.26,0.91,5.928,16.26,16.29,15.35,15.28,16.45,15.06,10422742.0,164374408.0,15:35:30
sz300930,屹通新材,24.97,-0.36,-1.421,24.97,25.01,25.33,25.33,25.54,24.3,1487119.0,37198748.0,15:35:45
sz300931,通用电梯,14.93,-0.4,-2.609,14.91,14.93,15.33,15.41,15.41,14.6,6333332.0,94722124.0,15:35:00
sz300932,三友联众,10.53,0.11,1.056,10.52,10.53,10.42,10.53,10.59,10.19,13315975.0,138524435.0,15:35:15
sz300933,中辰股份,6.6,0.33,5.263,6.6,6.61,6.27,6.3,6.66,6.28,24094030.0,157895010.0,15:35:30
sz300935,盈建科,29.36,-0.82,-2.717,29.36,29.45,30.18,30.45,30.8,29.01,2745980.0,80863239.0,15:35:45
sz300936,中英科技,76.42,-10.44,-12.019,76.37,76.42,86.86,85.01,85.88,73.01,6613721.0,516938654.0,15:35:00
sz300937,药易购,25.16,-0.96,-3.675,25.16,25.17,26.12,26.08,26.4,25.0,6429752.0,163672277.0,15:35:15
sz300938,信测标准,27.55,-0.45,-1.607,27.55,27.56,28.0,28.0,28.2,26.96,9683630.0,266182620.0,15:35:30
sz300939,秋田微,61.72,0.02,0.032,61.7,61.72,61.7,61.65,62.5,58.5,3564889.0,215014619.0,15:35:45
sz300940,南极光,13.45,-0.29,-2.111,13.44,13.45,13.74,13.7,13.9,13.28,3147600.0,42472886.0,15:35:00
sz300941,创识科技,15.29,0.25,1.662,15.29,15.3,15.04,14.81,15.36,14.78,9334599.0,141459439.0,15:35:15
sz300942,易瑞生物,6.98,0.26,3.869,6.98,6.99,6.72,7.3,7.7,6.74,37329045.0,268618666.0,15:35:30
sz300943,春晖智控,29.33,-1.45,-4.711,29.32,29.33,30.78,30.78,30.98,28.56,12100853.0,356128593.0,15:35:45
sz300945,曼卡龙,12.96,0.24,1.887,12.95,12.96,12.72,13.38,13.5,12.6,30472035.0,397275826.0,15:35:00
sz300946,恒而达,38.09,-0.78,-2.007,38.09,38.15,38.87,38.75,39.0,37.01,2088899.0,79102803.0,15:35:15
sz300947,德必集团,13.95,-0.22,-1.553,13.93,13.95,14.17,14.18,14.34,13.91,2367106.0,33244710.0,15:35:30
sz300948,冠中生态,20.51,0.03,0.146,20.51,20.52,20.48,20.31,20.54,19.78,4047900.0,81569634.0,15:35:45
sz300949,奥雅股份,22.27,-0.18,-0.802,22.27,22.28,22.45,22.38,22.6,21.92,1053255.0,23340662.0,15:35:00
sz300950,德固特,16.5,-0.21,-1.257,16.5,16.55,16.71,16.71,16.82,16.29,1310700.0,21582782.0,15:35:15
sz300951,博硕科技,68.41,-2.56,-3.607,68.41,68.42,70.97,70.2,70.95,66.45,5439751.0,370735362.0,15:35:30
sz300952,恒辉安防,15.97,-0.49,-2.977,15.97,15.98,16.46,16.46,16.46,15.73,4105127.0,65668870.0,15:35:45
sz300953,震裕科技,97.66,-2.35,-2.35,97.66,97.69,100.01,99.95,100.05,95.3,4672779.0,454069751.0,15:35:00
sz300955,嘉亨家化,29.49,-1.26,-4.098,29.44,29.49,30.75,30.71,30.73,28.79,1454995.0,42968129.0,15:35:15
sz300956,英力股份,10.99,-0.17,-1.523,10.99,11.03,11.16,11.1,11.17,10.85,3072180.0,33699117.0,15:35:30
sz300957,贝泰妮,31.05,-0.63,-1.989,31.04,31.05,31.68,31.67,31.75,30.77,6029400.0,187382437.0,15:35:45
sz300958,建工修复,12.51,0.04,0.321,12.5,12.51,12.47,12.38,12.71,12.26,6683300.0,83451058.0,15:35:00
sz300959,线上线下,90.58,-3.48,-3.7,90.58,90.61,94.06,93.0,94.05,88.0,2053675.0,185607617.0,15:35:15
sz300960,通业科技,16.54,0.17,1.038,16.54,16.55,16.37,16.42,16.99,16.36,2789747.0,46386358.0,15:35:30
sz300961,深水海纳,11.66,0.09,0.778,11.66,11.67,11.57,11.49,11.84,11.21,4811200.0,55161045.0,15:35:45
sz300962,中金辐照,13.37,0.61,4.781,13.36,13.37,12.76,12.88,13.44,12.58,6072181.0,79151633.0,15:35:00
sz300963,中洲特材,11.11,-0.09,-0.804,11.11,11.12,11.2,11.2,11.27,10.96,4643780.0,51513342.0,15:35:15
sz300964,本川智能,55.44,-1.48,-2.6,55.44,55.5,56.92,56.98,57.62,53.63,3370506.0,185527947.0,15:35:30
sz300965,恒宇信通,42.66,-0.8,-1.841,42.66,42.7,43.46,43.08,43.68,42.15,589345.0,25205598.0,15:35:45
sz300966,共同药业,24.31,-0.86,-3.417,24.31,24.32,25.17,25.2,25.35,23.85,2622606.0,64062393.0,15:35:00
sz300967,晓鸣股份,16.36,-0.09,-0.547,16.36,16.37,16.45,16.31,16.43,15.91,6372200.0,103107427.0,15:35:15
sz300968,格林精密,9.88,-0.43,-4.171,9.87,9.88,10.31,10.33,10.37,9.73,7583757.0,75252950.0,15:35:30
sz300969,恒帅股份,74.05,0.5,0.68,74.05,74.06,73.55,73.58,76.98,72.64,2088374.0,155142649.0,15:35:45
sz300970,华绿生物,17.82,-1.36,-7.091,17.82,17.84,19.18,19.07,19.35,17.51,29877574.0,548662206.0,15:35:00
sz300971,博亚精工,17.47,-1.33,-7.074,17.46,17.47,18.8,17.99,18.03,17.27,5638580.0,99058363.0,15:35:15
sz300972,万辰集团,202.9,1.84,0.915,202.9,202.95,201.06,199.0,203.44,197.2,1550350.0,310813392.0,15:35:30
sz300973,立高食品,23.96,-0.48,-1.964,23.96,23.97,24.44,24.28,24.51,23.7,2625732.0,62939363.0,15:35:45
sz300975,商络电子,24.67,-0.93,-3.633,24.66,24.67,25.6,25.6,25.68,23.88,33302098.0,817712078.0,15:35:00
sz300976,达瑞电子,57.34,-0.66,-1.138,57.33,57.34,58.0,58.1,59.0,55.26,5153452.0,294553048.0,15:35:15
sz300977,深圳瑞捷,16.1,-0.28,-1.709,16.09,16.1,16.38,16.38,16.4,15.85,1866080.0,29917826.0,15:35:30
sz300978,东箭科技,8.52,-0.02,-0.234,8.52,8.53,8.54,8.56,8.62,8.44,2619303.0,22275021.0,15:35:45
sz300979,华利集团,33.14,-0.1,-0.301,33.13,33.14,33.24,32.99,33.26,32.03,4638326.0,151362966.0,15:35:00
sz300980,祥源新材,22.45,-0.15,-0.664,22.44,22.45,22.6,22.6,23.45,21.92,5450889.0,123071872.0,15:35:15
sz300981,中红医疗,14.44,-0.29,-1.969,14.44,14.45,14.73,14.62,14.77,14.28,10173240.0,146862786.0,15:35:30
sz300982,苏文电能,14.59,-0.19,-1.286,14.58,14.59,14.78,14.9,14.9,14.38,1563800.0,22790647.0,15:35:45
sz300983,尤安设计,39.36,-0.58,-1.452,39.21,39.36,39.94,39.94,39.94,37.86,1217061.0,47000743.0,15:35:00
sz300984,金沃股份,30.97,-1.27,-3.939,30.94,30.97,32.24,31.89,32.83,30.26,3857974.0,120000289.0,15:35:15
sz300985,致远新能,38.11,-1.44,-3.641,38.11,38.14,39.55,39.44,39.87,37.05,4469251.0,170752183.0,15:35:30
sz300986,志特新材,11.5,-0.4,-3.361,11.5,11.51,11.9,11.96,11.97,11.33,22568472.0,260860492.0,15:35:45
sz300987,川网传媒,13.09,-0.15,-1.133,13.05,13.09,13.24,13.19,13.33,12.92,2179400.0,28511138.0,15:35:00
sz300988,津荣天宇,14.34,-0.32,-2.183,14.34,14.36,14.66,14.8,14.8,14.16,2380461.0,34211900.0,15:35:15
sz300989,蕾奥规划,14.2,-0.2,-1.389,14.17,14.2,14.4,14.38,14.58,14.03,4983350.0,71202723.0,15:35:30
sz300990,同飞股份,73.23,0.1,0.137,73.22,73.23,73.13,73.0,75.46,70.34,6755946.0,492451977.0,15:35:45
sz300991,创益通,25.87,-2.88,-10.017,25.86,25.87,28.75,28.3,28.3,25.08,6746510.0,177518014.0,15:35:00
sz300992,泰福泵业,23.98,-0.19,-0.786,23.9,23.98,24.17,24.17,24.74,23.5,1496500.0,36039917.0,15:35:15
sz300993,玉马科技,9.76,-0.18,-1.811,9.74,9.76,9.94,9.92,9.93,9.62,2345093.0,22836780.0,15:35:30
sz300994,久祺股份,11.32,0.15,1.343,11.32,11.33,11.17,11.22,11.48,11.13,2746891.0,31058927.0,15:35:45
sz300995,奇德新材,26.14,0.02,0.077,26.14,26.26,26.12,26.14,26.66,25.83,1272104.0,33276636.0,15:35:00
sz300996,普联软件,14.09,-0.28,-1.949,14.08,14.09,14.37,14.36,14.42,13.72,25405091.0,354888831.0,15:35:15
sz300997,欢乐家,15.88,-0.51,-3.112,15.88,15.89,16.39,16.32,16.42,15.7,5132954.0,81794924.0,15:35:30
sz300998,宁波方正,25.65,-0.75,-2.841,25.64,25.65,26.4,26.24,26.62,25.2,3518600.0,90212208.0,15:35:45
sz300999,金龙鱼,24.78,-0.23,-0.92,24.78,24.79,25.01,24.88,25.12,24.59,10081566.0,250037367.0,15:35:00
sz301000,肇民科技,23.73,-0.16,-0.67,23.73,23.76,23.89,23.95,24.15,23.35,2759065.0,65242287.0,15:35:15
sz301001,凯淳股份,23.52,-0.17,-0.718,23.48,23.52,23.69,23.99,24.03,23.08,1004900.0,23569236.0,15:35:30
sz301002,崧盛股份,27.58,-0.38,-1.359,27.57,27.58,27.96,27.86,28.7,26.87,6842948.0,189283432.0,15:35:45
sz301003,江苏博云,57.5,1.54,2.752,57.49,57.5,55.96,56.0,57.55,55.2,2336666.0,132244510.0,15:35:00
sz301004,嘉益股份,34.16,0.4,1.185,34.11,34.16,33.76,33.93,34.16,33.52,413300.0,13983953.0,15:35:15
sz301005,超捷股份,71.32,-1.69,-2.315,71.32,71.33,73.01,72.96,73.69,69.84,11789739.0,842956853.0,15:35:30
sz301006,迈拓股份,13.5,-0.25,-1.818,13.5,13.53,13.75,13.75,13.81,13.4,1198549.0,16273226.0,15:35:45
sz301007,德迈仕,29.34,2.18,8.027,29.33,29.34,27.16,27.18,29.4,26.92,6642936.0,188285830.0,15:35:00
sz301008,宏昌科技,38.07,-2.23,-5.533,38.07,38.08,40.3,41.0,41.28,37.37,9590098.0,370952658.0,15:35:15
sz301009,可靠股份,8.94,-0.09,-0.997,8.94,8.95,9.03,9.07,9.12,8.86,2183200.0,19541277.0,15:35:30
sz301010,晶雪节能,17.49,0.02,0.114,17.49,17.5,17.47,17.42,18.17,17.23,1660000.0,29124089.0,15:35:45
sz301011,华立科技,14.64,-0.16,-1.081,14.64,14.65,14.8,14.81,15.04,14.5,1563200.0,22915450.0,15:35:00
sz301012,扬电科技,24.8,-0.45,-1.782,24.8,24.82,25.25,25.95,26.31,24.11,8709130.0,216651468.0,15:35:15
sz301013,利和兴,40.26,-1.7,-4.051,40.26,40.27,41.96,41.58,41.73,38.97,18780337.0,752476737.0,15:35:30
sz301015,百洋医药,24.87,-0.99,-3.828,24.85,24.87,25.86,25.6,25.9,24.59,7968513.0,199623477.0,15:35:45
sz301016,雷尔伟,11.86,-0.1,-0.836,11.85,11.86,11.96,11.97,12.41,11.63,3707546.0,44417452.0,15:35:00
sz301017,漱玉平民,12.76,-0.44,-3.333,12.75,12.76,13.2,13.45,13.45,12.7,5706800.0,73330082.0,15:35:15
sz301018,申菱环境,89.7,0.1,0.112,89.69,89.7,89.6,91.0,92.59,86.7,15898112.0,1431175652.0,15:35:30
sz301019,宁波色母,14.87,-0.2,-1.327,14.87,14.89,15.07,15.09,15.12,14.73,1301540.0,19375151.0,15:35:45
sz301020,密封科技,20.2,-0.2,-0.98,20.2,20.25,20.4,20.58,20.58,19.8,1365500.0,27466166.0,15:35:00
sz301021,英诺激光,75.34,-0.46,-0.607,75.31,75.35,75.8,75.44,78.24,72.9,9571745.0,720078787.0,15:35:15
sz301022,海泰科,22.62,-0.5,-2.163,22.62,22.63,23.12,23.14,23.36,22.5,1148146.0,26186817.0,15:35:30
sz301023,奕帆传动,27.75,-1.56,-5.322,27.75,27.76,29.31,29.26,29.31,27.31,2376957.0,66362074.0,15:35:45
sz301024,霍普股份,31.88,0.42,1.335,31.83,31.88,31.46,31.41,32.16,31.3,761300.0,24104880.0,15:35:00
sz301025,读客文化,9.04,0.03,0.333,9.04,9.05,9.01,8.97,9.14,8.83,9941500.0,89325878.0,15:35:15
sz301026,浩通科技,21.8,0.32,1.49,21.79,21.8,21.48,21.57,22.56,21.01,15847902.0,344665495.0,15:35:30
sz301027,华蓝集团,20.28,0.31,1.552,20.27,20.28,19.97,19.85,20.75,19.63,6879157.0,140056260.0,15:35:45
sz301028,鼎熔岩,12.74,-0.51,-3.849,12.73,12.74,13.25,13.12,13.17,12.56,6811346.0,86891848.0,15:35:00
sz301029,怡合达,24.69,-0.07,-0.283,24.68,24.69,24.76,24.74,24.75,24.09,8268542.0,201455971.0,15:35:15
sz301030,*ST仕净,8.14,-0.55,-6.329,8.14,8.15,8.69,8.15,8.31,7.95,7900000.0,64412530.0,15:35:30
sz301031,中熔电气,91.29,-1.49,-1.606,91.25,91.29,92.78,92.1,93.26,89.38,2410331.0,219582646.0,15:35:45
sz301032,新柴股份,9.92,-0.12,-1.195,9.92,9.93,10.04,10.04,10.08,9.82,2808300.0,27868359.0,15:35:00
sz301033,迈普医学,55.3,-1.52,-2.675,55.3,55.31,56.82,57.0,58.59,55.0,1326858.0,74274842.0,15:35:15
sz301035,润丰股份,56.05,3.57,6.803,56.05,56.06,52.48,53.9,57.77,53.89,5085127.0,286088971.0,15:35:30
sz301036,双乐股份,22.13,-0.2,-0.896,22.13,22.18,22.33,22.31,22.36,21.85,874900.0,19317551.0,15:35:45
sz301037,保立佳,13.15,-0.36,-2.665,13.15,13.16,13.51,13.5,13.5,12.91,2459704.0,32320273.0,15:35:00
sz301038,深水规院,15.78,-0.11,-0.692,15.78,15.8,15.89,16.02,16.18,15.54,2241030.0,35386383.0,15:35:15
sz301039,中集车辆,8.26,0.28,3.509,8.25,8.26,7.98,7.99,8.36,7.95,20615526.0,169350172.0,15:35:30
sz301040,中环海陆,27.28,-0.05,-0.183,27.28,27.38,27.33,27.35,27.53,26.52,1373700.0,37157676.0,15:35:45
sz301041,金百泽,25.17,-0.43,-1.68,25.15,25.17,25.6,25.49,25.85,24.53,2789748.0,70122424.0,15:35:00
sz301042,安联锐视,32.28,-0.59,-1.795,32.21,32.28,32.87,32.98,33.21,31.22,3515690.0,112791377.0,15:35:15
sz301043,绿岛风,43.83,-0.15,-0.341,43.82,43.83,43.98,44.5,44.5,43.1,579800.0,25221485.0,15:35:30
sz301045,天禄科技,64.05,-1.78,-2.704,64.05,64.06,65.83,65.89,66.3,61.8,2695391.0,171682386.0,15:35:45
sz301046,能辉科技,22.92,1.07,4.897,22.92,22.93,21.85,21.96,22.93,21.86,5003373.0,112309463.0,15:35:00
sz301047,义翘神州,110.33,-8.47,-7.13,110.33,110.35,118.8,120.93,121.8,108.39,11512548.0,1292507347.0,15:35:15
sz301048,金鹰重工,9.02,-0.44,-4.651,9.02,9.03,9.46,9.27,9.34,8.96,10266283.0,93338014.0,15:35:30
sz301049,超越科技,19.86,-0.44,-2.167,19.85,19.9,20.3,20.42,20.42,19.65,1056000.0,21013525.0,15:35:45
sz301050,雷电微力,27.91,-3.17,-10.199,27.9,27.91,31.08,28.06,29.1,27.56,9478697.0,266417588.0,15:35:00
sz301051,信濠光电,18.17,-2.43,-11.796,18.17,18.2,20.6,20.4,20.4,17.65,25490936.0,475415917.0,15:35:15
sz301052,果麦文化,22.27,-0.54,-2.367,22.27,22.32,22.81,22.7,22.87,22.13,2690300.0,60271554.0,15:35:30
sz301053,远信工业,40.3,-0.88,-2.137,40.25,40.3,41.18,40.96,40.96,37.68,4416314.0,174573618.0,15:35:45
sz301055,张小泉,29.82,0.62,2.123,29.81,29.82,29.2,29.55,29.87,28.43,3862594.0,112448653.0,15:35:00
sz301056,森赫股份,11.4,0.42,3.825,11.4,11.41,10.98,11.06,11.44,10.88,3320000.0,37310324.0,15:35:15
sz301057,汇隆新材,21.42,-0.13,-0.603,21.42,21.49,21.55,21.35,22.29,21.11,1724213.0,37137059.0,15:35:30
sz301058,中粮科工,8.33,0.07,0.847,8.33,8.34,8.26,8.29,8.56,8.25,7993632.0,66990235.0,15:35:45
sz301059,金三江,11.3,0.0,0.0,11.3,11.32,11.3,11.31,11.4,11.17,2076200.0,23367255.0,15:35:00
sz301060,兰卫医学,11.43,-0.07,-0.609,11.43,11.44,11.5,11.74,12.35,11.15,38512925.0,445997914.0,15:35:15
sz301061,匠心家居,34.56,-0.15,-0.432,34.52,34.56,34.71,34.48,35.39,34.23,1638932.0,56850096.0,15:35:30
sz301062,上海艾录,7.14,-0.16,-2.192,7.13,7.14,7.3,7.35,7.5,7.0,17203335.0,123167358.0,15:35:45
sz301063,海锅股份,17.86,-0.17,-0.943,17.82,17.86,18.03,18.22,18.22,17.67,1058800.0,18924622.0,15:35:00
sz301065,本立科技,19.21,0.03,0.156,19.21,19.22,19.18,19.04,19.4,18.76,1353650.0,25772655.0,15:35:15
sz301066,万事利,11.85,-0.08,-0.671,11.85,11.86,11.93,12.16,12.45,11.77,4287817.0,51658084.0,15:35:30
sz301067,显盈科技,28.32,-0.93,-3.179,28.32,28.33,29.25,29.25,29.3,27.86,2048992.0,58247262.0,15:35:45
sz301068,大地海洋,27.97,0.95,3.516,27.97,28.03,27.02,27.03,28.45,26.53,1804215.0,50158921.0,15:35:00
sz301069,凯盛新材,16.06,-0.2,-1.23,16.06,16.08,16.26,16.15,16.45,15.87,3703701.0,59607401.0,15:35:15
sz301070,开勒股份,64.67,-4.4,-6.37,64.61,64.67,69.07,69.8,69.92,63.09,4319725.0,283486687.0,15:35:30
sz301071,力量钻石,56.62,-2.57,-4.342,56.62,56.63,59.19,59.2,59.77,55.0,11447471.0,648808094.0,15:35:45
sz301072,中捷精工,41.82,-1.61,-3.707,41.82,41.91,43.43,43.43,43.55,41.26,3093800.0,130086393.0,15:35:00
sz301073,君亭酒店,17.69,-0.35,-1.94,17.68,17.69,18.04,17.96,18.25,17.43,4644470.0,82373042.0,15:35:15
sz301075,多瑞医药,53.75,0.05,0.093,53.75,53.8,53.7,54.0,55.1,52.5,1061400.0,56798443.0,15:35:30
sz301076,新瀚新材,19.86,-0.54,-2.647,19.84,19.86,20.4,20.3,20.51,19.58,2734496.0,54275923.0,15:35:45
sz301077,星华新材,20.58,-0.47,-2.233,20.57,20.58,21.05,21.09,21.09,20.3,1820846.0,37533099.0,15:35:00
sz301078,孩子王,6.92,-0.04,-0.575,6.91,6.92,6.96,6.94,7.0,6.87,10970438.0,75919530.0,15:35:15
sz301079,邵阳液压,27.36,-0.54,-1.935,27.36,27.37,27.9,27.79,28.14,26.83,2712528.0,74144524.0,15:35:30
sz301080,百普赛斯,92.63,-6.29,-6.359,92.63,92.65,98.92,98.9,102.18,91.19,18693755.0,1779888535.0,15:35:45
sz301081,严牌股份,14.94,1.56,11.659,14.94,14.95,13.38,14.21,14.94,13.66,14016936.0,198643389.0,15:35:00
sz301082,久盛电气,9.35,-0.11,-1.163,9.34,9.35,9.46,9.46,9.57,9.18,6332290.0,59132663.0,15:35:15
sz301083,百胜智能,13.66,-0.37,-2.637,13.66,13.7,14.03,13.8,14.27,13.45,2518900.0,34723956.0,15:35:30
sz301085,亚康股份,57.31,-1.08,-1.85,57.31,57.35,58.39,59.44,59.6,56.0,3064399.0,174439148.0,15:35:45
sz301086,鸿富瀚,116.88,-7.01,-5.658,116.83,116.88,123.89,123.72,125.97,112.5,4216559.0,497907159.0,15:35:00
sz301087,可孚医疗,47.42,-0.61,-1.27,47.41,47.44,48.03,47.55,48.4,47.06,1305621.0,61839379.0,15:35:15
sz301088,戎美股份,12.49,0.01,0.08,12.49,12.5,12.48,12.61,12.63,12.34,983200.0,12256708.0,15:35:30
sz301089,拓新药业,23.14,-1.06,-4.38,23.14,23.15,24.2,24.0,24.46,22.99,4201710.0,98472926.0,15:35:45
sz301090,华润材料,7.02,0.22,3.235,7.01,7.02,6.8,6.82,7.24,6.82,23359805.0,164352758.0,15:35:00
sz301091,深城交,18.44,0.21,1.152,18.43,18.44,18.23,18.18,18.51,18.12,6071946.0,111338594.0,15:35:15
sz301092,争光股份,44.7,0.25,0.562,44.7,44.77,44.45,44.47,45.96,43.88,2981960.0,133536598.0,15:35:30
sz301093,华兰股份,78.44,-3.55,-4.33,78.44,78.45,81.99,81.34,82.9,76.71,7131755.0,564014731.0,15:35:45
sz301095,广立微,73.02,-1.29,-1.736,73.02,73.03,74.31,74.29,74.68,71.1,4203063.0,306606350.0,15:35:00
sz301096,百诚医药,48.2,-1.57,-3.155,48.2,48.22,49.77,49.19,50.76,47.6,2341152.0,113292695.0,15:35:15
sz301097,天益医疗,33.2,-1.38,-3.991,33.18,33.2,34.58,34.61,34.62,32.72,1397607.0,46677934.0,15:35:30
sz301098,金埔园林,8.97,0.09,1.014,8.96,8.97,8.88,9.03,9.6,8.85,11505092.0,104379572.0,15:35:45
sz301099,雅创电子,48.08,-1.72,-3.454,48.08,48.09,49.8,49.57,50.43,46.25,8023220.0,384087818.0,15:35:00
sz301100,风光股份,15.81,-0.31,-1.923,15.81,15.82,16.12,16.05,16.26,15.65,1095900.0,17356495.0,15:35:15
sz301101,明月镜片,28.17,-1.28,-4.346,28.16,28.17,29.45,29.6,29.6,28.03,2372604.0,67556978.0,15:35:30
sz301102,兆讯传媒,9.27,-0.07,-0.749,9.26,9.27,9.34,9.4,9.45,9.21,1429100.0,13291317.0,15:35:45
sz301103,何氏眼科,16.39,-0.35,-2.091,16.39,16.41,16.74,16.66,17.04,16.29,1971903.0,32573017.0,15:35:00
sz301105,鸿铭股份,46.12,-1.23,-2.598,46.12,46.19,47.35,46.82,47.15,45.01,742700.0,34151833.0,15:35:15
sz301106,骏成科技,20.86,-2.49,-10.664,20.86,20.87,23.35,21.81,21.92,20.45,13484683.0,285019376.0,15:35:30
sz301107,瑜欣电子,19.87,-0.24,-1.193,19.84,19.88,20.11,20.05,20.4,19.57,1293308.0,25638331.0,15:35:45
sz301108,洁雅股份,37.82,0.03,0.079,37.68,37.82,37.79,38.93,39.5,37.38,2722976.0,104155462.0,15:35:00
sz301109,军信股份,13.13,-0.2,-1.5,13.13,13.14,13.33,13.32,13.45,13.0,4748219.0,62501621.0,15:35:15
sz301110,青木科技,33.65,-1.25,-3.582,33.65,33.67,34.9,34.89,34.89,33.36,1761260.0,59607230.0,15:35:30
sz301111,粤万年青,21.07,-0.66,-3.037,21.05,21.07,21.73,21.5,21.73,20.83,5315400.0,112320218.0,15:35:45
sz301112,信邦智能,30.14,-0.44,-1.439,30.12,30.14,30.58,30.58,30.73,29.6,649745.0,19483677.0,15:35:00
sz301113,雅艺科技,16.45,-0.21,-1.261,16.45,16.53,16.66,16.67,16.98,16.2,1549179.0,25475704.0,15:35:15
sz301115,联检科技,28.01,-1.91,-6.384,28.01,28.02,29.92,29.8,29.82,27.0,7219497.0,201613040.0,15:35:30
sz301116,益客食品,9.37,0.04,0.429,9.37,9.38,9.33,9.34,9.38,9.04,7760490.0,71754121.0,15:35:45
sz301117,佳缘科技,0.0,0.0,0.0,0.0,0.0,17.72,0.0,0.0,0.0,0.0,0.0,15:35:00
sz301118,恒光股份,22.18,-0.18,-0.805,22.15,22.18,22.36,22.4,22.61,21.71,1878400.0,41465987.0,15:35:15
sz301119,正强股份,21.7,-1.09,-4.783,21.7,21.71,22.79,23.0,23.2,21.38,2855062.0,62943422.0,15:35:30
sz301120,新特电气,14.52,-0.26,-1.759,14.51,14.52,14.78,14.76,14.87,14.23,5593400.0,81036011.0,15:35:45
sz301121,紫建电子,34.33,-0.5,-1.436,34.33,34.38,34.83,34.68,35.17,33.61,806160.0,27546991.0,15:35:00
sz301122,采纳股份,39.0,-0.5,-1.266,39.0,39.01,39.5,39.75,40.55,37.42,6605130.0,255397472.0,15:35:15
sz301123,奕东电子,73.68,-1.77,-2.346,73.66,73.68,75.45,76.01,76.95,71.33,7128209.0,529354608.0,15:35:30
sz301125,腾亚精工,11.93,-0.27,-2.213,11.92,11.93,12.2,12.18,12.29,11.72,3054597.0,36402098.0,15:35:45
sz301126,达嘉维康,10.0,-0.17,-1.672,9.99,10.0,10.17,10.18,10.24,9.9,4203600.0,42145039.0,15:35:00
sz301127,武汉天源,18.52,-0.3,-1.594,18.51,18.52,18.82,18.98,19.39,17.72,34091087.0,623033107.0,15:35:15
sz301128,强瑞技术,106.1,-3.38,-3.087,106.05,106.1,109.48,110.03,110.51,102.3,4438382.0,469502294.0,15:35:30
sz301129,瑞纳智能,23.83,-1.72,-6.732,23.83,23.84,25.55,24.68,24.85,23.31,7818945.0,186981462.0,15:35:45
sz301130,西点药业,33.09,1.71,5.449,33.09,33.1,31.38,33.98,35.95,32.5,15214479.0,518873378.0,15:35:00
sz301131,聚赛龙,33.3,-0.9,-2.632,33.3,33.33,34.2,33.88,34.1,32.61,1113571.0,36970668.0,15:35:15
sz301132,满坤科技,35.41,-1.23,-3.357,35.41,35.42,36.64,36.5,36.64,34.39,4735224.0,167086641.0,15:35:30
sz301133,金钟股份,27.8,-0.38,-1.348,27.79,27.8,28.18,28.24,28.5,27.2,2788900.0,77193263.0,15:35:45
sz301135,瑞德智能,16.64,-0.24,-1.422,16.63,16.64,16.88,16.98,16.98,16.43,1168086.0,19413445.0,15:35:00
sz301136,招标股份,11.17,-0.2,-1.759,11.17,11.2,11.37,11.37,11.45,11.05,3640600.0,40779647.0,15:35:15
sz301137,哈焊华通,29.39,-2.11,-6.698,29.39,29.4,31.5,31.33,31.33,29.0,4820644.0,143299114.0,15:35:30
sz301138,华研精机,29.0,2.27,8.492,28.99,29.0,26.73,28.55,31.6,28.55,4672802.0,139871817.0,15:35:45
sz301139,*ST元道,3.43,0.03,0.882,3.43,3.44,3.4,3.48,3.53,3.4,6823200.0,23528268.0,15:35:00
sz301141,中科磁业,40.63,-0.53,-1.288,40.61,40.63,41.16,41.71,42.55,39.91,2441540.0,100431738.0,15:35:15
sz301148,嘉戎技术,50.2,-1.69,-3.257,50.18,50.2,51.89,52.92,52.92,49.65,918900.0,46258484.0,15:35:30
sz301149,隆华新材,7.69,-0.11,-1.41,7.68,7.69,7.8,7.85,7.85,7.61,5776290.0,44461602.0,15:35:45
sz301150,中一科技,38.62,-0.83,-2.104,38.62,38.63,39.45,39.6,39.78,37.3,12082192.0,465734242.0,15:35:00
sz301151,冠龙节能,16.33,0.08,0.492,16.33,16.38,16.25,16.5,16.52,15.99,2174754.0,35214952.0,15:35:15
sz301152,天力锂能,23.32,3.89,20.021,23.32,0.0,19.43,19.47,23.32,19.37,14211784.0,324645243.0,15:35:30
sz301153,中科江南,16.88,-0.07,-0.413,16.85,16.88,16.95,16.96,17.24,16.71,2519400.0,42630547.0,15:35:45
sz301155,海力风电,41.0,-1.03,-2.451,41.0,41.01,42.03,41.95,42.3,40.6,1882000.0,77655484.0,15:35:00
sz301156,美农生物,11.43,-0.31,-2.641,11.43,11.44,11.74,11.67,11.84,11.36,6625285.0,76117276.0,15:35:15
sz301157,华塑科技,59.81,-3.14,-4.988,59.8,59.93,62.95,63.4,63.4,58.82,686256.0,41514369.0,15:35:30
sz301158,德石股份,14.57,-0.78,-5.081,14.57,14.58,15.35,15.07,15.1,14.27,8591710.0,125364673.0,15:35:45
sz301159,三维天地,31.0,-0.86,-2.699,30.99,31.0,31.86,31.99,32.37,30.79,1986241.0,62039546.0,15:35:00
sz301160,翔楼新材,45.25,-0.17,-0.374,45.25,45.26,45.42,45.51,45.7,44.27,3393143.0,152465984.0,15:35:15
sz301161,唯万密封,27.47,-1.02,-3.58,27.47,27.48,28.49,28.4,28.4,26.88,3980789.0,108597850.0,15:35:30
sz301162,国能日新,36.04,-0.23,-0.634,36.02,36.04,36.27,36.18,36.46,35.41,1614980.0,57976853.0,15:35:45
sz301163,宏德股份,23.2,-0.44,-1.861,23.2,23.23,23.64,23.75,23.75,22.9,975500.0,22655833.0,15:35:00
sz301165,锐捷网络,115.9,-11.07,-8.719,115.9,115.91,126.97,124.21,125.86,113.63,22613015.0,2672756238.0,15:35:15
sz301166,优宁维,29.0,-1.64,-5.352,28.99,29.0,30.64,30.64,31.13,28.71,5264890.0,155479033.0,15:35:30
sz301167,建研设计,14.27,-0.1,-0.696,14.27,14.29,14.37,14.32,14.75,14.07,2823035.0,40244237.0,15:35:45
sz301168,通灵股份,41.6,-1.13,-2.645,41.6,41.62,42.73,42.38,42.73,40.88,1191100.0,49452469.0,15:35:00
sz301169,零点有数,50.75,-1.27,-2.441,50.75,50.82,52.02,52.2,52.2,49.61,1099800.0,55624326.0,15:35:15
sz301170,锡南科技,22.9,-0.03,-0.131,22.9,22.92,22.93,22.98,23.18,22.7,653200.0,14945318.0,15:35:30
sz301171,易点天下,34.9,-1.44,-3.963,34.9,34.92,36.34,37.23,37.3,34.37,48845653.0,1731609729.0,15:35:45
sz301172,君逸数码,16.6,-0.94,-5.359,16.58,16.6,17.54,17.5,17.5,16.29,6228933.0,103799776.0,15:35:00
sz301173,毓恬冠佳,31.59,-0.45,-1.404,31.59,31.6,32.04,32.5,32.5,31.35,479200.0,15238097.0,15:35:15
sz301175,中科环保,5.44,0.0,0.0,5.44,5.45,5.44,5.45,5.48,5.38,11278821.0,61272079.0,15:35:30
sz301176,逸豪新材,45.05,-1.8,-3.842,45.05,45.09,46.85,46.4,46.71,43.28,4765149.0,213483204.0,15:35:45
sz301177,迪阿股份,24.59,1.4,6.037,24.57,24.59,23.19,23.25,25.44,22.95,5047869.0,121604707.0,15:35:00
sz301178,天亿马,34.48,-0.37,-1.062,34.47,34.48,34.85,35.0,35.8,33.76,1682569.0,57768568.0,15:35:15
sz301179,泽宇智能,21.22,1.2,5.994,21.21,21.22,20.02,20.55,22.6,20.18,14770653.0,315850940.0,15:35:30
sz301180,万祥科技,11.63,-0.1,-0.853,11.63,11.64,11.73,11.69,11.81,11.44,2417000.0,28044100.0,15:35:45
sz301181,标榜股份,22.73,-0.07,-0.307,22.72,22.73,22.8,22.6,23.02,22.25,1083961.0,24455101.0,15:35:00
sz301182,凯旺科技,66.72,-1.38,-2.026,66.72,66.73,68.1,68.37,68.44,64.22,2295479.0,152058690.0,15:35:15
sz301183,东田微,235.19,-7.22,-2.978,235.19,235.94,242.41,243.37,254.0,231.31,8511726.0,2060476390.0,15:35:30
sz301185,鸥玛软件,16.29,-0.01,-0.061,16.23,16.29,16.3,16.28,16.36,16.03,878600.0,14205458.0,15:35:45
sz301186,超达装备,33.56,-0.86,-2.499,33.56,33.57,34.42,34.42,34.5,32.74,1245980.0,41754829.0,15:35:00
sz301187,欧圣电气,14.51,-0.14,-0.956,14.51,14.52,14.65,14.8,14.9,14.3,1337220.0,19438545.0,15:35:15
sz301188,力诺药包,37.46,-1.54,-3.949,37.45,37.46,39.0,39.0,39.13,36.2,12812179.0,476214070.0,15:35:30
sz301189,奥尼电子,49.51,-3.39,-6.408,49.5,49.52,52.9,53.11,53.65,48.2,6280580.0,312984550.0,15:35:45
sz301190,善水科技,21.15,1.41,7.143,21.15,21.16,19.74,19.8,21.18,19.77,15083754.0,312092716.0,15:35:00
sz301191,菲菱科思,87.61,-5.34,-5.745,87.61,87.62,92.95,92.07,92.48,84.98,4720629.0,413393676.0,15:35:15
sz301192,泰祥股份,19.84,-0.1,-0.502,19.84,19.85,19.94,19.94,20.41,19.53,1257850.0,24905735.0,15:35:30
sz301193,家联科技,17.72,-0.34,-1.883,17.71,17.72,18.06,17.88,18.44,17.62,2582710.0,46213360.0,15:35:45
sz301195,北路智控,26.1,-0.3,-1.136,26.09,26.1,26.4,26.41,26.59,25.88,747500.0,19493016.0,15:35:00
sz301196,唯科科技,88.98,1.61,1.843,88.96,88.98,87.37,87.99,92.99,86.5,9338717.0,836418169.0,15:35:15
sz301197,工大科雅,24.98,-0.4,-1.576,24.97,24.98,25.38,25.38,25.54,24.38,2925439.0,72284026.0,15:35:30
sz301198,喜悦智行,12.36,-0.07,-0.563,12.36,12.39,12.43,12.65,13.2,12.18,3979700.0,50133875.0,15:35:45
sz301199,迈赫股份,17.34,-0.47,-2.639,17.34,17.35,17.81,17.75,17.92,17.2,1144851.0,19947781.0,15:35:00
sz301200,大族数控,267.0,-15.01,-5.323,267.0,267.02,282.01,282.5,284.89,256.05,3540740.0,942121000.0,15:35:15
sz301201,诚达药业,34.43,-1.37,-3.827,34.41,34.43,35.8,35.8,36.2,33.95,9538351.0,330467873.0,15:35:30
sz301202,朗威股份,37.35,-2.42,-6.085,37.29,37.37,39.77,39.0,39.26,36.5,4529015.0,169808213.0,15:35:45
sz301203,国泰环保,34.1,-0.02,-0.059,34.1,34.24,34.12,35.0,35.0,33.51,654306.0,22295179.0,15:35:00
sz301205,联特科技,303.98,1.18,0.39,303.97,303.98,302.8,306.01,310.88,295.29,7976026.0,2413804253.0,15:35:15
sz301206,三元生物,23.58,-0.36,-1.504,23.56,23.58,23.94,23.96,24.09,23.42,1421650.0,33706727.0,15:35:30
sz301207,华兰疫苗,17.08,-0.77,-4.314,17.08,17.09,17.85,17.85,18.3,17.0,13647306.0,239194805.0,15:35:45
sz301208,中亦科技,29.54,-0.31,-1.039,29.54,29.55,29.85,29.85,29.98,29.18,1206400.0,35570076.0,15:35:00
sz301209,联合化学,58.8,-0.96,-1.606,58.78,58.8,59.76,59.72,61.9,58.03,2956390.0,175508137.0,15:35:15
sz301210,金杨精密,23.78,-0.28,-1.164,23.77,23.78,24.06,24.02,24.43,23.32,3208753.0,76386618.0,15:35:30
sz301211,亨迪药业,11.75,-0.72,-5.774,11.75,11.76,12.47,12.58,12.59,11.61,24067128.0,287279170.0,15:35:45
sz301212,联盛化学,23.79,-1.08,-4.343,23.79,23.83,24.87,24.77,25.47,23.63,5621843.0,137123069.0,15:35:00
sz301213,观想科技,42.52,-1.1,-2.522,42.52,42.53,43.62,43.19,43.98,41.8,1132720.0,48227225.0,15:35:15
sz301215,中汽股份,5.35,0.13,2.49,5.35,5.36,5.22,5.31,5.43,5.29,24935125.0,133151080.0,15:35:30
sz301216,万凯新材,19.13,2.62,15.869,19.13,19.14,16.51,17.49,19.5,17.21,51334709.0,951227662.0,15:35:45
sz301217,铜冠铜箔,111.11,-3.69,-3.214,111.11,111.12,114.8,114.22,114.9,106.33,28008866.0,3070790178.0,15:35:00
sz301218,华是科技,45.15,2.88,6.813,45.15,45.16,42.27,44.25,47.35,41.63,15696929.0,712888177.0,15:35:15
sz301219,腾远钴业,46.22,-0.59,-1.26,46.21,46.22,46.81,46.8,47.8,45.7,9031499.0,421507914.0,15:35:30
sz301220,亚香股份,27.47,-0.2,-0.723,27.47,27.49,27.67,27.66,28.03,27.08,983500.0,26991736.0,15:35:45
sz301221,光庭信息,27.23,0.0,0.0,27.23,27.3,27.23,27.6,28.6,26.93,2515482.0,69221704.0,15:35:00
sz301222,浙江恒威,24.13,-0.45,-1.831,24.13,24.15,24.58,25.77,25.77,23.66,1671780.0,40526311.0,15:35:15
sz301223,中荣股份,16.16,-0.38,-2.297,16.15,16.16,16.54,16.54,16.64,16.1,1937900.0,31611366.0,15:35:30
sz301225,恒勃股份,56.28,-2.42,-4.123,56.28,56.3,58.7,58.71,59.8,55.66,3386320.0,192585765.0,15:35:45
sz301226,祥明智能,28.46,-0.19,-0.663,28.46,28.52,28.65,28.84,28.98,27.72,1487380.0,41820698.0,15:35:00
sz301227,森鹰窗业,30.4,0.0,0.0,30.38,30.4,30.4,30.66,31.98,29.7,4223920.0,129806773.0,15:35:15
sz301228,实朴检测,59.78,0.96,1.632,59.76,59.78,58.82,59.87,62.25,57.0,3351500.0,197977770.0,15:35:30
sz301229,纽泰格,12.08,-0.03,-0.248,12.08,12.09,12.11,12.16,12.28,11.91,2342348.0,28249157.0,15:35:45
sz301230,泓博医药,33.84,-1.88,-5.263,33.84,33.85,35.72,36.2,36.4,33.3,15053101.0,515079889.0,15:35:00
sz301231,荣信文化,26.26,-0.83,-3.064,26.26,26.27,27.09,26.85,28.2,25.91,3852207.0,102524486.0,15:35:15
sz301232,飞沃科技,96.2,-7.16,-6.927,96.2,96.25,103.36,102.0,102.0,94.81,7274850.0,706384345.0,15:35:30
sz301233,盛帮股份,32.7,-0.37,-1.119,32.7,32.78,33.07,32.78,33.65,32.47,749140.0,24709507.0,15:35:45
sz301234,五洲医疗,110.0,13.9,14.464,109.99,110.0,96.1,97.0,114.0,97.0,4756936.0,502105256.0,15:35:00
sz301235,华康洁净,42.42,-0.93,-2.145,42.42,42.44,43.35,44.88,44.9,41.05,8715739.0,371513726.0,15:35:15
sz301236,软通动力,36.65,-0.53,-1.425,36.64,36.65,37.18,37.3,37.41,36.5,12655274.0,467403132.0,15:35:30
sz301237,和顺科技,55.31,1.55,2.883,55.31,55.36,53.76,54.73,55.47,51.53,1546162.0,82444306.0,15:35:45
sz301238,瑞泰新材,16.44,0.54,3.396,16.43,16.44,15.9,16.05,17.16,16.05,19824785.0,328435996.0,15:35:00
sz301239,普瑞眼科,35.29,0.29,0.829,35.29,35.3,35.0,34.95,36.41,34.62,3448917.0,122065292.0,15:35:15
sz301246,宏源药业,20.84,-0.27,-1.279,20.84,20.86,21.11,21.44,21.6,20.53,7382300.0,154786412.0,15:35:30
sz301248,杰创智能,59.49,-1.96,-3.19,59.49,59.5,61.45,61.46,61.7,57.0,5397396.0,318289532.0,15:35:45
sz301251,威尔高,47.91,0.16,0.335,47.9,47.91,47.75,48.74,49.5,46.54,8136910.0,389336508.0,15:35:00
sz301252,同星科技,32.96,-1.06,-3.116,32.91,32.96,34.02,34.02,34.09,31.87,2861470.0,94012719.0,15:35:15
sz301255,通力科技,20.31,-0.05,-0.246,20.31,20.36,20.36,20.44,20.45,19.83,930240.0,18754261.0,15:35:30
sz301256,华融化学,10.02,-0.07,-0.694,10.02,10.03,10.09,10.09,10.11,9.88,3598673.0,35892200.0,15:35:45
sz301257,普蕊斯,45.22,-3.3,-6.801,45.22,45.26,48.52,47.86,48.5,44.92,4392205.0,202882654.0,15:35:00
sz301258,富士莱,26.06,-0.43,-1.623,25.95,26.06,26.49,26.77,26.77,25.66,1178700.0,30613446.0,15:35:15
sz301259,艾布鲁,22.34,-0.96,-4.12,22.34,22.35,23.3,23.11,23.29,21.76,7450837.0,165679751.0,15:35:30
sz301260,格力博,13.27,-0.2,-1.485,13.27,13.29,13.47,13.39,13.75,13.13,1994555.0,26648573.0,15:35:45
sz301261,恒工精密,55.02,-0.27,-0.488,55.02,55.04,55.29,55.57,55.99,52.94,2335176.0,125796805.0,15:35:00
sz301262,海看股份,18.04,-0.53,-2.854,18.03,18.05,18.57,18.62,18.62,17.9,3828202.0,69549339.0,15:35:15
sz301263,泰恩康,18.35,-0.68,-3.573,18.34,18.35,19.03,19.03,19.12,18.2,5268963.0,97502857.0,15:35:30
sz301265,华新科技,19.73,0.0,0.0,19.73,19.75,19.73,19.87,20.07,19.3,4429200.0,86815708.0,15:35:45
sz301266,宇邦新材,22.83,-0.62,-2.644,22.83,22.84,23.45,23.38,23.73,22.4,4361890.0,99821610.0,15:35:00
sz301267,华厦眼科,15.82,-0.22,-1.372,15.82,15.83,16.04,16.08,16.19,15.65,5595826.0,88450682.0,15:35:15
sz301268,铭利达,13.17,-0.03,-0.227,13.17,13.19,13.2,13.19,13.42,13.0,2519578.0,33178373.0,15:35:30
sz301269,华大九天,91.25,-3.95,-4.149,91.25,91.26,95.2,95.12,95.19,90.07,5871359.0,539645134.0,15:35:45
sz301270,汉仪股份,31.68,-0.42,-1.308,31.6,31.68,32.1,32.1,32.23,31.22,1922500.0,60646477.0,15:35:00
sz301272,英华特,33.84,-0.51,-1.485,33.84,33.9,34.35,34.35,34.68,33.55,579620.0,19672860.0,15:35:15
sz301273,瑞晨环保,40.08,-0.05,-0.125,40.05,40.08,40.13,40.17,40.25,38.49,1939148.0,76169323.0,15:35:30
sz301275,汉朔科技,42.59,1.15,2.775,42.59,42.6,41.44,41.26,42.71,41.14,6323200.0,265948170.0,15:35:45
sz301276,嘉曼服饰,20.1,-0.11,-0.544,20.1,20.14,20.21,20.31,20.43,19.69,1752500.0,35069850.0,15:35:00
sz301277,新天地,10.23,-0.36,-3.399,10.23,10.25,10.59,10.58,10.69,10.18,5862925.0,60534459.0,15:35:15
sz301278,快可电子,27.39,-0.44,-1.581,27.38,27.39,27.83,27.86,28.06,27.01,1033610.0,28315467.0,15:35:30
sz301279,金道科技,20.92,0.53,2.599,20.92,20.93,20.39,20.42,21.12,20.17,2148361.0,44283307.0,15:35:45
sz301280,珠城科技,44.22,2.04,4.836,44.22,44.24,42.18,42.4,44.47,41.04,3468183.0,148579578.0,15:35:00
sz301281,科源制药,43.97,-0.09,-0.204,43.97,43.98,44.06,44.13,45.0,43.13,2077818.0,91247030.0,15:35:15
sz301282,金禄电子,33.48,-2.29,-6.402,33.48,33.49,35.77,36.06,36.09,32.28,21448951.0,717023763.0,15:35:30
sz301283,聚胶股份,25.34,-0.67,-2.576,25.34,25.36,26.01,25.1,26.48,24.92,2311715.0,58956395.0,15:35:45
sz301285,鸿日达,90.99,3.21,3.657,90.98,90.99,87.78,88.55,92.5,86.38,3234011.0,288021977.0,15:35:00
sz301286,侨源股份,43.26,0.2,0.464,43.24,43.26,43.06,42.63,43.49,41.75,1466149.0,62416301.0,15:35:15
sz301287,康力源,41.14,0.52,1.28,41.14,41.15,40.62,40.66,41.15,39.26,798422.0,32406386.0,15:35:30
sz301288,清研环境,16.77,-0.23,-1.353,16.75,16.78,17.0,17.11,17.16,16.6,1224700.0,20618752.0,15:35:45
sz301289,国缆检测,43.35,0.28,0.65,43.31,43.35,43.07,43.0,44.27,42.58,777200.0,33694160.0,15:35:00
sz301290,东星医疗,28.41,-0.66,-2.27,28.41,28.43,29.07,28.88,29.35,28.02,2327686.0,66081258.0,15:35:15
sz301291,明阳电气,37.15,-0.89,-2.34,37.12,37.15,38.04,37.95,38.59,36.4,5038542.0,187757641.0,15:35:30
sz301292,海科新源,66.36,-0.32,-0.48,66.35,66.36,66.68,66.68,68.89,65.05,8180146.0,546088865.0,15:35:45
sz301293,三博脑科,50.55,-1.42,-2.732,50.55,50.56,51.97,51.64,52.22,50.16,4632484.0,235748135.0,15:35:00
sz301295,美硕科技,37.36,-1.11,-2.885,37.29,37.37,38.47,38.19,38.57,36.61,1767160.0,66019275.0,15:35:15
sz301296,新巨丰,6.28,-0.08,-1.258,6.28,6.29,6.36,6.4,6.43,6.26,2366200.0,14960583.0,15:35:30
sz301297,富乐德,35.9,0.94,2.689,35.89,35.9,34.96,35.21,37.53,34.89,20152087.0,727054937.0,15:35:45
sz301298,东利机械,12.79,-0.13,-1.006,12.79,12.8,12.92,12.97,12.97,12.56,1870400.0,23823810.0,15:35:00
sz301299,卓创资讯,42.68,-0.73,-1.682,42.68,42.71,43.41,43.39,43.74,42.27,894285.0,38351537.0,15:35:15
sz301300,远翔新材,31.83,-0.4,-1.241,31.82,31.83,32.23,32.54,32.54,31.3,669400.0,21261579.0,15:35:30
sz301301,川宁生物,8.62,-0.4,-4.435,8.62,8.63,9.02,8.95,9.0,8.6,16113308.0,140897733.0,15:35:45
sz301302,华如科技,20.64,-1.02,-4.709,20.64,20.65,21.66,21.4,21.45,20.37,4618963.0,95632996.0,15:35:00
sz301303,真兰仪表,14.05,0.04,0.286,14.05,14.06,14.01,13.92,14.12,13.7,3037980.0,42212672.0,15:35:15
sz301305,朗坤科技,24.02,-0.38,-1.557,24.0,24.02,24.4,24.5,24.7,23.66,5119496.0,122910038.0,15:35:30
sz301306,西测测试,86.05,-2.93,-3.293,86.05,86.14,88.98,88.95,88.95,84.51,2984647.0,257074318.0,15:35:45
sz301307,美利信,52.82,0.11,0.209,52.82,52.83,52.71,52.43,53.75,51.65,6258634.0,328956368.0,15:35:00
sz301308,江波龙,364.9,-15.76,-4.14,364.88,364.9,380.66,380.0,380.99,355.87,12652013.0,4608812676.0,15:35:15
sz301309,万得凯,29.4,-0.26,-0.877,29.35,29.4,29.66,29.8,29.91,29.08,731800.0,21510208.0,15:35:30
sz301310,鑫宏业,49.31,-3.31,-6.29,49.29,49.31,52.62,52.08,52.27,48.5,6899831.0,342051086.0,15:35:45
sz301311,昆船智能,13.42,-0.06,-0.445,13.42,13.44,13.48,13.53,13.73,13.33,1351366.0,18264960.0,15:35:00
sz301312,智立方,70.8,0.77,1.1,70.8,70.81,70.03,71.3,74.28,68.3,7326645.0,521838764.0,15:35:15
sz301313,凡拓数创,32.76,-1.32,-3.873,32.76,32.85,34.08,33.93,33.93,32.0,3617586.0,118135062.0,15:35:30
sz301314,科瑞思,42.3,-1.14,-2.624,42.3,42.41,43.44,43.45,43.52,41.68,711173.0,30206398.0,15:35:45
sz301315,威士顿,39.29,-1.3,-3.203,39.29,39.3,40.59,40.22,40.79,38.83,2213050.0,87661729.0,15:35:00
sz301316,慧博云通,37.55,-1.63,-4.16,37.54,37.55,39.18,38.95,38.99,36.8,8977598.0,338230707.0,15:35:15
sz301317,鑫磊股份,42.84,-0.32,-0.741,42.84,42.85,43.16,43.14,43.32,41.52,1746200.0,73883633.0,15:35:30
sz301318,维海德,20.43,-0.22,-1.065,20.43,20.44,20.65,20.52,20.93,20.15,1210834.0,24811963.0,15:35:45
sz301319,唯特偶,102.51,-7.64,-6.936,102.51,102.52,110.15,112.22,112.34,98.66,11620349.0,1198089082.0,15:35:00
sz301320,豪江智能,13.29,0.1,0.758,13.28,13.29,13.19,13.19,13.75,13.04,3183074.0,42325395.0,15:35:15
sz301321,翰博高新,41.04,1.97,5.042,41.03,41.04,39.07,41.0,42.7,38.77,9929131.0,402263995.0,15:35:30
sz301322,绿通科技,40.17,-1.67,-3.991,40.17,40.19,41.84,42.01,42.5,38.01,5821427.0,234312905.0,15:35:45
sz301323,新莱福,69.0,-3.98,-5.454,68.99,69.0,72.98,72.98,73.45,67.52,1655509.0,114909452.0,15:35:00
sz301325,曼恩斯特,30.37,0.23,0.763,30.37,30.38,30.14,30.37,31.72,29.81,3018177.0,92351118.0,15:35:15
sz301326,捷邦科技,106.87,-2.85,-2.598,106.87,106.88,109.72,108.62,110.12,103.03,1636735.0,174276664.0,15:35:30
sz301327,华宝新能,44.74,1.02,2.333,44.74,44.76,43.72,43.62,46.95,43.43,3400126.0,154338473.0,15:35:45
sz301328,维峰电子,57.33,-1.67,-2.831,57.33,57.35,59.0,58.79,58.91,55.18,2735367.0,155222640.0,15:35:00
sz301329,信音电子,18.94,-0.38,-1.967,18.91,18.94,19.32,19.61,19.64,18.63,3222691.0,61160596.0,15:35:15
sz301330,熵基科技,23.55,-0.35,-1.464,23.55,23.56,23.9,23.8,24.01,23.27,1356180.0,31934192.0,15:35:30
sz301331,恩威医药,21.84,-0.29,-1.31,21.84,21.85,22.13,22.06,22.57,21.65,1889956.0,41668894.0,15:35:45
sz301332,德尔玛,7.75,-0.06,-0.768,7.74,7.75,7.81,7.82,7.83,7.67,2043800.0,15804385.0,15:35:00
sz301333,诺思格,55.08,-3.67,-6.247,55.06,55.08,58.75,59.07,59.22,54.54,3051020.0,170574010.0,15:35:15
sz301335,天元宠物,24.48,-0.07,-0.285,24.48,24.49,24.55,24.58,24.99,24.22,2909971.0,71391270.0,15:35:30
sz301336,趣睡科技,40.79,-1.4,-3.318,40.79,40.84,42.19,42.2,42.48,40.44,1004120.0,41174846.0,15:35:45
sz301337,亚华电子,25.73,-0.65,-2.464,25.73,25.74,26.38,26.18,26.59,25.42,996800.0,25675907.0,15:35:00
sz301338,凯格精机,97.5,-4.01,-3.95,97.47,97.5,101.51,102.1,102.36,93.88,5897098.0,575142875.0,15:35:15
sz301339,通行宝,10.87,-0.08,-0.731,10.87,10.9,10.95,10.99,11.08,10.82,2235603.0,24399823.0,15:35:30
sz301345,涛涛车业,242.79,-7.38,-2.95,242.56,242.79,250.17,249.25,249.26,237.0,844909.0,204019026.0,15:35:45
sz301348,蓝箭电子,20.55,-0.3,-1.439,20.55,20.56,20.85,20.84,20.88,20.07,6104952.0,124862462.0,15:35:00
sz301349,信德新材,43.08,-1.31,-2.951,43.08,43.16,44.39,44.2,44.92,42.1,3037776.0,131161087.0,15:35:15
sz301353,普莱得,18.85,-0.18,-0.946,18.82,18.85,19.03,19.03,19.35,18.63,1532809.0,28943439.0,15:35:30
sz301355,南王科技,9.97,-0.12,-1.189,9.97,9.99,10.09,10.09,10.12,9.87,2094900.0,20845644.0,15:35:45
sz301356,天振股份,19.87,-0.11,-0.551,19.87,19.89,19.98,19.83,20.13,19.65,1726400.0,34294157.0,15:35:00
sz301357,北方长龙,86.0,-2.68,-3.022,86.0,86.01,88.68,88.5,91.08,85.0,4926343.0,432427002.0,15:35:15
sz301358,湖南裕能,66.0,-1.28,-1.902,65.99,66.0,67.28,69.66,69.7,65.7,22635957.0,1521770847.0,15:35:30
sz301359,东南电子,16.85,0.09,0.537,16.85,16.86,16.76,16.89,16.93,16.59,1485245.0,24880527.0,15:35:45
sz301360,荣旗科技,55.1,-2.04,-3.57,55.1,55.18,57.14,56.68,57.8,53.37,4865919.0,268480164.0,15:35:00
sz301361,众智科技,26.36,-0.15,-0.566,26.36,26.38,26.51,26.84,26.84,25.94,904400.0,23714589.0,15:35:15
sz301362,民爆光电,115.12,-5.25,-4.362,114.9,115.14,120.37,120.36,120.36,111.11,3499834.0,400503859.0,15:35:30
sz301363,美好医疗,16.15,-0.71,-4.211,16.15,16.16,16.86,16.71,16.86,15.96,10769774.0,175274543.0,15:35:45
sz301365,矩阵股份,38.63,-0.55,-1.404,38.63,38.68,39.18,39.18,39.2,37.37,2381333.0,90685715.0,15:35:00
sz301366,一博科技,54.87,-1.51,-2.678,54.86,54.87,56.38,55.84,56.38,53.42,8544312.0,469031220.0,15:35:15
sz301367,瑞迈特,42.4,-1.22,-2.797,42.4,42.41,43.62,43.36,43.5,42.15,1186542.0,50494289.0,15:35:30
sz301368,丰立智能,38.59,-1.35,-3.38,38.59,38.6,39.94,39.56,39.84,38.03,1422400.0,54895909.0,15:35:45
sz301369,联动科技,131.09,-3.41,-2.535,131.09,131.1,134.5,131.83,136.0,126.2,2069858.0,269475926.0,15:35:00
sz301370,国科恒泰,8.71,-0.11,-1.247,8.7,8.71,8.82,8.82,8.88,8.65,3714400.0,32423432.0,15:35:15
sz301371,敷尔佳,21.09,-1.2,-5.384,21.09,21.1,22.29,22.17,22.27,20.89,7663860.0,163782671.0,15:35:30
sz301372,科净源,29.35,-0.37,-1.245,29.35,29.38,29.72,29.87,29.87,28.72,976800.0,28490751.0,15:35:45
sz301373,凌玮科技,93.02,-5.34,-5.429,93.02,93.07,98.36,98.94,100.0,89.9,4741714.0,443540693.0,15:35:00
sz301376,致欧科技,20.62,0.25,1.227,20.62,20.63,20.37,20.57,20.65,20.19,2118500.0,43245410.0,15:35:15
sz301377,鼎泰高科,393.01,-23.49,-5.64,393.01,393.3,416.5,416.5,422.0,382.66,4150532.0,1643790217.0,15:35:30
sz301378,通达海,24.23,-0.37,-1.504,24.23,24.24,24.6,24.82,24.82,23.81,1534900.0,37038533.0,15:35:45
sz301379,天山电子,21.5,-0.54,-2.45,21.48,21.5,22.04,22.99,23.26,21.0,15254274.0,333699875.0,15:35:00
sz301380,挖金客,29.48,-0.67,-2.222,29.47,29.48,30.15,30.0,30.41,28.6,2695985.0,78640353.0,15:35:15
sz301381,赛维时代,23.54,0.73,3.2,23.53,23.54,22.81,22.8,23.58,22.3,8244818.0,190283238.0,15:35:30
sz301382,蜂助手,39.72,-1.19,-2.909,39.72,39.73,40.91,41.08,41.16,38.4,11274785.0,445738339.0,15:35:45
sz301383,天键股份,22.08,-0.35,-1.56,22.08,22.09,22.43,22.48,22.6,21.78,1275520.0,28118520.0,15:35:00
sz301386,未来电器,20.07,-0.16,-0.791,20.07,20.12,20.23,20.24,20.41,19.9,994100.0,19966785.0,15:35:15
sz301387,光大同创,56.35,-1.67,-2.878,56.35,56.44,58.02,57.86,58.25,55.1,2480802.0,139346307.0,15:35:30
sz301388,欣灵电气,23.71,-0.1,-0.42,23.7,23.71,23.81,23.96,24.08,23.43,962592.0,22797118.0,15:35:45
sz301389,隆扬电子,51.13,-5.0,-8.908,51.12,51.13,56.13,57.0,57.3,49.42,12710190.0,662358634.0,15:35:00
sz301390,经纬股份,31.04,-0.26,-0.831,30.99,31.04,31.3,31.28,31.28,30.4,685200.0,21112989.0,15:35:15
sz301391,卡莱特,46.1,-1.38,-2.906,46.06,46.1,47.48,47.56,47.56,45.13,968900.0,44682968.0,15:35:30
sz301392,汇成真空,174.21,5.69,3.376,174.21,174.22,168.52,168.45,178.96,164.41,6138777.0,1059994207.0,15:35:45
sz301393,昊帆生物,61.32,-4.11,-6.282,61.32,61.37,65.43,65.41,66.32,60.77,2936035.0,184121788.0,15:35:00
sz301395,仁信新材,12.21,-0.05,-0.408,12.19,12.21,12.26,12.18,12.34,12.03,2662048.0,32359323.0,15:35:15
sz301396,宏景科技,172.86,-13.2,-7.094,172.86,172.87,186.06,186.25,187.0,166.87,17664638.0,3064116086.0,15:35:30
sz301397,溯联股份,25.15,-0.26,-1.023,25.15,25.27,25.41,25.01,25.39,24.26,3651724.0,90782097.0,15:35:45
sz301398,星源卓镁,31.29,-0.12,-0.382,31.29,31.3,31.41,31.3,31.8,30.61,1110900.0,34512404.0,15:35:00
sz301399,英特科技,17.06,-0.28,-1.615,17.03,17.06,17.34,17.49,17.49,16.82,1456490.0,24809539.0,15:35:15
sz301408,华人健康,14.89,-0.6,-3.873,14.89,14.9,15.49,15.4,15.55,14.8,10784685.0,161798823.0,15:35:30
sz301413,安培龙,60.07,-2.02,-3.253,60.07,60.09,62.09,61.79,61.79,59.0,3248664.0,195835514.0,15:35:45
sz301418,协昌科技,37.14,-0.47,-1.25,37.14,37.15,37.61,38.06,38.08,36.33,1217300.0,45015463.0,15:35:00
sz301419,阿莱德,41.1,0.71,1.758,41.1,41.12,40.39,43.86,45.0,41.0,17821381.0,761750023.0,15:35:15
sz301421,波长光电,76.55,-0.25,-0.326,76.55,76.56,76.8,78.0,78.0,74.61,4390093.0,335456066.0,15:35:30
sz301428,世纪恒通,27.56,-0.58,-2.061,27.55,27.56,28.14,28.3,28.3,27.16,1973512.0,54366760.0,15:35:45
sz301429,森泰股份,17.15,-0.14,-0.81,17.13,17.19,17.29,17.29,17.41,16.98,1160800.0,19905324.0,15:35:00
sz301439,泓淋电力,14.75,-0.13,-0.874,14.75,14.76,14.88,14.91,14.91,14.56,3781301.0,55578255.0,15:35:15
sz301446,福事特,35.27,-0.89,-2.461,35.24,35.27,36.16,36.34,36.5,34.1,904000.0,32034559.0,15:35:30
sz301448,开创电气,41.25,-0.27,-0.65,41.24,41.25,41.52,41.99,42.02,40.53,853400.0,35037611.0,15:35:45
sz301449,天溯计量,44.35,3.35,8.171,44.35,44.36,41.0,40.56,46.97,40.4,5094243.0,226592450.0,15:35:00
sz301456,盘古智能,22.82,-0.2,-0.869,22.82,22.83,23.02,23.15,23.18,22.5,695450.0,15821085.0,15:35:15
sz301458,钧崴电子,36.44,-1.46,-3.852,36.43,36.44,37.9,37.53,37.7,35.02,6991280.0,253825518.0,15:35:30
sz301459,丰茂股份,32.13,0.78,2.488,32.12,32.13,31.35,31.34,32.15,30.79,1925931.0,60466784.0,15:35:45
sz301468,博盈特焊,33.69,0.01,0.03,33.68,33.69,33.68,33.22,33.73,32.06,3796150.0,124355719.0,15:35:00
sz301469,恒达新材,28.49,0.07,0.246,28.49,28.5,28.42,28.95,29.0,28.21,1246196.0,35655684.0,15:35:15
sz301479,弘景光电,48.53,0.25,0.518,48.53,48.55,48.28,48.3,50.5,47.39,2224331.0,108537023.0,15:35:30
sz301486,致尚科技,168.0,-5.1,-2.946,168.0,168.06,173.1,174.53,174.99,163.5,4216460.0,710714402.0,15:35:45
sz301487,盟固利,16.74,0.54,3.333,16.74,16.75,16.2,16.25,17.25,16.12,19555962.0,326841856.0,15:35:00
sz301488,豪恩汽电,96.8,-0.52,-0.534,96.8,96.95,97.32,97.58,100.79,95.23,977865.0,95501035.0,15:35:15
sz301489,思泉新材,113.99,8.74,8.304,113.98,113.99,105.25,105.84,121.0,105.0,12234855.0,1413268361.0,15:35:30
sz301491,汉桑科技,38.5,-0.71,-1.811,38.5,38.51,39.21,39.59,39.76,38.22,504500.0,19488158.0,15:35:45
sz301498,乖宝宠物,37.77,-0.64,-1.666,37.77,37.78,38.41,38.43,38.48,37.5,2958265.0,111847986.0,15:35:00
sz301499,维科精密,24.25,-0.39,-1.583,24.25,24.3,24.64,24.7,24.77,23.84,1214500.0,29409549.0,15:35:15
sz301500,飞南资源,23.25,0.1,0.432,23.25,23.26,23.15,23.56,23.98,22.87,14107518.0,330004836.0,15:35:30
sz301501,恒鑫生活,27.71,-0.39,-1.388,27.7,27.71,28.1,28.1,28.2,27.58,1162514.0,32324364.0,15:35:45
sz301502,华阳智能,50.4,-1.31,-2.533,50.4,50.41,51.71,51.72,52.84,49.39,716200.0,36252109.0,15:35:00
sz301503,智迪科技,21.6,-0.47,-2.13,21.6,21.73,22.07,22.03,22.17,21.33,886520.0,19164935.0,15:35:15
sz301505,苏州规划,16.06,-0.41,-2.489,16.04,16.06,16.47,16.47,16.56,15.84,2804620.0,45042619.0,15:35:30
sz301507,民生健康,12.66,-0.22,-1.708,12.65,12.67,12.88,12.93,12.94,12.51,3076150.0,39034449.0,15:35:45
sz301508,中机认检,23.71,0.02,0.084,23.7,23.71,23.69,23.7,23.94,23.5,942569.0,22353615.0,15:35:00
sz301509,金凯生科,29.47,-1.35,-4.38,29.47,29.48,30.82,30.96,31.53,29.38,3749386.0,112548395.0,15:35:15
sz301510,固高科技,25.65,-0.51,-1.95,25.64,25.65,26.16,26.15,26.33,25.28,4937009.0,126807607.0,15:35:30
sz301511,德福科技,81.87,-8.77,-9.676,81.81,81.87,90.64,89.14,89.99,79.31,39476972.0,3264713801.0,15:35:45
sz301512,智信精密,30.87,-0.29,-0.931,30.86,30.87,31.16,31.25,31.36,30.3,1209272.0,37194643.0,15:35:00
sz301513,尚水智能,48.91,0.35,0.721,48.9,48.91,48.56,48.5,51.14,48.26,1612399.0,79982727.0,15:35:15
sz301515,港通医疗,19.08,-0.44,-2.254,19.08,19.2,19.52,19.42,19.71,18.9,1398100.0,26785746.0,15:35:30
sz301516,中远通,24.13,-0.09,-0.372,24.13,24.16,24.22,24.11,24.58,23.13,15036455.0,357297618.0,15:35:45
sz301517,陕西华达,37.66,-0.72,-1.876,37.66,37.7,38.38,38.38,38.68,36.8,2668920.0,99903216.0,15:35:00
sz301518,长华化学,24.81,-0.63,-2.476,24.8,24.81,25.44,25.37,25.87,24.61,2185311.0,54688824.0,15:35:15
sz301519,舜禹股份,12.05,0.0,0.0,12.05,12.06,12.05,12.05,12.18,11.86,2347500.0,28206895.0,15:35:30
sz301520,万邦医药,77.1,5.95,8.363,77.1,77.11,71.15,72.09,77.59,70.06,11642563.0,873505798.0,15:35:45
sz301522,上大股份,22.5,-0.26,-1.142,22.48,22.5,22.76,22.69,22.95,22.33,3255300.0,73517615.0,15:35:00
sz301525,儒竞科技,38.65,-1.09,-2.743,38.62,38.65,39.74,39.74,39.96,38.19,807380.0,31394384.0,15:35:15
sz301526,国际复材,30.09,-2.34,-7.216,30.08,30.09,32.43,32.03,32.2,29.04,166095562.0,5002215590.0,15:35:30
sz301528,多浦乐,55.19,-0.87,-1.552,55.19,55.35,56.06,56.36,57.4,53.89,1191163.0,65575616.0,15:35:45
sz301529,福赛科技,110.18,2.87,2.674,110.17,110.18,107.31,110.4,113.39,106.17,4791676.0,528319274.0,15:35:00
sz301531,春光集团,48.35,-1.5,-3.009,48.34,48.36,49.85,50.06,50.4,47.11,2101271.0,101404267.0,15:35:15
sz301533,威马农机,26.69,-0.25,-0.928,26.62,26.7,26.94,27.01,27.05,26.32,925200.0,24618364.0,15:35:30
sz301535,浙江华远,14.49,-0.21,-1.429,14.48,14.49,14.7,14.78,14.86,14.36,2765132.0,40307209.0,15:35:45
sz301536,星宸科技,114.31,-2.79,-2.383,114.3,114.31,117.1,117.17,117.7,111.2,10619281.0,1210884937.0,15:35:00
sz301538,骏鼎达,37.35,-0.65,-1.711,37.34,37.35,38.0,38.07,38.07,36.59,1498360.0,55701555.0,15:35:15
sz301539,宏鑫科技,14.54,-0.06,-0.411,14.49,14.54,14.6,14.69,14.78,14.38,1117800.0,16250803.0,15:35:30
sz301548,崇德科技,60.7,-1.21,-1.954,60.7,60.75,61.91,62.74,62.74,59.01,1110100.0,67002741.0,15:35:45
sz301550,斯菱智驱,86.88,-1.34,-1.519,86.88,86.9,88.22,88.22,89.99,85.8,8804369.0,769618924.0,15:35:00
sz301551,无线传媒,19.55,-0.48,-2.396,19.54,19.55,20.03,20.01,20.15,19.45,3731400.0,73564535.0,15:35:15
sz301552,科力装备,25.85,1.46,5.986,25.82,25.85,24.39,24.66,25.95,24.4,3312214.0,84528468.0,15:35:30
sz301555,惠柏新材,30.46,-0.54,-1.742,30.46,30.55,31.0,31.0,31.14,30.0,1571600.0,47823434.0,15:35:45
sz301556,托普云农,56.23,-1.77,-3.052,56.23,56.34,58.0,57.56,58.37,55.69,1629495.0,92504872.0,15:35:00
sz301557,常友科技,86.82,0.02,0.023,86.82,86.84,86.8,85.53,87.15,85.07,797140.0,68655776.0,15:35:15
sz301558,三态股份,6.49,-0.08,-1.218,6.49,6.5,6.57,6.53,6.61,6.43,3912000.0,25424972.0,15:35:30
sz301559,中集环科,12.82,-0.23,-1.762,12.82,12.84,13.05,12.91,13.21,12.72,1787154.0,22954288.0,15:35:45
sz301560,众捷汽车,22.3,-0.34,-1.502,22.27,22.3,22.64,22.65,22.98,22.02,1242700.0,27861432.0,15:35:00
sz301563,云汉芯城,120.35,-2.48,-2.019,120.35,120.4,122.83,123.9,124.48,117.61,1385285.0,166295672.0,15:35:15
sz301565,中仑新材,19.93,0.24,1.219,19.92,19.93,19.69,19.75,20.15,19.75,5005065.0,99849167.0,15:35:30
sz301566,达利凯普,24.58,-1.02,-3.984,24.58,24.6,25.6,25.45,25.62,23.77,16716605.0,410366508.0,15:35:45
sz301567,贝隆精密,35.23,-0.57,-1.592,35.05,35.23,35.8,35.79,36.4,34.77,929049.0,32717726.0,15:35:00
sz301568,思泰克,69.96,-2.94,-4.033,69.96,69.98,72.9,72.7,72.91,67.85,3425600.0,240500807.0,15:35:15
sz301571,国科天成,64.91,-0.61,-0.931,64.9,64.91,65.52,65.25,66.28,63.67,2634917.0,171297247.0,15:35:30
sz301575,艾芬达,25.87,0.29,1.134,25.87,25.88,25.58,25.64,26.28,25.49,901867.0,23295754.0,15:35:45
sz301577,美信科技,55.16,-1.45,-2.561,55.15,55.18,56.61,56.63,57.5,53.61,1565568.0,86298549.0,15:35:00
sz301578,辰奕智能,22.54,-0.21,-0.923,22.53,22.54,22.75,22.68,22.88,22.36,812792.0,18317500.0,15:35:15
sz301580,爱迪特,48.96,-2.38,-4.636,48.96,49.0,51.34,51.0,51.5,48.01,4643180.0,227713160.0,15:35:30
sz301581,黄山谷捷,37.19,-0.01,-0.027,37.19,37.29,37.2,37.21,37.6,36.45,498300.0,18435894.0,15:35:45
sz301583,托伦斯,124.7,-5.41,-4.158,124.69,124.7,130.11,128.81,128.81,121.22,5898095.0,732661881.0,15:35:00
sz301584,建发致新,21.32,-0.73,-3.311,21.31,21.32,22.05,21.89,22.18,21.2,2589188.0,55678521.0,15:35:15
sz301585,蓝宇股份,26.7,-0.2,-0.743,26.62,26.7,26.9,27.0,27.1,26.25,554470.0,14752653.0,15:35:30
sz301586,佳力奇,30.76,-0.47,-1.505,30.76,30.78,31.23,31.42,31.52,30.32,568400.0,17500788.0,15:35:45
sz301587,中瑞股份,21.21,0.04,0.189,21.21,21.23,21.17,21.12,21.67,20.87,2541574.0,53840951.0,15:35:00
sz301588,美新科技,26.82,-0.68,-2.473,26.82,26.94,27.5,27.39,27.7,26.31,3815915.0,102087343.0,15:35:15
sz301589,诺瓦星云,139.15,2.25,1.644,139.15,139.16,136.9,142.05,146.35,138.52,1152635.0,164110766.0,15:35:30
sz301590,优优绿能,71.6,-2.88,-3.867,71.57,71.6,74.48,74.27,74.48,70.72,557262.0,40192653.0,15:35:45
sz301591,肯特股份,37.54,-0.24,-0.635,37.53,37.54,37.78,38.45,38.88,36.1,14102306.0,527810155.0,15:35:00
sz301592,六九一二,102.77,-1.43,-1.372,102.74,102.77,104.2,105.18,105.18,101.8,750016.0,77150437.0,15:35:15
sz301595,太力科技,38.54,-0.06,-0.155,38.54,38.55,38.6,38.58,38.76,37.68,618000.0,23534750.0,15:35:30
sz301596,瑞迪智驱,46.5,-1.75,-3.627,46.48,46.5,48.25,48.12,48.12,45.82,1483659.0,69265992.0,15:35:45
sz301598,博科测试,55.46,8.09,17.078,55.45,55.46,47.37,52.24,56.84,52.24,3538630.0,195738071.0,15:35:00
sz301599,理奇智能,35.37,1.29,3.785,35.37,35.38,34.08,33.57,37.56,33.5,8744202.0,310042499.0,15:35:15
sz301600,慧翰股份,83.67,-1.33,-1.565,83.67,83.89,85.0,85.03,85.4,82.81,526742.0,44094969.0,15:35:30
sz301601,惠通科技,16.03,-0.13,-0.804,16.03,16.04,16.16,16.73,17.48,15.9,4513727.0,74197491.0,15:35:45
sz301602,超研股份,16.08,-0.56,-3.365,16.08,16.09,16.64,16.6,16.66,15.94,7105337.0,114942397.0,15:35:00
sz301603,乔锋智能,119.0,-1.01,-0.842,119.0,119.07,120.01,120.01,120.56,114.6,2272599.0,266993230.0,15:35:15
sz301606,绿联科技,48.95,-1.64,-3.242,48.91,48.95,50.59,50.56,50.9,48.18,3008029.0,147133948.0,15:35:30
sz301607,富特科技,42.26,-2.6,-5.796,42.26,42.28,44.86,44.52,44.85,41.16,12559590.0,535292353.0,15:35:45
sz301608,博实结,45.42,-1.33,-2.845,45.4,45.42,46.75,46.76,46.76,44.71,962196.0,43690579.0,15:35:00
sz301609,山大电力,33.0,0.72,2.23,32.99,33.0,32.28,32.43,33.0,32.19,2233897.0,73008614.0,15:35:15
sz301611,珂玛科技,102.9,4.63,4.712,102.89,102.9,98.27,103.61,106.0,97.76,18093472.0,1855571769.0,15:35:30
sz301613,新铝时代,36.49,-0.5,-1.352,36.49,36.5,36.99,37.01,37.69,36.31,912978.0,33421309.0,15:35:45
sz301616,浙江华业,34.5,0.02,0.058,34.47,34.5,34.48,34.49,35.51,34.02,384000.0,13212228.0,15:35:00
sz301617,博苑新材,48.11,-1.39,-2.808,48.1,48.11,49.5,49.54,50.11,47.29,1477976.0,71631560.0,15:35:15
sz301618,长联科技,32.05,-1.15,-3.464,32.05,32.07,33.2,33.13,33.99,31.76,1916096.0,62008293.0,15:35:30
sz301622,英思特,39.62,-0.67,-1.663,39.62,39.65,40.29,40.35,40.97,39.39,1092400.0,43559294.0,15:35:45
sz301626,苏州天脉,251.98,-3.91,-1.528,251.98,251.99,255.89,255.0,259.9,242.58,1627365.0,406254517.0,15:35:00
sz301628,强达电路,88.5,-2.2,-2.426,88.48,88.5,90.7,90.49,90.72,85.0,1646927.0,144477990.0,15:35:15
sz301629,矽电股份,255.79,0.78,0.306,255.78,255.9,255.01,253.94,261.97,249.3,1052900.0,268988780.0,15:35:30
sz301630,同宇新材,161.93,-4.29,-2.581,161.93,162.1,166.22,166.22,166.22,156.08,1085695.0,174242091.0,15:35:45
sz301631,壹连科技,60.12,-6.71,-10.04,60.04,60.12,66.83,65.86,66.02,58.38,5575163.0,339895710.0,15:35:00
sz301632,广东建科,13.33,-0.54,-3.893,13.33,13.34,13.87,13.86,13.9,13.3,4877094.0,65712709.0,15:35:15
sz301633,港迪技术,55.8,0.71,1.289,55.8,55.81,55.09,55.26,59.16,54.25,1415027.0,79505210.0,15:35:30
sz301636,泽润新能,39.98,-0.04,-0.1,39.98,39.99,40.02,40.03,41.09,39.04,1031455.0,41166034.0,15:35:45
sz301638,南网数字,22.1,-0.13,-0.585,22.1,22.11,22.23,22.17,22.58,21.84,7854833.0,174244026.0,15:35:00
sz301655,C绿控,26.99,0.39,1.466,26.99,27.0,26.6,26.76,29.6,26.76,23614658.0,660310483.0,15:35:15
sz301656,联合动力,16.43,-0.15,-0.905,16.43,16.44,16.58,16.57,16.69,16.33,2812696.0,46276080.0,15:35:30
sz301658,首航新能,23.85,0.15,0.633,23.85,23.86,23.7,23.58,25.68,23.58,10119459.0,246353059.0,15:35:45
sz301662,宏工科技,71.48,3.7,5.459,71.48,71.49,67.78,67.8,73.84,67.61,4385637.0,314717720.0,15:35:00
sz301665,泰禾股份,24.23,0.22,0.916,24.21,24.23,24.01,24.0,24.49,23.83,3357048.0,81470234.0,15:35:15
sz301666,大普微,408.66,-14.0,-3.312,408.66,408.7,422.66,419.89,422.65,397.25,1803042.0,733504989.0,15:35:30
sz301667,纳百川,62.44,-0.76,-1.203,62.44,62.45,63.2,63.2,65.35,61.61,2125076.0,134933992.0,15:35:45
sz301668,昊创瑞通,33.98,0.13,0.384,33.97,33.98,33.85,33.88,34.5,33.3,1120543.0,37915469.0,15:35:00
sz301669,高特电子,27.57,-0.4,-1.43,27.57,27.58,27.97,27.93,28.11,26.95,4050580.0,111316821.0,15:35:15
sz301677,欣兴工具,54.08,-0.95,-1.726,54.08,54.09,55.03,54.8,54.85,52.52,3265752.0,174876381.0,15:35:30
sz301678,新恒汇,44.28,-0.19,-0.427,44.28,44.3,44.47,44.17,44.77,43.22,2082387.0,91625793.0,15:35:45
sz301680,固德电材,98.15,4.36,4.649,98.14,98.15,93.79,92.9,99.98,92.9,1666956.0,162511132.0,15:35:00
sz301682,宏明电子,109.68,-13.72,-11.118,109.68,109.69,123.4,114.0,114.33,106.92,3315694.0,364805255.0,15:35:15
sz301683,慧谷新材,100.0,1.22,1.235,100.0,100.18,98.78,99.45,101.0,98.38,766074.0,76516395.0,15:35:30
sz301687,新广益,47.92,-1.41,-2.858,47.92,47.93,49.33,49.4,49.78,46.93,2320595.0,110893047.0,15:35:45
sz301696,三瑞智能,96.05,-3.09,-3.117,96.03,96.05,99.14,99.4,99.44,94.44,1701801.0,163571901.0,15:35:00
sz301707,展芯股份,78.42,-1.6,-2.0,78.42,78.43,80.02,78.5,79.5,75.18,5292540.0,408933249.0,15:35:15
sz301717,超纯应材,389.99,4.85,1.259,389.98,389.99,385.14,377.54,400.55,364.01,4360319.0,1663416794.0,15:35:30
sz302132,中航成飞,56.7,-0.14,-0.246,56.7,56.72,56.84,56.0,57.98,55.05,5923275.0,336666987.0,15:35:45
